D_Q_one_step_height_mae_cm,D_Q_one_step_xyz_mae_cm,D_one_step_ee_mae_cm,D_one_step_latent_normalized_mse,Q_actual_observation_held_probability,Q_actual_observation_x,Q_actual_observation_xyz_mae_cm,Q_actual_observation_y,Q_actual_observation_z,Q_observed_supported_reward,action_dx,action_dy,action_dyaw,action_dz,action_gripper,actual_goal_distance_cm,actual_held,actual_lift_cm,actual_object_x,actual_object_y,actual_object_z,control_component_goal,control_component_penalties,control_component_progress,control_component_time,control_reward,decision_seconds,obstacle_contact,planner_fallback_to_RL_Q,predicted_first_supported_reward,predicted_score,step,table_contact,task_success,time_s,true_component_action,true_component_collision,true_component_drop,true_component_fail,true_component_grasp,true_component_lift,true_component_place,true_component_proximity,true_component_reach,true_component_success,true_component_table_hit,true_component_transport,true_original_reward,valid_candidates
,,,,6.601442873943597e-05,0.17426136136054993,0.23830582201480865,-0.22840386629104614,0.7723796367645264,-0.00013118356466293273,0.9980483055114746,-0.9916949272155762,0.016592979431152344,-0.9874112010002136,1.0,50.71755599975586,False,0.0,0.1709832400083542,-0.23218366503715515,0.7724708914756775,0.0,-0.007387038469314575,0.017231336832046508,-0.01,-0.00015570163726806759,0.11776065081357956,False,True,,-1000000000.0,1,False,False,0.6000000000000004,-0.7387038469314575,-0.0,0.0,0.0,0.0,0.0,0.0,-0.0,0.034810750285019676,0.0,-0.0,0.0,0.010018336673195263,0
,,,,9.896956908050925e-05,0.17186585068702698,0.21235843002796173,-0.22694073617458344,0.7727161049842834,-0.01377604991197586,0.9992251396179199,-0.9940404891967773,-0.0017665624618530273,-0.9912583231925964,1.0,50.71755599975586,False,0.0,0.1709832400083542,-0.23218366503715515,0.7724708914756775,0.0,-0.007422909140586853,0.0031591647863388056,-0.01,-0.014263744354248048,0.12313221814110875,False,True,,-1000000000.0,2,False,False,0.7000000000000005,-0.7422909140586853,-0.0,0.0,0.0,0.0,0.0,0.0,-0.0,0.041544508322879925,0.0,-0.0,0.0,0.01334934502085311,0
,,,,8.155228715622798e-05,0.17406973242759705,0.2132331281900406,-0.2291213572025299,0.7727190852165222,-0.014113190770149232,0.9991233348846436,-0.9930258393287659,0.011371135711669922,-0.9906809329986572,1.0,50.71755599975586,False,0.0,0.1709832400083542,-0.23218366503715515,0.7724708914756775,0.0,-0.007414814233779907,0.0038184338808059694,-0.01,-0.013596380352973938,0.11511757504194975,False,True,,-1000000000.0,3,False,False,0.8000000000000006,-0.7414814233779907,-0.0,0.0,0.0,0.0,0.0,0.0,-0.0,0.04967820746772478,0.0,-0.0,0.0,0.01742428950008248,0
,,,,8.226078352890909e-05,0.17429792881011963,0.26499825716018677,-0.22770433127880096,0.7726268172264099,-0.012772047221660613,0.999103307723999,-0.992432713508606,0.0009119510650634766,-0.9905557036399841,1.0,50.71755599975586,False,0.0,0.1709832400083542,-0.23218366503715515,0.7724708914756775,0.0,-0.007410828471183777,0.00448749154806137,-0.01,-0.012923336923122407,0.11406246479600668,False,True,,-1000000000.0,4,False,False,0.9000000000000007,-0.7410828471183777,-0.0,0.0,0.0,0.0,0.0,0.0,-0.0,0.05924562806608946,0.0,-0.0,0.0,0.022211985561860954,0
,,,,0.00010082440712722018,0.17335115373134613,0.15602907538414001,-0.23041602969169617,0.7730162143707275,-0.012403377592563634,0.9990465641021729,-0.9918280243873596,-0.00041604042053222656,-0.9910303950309753,1.0,50.71755599975586,False,0.0,0.1709832400083542,-0.23218366503715515,0.7724708914756775,0.0,-0.007409895658493042,0.00518413633108139,-0.01,-0.012225759327411653,0.11454228404909372,False,True,,-1000000000.0,5,False,False,1.0000000000000007,-0.7409895658493042,-0.0,0.0,0.0,0.0,0.0,0.0,-0.0,0.07031707547298072,0.0,-0.0,0.0,0.027748642077997317,0
,,,,6.741078686900437e-05,0.1780739277601242,0.41239312291145325,-0.22717542946338654,0.7727437615394592,-0.012055921554565432,0.9987850189208984,-0.9913950562477112,0.004323482513427734,-0.9926014542579651,1.0,50.71755599975586,False,0.0,0.1709832400083542,-0.23218366503715515,0.7724708914756775,0.0,-0.007414279580116272,0.005828326046466825,-0.01,-0.011585953533649447,0.11769148940220475,False,True,,-1000000000.0,6,False,False,1.1000000000000008,-0.7414279580116272,-0.0,0.0,0.0,0.0,0.0,0.0,-0.0,0.08280171554512195,0.0,-0.0,0.0,0.0339865781924447,0
,,,,9.679560025688261e-05,0.17516078054904938,0.24108439683914185,-0.2295389324426651,0.7728811502456665,-0.01091130793094635,0.9988083839416504,-0.9920315742492676,-0.007041633129119873,-0.9952841401100159,1.0,50.71755599975586,False,0.0,0.1709832400083542,-0.23218366503715515,0.7724708914756775,0.0,-0.007430962324142456,0.006316010355949399,-0.01,-0.011114951968193058,0.11652040900662541,False,True,,-1000000000.0,7,False,False,1.2000000000000008,-0.7430962324142456,-0.0,0.0,0.0,0.0,0.0,0.0,-0.0,0.0963978001542295,0.0,-0.0,0.0,0.04076793775297229,0
,,,,7.031398854451254e-05,0.17724613845348358,0.3407294750213623,-0.22857193648815155,0.7728181481361389,-0.010980504155158995,0.998103141784668,-0.9917827248573303,-0.004631996154785156,-0.9949683547019958,1.0,50.71755599975586,False,0.0,0.1709832400083542,-0.23218366503715515,0.7724708914756775,0.0,-0.007424566149711609,0.006838617920875548,-0.01,-0.010585948228836062,0.12203478021547198,False,True,,-1000000000.0,8,False,False,1.300000000000001,-0.7424566149711609,-0.0,0.0,0.0,0.0,0.0,0.0,-0.0,0.11118690189184743,0.0,-0.0,0.0,0.048168884796212105,0
,,,,7.309337524930015e-05,0.17905394732952118,0.43605366349220276,-0.22754326462745667,0.7728413939476013,-0.0102546688914299,0.9979138374328613,-0.9919326901435852,-0.0032423734664916992,-0.9961394667625427,1.0,50.71755599975586,False,0.0,0.1709832400083542,-0.23218366503715515,0.7724708914756775,0.0,-0.007430167198181153,0.007558338046073906,-0.01,-0.009871829152107246,0.12630609096959233,False,True,,-1000000000.0,9,False,False,1.400000000000001,-0.7430167198181152,-0.0,0.0,0.0,0.0,0.0,0.0,-0.0,0.12757940468579843,0.0,-0.0,0.0,0.05635953514471806,0
,,,,5.454670827020891e-05,0.18234552443027496,0.5947843194007874,-0.2259451299905777,0.7727136015892029,-0.00981636822223663,0.9977850914001465,-0.9911384582519531,-0.0023577213287353516,-0.9965283870697021,1.0,50.71755599975586,False,0.0,0.1709832400083542,-0.23218366503715515,0.7724708914756775,0.0,-0.007427511811256409,0.00855269253253936,-0.01,-0.008874819278717049,0.12111905124038458,False,True,,-1000000000.0,10,False,False,1.500000000000001,-0.7427511811256409,-0.0,0.0,0.0,0.0,0.0,0.0,-0.0,0.14614626521190477,0.0,-0.0,0.0,0.06564562079469598,0
,,,,5.325206439010799e-05,0.179350346326828,0.4989117383956909,-0.22565196454524994,0.7724023461341858,-0.006869393289089211,0.9978349208831787,-0.9894728660583496,-0.0008989572525024414,-0.9971927404403687,1.0,50.71755599975586,False,0.0,0.1709832400083542,-0.23218366503715515,0.7724708914756775,0.0,-0.007422812581062317,0.00982596635818482,-0.01,-0.007596846222877497,0.12371112871915102,False,True,,-1000000000.0,11,False,False,1.6000000000000012,-0.7422812581062317,-0.0,0.0,0.0,0.0,0.0,0.0,-0.0,0.16747292582067586,0.0,-0.0,0.0,0.07631365032927562,0
,,,,4.1558912926120684e-05,0.18202535808086395,0.6591469049453735,-0.2235105037689209,0.7725300192832947,-0.00678270667791367,0.9968584775924683,-0.9844964146614075,-0.0035436153411865234,-0.9964771270751953,1.0,50.71755599975586,False,0.0,0.1709832400083542,-0.23218366503715515,0.7724708914756775,0.0,-0.007389848232269287,0.01133050382137299,-0.01,-0.006059344410896298,0.11523887515068054,False,True,,-1000000000.0,12,False,False,1.7000000000000013,-0.7389848232269287,-0.0,0.0,0.0,0.0,0.0,0.0,-0.0,0.19205443626227992,0.0,-0.0,0.0,0.08863736989887067,0
,,,,4.8480545956408605e-05,0.17876213788986206,0.5577733516693115,-0.22333230078220367,0.7725738286972046,-0.0031169065833091796,0.9965789318084717,-0.9767767190933228,-0.008695721626281738,-0.995795726776123,1.0,50.71755599975586,False,0.0,0.1709832400083542,-0.23218366503715515,0.7724708914756775,0.0,-0.007347367405891418,0.013014970421791075,-0.01,-0.004332396984100343,0.11648801015689969,False,True,,-1000000000.0,13,False,False,1.8000000000000014,-0.7347367405891418,-0.0,0.0,0.0,0.0,0.0,0.0,-0.0,0.22028721607343393,0.0,-0.0,0.0,0.10279624063082554,0
,,,,4.485957833821885e-05,0.17954406142234802,0.6616905331611633,-0.22121521830558777,0.7727923393249512,-0.00236517667770386,0.9954204559326172,-0.9543966054916382,-0.00698399543762207,-0.9930826425552368,1.0,50.71755599975586,False,0.0,0.1709832400083542,-0.23218366503715515,0.7724708914756775,0.0,-0.007219992280006408,0.01486127495765685,-0.01,-0.0023587173223495583,0.1167879207059741,False,True,,-1000000000.0,14,False,False,1.9000000000000015,-0.7219992280006409,-0.0,0.0,0.0,0.0,0.0,0.0,-0.0,0.25253516795226494,0.0,-0.0,0.0,0.11904759169612605,0
,,,,5.335052264854312e-05,0.17617273330688477,0.5151843428611755,-0.22204715013504028,0.7726004123687744,0.0009852874279022254,0.9940563440322876,-0.8913920521736145,-0.01468735933303833,-0.9857019782066345,1.0,50.71755599975586,False,0.0,0.1709832400083542,-0.23218366503715515,0.7724708914756775,0.0,-0.006886380314826966,0.016859632134437558,-0.01,-2.674818038940832e-05,0.11195614887401462,False,True,,-1000000000.0,15,False,False,2.0000000000000013,-0.6886380314826965,-0.0,0.0,0.0,0.0,0.0,0.0,-0.0,0.2891459293358506,0.0,-0.0,0.0,0.13768658435309833,0
,,,,4.44910183432512e-05,0.18001067638397217,0.6554156541824341,-0.22177059948444366,0.772692859172821,0.0003325346112251198,0.9863671064376831,-0.7246532440185547,-0.01233595609664917,-0.9484759569168091,1.0,50.71755599975586,False,0.0,0.1709832400083542,-0.23218366503715515,0.7724708914756775,0.0,-0.005994502902030945,0.018916928470134736,-0.01,0.0029224255681037908,0.11509775370359421,False,True,,-1000000000.0,16,False,False,2.0999999999999903,-0.5994502902030945,-0.0,0.0,0.0,0.0,0.0,0.0,-0.0,0.33028257422414276,0.0,-0.0,0.0,0.15914678421004044,0
0.02472400665283203,0.6682241559028625,0.526083767414093,0.09994691610336304,5.398961002356373e-05,0.1772388368844986,0.48446008563041687,-0.22402675449848175,0.7725921869277954,0.002075821757316576,0.736433744430542,-0.06763866543769836,0.4131411910057068,0.16294147074222565,1.0,50.71755599975586,False,0.0,0.1709832400083542,-0.23218366503715515,0.7724708914756775,0.0,-0.0018603631854057312,0.012926750183105462,-0.01,0.0010663869976997309,0.11362267378717661,False,False,0.0031452050898224115,0.04062512013230201,17,False,False,2.1999999999999793,-0.18603631854057312,-0.0,0.0,0.0,0.0,0.0,0.0,-0.0,0.3597333522661196,0.0,-0.0,0.0,0.17800631294765407,2
0.020557641983032227,0.5083253383636475,0.43047094345092773,0.11553286015987396,6.053583638276905e-05,0.17667098343372345,0.5736082792282104,-0.22109273076057434,0.7729004621505737,-0.005673272013664247,0.9959720373153687,-0.06754253804683685,0.42657470703125,-0.24527446925640106,-1.0,50.71755599975586,False,0.0,0.1709832400083542,-0.23218366503715515,0.7724708914756775,0.0,-0.0030966195464134216,0.005569235384464272,-0.01,-0.00752738416194915,0.11299171997234225,False,False,-0.007992781698703766,0.0371131309814942,18,False,False,2.2999999999999683,-0.30966195464134216,-0.0,0.0,0.0,0.0,0.0,0.0,-0.0,0.37461797549201414,0.0,-0.0,0.0,0.18421236819959366,14
0.04127025604248047,0.6469810605049133,0.47691217064857483,0.12542235851287842,4.960973092238419e-05,0.17677892744541168,0.6160179376602173,-0.21980911493301392,0.7727811932563782,0.0008943766355514384,0.9724822044372559,-0.03699528053402901,0.35014888644218445,-0.5655550360679626,1.0,50.71755599975586,False,0.0,0.1709832400083542,-0.23218366503715515,0.7724708914756775,0.0,-0.003473867475986481,0.013545915782451623,-0.01,7.204830646514136e-05,0.1126036667264998,False,False,0.00214931252412498,0.08264117629496531,19,False,False,2.3999999999999573,-0.34738674759864807,-0.0,0.0,0.0,0.0,0.0,0.0,-0.0,0.4057674859709436,0.0,-0.0,0.0,0.1994098755094853,64
0.03696084022521973,0.6707489490509033,0.4892200231552124,0.06916205585002899,4.963494939147495e-05,0.17573648691177368,0.7226794958114624,-0.21571721136569977,0.7729315757751465,0.006468339785933494,0.3310825228691101,0.3786795735359192,-0.1593819260597229,-0.46600744128227234,1.0,50.71755599975586,False,0.0,0.1709832400083542,-0.23218366503715515,0.7724708914756775,0.0,-0.001238948479294777,0.014783213734626766,-0.01,0.0035442652553319878,0.11507582478225231,False,False,0.009610400535166264,0.08249544644734663,20,False,False,2.4999999999999463,-0.12389484792947769,-0.0,0.0,0.0,0.0,0.0,0.0,-0.0,0.43973127542577983,0.0,-0.0,0.0,0.21862668923359513,64
0.05358457565307617,0.7708544135093689,0.8394424915313721,0.09113514423370361,6.36550466879271e-05,0.1739279180765152,0.686644971370697,-0.21530450880527496,0.7732464075088501,-4.788875579833131e-05,0.8559249043464661,-0.37387341260910034,-0.48427608609199524,-0.4212592542171478,1.0,50.71755599975586,False,0.0,0.1709832400083542,-0.23218366503715515,0.7724708914756775,0.0,-0.0032109284400939943,0.010448007583618163,-0.01,-0.0027629208564758315,0.11456242436543107,False,False,-0.020452383905649185,0.039137586469400285,21,False,False,2.5999999999999353,-0.3210928440093994,-0.0,0.0,0.0,0.0,0.0,0.0,-0.0,0.4652802246422709,0.0,-0.0,0.0,0.22942918388104147,64
0.07543563842773438,0.7082293033599854,0.30228644609451294,0.07497511804103851,6.855368701508269e-05,0.17452816665172577,0.6158197522163391,-0.2174093872308731,0.7726262807846069,-0.00424755036830903,0.0900416225194931,-0.2879120111465454,0.34744784235954285,0.12036506831645966,-1.0,50.71755599975586,False,0.0,0.1709832400083542,-0.23218366503715515,0.7724708914756775,0.0,-0.0005655214190483093,0.00838758438825607,-0.01,-0.00217793703079224,0.1126845870167017,False,False,0.0011709141544997692,0.06512191298260825,22,False,False,2.6999999999999242,-0.05655214190483093,-0.0,0.0,0.0,0.0,0.0,0.0,-0.0,0.4869245575171218,0.0,-0.0,0.0,0.2428967573395126,8
0.022172927856445312,0.661979615688324,0.24018287658691406,0.12413561344146729,9.541254985379055e-05,0.17180047929286957,0.6099303960800171,-0.2156095802783966,0.7733774781227112,-0.0096543364226818,0.8861358165740967,0.390908807516098,-0.6095808148384094,-0.42601296305656433,-1.0,50.71755599975586,False,0.0,0.1709832400083542,-0.23218366503715515,0.7724708914756775,0.0,-0.003727805614471436,0.001512816846370696,-0.01,-0.01221498876810074,0.11256970604881644,False,False,-0.014717820100486279,0.05996019717579437,23,False,False,2.7999999999999132,-0.37278056144714355,-0.0,0.0,0.0,0.0,0.0,0.0,-0.0,0.4948990975102847,0.0,-0.0,0.0,0.2437217431406709,51
0.09455680847167969,0.6758803725242615,0.6470277905464172,0.1162836104631424,5.4417545470641926e-05,0.17745304107666016,0.8466874361038208,-0.21376651525497437,0.7729845643043518,-0.005115799605846421,0.5354361534118652,-0.6159104704856873,-0.3157011866569519,-0.2932233214378357,1.0,50.71755599975586,False,0.0,0.1709832400083542,-0.23218366503715515,0.7724708914756775,0.0,-0.0021292118728160857,0.006891157478094101,-0.01,-0.005238054394721985,0.11168520897626877,False,False,-0.019329894334077835,0.04554095552365087,24,False,False,2.899999999999902,-0.21292118728160858,-0.0,0.0,0.0,0.0,0.0,0.0,-0.0,0.5138197279527399,0.0,-0.0,0.0,0.2547806521035539,64
0.04634857177734375,0.8528689742088318,0.6421560645103455,0.14024516940116882,5.021713150199503e-05,0.1768805831670761,0.704347550868988,-0.2172176092863083,0.7727379202842712,-0.002845197021961241,-0.1464010626077652,-0.9156101942062378,-0.23308508098125458,-0.7798048853874207,1.0,50.71755599975586,False,0.0,0.1709832400083542,-0.23218366503715515,0.7724708914756775,0.0,-0.0038054990768432617,0.0138672602176666,-0.01,6.176114082333782e-05,0.11472028493881226,False,False,-0.01842615194618702,0.050757941147885496,25,False,False,2.999999999999891,-0.38054990768432617,-0.0,0.0,0.0,0.0,0.0,0.0,-0.0,0.5470243225139004,0.0,-0.0,0.0,0.26970666218010697,50
0.03797411918640137,0.7000982761383057,0.6831804513931274,0.09562626481056213,4.56161105830688e-05,0.17648135125637054,0.7058123350143433,-0.21728476881980896,0.7732482552528381,0.007472538352012651,1.0,-0.5786440372467041,0.2092875987291336,-1.0,1.0,50.71755599975586,False,0.0,0.1709832400083542,-0.23218366503715515,0.7724708914756775,0.0,-0.005946575403213501,0.025073978304862965,-0.01,0.009127402901649465,0.10895801801234484,False,False,-0.007928750477731228,0.03690094433973387,26,False,False,3.09999999999988,-0.5946575403213501,-0.0,0.0,0.0,0.0,0.0,0.0,-0.0,0.6032045326757132,0.0,-0.0,0.0,0.29565569093464306,60
,,,,5.0690912758000195e-05,0.17988646030426025,0.8564189076423645,-0.21554958820343018,0.7726261615753174,0.014863627552986163,0.30656278133392334,-0.06672835350036621,0.278048038482666,-0.9305986166000366,1.0,50.71755599975586,False,0.0,0.1709832400083542,-0.23218366503715515,0.7724708914756775,0.0,-0.002604394853115082,0.029592188596725466,-0.01,0.016987793743610383,0.10948856873437762,False,True,,-1000000000.0,27,False,False,3.199999999999869,-0.2604394853115082,-0.0,0.0,0.0,0.0,0.0,0.0,-0.0,0.6690796056717815,0.0,-0.0,0.0,0.33193540798277565,0
0.017052888870239258,0.858698308467865,0.42047300934791565,0.10511887073516846,3.67088578059338e-05,0.18185001611709595,0.9081329107284546,-0.21589335799217224,0.772383987903595,0.009641875475645061,0.43782660365104675,0.4228229820728302,0.45988935232162476,-0.5473670959472656,1.0,50.71755599975586,False,0.0,0.1709832400083542,-0.23218366503715515,0.7724708914756775,0.0,-0.002203950881958008,0.019240541607141504,-0.01,0.007036590725183494,0.11009829491376877,False,False,0.025453457608819008,0.019928814581372516,28,False,False,3.299999999999858,-0.22039508819580078,-0.0,0.0,0.0,0.0,0.0,0.0,-0.0,0.7147076764439937,0.0,-0.0,0.0,0.35514988734003883,47
0.0013113021850585938,0.8783628344535828,0.48367777466773987,0.07547757029533386,4.3690182792488486e-05,0.17724359035491943,0.5887880921363831,-0.22115212678909302,0.7728426456451416,-0.012042135298252103,0.5731298923492432,-0.3836490213871002,1.0,0.40885084867477417,1.0,50.71755599975586,False,0.0,0.1709832400083542,-0.23218366503715515,0.7724708914756775,0.0,-0.0041070586442947385,-0.0017112123966216974,-0.01,-0.015818271040916435,0.11004089517518878,False,False,-0.015458527021110058,0.00735388398319693,29,False,False,3.399999999999847,-0.4107058644294739,-0.0,0.0,0.0,0.0,0.0,0.0,-0.0,0.7184700425151302,0.0,-0.0,0.0,0.3551279626132704,64
0.044345855712890625,0.5804568529129028,0.6522268056869507,0.09779214859008789,3.964350253227167e-05,0.173163503408432,0.2531493902206421,-0.2270650863647461,0.7727665305137634,-0.03177669152617455,0.07596272230148315,0.24650488793849945,0.36365169286727905,0.2733342945575714,1.0,50.71755599975586,False,0.0,0.1709832400083542,-0.23218366503715515,0.7724708914756775,0.0,-0.0006837229430675507,-0.01705150306224823,-0.01,-0.027735226005315784,0.10970838414505124,False,False,0.0012251799926161766,-0.038786629884572224,30,False,False,3.499999999999836,-0.06837229430675507,-0.0,0.0,0.0,0.0,0.0,0.0,-0.0,0.6912799266314243,0.0,-0.0,0.0,0.3449562403726446,64
0.04175901412963867,0.19627709686756134,0.29336559772491455,0.09944801032543182,4.130903471377678e-05,0.172471284866333,0.4350041449069977,-0.22097432613372803,0.7728236317634583,-0.021240061074495338,0.38856184482574463,-0.13385431468486786,0.6858983039855957,-0.38635876774787903,1.0,50.71755599975586,False,0.0,0.1709832400083542,-0.23218366503715515,0.7724708914756775,0.0,-0.0019715671241283417,-0.009277788847684876,-0.01,-0.021249355971813218,0.11025405814871192,False,False,-0.024951333180069923,-0.0044610943774682135,31,False,False,3.599999999999825,-0.19715671241283417,-0.0,0.0,0.0,0.0,0.0,0.0,-0.0,0.6795192964683425,0.0,-0.0,0.0,0.33778808111004294,64
0.052928924560546875,0.4211420714855194,0.29103606939315796,0.07025390863418579,4.217370951664634e-05,0.17098292708396912,0.3324841260910034,-0.22292405366897583,0.7731854915618896,-0.010427800063043835,-0.22930613160133362,0.23987330496311188,-0.037675533443689346,0.053361207246780396,1.0,50.71755599975586,False,0.0,0.1709832400083542,-0.23218366503715515,0.7724708914756775,0.0,-0.0002859684266149998,0.0004194627702235887,-0.01,-0.009866505656391411,0.10872460203245282,False,False,0.004830657970160246,-0.03204465738465373,32,False,False,3.699999999999814,-0.028596842661499977,-0.0,0.0,0.0,0.0,0.0,0.0,-0.0,0.6872307509239594,0.0,-0.0,0.0,0.3433294070353647,61
0.07045865058898926,0.38147568702697754,0.16799768805503845,0.11296156048774719,8.106807217700407e-05,0.16510888934135437,0.3864104747772217,-0.22740119695663452,0.7715353965759277,-0.015526917874813091,-0.8489203453063965,-0.07788483798503876,0.2828144431114197,-0.7688586711883545,-1.0,50.71755599975586,False,0.0,0.1709832400083542,-0.23218366503715515,0.7724708914756775,0.0,-0.003494648337364197,0.0073972797393798695,-0.01,-0.0060973685979843276,0.10967726074159145,False,False,-0.012847838923335075,-0.03526659891428011,33,False,False,3.799999999999803,-0.3494648337364197,-0.0,0.0,0.0,0.0,0.0,0.0,-0.0,0.7091164778572838,0.0,-0.0,0.0,0.35106359059127773,48
0.05981922149658203,0.3397350311279297,0.8278995752334595,0.10272161662578583,3.482146712485701e-05,0.1716347187757492,0.07552553713321686,-0.2308952957391739,0.7727968096733093,0.0150016453117132,-0.08617346733808517,-0.918212354183197,-0.5180115699768066,-0.16070155799388885,1.0,50.71755599975586,False,0.0,0.1709832400083542,-0.23218366503715515,0.7724708914756775,0.0,-0.0028617519140243532,0.019898807331919677,-0.01,0.007037055417895325,0.1106771333143115,False,False,-0.03310351446270943,-0.17104127343359674,34,False,False,3.899999999999792,-0.2861751914024353,-0.0,0.0,0.0,0.0,0.0,0.0,-0.0,0.7564788269437484,0.0,-0.0,0.0,0.3753776615578498,53
0.04341602325439453,0.06255358457565308,0.37803101539611816,0.09906760603189468,7.855967851355672e-05,0.16702423989772797,0.29074448347091675,-0.22873228788375854,0.7737828493118286,-0.006121209189295767,0.26414576172828674,-0.0029579971451312304,-0.230957493185997,-0.6880312561988831,-1.0,50.71755599975586,False,0.0,0.1709832400083542,-0.23218366503715515,0.7724708914756775,0.0,-0.0014912752807140352,0.008565974235534679,-0.01,-0.0029253010451793567,0.11455228505656123,False,False,-0.012460282072424889,-0.0637769542372206,35,False,False,3.999999999999781,-0.1491275280714035,-0.0,0.0,0.0,0.0,0.0,0.0,-0.0,0.7814250828841902,0.0,-0.0,0.0,0.3892212661613811,63
0.15434026718139648,0.31104040145874023,0.09996592998504639,0.07508783787488937,4.860177796217613e-05,0.17368754744529724,0.4542226493358612,-0.22237472236156464,0.7734156847000122,0.00751132085919381,-0.15034228563308716,0.27806684374809265,-0.6086496114730835,-1.0,1.0,50.71806335449219,False,-0.004798173904418945,0.170881986618042,-0.23220306634902954,0.7724229097366333,0.0,-0.0036759456992149354,0.01741057232022286,-0.01,0.003734626621007925,0.10966830514371395,False,False,0.004535045009106398,0.3288627712071376,36,False,False,4.0999999999997705,-0.36759456992149353,-0.0,0.0,0.0,0.0,0.0,0.0,-0.0,0.8244909132750843,0.0,-0.0,0.0,0.4085695109383272,56
0.2750813961029053,0.419932097196579,0.23661305010318756,0.08726273477077484,5.332788350642659e-05,0.17344345152378082,0.5661750435829163,-0.22214004397392273,0.7736104130744934,-0.016928622201085097,0.11379845440387726,0.4941999316215515,0.1442898064851761,-0.7233051061630249,1.0,50.73394012451172,False,-0.1455366611480713,0.16947324573993683,-0.2325602024793625,0.7710155248641968,0.0,-0.0020029337704181673,-0.010752122625708571,-0.01,-0.022755056396126738,0.11331112496554852,False,False,-0.012738391757011414,-0.08003428040367509,37,False,False,4.1999999999997595,-0.2002933770418167,-0.0,0.0,0.0,0.0,0.0,0.0,-0.0,0.8110976425125808,0.0,-0.0,0.0,0.4035458874858722,46
,,,,4.684902523877099e-05,0.17309607565402985,0.3416692018508911,-0.22931425273418427,0.7736898064613342,-0.020358683764934542,-0.28093719482421875,0.22063660621643066,-0.09829747676849365,-0.8651016354560852,1.0,50.70280456542969,False,-0.24107694625854492,0.16941529512405396,-0.23225386440753937,0.770060122013092,0.0,-0.002214173674583435,-0.012349117621779426,-0.01,-0.02456329129636286,0.11097520077601075,False,True,,-1000000000.0,38,False,False,4.2999999999997485,-0.2214173674583435,-0.0,0.0,0.0,0.0,0.0,0.0,-0.0,0.7943429410771463,0.0,-0.0,0.0,0.3949572968639897,0
0.3784060478210449,0.32550346851348877,0.13016611337661743,0.08400458097457886,5.180143125471659e-05,0.174346461892128,0.45830458402633667,-0.22637039422988892,0.7733603119850159,-0.016993926465511348,-0.5481574535369873,0.3407242000102997,0.38166263699531555,-1.0,1.0,50.66307067871094,False,-0.23780465126037598,0.16935543715953827,-0.23186103999614716,0.7700928449630737,0.0,-0.0039055898785591127,-0.003968660905957211,-0.01,-0.01787425078451632,0.11160717811435461,False,False,-0.012558257207274437,-0.0938680836503124,39,False,False,4.3999999999997375,-0.39055898785591125,-0.0,0.0,0.0,0.0,0.0,0.0,-0.0,0.7943490922674171,0.0,-0.0,0.0,0.39326895625514946,46
0.3928840160369873,0.494363397359848,0.8162006735801697,0.0774436742067337,0.00010946880502160639,0.16945238411426544,0.17834356427192688,-0.23258380591869354,0.7738625407218933,-0.030907440111041094,1.0,0.14091525971889496,0.2455044984817505,-0.5723865032196045,-1.0,50.70372772216797,False,-0.26667118072509766,0.17030052840709686,-0.23214000463485718,0.7698041796684265,0.0,-0.0035193899273872377,-0.008768864199519166,-0.01,-0.022288254126906402,0.11086048884317279,False,False,-0.05070780590176582,-0.08958292725080694,40,False,False,4.499999999999726,-0.35193899273872375,-0.0,0.0,0.0,0.0,0.0,0.0,-0.0,0.7846578365112069,0.0,-0.0,0.0,0.3888095283282162,17
,,,,9.10258968360722e-05,0.16802911460399628,0.3269900679588318,-0.22874438762664795,0.7739643454551697,-0.027510297521948827,-0.08055287599563599,-0.009804725646972656,-0.47982895374298096,0.5626915693283081,0.9979623556137085,50.6901969909668,False,-0.20998716354370117,0.17109894752502441,-0.23189093172550201,0.7703710198402405,0.0,-0.001383606344461441,-0.011188022643327744,-0.01,-0.022571628987789187,0.11413602530956268,False,True,,-1000000000.0,41,False,False,4.599999999999715,-0.1383606344461441,-0.0,0.0,0.0,0.0,0.0,0.0,-0.0,0.7699817221934716,0.0,-0.0,0.0,0.38360725475227436,0
0.19756555557250977,0.35808634757995605,0.23167084157466888,0.09376861155033112,0.00018607861420605332,0.16630619764328003,0.4037837088108063,-0.23611125349998474,0.7734373211860657,-0.017501312047243145,0.04766160622239113,0.01563161239027977,-0.13402357697486877,0.5490643382072449,-1.0,50.55089569091797,False,-0.06349682807922363,0.17117956280708313,-0.23047250509262085,0.7718359231948853,0.0,-0.0008048748224973679,0.0013999979197978907,-0.01,-0.009404876902699477,0.11288994085043669,False,False,-0.009060213342308998,0.5299125657506427,42,False,False,4.699999999999704,-0.08048748224973679,-0.0,0.0,0.0,0.0,0.0,0.0,-0.0,0.7805875032229288,0.0,-0.0,0.0,0.38948887678896704,34
,,,,0.00038026156835258007,0.17073647677898407,0.22645841538906097,-0.22897228598594666,0.7737545371055603,-0.004310580417513839,0.12234091758728027,-0.19210439920425415,0.13143599033355713,0.30921876430511475,-1.0,50.08673095703125,False,0.007361173629760742,0.1728839874267578,-0.22553607821464539,0.7725445032119751,0.0,-0.00041190765798091887,0.0007597076147794479,-0.01,-0.009652200043201472,0.11161136534065008,False,True,,-1000000000.0,43,False,False,4.799999999999693,-0.04119076579809189,-0.0,0.0,0.0,0.0,0.0,0.0,-0.0,0.790006935819239,0.0,-0.0,0.0,0.39459156025163855,0
0.026798248291015625,0.060432154685258865,0.342718243598938,0.09620675444602966,0.0009997030720114708,0.16623836755752563,0.4254157245159149,-0.23095931112766266,0.7721178531646729,-0.022253519818186747,-1.0,0.15419059991836548,0.24089856445789337,-0.5091973543167114,-1.0,50.01698684692383,False,0.05035996437072754,0.172126904129982,-0.22494201362133026,0.7729744911193848,0.0,-0.003352722227573395,0.0017814181745052227,-0.01,-0.011571304053068172,0.10918072517961264,False,False,-0.019666310399770737,-0.10891555562882665,44,False,False,4.899999999999682,-0.3352722227573395,-0.0,0.0,0.0,0.0,0.0,0.0,-0.0,0.8015856230725036,0.0,-0.0,0.0,0.3974400893086784,11
0.007367134094238281,0.438573956489563,0.6671523451805115,0.12847906351089478,0.002949485555291176,0.17025741934776306,0.3749345541000366,-0.23240289092063904,0.7734811305999756,0.001218753010034537,-0.4906179904937744,0.3636579215526581,-0.7401498556137085,-0.9391939043998718,-1.0,50.011474609375,False,-0.09392499923706055,0.17205047607421875,-0.22489739954471588,0.7715316414833069,0.0,-0.004507150053977967,0.004506997168064131,-0.01,-0.010000152885913837,0.10618331376463175,False,False,-0.039065323770046234,-0.22947046645688113,45,False,False,4.999999999999671,-0.45071500539779663,-0.0,0.0,0.0,0.0,0.0,0.0,-0.0,0.8187876068806046,0.0,-0.0,0.0,0.40488665338632435,51
0.31582117080688477,0.31081485748291016,0.33635544776916504,0.16052554547786713,0.000188357662409544,0.17398464679718018,0.28341561555862427,-0.22678397595882416,0.7743456363677979,-0.017395413294434565,0.429764986038208,0.7244513630867004,-0.41030022501945496,-0.8031907677650452,1.0,50.008731842041016,False,-0.2179563045501709,0.1713491529226303,-0.22497130930423737,0.7702913284301758,0.0,-0.0038074734807014466,-0.016625513061881092,-0.01,-0.030432986542582537,0.1052481010556221,False,False,-0.020830096676945686,-0.1367241747309888,46,False,False,5.09999999999966,-0.38074734807014465,-0.0,0.0,0.0,0.0,0.0,0.0,-0.0,0.7934714536363031,0.0,-0.0,0.0,0.39292825333745013,64
,,,,0.0007206804002635181,0.1729653924703598,0.35249489545822144,-0.2285526841878891,0.7746078968048096,-0.03459453605115412,-0.46833938360214233,0.22351551055908203,-0.33744096755981445,-0.9916141033172607,1.0,49.90714645385742,False,-0.23349523544311523,0.17149072885513306,-0.223924458026886,0.7701359391212463,0.0,-0.003416164815425873,-0.01809940695762635,-0.01,-0.031515571773052226,0.10678427293896675,False,True,,-1000000000.0,47,False,False,5.199999999999649,-0.3416164815425873,-0.0,0.0,0.0,0.0,0.0,0.0,-0.0,0.7649216894642006,0.0,-0.0,0.0,0.3790446799166744,0
0.4456162452697754,0.47773420810699463,0.18416643142700195,0.11521539837121964,0.000655252777505666,0.16786231100559235,0.5317479372024536,-0.2309289425611496,0.775144636631012,-0.023373969197273255,-0.3089577853679657,-0.3773099482059479,-0.6309929490089417,-0.4815366566181183,1.0,49.8798713684082,False,-0.2402961254119873,0.17146214842796326,-0.22365304827690125,0.7700679302215576,0.0,-0.002169618457555771,-0.0023354528844356515,-0.01,-0.014505071341991423,0.10828837286680937,False,False,-0.019046735018491745,0.29721112392609894,48,False,False,5.299999999999638,-0.2169618457555771,-0.0,0.0,0.0,0.0,0.0,0.0,-0.0,0.7679301453743751,0.0,-0.0,0.0,0.3817954542296318,45
0.5228400230407715,0.4658326506614685,0.18608024716377258,0.15877142548561096,0.002805328229442239,0.16700536012649536,0.7207428812980652,-0.23093703389167786,0.7792238593101501,-0.013773511126637486,0.641907274723053,0.17142441868782043,0.6237210035324097,0.1665545105934143,-1.0,49.87582778930664,False,-0.24993419647216797,0.17197583615779877,-0.22353753447532654,0.7699715495109558,0.0,-0.0021454989910125732,-0.004232957661151893,-0.01,-0.016378456652164468,0.10700403712689877,False,False,-0.016075532883405685,-0.1101735483231973,49,False,False,5.399999999999627,-0.21454989910125732,-0.0,0.0,0.0,0.0,0.0,0.0,-0.0,0.7671357196674518,0.0,-0.0,0.0,0.3814223608427133,2
,,,,0.00910213403403759,0.1709640771150589,0.6618415713310242,-0.23496252298355103,0.776728093624115,-0.017009473592042954,-0.0860549807548523,-0.11390262842178345,-0.43060410022735596,0.5672235488891602,-0.999995231628418,49.8153190612793,False,-0.20052790641784668,0.17245075106620789,-0.22285643219947815,0.770465612411499,0.0,-0.0013188543915748597,-0.0065750560909509925,-0.01,-0.01789391048252585,0.10948695335537195,False,True,,-1000000000.0,50,False,False,5.499999999999616,-0.13188543915748596,-0.0,0.0,0.0,0.0,0.0,0.0,-0.0,0.7616014596157126,0.0,-0.0,0.0,0.3794818754162814,0
,,,,0.4618315100669861,0.17514272034168243,0.6515458226203918,-0.22575365006923676,0.784593939781189,0.010569339171051998,0.11913573741912842,-0.16075313091278076,0.20530033111572266,0.4890514612197876,-1.0,49.684532165527344,False,-0.044536590576171875,0.17237238585948944,-0.2215460240840912,0.7720255255699158,0.0,-0.0008033861219882965,0.0016735890507698081,-0.01,-0.009129797071218488,0.1126380069181323,False,True,,-1000000000.0,51,False,False,5.599999999999605,-0.08033861219882965,-0.0,0.0,0.0,0.0,0.0,0.0,-0.0,0.772675315281029,0.0,-0.0,0.0,0.3855342715185262,0
1.114213466644287,0.6502295136451721,0.12012819200754166,0.11062519997358322,0.037615325301885605,0.1727399080991745,0.5794754028320312,-0.23184841871261597,0.777488112449646,-0.04055974125862122,0.7429258227348328,0.4325774908065796,-0.05717809870839119,0.08423088490962982,-1.0,49.5189323425293,False,0.06164908409118652,0.17356888949871063,-0.2196938693523407,0.7730873823165894,0.0,-0.0018735656142234802,-0.006426267921924578,-0.01,-0.018299833536148058,0.11260943999513984,False,False,-0.019558263942599297,0.50829238732647,52,False,False,5.699999999999594,-0.18735656142234802,-0.0,0.0,0.0,0.0,0.0,0.0,-0.0,0.7674979665699964,0.0,-0.0,0.0,0.3818754176707747,25
,,,,0.3450821042060852,0.17181989550590515,0.5824342370033264,-0.2269180417060852,0.7797545194625854,-0.023566533774137484,-0.34420621395111084,-0.10125935077667236,-0.2968496084213257,0.44912564754486084,-0.7595705986022949,49.2939453125,False,0.2608954906463623,0.1749138981103897,-0.2172136902809143,0.7750798463821411,0.0,-0.0010464122891426088,-0.009439876154065163,-0.01,-0.020486288443207774,0.10753903677687049,False,True,,-1000000000.0,53,False,False,5.799999999999583,-0.10464122891426086,-0.0,0.0,0.0,0.0,0.0,0.0,-0.0,0.7561798007083862,0.0,-0.0,0.0,0.3770434880650505,0
0.22786259651184082,0.7304280996322632,0.22185395658016205,0.12721224129199982,0.00408823462203145,0.16986458003520966,0.8692890405654907,-0.2356540560722351,0.7759506106376648,-0.03415177986025813,0.5501571297645569,0.08037132024765015,-0.33096444606781006,-0.6435689330101013,-1.0,49.19854736328125,False,0.2699434757232666,0.17564432322978973,-0.2161354124546051,0.7751703262329102,0.0,-0.002082127034664154,-0.004848955050110848,-0.01,-0.016931082084775003,0.11227803211659193,False,False,-0.02900487370789051,-0.10482376035170264,54,False,False,5.899999999999572,-0.2082127034664154,-0.0,0.0,0.0,0.0,0.0,0.0,-0.0,0.7540221795196022,0.0,-0.0,0.0,0.3749289627251369,55
,,,,0.01215836126357317,0.17174717783927917,0.8176942467689514,-0.23365306854248047,0.7772529721260071,-0.00469202533364298,-0.5368193984031677,0.09280383586883545,-0.6302976012229919,-0.69878089427948,1.0,49.26200866699219,False,-0.015467405319213867,0.17462335526943207,-0.2169351726770401,0.7723162174224854,0.0,-0.002955893576145172,-0.00672779157757758,-0.01,-0.019683685153722753,0.10770528484135866,False,True,,-1000000000.0,55,False,False,5.999999999999561,-0.2955893576145172,-0.0,0.0,0.0,0.0,0.0,0.0,-0.0,0.7480470132985315,0.0,-0.0,0.0,0.3710676130731206,0
0.6199181079864502,0.7297286987304688,0.5055213570594788,0.12382186204195023,0.03434227034449577,0.17096245288848877,0.6856600046157837,-0.23045435547828674,0.775538980960846,-0.004516816288232783,-0.48078230023384094,-0.13502807915210724,0.04806368052959442,-1.0,-1.0,49.406803131103516,False,-0.2765238285064697,0.1737736314535141,-0.21852906048297882,0.7697056531906128,0.0,-0.003129235804080963,0.0022044235467910678,-0.01,-0.010924812257289895,0.10847817687317729,False,False,-0.019628887996077538,-0.14104460421390153,56,False,False,6.09999999999955,-0.3129235804080963,-0.0,0.0,0.0,0.0,0.0,0.0,-0.0,0.7600565989330289,0.0,-0.0,0.0,0.3768990636624335,62
0.47843456268310547,0.6280397772789001,0.17193952202796936,0.15235313773155212,0.1446518898010254,0.17916932702064514,0.6689110994338989,-0.22600595653057098,0.7766095995903015,-0.002480627372860933,-0.03180110082030296,0.7264664769172668,-0.03395060822367668,-1.0,-1.0,49.33958053588867,False,-0.262373685836792,0.17406539618968964,-0.21780499815940857,0.7698471546173096,0.0,-0.0038247936964035034,-0.007001462057232843,-0.01,-0.02082625575363635,0.10636168019846082,False,False,-0.01836240105330944,-0.12682496282324374,57,False,False,6.199999999999539,-0.38247936964035034,-0.0,0.0,0.0,0.0,0.0,0.0,-0.0,0.7535895735623944,0.0,-0.0,0.0,0.3729699930847937,50
,,,,0.49211516976356506,0.1776542216539383,0.8477379679679871,-0.22961091995239258,0.7784320712089539,-0.017505145668983483,-0.6534551978111267,0.6149011850357056,-0.1842745542526245,-0.7190867066383362,-0.9564313888549805,49.21318817138672,False,-0.33699870109558105,0.17474094033241272,-0.21642322838306427,0.7691009044647217,0.0,-0.003390374779701233,-0.000789894014596948,-0.01,-0.014180268794298182,0.10462907562032342,False,True,,-1000000000.0,58,False,False,6.299999999999528,-0.3390374779701233,-0.0,0.0,0.0,0.0,0.0,0.0,-0.0,0.7596056690488476,0.0,-0.0,0.0,0.3764124597447226,0
0.8438944816589355,0.8214895725250244,0.5463460683822632,0.22312891483306885,0.7546758055686951,0.1806543469429016,1.1403918266296387,-0.22822904586791992,0.7834293246269226,0.5936750518246565,0.13664118945598602,-0.21318678557872772,0.0643460750579834,0.35189884901046753,-1.0,49.09911346435547,False,-0.5246579647064209,0.1757666915655136,-0.2151099592447281,0.7672243118286133,0.0,-0.0004802316054701805,0.005105048492550834,-0.01,-0.005375183112919346,0.10957558499649167,False,False,-0.033816080540418625,-0.1475337913346219,59,False,False,6.399999999999517,-0.04802316054701805,-0.0,0.0,0.0,0.0,0.0,0.0,-0.0,0.7775916326828372,0.0,-0.0,0.0,0.3883155847359484,64
1.3728141784667969,1.1454318761825562,0.26176023483276367,0.15006838738918304,0.06407315284013748,0.1696600317955017,1.2821660041809082,-0.23787179589271545,0.7777335047721863,-1.6472283697067158,0.05866679921746254,-0.18889467418193817,0.2224571406841278,-0.0770077109336853,-1.0,48.97877502441406,False,-0.3612518310546875,0.17533712089061737,-0.21395903825759888,0.7688583731651306,0.0,-0.0002363508939743042,-0.004763093143701547,-0.01,-0.014999444037675851,0.11672368692234159,False,False,-0.030992424115538597,-0.08532594762663356,60,False,False,6.499999999999506,-0.02363508939743042,-0.0,0.0,0.0,0.0,0.0,0.0,-0.0,0.7758236546805375,0.0,-0.0,0.0,0.38767547644629446,58
1.160675287246704,1.230792760848999,0.295513391494751,0.1172608807682991,0.6146889328956604,0.18133342266082764,1.2234915494918823,-0.23132309317588806,0.7816565036773682,0.5885031661648822,-0.1374521702528,0.33330094814300537,-0.3462609648704529,0.4066813886165619,-1.0,48.87623596191406,False,-0.37224292755126953,0.1760503500699997,-0.2128094583749771,0.7687484622001648,0.0,-0.0010381725430488587,-0.0003923894464969435,-0.01,-0.011430561989545802,0.11582507379353046,False,False,-0.0025164270773530006,0.5438086109480623,61,False,False,6.599999999999495,-0.10381725430488586,-0.0,0.0,0.0,0.0,0.0,0.0,-0.0,0.7828677985483012,0.0,-0.0,0.0,0.3903957267311018,49
1.410675048828125,1.3041471242904663,0.3505284786224365,0.1801888346672058,0.027025915682315826,0.16828379034996033,1.0683670043945312,-0.23014473915100098,0.7749161720275879,-1.6123907593702198,-0.14640554785728455,0.18622595071792603,-0.08538126945495605,0.615472674369812,-1.0,48.69770812988281,False,-0.3273189067840576,0.17555218935012817,-0.21108059585094452,0.7691977024078369,0.0,-0.0011055281758308411,0.006856943517923375,-0.01,-0.004248584657907466,0.1195702850818634,False,False,-7.49991086195223e-05,-0.0633834148777402,62,False,False,6.699999999999484,-0.1105528175830841,-0.0,0.0,0.0,0.0,0.0,0.0,-0.0,0.8046278809957015,0.0,-0.0,0.0,0.4012084123220199,64
0.3227531909942627,1.1771996021270752,0.3297497630119324,0.13813623785972595,0.16094791889190674,0.17758694291114807,1.114657998085022,-0.23051032423973083,0.7797862887382507,0.005154746174812328,0.15721581876277924,-0.40237316489219666,0.028909428045153618,0.39180371165275574,-1.0,48.42732238769531,False,-0.10194778442382812,0.17448104918003082,-0.2085113525390625,0.7714514136314392,0.0,-0.0008524172008037567,0.0005748254060745084,-0.01,-0.010277591794729249,0.1126864911057055,False,False,-0.028471525758504868,-0.12497447579442629,63,False,False,6.799999999999473,-0.08524172008037567,-0.0,0.0,0.0,0.0,0.0,0.0,-0.0,0.8139167314564739,0.0,-0.0,0.0,0.4061059485274332,49
0.649261474609375,1.0732715129852295,0.13802894949913025,0.11744620651006699,0.20122946798801422,0.1764303743839264,0.9411141276359558,-0.23015257716178894,0.7765916585922241,-0.02051325000822546,-0.3819007873535156,-0.23440849781036377,-0.4216175079345703,0.30299970507621765,-1.0,48.38243103027344,False,-0.010728836059570312,0.1745278537273407,-0.2080497294664383,0.7723636031150818,0.0,-0.0011759142577648163,-0.001383003070950517,-0.01,-0.012558917328715334,0.11379199707880616,False,False,-0.023309379816055298,-0.14279652142522825,64,False,False,6.899999999999462,-0.11759142577648163,-0.0,0.0,0.0,0.0,0.0,0.0,-0.0,0.8193440911327461,0.0,-0.0,0.0,0.40849613130860823,50
0.26512742042541504,0.9388406872749329,0.24179518222808838,0.15503481030464172,0.004839065484702587,0.1719455122947693,1.0562807321548462,-0.23574957251548767,0.7733950614929199,-0.034226441308856013,0.4248224198818207,0.2425389140844345,0.11445780843496323,0.09003613144159317,-1.0,48.30622100830078,False,0.0516355037689209,0.1747242510318756,-0.20724770426750183,0.7729872465133667,0.0,-0.0006512657552957535,-0.002061440274119364,-0.01,-0.012712706029415117,0.1153869996778667,False,False,-0.033133748918771744,-0.15536150051504122,65,False,False,6.999999999999451,-0.06512657552957535,-0.0,0.0,0.0,0.0,0.0,0.0,-0.0,0.8234557533093385,0.0,-0.0,0.0,0.41107661089937353,62
0.600212812423706,1.3983383178710938,0.38499337434768677,0.14551588892936707,0.0021976984571665525,0.16437944769859314,1.327972173690796,-0.23408129811286926,0.7715986371040344,-0.030871106833219517,-0.5940843224525452,-0.5331583619117737,-0.38716426491737366,0.45868441462516785,1.0,47.85818862915039,False,0.5138397216796875,0.1678713858127594,-0.20374472439289093,0.7776092886924744,0.0,-0.0024937039613723757,-0.008182521462440473,-0.01,-0.02067622542381285,0.11158344615250826,False,False,-0.033030614256858826,-0.1297045368888317,66,False,False,7.09999999999944,-0.24937039613723755,-0.0,0.0,0.0,0.0,0.0,0.0,-0.0,0.8152431052664292,0.0,-0.0,0.0,0.4051278486718422,32
0.24055838584899902,1.3897016048431396,0.6146436333656311,0.1299498826265335,0.03465469181537628,0.16880415380001068,1.0983989238739014,-0.23471930623054504,0.7720291018486023,0.0003720542043447496,-0.3935104310512543,-0.3301261067390442,1.0,-0.5426653027534485,-1.0,48.33639144897461,False,0.16764402389526367,0.17277291417121887,-0.20785433053970337,0.7741473317146301,0.0,-0.0038957983255386353,0.008326395675539944,-0.01,-0.005569402649998691,0.1093914806842804,False,False,-0.03464091196656227,-0.1363332999433881,67,False,False,7.199999999999429,-0.3895798325538635,-0.0,0.0,0.0,0.0,0.0,0.0,-0.0,0.8402990157343256,0.0,-0.0,0.0,0.41625370954162416,42
,,,,0.00738381315022707,0.16925011575222015,0.9032145142555237,-0.2320387065410614,0.7718417048454285,-0.004363800808787349,-0.4235929250717163,0.1644078493118286,-0.7036309242248535,-0.5173837542533875,0.9999996423721313,48.50424575805664,False,-0.09129047393798828,0.17347000539302826,-0.20944587886333466,0.7715579867362976,0.0,-0.002423108220100403,-0.0027007586508989156,-0.01,-0.01512386687099932,0.11798556661233306,False,True,,-1000000000.0,68,False,False,7.299999999999418,-0.24231082201004028,-0.0,0.0,0.0,0.0,0.0,0.0,-0.0,0.8433310261309249,0.0,-0.0,0.0,0.41924240484536207,0
0.15268325805664062,1.0058869123458862,0.8565540313720703,0.19064879417419434,0.0170257780700922,0.17636649310588837,0.8273094892501831,-0.22750070691108704,0.7740892767906189,-0.0007366480678320051,0.6588966846466064,-0.6620171070098877,-0.5710704326629639,-0.6042311787605286,-1.0,48.51420974731445,False,-0.22411346435546875,0.1733410507440567,-0.2095663845539093,0.7702297568321228,0.0,-0.003909070789813995,-0.008319986313581496,-0.01,-0.02222905710339549,0.10905213188380003,False,False,-0.047684457153081894,-0.10920436505005804,69,False,False,7.399999999999407,-0.39090707898139954,-0.0,0.0,0.0,1.0,0.505744293785923,0.0,-0.0,0.0,0.0,-0.0,0.10323938359743912,0.8522024597005867,54
,,,,0.013947904109954834,0.17270144820213318,0.6940340399742126,-0.22841350734233856,0.7720581889152527,-0.028652470968663704,0.03130233287811279,-0.06726354360580444,-0.23833441734313965,0.13262391090393066,1.0,48.54759216308594,False,-0.22560358047485352,0.17319242656230927,-0.2099267989397049,0.770214855670929,0.0,-0.00019974153488874435,-0.01568189002573489,-0.01,-0.025881631560623633,0.11092336103320122,False,True,,-1000000000.0,70,False,False,7.499999999999396,-0.019974153488874435,-0.0,-1.0,0.0,0.0,0.0,0.0,-0.0,0.8117954001301703,0.0,-0.0,0.0,-0.5943020414698036,0
0.12819170951843262,0.7811084389686584,0.11074244976043701,0.22446227073669434,0.012083616107702255,0.17449736595153809,0.4853968918323517,-0.22177331149578094,0.7715402245521545,-0.004947196468710896,-0.4915599226951599,0.36388885974884033,0.19750161468982697,-0.2647037208080292,1.0,48.54182434082031,False,-0.22785663604736328,0.1731874644756317,-0.20986920595169067,0.7701923251152039,0.0,-0.0012078030407428743,-0.0002821757644415057,-0.01,-0.01148997880518438,0.11074669193476439,False,False,-0.019955547526478767,-0.11724672448155543,71,False,False,7.599999999999385,-0.12078030407428741,-0.0,0.0,0.0,0.0,0.0,0.0,-0.0,0.8194253923175745,0.0,-0.0,0.0,0.4085048931180444,37
0.129777193069458,0.5343174338340759,0.2384876161813736,0.14742615818977356,0.007741971872746944,0.16685841977596283,0.9726241230964661,-0.23012858629226685,0.7727290987968445,-0.03169849961996082,0.3565391004085541,-0.39251962304115295,0.47831717133522034,-0.8555963039398193,-1.0,48.55024337768555,False,-0.2438962459564209,0.1731686294078827,-0.20995724201202393,0.7700319290161133,0.0,-0.003105060458183289,-0.004662745893001585,-0.01,-0.017767806351184873,0.11681931838393211,False,False,-0.028480008244514465,-0.10508418023390229,72,False,False,7.699999999999374,-0.31050604581832886,-0.0,0.0,0.0,0.0,0.0,0.0,-0.0,0.8182827015889121,0.0,-0.0,0.0,0.4060362903362728,52
0.22836923599243164,0.8766263723373413,0.6373872756958008,0.1538734883069992,0.15642985701560974,0.17461156845092773,0.607655942440033,-0.22157900035381317,0.7755685448646545,-0.0024899441003799483,-0.4697251617908478,-0.5303391218185425,-0.8441851139068604,-0.5201725959777832,-1.0,48.609169006347656,False,-0.2501368522644043,0.17297758162021637,-0.21058233082294464,0.7699695229530334,0.0,-0.0037128233909606936,-0.013521473854780197,-0.01,-0.02723429724574089,0.11211706418544054,False,False,-0.00046178908087313175,0.5126655972258385,73,False,False,7.799999999999363,-0.37128233909606934,-0.0,0.0,0.0,0.0,0.0,0.0,-0.0,0.7992320644419847,0.0,-0.0,0.0,0.39590320883003166,45
0.7364392280578613,0.7029255628585815,0.5205919742584229,0.20062153041362762,0.02197236381471157,0.16849446296691895,0.5914936065673828,-0.2232089340686798,0.7720819711685181,-0.024309450611472105,-0.6552842855453491,-0.05774947255849838,0.09770787507295609,0.4420263171195984,-1.0,48.70293426513672,False,-0.24308562278747559,0.1725793033838272,-0.21159090101718903,0.7700400352478027,0.0,-0.0015941664576530456,0.00267572842538355,-0.01,-0.008918438032269495,0.11443544318899512,False,False,-0.021501246839761734,0.51447380387231,74,False,False,7.899999999999352,-0.15941664576530457,-0.0,0.0,0.0,0.0,0.0,0.0,-0.0,0.8127104356744039,0.0,-0.0,0.0,0.40476105137954893,64
0.15944838523864746,0.5842149257659912,0.39676278829574585,0.2617334723472595,0.01943155564367771,0.17065437138080597,0.44212788343429565,-0.21980741620063782,0.7744941711425781,0.0021421077102422685,0.34181883931159973,-0.2921721339225769,0.1586812287569046,-0.013705028221011162,-1.0,48.77118682861328,False,-0.23298263549804688,0.17210935056209564,-0.21235166490077972,0.770141065120697,0.0,-0.0005689305812120438,0.0032499065995216236,-0.01,-0.007319023981690421,0.10973449377343059,False,False,-0.027453934773802757,-0.08571440453130544,75,False,False,7.999999999999341,-0.056893058121204376,-0.0,0.0,0.0,0.0,0.0,0.0,-0.0,0.827485317580672,0.0,-0.0,0.0,0.41317372820912396,59
0.3337264060974121,0.4169051945209503,0.057790178805589676,0.1481316089630127,0.08864396810531616,0.1675337553024292,0.4537900388240814,-0.21923744678497314,0.7738465666770935,-0.020836825817823437,-0.024063047021627426,0.27264437079429626,0.06189795583486557,0.9378772974014282,-1.0,48.83140182495117,False,-0.1755237579345703,0.17178753018379211,-0.21300843358039856,0.7707156538963318,0.0,-0.002395897954702377,-0.001911046355962731,-0.01,-0.014306944310665108,0.10933431703597307,False,False,-0.01876530610024929,0.4922103589331681,76,False,False,8.099999999999374,-0.23958979547023773,-0.0,0.0,0.0,0.0,0.0,0.0,-0.0,0.8319828180348232,0.0,-0.0,0.0,0.41359551106270925,37
0.11455416679382324,0.4271969199180603,0.3396252989768982,0.2840838134288788,0.023106591776013374,0.16686606407165527,0.43493160605430603,-0.21939365565776825,0.7749828100204468,-0.01147891968488695,0.40113434195518494,-0.3446274399757385,-0.13981379568576813,0.11721949279308319,-1.0,48.921958923339844,False,-0.04515647888183594,0.17152036726474762,-0.21396349370479584,0.7720193266868591,0.0,-0.0007824128866195679,-0.0007875806838273935,-0.01,-0.011569993570446961,0.10987019632011652,False,False,-0.03482016175985336,-0.08123714825746145,77,False,False,8.199999999999408,-0.07824128866195679,-0.0,0.0,0.0,0.0,0.0,0.0,-0.0,0.8387955995942872,0.0,-0.0,0.0,0.418615386910524,58
0.056737661361694336,0.26799142360687256,0.23369590938091278,0.12539365887641907,0.04021496698260307,0.1639646738767624,0.3304968476295471,-0.21917667984962463,0.7743456363677979,-0.021906870603561397,-0.6188912391662598,0.33924999833106995,-0.10371903330087662,0.5672149658203125,1.0,49.04560852050781,False,0.1709461212158203,0.16997607052326202,-0.21543845534324646,0.7741803526878357,0.0,-0.002076518386602402,-0.003317789509892477,-0.01,-0.01539430789649488,0.11408721515908837,False,False,-0.012095429934561253,0.4977279139333946,78,False,False,8.299999999999441,-0.20765183866024017,-0.0,0.0,0.0,0.0,0.0,0.0,-0.0,0.8405658175816968,0.0,-0.0,0.0,0.418206390404246,59
0.13384222984313965,0.426950067281723,0.4837835729122162,0.15557020902633667,0.03180067986249924,0.16569384932518005,0.2412259578704834,-0.2185056507587433,0.7772546410560608,-0.0064611154794692776,-0.2224830836057663,-0.6502708792686462,-0.18951761722564697,-0.7653618454933167,-1.0,49.195823669433594,False,0.2471625804901123,0.16918236017227173,-0.21706950664520264,0.7749425172805786,0.0,-0.00273511677980423,-0.002021045163273838,-0.01,-0.014756161943078067,0.11124822776764631,False,False,-0.04084381088614464,-0.19526303383344956,79,False,False,8.399999999999475,-0.273511677980423,-0.0,0.0,0.0,0.0,0.0,0.0,-0.0,0.8449735712617933,0.0,-0.0,0.0,0.41975166885109244,39
0.0794529914855957,0.25331276655197144,0.4743407070636749,0.20774731040000916,0.00042018486419692636,0.16399535536766052,0.33216971158981323,-0.2238781601190567,0.7727970480918884,-0.029986858963966356,0.7499203085899353,-0.2511914074420929,-0.2250596284866333,-0.8667634129524231,1.0,49.22630310058594,False,0.1495957374572754,0.16664350032806396,-0.21773101389408112,0.7739668488502502,0.0,-0.003568520545959473,-0.011924965679645516,-0.01,-0.02549348622560499,0.10940217785537243,False,False,-0.024042900651693344,-0.10416837422720757,80,False,False,8.499999999999508,-0.35685205459594727,-0.0,0.0,0.0,0.0,0.0,0.0,-0.0,0.82941776187372,0.0,-0.0,0.0,0.4111403603909005,41
,,,,0.001679001608863473,0.16864526271820068,0.2298305481672287,-0.22109661996364594,0.7720246911048889,-0.027149554938077934,0.14801239967346191,0.01204681396484375,0.6364235877990723,-0.8801695108413696,1.0,49.06281661987305,False,-0.17367005348205566,0.1682843267917633,-0.21585313975811005,0.7707341909408569,0.0,-0.003004465401172638,-0.02198751211166383,-0.01,-0.03499197751283647,0.11207038816064596,False,True,,-1000000000.0,81,False,False,8.599999999999541,-0.3004465401172638,-0.0,0.0,0.0,0.0,0.0,0.0,-0.0,0.7933765021598952,0.0,-0.0,0.0,0.39368378567877493,0
0.19738078117370605,0.3762866258621216,0.9867330193519592,0.18004265427589417,0.008345906622707844,0.16807030141353607,0.34069615602493286,-0.20970740914344788,0.7722090482711792,-0.03958887822926044,0.07040228694677353,0.9254744648933411,0.040859248489141464,-0.7580071687698364,1.0,49.00569534301758,False,-0.27199387550354004,0.1705949902534485,-0.21494551002979279,0.7697509527206421,0.0,-0.0035942599177360536,-0.014251586720347431,-0.01,-0.027845846638083482,0.1131518236361444,False,False,0.005304708611220121,-0.08514750549517812,82,False,False,8.699999999999575,-0.35942599177360535,-0.0,0.0,0.0,0.0,0.0,0.0,-0.0,0.7725992262177697,0.0,-0.0,0.0,0.3827053531911488,47
0.2993762493133545,0.3503193259239197,0.3045022487640381,0.25229495763778687,0.027296746149659157,0.1621076464653015,0.5544965863227844,-0.211740180850029,0.7748759984970093,-0.01876477681100369,-0.7159989476203918,-0.06918951869010925,-0.15400272607803345,-0.5996449589729309,-1.0,49.001434326171875,False,-0.2584218978881836,0.17059023678302765,-0.21490316092967987,0.7698866724967957,0.0,-0.002251831591129303,-0.00177107512950897,-0.01,-0.014022906720638273,0.11341724218800664,False,False,-0.003211165079846978,-0.06509715676494646,83,False,False,8.799999999999608,-0.2251831591129303,-0.0,0.0,0.0,0.0,0.0,0.0,-0.0,0.7768253301660442,0.0,-0.0,0.0,0.3861608334918928,64
0.5645632743835449,0.5533924102783203,0.26642483472824097,0.19150306284427643,0.028151994571089745,0.16410933434963226,0.40961554646492004,-0.21132345497608185,0.7720128893852234,-0.0028496788442134834,-0.6562030911445618,-0.02781515382230282,-0.1654433310031891,0.11581946909427643,-1.0,49.0438117980957,False,-0.2513468265533447,0.17029091715812683,-0.2153748720884323,0.769957423210144,0.0,-0.0011804044991731643,0.0076672414690255875,-0.01,-0.003513163030147577,0.11153366789221764,False,False,-0.011309166438877583,-0.0818660049994655,84,False,False,8.899999999999642,-0.11804044991731644,-0.0,0.0,0.0,0.0,0.0,0.0,-0.0,0.8001615748751447,0.0,-0.0,0.0,0.3989003829383992,49
0.20979642868041992,0.3906612694263458,0.4228939712047577,0.22904060781002045,0.009024564176797867,0.1649688184261322,0.537302553653717,-0.20760168135166168,0.7728486657142639,-0.010028974264860133,0.4730839431285858,0.019555140286684036,-0.7666274905204773,-0.12765483558177948,-1.0,49.06447982788086,False,-0.24552345275878906,0.17026986181735992,-0.21558670699596405,0.7700156569480896,0.0,-0.002070510685443878,0.0026629156619310534,-0.01,-0.009407595023512825,0.11111552407965064,False,False,-0.029651235789060593,-0.07137074407297696,85,False,False,8.999999999999675,-0.20705106854438782,-0.0,0.0,0.0,0.0,0.0,0.0,-0.0,0.8136235502852598,0.0,-0.0,0.0,0.404741264457186,54
,,,,0.0018246711697429419,0.16468562185764313,0.41939565539360046,-0.21125350892543793,0.7729264497756958,-0.014763333648443226,0.10596740245819092,0.3210822343826294,-0.029356181621551514,0.02597343921661377,-0.9999997615814209,49.025577545166016,False,-0.25026798248291016,0.1703859567642212,-0.2151768058538437,0.7699682116508484,0.0,-0.00028964824974536896,-0.007297584488987929,-0.01,-0.017587232738733298,0.10962545080110431,False,True,,-1000000000.0,86,False,False,9.099999999999708,-0.028964824974536896,-0.0,0.0,0.0,0.0,0.0,0.0,-0.0,0.807099427478337,0.0,-0.0,0.0,0.4032600654894231,0
,,,,0.04569563269615173,0.1667088270187378,0.271254301071167,-0.2134423404932022,0.7731316685676575,-0.00680315839126705,0.11635041236877441,0.2932751178741455,0.06480908393859863,0.12363803386688232,-1.0,48.97035217285156,False,-0.24967193603515625,0.17053407430648804,-0.21459722518920898,0.7699741721153259,0.0,-0.00029758574441075326,-0.0024612358957529223,-0.01,-0.012758821640163676,0.11186465388163924,False,True,,-1000000000.0,87,False,False,9.199999999999742,-0.029758574441075325,-0.0,0.0,0.0,0.0,0.0,0.0,-0.0,0.8102796008690953,0.0,-0.0,0.0,0.4048422146901369,0
0.35353899002075195,0.27796030044555664,0.24100492894649506,0.34190696477890015,0.014282679185271263,0.16483266651630402,0.35448622703552246,-0.2110208421945572,0.7715023159980774,-0.018820045031607162,-0.2989371418952942,-0.042456042021512985,0.25881290435791016,-0.16356924176216125,-1.0,48.94800567626953,False,-0.2508401870727539,0.17058417201042175,-0.21436409652233124,0.76996248960495,0.0,-0.0004622623696923256,-0.001249183341860749,-0.01,-0.011711445711553074,0.11219863267615438,False,False,-0.02112189680337906,-0.09649716311840618,88,False,False,9.299999999999775,-0.04622623696923256,-0.0,0.0,0.0,0.0,0.0,0.0,-0.0,0.8159406823761308,0.0,-0.0,0.0,0.4075080788183731,57
0.14407038688659668,0.29453086853027344,0.590275228023529,0.26529020071029663,0.017894962802529335,0.16559498012065887,0.42029619216918945,-0.21016643941402435,0.7734428644180298,-0.014974383339285849,0.5311899185180664,-0.22388720512390137,0.03790535405278206,-0.2773225009441376,-1.0,48.94721603393555,False,-0.2467334270477295,0.17057330906391144,-0.21435768902301788,0.7700035572052002,0.0,-0.0010265819728374481,-0.006834652796387675,-0.01,-0.017861234769225125,0.11192453280091286,False,False,-0.03097499907016754,-0.08295645744097861,89,False,False,9.399999999999809,-0.10265819728374481,-0.0,0.0,0.0,0.0,0.0,0.0,-0.0,0.8103752848864668,0.0,-0.0,0.0,0.40416106047039596,41
0.23574233055114746,0.3624613285064697,0.8060907125473022,0.34586140513420105,0.08076941221952438,0.1628948301076889,0.5583306550979614,-0.20886152982711792,0.7739669680595398,-0.031785962656140344,-0.31743332743644714,0.31948918104171753,-0.42566537857055664,-0.8730592131614685,1.0,48.9075927734375,False,-0.2540707588195801,0.17050176858901978,-0.2139677256345749,0.7699301838874817,0.0,-0.002865651547908783,-0.013406826108694092,-0.01,-0.02627247765660288,0.10538136912509799,False,False,0.0008669246453791857,-0.090473286837744,90,False,False,9.499999999999842,-0.2865651547908783,-0.0,0.0,0.0,0.0,0.0,0.0,-0.0,0.7914761491388925,0.0,-0.0,0.0,0.39287242302153746,5
0.5369186401367188,0.5168790221214294,0.3052835464477539,0.21305030584335327,0.07630309462547302,0.16452133655548096,0.5647158026695251,-0.20588645339012146,0.7727850079536438,-0.01195916667580604,-0.43415912985801697,0.24302808940410614,-0.414119154214859,0.10145081579685211,-1.0,48.878299713134766,False,-0.2591550350189209,0.17081815004348755,-0.2136254459619522,0.7698793411254883,0.0,-0.001073359400033951,0.00042131476104256826,-0.01,-0.010652044638991384,0.10588887613266706,False,False,-0.017654167488217354,0.5274830725097568,91,False,False,9.599999999999875,-0.10733594000339508,-0.0,0.0,0.0,0.0,0.0,0.0,-0.0,0.8003221037510108,0.0,-0.0,0.0,0.39908769247547143,33
0.36733150482177734,0.5721911787986755,0.25315386056900024,0.2555687427520752,0.020573444664478302,0.1665143370628357,0.40917694568634033,-0.20750455558300018,0.7718492746353149,-0.0063005720078945,0.07012569904327393,-0.30103355646133423,-0.29575321078300476,-0.3604780435562134,-1.0,48.853363037109375,False,-0.2572178840637207,0.17099636793136597,-0.21334727108478546,0.7698987126350403,0.0,-0.0007823830097913742,0.0005005462467670418,-0.01,-0.010281836763024332,0.1093118442222476,False,False,-0.01690044067800045,-0.0874694739471131,92,False,False,9.699999999999909,-0.07823830097913742,-0.0,0.0,0.0,0.0,0.0,0.0,-0.0,0.8094175051312097,0.0,-0.0,0.0,0.40392636955581346,56
0.2185046672821045,0.42006126046180725,0.15202710032463074,0.2033172994852066,0.1566080003976822,0.16835913062095642,0.41253021359443665,-0.2074189931154251,0.7737565636634827,-0.009471810460090664,-0.5185966491699219,-0.08945910632610321,0.18419942259788513,-0.04877382144331932,-1.0,48.861778259277344,False,-0.2542436122894287,0.1708758920431137,-0.21345002949237823,0.7699284553527832,0.0,-0.0007831343263387681,-0.0037896472215652732,-0.01,-0.014572781547904042,0.10499396407976747,False,False,-0.021424753591418266,-0.09402638031755625,93,False,False,9.799999999999942,-0.0783134326338768,-0.0,0.0,0.0,0.0,0.0,0.0,-0.0,0.8099376431369277,0.0,-0.0,0.0,0.4041856872421251,39
0.4080832004547119,0.41584572196006775,0.18890896439552307,0.33092471957206726,0.05896657705307007,0.16528648138046265,0.479422003030777,-0.20999912917613983,0.7752965688705444,-0.015492199137806889,0.5836723446846008,0.07361332327127457,1.0,-0.2980876863002777,-1.0,48.86177062988281,False,-0.24821162223815918,0.17091649770736694,-0.21344397962093353,0.7699887752532959,0.0,-0.0035873717069625855,-0.003139752671122542,-0.01,-0.01672712437808513,0.10550272604450583,False,False,-0.019277533516287804,-0.07836722763119922,94,False,False,9.899999999999975,-0.35873717069625854,-0.0,0.0,0.0,0.0,0.0,0.0,-0.0,0.8117757988993163,0.0,-0.0,0.0,0.40230052774269554,51
0.5308687686920166,0.48237988352775574,0.5483025908470154,0.33806508779525757,0.27699169516563416,0.16391809284687042,0.7298877239227295,-0.2064698189496994,0.7780401110649109,-0.016810999810695643,-0.7689626812934875,0.2708252966403961,0.04887687414884567,0.1474454551935196,-1.0,48.8584098815918,False,-0.2506554126739502,0.17077851295471191,-0.213430255651474,0.769964337348938,0.0,-0.0017219474911689759,-0.003092214539647087,-0.01,-0.014814162030816064,0.1072007161565125,False,False,0.0024055412504822016,0.5079315586718927,95,False,False,10.000000000000009,-0.17219474911689758,-0.0,0.0,0.0,0.0,0.0,0.0,-0.0,0.8137285301622785,0.0,-0.0,0.0,0.40514231758997027,51
0.593268871307373,0.6849279403686523,0.6527418494224548,0.20283958315849304,0.20136843621730804,0.1645938903093338,0.6822516918182373,-0.20825305581092834,0.7794998288154602,-0.0022300313413143027,0.5924196839332581,0.2276839017868042,0.05027097463607788,1.0,-1.0,48.86516571044922,False,-0.15746355056762695,0.17128710448741913,-0.21342381834983826,0.7708962559700012,0.0,-0.0035133203864097596,0.004312517940998073,-0.01,-0.009200802445411688,0.10729839000850916,False,False,-0.03744364157319069,-0.11929215445997585,96,False,False,10.100000000000042,-0.35133203864097595,-0.0,0.0,0.0,0.0,0.0,0.0,-0.0,0.830660151041919,0.0,-0.0,0.0,0.41181675513454974,48
0.7437050342559814,0.6162782907485962,0.5020638704299927,0.170182466506958,0.027649467810988426,0.158915713429451,0.6347978711128235,-0.20702263712882996,0.7734501361846924,-0.03167585656046866,0.10833416134119034,1.0,-0.22092987596988678,0.16870500147342682,-1.0,48.706016540527344,False,-0.0038564205169677734,0.17230045795440674,-0.21166402101516724,0.7724323272705078,0.0,-0.002722519040107727,0.0005661033093929402,-0.01,-0.012156415730714788,0.10449504107236862,False,False,-0.005550079979002476,-0.0697007796577351,97,False,False,10.200000000000076,-0.2722519040107727,-0.0,0.0,0.0,0.0,0.0,0.0,-0.0,0.8401942266896294,0.0,-0.0,0.0,0.41737459430470697,63
0.21050572395324707,0.6306613087654114,0.45949169993400574,0.19403836131095886,0.02449866011738777,0.16136540472507477,0.6968781352043152,-0.20206515491008759,0.7735567092895508,-0.01808982670307162,-0.35549280047416687,-0.16442060470581055,-1.0,0.5381637215614319,-1.0,48.4192008972168,True,0.2728879451751709,0.1742248684167862,-0.2084689736366272,0.7751997709274292,0.0,-0.0036075735092163086,0.489510917005307,-0.01,0.4759033434960907,0.10602129995822906,False,False,-0.03515155240893364,-0.07840544491943546,98,False,False,10.300000000000109,-0.36075735092163086,-0.0,0.0,0.0,1.0,0.6299942416511495,0.0,-0.0,0.0,0.0,-0.0,0.10379893460525658,0.9151884819216151,44
0.3529191017150879,0.694487988948822,0.12140771001577377,0.272001713514328,0.04894261807203293,0.16750499606132507,0.307584285736084,-0.20529165863990784,0.7763254642486572,-0.0026977037638426073,0.243808314204216,0.2552416920661926,-0.32925480604171753,-0.47856995463371277,-1.0,48.34707260131836,True,0.37372708320617676,0.17415733635425568,-0.20774954557418823,0.7762081623077393,0.0,-0.0011550718545913696,0.003713352205130138,-0.01,-0.007441719649461232,0.10549665614962578,False,False,-0.02414982207119465,-0.11890717655643299,99,False,False,10.400000000000142,-0.11550718545913696,-0.0,0.0,0.0,1.0,0.6552040327431619,0.0,-0.0,0.0,0.0,-0.0,0.10422565485901591,0.9306725993760054,64
0.14927387237548828,0.3660465478897095,0.172385573387146,0.328093558549881,0.34026581048965454,0.16932474076747894,0.6545419096946716,-0.20059718191623688,0.7832204699516296,0.000830399990081776,0.05737034231424332,-0.23660655319690704,0.6072027087211609,0.20249950885772705,1.0,48.3082160949707,False,0.3067612648010254,0.17458677291870117,-0.2072894424200058,0.7755385041236877,0.0,-1.0011724380403757,-0.5160573145057306,-0.01,-1.5272297525461063,0.10846503032371402,False,False,-0.026725677773356438,-0.12142084066113512,100,False,False,10.500000000000176,-0.11724380403757095,-0.0,-1.0,0.0,0.0,0.0,0.0,-0.0,0.8399401269739428,0.0,-0.0,0.0,-0.5812023745534043,47
0.5050003528594971,0.623812735080719,0.052803754806518555,0.3212089538574219,0.29679548740386963,0.16544514894485474,0.7660597562789917,-0.20359960198402405,0.7850244641304016,-0.013943764492869382,-0.15264226496219635,-0.26626986265182495,0.24785324931144714,-0.07987503707408905,1.0,48.38899230957031,False,0.2727627754211426,0.17400294542312622,-0.20819765329360962,0.7751985192298889,0.0,-0.000405026376247406,-0.0038324017822742307,-0.01,-0.014237428158521637,0.11118759913370013,False,False,-0.02316253073513508,0.49875090182301385,101,False,False,10.60000000000021,-0.0405026376247406,-0.0,0.0,0.0,0.0,0.0,0.0,-0.0,0.8406822608333259,0.0,-0.0,0.0,0.41993610404041554,63
1.139998435974121,0.813858687877655,0.7451409697532654,0.22042793035507202,0.17493000626564026,0.17253947257995605,0.34920620918273926,-0.205501988530159,0.7796674966812134,-0.015065753534436207,0.22361446917057037,-0.4116722643375397,-0.38523155450820923,0.17362967133522034,-1.0,48.53583908081055,False,0.16120672225952148,0.1731131225824356,-0.2098199874162674,0.7740829586982727,0.0,-0.0009950701892375946,-0.00383272625505926,-0.01,-0.014827796444296855,0.11080121621489525,False,False,-0.04929978400468826,-0.1095428648927722,102,False,False,10.700000000000243,-0.09950701892375946,-0.0,0.0,0.0,1.0,0.6020746007167649,0.0,-0.0,0.0,0.0,-0.0,0.10311238392572264,0.9031546140948674,49
0.824737548828125,0.4770204424858093,0.12736818194389343,0.30148306488990784,0.026312854140996933,0.16005268692970276,0.6558557748794556,-0.2075815498828888,0.7770316004753113,-0.03432216756045817,-0.13580825924873352,-0.4140637218952179,0.2653229534626007,0.04904419556260109,-1.0,48.66569900512695,False,0.06237030029296875,0.17208409309387207,-0.21128880977630615,0.7730945944786072,0.0,-0.0006567355990409851,-0.00663479842245579,-0.01,-0.017291534021496774,0.11282155802473426,False,False,-0.008510143496096134,0.49909610602562177,103,False,False,10.800000000000276,-0.06567355990409851,-0.0,-1.0,0.0,0.0,0.0,0.0,-0.0,0.8365268567195105,0.0,-0.0,0.0,-0.5823933072392857,58
0.40520429611206055,0.6773317456245422,0.3165518045425415,0.18100570142269135,0.00930615235120058,0.15991276502609253,0.706047773361206,-0.20427878201007843,0.7741259336471558,-0.023812752738595025,0.3706171214580536,-0.282312273979187,0.3989124596118927,-0.553902268409729,-1.0,48.72242736816406,True,-0.035828351974487305,0.17139463126659393,-0.21196502447128296,0.7721126079559326,0.0,-0.001707490384578705,0.45138293027159393,-0.01,0.43967543988701524,0.10977914603427052,False,False,-0.025957833975553513,-0.09120879714313919,104,False,False,10.90000000000031,-0.17074903845787048,-0.0,0.0,0.0,1.0,0.5528151549076321,0.0,-0.0,0.0,0.0,-0.0,0.10202300312168167,0.876723090190919,64
0.09143352508544922,0.7251545786857605,0.606788158416748,0.19775080680847168,0.031222471967339516,0.1584225296974182,0.5640620589256287,-0.20862121880054474,0.7706730961799622,-0.023540469110012056,-1.0,0.25598716735839844,-0.2278180718421936,-0.27330610156059265,1.0,48.72835922241211,False,-0.0835120677947998,0.17090581357479095,-0.21209712326526642,0.7716357707977295,0.0,-1.0029803168773652,-0.46550463846638773,-0.01,-1.478484955343753,0.10942674893885851,False,False,0.0011987676844000816,-0.08844809208275986,105,False,False,11.000000000000343,-0.29803168773651123,-0.0,-1.0,0.0,0.0,0.0,0.0,-0.0,0.8341938148174277,0.0,-0.0,0.0,-0.5858834094686513,64
0.04042387008666992,0.513709545135498,0.7987697720527649,0.2849579453468323,0.01357575599104166,0.1710706353187561,0.17070770263671875,-0.20924295485019684,0.7729799747467041,0.0005407223850488387,0.673595666885376,-0.3867742419242859,0.7460221648216248,-0.7876842617988586,-1.0,48.73636245727539,False,-0.15125274658203125,0.17090609669685364,-0.212178036570549,0.7709583640098572,0.0,-0.004450802505016327,-0.006316396445035954,-0.01,-0.02076719895005228,0.11237810412421823,False,False,-0.04972471296787262,-0.15495552580257854,106,False,False,11.100000000000376,-0.4450802505016327,-0.0,0.0,0.0,1.0,0.5239594517863683,0.0,-0.0,0.0,0.0,-0.0,0.10194205277322255,0.8594709761613905,54
0.14426708221435547,0.20444045960903168,0.7873520255088806,0.4666213393211365,0.012560021132230759,0.16281117498874664,0.589693546295166,-0.2059541940689087,0.7741349339485168,-0.03904009245336056,-0.05098649486899376,0.7377943396568298,-0.4049213230609894,-0.08990605920553207,1.0,48.705360412597656,False,-0.20937323570251465,0.17082129418849945,-0.21187710762023926,0.7703771591186523,0.0,-0.001797461211681366,-0.01462217375636099,-0.01,-0.02641963496804236,0.1120929061435163,False,False,0.005514415912330151,-0.10997484998420992,107,False,False,11.20000000000041,-0.1797461211681366,-0.0,-1.0,0.0,0.0,0.0,0.0,-0.0,0.808702270442235,0.0,-0.0,0.0,-0.5974463259905638,60
0.41364431381225586,0.5824615955352783,0.3897334337234497,0.20906655490398407,0.04327864572405815,0.1711650788784027,0.411716103553772,-0.202738419175148,0.7741477489471436,-0.0025342214852571493,0.15758942067623138,-0.0652703195810318,-0.5890811681747437,0.3507367670536041,-1.0,48.663108825683594,False,-0.1849353313446045,0.17135797441005707,-0.2113707959651947,0.7706215381622314,0.0,-0.0012478189170360566,-0.0004284309595823377,-0.01,-0.011676249876618394,0.10919697768986225,False,False,-0.022260043770074844,-0.06046927671836186,108,False,False,11.300000000000443,-0.12478189170360565,-0.0,0.0,0.0,0.0,0.0,0.0,-0.0,0.8160053251527347,0.0,-0.0,0.0,0.4067548436593313,64
0.3516197204589844,0.4440089166164398,0.3017241954803467,0.2037656158208847,0.009811836294829845,0.16815133392810822,0.31693923473358154,-0.20740415155887604,0.7728816866874695,-0.01916567675769329,0.11611955612897873,-0.4193519949913025,0.5648004412651062,-0.3897351324558258,-1.0,48.668243408203125,False,-0.18770694732666016,0.17135222256183624,-0.2114235758781433,0.7705938220024109,0.0,-0.001650582104921341,-0.005246782451868048,-0.01,-0.01689736455678939,0.11031442880630493,False,False,-0.027885591611266136,-0.09543355243660441,109,False,False,11.400000000000476,-0.1650582104921341,-0.0,0.0,0.0,0.0,0.0,0.0,-0.0,0.8136484749095036,0.0,-0.0,0.0,0.40517365534983046,56
0.3168821334838867,0.4199082553386688,0.40944764018058777,0.19570936262607574,0.023789240047335625,0.1661759614944458,0.4582410156726837,-0.20320221781730652,0.7697045207023621,-0.029063922762870814,-0.7584630250930786,0.48677921295166016,0.0009462220477871597,-0.5629635453224182,-1.0,48.67723846435547,False,-0.23998618125915527,0.1712256819009781,-0.21153321862220764,0.7700710296630859,0.0,-0.0028228726983070373,-0.005018796920776392,-0.01,-0.017841669619083428,0.11040872009471059,False,False,-0.0018972050165757537,-0.09109222452363148,110,False,False,11.50000000000051,-0.28228726983070374,-0.0,0.0,0.0,0.0,0.0,0.0,-0.0,0.8117281923679203,0.0,-0.0,0.0,0.4030412234856531,49
0.023245811462402344,0.44762393832206726,0.44598132371902466,0.21279136836528778,0.019921939820051193,0.16264143586158752,0.5802080035209656,-0.20599712431430817,0.7735158801078796,-0.012055125758051875,0.11602889746427536,0.264716774225235,0.07127836346626282,-0.9498292207717896,-1.0,48.63741683959961,False,-0.24083256721496582,0.1715017557144165,-0.21108973026275635,0.7700625658035278,0.0,-0.0024769845604896545,-0.003381760343909246,-0.01,-0.0158587449043989,0.1124492478556931,False,False,-0.03180216997861862,-0.11363628429028377,111,False,False,11.600000000000543,-0.24769845604896545,-0.0,0.0,0.0,0.0,0.0,0.0,-0.0,0.8130956146939483,0.0,-0.0,0.0,0.4040708227864845,54
0.09468793869018555,0.533113420009613,0.639026403427124,0.19309887290000916,0.00843388307839632,0.16820718348026276,0.4075879752635956,-0.2023610770702362,0.7706238031387329,-0.025879656523466125,0.15320907533168793,-0.17413514852523804,-0.6859423518180847,-0.6431702375411987,1.0,48.585166931152344,False,-0.24315118789672852,0.17167595028877258,-0.21053552627563477,0.7700393795967102,0.0,-0.0023449523746967315,-0.013304402381181746,-0.01,-0.025649354755878477,0.10368652595207095,False,False,-0.007724141702055931,-0.0874897394620226,112,False,False,11.700000000000577,-0.23449523746967316,-0.0,0.0,0.0,0.0,0.0,0.0,-0.0,0.7944311114581529,0.0,-0.0,0.0,0.39487060335437973,63
0.029611587524414062,0.44342824816703796,0.1555914580821991,0.2740100026130676,0.009962750598788261,0.16255921125411987,0.5703458786010742,-0.20405182242393494,0.7714834809303284,-0.024248273596167574,-0.3566407263278961,-0.10687170177698135,-0.40301623940467834,0.1225561797618866,1.0,48.57910919189453,False,-0.2449631690979004,0.1718040555715561,-0.21045513451099396,0.7700212597846985,0.0,-0.0007901406288146973,-0.007075506001710918,-0.01,-0.017865646630525617,0.10891262302175164,False,False,-0.018076490610837936,-0.06959222520099023,113,False,False,11.80000000000061,-0.07901406288146973,-0.0,0.0,0.0,0.0,0.0,0.0,-0.0,0.7881615109111186,0.0,-0.0,0.0,0.3932906148267446,64
0.1431107521057129,0.5876933932304382,0.17758062481880188,0.22228480875492096,0.015055287629365921,0.16749030351638794,0.6477227210998535,-0.19844463467597961,0.7728660702705383,-0.008472152426838861,0.18060488998889923,0.05185365676879883,0.23352791368961334,-0.418179988861084,-1.0,48.57389831542969,False,-0.24614334106445312,0.1721610128879547,-0.21034899353981018,0.770009458065033,0.0,-0.0006617917865514755,-0.0006444405019283561,-0.01,-0.011306232288479831,0.10602559987455606,False,False,-0.017671873793005943,-0.06888483238346625,114,False,False,11.900000000000643,-0.06617917865514755,-0.0,0.0,0.0,0.0,0.0,0.0,-0.0,0.7948209062202048,0.0,-0.0,0.0,0.39674866132355097,63
0.24054646492004395,0.6492277383804321,0.12370546907186508,0.2507175803184509,0.0017439421499148011,0.15988539159297943,0.7483417391777039,-0.20038531720638275,0.770288348197937,-0.02921136938035488,-0.03235016018152237,0.3590177595615387,-0.09753656387329102,-0.26810845732688904,-1.0,48.52619552612305,False,-0.25226473808288574,0.17257703840732574,-0.20980381965637207,0.7699482440948486,0.0,-0.0005283395200967789,-0.005803946852684039,-0.01,-0.016332286372780818,0.10733027709648013,False,False,-0.01961801014840603,-0.08787857955470255,115,False,False,12.000000000000677,-0.05283395200967789,-0.0,0.0,0.0,0.0,0.0,0.0,-0.0,0.7911243362478301,0.0,-0.0,0.0,0.39503382860381825,50
0.0416874885559082,0.7752096056938171,0.11358112096786499,0.21914783120155334,0.012918990105390549,0.16427715122699738,0.6437519788742065,-0.19869239628314972,0.7699302434921265,-0.010506365746259719,-0.2936416566371918,0.38793012499809265,0.1901847869157791,-0.9711343050003052,-1.0,48.463775634765625,False,-0.2596139907836914,0.17313966155052185,-0.20908695459365845,0.7698747515678406,0.0,-0.003039968013763428,-0.0025780217349529178,-0.01,-0.015617989748716346,0.10571665689349174,False,False,-0.01595662161707878,-0.07796081727867171,116,False,False,12.10000000000071,-0.3039968013763428,-0.0,0.0,0.0,0.0,0.0,0.0,-0.0,0.79390739331804,0.0,-0.0,0.0,0.39391372864525653,64
0.07065534591674805,0.6788884997367859,0.5320459604263306,0.25026416778564453,0.02398666739463806,0.1682366281747818,0.6472090482711792,-0.20513659715652466,0.7793121337890625,-0.0028541413694620045,0.8402981162071228,0.1392609179019928,0.6808661818504333,-1.0,-1.0,48.407772064208984,False,-0.34395456314086914,0.17414265871047974,-0.2083660513162613,0.7690313458442688,0.0,-0.005472683310508728,-0.011616461127996469,-0.01,-0.0270891444385052,0.1073092520236969,False,False,-0.025960220023989677,-0.08790084378779872,117,False,False,12.200000000000744,-0.5472683310508728,-0.0,0.0,0.0,0.0,0.0,0.0,-0.0,0.7784590249737722,0.0,-0.0,0.0,0.3837568291763774,56
0.750267505645752,0.598648726940155,0.8537079095840454,0.24578958749771118,0.0054028271697461605,0.17090550065040588,0.39778003096580505,-0.20017053186893463,0.7679954171180725,-0.04240833967924117,-0.08799624443054199,0.7573189735412598,0.5695359706878662,0.17643605172634125,1.0,48.27488327026367,False,-0.30059814453125,0.1745881289243698,-0.2069518119096756,0.769464910030365,0.0,-0.002341940701007843,-0.015702121183276185,-0.01,-0.02804406188428403,0.10594670521095395,False,False,-0.01341976784169674,0.5228758139085039,118,False,False,12.300000000000777,-0.2341940701007843,-0.0,0.0,0.0,0.0,0.0,0.0,-0.0,0.7546007998731212,0.0,-0.0,0.0,0.37495845923555277,17
0.31037330627441406,0.4999374449253082,0.7672866582870483,0.2731727957725525,0.0006728335865773261,0.15833395719528198,0.7497677803039551,-0.2018159031867981,0.7702209949493408,-0.036917007863521596,0.3631572425365448,-0.38879644870758057,0.3935956656932831,-0.11356379836797714,-1.0,48.087623596191406,False,-0.10144710540771484,0.17668507993221283,-0.20472238957881927,0.7714564204216003,0.0,-0.0011271505057811738,-0.00258089758455754,-0.01,-0.013708048090338714,0.10612732032313943,False,False,-0.026913678273558617,-0.06978417767372068,119,False,False,12.40000000000081,-0.11271505057811737,-0.0,0.0,0.0,0.0,0.0,0.0,-0.0,0.7570090153358167,0.0,-0.0,0.0,0.37737735716212717,64
0.08779168128967285,0.8069649338722229,0.5672922134399414,0.20515060424804688,0.015653815120458603,0.16836179792881012,0.5511949062347412,-0.19840042293071747,0.7688343524932861,0.0033642864227295,-0.8524637222290039,1.0,0.3402966558933258,0.03558928519487381,-1.0,48.095027923583984,False,-0.13854503631591797,0.17616605758666992,-0.20488092303276062,0.7710854411125183,0.0,-0.004609406888484955,0.0005870711803436235,-0.01,-0.01402233570814133,0.10624483786523342,False,False,-0.008216077461838722,-0.09139757926549262,120,False,False,12.500000000000844,-0.4609406888484955,-0.0,0.0,0.0,0.0,0.0,0.0,-0.0,0.7658415656208792,0.0,-0.0,0.0,0.3783113759219547,63
0.512164831161499,0.6735866665840149,0.668586790561676,0.27048802375793457,0.0015994824934750795,0.1695283055305481,0.5235344171524048,-0.20055516064167023,0.7695097327232361,-0.011638958826661099,0.005807587876915932,-0.15473465621471405,0.35760605335235596,0.024452202022075653,-1.0,47.85772705078125,False,0.18085837364196777,0.17900952696800232,-0.20201022922992706,0.7742794752120972,0.0,-0.00038114137947559357,0.002478183880448348,-0.01,-0.007902957499027245,0.11130162281915545,False,False,-0.023738302290439606,-0.13519645146899828,121,False,False,12.600000000000877,-0.03811413794755936,-0.0,0.0,0.0,0.0,0.0,0.0,-0.0,0.7785840760202056,0.0,-0.0,0.0,0.3889108966306272,51
0.3054797649383545,0.47759562730789185,0.3862649202346802,0.18121589720249176,0.001162410480901599,0.16013745963573456,0.692807674407959,-0.20231032371520996,0.7693555355072021,-0.026331702172756224,-0.7707020044326782,0.19552871584892273,-0.27132248878479004,-0.7595832347869873,1.0,47.86545181274414,False,0.022780895233154297,0.177559956908226,-0.2023288905620575,0.772698700428009,0.0,-0.0032069891691207885,-0.0007749640196562102,-0.01,-0.013981953188777,0.1104152100160718,False,False,-0.0037415141705423594,-0.08032829008426458,122,False,False,12.70000000000091,-0.32069891691207886,-0.0,0.0,0.0,0.0,0.0,0.0,-0.0,0.7848827817345602,0.0,-0.0,0.0,0.3892344016981593,63
0.12924671173095703,0.7161507606506348,0.9828408360481262,0.20389732718467712,0.0006852480582892895,0.16017842292785645,0.8175745606422424,-0.19915784895420074,0.7703350782394409,0.008265473097562788,-0.6488960981369019,-0.5640624761581421,-0.5758015513420105,0.04319417476654053,1.0,48.16282272338867,False,-0.3991246223449707,0.17649300396442413,-0.2055150717496872,0.7684796452522278,0.0,-0.0026816144585609437,0.009930480495095262,-0.01,-0.0027511339634656816,0.11125796101987362,False,False,-0.030871212482452393,-0.16599956736439864,123,False,False,12.800000000000944,-0.26816144585609436,-0.0,0.0,0.0,0.0,0.0,0.0,-0.0,0.8128724558422314,0.0,-0.0,0.0,0.40375461346255476,7
0.06309747695922852,0.7628148198127747,0.3413975238800049,0.21350589394569397,0.0012938941363245249,0.1668209284543991,0.6084248423576355,-0.19682152569293976,0.7694814801216125,-0.008519421145319936,0.13534246385097504,-0.32409247756004333,-0.23412123322486877,-0.8420329689979553,-1.0,48.1556510925293,False,-0.2368330955505371,0.1757057160139084,-0.20556840300559998,0.7701025605201721,0.0,-0.002217964380979538,-0.004948989674448956,-0.01,-0.017166954055428493,0.11084800399839878,False,False,-0.031014008447527885,-0.12306452228302901,124,False,False,12.900000000000977,-0.2217964380979538,-0.0,0.0,0.0,0.0,0.0,0.0,-0.0,0.8110852544666796,0.0,-0.0,0.0,0.40332466285236024,54
0.0019669532775878906,0.6337150931358337,0.577836275100708,0.3887537121772766,7.726147305220366e-05,0.17244139313697815,0.3900150656700134,-0.1990208774805069,0.7722495794296265,-0.019758293628692615,0.7280660271644592,-0.05755389854311943,0.5544041395187378,-0.6977870464324951,1.0,48.13682174682617,False,-0.23725032806396484,0.1756201833486557,-0.20539134740829468,0.7700983881950378,0.0,-0.0033191585540771483,-0.019519544467330008,-0.01,-0.03283870302140716,0.11053577717393637,False,False,-0.013173554092645645,-0.11375443390828124,125,False,False,13.00000000000101,-0.33191585540771484,-0.0,0.0,0.0,0.0,0.0,0.0,-0.0,0.7798446407711588,0.0,-0.0,0.0,0.38660316183150223,53
,,,,0.0002286932576680556,0.16236115992069244,0.7474774718284607,-0.19726327061653137,0.7711517810821533,-0.056969324946403485,0.013800501823425293,0.09078407287597656,0.5701073408126831,-0.8017417788505554,1.0,48.116825103759766,False,-0.24513006210327148,0.1757480353116989,-0.20516853034496307,0.7700195908546448,0.0,-0.0024406111240386965,-0.02215677142143252,-0.01,-0.03459738254547122,0.10922462167218328,False,True,,-1000000000.0,126,False,False,13.100000000001044,-0.24406111240386963,-0.0,0.0,0.0,0.0,0.0,0.0,-0.0,0.7429608123340805,0.0,-0.0,0.0,0.36903979504300155,0
0.10955333709716797,0.8309543132781982,0.6401563286781311,0.17626333236694336,0.0005265214713290334,0.16756460070610046,0.6143504977226257,-0.19553211331367493,0.7704092264175415,-0.008144200146198302,-0.3939789831638336,0.22230032086372375,-0.5711767077445984,-0.16808009147644043,-1.0,48.107608795166016,False,-0.24797320365905762,0.1760883331298828,-0.20502083003520966,0.7699911594390869,0.0,-0.00139782652258873,-0.004871224761009207,-0.01,-0.016269051283597936,0.10940377786755562,False,False,-0.0013117125490680337,-0.09611552155301767,127,False,False,13.200000000001078,-0.13978265225887299,-0.0,0.0,0.0,0.0,0.0,0.0,-0.0,0.7406245213838591,0.0,-0.0,0.0,0.36891443416934083,64
0.061702728271484375,0.6815135478973389,0.3738810420036316,0.1686512678861618,0.001169492956250906,0.17066609859466553,0.455221027135849,-0.1970818191766739,0.7703542709350586,-0.0011072497069835596,0.0652749314904213,-0.3011833429336548,-0.7690864205360413,0.600578248500824,-1.0,48.09164047241211,False,-0.2450108528137207,0.1762356162071228,-0.204835444688797,0.7700207829475403,0.0,-0.0026179009675979617,0.004962223544716815,-0.01,-0.007655677422881146,0.11298414599150419,False,False,-0.024784095585346222,-0.08032195804001159,128,False,False,13.300000000001111,-0.26179009675979614,-0.0,0.0,0.0,0.0,0.0,0.0,-0.0,0.7581302897054832,0.0,-0.0,0.0,0.37644724388514367,61
,,,,0.0008923931745812297,0.16555394232273102,0.5434855818748474,-0.19927604496479034,0.7706217169761658,-0.017324691377580175,0.20173883438110352,0.1722724437713623,0.008074045181274414,0.3773627281188965,-1.0,48.06615447998047,False,-0.2068161964416504,0.17635786533355713,-0.20455770194530487,0.770402729511261,0.0,-0.0005321104452013969,0.0020742647349834553,-0.01,-0.008457845710217942,0.10799407819285989,False,True,,-1000000000.0,129,False,False,13.400000000001144,-0.053211044520139694,-0.0,0.0,0.0,0.0,0.0,0.0,-0.0,0.7699787480503536,0.0,-0.0,0.0,0.3844572635799754,0
0.029349327087402344,0.5775526165962219,0.3615056276321411,0.3325503468513489,0.002350265858694911,0.1651258021593094,0.5986884236335754,-0.19860687851905823,0.769294261932373,-0.010035851001739527,-0.35197940468788147,0.35641834139823914,-0.5373082756996155,0.12978123128414154,-1.0,47.950653076171875,False,-0.13300180435180664,0.17647844552993774,-0.20336827635765076,0.7711408734321594,0.0,-0.0013911673426628113,0.004135445505380642,-0.01,-0.00725572183728217,0.09988597594201565,False,False,-0.02507435530424118,-0.11949018069258258,130,False,False,13.500000000001178,-0.13911673426628113,-0.0,0.0,0.0,0.0,0.0,0.0,-0.0,0.7861107551640306,0.0,-0.0,0.0,0.3916642102393525,45
0.033915042877197266,0.591142475605011,0.3258819580078125,0.1972092241048813,0.001475967583246529,0.1658155769109726,0.3882274031639099,-0.20200994610786438,0.7696618437767029,-0.001084339395165437,-0.0576145313680172,0.04362400621175766,0.022205181419849396,-0.5186793804168701,-1.0,47.88959503173828,False,-0.28375983238220215,0.17673569917678833,-0.20270809531211853,0.7696332931518555,0.0,-0.0006868597120046616,0.003868982195854187,-0.01,-0.006817877516150475,0.09947668807581067,False,False,-0.020705480128526688,-0.12509689654652328,131,False,False,13.600000000001211,-0.06868597120046616,-0.0,0.0,0.0,0.0,0.0,0.0,-0.0,0.8018671445097596,0.0,-0.0,0.0,0.40024671254287514,64
0.015562772750854492,0.4629457890987396,0.1625269651412964,0.2422407567501068,0.002046050038188696,0.17206977307796478,0.3939027488231659,-0.19620497524738312,0.7685733437538147,-0.013655801713466656,-0.28799742460250854,0.06309948116540909,0.5034050941467285,-0.7655519247055054,-1.0,47.81936264038086,False,-0.2592027187347412,0.1768002063035965,-0.20198610424995422,0.7698788642883301,0.0,-0.0023160263895988463,-0.008205658942461003,-0.01,-0.02052168533205985,0.10166156804189086,False,False,-0.01968299224972725,-0.12440554329839858,132,False,False,13.700000000001245,-0.23160263895988464,-0.0,0.0,0.0,0.0,0.0,0.0,-0.0,0.7933899566890756,0.0,-0.0,0.0,0.394378951954939,64
0.13143420219421387,0.4555816352367401,0.22008568048477173,0.19607985019683838,0.0006969234091229737,0.1665111482143402,0.5712509155273438,-0.19541960954666138,0.7694187760353088,-0.023240479454398173,-0.5699310898780823,0.1772659420967102,-0.5242951512336731,-0.5057792067527771,-1.0,47.78416061401367,False,-0.24808049201965332,0.1768806278705597,-0.2016163468360901,0.769990086555481,0.0,-0.002217356711626053,-0.0026452081650495396,-0.01,-0.014862564876675593,0.10935650812461972,False,False,-0.02588449977338314,-0.12550770299509023,133,False,False,13.800000000001278,-0.22173567116260529,-0.0,0.0,0.0,0.0,0.0,0.0,-0.0,0.7960600019151377,0.0,-0.0,0.0,0.3958126442459428,48
0.08655786514282227,0.6313408017158508,0.43836286664009094,0.19562464952468872,0.0002845542912837118,0.17292843759059906,0.41550546884536743,-0.19553349912166595,0.7707648873329163,-0.006936123669147516,0.6446270942687988,-0.2614057660102844,-0.5690771341323853,-0.8457968831062317,-1.0,47.780513763427734,False,-0.3449440002441406,0.17774620652198792,-0.20143745839595795,0.7690214514732361,0.0,-0.0038077455759048463,-0.006219632104039197,-0.01,-0.020027377679944044,0.11186487413942814,False,False,-0.02810531109571457,-0.11787083174819056,134,False,False,13.900000000001311,-0.3807745575904846,-0.0,0.0,0.0,0.0,0.0,0.0,-0.0,0.7915359520648863,0.0,-0.0,0.0,0.39196023045653827,51
,,,,0.00020603470329660922,0.17196877300739288,0.4385903477668762,-0.19633381068706512,0.7712871432304382,-0.031015454232692717,0.02212679386138916,0.40715324878692627,0.23025012016296387,-0.7682471871376038,0.9999971389770508,47.67567443847656,False,-0.4574000835418701,0.17768506705760956,-0.2003849744796753,0.7678968906402588,0.0,-0.002023705542087555,-0.019086024686694125,-0.01,-0.031109730228781683,0.10797816282138228,False,True,,-1000000000.0,135,False,False,14.000000000001345,-0.2023705542087555,-0.0,0.0,0.0,0.0,0.0,0.0,-0.0,0.7609738231510502,0.0,-0.0,0.0,0.3784632060334376,0
0.20329952239990234,0.3661652207374573,0.28034448623657227,0.21216601133346558,0.006061783991754055,0.1662345826625824,0.4829481244087219,-0.1967296153306961,0.7681987285614014,-0.031069063544273384,-0.6892982721328735,0.23316921293735504,0.15584053099155426,-0.5049257874488831,-1.0,47.480125427246094,False,-0.31033754348754883,0.17792004346847534,-0.19836381077766418,0.769367516040802,0.0,-0.002021840810775757,-0.003768608197569856,-0.01,-0.015790449008345614,0.10911654913797975,False,False,-0.016989463940262794,-0.09785974162654595,136,False,False,14.100000000001378,-0.20218408107757568,-0.0,0.0,0.0,0.0,0.0,0.0,-0.0,0.761047055840984,0.0,-0.0,0.0,0.3785016871097162,58
0.06175637245178223,0.5498886108398438,0.4021793603897095,0.21680189669132233,0.00025852228282019496,0.1597394496202469,0.7160067558288574,-0.1977391391992569,0.7711084485054016,-0.017942730784416223,0.4377319812774658,-0.20483846962451935,0.20439571142196655,-0.06508943438529968,1.0,47.47550582885742,False,-0.4044055938720703,0.17796821892261505,-0.19830895960330963,0.7684268355369568,0.0,-0.0006989558041095733,0.00046459004282950467,-0.01,-0.010234365761280069,0.10991165181621909,False,False,-0.02008347399532795,-0.09572742454954544,137,False,False,14.200000000001411,-0.06989558041095734,-0.0,0.0,0.0,0.0,0.0,0.0,-0.0,0.7696730250170399,0.0,-0.0,0.0,0.3841375567044104,59
0.286257266998291,0.8365367650985718,0.4315326511859894,0.21143044531345367,0.02651245892047882,0.16992370784282684,0.48563382029533386,-0.19380274415016174,0.7689620852470398,0.003904175609350179,-0.6141089200973511,0.7425668835639954,-0.17937219142913818,0.16351887583732605,-1.0,47.49797058105469,False,-0.44371485710144043,0.17900390923023224,-0.19836321473121643,0.7680337429046631,0.0,-0.002468620389699936,0.0015892037749290489,-0.01,-0.010879416614770886,0.10973652731627226,False,False,-0.0058507127687335014,-0.09547238048383747,138,False,False,14.300000000001445,-0.2468620389699936,-0.0,0.0,0.0,0.0,0.0,0.0,-0.0,0.7806579876185147,0.0,-0.0,0.0,0.3878603734195574,52
0.003439188003540039,0.43810704350471497,0.531833827495575,0.2117013931274414,0.0030414173379540443,0.17222389578819275,0.25853264331817627,-0.19568966329097748,0.769011914730072,-0.001787166781723512,0.2829970717430115,0.012015070766210556,0.13019514083862305,0.008048099465668201,-1.0,47.267757415771484,False,-0.28811097145080566,0.17907540500164032,-0.19601626694202423,0.7695897817611694,0.0,-0.00024311814457178115,0.004337216764688512,-0.01,-0.00590590137988327,0.10824809968471527,False,False,-0.025110993534326553,-0.09173943005917293,139,False,False,14.400000000001478,-0.024311814457178116,-0.0,0.0,0.0,0.0,0.0,0.0,-0.0,0.7973054289346828,0.0,-0.0,0.0,0.3984095963227696,63
0.17894506454467773,0.4697436988353729,0.5926966667175293,0.20195069909095764,0.001853689318522811,0.17432329058647156,0.3346458077430725,-0.19190281629562378,0.7694775462150574,-0.021974752172827718,0.12320278584957123,0.06206795945763588,-0.7005436420440674,-0.6769028306007385,-1.0,47.072608947753906,False,-0.12395381927490234,0.18076619505882263,-0.1937454789876938,0.7712313532829285,0.0,-0.0024199753999710086,-0.008226140066981302,-0.01,-0.02064611546695231,0.10941590601578355,False,False,-0.006549683399498463,-0.10465685406450459,140,False,False,14.500000000001512,-0.24199753999710083,-0.0,0.0,0.0,0.0,0.0,0.0,-0.0,0.7887405288933318,0.0,-0.0,0.0,0.3919502890466949,48
0.4265308380126953,0.6226763129234314,0.46239396929740906,0.2573045492172241,0.0009085399215109646,0.17300693690776825,0.5452925562858582,-0.1917920857667923,0.7699747681617737,-0.03267792776227,-0.4407729208469391,0.09973050653934479,0.15489690005779266,-1.0,1.0,46.79666519165039,False,0.16693472862243652,0.18380889296531677,-0.19040073454380035,0.7741402387619019,0.0,-0.003070549964904785,-0.008346976041793852,-0.01,-0.021417526006698637,0.11038476694375277,False,False,-0.021225376054644585,-0.12991367465922116,141,False,False,14.600000000001545,-0.3070549964904785,-0.0,0.0,0.0,0.0,0.0,0.0,-0.0,0.7798449858875074,0.0,-0.0,0.0,0.3868519429788489,57
0.6665170192718506,1.0097742080688477,0.6796941161155701,0.22800865769386292,0.02431739680469036,0.1915062963962555,0.38169968128204346,-0.1894049197435379,0.7709701061248779,0.0060302757471799775,0.6885300874710083,0.3531792163848877,0.5050742030143738,-0.8399771451950073,-1.0,46.45914840698242,False,0.4449188709259033,0.18952609598636627,-0.18588410317897797,0.7769200801849365,0.0,-0.003898677229881287,-0.0010028251260519316,-0.01,-0.01490150235593322,0.1087066875770688,False,False,-0.02508869767189026,-0.11963536975714714,142,False,False,14.700000000001578,-0.38986772298812866,-0.0,0.0,0.0,0.0,0.0,0.0,-0.0,0.7856963260906833,0.0,-0.0,0.0,0.38894948581546035,45
,,,,0.011153697036206722,0.18139348924160004,1.0442898273468018,-0.185919851064682,0.768739640712738,-0.04854847408831119,-0.2404024600982666,0.18229460716247559,-0.057645559310913086,-0.6139875650405884,1.0,46.072933197021484,False,0.4719853401184082,0.1984410583972931,-0.1800898313522339,0.7771907448768616,0.0,-0.0011783210188150406,0.00335295788943768,-0.01,-0.007825363129377361,0.11005509505048394,False,True,,-1000000000.0,143,False,False,14.800000000001612,-0.11783210188150406,-0.0,0.0,0.0,0.0,0.0,0.0,-0.0,0.8004063556205848,0.0,-0.0,0.0,0.39902485679147737,0
0.35190582275390625,0.9625166654586792,0.9209081530570984,0.2619757056236267,0.08469689637422562,0.18937234580516815,0.4516025483608246,-0.19009700417518616,0.774581789970398,0.014035567045211814,0.6233224272727966,-0.3012499213218689,0.2481478750705719,-0.6989132165908813,1.0,46.98705291748047,False,-0.019675493240356445,0.1996893286705017,-0.18917356431484222,0.7722741365432739,0.0,-0.002573348581790924,0.0015777844190597579,-0.01,-0.010995564162731166,0.11045660777017474,False,False,-0.012057784013450146,-0.11149434825218424,144,False,False,14.900000000001645,-0.2573348581790924,-0.0,0.0,0.0,0.0,0.0,0.0,-0.0,0.8116787246220122,0.0,-0.0,0.0,0.40326601372921517,64
0.15595555305480957,0.5137180685997009,0.14533600211143494,0.2789428234100342,0.012851745821535587,0.17799074947834015,0.789487361907959,-0.1904630959033966,0.7693042159080505,-0.030385844260454174,-0.26058968901634216,0.409409761428833,-0.6310815215110779,-0.036353591829538345,-1.0,47.125572204589844,False,0.002688169479370117,0.1979893296957016,-0.19095557928085327,0.7724977731704712,0.0,-0.0015877720713615418,0.0004589802026748746,-0.01,-0.011128791868686667,0.10994106810539961,False,False,-0.015417317859828472,0.5533783002997592,145,False,False,15.000000000001679,-0.15877720713615417,-0.0,0.0,0.0,0.0,0.0,0.0,-0.0,0.8208047447579276,0.0,-0.0,0.0,0.4088146003076023,63
0.2836644649505615,0.9764577150344849,0.5061606168746948,0.25214070081710815,0.04664381965994835,0.18061262369155884,0.7885615229606628,-0.19032303988933563,0.7699033617973328,0.0026894854754209493,0.17621499300003052,0.35631901025772095,0.5571190118789673,-0.004035471938550472,-1.0,47.467044830322266,False,-0.006639957427978516,0.19755364954471588,-0.19453772902488708,0.7724044919013977,0.0,-0.00117103211581707,-0.0013844721764326162,-0.01,-0.012555504292249687,0.11214563576504588,False,False,-0.023222651332616806,-0.15746090881817085,146,False,False,15.100000000001712,-0.117103211581707,-0.0,0.0,0.0,0.0,0.0,0.0,-0.0,0.8262987621818774,0.0,-0.0,0.0,0.4119783489751216,64
0.2741098403930664,0.8975058794021606,0.3055850863456726,0.25180917978286743,0.003249280620366335,0.16862693428993225,1.1547248363494873,-0.19722367823123932,0.7695308327674866,-0.045075039863586436,-0.2851881682872772,-0.10614205151796341,-0.24235254526138306,0.2878049910068512,-1.0,47.463077545166016,False,-2.9802322387695312e-05,0.19759397208690643,-0.1944887340068817,0.7724705934524536,0.0,-0.0005854122340679168,-0.004885476157069191,-0.01,-0.015470888391137107,0.11032794835045934,False,False,-0.01888418383896351,-0.14611519208355495,147,False,False,15.200000000001745,-0.05854122340679169,-0.0,0.0,0.0,0.0,0.0,0.0,-0.0,0.8247755745667169,0.0,-0.0,0.0,0.4118023750492905,64
0.3509521484375,1.1879723072052002,0.3239641785621643,0.2379143089056015,0.04150194674730301,0.17300722002983093,0.9645243287086487,-0.19333866238594055,0.7704579830169678,0.006991999149322499,-0.0564563162624836,-0.2777828872203827,-0.22239571809768677,0.528630793094635,-1.0,47.56850051879883,False,0.07700920104980469,0.19675830006599426,-0.19574031233787537,0.7732409834861755,0.0,-0.0010231524705886842,0.0023927146196365268,-0.01,-0.008630437850952157,0.11303473776206374,False,False,-0.0127171091735363,-0.1255816593641068,148,False,False,15.300000000001779,-0.10231524705886841,-0.0,0.0,0.0,0.0,0.0,0.0,-0.0,0.837940368380077,0.0,-0.0,0.0,0.4179470317194498,64
0.3733038902282715,1.2477542161941528,0.2726033329963684,0.2219063937664032,0.002501480281352997,0.17368479073047638,1.1459245681762695,-0.19338858127593994,0.7698454856872559,-0.01064210884273051,0.20880043506622314,-0.6264069080352783,0.5947650074958801,0.3363568186759949,-1.0,48.038795471191406,False,0.23894309997558594,0.19567137956619263,-0.20076489448547363,0.7748603224754333,0.0,-0.0022571612894535065,-0.004977356120944021,-0.01,-0.017234517410397526,0.11300689494237304,False,False,-0.019285209476947784,-0.15057693614025935,149,False,False,15.400000000001812,-0.22571612894535065,-0.0,0.0,0.0,0.0,0.0,0.0,-0.0,0.8363491683579247,0.0,-0.0,0.0,0.41591742288950884,63
0.537794828414917,1.3975541591644287,0.7636576890945435,0.2593337893486023,0.1108916699886322,0.17287525534629822,1.1649365425109863,-0.19445353746414185,0.7732589244842529,-0.008251014798879608,-0.6988323926925659,0.014034029096364975,-0.23747920989990234,-0.14569047093391418,-1.0,48.55084991455078,False,0.3018200397491455,0.19365738332271576,-0.20638933777809143,0.775489091873169,0.0,-0.0014154644310474397,-0.004010421782732032,-0.01,-0.015425886213779473,0.11228021886199713,False,False,-0.02347341924905777,-0.14014534014779279,150,False,False,15.500000000001846,-0.14154644310474396,-0.0,0.0,0.0,0.0,0.0,0.0,-0.0,0.8366953372506896,0.0,-0.0,0.0,0.41693220419429733,64
0.0003814697265625,1.1542513370513916,0.5631903409957886,0.32408231496810913,0.0014847308630123734,0.17791549861431122,1.019416332244873,-0.1941567361354828,0.7700902819633484,0.005703338012099239,0.3100716173648834,-0.17826928198337555,-0.6855493187904358,-0.10894900560379028,-1.0,48.65091323852539,True,0.09934306144714355,0.19144243001937866,-0.2078382521867752,0.7734643220901489,0.0,-0.0015244302153587341,0.4684381916868231,-0.01,0.45691376147146434,0.11190843489021063,False,False,-0.023002419620752335,-0.1500716769724664,151,False,False,15.600000000001879,-0.1524430215358734,-0.0,0.0,0.0,1.0,0.5866073667037258,0.0,-0.0,0.0,0.0,-0.0,0.1024392441989882,0.8942184973354924,64
0.21299123764038086,1.080453872680664,0.22980819642543793,0.20500460267066956,0.02871992252767086,0.17853347957134247,1.1676032543182373,-0.18716929852962494,0.772005558013916,-0.010946466028690347,-0.35900214314460754,0.27543655037879944,-0.3459468185901642,-0.6265135407447815,-1.0,48.717529296875,False,-0.008749961853027344,0.19192996621131897,-0.20842307806015015,0.7723833918571472,0.0,-1.0017923656105996,-0.481113213130876,-0.01,-1.4929055787414756,0.10668388893827796,False,False,-0.01786590926349163,-0.13434424887637564,152,False,False,15.700000000001912,-0.17923656105995178,-0.0,0.0,0.0,1.0,0.5595845030840263,0.0,-0.0,0.0,0.0,-0.0,0.10205145681200578,0.8800513427434195,64
0.009828805923461914,1.2477482557296753,0.47290274500846863,0.17808084189891815,0.020565150305628777,0.18227772414684296,0.9972130060195923,-0.19135239720344543,0.7694271206855774,-0.0007848433405160775,-0.7452260255813599,-0.026722798123955727,-0.2640268802642822,-0.3312755525112152,-1.0,48.78398513793945,False,-0.036597251892089844,0.1917307823896408,-0.2091379314661026,0.7721049189567566,0.0,-0.0018388240039348602,-0.006474271342158333,-0.01,-0.018313095346093194,0.10886600986123085,False,False,-0.022443315014243126,-0.16343908278472402,153,False,False,15.800000000001946,-0.18388240039348602,-0.0,-1.0,0.0,0.0,0.0,0.0,-0.0,0.8330180950218311,0.0,-0.0,0.0,-0.5853297764930193,64
0.4295051097869873,1.1648625135421753,0.2241273671388626,0.3879620432853699,0.1775691956281662,0.18080081045627594,1.1790294647216797,-0.19191332161426544,0.7791205644607544,-0.02006773866713047,0.17928603291511536,-0.18971891701221466,-0.2574738562107086,-0.4051070809364319,1.0,49.04429244995117,False,0.14845728874206543,0.19099177420139313,-0.21192814409732819,0.7739554643630981,0.0,-0.0007463531941175461,-0.012306838780641538,-0.01,-0.023053191974759087,0.11703730607405305,False,False,-0.02176925167441368,-0.17107198100089466,154,False,False,15.90000000000198,-0.07463531941175461,-0.0,0.0,0.0,0.0,0.0,0.0,-0.0,0.8165701033446069,0.0,-0.0,0.0,0.4075386984781859,64
0.7101535797119141,1.1408700942993164,0.4761705696582794,0.3930998742580414,0.016454480588436127,0.18025976419448853,0.8508627414703369,-0.192194402217865,0.772489607334137,0.00043584004044535003,0.024774979799985886,-0.05304673686623573,-0.5094136595726013,0.7250140309333801,-1.0,49.21708297729492,False,-0.013148784637451172,0.1826479732990265,-0.2151818722486496,0.772339403629303,0.0,-0.001971438229084015,-0.003840598240494708,-0.01,-0.015812036469578725,0.10951534798368812,False,False,-0.022765640169382095,0.5103736771739484,155,False,False,16.00000000000201,-0.1971438229084015,-0.0,0.0,0.0,0.0,0.0,0.0,-0.0,0.8170595674684386,0.0,-0.0,0.0,0.40655834550513525,64
0.03942251205444336,1.0740954875946045,0.23971199989318848,0.2082919180393219,0.08668042719364166,0.18124188482761383,1.0849167108535767,-0.19390854239463806,0.7792190909385681,-0.012741134166717561,0.15033785998821259,-0.43057405948638916,-0.10303796082735062,0.5799565315246582,1.0,49.410579681396484,False,0.01747608184814453,0.18425537645816803,-0.21686911582946777,0.7726456522941589,0.0,-0.0013874047994613648,0.001404353380203227,-0.01,-0.009983051419258138,0.11023366311565042,False,False,-0.020851371809840202,-0.14910513115295243,156,False,False,16.100000000001955,-0.13874047994613647,-0.0,0.0,0.0,0.0,0.0,0.0,-0.0,0.8281497510248284,0.0,-0.0,0.0,0.4126874707129528,64
0.7046222686767578,1.0097920894622803,0.20884275436401367,0.30778968334198,0.01882900670170784,0.17594681680202484,0.9351740479469299,-0.1910104602575302,0.7742677330970764,-0.0262924986332655,-0.00975800771266222,-0.3644949793815613,-0.47738367319107056,0.5170738697052002,-1.0,49.26943588256836,False,0.1734614372253418,0.1785593181848526,-0.2163909524679184,0.7742055058479309,0.0,-0.0015705308318138124,-0.0028289875388145536,-0.01,-0.014399518370628367,0.11108946008607745,False,False,-0.022054782137274742,0.48929043672627176,157,False,False,16.2000000000019,-0.15705308318138123,-0.0,0.0,0.0,0.0,0.0,0.0,-0.0,0.8307997035220956,0.0,-0.0,0.0,0.413829320929234,64
0.10223388671875,0.8924275636672974,0.171291321516037,0.18598490953445435,0.1674145609140396,0.17776988446712494,1.2689650058746338,-0.1877879798412323,0.7821921110153198,-0.01185794930905104,0.11131055653095245,0.21111330389976501,-0.48904696106910706,-0.1810653805732727,-1.0,49.162986755371094,False,0.2889573574066162,0.17467071115970612,-0.21592611074447632,0.7753604650497437,0.0,-0.0008222761750221253,-0.008088079914450652,-0.01,-0.01891035608947278,0.11295167077332735,False,False,-0.023920254781842232,-0.13801029168393117,158,False,False,16.300000000001845,-0.08222761750221252,-0.0,0.0,0.0,0.0,0.0,0.0,-0.0,0.8228521737274039,0.0,-0.0,0.0,0.41060381068867985,64
0.6996870040893555,1.0640501976013184,0.2007226198911667,0.2668898105621338,0.08368230611085892,0.1833454817533493,1.2520473003387451,-0.18910159170627594,0.7779961824417114,-0.004307614564895621,0.09261024743318558,0.7357591986656189,-0.25810855627059937,0.09975211322307587,-1.0,48.83082962036133,False,0.13480186462402344,0.17359089851379395,-0.21273115277290344,0.7738189101219177,0.0,-0.0015662218630313873,-0.010691336840391141,-0.01,-0.02225755870342253,0.1113110426813364,False,False,-0.02452000603079796,-0.1526621997657759,159,False,False,16.40000000000179,-0.15662218630313873,-0.0,0.0,0.0,0.0,0.0,0.0,-0.0,0.8095650944548307,0.0,-0.0,0.0,0.40321632536438395,64
0.4666328430175781,1.0980546474456787,0.38933801651000977,0.26899856328964233,0.35002124309539795,0.1826157420873642,1.1488735675811768,-0.19584400951862335,0.7816503643989563,-0.03134327769279482,0.11885731667280197,0.447540283203125,-0.08176670968532562,0.10008317977190018,-1.0,48.885047912597656,False,-0.0025391578674316406,0.1746305376291275,-0.21312014758586884,0.7724454998970032,0.0,-0.0005778045207262039,-0.020848797857761392,-0.01,-0.03142660237848759,0.11249114386737347,False,False,-0.027705209329724312,-0.15590410322660148,160,False,False,16.500000000001734,-0.05778045207262039,-0.0,0.0,0.0,0.0,0.0,0.0,-0.0,0.7756237277415973,0.0,-0.0,0.0,0.38723405935007243,64
0.9335160255432129,0.9776512980461121,0.304803729057312,0.29217228293418884,0.04057058319449425,0.1779579073190689,0.6633346676826477,-0.19719401001930237,0.7731130719184875,-0.037145387455821056,-0.27877312898635864,0.0022818364668637514,-0.04576672241091728,0.007077218033373356,-1.0,48.88340377807617,False,-1.1920928955078125e-05,0.17461244761943817,-0.21310628950595856,0.7724707722663879,0.0,-0.00019966088235378265,-0.011736183091998087,-0.01,-0.02193584397435187,0.10878706490620971,False,False,-0.02632879465818405,-0.16089790828476647,161,False,False,16.60000000000168,-0.019966088235378265,-0.0,0.0,0.0,0.0,0.0,0.0,-0.0,0.7597488911734556,0.0,-0.0,0.0,0.379674784704374,63
0.004255771636962891,0.548495352268219,0.33512312173843384,0.28303077816963196,0.4146088659763336,0.18626973032951355,1.3493359088897705,-0.20095320045948029,0.7891405820846558,-0.007698947563767436,0.8742242455482483,-0.1283911168575287,-0.26576265692710876,-0.7409456372261047,-1.0,48.88339614868164,False,0.0,0.1746123731136322,-0.21310622990131378,0.7724708914756775,0.0,-0.0035009562969207765,-0.003731710538268096,-0.01,-0.017232666835188874,0.11056816205382347,False,False,-0.02427590824663639,-0.13959167984201823,162,False,False,16.700000000001623,-0.35009562969207764,-0.0,0.0,0.0,0.0,0.0,0.0,-0.0,0.7598842897968741,0.0,-0.0,0.0,0.37644118860151626,63
1.4130353927612305,1.1473621129989624,0.37767934799194336,0.27191513776779175,0.602504551410675,0.18668407201766968,1.2144535779953003,-0.19839788973331451,0.7821244597434998,0.5671773761017399,-0.48849064111709595,0.00545293977484107,-0.13786651194095612,0.05446114391088486,-1.0,48.88339614868164,False,0.0,0.1746123731136322,-0.21310622990131378,0.7724708914756775,0.0,-0.0006515650451183319,-0.000442385375499732,-0.01,-0.011093950420618065,0.10975378192961216,False,False,-0.0147139523178339,0.5151150145533523,163,False,False,16.800000000001567,-0.06515650451183319,-0.0,0.0,0.0,0.0,0.0,0.0,-0.0,0.7666661609962084,0.0,-0.0,0.0,0.3826815154529859,63
1.0699808597564697,1.157455563545227,0.385090708732605,0.3558960258960724,0.5279386043548584,0.17735713720321655,1.0312765836715698,-0.1963832527399063,0.7839414477348328,0.002883648168443758,-0.37195685505867004,0.30921581387519836,-0.6625316739082336,0.11351227015256882,-1.0,48.88339614868164,False,0.0,0.1746123731136322,-0.21310622990131378,0.7724708914756775,0.0,-0.0017144989967346192,0.001283046528696985,-0.01,-0.010431452468037634,0.11403648974373937,False,False,-0.008264608681201935,-1.0609265064844775,164,False,False,16.900000000001512,-0.17144989967346191,-0.0,0.0,0.0,0.0,0.0,0.0,-0.0,0.777002274318211,0.0,-0.0,0.0,0.3867866381623709,47
0.7880806922912598,0.9512588381767273,0.11262446641921997,0.3991397023200989,0.07829184085130692,0.18357810378074646,0.9082327485084534,-0.19819234311580658,0.7756784558296204,-1.62167089114023,0.06294678151607513,-0.18908308446407318,-0.22527383267879486,0.6030248403549194,1.0,49.18155288696289,False,0.1973569393157959,0.17537765204906464,-0.216004878282547,0.7744444608688354,0.0,-0.0011352549493312835,-0.010736049860715857,-0.01,-0.02187130481004714,0.11115766270086169,False,False,-1.6339997053146362,-1.8079297338097984,165,False,False,17.000000000001457,-0.11352549493312836,-0.0,0.0,0.0,0.0,0.0,0.0,-0.0,0.7631618031469325,0.0,-0.0,0.0,0.38044564662413494,22
0.24017095565795898,0.817011296749115,0.2446482628583908,0.2659294605255127,0.07851186394691467,0.1736101508140564,0.7071813344955444,-0.20148874819278717,0.7798856496810913,-0.03210224777460096,0.24541689455509186,-0.43702182173728943,-0.4553721249103546,-1.0,-1.0,49.09489059448242,False,0.12726783752441406,0.17498327791690826,-0.21518898010253906,0.7737435698509216,0.0,-0.003646453320980072,0.002440157160162937,-0.01,-0.011206296160817135,0.11056515015661716,False,False,-0.0253435205668211,-0.1537486812594953,166,False,False,17.1000000000014,-0.3646453320980072,-0.0,0.0,0.0,0.0,0.0,0.0,-0.0,0.7758000867371871,0.0,-0.0,0.0,0.3842535900476135,64
0.6183207035064697,0.8026584982872009,0.23947258293628693,0.2326449304819107,0.28307420015335083,0.17974244058132172,1.036940574645996,-0.19599908590316772,0.7760207056999207,0.009910918101668343,-0.8760120868682861,0.23086324334144592,0.5663974285125732,-0.393453449010849,-1.0,49.17863845825195,False,-0.03675222396850586,0.17290493845939636,-0.2163524627685547,0.7721033692359924,0.0,-0.0032407665252685547,-0.0004282294213772131,-0.01,-0.013668995946645768,0.10970885399729013,False,False,-0.01768619380891323,-0.14453694958298952,167,False,False,17.200000000001346,-0.32407665252685547,-0.0,0.0,0.0,0.0,0.0,0.0,-0.0,0.7827714039589586,0.0,-0.0,0.0,0.38814493545421075,64
0.40567517280578613,1.004571795463562,0.557553768157959,0.3705396056175232,0.759699821472168,0.18200743198394775,1.8352538347244263,-0.19744646549224854,0.7978014945983887,0.645586972839818,0.23931577801704407,0.25319093465805054,-0.4679051637649536,-0.12845833599567413,-1.0,49.18638610839844,False,-0.05107522010803223,0.17192184925079346,-0.21657714247703552,0.7719601392745972,0.0,-0.000892036184668541,-0.009851471707224835,-0.01,-0.020743507891893376,0.11024521989747882,False,False,-0.023226074874401093,-0.1994898097493144,168,False,False,17.30000000000129,-0.0892036184668541,-0.0,0.0,0.0,0.0,0.0,0.0,-0.0,0.7707761553968,0.0,-0.0,0.0,0.38449604151373146,64
2.763313055038452,2.0460641384124756,0.261846661567688,0.28317946195602417,0.3931976556777954,0.17686593532562256,1.1514146327972412,-0.20095837116241455,0.7808780074119568,-1.7081577609431118,-0.29978278279304504,0.5280389785766602,-0.17415295541286469,0.7492583394050598,-1.0,49.1800537109375,False,0.02181529998779297,0.16679726541042328,-0.21724317967891693,0.7726890444755554,0.0,-0.0024010303616523745,-0.01637360990047454,-0.01,-0.028774640262126915,0.11720412410795689,False,False,-0.022616051137447357,-0.17193587179537442,169,False,False,17.400000000001235,-0.24010303616523743,-0.0,0.0,0.0,0.0,0.0,0.0,-0.0,0.7454838384154995,0.0,-0.0,0.0,0.37034088884609734,63
1.067870855331421,1.1311535835266113,0.3081083297729492,0.21551969647407532,0.523250162601471,0.17866834998130798,1.3701890707015991,-0.20264126360416412,0.7872135639190674,0.6323438854769481,-0.16495755314826965,-0.42061349749565125,-0.3823030889034271,0.05310676991939545,-1.0,49.18171310424805,False,-0.0003993511199951172,0.1669122278690338,-0.21724414825439453,0.7724668979644775,0.0,-0.0008827567100524903,-0.004258334189653379,-0.01,-0.015141090899705868,0.1108082770369947,False,False,-0.018404748290777206,-0.1634192661832134,170,False,False,17.50000000000118,-0.08827567100524902,-0.0,0.0,0.0,0.0,0.0,0.0,-0.0,0.744411211719224,0.0,-0.0,0.0,0.3713228491495595,64
1.9830942153930664,1.4876734018325806,0.1974736601114273,0.3297860026359558,0.5972853302955627,0.18200965225696564,1.5222097635269165,-0.19964906573295593,0.7857733964920044,-0.0389370740111014,-0.08099325746297836,0.312106728553772,-0.4533219039440155,0.6526587605476379,-1.0,49.138187408447266,False,0.025200843811035156,0.16659331321716309,-0.21684852242469788,0.7727228999137878,0.0,-0.001838586926460266,0.0014114040881395562,-0.01,-0.01042718283832071,0.11424205917865038,False,False,0.012410428375005722,-0.1356477190277216,171,False,False,17.600000000001124,-0.1838586926460266,-0.0,0.0,0.0,0.0,0.0,0.0,-0.0,0.7547818993192112,0.0,-0.0,0.0,0.37555236273314535,63
1.553797721862793,1.4879400730133057,0.25777024030685425,0.5498759746551514,0.7814339995384216,0.17523308098316193,1.6827812194824219,-0.19775867462158203,0.7956810593605042,0.03158535210595348,-0.8111579418182373,0.15527692437171936,0.33816951513290405,0.039987385272979736,-1.0,49.111236572265625,False,0.007617473602294922,0.16668842732906342,-0.21656346321105957,0.7725470662117004,0.0,-0.0019951143860816958,-0.011933876574039437,-0.01,-0.023928990960121133,0.11098107788711786,False,False,0.006237485446035862,-1.800612620454563,172,False,False,17.70000000000107,-0.19951143860816956,-0.0,0.0,0.0,0.0,0.0,0.0,-0.0,0.7382970509867559,0.0,-0.0,0.0,0.36715341110729627,64
2.0330727100372314,1.7721762657165527,0.2460862249135971,0.3560281991958618,0.051850177347660065,0.17836295068264008,1.3450543880462646,-0.20371799170970917,0.7824637293815613,-1.7252150425028532,0.9341953992843628,-0.1419464349746704,-0.046731095761060715,0.4009609520435333,1.0,49.59986114501953,False,0.13509392738342285,0.1646963506937027,-0.22176112234592438,0.7738218307495117,0.0,-0.0026395583152770997,-0.0189359438419342,-0.01,-0.0315755021572113,0.11374441301450133,False,False,-0.023597076535224915,-0.18887340699098865,173,False,False,17.800000000001013,-0.26395583152770996,-0.0,0.0,0.0,0.0,0.0,0.0,-0.0,0.707500245682019,0.0,-0.0,0.0,0.35111056452573236,1
0.7012307643890381,1.3998925685882568,0.3654082417488098,0.45998936891555786,0.3998093605041504,0.17689083516597748,2.232541084289551,-0.20619753003120422,0.8088756203651428,-0.0158136034011841,0.12916672229766846,0.01774001121520996,0.17371249198913574,0.6917083263397217,0.9999865293502808,50.43297576904297,False,0.284045934677124,0.16712415218353271,-0.22984281182289124,0.7753113508224487,0.0,-0.0013140879571437835,-0.02309587150812148,-0.01,-0.03440995946526526,0.11277155904099345,False,False,-0.012611848302185535,0.5351224705363763,174,False,False,17.900000000000958,-0.13140879571437836,-0.0,0.0,0.0,0.0,0.0,0.0,-0.0,0.6679883813134581,0.0,-0.0,0.0,0.33268010269958526,60
3.469175100326538,2.1049976348876953,0.2670074701309204,0.3709251880645752,0.035528142005205154,0.17936840653419495,1.4253746271133423,-0.2043994516134262,0.7808351516723633,-0.025596473645418907,0.03624429181218147,-0.15566542744636536,0.11079303920269012,-0.02239537611603737,1.0,50.236148834228516,False,-0.0409543514251709,0.1686326116323471,-0.22765108942985535,0.7720613479614258,0.0,-9.580506011843682e-05,-0.00650983944535255,-0.01,-0.016605644505470987,0.11241514701396227,False,False,-0.006543600466102362,0.5377981106490716,175,False,False,18.000000000000902,-0.009580506011843681,-0.0,0.0,0.0,0.0,0.0,0.0,-0.0,0.6615845323116718,0.0,-0.0,0.0,0.3306964610957175,57
0.7925450801849365,1.3438712358474731,0.14652162790298462,0.36352163553237915,0.011221686378121376,0.17099358141422272,1.1390577554702759,-0.20308129489421844,0.7792335748672485,-0.015853521451354005,0.22138962149620056,0.2982715964317322,-0.032059043645858765,-0.41322019696235657,1.0,50.24949264526367,False,-0.00019669532775878906,0.1683323234319687,-0.22782711684703827,0.7724689245223999,0.0,-0.0007743950933218003,-0.0020440027117729076,-0.01,-0.012818397805094708,0.10755134606733918,False,False,-0.011756635271012783,-0.10369435209804408,176,False,False,18.100000000000847,-0.07743950933218002,-0.0,0.0,0.0,0.0,0.0,0.0,-0.0,0.6641378205548674,0.0,-0.0,0.0,0.3312945151841119,56
0.6829142570495605,1.0757650136947632,0.5448495745658875,0.2712247669696808,0.017399657517671585,0.17134228348731995,1.1095057725906372,-0.20075182616710663,0.7762717008590698,-0.01967736020684245,-0.06701213121414185,0.4995732009410858,-0.14797963201999664,0.007801965810358524,1.0,50.21230697631836,False,-0.0024437904357910156,0.16855210065841675,-0.2274215668439865,0.7724464535713196,0.0,-0.0006900570541620254,-0.009216327071189856,-0.01,-0.01990638412535188,0.1091233710758388,False,False,-0.0010260478593409061,0.5468457826757035,177,False,False,18.20000000000079,-0.06900570541620255,-0.0,0.0,0.0,0.0,0.0,0.0,-0.0,0.6522276149108382,0.0,-0.0,0.0,0.3254237504012571,64
0.47333836555480957,1.100717544555664,0.3528788685798645,0.3692604899406433,0.08345504850149155,0.17285332083702087,1.120606541633606,-0.20641635358333588,0.7801652550697327,-0.024827999100089093,-0.4059218168258667,-0.38999485969543457,-1.0,-0.7870123982429504,-1.0,50.244895935058594,False,-0.0014185905456542969,0.1683109849691391,-0.227783665060997,0.772456705570221,0.0,-0.004840642511844635,-0.005088427364826231,-0.01,-0.01992906987667087,0.10795053467154503,False,False,-0.018164439126849174,-0.12428944371303,178,False,False,18.300000000000736,-0.4840642511844635,-0.0,0.0,0.0,0.0,0.0,0.0,-0.0,0.6485359713233287,0.0,-0.0,0.0,0.31942734314981974,46
0.6092667579650879,1.017621636390686,0.2517198324203491,0.4175841510295868,0.0010473551228642464,0.1717567890882492,0.6152311563491821,-0.2131182700395584,0.7720397710800171,-0.02709092959761622,0.5861052870750427,0.11992111802101135,0.7004225254058838,-0.4743191599845886,1.0,50.234073638916016,False,-0.02282261848449707,0.16808924078941345,-0.22770476341247559,0.7722426652908325,0.0,-0.002683677077293396,0.006179045736789679,-0.01,-0.0065046313405037175,0.10726924519985914,False,False,-0.01744602620601654,-0.13889784412876138,179,False,False,18.40000000000068,-0.2683677077293396,-0.0,0.0,0.0,0.0,0.0,0.0,-0.0,0.6675698227599536,0.0,-0.0,0.0,0.3311012343026834,64
0.08298158645629883,0.5620986223220825,0.25239986181259155,0.28776711225509644,0.03331328555941582,0.16882187128067017,0.6743779182434082,-0.21536202728748322,0.7794478535652161,-0.01969714358448984,-0.015426433645188808,0.199589341878891,0.5054738521575928,-0.03717082738876343,1.0,50.25285339355469,False,-0.00852346420288086,0.16817352175712585,-0.22788281738758087,0.7723856568336487,0.0,-0.000742398351430893,-0.006082619279623058,-0.01,-0.01682501763105395,0.11343333031982183,False,False,-0.012038063257932663,-0.09542615198110549,180,False,False,18.500000000000625,-0.0742398351430893,-0.0,0.0,0.0,0.0,0.0,0.0,-0.0,0.6620248037349876,0.0,-0.0,0.0,0.3302700035160629,54
1.1397123336791992,0.9066194295883179,0.20051945745944977,0.2945252060890198,0.03930540382862091,0.17442446947097778,0.860061764717102,-0.21148215234279633,0.7756790518760681,-0.0072117023169994115,-0.06763609498739243,-0.12969660758972168,-0.45642465353012085,0.5527359843254089,-1.0,50.24941635131836,False,-5.364418029785156e-05,0.16819441318511963,-0.22784525156021118,0.7724703550338745,0.0,-0.0013380910456180573,-0.005589744299650201,-0.01,-0.01692783534526826,0.11619815835729241,False,False,-0.005346219055354595,0.5653856176547041,181,False,False,18.60000000000057,-0.13380910456180573,-0.0,0.0,0.0,0.0,0.0,0.0,-0.0,0.6574194984514177,0.0,-0.0,0.0,0.3273716581800908,42
0.16922354698181152,0.6995216012001038,0.2727885842323303,0.30563873052597046,0.009709342382848263,0.16522355377674103,0.7776454091072083,-0.2101963311433792,0.7750880718231201,-0.012507866770029082,-0.14965736865997314,-0.49406760931015015,0.35611411929130554,-0.204906165599823,1.0,50.25738525390625,False,-0.003129243850708008,0.16817201673984528,-0.2279287576675415,0.7724395990371704,0.0,-0.0010882598161697388,0.0018763169646263123,-0.01,-0.009211942851543427,0.1080345050431788,False,False,-0.01915893331170082,-0.11629055680796876,182,False,False,18.700000000000514,-0.10882598161697388,-0.0,0.0,0.0,0.0,0.0,0.0,-0.0,0.6678507125284505,0.0,-0.0,0.0,0.33283709644805554,64
0.28579235076904297,0.8585100173950195,0.5374556183815002,0.2996053993701935,0.009034087881445885,0.17454293370246887,0.8790354132652283,-0.21055148541927338,0.7739523649215698,0.001979672461748107,0.4081254005432129,-0.5287718772888184,0.20073775947093964,0.2008223831653595,1.0,50.38798904418945,False,0.021892786026000977,0.16813495755195618,-0.22925202548503876,0.7726898193359375,0.0,-0.0013169783353805542,0.0067220814526081085,-0.01,-0.004594896882772446,0.1082982150837779,False,False,-0.020819243043661118,-0.10048020689134146,183,False,False,18.80000000000046,-0.13169783353805542,-0.0,0.0,0.0,0.0,0.0,0.0,-0.0,0.6881766108883673,0.0,-0.0,0.0,0.3427713271088031,56
0.04857778549194336,1.098272681236267,0.5771482586860657,0.3912888765335083,0.0650397315621376,0.1711239367723465,1.3483554124832153,-0.20546449720859528,0.7804580330848694,0.009874004069715713,-0.2629729211330414,-0.17466384172439575,0.03203052282333374,0.1472468078136444,1.0,51.14196014404297,False,0.17117857933044434,0.16831979155540466,-0.23683565855026245,0.7741826772689819,0.0,-0.0003059244714677334,-0.007571307867765442,-0.01,-0.017877232339233176,0.10814094776287675,False,False,-0.0044926865957677364,0.5419615982943252,184,False,False,18.900000000000404,-0.03059244714677334,-0.0,0.0,0.0,0.0,0.0,0.0,-0.0,0.6798322933863727,0.0,-0.0,0.0,0.33961022222171866,64
0.9945809841156006,1.444136619567871,0.3888254165649414,0.27811774611473083,0.01865929178893566,0.17365407943725586,0.9038418531417847,-0.21356496214866638,0.7735834717750549,-0.02882369115948675,-0.21058189868927002,-0.24226796627044678,-0.20608341693878174,-0.11040467023849487,-0.9998415112495422,50.874603271484375,False,0.08363127708435059,0.16749848425388336,-0.2342483550310135,0.773307204246521,0.0,-0.00039424516260623934,0.00851106017827985,-0.01,-0.001883184984326389,0.11088514514267445,False,False,-0.016720518469810486,0.5254363932375076,185,False,False,19.000000000000348,-0.03942451626062393,-0.0,0.0,0.0,0.0,0.0,0.0,-0.0,0.7038933754805432,0.0,-0.0,0.0,0.3515524425776654,64
0.38608312606811523,0.9901235699653625,0.22671520709991455,0.337980180978775,0.5214653015136719,0.1821427196264267,2.209150791168213,-0.2071460634469986,0.7980499267578125,0.6844046181900323,0.05968468263745308,0.10395887494087219,-0.12602950632572174,0.37547677755355835,-1.0,50.75255584716797,False,-0.027704238891601562,0.16758383810520172,-0.23300562798976898,0.7721938490867615,0.0,-0.0004280898720026016,0.0017995239794254547,-0.01,-0.008628565892577147,0.10927873384207487,False,False,-0.013095414265990257,-0.11766866645499763,186,False,False,19.100000000000293,-0.04280898720026016,-0.0,0.0,0.0,0.0,0.0,0.0,-0.0,0.7146388582712582,0.0,-0.0,0.0,0.3568913392636265,64
3.0753016471862793,2.377980947494507,0.32743263244628906,0.25152385234832764,0.277172714471817,0.17911383509635925,1.5534569025039673,-0.21020276844501495,0.7848328948020935,-1.7094788032196209,-0.8514373302459717,0.2759738564491272,-0.23254677653312683,0.4423847496509552,-1.0,50.72661590576172,False,-0.00023245811462402344,0.16743548214435577,-0.23276379704475403,0.7724685668945312,0.0,-0.0026272234320640566,-0.010773098617792132,-0.01,-0.02340032204985619,0.11536729568615556,False,False,-0.022301483899354935,-0.16742023552988458,187,False,False,19.200000000000237,-0.26272234320640564,-0.0,0.0,0.0,0.0,0.0,0.0,-0.0,0.7000935179528172,0.0,-0.0,0.0,0.3474195355443445,64
1.3284564018249512,1.5428111553192139,0.36344677209854126,0.3924187123775482,0.3911047875881195,0.17589572072029114,1.930781602859497,-0.2086317390203476,0.7971422076225281,-0.012715092971920992,0.0016918659675866365,0.12494169920682907,0.3775235712528229,0.25906965136528015,1.0,50.76987838745117,False,-0.0016927719116210938,0.16725338995456696,-0.23322461545467377,0.7724539637565613,0.0,-0.0005631360411643982,-0.01440376669168475,-0.01,-0.02496690273284915,0.11067623319104314,False,False,-0.02783939428627491,-0.27240366773808466,188,False,False,19.300000000000182,-0.05631360411643982,-0.0,0.0,0.0,0.0,0.0,0.0,-0.0,0.6780667161250578,0.0,-0.0,0.0,0.33847022202136445,62
3.148770332336426,2.186202049255371,0.274874746799469,0.3856998383998871,0.13994921743869781,0.17686915397644043,1.7338991165161133,-0.20739808678627014,0.7890491485595703,-0.025169760175049287,-0.09425366669893265,-0.2183980792760849,-0.0450502447783947,0.24535809457302094,-1.0,50.76948547363281,False,-5.9604644775390625e-06,0.16725310683250427,-0.23322069644927979,0.7724708318710327,0.0,-0.0002970289811491966,-0.008319469094276444,-0.01,-0.01861649807542564,0.11426235130056739,False,False,0.6697026491165161,0.5208388807905192,189,False,False,19.400000000000126,-0.029702898114919662,-0.0,0.0,0.0,0.0,0.0,0.0,-0.0,0.6681088468225911,0.0,-0.0,0.0,0.33375739443014635,59
1.5931129455566406,1.63230299949646,0.22907604277133942,0.2363801896572113,0.005670647136867046,0.16757121682167053,0.782853364944458,-0.2156914323568344,0.7781091332435608,-0.04839558154344559,0.052715495228767395,0.6346416473388672,0.02150961384177208,0.020964689552783966,1.0,50.76948547363281,False,0.0,0.16725310683250427,-0.2332206815481186,0.7724708914756775,0.0,-0.0010161277651786805,-0.008374021798372266,-0.01,-0.019390149563550948,0.1142429611645639,False,False,-0.014272465370595455,0.531986451234891,190,False,False,19.50000000000007,-0.10161277651786804,-0.0,0.0,0.0,0.0,0.0,0.0,-0.0,0.6579401634410742,0.0,-0.0,0.0,0.3279539539553584,63
0.5468249320983887,0.8473401069641113,0.43654441833496094,0.3478868901729584,0.000887446803972125,0.17396685481071472,0.7248824238777161,-0.2194359004497528,0.7737188339233398,-0.037735734954476366,0.32870420813560486,-0.30849549174308777,0.18291933834552765,0.28034552931785583,1.0,50.76948547363281,False,0.0,0.16725310683250427,-0.2332206815481186,0.7724708914756775,0.0,-0.0007881725579500198,-0.012717917710542703,-0.01,-0.02350609026849272,0.10876989830285311,False,False,-0.020710455253720284,-0.07444561231144263,191,False,False,19.600000000000016,-0.07881725579500198,-0.0,0.0,0.0,0.0,0.0,0.0,-0.0,0.638893253079895,0.0,-0.0,0.0,0.3186584539819975,63
0.1263141632080078,0.7256408929824829,0.4260008633136749,0.24066060781478882,0.006726298481225967,0.17364150285720825,1.0091722011566162,-0.2171669751405716,0.780303955078125,0.002042216658592241,0.631284773349762,-0.6918748617172241,-0.4423748850822449,0.2434791624546051,1.0,50.76948547363281,False,0.0,0.16725310683250427,-0.2332206815481186,0.7724708914756775,0.0,-0.002830472588539124,0.0012758480012416973,-0.01,-0.011554624587297427,0.1089837858453393,False,False,-0.01509208045899868,-0.0763067182077698,192,False,False,19.69999999999996,-0.28304725885391235,-0.0,0.0,0.0,0.0,0.0,0.0,-0.0,0.6479242292254941,0.0,-0.0,0.0,0.3211316420242079,46
,,,,0.00036293172161094844,0.17357102036476135,0.6079694032669067,-0.2222987860441208,0.7734701633453369,-0.03210392832756042,0.07418906688690186,-0.2838718891143799,0.44130754470825195,0.6071617603302002,1.0,50.76948547363281,False,0.0,0.16725310683250427,-0.2332206815481186,0.7724708914756775,0.0,-0.0016237124800682068,-2.1438300609744054e-06,-0.01,-0.011625856310129181,0.11422594217583537,False,True,,-1000000000.0,193,False,False,19.799999999999905,-0.16237124800682068,-0.0,0.0,0.0,0.0,0.0,0.0,-0.0,0.6544645513119312,0.0,-0.0,0.0,0.32560856317589737,0
0.26537179946899414,0.7445717453956604,0.41292309761047363,0.2683793306350708,0.02503526583313942,0.17557716369628906,1.426945686340332,-0.21255213022232056,0.7862866520881653,0.01957900777459142,0.04493284970521927,0.3216920495033264,0.2823205590248108,-0.6485925912857056,-1.0,50.76948547363281,False,0.0,0.16725310683250427,-0.2332206815481186,0.7724708914756775,0.0,-0.0015147049725055695,-0.005211640447378152,-0.01,-0.01672634541988372,0.11601729271933436,False,False,0.002976982854306698,-0.13590514849500454,194,False,False,19.89999999999985,-0.15147049725055695,-0.0,0.0,0.0,0.0,0.0,0.0,-0.0,0.650546867839304,0.0,-0.0,0.0,0.32375872894714647,25
1.230078935623169,1.3316333293914795,0.20931661128997803,0.22841647267341614,0.0006847645854577422,0.17117810249328613,0.7425034642219543,-0.21612924337387085,0.7737295627593994,-0.037143701165914554,0.15658341348171234,0.008677438832819462,0.10508868843317032,-0.07583992928266525,1.0,50.76948547363281,False,0.0,0.16725310683250427,-0.2332206815481186,0.7724708914756775,0.0,-0.00010347247123718262,0.0004621672630309992,-0.01,-0.009641305208206184,0.11601132294163108,False,False,-0.002392785158008337,-0.05801598548405727,195,False,False,19.999999999999794,-0.010347247123718262,-0.0,0.0,0.0,0.0,0.0,0.0,-0.0,0.6580516102349181,0.0,-0.0,0.0,0.32892233264622184,59
0.10911822319030762,0.7668728232383728,0.37675201892852783,0.3494776487350464,0.000899536011274904,0.17149411141872406,0.5077729225158691,-0.22350379824638367,0.7737461924552917,-0.028696929514408095,-0.028379149734973907,0.5414207577705383,0.5513150095939636,0.03705973923206329,1.0,50.76948547363281,False,0.0,0.16725310683250427,-0.2332206815481186,0.7724708914756775,0.0,-0.001498158723115921,-0.007046553641557707,-0.01,-0.01854471236467363,0.11106331599876285,False,False,0.002437784569337964,-0.049778251092851084,196,False,False,20.09999999999974,-0.1498158723115921,-0.0,0.0,0.0,0.0,0.0,0.0,-0.0,0.6504631625871539,0.0,-0.0,0.0,0.323733422570461,53
0.03821849822998047,0.49687227606773376,0.8545552492141724,0.4386548101902008,0.0002849120937753469,0.17592258751392365,0.6040623188018799,-0.22436892986297607,0.7718702554702759,-0.026540261656045908,0.6608391404151917,-0.5062138438224792,1.0,0.07512479275465012,1.0,50.76948547363281,False,0.0,0.16725310683250427,-0.2332206815481186,0.7724708914756775,0.0,-0.004246511459350586,-0.00957253485918047,-0.01,-0.02381904631853106,0.10931381583213806,False,False,-0.041007399559020996,-0.04678412738341073,197,False,False,20.199999999999683,-0.4246511459350586,-0.0,0.0,0.0,0.0,0.0,0.0,-0.0,0.6376950091751963,0.0,-0.0,0.0,0.3146009931282476,48
0.08769631385803223,0.5798245072364807,0.6348416209220886,0.2816910445690155,0.0011995501117780805,0.1689719706773758,0.43288567662239075,-0.22238045930862427,0.7728983759880066,-0.010759036578238006,-0.3137582838535309,-0.07361974567174911,0.18218564987182617,0.27645641565322876,1.0,50.76948547363281,False,0.0,0.16725310683250427,-0.2332206815481186,0.7724708914756775,0.0,-0.0005337097123265267,-0.001094363182783109,-0.01,-0.011628072895109635,0.109007955994457,False,False,0.0002307395334355533,-0.06586784765803746,198,False,False,20.299999999999628,-0.053370971232652664,-0.0,0.0,0.0,0.0,0.0,0.0,-0.0,0.6419256806890596,0.0,-0.0,0.0,0.3204291306322033,64
0.06478428840637207,0.47337958216667175,0.6368423104286194,0.2176666259765625,0.0007722923764958978,0.17132601141929626,0.3711487054824829,-0.22703680396080017,0.7733485698699951,-0.021752987056970617,0.7970654368400574,-0.5830076336860657,0.8273294568061829,-0.021667053923010826,-1.0,50.76948547363281,False,0.0,0.16725310683250427,-0.2332206815481186,0.7724708914756775,0.0,-0.004150387048721314,-0.00245834499597547,-0.01,-0.016608732044696782,0.11055631889030337,False,False,-0.03807702288031578,-0.099274082093183,199,False,False,20.399999999999572,-0.41503870487213135,-0.0,0.0,0.0,0.0,0.0,0.0,-0.0,0.6434433576894517,0.0,-0.0,0.0,0.3175712917960045,43
0.04535317420959473,0.34878748655319214,0.5430111885070801,0.1958686113357544,0.004792860243469477,0.16393543779850006,0.5397478342056274,-0.22364509105682373,0.7757700681686401,-0.001941113024950026,-0.6131426095962524,-0.6795399785041809,0.4378296732902527,0.012863652780652046,1.0,50.76948547363281,False,0.0,0.16725310683250427,-0.2332206815481186,0.7724708914756775,0.0,-0.002573947012424469,0.008579708784818674,-0.01,-0.003994238227605796,0.11380282463505864,False,False,0.0004902330110780895,-0.07333896187742658,200,False,False,20.499999999999517,-0.2573947012424469,-0.0,0.0,0.0,0.0,0.0,0.0,-0.0,0.6672755981728461,0.0,-0.0,0.0,0.3310638520739986,64
0.2701759338378906,0.5680456757545471,0.7903759479522705,0.2449253797531128,0.0009255167096853256,0.16381660103797913,0.4792233407497406,-0.2230542153120041,0.7732446193695068,-0.0018631698191166127,-0.08045907318592072,-0.7593784928321838,0.37106385827064514,-0.5355687141418457,1.0,50.76948547363281,False,0.0,0.16725310683250427,-0.2332206815481186,0.7724708914756775,0.0,-0.002519128918647766,0.016168678849935503,-0.01,0.0036495499312877364,0.11461833026260138,False,False,-0.028692254796624184,-0.13616411019403354,201,False,False,20.59999999999946,-0.2519128918647766,-0.0,0.0,0.0,0.0,0.0,0.0,-0.0,0.7066797175919293,0.0,-0.0,0.0,0.3508207298773169,56
0.0020265579223632812,0.4888897240161896,0.5611270666122437,0.25558650493621826,0.00024059768475126475,0.16601276397705078,0.17722100019454956,-0.22924590110778809,0.77257239818573,0.003067731633782359,0.2989157438278198,-0.21507681906223297,0.36313924193382263,-0.9928574562072754,1.0,50.76948547363281,False,0.0,0.16725310683250427,-0.2332206815481186,0.7724708914756775,0.0,-0.003133111894130707,0.02228211872279645,-0.01,0.009149006828665743,0.11385640501976013,False,False,-0.014854839071631432,-0.08741968048275452,202,False,False,20.699999999999406,-0.3133111894130707,-0.0,0.0,0.0,0.0,0.0,0.0,-0.0,0.7588322759733356,0.0,-0.0,0.0,0.3762830260925371,48
0.07621645927429199,0.2686694264411926,0.22169847786426544,0.2120603322982788,0.00024280975048895925,0.16181989014148712,0.5289837718009949,-0.22279314696788788,0.7724621295928955,0.00886815227568147,-0.5302436947822571,-0.5748369097709656,0.08331919461488724,-0.33719387650489807,1.0,50.76948547363281,False,0.0,0.16725310683250427,-0.2332206815481186,0.7724708914756775,0.0,-0.0018305942416191102,0.02154610067605972,-0.01,0.009715506434440609,0.11411239486187696,False,False,0.005341038573533297,-0.07124735437893392,203,False,False,20.79999999999935,-0.183059424161911,-0.0,0.0,0.0,0.0,0.0,0.0,-0.0,0.8100247126551043,0.0,-0.0,0.0,0.40318176208593304,62
0.08617043495178223,0.6193971037864685,0.5088528394699097,0.2780330777168274,0.00017012479656841606,0.16080425679683685,0.4637002944946289,-0.226283997297287,0.7729963660240173,-0.0013694112002849684,0.15707311034202576,0.6950241327285767,0.424179345369339,-0.6850982904434204,1.0,50.76948547363281,False,0.0,0.16725310683250427,-0.2332206815481186,0.7724708914756775,0.0,-0.002892545461654663,0.013802080079913126,-0.01,0.0009095346182584636,0.11395203787833452,False,False,-0.022592812776565552,-0.12148043805407133,204,False,False,20.899999999999295,-0.2892545461654663,-0.0,0.0,0.0,0.0,0.0,0.0,-0.0,0.8460896909086338,0.0,-0.0,0.0,0.42015229999266224,38
0.05440115928649902,0.5692442655563354,0.6404802203178406,0.20528379082679749,9.676643821876496e-05,0.1634638011455536,0.2754335403442383,-0.22913846373558044,0.7728623747825623,-0.013621500581502933,0.16473308205604553,-0.21332095563411713,-1.0,-0.16122809052467346,1.0,50.76948547363281,False,0.0,0.16725310683250427,-0.2332206815481186,0.7724708914756775,0.0,-0.0027465933561325075,-0.002933786064386379,-0.01,-0.015680379420518885,0.10882046539336443,False,False,-0.019495032727718353,-0.07590882254613417,205,False,False,20.99999999999924,-0.27465933561325073,-0.0,0.0,0.0,0.0,0.0,0.0,-0.0,0.848709301871543,0.0,-0.0,0.0,0.421608057579639,60
0.04642605781555176,0.38194704055786133,0.295788049697876,0.3541077673435211,0.0001783342013368383,0.16721662878990173,0.13323476910591125,-0.2314930260181427,0.7747038006782532,-0.015270697772502902,0.4675504267215729,0.31461673974990845,-0.8117577433586121,-0.0917816236615181,1.0,50.76948547363281,False,0.0,0.16725310683250427,-0.2332206815481186,0.7724708914756775,0.0,-0.0024624039232730866,-0.005905611664056787,-0.01,-0.018368015587329874,0.10872921487316489,False,False,-0.00835213903337717,-0.08928613694322252,206,False,False,21.099999999999184,-0.24624039232730865,-0.0,0.0,0.0,0.0,0.0,0.0,-0.0,0.8453515127421782,0.0,-0.0,0.0,0.42021335244781605,62
0.17260313034057617,0.254976749420166,0.3426278829574585,0.26947349309921265,0.00023744572536088526,0.15797938406467438,0.396101176738739,-0.23155836760997772,0.7734178900718689,-0.048726888447999946,-0.02834847941994667,0.3014640510082245,-0.1406508982181549,1.0,-1.0,50.76948547363281,False,0.0,0.16725310683250427,-0.2332206815481186,0.7724708914756775,0.0,-0.002778667211532593,-0.020453465506434454,-0.01,-0.033232132717967044,0.10826306976377964,False,False,-0.017315328121185303,-0.14585272770879149,207,False,False,21.19999999999913,-0.2778667211532593,-0.0,0.0,0.0,0.0,0.0,0.0,-0.0,0.8125702178608385,0.0,-0.0,0.0,0.40350644171888667,46
0.05257725715637207,0.5182554721832275,0.1488998532295227,0.25882861018180847,0.00010833441046997905,0.16154934465885162,0.27662116289138794,-0.23230785131454468,0.774152934551239,-0.024679715633392357,0.01927725039422512,0.043875180184841156,0.5643600225448608,-0.12488885223865509,-1.0,50.76948547363281,False,0.0,0.16725310683250427,-0.2332206815481186,0.7724708914756775,0.0,-0.0008409903198480606,-0.02070736236870291,-0.01,-0.03154835268855097,0.1092681740410626,False,False,-0.022542128339409828,-0.15232589313426065,208,False,False,21.299999999999073,-0.08409903198480606,-0.0,0.0,0.0,0.0,0.0,0.0,-0.0,0.7789449802648445,0.0,-0.0,0.0,0.38863149981257417,64
0.06639361381530762,0.3587797284126282,0.25686222314834595,0.31369686126708984,0.00011223056935705245,0.15732775628566742,0.4894847571849823,-0.22953031957149506,0.7735397219657898,-0.013471544384956343,-0.3801674246788025,-0.141645610332489,0.5109894275665283,-0.23972342908382416,-1.0,50.76948547363281,False,0.0,0.16725310683250427,-0.2332206815481186,0.7724708914756775,0.0,-0.0012079206109046937,6.864592432986871e-06,-0.01,-0.011201056018471708,0.1104860557243228,False,False,-0.018087640404701233,-0.11253399352255963,209,False,False,21.399999999999018,-0.12079206109046936,-0.0,0.0,0.0,0.0,0.0,0.0,-0.0,0.7868270184263138,0.0,-0.0,0.0,0.3922055886022522,56
0.007659196853637695,0.5148589611053467,0.3063698410987854,0.3300824463367462,0.00018013858061749488,0.15484994649887085,0.4824116826057434,-0.23128436505794525,0.7733787298202515,-0.00929251387715339,-0.5424107313156128,-0.47643184661865234,-0.45163050293922424,0.007656715344637632,-1.0,51.041656494140625,False,0.010335445404052734,0.16332966089248657,-0.23647251725196838,0.772574245929718,0.0,-0.001813063621520996,-0.001998579129576683,-0.01,-0.01381164275109768,0.11334783490747213,False,False,-0.01579766534268856,-0.1262907070338922,210,False,False,21.499999999998963,-0.1813063621520996,-0.0,0.0,0.0,0.0,0.0,0.0,-0.0,0.7907371410578679,0.0,-0.0,0.0,0.3935555069074129,49
0.008577108383178711,0.517686665058136,0.5319967865943909,0.22386552393436432,7.537022611359134e-05,0.15521018207073212,0.44899582862854004,-0.23122327029705048,0.7729932069778442,-0.0014903909713029715,-0.1555446833372116,0.04071066528558731,0.37832966446876526,-0.5502486228942871,-1.0,51.297969818115234,False,-0.03122091293334961,0.15955829620361328,-0.23951050639152527,0.772158682346344,0.0,-0.0011793959885835648,-0.0005629855394363448,-0.01,-0.01174238152801991,0.11105647776275873,False,False,-0.023410610854625702,-0.11384207948780187,211,False,False,21.599999999998907,-0.11793959885835648,-0.0,0.0,0.0,0.0,0.0,0.0,-0.0,0.7975869861528193,0.0,-0.0,0.0,0.3976140970878261,63
0.3269195556640625,0.36818283796310425,0.3029267191886902,0.23320093750953674,6.898769061081111e-05,0.1574331521987915,0.36099451780319214,-0.23218289017677307,0.7735043168067932,0.002032919377088568,0.10107392072677612,-0.8049003481864929,0.14944441616535187,-0.38323667645454407,1.0,51.04185485839844,False,0.31183958053588867,0.1540537029504776,-0.23754830658435822,0.7755892872810364,0.0,-0.0020682111382484434,0.011967768222093556,-0.01,-0.000100442916154889,0.11292008776217699,False,False,-0.009551730006933212,-0.10244707994685352,212,False,False,21.69999999999885,-0.20682111382484436,-0.0,0.0,0.0,0.0,0.0,0.0,-0.0,0.8298208219498195,0.0,-0.0,0.0,0.4128421998366613,31
0.3982722759246826,0.617412269115448,0.37669438123703003,0.2555578351020813,5.5472894018748775e-05,0.1535533368587494,0.3689229488372803,-0.23480936884880066,0.773099422454834,-0.010600307658314684,0.4218709170818329,-0.7214054465293884,-0.22407031059265137,-0.33974432945251465,1.0,51.01133728027344,False,0.43669939041137695,0.14915432035923004,-0.23773957788944244,0.7768378853797913,0.0,-0.0021600863337516785,0.0033289890736341587,-0.01,-0.00883109726011752,0.11159989424049854,False,False,-0.010546122677624226,-0.10425708032129274,213,False,False,21.799999999998796,-0.21600863337516785,-0.0,0.0,0.0,0.0,0.0,0.0,-0.0,0.8449281342315904,0.0,-0.0,0.0,0.4203039807820435,64
0.3974616527557373,0.5664080381393433,0.4875575602054596,0.22779014706611633,0.00013020167534705251,0.15808849036693573,0.5779048204421997,-0.2367970049381256,0.7726986408233643,-0.003015524446964282,-0.02516973577439785,0.09899788349866867,0.4224678575992584,-0.15343761444091797,1.0,51.309139251708984,False,0.37249326705932617,0.14826753735542297,-0.24081601202487946,0.7761958241462708,0.0,-0.0005311407148838043,-0.006566536873579054,-0.01,-0.01709767758846286,0.1115056462585926,False,False,-0.007271847687661648,-0.11744569194078154,214,False,False,21.89999999999874,-0.05311407148838043,-0.0,0.0,0.0,0.0,0.0,0.0,-0.0,0.8401969909165437,0.0,-0.0,0.0,0.419567354743388,49
0.07603168487548828,0.728664755821228,0.22267799079418182,0.3459866940975189,0.00012909066572319716,0.1520378291606903,0.7458438873291016,-0.22611545026302338,0.7729855179786682,-0.028977040126919748,0.32525739073753357,0.1629405915737152,-0.7067257165908813,0.010113266296684742,-1.0,51.93059539794922,False,-0.017321109771728516,0.15102772414684296,-0.24679282307624817,0.7722976803779602,0.0,-0.0015797638893127442,-0.0071616381406783836,-0.01,-0.01874140202999113,0.10710942978039384,False,False,-0.01077148225158453,-0.11876812427683206,215,False,False,21.999999999998685,-0.15797638893127441,-0.0,0.0,0.0,0.0,0.0,0.0,-0.0,0.8342159088325027,0.0,-0.0,0.0,0.4155281905269386,64
0.0695347785949707,0.8180757164955139,0.25001662969589233,0.278224915266037,0.000986179686151445,0.15371978282928467,0.8193120360374451,-0.22549095749855042,0.7718907594680786,-0.01217381924390793,-0.4809688329696655,0.35731735825538635,0.05613891780376434,0.5425731539726257,-1.0,51.92641067504883,False,-7.152557373046875e-05,0.15098395943641663,-0.24675507843494415,0.7724701762199402,0.0,-0.0016413597762584687,-0.008417942970991132,-0.01,-0.020059302747249604,0.10707184579223394,False,False,-0.016795888543128967,-0.11990617049546576,216,False,False,22.09999999999863,-0.16413597762584686,-0.0,0.0,0.0,0.0,0.0,0.0,-0.0,0.8256363185002497,0.0,-0.0,0.0,0.4111767994738664,64
0.12111067771911621,0.9341448545455933,0.10628501325845718,0.2540600001811981,0.00011125634046038613,0.15123015642166138,0.7427355051040649,-0.2250976264476776,0.7720925211906433,-0.02949208363890648,0.594438910484314,-0.3289939761161804,0.9277559518814087,0.5245087742805481,-1.0,51.92639923095703,False,0.0,0.1509837955236435,-0.2467549592256546,0.7724708914756775,0.0,-0.003993588089942933,-0.01054352283477783,-0.01,-0.024537110924720763,0.1069399956613779,False,False,-0.025096165016293526,-0.13032097620502142,217,False,False,22.199999999998575,-0.3993588089942932,-0.0,0.0,0.0,0.0,0.0,0.0,-0.0,0.812676128511122,0.0,-0.0,0.0,0.4023444761656181,63
0.1093745231628418,0.8418341279029846,0.6688644886016846,0.31869596242904663,0.00023056937789078802,0.15532098710536957,0.7907430529594421,-0.22781141102313995,0.7720293402671814,-0.019076331183314317,-0.10969863831996918,0.3616791069507599,-0.6226458549499512,-0.501976490020752,-1.0,51.92639923095703,False,0.0,0.1509837955236435,-0.2467549592256546,0.7724708914756775,0.0,-0.0019562846422195436,-0.01191180422902105,-0.01,-0.023868088871240596,0.10599507763981819,False,False,-0.005333221051841974,-0.1051329405894334,218,False,False,22.29999999999852,-0.19562846422195435,-0.0,0.0,0.0,0.0,0.0,0.0,-0.0,0.7968206446403001,0.0,-0.0,0.0,0.3964540376779305,58
0.09667277336120605,0.8444800972938538,0.4334002733230591,0.2754106819629669,7.989440928213298e-05,0.14934709668159485,0.6611009836196899,-0.2287432849407196,0.7726555466651917,-0.025322975143790248,0.330630898475647,0.24439534544944763,0.6692847013473511,-0.48278579115867615,1.0,51.92639923095703,False,0.0,0.1509837955236435,-0.2467549592256546,0.7724708914756775,0.0,-0.002125174999237061,-0.005868808478116994,-0.01,-0.017993983477354057,0.10947774117812514,False,False,-0.017314696684479713,-0.11128388659047167,219,False,False,22.399999999998464,-0.21251749992370605,-0.0,0.0,0.0,0.0,0.0,0.0,-0.0,0.7930132322108239,0.0,-0.0,0.0,0.3943814411061749,50
0.08727312088012695,0.7192408442497253,0.5894491672515869,0.20831604301929474,0.0014454555930569768,0.15877215564250946,1.0390515327453613,-0.22445371747016907,0.7713889479637146,0.004736726805567755,-0.2362489551305771,0.6712079644203186,-0.23232419788837433,-0.8573898077011108,-1.0,51.92639923095703,False,0.0,0.1509837955236435,-0.2467549592256546,0.7724708914756775,0.0,-0.00323856383562088,-0.0111271460354328,-0.01,-0.02436570987105368,0.10998349636793137,False,False,-0.009031026624143124,-0.10401202480033644,220,False,False,22.49999999999841,-0.323856383562088,-0.0,0.0,0.0,0.0,0.0,0.0,-0.0,0.7785443785887284,0.0,-0.0,0.0,0.3860336254587433,63
0.17148852348327637,1.0932575464248657,0.9934897422790527,0.41797393560409546,0.00022045307559892535,0.1507570445537567,0.6425013542175293,-0.22787725925445557,0.7723003029823303,-0.044850650802254706,0.6257315874099731,-0.09938855469226837,-0.07628779113292694,-0.5336880683898926,-1.0,51.92639923095703,False,0.0,0.1509837955236435,-0.2467549592256546,0.7724708914756775,0.0,-0.0017301520705223085,-0.015462102368474007,-0.01,-0.027192254438996318,0.11030962318181992,False,False,-0.014559848234057426,-0.11164872199469844,221,False,False,22.599999999998353,-0.17301520705223083,-0.0,0.0,0.0,0.0,0.0,0.0,-0.0,0.7551718811424241,0.0,-0.0,0.0,0.37585578850068974,43
0.09832382202148438,0.7116744518280029,0.17507025599479675,0.25162458419799805,0.0003412434598430991,0.150245800614357,0.6082713603973389,-0.22936485707759857,0.7723508477210999,-0.02322278581559659,-0.43461155891418457,-0.011994380503892899,-0.5584168434143066,0.23784209787845612,1.0,51.92639923095703,False,0.0,0.1509837955236435,-0.2467549592256546,0.7724708914756775,0.0,-0.0013935732841491699,-0.0076796394586562955,-0.01,-0.019073212742805466,0.11157504096627235,False,False,-0.01049970556050539,-0.10801274934920967,222,False,False,22.699999999998298,-0.139357328414917,-0.0,0.0,0.0,0.0,0.0,0.0,-0.0,0.7472853916923913,0.0,-0.0,0.0,0.37224912256204645,59
0.11431574821472168,0.7252162098884583,0.1781359314918518,0.2850494086742401,0.00031573206069879234,0.14855189621448517,0.7640054225921631,-0.2266046553850174,0.772132933139801,-0.008415596932172784,-0.15016451478004456,0.486629843711853,-0.3760318458080292,0.7168660163879395,-1.0,51.92639923095703,False,0.0,0.1509837955236435,-0.2467549592256546,0.7724708914756775,0.0,-0.0022866371273994445,0.0006880744546651774,-0.01,-0.011598562672734267,0.11404615035280585,False,False,-0.012786437757313251,-0.11415316945516962,223,False,False,22.799999999998242,-0.22866371273994446,-0.0,0.0,0.0,0.0,0.0,0.0,-0.0,0.7562238731845358,0.0,-0.0,0.0,0.3758252994648684,64
0.07107257843017578,0.8346806168556213,0.14059245586395264,0.28754231333732605,0.000302901491522789,0.1527744084596634,0.7743796110153198,-0.2257125824689865,0.7720724940299988,-0.007013197802007221,-0.08583949506282806,-0.02033226564526558,0.11662517488002777,0.2085239440202713,-1.0,51.92639923095703,False,0.0,0.1509837955236435,-0.2467549592256546,0.7724708914756775,0.0,-0.00016216371208429336,-0.009301100522279726,-0.01,-0.019463264234364022,0.12388572609052062,False,False,-0.011620729230344296,-0.12972937400548826,224,False,False,22.899999999998187,-0.016216371208429337,-0.0,0.0,0.0,0.0,0.0,0.0,-0.0,0.7450723570599539,0.0,-0.0,0.0,0.3723740148178927,64
0.09074807167053223,0.832234799861908,0.11052539199590683,0.336093932390213,0.00013668372412212193,0.1432189643383026,1.0053719282150269,-0.22490741312503815,0.7730196714401245,-0.031097767949104328,-0.08998527377843857,-0.02561427652835846,0.8060805201530457,0.1893942952156067,-1.0,51.92639923095703,False,0.0,0.1509837955236435,-0.2467549592256546,0.7724708914756775,0.0,-0.001735973507165909,-0.0026782245934009463,-0.01,-0.014414198100566857,0.12327314307913184,False,False,-0.016789797693490982,-0.12216533351181419,225,False,False,22.99999999999813,-0.17359735071659088,-0.0,0.0,0.0,0.0,0.0,0.0,-0.0,0.7471878128638354,0.0,-0.0,0.0,0.3718579329247518,64
0.029897689819335938,1.0699987411499023,0.279742956161499,0.2587624192237854,0.0009895509574562311,0.1615496575832367,1.2537260055541992,-0.22099024057388306,0.7711896896362305,0.02440013885498045,0.23419836163520813,-0.16002389788627625,0.4630930423736572,-0.3178669214248657,-1.0,51.92639923095703,False,0.0,0.1509837955236435,-0.2467549592256546,0.7724708914756775,0.0,-0.0009898777306079866,-0.002369476705789575,-0.01,-0.01335935443639756,0.12571147503331304,False,False,-0.016116522252559662,-0.1069762601037968,226,False,False,23.099999999998076,-0.09898777306079865,-0.0,0.0,0.0,0.0,0.0,0.0,-0.0,0.7499483260347986,0.0,-0.0,0.0,0.3739842852867913,5
0.16063451766967773,1.2603973150253296,0.18123885989189148,0.4221875071525574,0.00016803092148620635,0.15105277299880981,0.8493532538414001,-0.22136914730072021,0.7724967002868652,-0.03609061675146223,0.18833085894584656,0.10953469574451447,0.16751280426979065,0.05278778821229935,1.0,51.92639923095703,False,0.0,0.1509837955236435,-0.2467549592256546,0.7724708914756775,0.0,-0.00019578361883759498,-0.004376840591430675,-0.01,-0.01457262421026827,0.1158178523182869,False,False,-0.01262497715651989,-0.18598340176253922,227,False,False,23.19999999999802,-0.0195783618837595,-0.0,0.0,0.0,0.0,0.0,0.0,-0.0,0.7486814766094321,0.0,-0.0,0.0,0.37414495468587844,2
0.08345246315002441,0.8925040364265442,0.1575087606906891,0.20881690084934235,0.000571520475205034,0.15749771893024445,0.9824275970458984,-0.2247573584318161,0.77150958776474,-0.011029627993702893,0.13622546195983887,-0.3310816287994385,-0.4343336820602417,0.14910480380058289,-1.0,51.92639923095703,False,0.0,0.1509837955236435,-0.2467549592256546,0.7724708914756775,0.0,-0.0008476260304450989,-0.006098764836788173,-0.01,-0.01694639086723327,0.1151123046875,False,False,-0.011027850210666656,-0.10360689867397567,228,False,False,23.299999999997965,-0.08476260304450989,-0.0,0.0,0.0,0.0,0.0,0.0,-0.0,0.7439231615685811,0.0,-0.0,0.0,0.37111395475384545,48
0.1748204231262207,1.0519449710845947,0.4778852164745331,0.27015161514282227,0.00018700442160479724,0.14731787145137787,0.6886849403381348,-0.22989533841609955,0.7726058959960938,-0.04343610569834708,0.15134741365909576,-0.0362100824713707,-0.6242674589157104,-1.0,-1.0,51.92639923095703,False,0.0,0.1509837955236435,-0.2467549592256546,0.7724708914756775,0.0,-0.003534817695617676,-0.0008710935711860879,-0.01,-0.014405911266803764,0.11380680091679096,False,False,-0.011978555470705032,-0.11580252521731345,229,False,False,23.39999999999791,-0.3534817695617676,-0.0,0.0,0.0,0.0,0.0,0.0,-0.0,0.7496777384660095,0.0,-0.0,0.0,0.37130405153738705,64
0.05418658256530762,0.7703348994255066,0.24068306386470795,0.31303295493125916,0.003151890356093645,0.15917180478572845,1.1950756311416626,-0.21970951557159424,0.7718520760536194,0.022432881519198436,-0.15784041583538055,-0.015421786345541477,0.013694098219275475,-0.5684245824813843,-1.0,51.92639923095703,False,0.0,0.1509837955236435,-0.2467549592256546,0.7724708914756775,0.0,-0.0008711136132478714,-0.0025048635154962806,-0.01,-0.013375977128744151,0.11159005202353,False,False,-0.01239143405109644,-0.1167016990331965,230,False,False,23.499999999997854,-0.08711136132478714,-0.0,0.0,0.0,0.0,0.0,0.0,-0.0,0.7521899213158185,0.0,-0.0,0.0,0.3752238470446614,64
0.1315295696258545,1.204771876335144,0.24429906904697418,0.27086326479911804,0.0028537374455481768,0.15380597114562988,1.0650266408920288,-0.21931558847427368,0.7707816362380981,-0.024547282457351716,-0.27332231402397156,0.3680799603462219,-0.6816651821136475,-0.4209856390953064,1.0,51.92639923095703,False,0.0,0.1509837955236435,-0.2467549592256546,0.7724708914756775,0.0,-0.0021302106976509093,-0.0035319001972675124,-0.01,-0.015662110894918424,0.11287994915619493,False,False,-0.01642545685172081,-0.1421718490729194,231,False,False,23.5999999999978,-0.21302106976509094,-0.0,0.0,0.0,0.0,0.0,0.0,-0.0,0.7526526228058336,0.0,-0.0,0.0,0.3741961007052659,60
0.1713871955871582,1.0946745872497559,0.3479694128036499,0.3194379508495331,0.004795260261744261,0.16702856123447418,1.6599923372268677,-0.21455909311771393,0.7709117531776428,0.014891977030783878,0.08225639909505844,0.08687952905893326,0.05016486346721649,0.07350950688123703,-1.0,51.92639923095703,False,0.0,0.1509837955236435,-0.2467549592256546,0.7724708914756775,0.0,-5.5585820227861404e-05,-0.008711030781269058,-0.01,-0.01876661660149692,0.11112160701304674,False,False,-0.016156839206814766,-0.13686109864766824,232,False,False,23.699999999997743,-0.0055585820227861404,-0.0,0.0,0.0,0.0,0.0,0.0,-0.0,0.7426571403431055,0.0,-0.0,0.0,0.3712729843513249,64
0.16553997993469238,1.6319984197616577,0.33503276109695435,0.26100093126296997,0.002241414040327072,0.15267015993595123,0.9329155087471008,-0.22204196453094482,0.770882785320282,-0.04552967257797718,-0.8646938800811768,-0.20741486549377441,-0.4029406011104584,-0.2806797921657562,-1.0,51.92639923095703,False,0.0,0.1509837955236435,-0.2467549592256546,0.7724708914756775,0.0,-0.0025796467065811158,0.000723829045891744,-0.01,-0.011855817660689372,0.11013229517266154,False,False,-0.009233889169991016,-0.13663752051517714,233,False,False,23.799999999997688,-0.2579646706581116,-0.0,0.0,0.0,0.0,0.0,0.0,-0.0,0.7516210526062106,0.0,-0.0,0.0,0.3732308795965242,64
0.18473267555236816,0.9799386262893677,0.38776296377182007,0.2492521107196808,0.0011406568810343742,0.15781733393669128,1.1420483589172363,-0.2206219583749771,0.7711759805679321,0.004311342388391504,0.5564402937889099,0.13564980030059814,-0.7741163969039917,0.3524109423160553,1.0,51.92639923095703,False,0.0,0.1509837955236435,-0.2467549592256546,0.7724708914756775,0.0,-0.0026286908984184264,0.004597446173429498,-0.01,-0.008031244724988928,0.10989798093214631,False,False,-0.013059674762189388,-0.15853638027646305,234,False,False,23.899999999997632,-0.26286908984184265,-0.0,0.0,0.0,0.0,0.0,0.0,-0.0,0.768500900252003,0.0,-0.0,0.0,0.38162175922758307,51
0.14112591743469238,1.1501784324645996,0.24941563606262207,0.2877803444862366,0.00024213238793890923,0.14976686239242554,0.8110622763633728,-0.22391241788864136,0.772198498249054,-0.04296583153307439,0.19426235556602478,-0.07061967253684998,-0.5424891114234924,-0.31279098987579346,-1.0,51.92639923095703,False,0.0,0.1509837955236435,-0.2467549592256546,0.7724708914756775,0.0,-0.0010871441662311553,-0.010015283301472666,-0.01,-0.02110242746770382,0.11041210824623704,False,False,-0.011930085718631744,-0.12747595851913465,235,False,False,23.999999999997577,-0.10871441662311554,-0.0,0.0,0.0,0.0,0.0,0.0,-0.0,0.7560306753918323,0.0,-0.0,0.0,0.376928193529685,63
0.08629560470581055,0.9122674465179443,0.13123056292533875,0.3252030313014984,0.0008221481693908572,0.15557514131069183,1.0920286178588867,-0.21881701052188873,0.7722393274307251,-0.0003277253359556462,-0.3111208975315094,0.6390872597694397,-0.3219457268714905,0.609663188457489,-1.0,51.92639923095703,False,0.0,0.1509837955236435,-0.2467549592256546,0.7724708914756775,0.0,-0.0024514174461364746,-0.007921310216188415,-0.01,-0.02037272766232489,0.1109275626949966,False,False,-0.011679784394800663,-0.11600106436797636,236,False,False,24.09999999999752,-0.24514174461364746,-0.0,0.0,0.0,0.0,0.0,0.0,-0.0,0.7476646601166022,0.0,-0.0,0.0,0.3713809126121646,64
0.056368112564086914,1.1386771202087402,0.22985289990901947,0.36907970905303955,0.00014383722736965865,0.14829833805561066,0.8136197924613953,-0.22588244080543518,0.7733215093612671,-0.04104967191815377,-0.16919265687465668,-0.18004584312438965,-0.21482738852500916,-0.21230097115039825,-1.0,51.92639923095703,False,0.0,0.1509837955236435,-0.2467549592256546,0.7724708914756775,0.0,-0.0003806629031896591,-0.009750060290098173,-0.01,-0.020130723193287833,0.10964918183162808,False,False,-0.012145902961492538,-0.14968731319050405,237,False,False,24.199999999997466,-0.03806629031896591,-0.0,0.0,0.0,0.0,0.0,0.0,-0.0,0.7355197375599553,0.0,-0.0,0.0,0.36737920587678796,64
0.006985664367675781,0.8556872606277466,0.3868088126182556,0.27051347494125366,0.0005610617226921022,0.15217500925064087,0.8950437307357788,-0.22124560177326202,0.7726216316223145,0.0078447385877371,-0.491385817527771,-0.04492931067943573,-0.03867408260703087,-0.45929524302482605,-1.0,51.92639923095703,False,0.0,0.1509837955236435,-0.2467549592256546,0.7724708914756775,0.0,-0.0011398161947727204,0.0026496572792529816,-0.01,-0.00849015891551974,0.10675796680152416,False,False,-0.012357327155768871,-0.11732185717554927,238,False,False,24.29999999999741,-0.11398161947727203,-0.0,0.0,0.0,0.0,0.0,0.0,-0.0,0.7483020859424894,0.0,-0.0,0.0,0.37301122677647197,64
,,,,0.0003344296710565686,0.14961807429790497,0.7217521071434021,-0.22678884863853455,0.7727916240692139,-0.02724882468581203,-0.16562515497207642,0.39534711837768555,-0.391478955745697,-0.005807816982269287,-1.0,51.92639923095703,False,0.0,0.1509837955236435,-0.2467549592256546,0.7724708914756775,0.0,-0.0008425513654947281,-0.0037155760824680306,-0.01,-0.014558127447962758,0.10776663618162274,False,True,,-1000000000.0,239,False,False,24.399999999997355,-0.08425513654947281,-0.0,0.0,0.0,0.0,0.0,0.0,-0.0,0.748354498262201,0.0,-0.0,0.0,0.3733346977656058,0
0.023812055587768555,0.806817889213562,0.28663378953933716,0.23032468557357788,0.00015611819981131703,0.14923779666423798,0.7632225751876831,-0.22608713805675507,0.7729537487030029,-0.01814159885048868,0.5619144439697266,-0.7288139462471008,0.16291896998882294,-0.4879991114139557,-1.0,51.92639923095703,False,0.0,0.1509837955236435,-0.2467549592256546,0.7724708914756775,0.0,-0.0027790081501007083,-0.005013319104909875,-0.01,-0.017792327255010582,0.10669099586084485,False,False,-0.011720356531441212,-0.11694855470143228,240,False,False,24.4999999999973,-0.2779008150100708,-0.0,0.0,0.0,0.0,0.0,0.0,-0.0,0.7457856491036028,0.0,-0.0,0.0,0.3701138164017007,64
0.04267692565917969,0.9066581726074219,0.3547390103340149,0.2571468949317932,0.0004014586447738111,0.14512211084365845,0.8822585344314575,-0.22789277136325836,0.7720564007759094,-0.01576846964657306,-0.484980970621109,-0.19064201414585114,-0.429890900850296,-0.3438921272754669,-1.0,52.12146759033203,False,-0.024837255477905273,0.1505599021911621,-0.24875661730766296,0.7722225189208984,0.0,-0.001436547189950943,0.0030484156310558452,-0.01,-0.008388131558895099,0.10823247907683253,False,False,-0.003763185115531087,-0.0970710787944605,241,False,False,24.599999999997245,-0.1436547189950943,-0.0,0.0,0.0,0.0,0.0,0.0,-0.0,0.7594773109818247,0.0,-0.0,0.0,0.3783021083009614,45
0.16303658485412598,1.0368571281433105,0.3410845994949341,0.20992812514305115,0.00025162327801808715,0.14849865436553955,0.9937201738357544,-0.22781981527805328,0.7722975015640259,-0.0020732100307941353,-0.22276420891284943,-0.2653712034225464,-0.15187615156173706,-0.009966145269572735,1.0,52.599708557128906,False,0.10156631469726562,0.14603504538536072,-0.25397875905036926,0.7734865546226501,0.0,-0.0003580286353826523,-0.011952669769525526,-0.01,-0.02231069840490818,0.10773050086572766,False,False,-0.0055557722225785255,-0.10292338814986363,242,False,False,24.69999999999719,-0.03580286353826523,-0.0,0.0,0.0,0.0,0.0,0.0,-0.0,0.7430020069745291,0.0,-0.0,0.0,0.3711429748518819,61
0.14031529426574707,1.7664721012115479,0.3892933130264282,0.2653481066226959,0.00014762618229724467,0.1484873741865158,1.8517091274261475,-0.2228545844554901,0.7723727226257324,0.005244082175195237,0.5786986351013184,-0.4474788010120392,-0.3864232897758484,0.6959068775177002,1.0,54.00655746459961,False,0.11243820190429688,0.13989418745040894,-0.26859012246131897,0.7735952734947205,0.0,-0.002921847105026245,-0.02454640224575999,-0.01,-0.037468249350786235,0.10624354984611273,False,False,-0.005352475214749575,-0.10545996607860765,243,False,False,24.799999999997134,-0.2921847105026245,-0.0,0.0,0.0,0.0,0.0,0.0,-0.0,0.7009184502085679,0.0,-0.0,0.0,0.3475373779992577,38
0.05205273628234863,1.845824122428894,0.24988849461078644,0.28958481550216675,0.006773028522729874,0.15743191540241241,2.0543928146362305,-0.2245675027370453,0.7711054682731628,0.002266203425824646,-0.020542912185192108,0.10724782198667526,-0.7678156495094299,-0.06628763675689697,-1.0,54.00482940673828,False,-0.0008642673492431641,0.14107349514961243,-0.26848408579826355,0.7724622488021851,0.0,-0.0015146476030349731,0.004314136058092111,-0.01,-0.007200511544942863,0.10938931303098798,False,False,-0.0013100827345624566,-0.10942612103998434,244,False,False,24.89999999999708,-0.15146476030349731,-0.0,0.0,0.0,0.0,0.0,0.0,-0.0,0.7167138119248371,0.0,-0.0,0.0,0.35684225835938355,59
0.12992620468139648,2.0742406845092773,0.22179733216762543,0.3934286832809448,0.005666736513376236,0.1518763303756714,1.9291454553604126,-0.22247883677482605,0.7714027166366577,-0.02304067589342592,-0.36199599504470825,0.4953969717025757,0.3822046220302582,0.3683745861053467,-1.0,54.00398254394531,False,0.0,0.14106737077236176,-0.26847606897354126,0.7724708914756775,0.0,-0.0016455987095832826,-0.0080078564584255,-0.01,-0.01965345516800878,0.10978950886055827,False,False,-0.013288494199514389,-0.13476917292224558,245,False,False,24.999999999997023,-0.16455987095832825,-0.0,0.0,0.0,0.0,0.0,0.0,-0.0,0.7077758355368013,0.0,-0.0,0.0,0.35224231905881737,64
0.10460019111633301,1.9723931550979614,0.18797367811203003,0.2817133069038391,0.0007360794697888196,0.15443213284015656,1.789710521697998,-0.22857464849948883,0.7720457315444946,-0.03698537588119505,0.9323521256446838,-0.06463891267776489,-0.574832558631897,0.358585923910141,-1.0,54.003971099853516,False,0.0,0.14106734097003937,-0.2684760093688965,0.7724708914756775,0.0,-0.00333118736743927,-0.013009095191955589,-0.01,-0.026340282559394856,0.11375187383964658,False,False,-0.019260842353105545,-0.1339449210799562,246,False,False,25.099999999996967,-0.333118736743927,-0.0,0.0,0.0,0.0,0.0,0.0,-0.0,0.6886439870515411,0.0,-0.0,0.0,0.34099080615833127,64
0.0523686408996582,1.7999579906463623,0.4769335091114044,0.33728665113449097,0.0004052723525092006,0.14486700296401978,1.4328073263168335,-0.23002076148986816,0.7717418670654297,-0.03755300588905814,-0.5396283268928528,-0.5244013667106628,-0.5424977540969849,-0.30283817648887634,1.0,54.004539489746094,False,-0.0008165836334228516,0.14106470346450806,-0.2684818208217621,0.7724627256393433,0.0,-0.002380525767803192,-0.0030599299073219566,-0.01,-0.015440455675125149,0.11051916144788265,False,False,-0.01469314843416214,-0.11465707285351626,247,False,False,25.199999999996912,-0.2380525767803192,-0.0,0.0,0.0,0.0,0.0,0.0,-0.0,0.6894183794858609,0.0,-0.0,0.0,0.3423286639751273,63
0.16124844551086426,1.5628165006637573,0.4215841591358185,0.25394493341445923,0.002938531804829836,0.14678458869457245,1.542599081993103,-0.22910839319229126,0.7716742157936096,-0.004576544091105452,0.5208984613418579,0.3529536724090576,-0.2516893744468689,-0.5737209916114807,-1.0,53.95991897583008,False,0.02677440643310547,0.14053697884082794,-0.2680743336677551,0.7727386355400085,0.0,-0.0019710369408130644,0.0042780335247516454,-0.01,-0.007693003416061419,0.1115042781457305,False,False,-0.015026436187326908,-0.10977756764738011,248,False,False,25.299999999996857,-0.19710369408130646,-0.0,0.0,0.0,0.0,0.0,0.0,-0.0,0.705024735295204,0.0,-0.0,0.0,0.35054133070678895,63
0.12294650077819824,1.59015953540802,0.44548162817955017,0.20182281732559204,0.002810782752931118,0.1431209146976471,1.5903522968292236,-0.224975124001503,0.7705190181732178,-0.019065350145101544,-0.6883644461631775,-0.20613618195056915,0.16914530098438263,-0.3433244824409485,-1.0,53.9942512512207,False,-0.0003993511199951172,0.1407831460237503,-0.26840004324913025,0.7724668979644775,0.0,-0.001657048910856247,-0.0080166219174862,-0.01,-0.019673670828342447,0.11165073001757264,False,False,-0.011577866971492767,-0.11757954641021359,249,False,False,25.3999999999968,-0.1657048910856247,-0.0,0.0,0.0,0.0,0.0,0.0,-0.0,0.695950987286163,0.0,-0.0,0.0,0.34631844473222523,63
0.22302865982055664,1.684233546257019,0.5992149710655212,0.23091021180152893,0.0007418885943479836,0.14501672983169556,1.402232050895691,-0.23160552978515625,0.7714305520057678,-0.012727170139551169,-0.024682313203811646,-0.014834481291472912,-0.7362970113754272,-0.33129048347473145,-1.0,53.99390411376953,False,0.0,0.14078128337860107,-0.2683967053890228,0.7724708914756775,0.0,-0.0016317898035049438,0.0036948941648006217,-0.01,-0.007936895638704321,0.11207333812490106,False,False,-0.005441843066364527,-0.11676381322354068,250,False,False,25.499999999996746,-0.16317898035049438,-0.0,0.0,0.0,0.0,0.0,0.0,-0.0,0.7104452660026128,0.0,-0.0,0.0,0.3535908431978015,51
0.14565587043762207,1.5193774700164795,0.1819893717765808,0.2491203099489212,0.0011099554831162095,0.1415167599916458,1.2537167072296143,-0.23234672844409943,0.7716448307037354,-0.027792619615793247,0.17226067185401917,0.5573827624320984,-0.37941280007362366,-0.07229908555746078,-1.0,53.99390411376953,False,0.0,0.14078126847743988,-0.26839667558670044,0.7724708914756775,0.0,-0.0012238261848688127,-0.009065428823232635,-0.01,-0.02028925500810145,0.11175209702923894,False,False,-0.012151586823165417,-0.1028996005203619,251,False,False,25.59999999999669,-0.12238261848688126,-0.0,0.0,0.0,0.0,0.0,0.0,-0.0,0.6993073684002393,0.0,-0.0,0.0,0.34842985801525084,61
0.09802579879760742,1.3166104555130005,0.26779472827911377,0.23166397213935852,0.003031232627108693,0.14640645682811737,1.4352421760559082,-0.23208338022232056,0.7713521122932434,-0.012780962809920322,0.3341388404369354,-0.7219306826591492,-0.4807955026626587,-0.06081228330731392,-1.0,53.99390411376953,False,0.0,0.14078126847743988,-0.26839667558670044,0.7724708914756775,0.0,-0.0021692377328872683,-0.006482770442962638,-0.01,-0.01865200817584991,0.10895838169381022,False,False,-0.00883551500737667,-0.10435824151311654,252,False,False,25.699999999996635,-0.2169237732887268,-0.0,0.0,0.0,0.0,0.0,0.0,-0.0,0.6932745449242095,0.0,-0.0,0.0,0.3444680347292175,64
0.1124262809753418,1.511960744857788,0.12021958827972412,0.28508538007736206,0.0031265215948224068,0.14431264996528625,1.3192434310913086,-0.23212511837482452,0.7724394202232361,-0.021087643206119513,0.42900240421295166,0.2667241096496582,-0.4758780300617218,-0.06438152492046356,-1.0,54.01823425292969,False,-0.007909536361694336,0.1412620097398758,-0.2686041593551636,0.7723917961120605,0.0,-0.0012144742906093598,-0.00445369020104408,-0.01,-0.01566816449165344,0.10788877680897713,False,False,-0.012927152216434479,-0.08533957710179821,253,False,False,25.79999999999658,-0.12144742906093597,-0.0,0.0,0.0,0.0,0.0,0.0,-0.0,0.691280002988616,0.0,-0.0,0.0,0.3444255272036987,64
0.02467036247253418,1.407016396522522,0.5435665845870972,0.22376441955566406,0.0272785946726799,0.14424186944961548,1.4547854661941528,-0.22811414301395416,0.7723740339279175,-0.010248295292258272,-0.3799422085285187,0.035705652087926865,-0.22513452172279358,0.31659990549087524,-1.0,53.99608612060547,False,0.030785799026489258,0.14127026498317719,-0.26838138699531555,0.7727787494659424,0.0,-0.0007413800805807114,-0.003648635447025317,-0.01,-0.014390015527606027,0.10870587779209018,False,False,0.007343797944486141,-0.08215786963842543,254,False,False,25.899999999996524,-0.07413800805807114,-0.0,0.0,0.0,0.0,0.0,0.0,-0.0,0.6908917942111978,0.0,-0.0,0.0,0.3447045170250182,64
0.030362606048583984,1.4891188144683838,0.4460275173187256,0.20538756251335144,0.004933919757604599,0.14147351682186127,1.271474838256836,-0.23190565407276154,0.7714441418647766,-0.023929642606526632,0.2529655396938324,-0.1413755863904953,-0.02884642593562603,-0.039040062576532364,-1.0,53.99597930908203,False,-0.0003933906555175781,0.14085812866687775,-0.26841169595718384,0.7724669575691223,0.0,-0.00021583715453743935,-0.004085068553686122,-0.01,-0.014300905708223562,0.10652846610173583,False,False,0.0005085471202619374,-0.13026235929400776,255,False,False,25.99999999999647,-0.021583715453743935,-0.0,0.0,0.0,0.0,0.0,0.0,-0.0,0.689617785683758,0.0,-0.0,0.0,0.34459305568734155,64
0.15127062797546387,1.3831958770751953,0.4154776632785797,0.268476665019989,0.027567675337195396,0.14993557333946228,1.6536226272583008,-0.22977960109710693,0.7716633081436157,-0.010948902219533947,0.1713981032371521,0.995191752910614,-0.5109553933143616,-0.154109388589859,1.0,54.079647064208984,False,0.008988380432128906,0.14070698618888855,-0.2692622244358063,0.7725607752799988,0.0,-0.003261522650718689,-0.014552665948867782,-0.01,-0.027814188599586474,0.10690628131851554,False,False,-0.023122677579522133,-0.10177077320130748,256,False,False,26.099999999996413,-0.3261522650718689,-0.0,0.0,0.0,0.0,0.0,0.0,-0.0,0.6671842203574954,0.0,-0.0,0.0,0.330330587528029,64
0.1200258731842041,1.6400768756866455,0.4270608127117157,0.24497759342193604,0.02105017565190792,0.1481858193874359,1.5343234539031982,-0.2308603972196579,0.772803008556366,-0.03400243178009986,0.2784965932369232,0.04018564149737358,-0.20656505227088928,-0.11644165962934494,-1.0,54.07121276855469,False,-0.00017881393432617188,0.14080017805099487,-0.2691705524921417,0.7724691033363342,0.0,-0.0003385075181722641,-0.017122055739164366,-0.01,-0.02746056325733663,0.11108533479273319,False,False,-0.011532156728208065,-0.10696819466858946,257,False,False,26.199999999996358,-0.03385075181722641,-0.0,0.0,0.0,0.0,0.0,0.0,-0.0,0.6393334881664761,0.0,-0.0,0.0,0.31932823656506576,64
0.09047985076904297,1.6268590688705444,0.29071617126464844,0.26197350025177,0.10311276465654373,0.15394020080566406,1.7166787385940552,-0.23181986808776855,0.7734783291816711,-0.013073192685842533,0.19070763885974884,-0.38735178112983704,-0.3660432696342468,0.6288564205169678,-1.0,54.071266174316406,False,0.0,0.1407986730337143,-0.26917126774787903,0.7724708914756775,0.0,-0.0017896471917629242,-0.0048765093088150024,-0.01,-0.016666156500577928,0.11002554418519139,False,False,-0.005846579093486071,0.5187639063375409,258,False,False,26.299999999996302,-0.17896471917629242,-0.0,0.0,0.0,0.0,0.0,0.0,-0.0,0.6359397992817966,0.0,-0.0,0.0,0.31618025244913534,63
0.3513753414154053,1.9097089767456055,0.31228959560394287,0.24847520887851715,0.05149298533797264,0.1506284773349762,1.6804029941558838,-0.2305389642715454,0.7744208574295044,-0.012823939546942702,-0.04608859866857529,0.06801695376634598,-0.18317413330078125,0.6881935596466064,-1.0,54.071266174316406,False,0.0,0.1407986581325531,-0.26917126774787903,0.7724708914756775,0.0,-0.0012847839295864105,-0.00044167071580886175,-0.01,-0.011726454645395273,0.11529981065541506,False,False,-0.002337079029530287,0.5158361484450698,259,False,False,26.399999999996247,-0.12847839295864105,-0.0,0.0,0.0,0.0,0.0,0.0,-0.0,0.641471230553535,0.0,-0.0,0.0,0.3194508313471811,64
0.3376603126525879,1.8241167068481445,0.10593334585428238,0.3388482928276062,0.2690603733062744,0.15663552284240723,1.9671708345413208,-0.23098310828208923,0.7774609923362732,-0.008762537389993648,-0.437303751707077,0.18930059671401978,-0.8567430973052979,0.5809846520423889,-1.0,54.071266174316406,False,0.0,0.1407986581325531,-0.26917126774787903,0.7724708914756775,0.0,-0.0032465529441833498,-0.003685001134872412,-0.01,-0.016931554079055763,0.1357301101088524,False,False,-0.008327407762408257,-0.11571651884475845,260,False,False,26.49999999999619,-0.32465529441833496,-0.0,0.0,0.0,0.0,0.0,0.0,-0.0,0.6405062855985653,0.0,-0.0,0.0,0.3170065898550993,64
0.4730820655822754,1.8830543756484985,0.1294369399547577,0.363267719745636,0.04045910760760307,0.14592811465263367,1.5475083589553833,-0.23101156949996948,0.7756069898605347,-0.032020033076405545,0.2914680242538452,-0.006242556031793356,-0.13266484439373016,0.5443768501281738,1.0,54.071266174316406,False,0.0,0.1407986581325531,-0.26917126774787903,0.7724708914756775,0.0,-0.0009973467141389848,-0.00653192922472956,-0.01,-0.017529275938868546,0.11946967104449868,False,False,-0.02089151367545128,-0.25800639909553924,261,False,False,26.599999999996136,-0.09973467141389847,-0.0,0.0,0.0,0.0,0.0,0.0,-0.0,0.6337801816074538,0.0,-0.0,0.0,0.3158927440895879,61
0.3576219081878662,1.5477776527404785,0.31405240297317505,0.32804614305496216,0.12903013825416565,0.1496182680130005,1.8172329664230347,-0.22851155698299408,0.777508556842804,-0.004403166547417632,0.007940858602523804,-0.7828465700149536,-0.48048487305641174,-0.5873371362686157,-1.0,54.071266174316406,False,0.0,0.1407986581325531,-0.26917126774787903,0.7724708914756775,0.0,-0.0029718559980392457,0.0007233798503875621,-0.01,-0.012248476147651684,0.10543723264709115,False,False,-0.014789690263569355,-0.10490731878253348,262,False,False,26.69999999999608,-0.29718559980392456,-0.0,0.0,0.0,0.0,0.0,0.0,-0.0,0.6416434106114175,0.0,-0.0,0.0,0.3178498493076695,64
0.3204524517059326,1.7440662384033203,0.5591193437576294,0.25695332884788513,0.200815811753273,0.1468123197555542,1.9596272706985474,-0.22543121874332428,0.7815060019493103,0.0017089314758777802,-0.049138739705085754,-0.07443755865097046,0.45289158821105957,0.6092743873596191,1.0,54.071266174316406,False,0.0,0.1407986581325531,-0.26917126774787903,0.7724708914756775,0.0,-0.0014607040584087372,0.012362632602453238,-0.01,0.0009019285440445019,0.11459377175197005,False,False,-0.017718439921736717,0.5107462423797645,263,False,False,26.799999999996025,-0.14607040584087372,-0.0,0.0,0.0,0.0,0.0,0.0,-0.0,0.6730996303306274,0.0,-0.0,0.0,0.3350891111069049,64
1.358938217163086,2.2127459049224854,0.054520368576049805,0.2883511781692505,0.21160820126533508,0.15335503220558167,1.995764136314392,-0.23108568787574768,0.7817018628120422,-0.01671856120228768,0.0025615377817302942,-0.11042190343141556,0.4419112205505371,0.6450638175010681,-1.0,54.071266174316406,False,0.0,0.1407986581325531,-0.26917126774787903,0.7724708914756775,0.0,-0.001558980941772461,-0.0045219488441944344,-0.01,-0.016080929785966896,0.11060268012806773,False,False,-0.011426337994635105,0.4998970983072829,264,False,False,26.89999999999597,-0.1558980941772461,-0.0,0.0,0.0,0.0,0.0,0.0,-0.0,0.6707634147495589,0.0,-0.0,0.0,0.333822726433007,64
0.763094425201416,1.834496259689331,0.37050145864486694,0.35914599895477295,0.03465958684682846,0.133272185921669,1.7919018268585205,-0.2308109998703003,0.7803412079811096,-0.051406755745410905,-0.3889901041984558,-0.6389164924621582,-0.4016703963279724,0.28069379925727844,1.0,54.071266174316406,False,0.0,0.1407986581325531,-0.26917126774787903,0.7724708914756775,0.0,-0.0019991391897201537,-0.0007077239453792683,-0.01,-0.012706863135099422,0.11025400785729289,False,False,-0.022479936480522156,-0.12000514553622131,265,False,False,26.999999999995914,-0.19991391897201538,-0.0,0.0,0.0,0.0,0.0,0.0,-0.0,0.6761090922991755,0.0,-0.0,0.0,0.3360554069598676,44
0.9990870952606201,1.8841042518615723,0.5377605557441711,0.32513290643692017,0.005632256623357534,0.14168955385684967,1.2771283388137817,-0.23276004195213318,0.773482620716095,-0.00978461042046547,-0.7184854745864868,0.5165297389030457,0.48007288575172424,0.25286605954170227,-1.0,54.071266174316406,False,0.0,0.1407986581325531,-0.26917126774787903,0.7724708914756775,0.0,-0.0026935890316963198,0.0033478659391403265,-0.01,-0.009345723092555994,0.11337813315913081,False,False,-0.00960901565849781,0.529159201102847,266,False,False,27.09999999999586,-0.26935890316963196,-0.0,0.0,0.0,0.0,0.0,0.0,-0.0,0.6897017971700716,0.0,-0.0,0.0,0.3421573095533395,64
0.08919239044189453,1.261069893836975,0.6674533486366272,0.30812200903892517,0.002210600534453988,0.12673580646514893,1.4335036277770996,-0.24142688512802124,0.7736687660217285,-0.03668075211346151,-0.043961986899375916,-0.024451132863759995,0.05972259119153023,-0.9919105172157288,-1.0,54.071266174316406,False,0.0,0.1407986581325531,-0.26917126774787903,0.7724708914756775,0.0,-0.0024749594926834107,-0.004673247188329677,-0.01,-0.017148206681013085,0.1106251091696322,False,False,-0.0380338579416275,-0.186746344623095,267,False,False,27.199999999995804,-0.24749594926834106,-0.0,0.0,0.0,0.0,0.0,0.0,-0.0,0.6872275730152126,0.0,-0.0,0.0,0.34113882701492293,64
0.036519765853881836,1.430976390838623,0.3034934401512146,0.29030680656433105,0.0038612722419202328,0.13548432290554047,1.0271806716918945,-0.2435600906610489,0.7721980810165405,0.0025207513570785524,-0.5450297594070435,0.27611154317855835,0.355710506439209,-0.627291202545166,1.0,54.07060241699219,False,-0.027668476104736328,0.1406826376914978,-0.2691733241081238,0.7721942067146301,0.0,-0.002233298122882843,0.0028112204372882643,-0.01,-0.009422077685594579,0.10491130501031876,False,False,-0.0069576152600348,-0.07611935568038436,268,False,False,27.299999999995748,-0.2233298122882843,-0.0,0.0,0.0,0.0,0.0,0.0,-0.0,0.6998485199944848,0.0,-0.0,0.0,0.34769096187435955,61
0.08829832077026367,1.0850518941879272,0.8526479005813599,0.21863628923892975,0.00045596761628985405,0.13274100422859192,1.0524053573608398,-0.24653856456279755,0.7717874050140381,-0.013543465286493313,0.46971234679222107,-0.7940227389335632,0.5149615406990051,-0.10255230218172073,1.0,54.070220947265625,False,-0.013089179992675781,0.14116628468036652,-0.2691328525543213,0.7723399996757507,0.0,-0.0028170105814933778,0.00477315813302992,-0.01,-0.008043852448463458,0.10478134686127305,False,False,-0.03607560321688652,-0.11569177381153573,269,False,False,27.399999999995693,-0.28170105814933777,-0.0,0.0,0.0,0.0,0.0,0.0,-0.0,0.7165604552186065,0.0,-0.0,0.0,0.35546321702780986,64
0.025200843811035156,1.0694235563278198,0.4652564823627472,0.2892601191997528,0.006168363615870476,0.13291963934898376,1.3560757637023926,-0.23995047807693481,0.7749640345573425,0.013270066380500765,-0.022092806175351143,-0.03792900592088699,-0.1921873241662979,-0.4931839108467102,-1.0,54.08605194091797,False,-0.05348920822143555,0.1412382572889328,-0.2692860960960388,0.7719359993934631,0.0,-0.0007052326202392578,0.011643053740262976,-0.01,0.0009378211200237185,0.1007574899122119,False,False,-0.004023760557174683,-0.08901346393208778,270,False,False,27.499999999995637,-0.07052326202392578,-0.0,0.0,0.0,0.0,0.0,0.0,-0.0,0.7473197331022811,0.0,-0.0,0.0,0.3729546339309013,40
0.11702179908752441,1.3587881326675415,0.1702735722064972,0.32877540588378906,0.0008458452066406608,0.13404567539691925,1.1599953174591064,-0.24431535601615906,0.7713027000427246,-0.02498511634767059,0.22004538774490356,-0.2750111520290375,0.39504387974739075,-0.14666181802749634,1.0,54.093605041503906,False,0.00024437904357910156,0.14274579286575317,-0.2692444622516632,0.7724733352661133,0.0,-0.0007540512084960938,-0.0011526047438383258,-0.01,-0.01190665595233442,0.10057361191138625,False,False,-0.013587354682385921,-0.13240610932212404,271,False,False,27.599999999995582,-0.07540512084960938,-0.0,0.0,0.0,0.0,0.0,0.0,-0.0,0.7525398370848451,0.0,-0.0,0.0,0.37551586733392645,2
0.4410982131958008,1.4173794984817505,0.35218149423599243,0.24818837642669678,0.0001944651739904657,0.1363879144191742,1.115402102470398,-0.2504524886608124,0.7710977792739868,-0.042295331284403805,0.968877375125885,0.6061099767684937,0.8403787612915039,-1.0,1.0,54.00597381591797,False,0.3185093402862549,0.14780442416667938,-0.26793983578681946,0.77565598487854,0.0,-0.00753082275390625,-0.005089471042156235,-0.01,-0.022620293796062486,0.10885644517838955,False,False,-0.02110445871949196,-0.13430974922769312,272,False,False,27.699999999995526,-0.753082275390625,-0.0,0.0,0.0,0.0,0.0,0.0,-0.0,0.7498596266537731,0.0,-0.0,0.0,0.3673989905729803,1
0.8201301097869873,1.4215190410614014,0.7589777708053589,0.25088822841644287,0.00029297705623321235,0.13701903820037842,1.4667749404907227,-0.24789713323116302,0.7703397274017334,-0.03582668475806713,-0.018239906057715416,-0.5358968377113342,1.0,-0.13119156658649445,1.0,53.78147506713867,False,0.6511390209197998,0.15531419217586517,-0.26496267318725586,0.7789822816848755,0.0,-0.003261823356151581,-0.0130616955459118,-0.01,-0.02632351890206338,0.1079394812695682,False,False,-0.01025522779673338,-0.15366357103986744,273,False,False,27.79999999999547,-0.3261823356151581,-0.0,0.0,0.0,0.0,0.0,0.0,-0.0,0.731046653353986,0.0,-0.0,0.0,0.3622615033208414,4
,,,,0.006295857019722462,0.1392037272453308,1.702444314956665,-0.242119699716568,0.7705677151679993,-0.0005798690021038191,-0.18744289875030518,0.009671688079833984,-0.1258494257926941,-0.38359588384628296,-0.9999999403953552,53.98011016845703,False,0.6798624992370605,0.15690122544765472,-0.26679372787475586,0.7792695164680481,0.0,-0.0004955306649208069,-0.004392825961112956,-0.01,-0.014888356626033763,0.10818680888041854,False,True,,-1000000000.0,274,False,False,27.899999999995416,-0.04955306649208069,-0.0,0.0,0.0,0.0,0.0,0.0,-0.0,0.7295565408743625,0.0,-0.0,0.0,0.36428273977226044,0
,,,,0.0024652716238051653,0.13667815923690796,1.8844640254974365,-0.2398291826248169,0.7695116996765137,-0.016579733341932287,-0.21120017766952515,0.40597033500671387,-0.3876281976699829,-0.19318866729736328,-1.0,53.941566467285156,False,0.6837844848632812,0.15683065354824066,-0.2664135694503784,0.7793087363243103,0.0,-0.0009924872964620591,-0.006347617954015727,-0.01,-0.017340105250477786,0.10887948097661138,False,True,,-1000000000.0,275,False,False,27.99999999999536,-0.0992487296462059,-0.0,0.0,0.0,0.0,0.0,0.0,-0.0,0.7241023258621108,0.0,-0.0,0.0,0.3610586756345933,0
1.0297536849975586,1.9505759477615356,0.61769038438797,0.2971113622188568,0.001014820416457951,0.1393032670021057,1.7534980773925781,-0.2414659857749939,0.7702838778495789,-0.01810947507619857,0.6624800562858582,0.19951117038726807,-0.632281482219696,-0.09104745090007782,1.0,53.89583206176758,False,0.7401406764984131,0.15795215964317322,-0.26583361625671387,0.7798722982406616,0.0,-0.002216885089874268,-0.007915305048227295,-0.01,-0.020132190138101563,0.10629987111315131,False,False,-0.015398435294628143,-0.11519326505511504,276,False,False,28.099999999995305,-0.22168850898742676,-0.0,0.0,0.0,0.0,0.0,0.0,-0.0,0.7154260350273169,0.0,-0.0,0.0,0.3554961324237842,54
1.0092496871948242,1.8419852256774902,0.43069472908973694,0.2564571797847748,0.00030674570007249713,0.13648562133312225,2.0012893676757812,-0.23759806156158447,0.7705289721488953,-0.018226010277867313,-0.38083377480506897,0.17903649806976318,0.048498716205358505,-0.44980233907699585,1.0,53.84394454956055,False,0.7934272289276123,0.15905506908893585,-0.26519110798835754,0.7804051637649536,0.0,-0.0009544067084789276,-0.006811361759901047,-0.01,-0.017765768468379975,0.10639103269204497,False,False,-0.008047410286962986,-0.09522464212738677,277,False,False,28.19999999999525,-0.09544067084789276,-0.0,0.0,0.0,0.0,0.0,0.0,-0.0,0.7088921781598485,0.0,-0.0,0.0,0.35349168237144535,64
1.2356579303741455,2.4207592010498047,0.3303458094596863,0.2742941975593567,0.0004386019427329302,0.1404525637626648,2.0647873878479004,-0.2437901496887207,0.7708041071891785,-0.022954382002353668,0.741891086101532,0.9607540369033813,0.12334171682596207,1.0,1.0,54.60125732421875,False,1.0455965995788574,0.16152891516685486,-0.27253466844558716,0.7829268574714661,0.0,-0.006221659779548645,-0.02540195390582084,-0.01,-0.04162361368536949,0.10629663895815611,False,False,-0.02038736082613468,-0.135914969020123,278,False,False,28.299999999995194,-0.6221659779548645,-0.0,0.0,0.0,0.0,0.0,0.0,-0.0,0.6647356524383847,0.0,-0.0,0.0,0.3261461664396437,1
1.0338664054870605,2.0477538108825684,0.3065258264541626,0.3438294231891632,0.0006364280707202852,0.13380949199199677,2.3588294982910156,-0.2392551451921463,0.7710497379302979,-0.026245405375957466,-0.08378330618143082,-0.7516336441040039,-0.39485877752304077,0.22593773901462555,-1.0,54.31761932373047,False,0.8927226066589355,0.16410048305988312,-0.269380658864975,0.7813981175422668,0.0,-0.0019473353028297425,0.0015312837064266338,-0.01,-0.010416051596403108,0.10911689279600978,False,False,-0.008661676198244095,-0.09827069723494478,279,False,False,28.39999999999514,-0.19473353028297424,-0.0,0.0,0.0,0.0,0.0,0.0,-0.0,0.6745436872798827,0.0,-0.0,0.0,0.3353245083371116,63
0.995403528213501,2.435074806213379,0.14491775631904602,0.3375614583492279,0.001736034988425672,0.13724581897258759,2.2510805130004883,-0.23908871412277222,0.7717251181602478,0.00014480687677860017,-0.24826572835445404,0.392659991979599,-0.7895033955574036,-0.3962946832180023,-1.0,54.21358871459961,False,0.8392155170440674,0.16671352088451385,-0.2680155038833618,0.7808630466461182,0.0,-0.002490457147359848,0.010717915445566162,-0.01,-0.0017725417017936864,0.10762707702815533,False,False,-0.009217357262969017,-0.11737608864211743,280,False,False,28.499999999995083,-0.2490457147359848,-0.0,0.0,0.0,0.0,0.0,0.0,-0.0,0.7030095962127397,0.0,-0.0,0.0,0.34901434095901,58
1.0349571704864502,2.194312810897827,0.2043396234512329,0.2989117503166199,0.0015716890338808298,0.13182245194911957,2.3050343990325928,-0.23902079463005066,0.7720623016357422,-0.028067685514688488,0.4482584595680237,0.015858586877584457,0.33472496271133423,0.21889068186283112,-1.0,54.44818878173828,False,0.9245753288269043,0.15907198190689087,-0.27126795053482056,0.7817166447639465,0.0,-0.000902852714061737,-0.019603992998599995,-0.01,-0.030506845712661733,0.10179269313812256,False,False,-0.016407661139965057,-0.13338526874868745,281,False,False,28.599999999995028,-0.0902852714061737,-0.0,0.0,0.0,0.0,0.0,0.0,-0.0,0.6705067035184935,0.0,-0.0,0.0,0.334350499045185,61
0.5856990814208984,1.924206256866455,0.18430650234222412,0.3186091184616089,0.0022655732464045286,0.13016246259212494,1.9027272462844849,-0.24053049087524414,0.7721952199935913,-0.02798330083489419,-0.24582213163375854,0.17056116461753845,-1.0,0.8246284127235413,-1.0,54.79932403564453,False,0.522148609161377,0.14623861014842987,-0.2760390043258667,0.7776923775672913,0.0,-0.004423829317092896,-0.02109650731086732,-0.01,-0.03552033662796022,0.10853556403890252,False,False,-0.012254846282303333,-0.11382128299208838,282,False,False,28.699999999994972,-0.44238293170928955,-0.0,0.0,0.0,0.0,0.0,0.0,-0.0,0.6346602228597246,0.0,-0.0,0.0,0.3129062821127694,62
0.020259618759155273,1.5825703144073486,0.1215711236000061,0.338906466960907,0.0002563469170127064,0.13485507667064667,1.5020952224731445,-0.23899923264980316,0.7714679837226868,-0.010693633481860181,0.2049219310283661,0.24825149774551392,-0.47101667523384094,0.25452208518981934,1.0,54.99584197998047,False,-0.014013051986694336,0.1395176500082016,-0.27853673696517944,0.7723307609558105,0.0,-0.0009756500273942947,-0.0188194753229618,-0.01,-0.02979512535035609,0.11069917120039463,False,False,-0.017788341268897057,-0.1471423716200405,283,False,False,28.799999999994917,-0.09756500273942947,-0.0,0.0,0.0,0.0,0.0,0.0,-0.0,0.6030518129611533,0.0,-0.0,0.0,0.30055025645318234,2
0.1082301139831543,1.5560622215270996,0.23510505259037018,0.6491760015487671,0.0006965956999920309,0.13080289959907532,1.6017907857894897,-0.23937687277793884,0.7722471952438354,-0.02610057875514033,-0.48880577087402344,0.21383142471313477,-0.35335129499435425,-0.23836012184619904,-1.0,54.99793243408203,False,-5.9604644775390625e-05,0.1394476443529129,-0.2785627543926239,0.7724702954292297,0.0,-0.0011658190190792085,-0.009440852850675585,-0.01,-0.020606671869754796,0.11283765500411391,False,False,-0.01368809025734663,-0.11220704534990197,284,False,False,28.89999999999486,-0.11658190190792084,-0.0,0.0,0.0,0.0,0.0,0.0,-0.0,0.590070825357115,0.0,-0.0,0.0,0.2938695936594783,45
0.09086728096008301,1.6468474864959717,0.19452571868896484,0.39568954706192017,0.00010724858293542638,0.13255007565021515,1.3683487176895142,-0.24547648429870605,0.7714040875434875,-0.022691118940711033,0.5752744078636169,-0.1046333760023117,-0.03723711892962456,-0.25441887974739075,1.0,54.99794006347656,False,0.0,0.13944734632968903,-0.27856287360191345,0.7724708914756775,0.0,-0.001020010933279991,-0.003996384739875791,-0.01,-0.015016395673155783,0.11266653705388308,False,False,-0.017118051648139954,-0.1286447904045665,285,False,False,28.999999999994806,-0.10200109332799911,-0.0,0.0,0.0,0.0,0.0,0.0,-0.0,0.5879576819605281,0.0,-0.0,0.0,0.2929588300469841,64
0.11832118034362793,1.4006454944610596,0.4929790794849396,0.20024684071540833,0.0002620631130412221,0.12852153182029724,1.4672850370407104,-0.24660614132881165,0.7713348865509033,-0.02183663189411162,0.09164589643478394,-0.6325031518936157,0.27631333470344543,-0.5474240183830261,1.0,54.99794006347656,False,0.0,0.13944734632968903,-0.27856287360191345,0.7724708914756775,0.0,-0.0019612033665180207,0.0013197918236255712,-0.01,-0.01064141154289245,0.11033139796927571,False,False,-0.012137535959482193,-0.1066677375742163,286,False,False,29.09999999999475,-0.19612033665180206,-0.0,0.0,0.0,0.0,0.0,0.0,-0.0,0.5965628854083497,0.0,-0.0,0.0,0.29632023933765683,49
0.15780329704284668,1.4979596138000488,0.2948850393295288,0.2586613893508911,0.0004244983720127493,0.12583161890506744,1.801938772201538,-0.2403525710105896,0.7702387571334839,-0.0028650705516338644,0.012682434171438217,0.41290321946144104,0.308823823928833,0.002515280619263649,1.0,54.99794006347656,False,0.0,0.13944734632968903,-0.27856287360191345,0.7724708914756775,0.0,-0.0006650710105895997,0.004186937063932417,-0.01,-0.006478133946657184,0.11242543999105692,False,False,-0.011235632002353668,-0.09531301402191109,287,False,False,29.199999999994695,-0.06650710105895996,-0.0,0.0,0.0,0.0,0.0,0.0,-0.0,0.6110472616745506,0.0,-0.0,0.0,0.3048585598266857,57
0.24595260620117188,1.7897168397903442,0.4411871135234833,0.20080748200416565,0.0006779168033972383,0.13002488017082214,1.571374535560608,-0.2433042824268341,0.7700107097625732,-0.018825785778462868,0.07808033376932144,0.1902172565460205,-0.3325398564338684,-0.08268468827009201,1.0,54.99794006347656,False,0.0,0.13944734632968903,-0.27856287360191345,0.7724708914756775,0.0,-0.0003992466256022453,-0.011348938643932327,-0.01,-0.02174818526953457,0.11131868371739984,False,False,-0.006243884097784758,-0.09138477014661536,288,False,False,29.29999999999464,-0.03992466256022453,-0.0,0.0,0.0,0.0,0.0,0.0,-0.0,0.5942923015969114,0.0,-0.0,0.0,0.29674690417285343,63
0.27164220809936523,1.5956729650497437,0.15410184860229492,0.1962929666042328,0.0005156553233973682,0.1298857480287552,1.6445209980010986,-0.2408047914505005,0.7704549431800842,-0.008605511486530328,-0.28355976939201355,-0.5958189368247986,-0.3250429630279541,-0.22351892292499542,-1.0,54.99794006347656,False,0.0,0.13944734632968903,-0.27856287360191345,0.7724708914756775,0.0,-0.0014775499701499939,-0.0010086433589458488,-0.01,-0.012486193329095844,0.11155751487240195,False,False,-0.007859435863792896,-0.10066645759352127,289,False,False,29.399999999994584,-0.1477549970149994,-0.0,0.0,0.0,0.0,0.0,0.0,-0.0,0.598257554930279,0.0,-0.0,0.0,0.2976512274949895,62
0.2329409122467041,1.6527643203735352,0.515805721282959,0.2865917980670929,0.0003760344407055527,0.12752091884613037,1.718001127243042,-0.24035945534706116,0.7710607051849365,-0.01617117509245874,0.8298219442367554,0.1740204244852066,-0.5977990031242371,-0.5503499507904053,-1.0,54.99794006347656,False,0.0,0.13944734632968903,-0.27856287360191345,0.7724708914756775,0.0,-0.0034478408098220824,0.004299829602241512,-0.01,-0.009148011207580572,0.11355357803404331,False,False,-0.011369792744517326,-0.10658671013640707,290,False,False,29.49999999999453,-0.34478408098220825,-0.0,0.0,0.0,0.0,0.0,0.0,-0.0,0.6129871131905408,0.0,-0.0,0.0,0.3030457157854483,64
0.16965866088867188,1.7509738206863403,0.5090266466140747,0.22766664624214172,0.00015383221034426242,0.13188593089580536,1.446260929107666,-0.24416303634643555,0.7710443139076233,-0.027827366963028927,0.15976010262966156,0.24361003935337067,0.21994009613990784,0.055168867111206055,-1.0,54.99794006347656,False,0.0,0.13944734632968903,-0.27856287360191345,0.7724708914756775,0.0,-0.00034071601927280424,-0.01462691769003871,-0.01,-0.024967633709311515,0.10984852397814393,False,False,-0.010167524218559265,-0.10538188897864353,291,False,False,29.599999999994473,-0.034071601927280426,-0.0,0.0,0.0,0.0,0.0,0.0,-0.0,0.5896295368335998,0.0,-0.0,0.0,0.29447405239752705,64
0.18091201782226562,1.5234992504119873,0.3897736668586731,0.174650177359581,0.0003993857535533607,0.13173478841781616,1.4580477476119995,-0.24465139210224152,0.7703534960746765,-0.01716899484395981,-0.4964308738708496,-0.06745625287294388,0.0702272579073906,-0.13917724788188934,-1.0,54.99794006347656,False,0.0,0.13944734632968903,-0.27856287360191345,0.7724708914756775,0.0,-0.0006882403790950775,-0.00622080862522123,-0.01,-0.016909049004316307,0.11773277772590518,False,False,-0.005259938538074493,-0.09935599272949322,292,False,False,29.699999999994418,-0.06882403790950775,-0.0,0.0,0.0,0.0,0.0,0.0,-0.0,0.5830180521004176,0.0,-0.0,0.0,0.2908207856711137,64
0.220412015914917,1.4809597730636597,0.46966224908828735,0.2926132380962372,0.00022042910859454423,0.13070069253444672,1.6018972396850586,-0.24140606820583344,0.7703174352645874,-0.006019173562526721,0.4340026080608368,-0.20387139916419983,-0.5741850733757019,0.49961337447166443,1.0,54.99794006347656,False,0.0,0.13944734632968903,-0.27856287360191345,0.7724708914756775,0.0,-0.002023059576749802,0.0020947691798209878,-0.01,-0.009928290396928814,0.11238852236419916,False,False,-0.004739262163639069,-9.750046222269503,293,False,False,29.799999999994363,-0.20230595767498016,-0.0,0.0,0.0,0.0,0.0,0.0,-0.0,0.5931389796984596,0.0,-0.0,0.0,0.29454643027248,50
0.24288296699523926,1.6749763488769531,0.2740810513496399,0.32214173674583435,0.0008500135154463351,0.12859061360359192,1.7009788751602173,-0.241573303937912,0.7692878246307373,-0.019578323364257817,-0.06366245448589325,-0.03839922323822975,-0.5180455446243286,0.3986489474773407,-1.0,54.99794006347656,False,0.0,0.13944734632968903,-0.27856287360191345,0.7724708914756775,0.0,-0.001082049012184143,-0.00107396781444552,-0.01,-0.012156016826629663,0.09905787091702223,False,False,-0.002424582839012146,-9.839192101823809,294,False,False,29.899999999994307,-0.1082049012184143,-0.0,0.0,0.0,0.0,0.0,0.0,-0.0,0.59696070757009,0.0,-0.0,0.0,0.2973983047728609,64
0.3010869026184082,1.7618820667266846,0.13700971007347107,0.39542341232299805,0.00025239429669454694,0.1299939751625061,1.8765816688537598,-0.23387272655963898,0.7703169584274292,-0.0019694659858941928,0.1238773986697197,0.016394173726439476,0.10210855305194855,0.4619222581386566,-1.0,54.99794006347656,False,0.0,0.13944734632968903,-0.27856287360191345,0.7724708914756775,0.0,-0.0005985317379236222,-0.002577894777059553,-0.01,-0.013176426514983176,0.0880777956917882,False,False,-0.013824204914271832,-9.918025672367252,295,False,False,29.99999999999425,-0.05985317379236221,-0.0,0.0,0.0,0.0,0.0,0.0,-0.0,0.5977827330019572,0.0,-0.0,0.0,0.29829283476305496,64
0.20448565483093262,1.9225186109542847,0.15930882096290588,0.3230323791503906,0.00025451285182498395,0.12848833203315735,1.6509556770324707,-0.2424038052558899,0.7700603008270264,-0.03001856567338112,-0.1367361843585968,0.1368514448404312,-0.10245019197463989,-0.21089845895767212,-1.0,54.99794006347656,False,0.0,0.13944734632968903,-0.27856287360191345,0.7724708914756775,0.0,-0.00023099826648831367,-0.0050472366809845015,-0.01,-0.015278234947472815,0.0700526237487793,False,False,-0.010791085660457611,-10.015564699131254,296,False,False,30.099999999994196,-0.023099826648831367,-0.0,0.0,0.0,0.0,0.0,0.0,-0.0,0.5936245504010913,0.0,-0.0,0.0,0.29658127693405734,64
0.19432306289672852,1.699252963066101,0.2023845911026001,0.3430154323577881,7.153140904847533e-05,0.12820842862129211,1.672946810722351,-0.2406339943408966,0.7714502811431885,-0.011911085397005082,-0.0004940264043398201,-0.002098614349961281,0.9307082891464233,-0.04177142679691315,1.0,54.99794006347656,False,0.0,0.13944734632968903,-0.27856287360191345,0.7724708914756775,0.0,-0.002169918566942215,-0.003698353767395024,-0.01,-0.01586827233433724,0.057641475927084684,False,False,-0.012166460044682026,-10.08877286524807,297,False,False,30.19999999999414,-0.2169918566942215,-0.0,0.0,0.0,0.0,0.0,0.0,-0.0,0.5921493032446155,0.0,-0.0,0.0,0.2939047330553655,41
0.11851787567138672,1.7108222246170044,0.1382589340209961,0.3421543836593628,0.00025660856044851243,0.1292698085308075,1.4948005676269531,-0.2458656132221222,0.7705016732215881,-0.01792992919683454,-0.020613353699445724,-0.16454912722110748,0.0066468180157244205,0.18407832086086273,-1.0,54.99794006347656,False,0.0,0.13944734632968903,-0.27856287360191345,0.7724708914756775,0.0,-0.00015357583761215212,-0.0013461235165596053,-0.01,-0.011499699354171758,0.048472125083208084,False,False,-0.008613784797489643,-10.177339959074184,298,False,False,30.299999999994085,-0.01535758376121521,-0.0,0.0,0.0,0.0,0.0,0.0,-0.0,0.5954111881860942,0.0,-0.0,0.0,0.2975520182554349,63
0.23473501205444336,1.544987678527832,0.12332548946142197,0.2280137687921524,0.0002891060139518231,0.1277063935995102,1.76460599899292,-0.24017606675624847,0.769660472869873,-0.005674360408447661,-0.036983612924814224,-0.03951320797204971,0.12900087237358093,0.0036525933537632227,-1.0,54.99794006347656,False,0.0,0.13944734632968903,-0.27856287360191345,0.7724708914756775,0.0,-4.895912017673254e-05,0.0002970364689827143,-0.01,-0.009751922651194019,0.034287062007933855,False,False,-0.007485806476324797,-10.26152701092884,299,False,False,30.39999999999403,-0.004895912017673254,-0.0,0.0,0.0,0.0,0.0,0.0,-0.0,0.602025468423339,0.0,-0.0,0.0,0.3009637750914928,64
0.2843022346496582,1.7704083919525146,0.09305526316165924,0.21568512916564941,0.00024095832486636937,0.12477348744869232,1.697663426399231,-0.24480575323104858,0.7699719667434692,-10.359386112237699,-0.0056622764095664024,0.007881282828748226,-0.03525473549962044,-0.009693984873592854,1.0,54.99794006347656,False,0.0,0.13944734632968903,-0.27856287360191345,0.7724708914756775,0.0,-10.000003577614553,-0.30101272463798523,-0.01,-10.311016302252538,0.021462322678416967,False,False,-10.359386444091797,-10.359386444091797,300,False,False,30.499999999993975,-0.00035776145523414016,-0.0,0.0,-1.0,0.0,0.0,0.0,-0.0,0.604600889545515,0.0,-0.0,0.0,-9.697703132841795,64
