Q_actual_observation_held_probability,Q_actual_observation_x,Q_actual_observation_xyz_mae_cm,Q_actual_observation_y,Q_actual_observation_z,Q_observed_supported_reward,action_dx,action_dy,action_dyaw,action_dz,action_gripper,actual_goal_distance_cm,actual_held,actual_lift_cm,actual_object_x,actual_object_y,actual_object_z,control_component_goal,control_component_penalties,control_component_progress,control_component_time,control_reward,decision_seconds,obstacle_contact,step,table_contact,task_success,time_s,true_component_action,true_component_collision,true_component_drop,true_component_fail,true_component_grasp,true_component_lift,true_component_place,true_component_proximity,true_component_reach,true_component_success,true_component_table_hit,true_component_transport,true_original_reward
3.782650310313329e-05,0.18117839097976685,0.09990781545639038,-0.22793257236480713,0.7723848819732666,-0.000262498259544372,0.9239299297332764,-0.9465153217315674,-0.05337262153625488,-0.9922410249710083,0.9760576486587524,50.25502395629883,False,0.0,0.18006901443004608,-0.22613072395324707,0.7724708914756775,0.0,-0.006842321157455445,0.016859287619590758,-0.01,1.696646213531286e-05,0.0008776220493018627,False,1,False,False,0.6000000000000004,-0.6842321157455444,-0.0,0.0,0.0,0.0,0.0,0.0,-0.0,0.034059149366943764,0.0,-0.0,0.0,0.010187253526016437
4.097003329661675e-05,0.18472592532634735,0.16766288876533508,-0.22581246495246887,0.7724161744117737,-0.014498783051967622,0.9820311069488525,-0.9861369132995605,0.009401082992553711,-0.9903990626335144,0.9981586933135986,50.25502395629883,False,0.0,0.18006901443004608,-0.22613072395324707,0.7724708914756775,0.0,-0.00729457437992096,0.003035582304000854,-0.01,-0.014258992075920105,0.0004937760531902313,False,2,False,False,0.7000000000000005,-0.729457437992096,-0.0,0.0,0.0,0.0,0.0,0.0,-0.0,0.04053566986301427,0.0,-0.0,0.0,0.012973260551586173
3.712852412718348e-05,0.1852714568376541,0.2687762379646301,-0.22897547483444214,0.7724869847297668,-0.01407362759113312,0.9770135879516602,-0.9839745759963989,-0.017431139945983887,-0.985184907913208,0.995702862739563,50.25502395629883,False,0.0,0.18006901443004608,-0.22613072395324707,0.7724708914756775,0.0,-0.007234136462211609,0.003694721460342408,-0.01,-0.013539415001869202,0.0004948959685862064,False,3,False,False,0.8000000000000006,-0.7234136462211609,-0.0,0.0,0.0,0.0,0.0,0.0,-0.0,0.04840923395307384,0.0,-0.0,0.0,0.01697048051432531
3.337434463901445e-05,0.18585552275180817,0.20581234991550446,-0.22647108137607574,0.7724233865737915,-0.01279702723026276,0.9760580062866211,-0.9842178225517273,-0.013408243656158447,-0.9834654927253723,0.9949045181274414,50.25502395629883,False,0.0,0.18006901443004608,-0.22613072395324707,0.7724708914756775,0.0,-0.007221895456314087,0.0043597394227981555,-0.01,-0.012862156033515933,0.0004971451126039028,False,4,False,False,0.9000000000000007,-0.7221895456314087,-0.0,0.0,0.0,0.0,0.0,0.0,-0.0,0.05770575118616006,0.0,-0.0,0.0,0.021630980136765943
4.1185641748597845e-05,0.18326592445373535,0.23032575845718384,-0.2296275794506073,0.7726868987083435,-0.012249212563037876,0.9766297340393066,-0.984251856803894,-0.012004077434539795,-0.9821589589118958,0.990626335144043,50.25502395629883,False,0.0,0.18006901443004608,-0.22613072395324707,0.7724708914756775,0.0,-0.007218344211578369,0.005076503455638884,-0.01,-0.012141840755939486,0.0004853452555835247,False,5,False,False,1.0000000000000007,-0.7218344211578369,-0.0,0.0,0.0,0.0,0.0,0.0,-0.0,0.0685441753944237,0.0,-0.0,0.0,0.027053743485633483
2.912787749664858e-05,0.1893627941608429,0.34195882081985474,-0.226998969912529,0.772567629814148,-0.012506734728813173,0.981806755065918,-0.9876468777656555,-0.00199127197265625,-0.9856570959091187,0.9935379028320312,50.25502395629883,False,0.0,0.18006901443004608,-0.22613072395324707,0.7724708914756775,0.0,-0.007277287244796753,0.00578231245279312,-0.01,-0.011494974792003633,0.00048056710511446,False,6,False,False,1.1000000000000008,-0.7277287244796753,-0.0,0.0,0.0,0.0,0.0,0.0,-0.0,0.08091799711638248,0.0,-0.0,0.0,0.03318171131339449
4.013278885395266e-05,0.18550024926662445,0.28057295083999634,-0.22909313440322876,0.7724944353103638,-0.010686972737312317,0.9827578067779541,-0.9876692891120911,-0.010359466075897217,-0.986851692199707,0.9903382062911987,50.25502395629883,False,0.0,0.18006901443004608,-0.22613072395324707,0.7724708914756775,0.0,-0.007288217544555664,0.006330444812774658,-0.01,-0.010957772731781007,0.0004921858198940754,False,7,False,False,1.2000000000000008,-0.7288217544555664,-0.0,0.0,0.0,0.0,0.0,0.0,-0.0,0.09452415998283925,0.0,-0.0,0.0,0.03997386244686396
2.4873621441656724e-05,0.19176499545574188,0.4459569752216339,-0.22777894139289856,0.7725054025650024,-0.012105531990528108,0.9854633808135986,-0.9890078902244568,0.004225730895996094,-0.9910988807678223,0.9924103021621704,50.25502395629883,False,0.0,0.18006901443004608,-0.22613072395324707,0.7724708914756775,0.0,-0.0073289239406585695,0.006823379397392269,-0.01,-0.0105055445432663,0.0004975344054400921,False,8,False,False,1.300000000000001,-0.7328923940658569,-0.0,0.0,0.0,0.0,0.0,0.0,-0.0,0.10926358296511807,0.0,-0.0,0.0,0.04730286754190047
2.8912181733176112e-05,0.18978095054626465,0.4106973707675934,-0.22863587737083435,0.7725747227668762,-0.009780444204807283,0.9848247766494751,-0.9865791201591492,-0.027836322784423828,-0.9921075105667114,0.9900640249252319,50.25502395629883,False,0.0,0.18006901443004608,-0.22613072395324707,0.7724708914756775,0.0,-0.007320675849914551,0.007480385899543765,-0.01,-0.009840289950370786,0.0004574689082801342,False,9,False,False,1.400000000000001,-0.7320675849914551,-0.0,0.0,0.0,0.0,0.0,0.0,-0.0,0.12547915003569732,0.0,-0.0,0.0,0.055418899167934105
1.881937714642845e-05,0.19527672231197357,0.5798017382621765,-0.2240099459886551,0.7724053263664246,-0.010180477499961857,0.9858787059783936,-0.9844648241996765,-0.016467571258544922,-0.9928504824638367,0.9923427104949951,50.25502395629883,False,0.0,0.18006901443004608,-0.22613072395324707,0.7724708914756775,0.0,-0.007317877411842346,0.008407853543758392,-0.01,-0.008910023868083955,0.0004708277992904186,False,10,False,False,1.500000000000001,-0.7317877411842346,-0.0,0.0,0.0,0.0,0.0,0.0,-0.0,0.14373214381622224,0.0,-0.0,0.0,0.06454819449626877
2.3258589862962253e-05,0.19132950901985168,0.4390006363391876,-0.22444912791252136,0.7722429633140564,-0.006874785423278807,0.9845707416534424,-0.9798408150672913,-0.004619777202606201,-0.9912259578704834,0.9859745502471924,50.25502395629883,False,0.0,0.18006901443004608,-0.22613072395324707,0.7724708914756775,0.0,-0.007280044555664063,0.009627818465232849,-0.01,-0.007652226090431214,0.0005272729322314262,False,11,False,False,1.6000000000000012,-0.7280044555664062,-0.0,0.0,0.0,0.0,0.0,0.0,-0.0,0.16463411675351436,0.0,-0.0,0.0,0.07503701382109312
1.4849635590508115e-05,0.19590285420417786,0.6351714730262756,-0.22306576371192932,0.7723145484924316,-0.008293081223964693,0.9862782955169678,-0.978180468082428,0.027675151824951172,-0.9906858205795288,0.9927152395248413,50.25502395629883,False,0.0,0.18006901443004608,-0.22613072395324707,0.7724708914756775,0.0,-0.007279515266418457,0.011097628474235538,-0.01,-0.006181886792182919,0.00047016609460115433,False,12,False,False,1.7000000000000013,-0.7279515266418457,-0.0,0.0,0.0,0.0,0.0,0.0,-0.0,0.18871651951962154,0.0,-0.0,0.0,0.08707874449339231
2.1603165805572644e-05,0.19198095798492432,0.4936729967594147,-0.2234710156917572,0.7722323536872864,-0.003442214429378509,0.9843683242797852,-0.9734043478965759,0.015350580215454102,-0.9877158999443054,0.994966983795166,50.25502395629883,False,0.0,0.18006901443004608,-0.22613072395324707,0.7724708914756775,0.0,-0.007230788469314575,0.01275092631578445,-0.01,-0.0044798621535301255,0.00047460291534662247,False,13,False,False,1.8000000000000014,-0.7230788469314575,-0.0,0.0,0.0,0.0,0.0,0.0,-0.0,0.21638217911791457,0.0,-0.0,0.0,0.10096030108964271
1.631237864785362e-05,0.19479459524154663,0.6094837784767151,-0.22265499830245972,0.772387683391571,-0.0045151022076606725,0.9852602481842041,-0.9695388078689575,0.04350864887237549,-0.9846567511558533,0.9987972974777222,50.25502395629883,False,0.0,0.18006901443004608,-0.22613072395324707,0.7724708914756775,0.0,-0.0072054630517959595,0.014557078778743737,-0.01,-0.0026483842730522225,0.0004704156890511513,False,14,False,False,1.9000000000000015,-0.720546305179596,-0.0,0.0,0.0,0.0,0.0,0.0,-0.0,0.2479761731438076,0.0,-0.0,0.0,0.11678262352010783
1.9624116248451173e-05,0.19119730591773987,0.5026584267616272,-0.22243383526802063,0.7722163200378418,0.0006423091888427667,0.9829123020172119,-0.9524251222610474,0.04302072525024414,-0.97862309217453,0.9994592666625977,50.25502395629883,False,0.0,0.18006901443004608,-0.22613072395324707,0.7724708914756775,0.0,-0.007081960439682007,0.01650607019662856,-0.01,-0.0005758902430534497,0.0004654587246477604,False,15,False,False,2.0000000000000013,-0.7081960439682007,-0.0,0.0,0.0,0.0,0.0,0.0,-0.0,0.2838265886417126,0.0,-0.0,0.0,0.1348313338811743
1.6910218619159423e-05,0.19509311020374298,0.554793119430542,-0.22458237409591675,0.7725422382354736,-0.001687448620796216,0.9767270088195801,-0.8855233192443848,0.027090072631835938,-0.9652743339538574,0.9998607635498047,50.25502395629883,False,0.0,0.18006901443004608,-0.22613072395324707,0.7724708914756775,0.0,-0.006676589250564575,0.018566164970397953,-0.01,0.0018895757198333762,0.0004728599451482296,False,16,False,False,2.0999999999999903,-0.6676589250564575,-0.0,0.0,0.0,0.0,0.0,0.0,-0.0,0.3242009477080625,0.0,-0.0,0.0,0.15542388460346668
1.808871456887573e-05,0.19224417209625244,0.5189696550369263,-0.22294510900974274,0.7722625732421875,0.005912624299526206,0.9704768657684326,-0.750091016292572,0.0178375244140625,-0.8901847004890442,0.9998958110809326,50.25502395629883,False,0.0,0.18006901443004608,-0.22613072395324707,0.7724708914756775,0.0,-0.005743022561073304,0.02057864993810654,-0.01,0.004835627377033238,0.0005813608877360821,False,17,False,False,2.1999999999999793,-0.5743022561073303,-0.0,0.0,0.0,0.0,0.0,0.0,-0.0,0.3690487441587027,0.0,-0.0,0.0,0.17878134951827804
1.4944637769076508e-05,0.19505208730697632,0.6585230827331543,-0.22136704623699188,0.7724619507789612,0.00474858820438386,0.962054967880249,-0.4492003917694092,0.04051470756530762,-0.5922517776489258,0.9998989105224609,50.25502395629883,False,0.0,0.18006901443004608,-0.22613072395324707,0.7724708914756775,0.0,-0.003699335753917694,0.021232724487781518,-0.01,0.007533388733863824,0.0004673302173614502,False,18,False,False,2.2999999999999683,-0.3699335753917694,-0.0,0.0,0.0,0.0,0.0,0.0,-0.0,0.41567096103173773,0.0,-0.0,0.0,0.20413614476195116
1.663362854742445e-05,0.1939374804496765,0.5454987287521362,-0.22374902665615082,0.7723560929298401,0.007089388072490677,0.9436618089675903,-0.3159914016723633,0.13525104522705078,-0.1057317852973938,0.9985438585281372,50.25502395629883,False,0.0,0.18006901443004608,-0.22613072395324707,0.7724708914756775,0.0,-0.0025495508313179015,0.019572579264640816,-0.01,0.007023028433322915,0.0004769819788634777,False,19,False,False,2.3999999999999573,-0.25495508313179016,-0.0,0.0,0.0,0.0,0.0,0.0,-0.0,0.45941014918659284,0.0,-0.0,0.0,0.2271555237619785
1.4240835298551247e-05,0.1950940489768982,0.6668046116828918,-0.22121164202690125,0.7725309133529663,0.0005448764562606869,0.8975199460983276,-0.19905269145965576,0.23053693771362305,-0.06637293100357056,0.9810446500778198,50.25502395629883,False,0.0,0.18006901443004608,-0.22613072395324707,0.7724708914756775,0.0,-0.002256791591644287,0.012987415790557871,-0.01,0.0007306241989135844,0.0004870970733463764,False,20,False,False,2.4999999999999463,-0.2256791591644287,-0.0,0.0,0.0,0.0,0.0,0.0,-0.0,0.49028798681357677,0.0,-0.0,0.0,0.2428872018151441
1.8584702047519386e-05,0.18982118368148804,0.4554038345813751,-0.2226102352142334,0.7728603482246399,0.0037192739546298877,0.8498687744140625,-0.2477894425392151,0.33762574195861816,-0.14069372415542603,0.9893195629119873,50.25502395629883,False,0.0,0.18006901443004608,-0.22613072395324707,0.7724708914756775,0.0,-0.002293655872344971,0.009948244392871841,-0.01,-0.00234541147947313,0.0005665584467351437,False,21,False,False,2.5999999999999353,-0.22936558723449707,-0.0,0.0,0.0,0.0,0.0,0.0,-0.0,0.5153377383433315,0.0,-0.0,0.0,0.2553752132993208
1.5229843484121375e-05,0.19186431169509888,0.5835300087928772,-0.22090590000152588,0.7729566693305969,-0.004866570979356791,0.8069431781768799,-0.28111404180526733,0.5293107032775879,-0.05805325508117676,0.9999964237213135,50.25502395629883,False,0.0,0.18006901443004608,-0.22613072395324707,0.7724708914756775,0.0,-0.0025343060493469237,0.007681912332773211,-0.01,-0.0048523937165737135,0.000475939828902483,False,22,False,False,2.6999999999999242,-0.2534306049346924,-0.0,0.0,0.0,0.0,0.0,0.0,-0.0,0.5360622073700201,0.0,-0.0,0.0,0.26549679763566314
1.827544292609673e-05,0.18891090154647827,0.41792044043540955,-0.22298240661621094,0.7730183005332947,-0.00489365488290789,0.736703634262085,-0.32102686166763306,0.6672673225402832,-0.09299439191818237,0.9999997615814209,50.25502395629883,False,0.0,0.18006901443004608,-0.22613072395324707,0.7724708914756775,0.0,-0.002749210298061371,0.004370287656784044,-0.01,-0.008378922641277327,0.00046523893252015114,False,23,False,False,2.7999999999999132,-0.2749210298061371,-0.0,0.0,0.0,0.0,0.0,0.0,-0.0,0.5503058248979058,0.0,-0.0,0.0,0.27240370215089155
1.3828809642291162e-05,0.19349738955497742,0.5299126505851746,-0.22424525022506714,0.7730544209480286,-0.011170231252908723,0.6521036624908447,-0.27683931589126587,0.7352869510650635,0.0020018815994262695,1.0,50.25502395629883,False,0.0,0.18006901443004608,-0.22613072395324707,0.7724708914756775,0.0,-0.0026063251495361327,0.0014491902291774994,-0.01,-0.011157134920358634,0.0006112651899456978,False,24,False,False,2.899999999999902,-0.2606325149536133,-0.0,0.0,0.0,0.0,0.0,0.0,-0.0,0.5587921750555264,0.0,-0.0,0.0,0.27678976237822706
1.6972193407127634e-05,0.1870746910572052,0.2676228880882263,-0.22547166049480438,0.772834837436676,-0.012176456153392806,0.609514594078064,-0.2552831172943115,0.763714075088501,-0.04979819059371948,1.0,50.25502395629883,False,0.0,0.18006901443004608,-0.22613072395324707,0.7724708914756775,0.0,-0.002556041479110718,-0.0027584517002105513,-0.01,-0.01531449317932127,0.0006226389668881893,False,25,False,False,2.999999999999891,-0.2556041479110718,-0.0,0.0,0.0,0.0,0.0,0.0,-0.0,0.5588638278344016,0.0,-0.0,0.0,0.2768758724380901
1.453338518331293e-05,0.1911810040473938,0.4491383731365204,-0.2243717610836029,0.7730740904808044,-0.015017159134149551,0.43189311027526855,-0.14988994598388672,0.7871696949005127,0.019872069358825684,1.0,50.25502395629883,False,0.0,0.18006901443004608,-0.22613072395324707,0.7724708914756775,0.0,-0.0020725741982460023,-0.004164941012859358,-0.01,-0.01623751521110536,0.0005934340879321098,False,26,False,False,3.09999999999988,-0.20725741982460022,-0.0,0.0,0.0,0.0,0.0,0.0,-0.0,0.5560948147987288,0.0,-0.0,0.0,0.2759748332011184
1.6750886061345227e-05,0.18825285136699677,0.3762289881706238,-0.22342143952846527,0.7728646397590637,-0.015963144004344922,0.3444397449493408,-0.1560271978378296,0.7929240465164185,-0.18107342720031738,1.0,50.25502395629883,False,0.0,0.18006901443004608,-0.22613072395324707,0.7724708914756775,0.0,-0.0020112484693527223,-0.004007749706506747,-0.01,-0.01601899817585947,0.00048146676272153854,False,27,False,False,3.199999999999869,-0.20112484693527222,-0.0,0.0,0.0,0.0,0.0,0.0,-0.0,0.5536154989124288,0.0,-0.0,0.0,0.27479650098686165
1.4963305147830397e-05,0.18737880885601044,0.38290321826934814,-0.22258725762367249,0.773104727268219,-0.010233368575572997,0.1881166696548462,-0.11834746599197388,0.7474057674407959,-0.38866865634918213,1.0,50.25502395629883,False,0.0,0.18006901443004608,-0.22613072395324707,0.7724708914756775,0.0,-0.0018976818025112153,0.0012025374174117753,-0.01,-0.01069514438509944,0.0004682918079197407,False,28,False,False,3.299999999999858,-0.18976818025112152,-0.0,0.0,0.0,0.0,0.0,0.0,-0.0,0.5616370146834259,0.0,-0.0,0.0,0.2789208255392017
1.8906081095337868e-05,0.18356028199195862,0.28114914894104004,-0.22180698812007904,0.7730903625488281,-0.00587789446115492,0.07842576503753662,-0.12996429204940796,0.6421778202056885,-0.6530969738960266,1.0,50.25502395629883,False,0.0,0.18006901443004608,-0.22613072395324707,0.7724708914756775,0.0,-0.002154923379421234,0.00783460617065429,-0.01,-0.004320317208766944,0.0006031948141753674,False,29,False,False,3.399999999999847,-0.2154923379421234,-0.0,0.0,0.0,0.0,0.0,0.0,-0.0,0.5831375648800006,0.0,-0.0,0.0,0.28941385906057904
1.4309446669358294e-05,0.18802949786186218,0.4950707256793976,-0.2200392782688141,0.7732710838317871,0.0034715858101844813,-0.039433062076568604,-0.09337329864501953,0.48387610912323,-0.8182798624038696,1.0,50.25502395629883,False,0.0,0.18006901443004608,-0.22613072395324707,0.7724708914756775,0.0,-0.002284978926181793,0.01487332478165626,-0.01,0.002588345855474468,0.00048654014244675636,False,30,False,False,3.499999999999836,-0.22849789261817932,-0.0,0.0,0.0,0.0,0.0,0.0,-0.0,0.6190749324259137,0.0,-0.0,0.0,0.30725248728677507
1.7098147509386763e-05,0.18627993762493134,0.3466953635215759,-0.22263434529304504,0.7731644511222839,0.007743718773126627,-0.07839775085449219,-0.16452431678771973,0.2855856418609619,-0.8739437460899353,1.0,50.25502395629883,False,0.0,0.18006901443004608,-0.22613072395324707,0.7724708914756775,0.0,-0.0021963782608509065,0.01923100069165229,-0.01,0.007034622430801383,0.0006501399911940098,False,31,False,False,3.599999999999825,-0.21963782608509064,-0.0,0.0,0.0,0.0,0.0,0.0,-0.0,0.664178725154071,0.0,-0.0,0.0,0.3298929843161846
1.7521546396892518e-05,0.18424031138420105,0.19450286030769348,-0.22525103390216827,0.7732549905776978,0.009263542294502271,-0.11646497249603271,-0.15554404258728027,0.13264071941375732,-0.8830201029777527,1.0,50.25502395629883,False,0.0,0.18006901443004608,-0.22613072395324707,0.7724708914756775,0.0,-0.002087690234184265,0.020174869894981406,-0.01,0.00808717966079714,0.0004796660505235195,False,32,False,False,3.699999999999814,-0.2087690234184265,-0.0,0.0,0.0,0.0,0.0,0.0,-0.0,0.7116450571945796,0.0,-0.0,0.0,0.35373483836310554
2.2195916244527325e-05,0.18083052337169647,0.15968182682991028,-0.22300133109092712,0.7733704447746277,0.002474757134914407,-0.15575897693634033,-0.13448989391326904,0.12465429306030273,-0.8894370794296265,1.0,50.25502395629883,False,0.0,0.18006901443004608,-0.22613072395324707,0.7724708914756775,0.0,-0.0021224634349346163,0.019716470614075665,-0.01,0.007594007179141047,0.00046209199354052544,False,33,False,False,3.799999999999803,-0.2122463434934616,-0.0,0.0,0.0,0.0,0.0,0.0,-0.0,0.7586646119212321,0.0,-0.0,0.0,0.37720984252568146
2.3303062334889546e-05,0.18319551646709442,0.16289004683494568,-0.2267279177904129,0.7736338973045349,0.012541928663849808,-0.23319685459136963,-0.14512604475021362,0.20824265480041504,-0.8900315165519714,1.0,50.25502395629883,False,0.0,0.18006901443004608,-0.22613072395324707,0.7724708914756775,0.0,-0.002277408540248871,0.01798266492784023,-0.01,0.005705256387591359,0.00047004595398902893,False,34,False,False,3.899999999999792,-0.22774085402488708,-0.0,0.0,0.0,0.0,0.0,0.0,-0.0,0.802656475814999,0.0,-0.0,0.0,0.3990508293672506
5.060300463810563e-05,0.1828256994485855,0.1553262174129486,-0.2268872708082199,0.7736174464225769,0.00011223010718823014,-0.29242098331451416,-0.17963075637817383,0.14363491535186768,-0.881610631942749,1.0,50.25502395629883,False,0.0,0.18006901443004608,-0.22613072395324707,0.7724708914756775,0.0,-0.0022891138494014742,0.013007726222276694,-0.01,0.000718612372875219,0.000491477083414793,False,35,False,False,3.999999999999781,-0.2289113849401474,-0.0,0.0,0.0,0.0,0.0,0.0,-0.0,0.8370423197213839,0.0,-0.0,0.0,0.4162320460112905
8.199161675292999e-05,0.1840084344148636,0.2719511389732361,-0.22314411401748657,0.773703396320343,-0.020793410539627053,-0.49682486057281494,-0.2492605447769165,0.22633063793182373,-0.8680291175842285,0.9999985694885254,50.25502395629883,False,0.0,0.18006901443004608,-0.22613072395324707,0.7724708914756775,0.0,-0.002784164547920227,0.002619107142090793,-0.01,-0.010165057405829434,0.0004993127658963203,False,36,False,False,4.0999999999997705,-0.2784164547920227,-0.0,0.0,0.0,0.0,0.0,0.0,-0.0,0.8507884346643392,0.0,-0.0,0.0,0.42261005278424935
0.00013169643352739513,0.1743365377187729,0.301500141620636,-0.231702983379364,0.7743567228317261,-0.008892832174897194,-0.6774120926856995,-0.572418212890625,0.3739054203033447,-0.8171164989471436,0.7936476469039917,50.264095306396484,False,-0.04890561103820801,0.1761437952518463,-0.22684012353420258,0.7719818353652954,0.0,-0.00398508608341217,-0.010794897302985218,-0.01,-0.024779983386397388,0.0004825880751013756,False,37,False,False,4.1999999999997595,-0.39850860834121704,-0.0,0.0,0.0,0.0,0.0,0.0,-0.0,0.8375742523371247,0.0,-0.0,0.0,0.41480204008515015
0.0002557946427259594,0.17445559799671173,0.474606454372406,-0.23585835099220276,0.7745305895805359,-0.022416963726282133,-0.6890634298324585,-0.6056415438652039,0.2303924560546875,-0.8093157410621643,-0.937048077583313,50.66532516479492,False,0.04191398620605469,0.1652870774269104,-0.23242923617362976,0.772890031337738,0.0,-0.003874206840991974,-0.008671912699937834,-0.01,-0.022546119540929808,0.0011589047499001026,False,38,False,False,4.2999999999997485,-0.3874206840991974,-0.0,0.0,0.0,0.0,0.0,0.0,-0.0,0.8285156055048244,0.0,-0.0,0.0,0.4103835959114202
0.00015811521734576672,0.16834329068660736,1.3309721946716309,-0.23446524143218994,0.7749127745628357,-0.044922249764204024,-0.5244333148002625,-0.5402153730392456,-0.2874819040298462,-0.7109289765357971,-0.9999687671661377,51.641361236572266,False,-0.029212236404418945,0.1414317786693573,-0.24474889039993286,0.7721787691116333,0.0,-0.002887322306632996,-0.01091245755553244,-0.01,-0.023799779862165436,0.0005023791454732418,False,39,False,False,4.3999999999997375,-0.28873223066329956,-0.0,0.0,0.0,0.0,0.0,0.0,-0.0,0.814839091887365,0.0,-0.0,0.0,0.4045322236370495
0.00010461697820574045,0.1694263070821762,1.6554346084594727,-0.23310884833335876,0.774507462978363,-0.030696584060788172,-0.6084672212600708,-0.6589149832725525,-0.38695693016052246,-0.21867364645004272,-0.9999557733535767,51.865875244140625,False,-0.012689828872680664,0.13621097803115845,-0.24739308655261993,0.7723439931869507,0.0,-0.002504887878894806,-0.009329058676958102,-0.01,-0.021833946555852905,0.0004684310406446457,False,40,False,False,4.499999999999726,-0.2504887878894806,-0.0,0.0,0.0,0.0,0.0,0.0,-0.0,0.8042233101820704,0.0,-0.0,0.0,0.3996067672121404
0.0006517068832181394,0.1607145369052887,1.7651280164718628,-0.2399526834487915,0.777971088886261,-0.02717598378658294,-0.6487935185432434,-0.6968702077865601,-0.44439858198165894,-0.31505823135375977,-0.9995188117027283,52.37885284423828,False,0.011855363845825195,0.12631657719612122,-0.25312691926956177,0.7725894451141357,0.0,-0.00300828218460083,-0.015195957869291288,-0.01,-0.02820424005389212,0.000542172696441412,False,41,False,False,4.599999999999715,-0.300828218460083,-0.0,0.0,0.0,0.0,0.0,0.0,-0.0,0.7816477056986537,0.0,-0.0,0.0,0.38781557066472605
0.00021397156524471939,0.1642741709947586,2.102130889892578,-0.23823080956935883,0.7762133479118347,-0.04154327005147933,-0.7099795341491699,-0.7341430187225342,-0.49956345558166504,-0.23092591762542725,-0.9995697140693665,52.72368621826172,False,0.028848648071289062,0.12316127866506577,-0.2567278742790222,0.7727593779563904,0.0,-0.0033648183941841128,-0.006564820706844332,-0.01,-0.019929639101028445,0.00048003997653722763,False,42,False,False,4.699999999999704,-0.33648183941841125,-0.0,0.0,0.0,0.0,0.0,0.0,-0.0,0.77628086215021,0.0,-0.0,0.0,0.38477561268092086
0.0029160967096686363,0.16223673522472382,2.490206003189087,-0.23938530683517456,0.7832823395729065,-0.04213561728596688,-0.7058902382850647,-0.7497802972793579,-0.5572300553321838,-0.42800331115722656,-0.9957174062728882,53.170352935791016,False,0.019252300262451172,0.12008810043334961,-0.2613239288330078,0.772663414478302,0.0,-0.0038853591680526735,-0.008710469231009488,-0.01,-0.022595828399062164,0.00047624344006180763,False,43,False,False,4.799999999999693,-0.38853591680526733,-0.0,0.0,0.0,0.0,0.0,0.0,-0.0,0.7665251358227446,0.0,-0.0,0.0,0.37937720874331965
0.0015513573307543993,0.16438671946525574,2.6203534603118896,-0.23910652101039886,0.7816377878189087,-0.04246741577982901,-0.7058715224266052,-0.7669220566749573,-0.5205022096633911,-0.2338184118270874,-0.9976797699928284,53.33240509033203,False,-0.0006854534149169922,0.11883468180894852,-0.262991338968277,0.7724640369415283,0.0,-0.0035300442576408388,-0.017273213863372827,-0.01,-0.030803258121013664,0.00047534797340631485,False,44,False,False,4.899999999999682,-0.35300442576408386,-0.0,0.0,0.0,0.0,0.0,0.0,-0.0,0.7393725318124287,0.0,-0.0,0.0,0.3661562216485735
0.054870348423719406,0.16211357712745667,2.9956159591674805,-0.2433004230260849,0.7993646860122681,-0.04276695951819419,-0.643998920917511,-0.7434201836585999,-0.5325140357017517,-0.39418041706085205,-0.9906685948371887,53.3325080871582,False,0.0,0.11883100122213364,-0.2629925310611725,0.7724708914756775,0.0,-0.0035158938169479372,-0.02393024727702142,-0.01,-0.03744614109396936,0.0004885988309979439,False,45,False,False,4.999999999999671,-0.3515893816947937,-0.0,0.0,0.0,0.0,0.0,0.0,-0.0,0.6984970555959207,0.0,-0.0,0.0,0.3457326339810124
0.033689580857753754,0.16657477617263794,3.04579758644104,-0.2448318749666214,0.7979403734207153,-0.04639699012041093,-0.6900498867034912,-0.825247049331665,-0.4528946876525879,0.36060667037963867,-0.9989193081855774,53.3325080871582,False,0.0,0.11883098632097244,-0.2629925310611725,0.7724708914756775,0.0,-0.0037308809161186217,-0.03185515969991687,-0.01,-0.045586040616035495,0.0004825168289244175,False,46,False,False,5.09999999999966,-0.3730880916118622,-0.0,0.0,0.0,0.0,0.0,0.0,-0.0,0.6411986875863037,0.0,-0.0,0.0,0.31686846287703324
0.08043286204338074,0.1632206290960312,3.184072256088257,-0.243200421333313,0.8038113117218018,-0.056910611391067525,-0.7149978280067444,-0.8596479296684265,-0.5596398711204529,0.7899806499481201,-0.997896671295166,53.3325080871582,False,0.0,0.11883098632097244,-0.2629925310611725,0.7724708914756775,0.0,-0.005468707084655762,-0.04198210716247558,-0.01,-0.057450814247131346,0.00047230999916791916,False,47,False,False,5.199999999999649,-0.5468707084655762,-0.0,0.0,0.0,0.0,0.0,0.0,-0.0,0.5628631041849677,0.0,-0.0,0.0,0.2759628450078281
0.024808868765830994,0.16051779687404633,2.8331809043884277,-0.24661561846733093,0.7994025945663452,-0.031261339187622056,-0.5918611884117126,-0.8462749719619751,-0.4745723605155945,0.7520618438720703,-0.992456316947937,53.3325080871582,False,0.0,0.11883098632097244,-0.2629925310611725,0.7724708914756775,0.0,-0.004643242061138153,-0.032648841589689254,-0.01,-0.04729208365082741,0.00046872999519109726,False,48,False,False,5.299999999999638,-0.4643242061138153,-0.0,0.0,0.0,0.0,0.0,0.0,-0.0,0.502591342646363,0.0,-0.0,0.0,0.24665242926204334
0.1606936901807785,0.1627878099679947,3.592681407928467,-0.243813619017601,0.8171156048774719,-0.0413384261727333,-0.5149120092391968,-0.7524569034576416,-0.4457283616065979,0.2972121238708496,-0.9519736766815186,53.3325080871582,False,0.0,0.11883098632097244,-0.2629925310611725,0.7724708914756775,0.0,-0.002795836329460144,-0.02669428199529647,-0.01,-0.039490118324756615,0.0004793396219611168,False,49,False,False,5.399999999999627,-0.2795836329460144,-0.0,0.0,0.0,0.0,0.0,0.0,-0.0,0.4537402231042219,0.0,-0.0,0.0,0.2240742752226508
0.05040939152240753,0.16085441410541534,3.2218198776245117,-0.2459166944026947,0.810026228427887,-0.022861684560775773,-0.3933674097061157,-0.7414085268974304,-0.47614097595214844,0.1723487377166748,-0.9754274487495422,53.3325080871582,False,0.0,0.11883098632097244,-0.2629925310611725,0.7724708914756775,0.0,-0.00240209698677063,-0.022971602082252518,-0.01,-0.03537369906902315,0.0004893448203802109,False,50,False,False,5.499999999999616,-0.240209698677063,-0.0,0.0,0.0,0.0,0.0,0.0,-0.0,0.4119161101551613,0.0,-0.0,0.0,0.20355595809081
0.27585235238075256,0.16234344244003296,3.744457960128784,-0.24726903438568115,0.825568675994873,-0.028190914839506163,-0.08466798067092896,-0.6530366539955139,-0.45752501487731934,0.11716699600219727,-0.9382546544075012,53.3325080871582,False,0.0,0.11883098632097244,-0.2629925310611725,0.7724708914756775,0.0,-0.0016417069733142852,-0.01885289669036866,-0.01,-0.030494603663682944,0.0005567488260567188,False,51,False,False,5.599999999999605,-0.16417069733142853,-0.0,0.0,0.0,0.0,0.0,0.0,-0.0,0.3779902656318094,0.0,-0.0,0.0,0.1873534258425904
0.18075613677501678,0.16349700093269348,3.7400569915771484,-0.2488037645816803,0.8258178234100342,-0.020882797688245774,-0.02575075626373291,-0.6930433511734009,-0.5132380127906799,0.20691537857055664,-0.9636425971984863,53.3325080871582,False,0.0,0.11883098632097244,-0.2629925310611725,0.7724708914756775,0.0,-0.001967998594045639,-0.01478566080331803,-0.01,-0.02675365939736367,0.0005232980474829674,False,52,False,False,5.699999999999594,-0.1967998594045639,-0.0,0.0,0.0,0.0,0.0,0.0,-0.0,0.35193834011606195,0.0,-0.0,0.0,0.17400117146398533
0.546674370765686,0.16400593519210815,4.210545539855957,-0.2442689687013626,0.834888756275177,0.9365382861972347,0.08951890468597412,-0.6656703948974609,-0.5289542078971863,0.23571562767028809,-0.9438031315803528,53.3325080871582,False,0.0,0.11883098632097244,-0.2629925310611725,0.7724708914756775,0.0,-0.0019662128388881683,-0.012536756396293647,-0.01,-0.024502969235181818,0.00047414517030119896,False,53,False,False,5.799999999999583,-0.19662128388881683,-0.0,0.0,0.0,0.0,0.0,0.0,-0.0,0.3301664923684945,0.0,-0.0,0.0,0.16311703334535907
0.23466984927654266,0.16622571647167206,3.5568270683288574,-0.24664339423179626,0.8154318332672119,-1.9861435498674005,-0.22681033611297607,-0.5618482828140259,-0.5930910706520081,0.8799233436584473,-0.9242314100265503,53.3325080871582,False,0.0,0.11883098632097244,-0.2629925310611725,0.7724708914756775,0.0,-0.0037328463792800906,-0.009142917990684507,-0.01,-0.0228757643699646,0.00047766417264938354,False,54,False,False,5.899999999999572,-0.37328463792800903,-0.0,0.0,0.0,0.0,0.0,0.0,-0.0,0.3150310081920933,0.0,-0.0,0.0,0.15378265771676655
0.7272660732269287,0.16763290762901306,4.482057571411133,-0.24020452797412872,0.8353427052497864,0.9506660621396549,-0.022453725337982178,-0.4840186834335327,-0.40107643604278564,0.4518623352050781,-0.37922531366348267,53.3325080871582,False,0.0,0.11883098632097244,-0.2629925310611725,0.7724708914756775,0.0,-0.0014995503425598144,-0.00822371244430542,-0.01,-0.019723262786865235,0.0007200813852250576,False,55,False,False,5.999999999999561,-0.14995503425598145,-0.0,0.0,0.0,0.0,0.0,0.0,-0.0,0.30159950181081785,0.0,-0.0,0.0,0.14930020056284912
0.5588135719299316,0.16618967056274414,4.205188274383545,-0.24493037164211273,0.8332056999206543,-0.026624700268381506,0.0387805700302124,-0.49345123767852783,-0.6282032132148743,0.8835572004318237,-0.8770763874053955,53.3325080871582,False,0.0,0.11883098632097244,-0.2629925310611725,0.7724708914756775,0.0,-0.003550776541233063,-0.00526705175638198,-0.01,-0.018817828297615045,0.00048756785690784454,False,56,False,False,6.09999999999955,-0.3550776541233063,-0.0,0.0,0.0,0.0,0.0,0.0,-0.0,0.294005378398038,0.0,-0.0,0.0,0.14345191265778592
0.6737512946128845,0.16777297854423523,4.5363993644714355,-0.23964324593544006,0.8362715840339661,-0.021833440446281473,0.14190971851348877,-0.4391555190086365,-0.6140919327735901,0.889289140701294,-0.8585886359214783,53.3325080871582,False,0.0,0.11883098632097244,-0.2629925310611725,0.7724708914756775,0.0,-0.003452350199222565,-0.005434873998165141,-0.01,-0.018887224197387704,0.0005901656113564968,False,57,False,False,6.199999999999539,-0.34523501992225647,-0.0,0.0,0.0,0.0,0.0,0.0,-0.0,0.28599564370432573,0.0,-0.0,0.0,0.1395454716529403
0.6189812421798706,0.16896359622478485,4.781086444854736,-0.23849937319755554,0.8412777185440063,-0.023855891250946948,0.3543970584869385,-0.3428393602371216,-0.6096547842025757,0.8786191940307617,-0.8542896509170532,53.3325080871582,False,0.0,0.11883098632097244,-0.2629925310611725,0.7724708914756775,0.0,-0.00346696674823761,-0.005144687592983255,-0.01,-0.018611654341220862,0.0004732338711619377,False,58,False,False,6.299999999999528,-0.346696674823761,-0.0,0.0,0.0,0.0,0.0,0.0,-0.0,0.2784912100867065,0.0,-0.0,0.0,0.13577863829511566
0.846000611782074,0.17145276069641113,5.183084487915039,-0.23638583719730377,0.848734974861145,-0.023556699742128782,0.5326712131500244,-0.25313782691955566,-0.5950523614883423,0.8489737510681152,-0.8588510155677795,53.3325080871582,False,0.0,0.11883098632097244,-0.2629925310611725,0.7724708914756775,0.0,-0.003556652665138245,-0.0046954622864723294,-0.01,-0.018252114951610575,0.0004701758734881878,False,59,False,False,6.399999999999517,-0.35566526651382446,-0.0,0.0,0.0,0.0,0.0,0.0,-0.0,0.2718184695547464,0.0,-0.0,0.0,0.13235258211223497
0.7868406176567078,0.17144349217414856,5.198611736297607,-0.23625271022319794,0.8490769267082214,-0.024436514714219912,0.613445520401001,-0.2079983353614807,-0.5967556834220886,0.818749189376831,-0.8829487562179565,53.3325080871582,False,0.0,0.11883098632097244,-0.2629925310611725,0.7724708914756775,0.0,-0.0036151158809661866,-0.004753414392471317,-0.01,-0.018368530273437503,0.0004843529313802719,False,60,False,False,6.499999999999506,-0.36151158809661865,-0.0,0.0,0.0,0.0,0.0,0.0,-0.0,0.2649613044021686,0.0,-0.0,0.0,0.1288655363201181
0.9104001522064209,0.17404495179653168,5.448246955871582,-0.23577748239040375,0.8534892797470093,-0.024125803832736513,0.5824636220932007,-0.16023164987564087,-0.5576613545417786,0.7993290424346924,-0.8969928622245789,53.3325080871582,False,0.0,0.11883098632097244,-0.2629925310611725,0.7724708914756775,0.0,-0.0032871279120445253,-0.005434637069702153,-0.01,-0.01872176498174668,0.0005485587753355503,False,61,False,False,6.599999999999495,-0.3287127912044525,-0.0,0.0,0.0,0.0,0.0,0.0,-0.0,0.25665856397939635,0.0,-0.0,0.0,0.12504215407765365
0.6858193874359131,0.17190898954868317,5.09260892868042,-0.23719701170921326,0.8463756442070007,-0.024347274202260065,0.49335432052612305,-0.2014409303665161,-0.5311724543571472,0.7715287208557129,-0.9188354015350342,53.3325080871582,False,0.0,0.11883098632097244,-0.2629925310611725,0.7724708914756775,0.0,-0.002903444170951843,-0.006377446055412295,-0.01,-0.019280890226364138,0.0004721148870885372,False,62,False,False,6.699999999999484,-0.2903444170951843,-0.0,0.0,0.0,0.0,0.0,0.0,-0.0,0.24636734580838504,0.0,-0.0,0.0,0.12028022873324068
0.8012718558311462,0.16955448687076569,5.254480361938477,-0.2339191436767578,0.8503084182739258,-0.021511514224221547,0.37701892852783203,-0.16527128219604492,-0.42980772256851196,0.7881176471710205,-0.9268943667411804,53.3325080871582,False,0.0,0.11883098632097244,-0.2629925310611725,0.7724708914756775,0.0,-0.0024383050203323365,-0.007189197242259984,-0.01,-0.01962750226259232,0.00047561898827552795,False,63,False,False,6.799999999999473,-0.24383050203323364,-0.0,0.0,0.0,0.0,0.0,0.0,-0.0,0.23433229232605746,0.0,-0.0,0.0,0.1147278411426964
0.8520155549049377,0.170452281832695,5.387674808502197,-0.2351299226284027,0.8546172380447388,-0.023658598824791995,0.32032668590545654,-0.15151655673980713,-0.34590262174606323,0.7664144039154053,-0.9105321168899536,53.3325080871582,False,0.0,0.11883098632097244,-0.2629925310611725,0.7724708914756775,0.0,-0.0020815153419971467,-0.007754365503787997,-0.01,-0.019835880845785143,0.0004654219374060631,False,64,False,False,6.899999999999462,-0.20815153419971466,-0.0,0.0,0.0,0.0,0.0,0.0,-0.0,0.2210338339596406,0.0,-0.0,0.0,0.10843540163782316
0.8865527510643005,0.17136575281620026,5.3917059898376465,-0.23550021648406982,0.8541949987411499,-0.02286948806426623,0.28465771675109863,-0.15764963626861572,-0.24533021450042725,0.7233610153198242,-0.9051964282989502,53.3325080871582,False,0.0,0.11883098632097244,-0.2629925310611725,0.7724708914756775,0.0,-0.00172330379486084,-0.007635444402694702,-0.01,-0.019358748197555543,0.0007167290896177292,False,65,False,False,6.999999999999451,-0.17233037948608398,-0.0,0.0,0.0,0.0,0.0,0.0,-0.0,0.20784136855760116,0.0,-0.0,0.0,0.10219738048393974
0.8760601282119751,0.16894303262233734,5.482946872711182,-0.2361825555562973,0.8600372672080994,-0.022527994000961463,0.23678529262542725,-0.14972883462905884,-0.1405562162399292,0.6972930431365967,-0.9046526551246643,53.3325080871582,False,0.0,0.11883098632097244,-0.2629925310611725,0.7724708914756775,0.0,-0.0014611491560935974,-0.007231156229972835,-0.01,-0.018692305386066435,0.0004694545641541481,False,66,False,False,7.09999999999944,-0.14611491560935974,-0.0,0.0,0.0,0.0,0.0,0.0,-0.0,0.19533242949554175,0.0,-0.0,0.0,0.09620506559167728
0.9566264748573303,0.17303386330604553,5.900206089019775,-0.23584645986557007,0.8681281208992004,-0.022159983456951145,0.1520841121673584,-0.17397141456604004,-0.04747366905212402,0.6357467174530029,-0.9256985187530518,53.3325080871582,False,0.0,0.11883098632097244,-0.2629925310611725,0.7724708914756775,0.0,-0.0011495581269264222,-0.00675649523735046,-0.01,-0.017906053364276885,0.0004761647433042526,False,67,False,False,7.199999999999429,-0.11495581269264221,-0.0,0.0,0.0,0.0,0.0,0.0,-0.0,0.18365605424612486,0.0,-0.0,0.0,0.090678468996136
0.6629719138145447,0.16942687332630157,5.1408867835998535,-0.23549799621105194,0.848607063293457,-0.02133862988899553,0.11666417121887207,-0.20654189586639404,0.03586268424987793,0.5418915748596191,-0.9411537051200867,53.3325080871582,False,0.0,0.11883098632097244,-0.2629925310611725,0.7724708914756775,0.0,-0.0008780067414045334,-0.006020133793354032,-0.01,-0.016898140534758566,0.00047576194629073143,False,68,False,False,7.299999999999418,-0.08780067414045334,-0.0,0.0,0.0,0.0,0.0,0.0,-0.0,0.17334920815124932,0.0,-0.0,0.0,0.08579659733422013
0.9640631079673767,0.17109957337379456,5.8889241218566895,-0.2372993379831314,0.8711768388748169,-0.02299918504964796,0.034969210624694824,-0.10571134090423584,0.21196436882019043,0.6146894693374634,-0.9354512691497803,53.3325080871582,False,0.0,0.11883098632097244,-0.2629925310611725,0.7724708914756775,0.0,-0.0010879243910312652,-0.005312070250511169,-0.01,-0.016399994641542435,0.0004767877981066704,False,69,False,False,7.399999999999407,-0.10879243910312653,-0.0,0.0,0.0,0.0,0.0,0.0,-0.0,0.16436877235622438,0.0,-0.0,0.0,0.08109646178708092
0.9508350491523743,0.17047181725502014,5.809165954589844,-0.2375062108039856,0.8696187138557434,-0.021706460098976237,0.0053005218505859375,-0.1892927885055542,0.27063965797424316,0.44279730319976807,-0.9626531600952148,53.3325080871582,False,0.0,0.11883098632097244,-0.2629925310611725,0.7724708914756775,0.0,-0.0007629378139972687,-0.004659438431262972,-0.01,-0.01542237624526024,0.0006128312088549137,False,70,False,False,7.499999999999396,-0.07629378139972687,-0.0,0.0,0.0,0.0,0.0,0.0,-0.0,0.1566160445474828,0.0,-0.0,0.0,0.07754508445974413
0.9242681860923767,0.16811572015285492,5.327017307281494,-0.24081137776374817,0.8608155250549316,-0.023203845955009683,-0.04951977729797363,-0.20334351062774658,0.366194486618042,0.40189194679260254,-0.9697808027267456,53.3325080871582,False,0.0,0.11883098632097244,-0.2629925310611725,0.7724708914756775,0.0,-0.0008485408127307892,-0.0031787997484207103,-0.01,-0.0140273405611515,0.0007300549186766148,False,71,False,False,7.599999999999385,-0.08485408127307892,-0.0,0.0,0.0,0.0,0.0,0.0,-0.0,0.1517762377835309,0.0,-0.0,0.0,0.07503957807903465
0.9514936804771423,0.17068547010421753,5.164130210876465,-0.24740508198738098,0.8599528670310974,-0.025208589824599593,-0.08739149570465088,-0.1693096160888672,0.5704855918884277,0.20334482192993164,-0.9529780745506287,53.3325080871582,False,0.0,0.11883098632097244,-0.2629925310611725,0.7724708914756775,0.0,-0.0010077649354934693,-0.0020107778906822277,-0.01,-0.013018542826175698,0.0004741549491882324,False,72,False,False,7.699999999999374,-0.10077649354934692,-0.0,0.0,0.0,0.0,0.0,0.0,-0.0,0.14924716236356916,0.0,-0.0,0.0,0.07361581624629111
0.8899044990539551,0.1684003472328186,4.814126014709473,-0.24768133461475372,0.8520141243934631,-0.022113699967164398,-0.09896910190582275,-0.1784929633140564,0.6682854890823364,-0.17022716999053955,-0.9199099540710449,53.3325080871582,False,0.0,0.11883098632097244,-0.2629925310611725,0.7724708914756775,0.0,-0.0012930935621261598,-0.000868235826492314,-0.01,-0.012161329388618474,0.0004736008122563362,False,73,False,False,7.799999999999363,-0.12930935621261597,-0.0,0.0,0.0,0.0,0.0,0.0,-0.0,0.14900065268165152,0.0,-0.0,0.0,0.0732072327786996
0.7646483182907104,0.17160272598266602,4.596944332122803,-0.24800845980644226,0.8426234126091003,-0.022724943906146322,-0.13410091400146484,-0.27394384145736694,0.6735820770263672,-0.2572925090789795,-0.8951486349105835,53.3325080871582,False,0.0,0.11883098632097244,-0.2629925310611725,0.7724708914756775,0.0,-0.0015323513746261597,0.0005348637700080816,-0.01,-0.010997487604618078,0.0007198420353233814,False,74,False,False,7.899999999999352,-0.15323513746261597,-0.0,0.0,0.0,0.0,0.0,0.0,-0.0,0.15158622866142724,0.0,-0.0,0.0,0.07426076295608745
0.7942329049110413,0.17014209926128387,4.6883134841918945,-0.24840834736824036,0.84722501039505,-0.022329586705834528,-0.1311953067779541,-0.2713175415992737,0.6517876386642456,-0.21444469690322876,-0.8758546710014343,53.3325080871582,False,0.0,0.11883098632097244,-0.2629925310611725,0.7724708914756775,0.0,-0.0014040976762771608,0.0008961388468742421,-0.01,-0.01050795882940292,0.0005072210915386677,False,75,False,False,7.999999999999341,-0.14040976762771606,-0.0,0.0,0.0,0.0,0.0,0.0,-0.0,0.15492786214825294,0.0,-0.0,0.0,0.0760598333978493
0.8631761074066162,0.17230919003486633,4.715970039367676,-0.2501307427883148,0.8476099967956543,-0.023138787717919912,-0.0893934965133667,-0.2583972215652466,0.6512651443481445,-0.21882688999176025,-0.8753155469894409,53.3325080871582,False,0.0,0.11883098632097244,-0.2629925310611725,0.7724708914756775,0.0,-0.001366979479789734,0.0007088077068328896,-0.01,-0.010658171772956845,0.00047401105985045433,False,76,False,False,8.099999999999374,-0.1366979479789734,-0.0,0.0,0.0,0.0,0.0,0.0,-0.0,0.15792462387165096,0.0,-0.0,0.0,0.07759533245603574
0.6768805980682373,0.17063665390014648,4.554378032684326,-0.2481374740600586,0.8424414992332458,-0.02110679417408954,-0.05195784568786621,-0.2376301884651184,0.6472084522247314,-0.22551721334457397,-0.8852378726005554,53.3325080871582,False,0.0,0.11883098632097244,-0.2629925310611725,0.7724708914756775,0.0,-0.001322261393070221,0.0007588213682174633,-0.01,-0.010563440024852757,0.0005765068344771862,False,77,False,False,8.199999999999408,-0.1322261393070221,-0.0,0.0,0.0,0.0,0.0,0.0,-0.0,0.1610528582152697,0.0,-0.0,0.0,0.07920416771456464
0.8870887756347656,0.1747313290834427,5.014933109283447,-0.2499968409538269,0.8540228605270386,-0.023149454712017743,-0.055322229862213135,-0.2489938735961914,0.6144744157791138,-0.1766086220741272,-0.8476927876472473,53.3325080871582,False,0.0,0.11883098632097244,-0.2629925310611725,0.7724708914756775,0.0,-0.0011845697462558747,0.0006988355517387329,-0.01,-0.010485734194517142,0.00047717196866869926,False,78,False,False,8.299999999999441,-0.11845697462558746,-0.0,0.0,0.0,0.0,0.0,0.0,-0.0,0.16409141619769407,0.0,-0.0,0.0,0.08086113835259116
0.5276870131492615,0.1679115742444992,4.410763263702393,-0.24425555765628815,0.8369762301445007,-0.01893670844798246,0.004282474517822266,-0.24997931718826294,0.6121931076049805,-0.2630124092102051,-0.8635208606719971,53.3325080871582,False,0.0,0.11883098632097244,-0.2629925310611725,0.7724708914756775,0.0,-0.0012661597132682802,0.0006723129749298118,-0.01,-0.010593846738338469,0.00047995103523135185,False,79,False,False,8.399999999999475,-0.126615971326828,-0.0,0.0,0.0,0.0,0.0,0.0,-0.0,0.16710715765433282,0.0,-0.0,0.0,0.08228741911389813
0.6128114461898804,0.1701449304819107,4.472904205322266,-0.25000929832458496,0.8423608541488647,-0.02472761054640906,-0.06729656457901001,-0.28507745265960693,0.551443338394165,-0.1290186047554016,-0.7749355435371399,53.3325080871582,False,0.0,0.11883098632097244,-0.2629925310611725,0.7724708914756775,0.0,-0.0010163338482379913,0.0008152890205383317,-0.01,-0.01020104482769966,0.0004934291355311871,False,80,False,False,8.499999999999508,-0.10163338482379913,-0.0,0.0,0.0,0.0,0.0,0.0,-0.0,0.17044212455129248,0.0,-0.0,0.0,0.08420472842740825
0.5839136838912964,0.166921928524971,4.4292311668396,-0.2457699030637741,0.8400342464447021,-0.019590940088534854,0.020539402961730957,-0.2224341630935669,0.5592927932739258,-0.15158754587173462,-0.8197801113128662,53.3325080871582,False,0.0,0.11883098632097244,-0.2629925310611725,0.7724708914756775,0.0,-0.000964215099811554,0.0001409631967544539,-0.01,-0.0108232519030571,0.0005634990520775318,False,81,False,False,8.599999999999541,-0.0964215099811554,-0.0,0.0,0.0,0.0,0.0,0.0,-0.0,0.17244855645841484,0.0,-0.0,0.0,0.08526006312939587
0.3155887722969055,0.1636837273836136,4.127572059631348,-0.24355193972587585,0.832004725933075,-1.9976881751867126,-0.015408933162689209,-0.26047617197036743,0.5239259004592896,-0.1412678360939026,-0.7644951939582825,53.3325080871582,False,0.0,0.11883098632097244,-0.2629925310611725,0.7724708914756775,0.0,-0.0009063505381345749,0.0002771839499473572,-0.01,-0.010629166588187218,0.000621340237557888,False,82,False,False,8.699999999999575,-0.09063505381345749,-0.0,0.0,0.0,0.0,0.0,0.0,-0.0,0.1747504030093131,0.0,-0.0,0.0,0.08646885096652197
0.07184657454490662,0.15875425934791565,3.5190646648406982,-0.24167458713054657,0.8168016076087952,-0.017890633791685102,0.26702558994293213,-0.3969677686691284,0.4568897485733032,-0.5835534930229187,-0.523328959941864,53.3325080871582,False,0.0,0.11883098632097244,-0.2629925310611725,0.7724708914756775,0.0,-0.0019454224407672882,0.0014204728603363082,-0.01,-0.01052494958043098,0.00048303185030817986,False,83,False,False,8.799999999999608,-0.19454224407672882,-0.0,0.0,0.0,0.0,0.0,0.0,-0.0,0.179385202808372,0.0,-0.0,0.0,0.08774717896341871
0.228668674826622,0.16209307312965393,3.9659249782562256,-0.24328723549842834,0.8284812569618225,-0.0027556362748146048,0.11161458492279053,-0.49208831787109375,0.41321051120758057,-0.48529601097106934,-0.5351033806800842,53.3325080871582,False,0.0,0.11883098632097244,-0.2629925310611725,0.7724708914756775,0.0,-0.0016521596908569336,0.0039091768860816944,-0.01,-0.007742982804775239,0.000473907683044672,False,84,False,False,8.899999999999642,-0.16521596908569336,-0.0,0.0,0.0,0.0,0.0,0.0,-0.0,0.18909446895933069,0.0,-0.0,0.0,0.09289507478880842
0.040961816906929016,0.1595301330089569,3.16267991065979,-0.246121346950531,0.8097809553146362,-0.014972831308841713,0.2121814489364624,-0.46848732233047485,0.40514636039733887,-0.5203739404678345,-0.499001145362854,53.3325080871582,False,0.0,0.11883098632097244,-0.2629925310611725,0.7724708914756775,0.0,-0.001748584806919098,0.0035022121667861866,-0.01,-0.008246372640132912,0.0004800679162144661,False,85,False,False,8.999999999999675,-0.1748584806919098,-0.0,0.0,0.0,0.0,0.0,0.0,-0.0,0.19807972848355704,0.0,-0.0,0.0,0.09729127943485942
0.11286675930023193,0.16375131905078888,3.712893009185791,-0.2430073320865631,0.8189521431922913,-0.007741648554801948,0.09900772571563721,-0.47530436515808105,0.3655909299850464,-0.43718236684799194,-0.49639689922332764,53.3325080871582,False,0.0,0.11883098632097244,-0.2629925310611725,0.7724708914756775,0.0,-0.0014012548327445983,0.0035252344608306813,-0.01,-0.007876020371913917,0.0004921760410070419,False,86,False,False,9.099999999999708,-0.14012548327445984,-0.0,0.0,0.0,0.0,0.0,0.0,-0.0,0.20720224298088086,0.0,-0.0,0.0,0.10219986665769583
0.01226684357970953,0.152346670627594,2.744690418243408,-0.24348434805870056,0.8017877340316772,-0.013974857181310653,0.2071237564086914,-0.45638513565063477,0.3417840003967285,-0.4586460590362549,-0.39133572578430176,53.3325080871582,False,0.0,0.11883098632097244,-0.2629925310611725,0.7724708914756775,0.0,-0.0014459003508090972,0.002979111075401303,-0.01,-0.008466789275407794,0.00047727907076478004,False,87,False,False,9.199999999999742,-0.14459003508090973,-0.0,0.0,0.0,0.0,0.0,0.0,-0.0,0.21531355839184307,0.0,-0.0,0.0,0.10621087884511243
0.055196426808834076,0.16019399464130402,3.3937714099884033,-0.24322238564491272,0.8131508827209473,-0.005700211003422743,0.03242218494415283,-0.4752234220504761,0.28929197788238525,-0.3892853260040283,-0.3693239092826843,53.3325080871582,False,0.0,0.11883098632097244,-0.2629925310611725,0.7724708914756775,0.0,-0.001155303493142128,0.002973693907260891,-0.01,-0.008181609585881237,0.0004758820869028568,False,88,False,False,9.299999999999775,-0.1155303493142128,-0.0,0.0,0.0,0.0,0.0,0.0,-0.0,0.22349599062979442,0.0,-0.0,0.0,0.11059269182175507
0.012264411896467209,0.15471476316452026,3.0468461513519287,-0.23647692799568176,0.8014768958091736,-0.01898061729967595,0.19040513038635254,-0.44763851165771484,0.2841695547103882,-0.4126371741294861,-0.2884288430213928,53.3325080871582,False,0.0,0.11883098632097244,-0.2629925310611725,0.7724708914756775,0.0,-0.0012191403657197952,0.002410497069358822,-0.01,-0.008808643296360974,0.0005130530335009098,False,89,False,False,9.399999999999809,-0.12191403657197952,-0.0,0.0,0.0,0.0,0.0,0.0,-0.0,0.23062314897665037,0.0,-0.0,0.0,0.11409243412260539
0.04983137547969818,0.1619883030653,3.597507953643799,-0.23721253871917725,0.8114588260650635,-0.006270140632987017,0.07885122299194336,-0.47886502742767334,0.21870315074920654,-0.35948634147644043,-0.19861727952957153,53.3325080871582,False,0.0,0.11883098632097244,-0.2629925310611725,0.7724708914756775,0.0,-0.0010314767807722092,0.002530997693538664,-0.01,-0.008500479087233545,0.0007008127868175507,False,90,False,False,9.499999999999842,-0.10314767807722092,-0.0,0.0,0.0,0.0,0.0,0.0,-0.0,0.2380657972776885,0.0,-0.0,0.0,0.11800142185807204
0.013059213757514954,0.1564745306968689,2.9905169010162354,-0.2392464280128479,0.8007967472076416,-0.011109735891222957,0.21502459049224854,-0.4511071443557739,0.21444034576416016,-0.36744266748428345,-0.1276373267173767,53.3325080871582,False,0.0,0.11883098632097244,-0.2629925310611725,0.7724708914756775,0.0,-0.001076829954981804,0.0020762100815772955,-0.01,-0.009000619873404508,0.0005420600064098835,False,91,False,False,9.599999999999875,-0.10768299549818039,-0.0,0.0,0.0,0.0,0.0,0.0,-0.0,0.24466483608978218,0.0,-0.0,0.0,0.12125558808990929
0.019351450726389885,0.1644413322210312,3.1844935417175293,-0.24266356229782104,0.8020663857460022,-0.007863765731453896,0.10809135437011719,-0.46393269300460815,0.19115734100341797,-0.33159828186035156,-0.14893406629562378,53.3325080871582,False,0.0,0.11883098632097244,-0.2629925310611725,0.7724708914756775,0.0,-0.0009335396438837052,0.0021076226234436057,-0.01,-0.0088259170204401,0.0004772706888616085,False,92,False,False,9.699999999999909,-0.09335396438837051,-0.0,0.0,0.0,0.0,0.0,0.0,-0.0,0.2513940080874685,0.0,-0.0,0.0,0.12476346439985053
0.004917547572404146,0.15710680186748505,2.8157589435577393,-0.23844517767429352,0.7941204905509949,-0.01499676898121834,0.18639099597930908,-0.4377477169036865,0.17637395858764648,-0.33878153562545776,-0.13156545162200928,53.3325080871582,False,0.0,0.11883098632097244,-0.2629925310611725,0.7724708914756775,0.0,-0.0009306134283542634,0.001724321246147159,-0.01,-0.009206292182207105,0.000474357046186924,False,93,False,False,9.799999999999942,-0.09306134283542633,-0.0,0.0,0.0,0.0,0.0,0.0,-0.0,0.2574167958533943,0.0,-0.0,0.0,0.12777778449834287
0.0007783229229971766,0.15653322637081146,2.4500818252563477,-0.23704299330711365,0.782321572303772,-0.015729601010680196,0.09199082851409912,-0.4511295557022095,0.1045835018157959,-0.43225646018981934,0.022217392921447754,53.3325080871582,False,0.0,0.11883098632097244,-0.2629925310611725,0.7724708914756775,0.0,-0.0010244088619947435,0.0020338606834411632,-0.01,-0.008990548178553581,0.0005115829408168793,False,94,False,False,9.899999999999975,-0.10244088619947433,-0.0,0.0,0.0,0.0,0.0,0.0,-0.0,0.2641257914716434,0.0,-0.0,0.0,0.13103848687382696
0.0002007100119953975,0.15219593048095703,2.192206859588623,-0.23524770140647888,0.7771273255348206,-0.013547284007072443,0.4838895797729492,-0.5916050672531128,0.0032488107681274414,-0.8418797254562378,0.6091103553771973,53.3325080871582,False,0.0,0.11883098632097244,-0.2629925310611725,0.7724708914756775,0.0,-0.0032322943210601808,0.003403569757938374,-0.01,-0.009828724563121807,0.00047882087528705597,False,95,False,False,10.000000000000009,-0.32322943210601807,-0.0,0.0,0.0,0.0,0.0,0.0,-0.0,0.27366963968590674,0.0,-0.0,0.0,0.1336025255218932
0.00031955467420630157,0.15503306686878204,2.329679012298584,-0.23543177545070648,0.778598427772522,-0.007810197770595556,0.2765805721282959,-0.6757535934448242,0.050562500953674316,-0.7922731041908264,0.6402950286865234,53.3325080871582,False,0.0,0.11883098632097244,-0.2629925310611725,0.7724708914756775,0.0,-0.002908482551574707,0.005878645181655873,-0.01,-0.007029837369918834,0.00047449441626667976,False,96,False,False,10.100000000000042,-0.2908482551574707,-0.0,0.0,0.0,0.0,0.0,0.0,-0.0,0.2883099665562363,0.0,-0.0,0.0,0.14124650072654343
0.00017370935529470444,0.15507709980010986,2.3657310009002686,-0.2320975661277771,0.7763017416000366,-0.012975466847419735,0.2663062810897827,-0.6691387891769409,0.021149039268493652,-0.7586206197738647,0.7228658199310303,53.3325080871582,False,0.0,0.11883098632097244,-0.2629925310611725,0.7724708914756775,0.0,-0.00273654580116272,0.004888951182365403,-0.01,-0.007847594618797317,0.00046738889068365097,False,97,False,False,10.200000000000076,-0.273654580116272,-0.0,0.0,0.0,0.0,0.0,0.0,-0.0,0.3010989592264879,0.0,-0.0,0.0,0.14781293381208122
8.648570656077936e-05,0.15424944460391998,2.1254358291625977,-0.23526571691036224,0.7730886936187744,-0.007502046823501582,0.2209528684616089,-0.6880314946174622,-0.030911624431610107,-0.7351809740066528,0.8123929500579834,53.3325080871582,False,0.0,0.11883098632097244,-0.2629925310611725,0.7724708914756775,0.0,-0.0026591354608535766,0.0039041775465011586,-0.01,-0.008754957914352417,0.00057556526735425,False,98,False,False,10.300000000000109,-0.26591354608535767,-0.0,0.0,0.0,0.0,0.0,0.0,-0.0,0.31202759937149505,0.0,-0.0,0.0,0.15335466422489394
5.628159851767123e-05,0.1472071260213852,1.9530924558639526,-0.23369809985160828,0.7733930945396423,-0.010764366686344142,0.11482584476470947,-0.6865428686141968,-0.07104361057281494,-0.7097098231315613,0.8210389614105225,53.3325080871582,False,0.0,0.11883098632097244,-0.2629925310611725,0.7724708914756775,0.0,-0.0024831533432006837,0.003065841197967517,-0.01,-0.009417312145233166,0.00047898897901177406,False,99,False,False,10.400000000000142,-0.24831533432006836,-0.0,0.0,0.0,0.0,0.0,0.0,-0.0,0.32137300131550417,0.0,-0.0,0.0,0.1582033473145514
4.075294782523997e-05,0.151593416929245,2.188278913497925,-0.23065370321273804,0.7730180025100708,-0.01454142093658447,-0.01725614070892334,-0.6582988500595093,-0.10293471813201904,-0.6799870729446411,0.7901556491851807,53.3325080871582,False,0.0,0.11883098632097244,-0.2629925310611725,0.7724708914756775,0.0,-0.002266582846641541,0.0022842210531234808,-0.01,-0.00998236179351806,0.00048222998157143593,False,100,False,False,10.500000000000176,-0.22665828466415405,-0.0,0.0,0.0,0.0,0.0,0.0,-0.0,0.32923380573342187,0.0,-0.0,0.0,0.16235032002006938
5.180295920581557e-05,0.14872586727142334,2.262389898300171,-0.22613222897052765,0.7735874056816101,-0.015847706794738778,-0.008841097354888916,-0.592972457408905,-0.18279755115509033,-0.6904357671737671,0.7382891178131104,53.3325080871582,False,0.0,0.11883098632097244,-0.2629925310611725,0.7724708914756775,0.0,-0.0021545276045799255,0.001459483206272122,-0.01,-0.010695044398307804,0.0005574729293584824,False,101,False,False,10.60000000000021,-0.21545276045799255,-0.0,0.0,0.0,0.0,0.0,0.0,-0.0,0.335507841901697,0.0,-0.0,0.0,0.16559939334626858
4.999070006306283e-05,0.15218107402324677,2.552927255630493,-0.22082959115505219,0.7735456824302673,-0.01767505452036857,-0.07363873720169067,-0.5390857458114624,-0.19639909267425537,-0.6682318449020386,0.7232614755630493,53.3325080871582,False,0.0,0.11883098632097244,-0.2629925310611725,0.7724708914756775,0.0,-0.001952856332063675,0.0008800116181373607,-0.01,-0.011072844713926314,0.00047658709809184074,False,102,False,False,10.700000000000243,-0.1952856332063675,-0.0,0.0,0.0,0.0,0.0,0.0,-0.0,0.34067457819773883,0.0,-0.0,0.0,0.16838443276680573
5.058500755694695e-05,0.14928282797336578,2.402730941772461,-0.2226015031337738,0.7737099528312683,-0.00999361768364906,-0.10704600811004639,-0.4762380123138428,-0.2328178882598877,-0.6389711499214172,0.7147035598754883,53.3325080871582,False,0.0,0.11883098632097244,-0.2629925310611725,0.7724708914756775,0.0,-0.0017518745362758636,0.00013341724872589777,-0.01,-0.011618457287549965,0.00046945735812187195,False,103,False,False,10.800000000000276,-0.17518745362758636,-0.0,0.0,0.0,0.0,0.0,0.0,-0.0,0.34438528505012544,0.0,-0.0,0.0,0.17044076798878685
4.7635337978135794e-05,0.14982059597969055,2.441758155822754,-0.22207604348659515,0.7738175392150879,-0.013199063837528231,-0.2775533199310303,-0.41690516471862793,-0.22463464736938477,-0.5929350852966309,0.6849000453948975,53.3325080871582,False,0.0,0.11883098632097244,-0.2629925310611725,0.7724708914756775,0.0,-0.001632196307182312,-0.0004723012447357122,-0.01,-0.012104497551918024,0.0004754061810672283,False,104,False,False,10.90000000000031,-0.1632196307182312,-0.0,0.0,0.0,0.0,0.0,0.0,-0.0,0.34690975133682356,0.0,-0.0,0.0,0.17182267936122947
5.774910096079111e-05,0.14552710950374603,2.134876251220703,-0.22723989188671112,0.7740684151649475,-0.007243308871984476,-0.40884947776794434,-0.36097192764282227,-0.23332816362380981,-0.5439043045043945,0.6033596992492676,53.3325080871582,False,0.0,0.11883098632097244,-0.2629925310611725,0.7724708914756775,0.0,-0.0016193313896656037,-0.0012003144621849093,-0.01,-0.012819645851850513,0.0004618666134774685,False,105,False,False,11.000000000000343,-0.16193313896656036,-0.0,0.0,0.0,0.0,0.0,0.0,-0.0,0.3479890819474978,0.0,-0.0,0.0,0.17237520958408328
7.758203719276935e-05,0.14722439646720886,2.184603452682495,-0.22719168663024902,0.7738147377967834,-0.014663051962852475,-0.5789496302604675,-0.34343457221984863,-0.2937431335449219,-0.45518702268600464,0.35565435886383057,53.3325080871582,False,0.0,0.11883098632097244,-0.2629925310611725,0.7724708914756775,0.0,-0.001866525411605835,-0.0019247600436210766,-0.01,-0.013791285455226912,0.00048543885350227356,False,106,False,False,11.100000000000376,-0.1866525411605835,-0.0,0.0,0.0,0.0,0.0,0.0,-0.0,0.34761564420811375,0.0,-0.0,0.0,0.17194129669245103
9.280370431952178e-05,0.14157606661319733,1.920879602432251,-0.22999705374240875,0.7743567228317261,-0.011105672419071202,-0.5847989320755005,-0.3297032117843628,-0.3907378911972046,-0.4410674571990967,0.2394198179244995,53.3325080871582,False,0.0,0.11883098632097244,-0.2629925310611725,0.7724708914756775,0.0,-0.001994776427745819,-0.002813805043697354,-0.01,-0.014808581471443174,0.00047636590898036957,False,107,False,False,11.20000000000041,-0.1994776427745819,-0.0,0.0,0.0,0.0,0.0,0.0,-0.0,0.34544243020354704,0.0,-0.0,0.0,0.1707264386740277
0.00013279922131914645,0.13875794410705566,1.9943757057189941,-0.22538705170154572,0.7747697234153748,-0.01979574471712113,-0.6384490132331848,-0.31227171421051025,-0.48532694578170776,-0.3887222409248352,-0.05832970142364502,53.3325080871582,False,0.0,0.11883098632097244,-0.2629925310611725,0.7724708914756775,0.0,-0.0022294449806213377,-0.0033452281355857982,-0.01,-0.015574673116207137,0.0004744180478155613,False,108,False,False,11.300000000000443,-0.2229444980621338,-0.0,0.0,0.0,0.0,0.0,0.0,-0.0,0.34217378339450333,0.0,-0.0,0.0,0.16885744671663033
0.00010312060476280749,0.1398645043373108,1.8818153142929077,-0.22918258607387543,0.7740818858146667,-0.01334746867418289,-0.7718994617462158,-0.4033745527267456,-0.6632901430130005,-0.09473365545272827,0.10707175731658936,53.3325080871582,False,0.0,0.11883098632097244,-0.2629925310611725,0.7724708914756775,0.0,-0.0030186700820922854,-0.004568212628364571,-0.01,-0.017586882710456858,0.00047128181904554367,False,109,False,False,11.400000000000476,-0.3018670082092285,-0.0,0.0,0.0,0.0,0.0,0.0,-0.0,0.33640133481239676,0.0,-0.0,0.0,0.1651819973241061
0.00014906217984389514,0.13541750609874725,1.7288379669189453,-0.22959765791893005,0.7743546366691589,-0.015601982176303871,-0.6353850364685059,-0.3626500368118286,-0.6222517490386963,-0.13637226819992065,-0.080047607421875,53.3325080871582,False,0.0,0.11883098632097244,-0.2629925310611725,0.7724708914756775,0.0,-0.002352559566497803,-0.005723417103290551,-0.01,-0.018075976669788354,0.0004716804251074791,False,110,False,False,11.50000000000051,-0.23525595664978027,-0.0,0.0,0.0,0.0,0.0,0.0,-0.0,0.32823682105570984,0.0,-0.0,0.0,0.16176585096135712
7.807424117345363e-05,0.14159363508224487,2.1757798194885254,-0.22233089804649353,0.7743200063705444,-0.025167220532894136,-0.6628895401954651,-0.41136622428894043,-0.6677675843238831,0.007709980010986328,0.13036751747131348,53.3325080871582,False,0.0,0.11883098632097244,-0.2629925310611725,0.7724708914756775,0.0,-0.0026365441083908083,-0.004559779167175287,-0.01,-0.017196323275566097,0.0005462691187858582,False,111,False,False,11.600000000000543,-0.2636544108390808,-0.0,0.0,0.0,0.0,0.0,0.0,-0.0,0.3223407280044165,0.0,-0.0,0.0,0.15853381989381743
8.282269845949486e-05,0.1413571834564209,1.9803814888000488,-0.2278182953596115,0.7741819024085999,-0.009995119124650951,-0.511169970035553,-0.34820669889450073,-0.6588025689125061,0.009811758995056152,0.06951665878295898,53.3325080871582,False,0.0,0.11883098632097244,-0.2629925310611725,0.7724708914756775,0.0,-0.002041649371385574,-0.0037196382880210765,-0.01,-0.015761287659406653,0.00047904113307595253,False,112,False,False,11.700000000000577,-0.20416493713855743,-0.0,0.0,0.0,0.0,0.0,0.0,-0.0,0.31808226074219725,0.0,-0.0,0.0,0.15699948099971306
8.985070599010214e-05,0.14280521869659424,2.076131820678711,-0.22654712200164795,0.7743352055549622,-0.016298333853483195,-0.36274564266204834,-0.3583141565322876,-0.6274643540382385,-0.026553630828857422,0.04258096218109131,53.3325080871582,False,0.0,0.11883098632097244,-0.2629925310611725,0.7724708914756775,0.0,-0.00163597509264946,-0.003749093413352972,-0.01,-0.015385068506002433,0.0004716338589787483,False,113,False,False,11.80000000000061,-0.16359750926494598,-0.0,0.0,0.0,0.0,0.0,0.0,-0.0,0.31372136669780926,0.0,-0.0,0.0,0.15522470825625517
0.00011324107617838308,0.14097197353839874,1.903961420059204,-0.22970512509346008,0.7741613388061523,-0.010308309271931656,-0.18201756477355957,-0.3413669466972351,-0.5831750631332397,-0.07409417629241943,0.1304258108139038,53.3325080871582,False,0.0,0.11883098632097244,-0.2629925310611725,0.7724708914756775,0.0,-0.0012381122261285783,-0.0034012070298194974,-0.01,-0.014639319255948077,0.00046421121805906296,False,114,False,False,11.900000000000643,-0.12381122261285782,-0.0,0.0,0.0,0.0,0.0,0.0,-0.0,0.3100190566434714,0.0,-0.0,0.0,0.15377141609560713
0.0001002338103717193,0.13917827606201172,1.9575668573379517,-0.22621355950832367,0.7740716338157654,-0.01574930123984814,-0.09370636940002441,-0.32356345653533936,-0.5408008694648743,-0.07460260391235352,0.10436403751373291,53.3325080871582,False,0.0,0.11883098632097244,-0.2629925310611725,0.7724708914756775,0.0,-0.0010287632793188094,-0.003299021720886225,-0.01,-0.014327785000205035,0.0004895809106528759,False,115,False,False,12.000000000000677,-0.10287632793188095,-0.0,0.0,0.0,0.0,0.0,0.0,-0.0,0.30648585781442694,0.0,-0.0,0.0,0.15221416562789467
0.00010166308493353426,0.1349068582057953,1.7853223085403442,-0.22726945579051971,0.7742316126823425,-0.010286506116390228,-0.08369040489196777,-0.29551851749420166,-0.5359187722206116,-0.05713534355163574,0.14590907096862793,53.3325080871582,False,0.0,0.11883098632097244,-0.2629925310611725,0.7724708914756775,0.0,-0.0009620216488838196,-0.002641938626766205,-0.01,-0.013603960275650025,0.0004776250571012497,False,116,False,False,12.10000000000071,-0.09620216488838196,-0.0,0.0,0.0,0.0,0.0,0.0,-0.0,0.3042444433724829,0.0,-0.0,0.0,0.15116020003735764
8.810173312667757e-05,0.13925282657146454,1.8391159772872925,-0.22957251965999603,0.7738025188446045,-0.01252956070005894,-0.12763118743896484,-0.2963554859161377,-0.5483141541481018,-0.06438720226287842,0.08170652389526367,53.3325080871582,False,0.0,0.11883098632097244,-0.2629925310611725,0.7724708914756775,0.0,-0.001022276058793068,-0.00245143383741378,-0.01,-0.013473709896206849,0.0004828711971640587,False,117,False,False,12.200000000000744,-0.1022276058793068,-0.0,0.0,0.0,0.0,0.0,0.0,-0.0,0.3023652750481586,0.0,-0.0,0.0,0.15016036146528622
0.00014130742056295276,0.13914728164672852,1.6719517707824707,-0.23471590876579285,0.7740365266799927,-0.008231160938739782,-0.05165565013885498,-0.29681646823883057,-0.5249943733215332,-0.05557692050933838,0.1216123104095459,53.3325080871582,False,0.0,0.11883098632097244,-0.2629925310611725,0.7724708914756775,0.0,-0.0009236904978752136,-0.0024111762642860524,-0.01,-0.013334866762161265,0.00048049818724393845,False,118,False,False,12.300000000000777,-0.09236904978752136,-0.0,0.0,0.0,0.0,0.0,0.0,-0.0,0.3005484211092687,0.0,-0.0,0.0,0.14935052005675914
0.00013607733126264066,0.13705867528915405,1.6226239204406738,-0.2335851788520813,0.7735145688056946,-0.012678209692239767,-0.05215507745742798,-0.30911195278167725,-0.5156216621398926,-0.04213225841522217,0.04518163204193115,53.3325080871582,False,0.0,0.11883098632097244,-0.2629925310611725,0.7724708914756775,0.0,-0.0009147779643535614,-0.002249554693698891,-0.01,-0.013164332658052452,0.0008289022371172905,False,119,False,False,12.40000000000081,-0.09147779643535614,-0.0,0.0,0.0,0.0,0.0,0.0,-0.0,0.2990396724932701,0.0,-0.0,0.0,0.1486050582822815
0.00011636644194368273,0.1396842747926712,1.7954550981521606,-0.2313007414340973,0.7737894654273987,-0.015614889711141593,-0.052371323108673096,-0.2996525168418884,-0.5209393501281738,-0.05782443284988403,0.05503058433532715,53.3325080871582,False,0.0,0.11883098632097244,-0.2629925310611725,0.7724708914756775,0.0,-0.0009181396663188934,-0.002113165855407717,-0.01,-0.01303130552172661,0.0005633030086755753,False,120,False,False,12.500000000000844,-0.09181396663188934,-0.0,0.0,0.0,0.0,0.0,0.0,-0.0,0.2977912642821924,0.0,-0.0,0.0,0.1479774924747773
0.0001331509556621313,0.13811689615249634,1.5887008905410767,-0.2357080578804016,0.7735615372657776,-0.007838307470083239,-0.0068149566650390625,-0.28573501110076904,-0.5051258206367493,-0.038237690925598145,0.12443387508392334,53.3325080871582,False,0.0,0.11883098632097244,-0.2629925310611725,0.7724708914756775,0.0,-0.0008457629382610321,-0.001985985636711124,-0.01,-0.012831748574972157,0.0005946201272308826,False,121,False,False,12.600000000000877,-0.08457629382610321,-0.0,0.0,0.0,0.0,0.0,0.0,-0.0,0.2967871526815009,0.0,-0.0,0.0,0.14754781340248943
0.00013205230061430484,0.1382085084915161,1.5273692607879639,-0.23752422630786896,0.7734461426734924,-0.010703026726841931,-0.0222243070602417,-0.29013770818710327,-0.4935463070869446,-0.046759068965911865,0.053781867027282715,53.3325080871582,False,0.0,0.11883098632097244,-0.2629925310611725,0.7724708914756775,0.0,-0.0008261204510927201,-0.0018710616230964705,-0.01,-0.01269718207418919,0.00046760495752096176,False,122,False,False,12.70000000000091,-0.082612045109272,-0.0,0.0,0.0,0.0,0.0,0.0,-0.0,0.29600500744434155,0.0,-0.0,0.0,0.14717638327107804
0.00012409311602823436,0.13869242370128632,1.5354094505310059,-0.23765893280506134,0.7733381390571594,-0.012237367630004886,-0.015015780925750732,-0.2830631732940674,-0.4705314636230469,-0.04764014482498169,0.04260599613189697,53.3325080871582,False,0.0,0.11883098632097244,-0.2629925310611725,0.7724708914756775,0.0,-0.0007600492238998413,-0.0017888468503952093,-0.01,-0.012548896074295051,0.0018476988188922405,False,123,False,False,12.800000000000944,-0.07600492238998413,-0.0,0.0,0.0,0.0,0.0,0.0,-0.0,0.2953811263743359,0.0,-0.0,0.0,0.14693051396326812
0.00011821292719105259,0.13688844442367554,1.5990204811096191,-0.23429399728775024,0.7736855149269104,-0.01417401663959026,0.00254666805267334,-0.27159178256988525,-0.44988369941711426,-0.04623711109161377,0.059902191162109375,53.3325080871582,False,0.0,0.11883098632097244,-0.2629925310611725,0.7724708914756775,0.0,-0.0006957545131444931,-0.001740320324897765,-0.01,-0.012436074838042259,0.0006699538789689541,False,124,False,False,12.900000000000977,-0.06957545131444931,-0.0,0.0,0.0,0.0,0.0,0.0,-0.0,0.29484904065072015,0.0,-0.0,0.0,0.14672876581221558
0.00012440720456652343,0.1396399438381195,1.6001992225646973,-0.23689128458499908,0.7735666632652283,-0.01094987191259861,0.0004342794418334961,-0.2585463523864746,-0.4570012092590332,-0.04361361265182495,0.08457720279693604,53.3325080871582,False,0.0,0.11883098632097244,-0.2629925310611725,0.7724708914756775,0.0,-0.000693996623158455,-0.0016969141364097662,-0.01,-0.012390910759568222,0.0005745892412960529,False,125,False,False,13.00000000000101,-0.06939966231584549,-0.0,0.0,0.0,0.0,0.0,0.0,-0.0,0.2943991459203511,0.0,-0.0,0.0,0.1465055763370171
0.0002053809876088053,0.1339922994375229,1.3915586471557617,-0.23781250417232513,0.7738763093948364,-0.008513311892747875,0.029409050941467285,-0.252923846244812,-0.4231680631637573,-0.03827017545700073,0.09459507465362549,53.3325080871582,False,0.0,0.11883098632097244,-0.2629925310611725,0.7724708914756775,0.0,-0.0006134279072284699,-0.0016153573989868275,-0.01,-0.012228785306215299,0.00048105278983712196,False,126,False,False,13.100000000001044,-0.061342790722846985,-0.0,0.0,0.0,0.0,0.0,0.0,-0.0,0.2941095492629763,0.0,-0.0,0.0,0.14644134672425968
0.00029548685415647924,0.13634967803955078,1.4285904169082642,-0.2392130047082901,0.7740303874015808,-0.011738605648279197,-0.03272736072540283,-0.2577505111694336,-0.4475499987602234,-0.05175095796585083,-0.0021277666091918945,53.3325080871582,False,0.0,0.11883098632097244,-0.2629925310611725,0.7724708914756775,0.0,-0.000676213949918747,-0.001575435698032368,-0.01,-0.012251649647951116,0.0004819752648472786,False,127,False,False,13.200000000001078,-0.0676213949918747,-0.0,0.0,0.0,0.0,0.0,0.0,-0.0,0.29389764553335485,0.0,-0.0,0.0,0.1462726088167587
0.00011750849080272019,0.13795676827430725,1.528051733970642,-0.23712481558322906,0.7733189463615417,-0.01423760429024696,0.060129761695861816,-0.2488410472869873,-0.4117708206176758,0.0005316734313964844,0.305336594581604,53.3325080871582,False,0.0,0.11883098632097244,-0.2629925310611725,0.7724708914756775,0.0,-0.000587732344865799,-0.0014633515477180392,-0.01,-0.012051083892583837,0.0005240528844296932,False,128,False,False,13.300000000001111,-0.058773234486579895,-0.0,0.0,0.0,0.0,0.0,0.0,-0.0,0.29391003332663923,0.0,-0.0,0.0,0.1463672843184538
0.0001231734495377168,0.13903161883354187,1.6362123489379883,-0.23513396084308624,0.7734980583190918,-0.013762576431036002,0.027561664581298828,-0.2359144687652588,-0.4104885458946228,-0.04375004768371582,0.07428216934204102,53.3325080871582,False,0.0,0.11883098632097244,-0.2629925310611725,0.7724708914756775,0.0,-0.0005670754611492157,-0.0013044738769531217,-0.01,-0.011871549338102338,0.0007862322963774204,False,129,False,False,13.400000000001144,-0.05670754611492157,-0.0,0.0,0.0,0.0,0.0,0.0,-0.0,0.29424349919836124,0.0,-0.0,0.0,0.14655467413803142
0.00015411453205160797,0.1365872025489807,1.3833694458007812,-0.24051450192928314,0.7737377285957336,-0.005612685494124892,0.045697569847106934,-0.22274935245513916,-0.3960913419723511,-0.03116011619567871,0.10944676399230957,53.3325080871582,False,0.0,0.11883098632097244,-0.2629925310611725,0.7724708914756775,0.0,-0.0005239121243357658,-0.0012068003416061401,-0.01,-0.011730712465941906,0.0004681670106947422,False,130,False,False,13.500000000001178,-0.052391212433576584,-0.0,0.0,0.0,0.0,0.0,0.0,-0.0,0.2947777251493079,0.0,-0.0,0.0,0.14686495045031817
0.00020371424034237862,0.1352635622024536,1.3094402551651,-0.24134913086891174,0.7736781239509583,-0.010068999789655204,-0.005849182605743408,-0.23561465740203857,-0.39375948905944824,-0.040397465229034424,-0.019692957401275635,53.3325080871582,False,0.0,0.11883098632097244,-0.2629925310611725,0.7724708914756775,0.0,-0.0005305674299597741,-0.0011829763650894054,-0.01,-0.01171354379504918,0.0006822156719863415,False,131,False,False,13.600000000001211,-0.0530567429959774,-0.0,0.0,0.0,0.0,0.0,0.0,-0.0,0.29536542031630775,0.0,-0.0,0.0,0.1471521427281941
0.00010339877189835533,0.14029128849506378,1.522446870803833,-0.23981982469558716,0.7735112905502319,-0.01519128657877446,0.05206179618835449,-0.23405003547668457,-0.3843374252319336,-0.014252722263336182,0.25969910621643066,53.3325080871582,False,0.0,0.11883098632097244,-0.2629925310611725,0.7724708914756775,0.0,-0.0005135206133127213,-0.0012124687433242853,-0.01,-0.011725989356637007,0.0004768306389451027,False,132,False,False,13.700000000001245,-0.051352061331272125,-0.0,0.0,0.0,0.0,0.0,0.0,-0.0,0.2958995006641928,0.0,-0.0,0.0,0.14743622971878367
0.00011174553947057575,0.1378687173128128,1.4358075857162476,-0.23971045017242432,0.7732253074645996,-0.010290587991476054,0.033411264419555664,-0.2183995246887207,-0.3593113422393799,-0.022434711456298828,0.028936028480529785,53.3325080871582,False,0.0,0.11883098632097244,-0.2629925310611725,0.7724708914756775,0.0,-0.0004460565745830536,-0.0012072908878326405,-0.01,-0.011653347462415694,0.0004805726930499077,False,133,False,False,13.800000000001278,-0.04460565745830536,-0.0,0.0,0.0,0.0,0.0,0.0,-0.0,0.2964494380735143,0.0,-0.0,0.0,0.1477786624621741
0.0001998575171455741,0.13527590036392212,1.3769723176956177,-0.239370197057724,0.7737128138542175,-0.01052110679447651,0.009847044944763184,-0.21413248777389526,-0.36787259578704834,-0.032765865325927734,-0.016090095043182373,53.3325080871582,False,0.0,0.11883098632097244,-0.2629925310611725,0.7724708914756775,0.0,-0.00045588381588459017,-0.001216206848621365,-0.01,-0.011672090664505955,0.00046493811532855034,False,134,False,False,13.900000000001311,-0.045588381588459015,-0.0,0.0,0.0,0.0,0.0,0.0,-0.0,0.2969868918064874,0.0,-0.0,0.0,0.1480375620873591
0.00011064166756113991,0.13765567541122437,1.6419129371643066,-0.2335839569568634,0.7734950184822083,-0.017600043639540677,0.04518723487854004,-0.2177780270576477,-0.3794219493865967,-0.011672019958496094,0.25857555866241455,53.3325080871582,False,0.0,0.11883098632097244,-0.2629925310611725,0.7724708914756775,0.0,-0.0004839160293340683,-0.0012451234459877059,-0.01,-0.011729039475321775,0.0004656831733882427,False,135,False,False,14.000000000001345,-0.04839160293340683,-0.0,0.0,0.0,0.0,0.0,0.0,-0.0,0.2974713463068632,0.0,-0.0,0.0,0.14825175712409755
0.00013808715448249131,0.14318864047527313,1.6551626920700073,-0.23871830105781555,0.7734938859939575,-0.009461753219366074,0.020630717277526855,-0.1915552020072937,-0.3769601583480835,-0.01612454652786255,0.043607354164123535,53.3325080871582,False,0.0,0.11883098632097244,-0.2629925310611725,0.7724708914756775,0.0,-0.00044869497418403625,-0.001246424615383157,-0.01,-0.011695119589567194,0.0005007530562579632,False,136,False,False,14.100000000001378,-0.044869497418403625,-0.0,0.0,0.0,0.0,0.0,0.0,-0.0,0.29795810112375787,0.0,-0.0,0.0,0.1485303555876949
0.00012599250476341695,0.1437651813030243,1.621322512626648,-0.23980292677879333,0.7729867696762085,-0.010584473535418512,0.052610039710998535,-0.19616037607192993,-0.3258371353149414,0.0015065670013427734,0.04734468460083008,53.3325080871582,False,0.0,0.11883098632097244,-0.2629925310611725,0.7724708914756775,0.0,-0.0003685470670461655,-0.0012353748083114569,-0.01,-0.011603921875357623,0.000502393115311861,False,137,False,False,14.200000000001411,-0.03685470670461655,-0.0,0.0,0.0,0.0,0.0,0.0,-0.0,0.29847203505086417,0.0,-0.0,0.0,0.14886747045838591
0.00018750059825833887,0.13665656745433807,1.2379862070083618,-0.24438358843326569,0.7731759548187256,-0.0036787937209010147,0.05945789813995361,-0.19244593381881714,-0.3140910863876343,-0.003430008888244629,0.04656028747558594,53.3325080871582,False,0.0,0.11883098632097244,-0.2629925310611725,0.7724708914756775,0.0,-0.00034808915108442307,-0.0011979958415031522,-0.01,-0.011546084992587576,0.000698610208928585,False,138,False,False,14.300000000001445,-0.034808915108442307,-0.0,0.0,0.0,0.0,0.0,0.0,-0.0,0.29906672892753716,0.0,-0.0,0.0,0.14918527531268416
0.00028429858502931893,0.13925643265247345,1.274097204208374,-0.24613061547279358,0.773406445980072,-0.011046083830296996,-0.03875327110290527,-0.20123088359832764,-0.33143681287765503,-0.026994764804840088,-0.15349268913269043,53.3325080871582,False,0.0,0.11883098632097244,-0.2629925310611725,0.7724708914756775,0.0,-0.00038143690675497056,-0.0012101450562477245,-0.01,-0.011591581963002695,0.0005608513019979,False,139,False,False,14.400000000001478,-0.038143690675497055,-0.0,0.0,0.0,0.0,0.0,0.0,-0.0,0.29964283725652063,0.0,-0.0,0.0,0.14943998172150535
0.0001208436515298672,0.13460838794708252,1.2396968603134155,-0.2420218288898468,0.7729136943817139,-0.013030197918415077,0.04785287380218506,-0.2215414047241211,-0.3224787712097168,-0.03257477283477783,0.12737977504730225,53.3325080871582,False,0.0,0.11883098632097244,-0.2629925310611725,0.7724708914756775,0.0,-0.0003910604119300842,-0.0014341309666633661,-0.01,-0.01182519137859345,0.0004943287931382656,False,140,False,False,14.500000000001512,-0.03910604119300842,-0.0,0.0,0.0,0.0,0.0,0.0,-0.0,0.2997723429544463,0.0,-0.0,0.0,0.1494951110652931
0.00047883280785754323,0.13160845637321472,1.0950791835784912,-0.24447956681251526,0.7740328311920166,-0.007881327010691174,-0.0495794415473938,-0.16498219966888428,-0.28627753257751465,-0.03068697452545166,-0.15044629573822021,53.3325080871582,False,0.0,0.11883098632097244,-0.2629925310611725,0.7724708914756775,0.0,-0.00028143439441919327,-0.001561646759510038,-0.01,-0.011843081153929232,0.0006798938848078251,False,141,False,False,14.600000000001545,-0.028143439441919327,-0.0,0.0,0.0,0.0,0.0,0.0,-0.0,0.2996455436246356,0.0,-0.0,0.0,0.1495413374178986
0.00019461022748146206,0.13203752040863037,1.160996437072754,-0.24235235154628754,0.7734540700912476,-0.013961948193609715,0.004972219467163086,-0.1985190510749817,-0.32137465476989746,-0.04281425476074219,0.13552415370941162,53.3325080871582,False,0.0,0.11883098632097244,-0.2629925310611725,0.7724708914756775,0.0,-0.0003613731637597084,-0.0017250564694404613,-0.01,-0.01208642963320017,0.0004733158275485039,False,142,False,False,14.700000000001578,-0.03613731637597084,-0.0,0.0,0.0,0.0,0.0,0.0,-0.0,0.29918722834528466,0.0,-0.0,0.0,0.14923224100888263
0.0002865258138626814,0.1328367292881012,1.299654245376587,-0.23929598927497864,0.7737582325935364,-0.015012345500290394,-0.04900938272476196,-0.13575708866119385,-0.22700494527816772,-0.06685131788253784,-0.12376105785369873,53.3325080871582,False,0.0,0.11883098632097244,-0.2629925310611725,0.7724708914756775,0.0,-0.00019208062440156937,-0.001945788264274606,-0.01,-0.012137868888676176,0.0004610717296600342,False,143,False,False,14.800000000001612,-0.019208062440156937,-0.0,0.0,0.0,0.0,0.0,0.0,-0.0,0.2982784420700648,0.0,-0.0,0.0,0.14894714041063084
0.00017577373364474624,0.13564971089363098,1.3408619165420532,-0.24026381969451904,0.773149311542511,-0.012154707461595533,0.06061267852783203,-0.14834028482437134,-0.2663686275482178,-0.056214988231658936,0.2681938409805298,53.3325080871582,False,0.0,0.11883098632097244,-0.2629925310611725,0.7724708914756775,0.0,-0.00024947777390480044,-0.0019388544559478804,-0.01,-0.012188332229852682,0.0004957369528710842,False,144,False,False,14.900000000001645,-0.02494777739048004,-0.0,0.0,0.0,0.0,0.0,0.0,-0.0,0.2973745734409714,0.0,-0.0,0.0,0.1484378089465809
0.00012446867185644805,0.1361326277256012,1.398252248764038,-0.23887500166893005,0.7729992866516113,-0.012900517024099833,0.04668998718261719,-0.10313665866851807,-0.16907817125320435,-0.08345437049865723,0.0323559045791626,53.3325080871582,False,0.0,0.11883098632097244,-0.2629925310611725,0.7724708914756775,0.0,-0.00012092296034097672,-0.0016790339350700456,-0.01,-0.011799956895411023,0.00047759758308529854,False,145,False,False,15.000000000001679,-0.012092296034097672,-0.0,0.0,0.0,0.0,0.0,0.0,-0.0,0.29698630301269524,0.0,-0.0,0.0,0.14837222854600665
0.0001401446934323758,0.13611054420471191,1.4981058835983276,-0.2360324263572693,0.7731744050979614,-0.013818006869405514,0.06752252578735352,-0.08707064390182495,-0.14894837141036987,-0.08788388967514038,0.06970095634460449,53.3325080871582,False,0.0,0.11883098632097244,-0.2629925310611725,0.7724708914756775,0.0,-0.00010512446984648705,-0.0015357968211174022,-0.01,-0.01164092129096389,0.00046758679673075676,False,146,False,False,15.100000000001712,-0.010512446984648705,-0.0,0.0,0.0,0.0,0.0,0.0,-0.0,0.29688351388968626,0.0,-0.0,0.0,0.14833663247499665
0.00011698759044520557,0.13667620718479156,1.51528000831604,-0.23604322969913483,0.7731347680091858,-0.011490975655615337,0.058042168617248535,-0.08312958478927612,-0.15029239654541016,-0.09867078065872192,0.10315489768981934,53.3325080871582,False,0.0,0.11883098632097244,-0.2629925310611725,0.7724708914756775,0.0,-0.00010650787502527238,-0.0015217700600624051,-0.01,-0.011628277935087677,0.0007645268924534321,False,147,False,False,15.200000000001745,-0.010650787502527237,-0.0,0.0,0.0,0.0,0.0,0.0,-0.0,0.2968080608489547,0.0,-0.0,0.0,0.14829752254945208
0.00019747646001633257,0.1348201334476471,1.2930679321289062,-0.24121442437171936,0.7734956741333008,-0.005801257342100151,0.026854276657104492,-0.09365463256835938,-0.14418822526931763,-0.11774706840515137,0.09838950634002686,53.3325080871582,False,0.0,0.11883098632097244,-0.2629925310611725,0.7724708914756775,0.0,-0.00011036738753318787,-0.0015143412351608376,-0.01,-0.011624708622694026,0.00046088919043540955,False,148,False,False,15.300000000001779,-0.011036738753318787,-0.0,0.0,0.0,0.0,0.0,0.0,-0.0,0.2967468692894001,0.0,-0.0,0.0,0.14826306725716684
0.00014975041267462075,0.13591384887695312,1.2828829288482666,-0.24224217236042023,0.7731241583824158,-0.010822447622194888,-0.05656027793884277,-0.11908411979675293,-0.13628822565078735,-0.13522326946258545,-0.03443795442581177,53.3325080871582,False,0.0,0.11883098632097244,-0.2629925310611725,0.7724708914756775,0.0,-0.00013559975661337376,-0.0014490371942520175,-0.01,-0.011584636950865392,0.0004756702110171318,False,149,False,False,15.400000000001812,-0.013559975661337376,-0.0,0.0,0.0,0.0,0.0,0.0,-0.0,0.2968169530341913,0.0,-0.0,0.0,0.1482728767604823
0.00014764616207685322,0.13562165200710297,1.5097774267196655,-0.23537881672382355,0.7733598351478577,-0.01735476765781641,-0.014707088470458984,-0.15285426378250122,-0.16680121421813965,-0.16246211528778076,0.1861785650253296,53.3325080871582,False,0.0,0.11883098632097244,-0.2629925310611725,0.7724708914756775,0.0,-0.00019449327141046524,-0.0013866025209426924,-0.01,-0.011581095792353158,0.00046599190682172775,False,150,False,False,15.500000000001846,-0.019449327141046524,-0.0,0.0,0.0,0.0,0.0,0.0,-0.0,0.2970139382507162,0.0,-0.0,0.0,0.14831247585394763
0.0001520753576187417,0.13634014129638672,1.4483320713043213,-0.23769575357437134,0.7731149196624756,-0.009437329648062587,-0.06678956747055054,-0.11719268560409546,-0.15701961517333984,-0.1251380443572998,0.01093137264251709,53.3325080871582,False,0.0,0.11883098632097244,-0.2629925310611725,0.7724708914756775,0.0,-0.00014627414755523206,-0.0013945206999778637,-0.01,-0.011540794847533096,0.0008121835999190807,False,151,False,False,15.600000000001879,-0.014627414755523205,-0.0,0.0,0.0,0.0,0.0,0.0,-0.0,0.2971968086790483,0.0,-0.0,0.0,0.14845213019196893
0.00031451741233468056,0.12985087931156158,1.092788815498352,-0.24299806356430054,0.7742401957511902,-0.0034775740653276493,-0.07884103059768677,-0.1257568597793579,-0.15309607982635498,-0.12446707487106323,-0.03295791149139404,53.3325080871582,False,0.0,0.11883098632097244,-0.2629925310611725,0.7724708914756775,0.0,-0.0001524028927087784,-0.0013869675993919417,-0.01,-0.01153937049210072,0.00046823034062981606,False,152,False,False,15.700000000001912,-0.015240289270877838,-0.0,0.0,0.0,0.0,0.0,0.0,-0.0,0.2973968148007675,0.0,-0.0,0.0,0.14854600450767497
0.00018417031969875097,0.13293004035949707,1.3490138053894043,-0.23776450753211975,0.773614227771759,-0.017663768082857138,-0.1090814471244812,-0.1919216513633728,-0.2484418749809265,-0.15421265363693237,0.06914973258972168,53.3325080871582,False,0.0,0.11883098632097244,-0.2629925310611725,0.7724708914756775,0.0,-0.00033559396862983706,-0.0013727435469627347,-0.01,-0.011708337515592571,0.0004811929538846016,False,153,False,False,15.800000000001946,-0.033559396862983704,-0.0,0.0,0.0,0.0,0.0,0.0,-0.0,0.29762762770872975,0.0,-0.0,0.0,0.14847821988573504
0.00030056966352276504,0.12915953993797302,1.0991501808166504,-0.24133840203285217,0.77346271276474,-0.006373236551880831,-0.13600897789001465,-0.1391870379447937,-0.19731581211090088,-0.11575931310653687,-0.12478649616241455,53.3325080871582,False,0.0,0.11883098632097244,-0.2629925310611725,0.7724708914756775,0.0,-0.0002255130559206009,-0.0014826208353042603,-0.01,-0.011708133891224862,0.00046675000339746475,False,154,False,False,15.90000000000198,-0.02255130559206009,-0.0,0.0,0.0,0.0,0.0,0.0,-0.0,0.2976387619880897,0.0,-0.0,0.0,0.14859386793812424
0.0001625597506063059,0.13377732038497925,1.4047024250030518,-0.23674717545509338,0.7734202742576599,-0.01779084827750922,-0.12131357192993164,-0.1710423231124878,-0.24672198295593262,-0.14697551727294922,0.03589367866516113,53.3325080871582,False,0.0,0.11883098632097244,-0.2629925310611725,0.7724708914756775,0.0,-0.00031611498445272446,-0.0014652100205421459,-0.01,-0.011781325004994871,0.00047109322622418404,False,155,False,False,16.00000000000201,-0.031611498445272446,-0.0,0.0,0.0,0.0,0.0,0.0,-0.0,0.2976852033069217,0.0,-0.0,0.0,0.14852648666900814
0.0003273323818575591,0.13444884121418,1.3748265504837036,-0.23886071145534515,0.7739660143852234,-0.009762992300093178,-0.12987077236175537,-0.1250767707824707,-0.16764169931411743,-0.09796220064163208,-0.12596666812896729,53.3325080871582,False,0.0,0.11883098632097244,-0.2629925310611725,0.7724708914756775,0.0,-0.00017552737146615984,-0.0015035027265548617,-0.01,-0.011679030098021022,0.0004610731266438961,False,156,False,False,16.100000000001955,-0.017552737146615982,-0.0,0.0,0.0,0.0,0.0,0.0,-0.0,0.2976547704018542,0.0,-0.0,0.0,0.14865185782946091
0.000269780692178756,0.13185682892799377,1.164865255355835,-0.24263155460357666,0.7740300297737122,-0.00677998058497906,-0.06764340400695801,-0.17324715852737427,-0.2481687068939209,-0.12452411651611328,0.10759258270263672,53.3325080871582,False,0.0,0.11883098632097244,-0.2629925310611725,0.7724708914756775,0.0,-0.0002792104333639145,-0.0014874476194381703,-0.01,-0.011766658052802085,0.00046638958156108856,False,157,False,False,16.2000000000019,-0.02792104333639145,-0.0,0.0,0.0,0.0,0.0,0.0,-0.0,0.297656391755449,0.0,-0.0,0.0,0.1485489854443606
0.0003765515284612775,0.13113956153392792,0.9788814187049866,-0.24738264083862305,0.773918867111206,-0.006778208166360863,-0.15879684686660767,-0.16851091384887695,-0.24923688173294067,-0.1238793134689331,-0.2003936767578125,53.3325080871582,False,0.0,0.11883098632097244,-0.2629925310611725,0.7724708914756775,0.0,-0.0003276936709880829,-0.0016418519616127059,-0.01,-0.01196954563260079,0.0004688999615609646,False,158,False,False,16.300000000001845,-0.03276936709880829,-0.0,0.0,0.0,0.0,0.0,0.0,-0.0,0.2973461817487534,0.0,-0.0,0.0,0.1483453972033886
0.0005308408290147781,0.13080275058746338,1.1207175254821777,-0.2434891313314438,0.7746172547340393,-0.015292936451733111,-0.10726523399353027,-0.20446008443832397,-0.24375218152999878,-0.15523457527160645,-0.030398428440093994,53.3325080871582,False,0.0,0.11883098632097244,-0.2629925310611725,0.7724708914756775,0.0,-0.00034205663949251177,-0.001548837423324595,-0.01,-0.011890894062817106,0.00046244217082858086,False,159,False,False,16.40000000000179,-0.034205663949251175,-0.0,0.0,0.0,0.0,0.0,0.0,-0.0,0.29722074300303625,0.0,-0.0,0.0,0.1482683148620256
0.00021318004291970283,0.12947243452072144,1.2634050846099854,-0.23674993216991425,0.7734889984130859,-0.01727382585406303,-0.10995727777481079,-0.2045353651046753,-0.2694913148880005,-0.13634055852890015,0.028044581413269043,53.3325080871582,False,0.0,0.11883098632097244,-0.2629925310611725,0.7724708914756775,0.0,-0.000362849086523056,-0.001579248607158662,-0.01,-0.011942097693681718,0.0004800870083272457,False,160,False,False,16.500000000001734,-0.0362849086523056,-0.0,0.0,0.0,0.0,0.0,0.0,-0.0,0.29703260803715825,0.0,-0.0,0.0,0.14815345493205606
0.00041570019675418735,0.12730708718299866,0.9617093205451965,-0.24390076100826263,0.7737542986869812,-0.003920605033636092,-0.1655186414718628,-0.14745700359344482,-0.2456679344177246,-0.12001341581344604,-0.17356127500534058,53.3325080871582,False,0.0,0.11883098632097244,-0.2629925310611725,0.7724708914756775,0.0,-0.0003097398579120636,-0.0016442203521728482,-0.01,-0.011953960210084913,0.0006794417276978493,False,161,False,False,16.60000000000168,-0.03097398579120636,-0.0,0.0,0.0,0.0,0.0,0.0,-0.0,0.29671125056340364,0.0,-0.0,0.0,0.14804588542378977
0.0003505645727273077,0.12542733550071716,1.0208629369735718,-0.24031566083431244,0.7738235592842102,-0.014328472651541238,-0.14073628187179565,-0.19077813625335693,-0.26276934146881104,-0.15059691667556763,-0.007998526096343994,53.3325080871582,False,0.0,0.11883098632097244,-0.2629925310611725,0.7724708914756775,0.0,-0.00036982540041208267,-0.0015908336639404441,-0.01,-0.011960659064352527,0.00046447617933154106,False,162,False,False,16.700000000001623,-0.03698254004120827,-0.0,0.0,0.0,0.0,0.0,0.0,-0.0,0.2964944924894609,0.0,-0.0,0.0,0.14787742084431837
0.00017459908849559724,0.131891131401062,1.2588762044906616,-0.23931492865085602,0.7734994292259216,-0.01554172113537789,-0.16901081800460815,-0.1826874017715454,-0.2823718786239624,-0.1337856650352478,0.030716657638549805,53.3325080871582,False,0.0,0.11883098632097244,-0.2629925310611725,0.7724708914756775,0.0,-0.0003989295661449432,-0.0017161759734153625,-0.01,-0.012115105539560305,0.00047309696674346924,False,163,False,False,16.800000000001567,-0.039892956614494324,-0.0,0.0,0.0,0.0,0.0,0.0,-0.0,0.29602237335802517,0.0,-0.0,0.0,0.14761225711286763
0.0003741498221643269,0.1272941529750824,1.0875734090805054,-0.24017514288425446,0.7738175392150879,-0.008979055304080245,-0.15337252616882324,-0.1298600435256958,-0.16438186168670654,-0.10107684135437012,-0.19203990697860718,53.3325080871582,False,0.0,0.11883098632097244,-0.2629925310611725,0.7724708914756775,0.0,-0.0001940617151558399,-0.001968909502029409,-0.01,-0.012162971217185249,0.0004704170860350132,False,164,False,False,16.900000000001512,-0.019406171515583992,-0.0,0.0,0.0,0.0,0.0,0.0,-0.0,0.29503483019209475,0.0,-0.0,0.0,0.14732335338089153
0.00019135046750307083,0.13193106651306152,1.1784178018569946,-0.24151940643787384,0.7732502222061157,-0.013627641312777999,-0.13897961378097534,-0.1713196039199829,-0.2657415270805359,-0.13226795196533203,0.028405427932739258,53.3325080871582,False,0.0,0.11883098632097244,-0.2629925310611725,0.7724708914756775,0.0,-0.0003419477865099907,-0.003086109161376943,-0.01,-0.013428056947886935,0.0006187409162521362,False,165,False,False,17.000000000001457,-0.03419477865099907,-0.0,0.0,0.0,0.0,0.0,0.0,-0.0,0.29178040117420334,0.0,-0.0,0.0,0.1455482528005917
0.0002310048439539969,0.1241186261177063,1.1353951692581177,-0.2357453852891922,0.773997962474823,-0.021587342880666258,-0.10030210018157959,-0.11961692571640015,-0.1079484224319458,-0.11307162046432495,-0.1828376054763794,53.3325080871582,False,0.0,0.11883098632097244,-0.2629925310611725,0.7724708914756775,0.0,-0.00012201692909002305,-0.011395566761493697,-0.01,-0.021517583690583722,0.0004557669162750244,False,166,False,False,17.1000000000014,-0.012201692909002304,-0.0,0.0,0.0,0.0,0.0,0.0,-0.0,0.27170635654567,0.0,-0.0,0.0,0.13573116134374497
0.00025060740881599486,0.1279524266719818,1.0871487855911255,-0.2402327060699463,0.7732040882110596,-0.014556572921574112,-0.10628998279571533,-0.15233361721038818,-0.14585363864898682,-0.18107646703720093,-0.21299588680267334,53.3325080871582,False,0.0,0.11883098632097244,-0.2629925310611725,0.7724708914756775,0.0,-0.00022141266614198685,-0.008343674838542953,-0.01,-0.01856508750468494,0.000515572726726532,False,167,False,False,17.200000000001346,-0.022141266614198685,-0.0,0.0,0.0,0.0,0.0,0.0,-0.0,0.25759492885126745,0.0,-0.0,0.0,0.12857605175949174
0.00020381080685183406,0.12884779274463654,1.2326635122299194,-0.23695670068264008,0.7733981609344482,-0.013878485672175882,0.08639287948608398,-0.15072810649871826,-0.28715068101882935,-0.23474818468093872,0.16520118713378906,53.3325080871582,False,0.0,0.11883098632097244,-0.2629925310611725,0.7724708914756775,0.0,-0.00041936229914426806,-0.0005106252431869573,-0.01,-0.010929987542331225,0.0006959270685911179,False,168,False,False,17.30000000000129,-0.041936229914426804,-0.0,0.0,0.0,0.0,0.0,0.0,-0.0,0.25916534120351475,0.0,-0.0,0.0,0.1291633083026131
0.00015417141548823565,0.129926860332489,1.3511043787002563,-0.23458023369312286,0.7734958529472351,-0.010485850870609286,0.20182085037231445,-0.23134386539459229,-0.4105378985404968,-0.333401083946228,0.08577084541320801,53.3325080871582,False,0.0,0.11883098632097244,-0.2629925310611725,0.7724708914756775,0.0,-0.0009348732233047485,0.0034642490744590804,-0.01,-0.007470624148845669,0.0004961341619491577,False,169,False,False,17.400000000001235,-0.09348732233047485,-0.0,0.0,0.0,0.0,0.0,0.0,-0.0,0.2687816767044625,0.0,-0.0,0.0,0.13345596512892652
0.00013869999384041876,0.1295337975025177,1.4690227508544922,-0.23101714253425598,0.7738633751869202,-0.011868348121643064,0.10483908653259277,-0.23636186122894287,-0.4422270655632019,-0.2906101942062378,0.09909141063690186,53.3325080871582,False,0.0,0.11883098632097244,-0.2629925310611725,0.7724708914756775,0.0,-0.0008671930432319642,0.002272816896438601,-0.01,-0.008594376146793363,0.0005799159407615662,False,170,False,False,17.50000000000118,-0.08671930432319641,-0.0,0.0,0.0,0.0,0.0,0.0,-0.0,0.27608820726557604,0.0,-0.0,0.0,0.13717691058955606
0.00013604166451841593,0.129715695977211,1.3687191009521484,-0.23398683965206146,0.7736420631408691,-0.008910424783825883,0.04553818702697754,-0.20527654886245728,-0.39728474617004395,-0.23751211166381836,0.07670629024505615,53.3325080871582,False,0.0,0.11883098632097244,-0.2629925310611725,0.7724708914756775,0.0,-0.0006461483985185624,-0.0009663483500480796,-0.01,-0.011612496748566643,0.0007119709625840187,False,171,False,False,17.600000000001124,-0.06461483985185623,-0.0,0.0,0.0,0.0,0.0,0.0,-0.0,0.2769247139874459,0.0,-0.0,0.0,0.13781620859520438
0.00020205679174978286,0.1257959008216858,1.1570465564727783,-0.2364252656698227,0.7736501097679138,-0.007544180564582344,0.032785654067993164,-0.12990248203277588,-0.20495343208312988,-0.1755819320678711,-0.031512439250946045,53.3325080871582,False,0.0,0.11883098632097244,-0.2629925310611725,0.7724708914756775,0.0,-0.000226961188018322,-0.0012499368190765359,-0.01,-0.011476898007094859,0.0006100977770984173,False,172,False,False,17.70000000000107,-0.0226961188018322,-0.0,0.0,0.0,0.0,0.0,0.0,-0.0,0.27719678307977036,0.0,-0.0,0.0,0.13837143035186686
0.0001801150501705706,0.12421806901693344,1.1190752983093262,-0.23562465608119965,0.7732881903648376,-0.011068537309765822,-0.07992517948150635,-0.13101935386657715,-0.24175220727920532,-0.12048095464706421,0.12754595279693604,53.3325080871582,False,0.0,0.11883098632097244,-0.2629925310611725,0.7724708914756775,0.0,-0.00024128474295139314,-0.0009769368171691772,-0.01,-0.01121822156012057,0.0004932498559355736,False,173,False,False,17.800000000001013,-0.024128474295139313,-0.0,0.0,0.0,0.0,0.0,0.0,-0.0,0.2780232489419152,0.0,-0.0,0.0,0.1387703397280062
0.00021447731705848128,0.12706728279590607,1.2215830087661743,-0.23561178147792816,0.7735013365745544,-0.011290462138131268,-0.0766039490699768,-0.09915041923522949,-0.1140444278717041,-0.14713501930236816,-0.10449463129043579,53.3325080871582,False,0.0,0.11883098632097244,-0.2629925310611725,0.7724708914756775,0.0,-0.00012588453479111194,-8.806198835373258e-05,-0.01,-0.010213946523144845,0.0004680631682276726,False,174,False,False,17.900000000000958,-0.012588453479111195,-0.0,0.0,0.0,0.0,0.0,0.0,-0.0,0.2806536193917517,0.0,-0.0,0.0,0.14020092516108473
0.00018425761663820595,0.12558622658252716,1.3015893697738647,-0.23182769119739532,0.7735984921455383,-0.013164241630584002,-0.060388922691345215,-0.146440327167511,-0.2627824544906616,-0.13747888803482056,0.1678786277770996,53.3325080871582,False,0.0,0.11883098632097244,-0.2629925310611725,0.7724708914756775,0.0,-0.00028261663392186164,-0.00023359984159468383,-0.01,-0.010516216475516546,0.0004981127567589283,False,175,False,False,18.000000000000902,-0.028261663392186165,-0.0,0.0,0.0,0.0,0.0,0.0,-0.0,0.2830166377681319,0.0,-0.0,0.0,0.14122570225014408
0.000186885692528449,0.128014475107193,1.3043421506881714,-0.2341090440750122,0.7735341787338257,-0.009565417729318149,-0.05542182922363281,-0.13683807849884033,-0.2559019923210144,-0.1685231328010559,-0.08347910642623901,53.3325080871582,False,0.0,0.11883098632097244,-0.2629925310611725,0.7724708914756775,0.0,-0.00028920527547597884,-0.0004772889614105269,-0.01,-0.010766494236886507,0.0004690759815275669,False,176,False,False,18.100000000000847,-0.028920527547597885,-0.0,0.0,0.0,0.0,0.0,0.0,-0.0,0.28491109108041623,0.0,-0.0,0.0,0.14216634026473213
0.0001869582338258624,0.12616416811943054,1.2703585624694824,-0.23330333828926086,0.7735592722892761,-0.010985333751887084,-0.02901095151901245,-0.15299570560455322,-0.28344422578811646,-0.13573002815246582,0.2006664276123047,53.3325080871582,False,0.0,0.11883098632097244,-0.2629925310611725,0.7724708914756775,0.0,-0.00030753148719668387,-0.000944225788116454,-0.01,-0.011251757275313138,0.00048173312097787857,False,177,False,False,18.20000000000079,-0.03075314871966839,-0.0,0.0,0.0,0.0,0.0,0.0,-0.0,0.2858814770507365,0.0,-0.0,0.0,0.1426332070381716
0.00023699992743786424,0.12272374331951141,1.0545405149459839,-0.23593035340309143,0.7731521725654602,-0.007452974095940587,-0.051205992698669434,-0.15933996438980103,-0.2932673692703247,-0.17445045709609985,-0.09218418598175049,53.3325080871582,False,0.0,0.11883098632097244,-0.2629925310611725,0.7724708914756775,0.0,-0.0003611249476671219,-0.0011238610744476463,-0.01,-0.011484986022114767,0.00047795195132493973,False,178,False,False,18.300000000000736,-0.03611249476671219,-0.0,0.0,0.0,0.0,0.0,0.0,-0.0,0.28649874857682944,0.0,-0.0,0.0,0.1428882493407476
0.0001834989816416055,0.12541794776916504,1.1426013708114624,-0.23585058748722076,0.7730200290679932,-0.012626520469784738,-0.10516029596328735,-0.16211295127868652,-0.30211126804351807,-0.1435854434967041,0.11036360263824463,53.3325080871582,False,0.0,0.11883098632097244,-0.2629925310611725,0.7724708914756775,0.0,-0.0003730682283639908,-0.0013891226053237837,-0.01,-0.011762190833687774,0.0004846048541367054,False,179,False,False,18.40000000000068,-0.03730682283639908,-0.0,0.0,0.0,0.0,0.0,0.0,-0.0,0.28658636992232844,0.0,-0.0,0.0,0.14292011673280022
0.00028552391449920833,0.12073850631713867,0.968107283115387,-0.23624533414840698,0.7728593945503235,-0.008852041866630314,-0.08623170852661133,-0.12957197427749634,-0.20308423042297363,-0.15632140636444092,-0.16101813316345215,53.3325080871582,False,0.0,0.11883098632097244,-0.2629925310611725,0.7724708914756775,0.0,-0.00022476097568869592,-0.001136177778244013,-0.01,-0.011360938753932709,0.0004737451672554016,False,180,False,False,18.500000000000625,-0.02247609756886959,-0.0,0.0,0.0,0.0,0.0,0.0,-0.0,0.28718589197524536,0.0,-0.0,0.0,0.143368185011934
0.00021384330466389656,0.12140068411827087,1.1890220642089844,-0.23098352551460266,0.7735628485679626,-0.016502317711710936,-0.14749550819396973,-0.15348660945892334,-0.2892857789993286,-0.14015710353851318,0.0792309045791626,53.3325080871582,False,0.0,0.11883098632097244,-0.2629925310611725,0.7724708914756775,0.0,-0.00037160836160182953,-0.0012914174795150835,-0.01,-0.011663025841116913,0.0007317191921174526,False,181,False,False,18.60000000000057,-0.03716083616018295,-0.0,0.0,0.0,0.0,0.0,0.0,-0.0,0.2874778394885944,0.0,-0.0,0.0,0.14336731138269537
0.00019787510973401368,0.12229157984256744,1.2621867656707764,-0.22942520678043365,0.7733085751533508,-0.012748954668641094,-0.1661260724067688,-0.1116446852684021,-0.22395730018615723,-0.12622898817062378,-0.18503814935684204,53.3325080871582,False,0.0,0.11883098632097244,-0.2629925310611725,0.7724708914756775,0.0,-0.0002653826028108597,-0.0010447460412979226,-0.01,-0.011310128644108783,0.0005375612527132034,False,182,False,False,18.700000000000514,-0.026538260281085968,-0.0,0.0,0.0,0.0,0.0,0.0,-0.0,0.2882710610827913,0.0,-0.0,0.0,0.1438701479385848
0.00015864468878135085,0.1259152591228485,1.4693282842636108,-0.22751401364803314,0.7739879488945007,-0.014263212904334067,-0.15564918518066406,-0.12105810642242432,-0.2781860828399658,-0.09335547685623169,0.1612999439239502,53.3325080871582,False,0.0,0.11883098632097244,-0.2629925310611725,0.7724708914756775,0.0,-0.00031246118247509004,-0.0011869692802429221,-0.01,-0.011499430462718013,0.00048250099644064903,False,183,False,False,18.80000000000046,-0.031246118247509003,-0.0,0.0,0.0,0.0,0.0,0.0,-0.0,0.2887849181773531,0.0,-0.0,0.0,0.14407999790620146
0.0002789126883726567,0.1231103241443634,1.195778727531433,-0.23226813971996307,0.7733405232429504,-0.005771246757358318,-0.09465479850769043,-0.11614334583282471,-0.23977839946746826,-0.12066203355789185,-0.06401199102401733,53.3325080871582,False,0.0,0.11883098632097244,-0.2629925310611725,0.7724708914756775,0.0,-0.00023625453934073449,-0.00116369307041167,-0.01,-0.011399947609752405,0.0005005309358239174,False,184,False,False,18.900000000000404,-0.023625453934073448,-0.0,0.0,0.0,0.0,0.0,0.0,-0.0,0.2893510775935194,0.0,-0.0,0.0,0.14443928425741898
0.0001745741319609806,0.12446165084838867,1.2859416007995605,-0.23083804547786713,0.7732639908790588,-0.013298538476228722,-0.10609763860702515,-0.15172618627548218,-0.3059612512588501,-0.1255803108215332,0.1548994779586792,53.3325080871582,False,0.0,0.11883098632097244,-0.2629925310611725,0.7724708914756775,0.0,-0.000359150618314743,-0.0014875009655952454,-0.01,-0.01184665158390999,0.00047910725697875023,False,185,False,False,19.000000000000348,-0.035915061831474304,-0.0,0.0,0.0,0.0,0.0,0.0,-0.0,0.2892687512696017,0.0,-0.0,0.0,0.14427522501648612
0.00019995607726741582,0.12853948771953583,1.4402347803115845,-0.23025311529636383,0.7732300162315369,-0.013599280342459675,-0.08657056093215942,-0.14298635721206665,-0.28814035654067993,-0.1554490327835083,-0.09662061929702759,53.3325080871582,False,0.0,0.11883098632097244,-0.2629925310611725,0.7724708914756775,0.0,-0.0003378220647573471,-0.0015199866890907299,-0.01,-0.011857808753848077,0.0006391606293618679,False,186,False,False,19.100000000000293,-0.03378220647573471,-0.0,0.0,0.0,0.0,0.0,0.0,-0.0,0.2891199790011655,0.0,-0.0,0.0,0.1442221674358254
0.00020879725343547761,0.12430588901042938,1.3737983703613281,-0.22833149135112762,0.7735489010810852,-0.011443302948027853,-0.024075865745544434,-0.13382261991500854,-0.27500295639038086,-0.1089853048324585,0.2576329708099365,53.3325080871582,False,0.0,0.11883098632097244,-0.2629925310611725,0.7724708914756775,0.0,-0.0002649814076721668,-0.0015233439207077148,-0.01,-0.011788325328379881,0.0006260168738663197,False,187,False,False,19.200000000000237,-0.026498140767216682,-0.0,0.0,0.0,0.0,0.0,0.0,-0.0,0.2889629058509553,0.0,-0.0,0.0,0.14421647151780548
0.00021698158525396138,0.12914612889289856,1.4811304807662964,-0.2294536530971527,0.7730507850646973,-0.01246410045772791,-0.07396352291107178,-0.15093719959259033,-0.3301405906677246,-0.15902864933013916,-0.04964935779571533,53.3325080871582,False,0.0,0.11883098632097244,-0.2629925310611725,0.7724708914756775,0.0,-0.0004063389077782631,-0.0015928378701210166,-0.01,-0.01199917677789928,0.000478522852063179,False,188,False,False,19.300000000000182,-0.04063389077782631,-0.0,0.0,0.0,0.0,0.0,0.0,-0.0,0.2886638622723723,0.0,-0.0,0.0,0.14392559222840787
0.00020207605848554522,0.1252044290304184,1.345670461654663,-0.22964495420455933,0.7731199860572815,-0.009669975806027652,-0.018955588340759277,-0.12422049045562744,-0.26555144786834717,-0.10334783792495728,0.26516664028167725,53.3325080871582,False,0.0,0.11883098632097244,-0.2629925310611725,0.7724708914756775,0.0,-0.00024247096851468086,-0.001523807346820838,-0.01,-0.01176627831533552,0.0005258535966277122,False,189,False,False,19.400000000000126,-0.024247096851468086,-0.0,0.0,0.0,0.0,0.0,0.0,-0.0,0.2885012999982314,0.0,-0.0,0.0,0.144008179030601
0.00023873372992966324,0.12234465032815933,1.301330327987671,-0.22811079025268555,0.7731153964996338,-0.011775647215545174,-0.06880122423171997,-0.14162027835845947,-0.2958168387413025,-0.15349030494689941,-0.05967789888381958,53.3325080871582,False,0.0,0.11883098632097244,-0.2629925310611725,0.7724708914756775,0.0,-0.0003396419808268547,-0.001567339301109305,-0.01,-0.01190698128193616,0.00047049298882484436,False,190,False,False,19.50000000000007,-0.03396419808268547,-0.0,0.0,0.0,0.0,0.0,0.0,-0.0,0.28824902558012877,0.0,-0.0,0.0,0.14378487080923752
0.0001730913354549557,0.12312132120132446,1.2462196350097656,-0.23060080409049988,0.7731754183769226,-0.009612785317003734,-0.12969475984573364,-0.12138676643371582,-0.29276394844055176,-0.09235286712646484,0.1889880895614624,53.3325080871582,False,0.0,0.11883098632097244,-0.2629925310611725,0.7724708914756775,0.0,-0.00031448815017938615,-0.001583574414253247,-0.01,-0.011898062564432633,0.0007593808695673943,False,191,False,False,19.600000000000016,-0.031448815017938614,-0.0,0.0,0.0,0.0,0.0,0.0,-0.0,0.2879615579323598,0.0,-0.0,0.0,0.1436662908160005
0.00022269028704613447,0.12391884624958038,1.3127856254577637,-0.22934579849243164,0.7731198668479919,-0.012757607214152816,-0.13853228092193604,-0.10113149881362915,-0.19231468439102173,-0.11783504486083984,-0.14730548858642578,53.3325080871582,False,0.0,0.11883098632097244,-0.2629925310611725,0.7724708914756775,0.0,-0.00020072203129529954,-0.0015151914954185386,-0.01,-0.011715913526713839,0.0004748827777802944,False,192,False,False,19.69999999999996,-0.020072203129529953,-0.0,0.0,0.0,0.0,0.0,0.0,-0.0,0.28780927568390946,0.0,-0.0,0.0,0.14370391581065944
0.00020917487563565373,0.1203235387802124,1.159757137298584,-0.23032733798027039,0.7731058597564697,-0.009284652210772034,-0.12626945972442627,-0.10894167423248291,-0.25644952058792114,-0.08682060241699219,0.16816413402557373,53.3325080871582,False,0.0,0.11883098632097244,-0.2629925310611725,0.7724708914756775,0.0,-0.0002527910843491554,-0.0016692391037941012,-0.01,-0.011922030188143256,0.0005351766012609005,False,193,False,False,19.799999999999905,-0.025279108434915543,-0.0,0.0,0.0,0.0,0.0,0.0,-0.0,0.2873442277267728,0.0,-0.0,0.0,0.14341932277903724
0.00017841006047092378,0.12819159030914307,1.468127727508545,-0.228730708360672,0.7728922963142395,-0.016050257347524167,-0.16702234745025635,-0.10577976703643799,-0.22153687477111816,-0.12560278177261353,-0.1839960217475891,53.3325080871582,False,0.0,0.11883098632097244,-0.2629925310611725,0.7724708914756775,0.0,-0.0002598511800169945,-0.0018342033028602711,-0.01,-0.012094054482877266,0.00047799665480852127,False,194,False,False,19.89999999999985,-0.025985118001699448,-0.0,0.0,0.0,0.0,0.0,0.0,-0.0,0.2865412734520123,0.0,-0.0,0.0,0.14301078554598914
0.00017101556295529008,0.12400753796100616,1.389704942703247,-0.2271077185869217,0.7731006741523743,-0.01505609480664134,-0.046995580196380615,-0.09690707921981812,-0.23565387725830078,-0.09289944171905518,0.21269428730010986,53.3325080871582,False,0.0,0.11883098632097244,-0.2629925310611725,0.7724708914756775,0.0,-0.00018940655514597892,-0.006538248360157012,-0.01,-0.01672765491530299,0.00048761768266558647,False,195,False,False,19.999999999999794,-0.018940655514597893,-0.0,0.0,0.0,0.0,0.0,0.0,-0.0,0.27622706372891603,0.0,-0.0,0.0,0.13792412530931203
0.00013413398119155318,0.1291559785604477,1.608641266822815,-0.226036936044693,0.7734495401382446,-0.015084853898733853,0.024062156677246094,-0.07788705825805664,-0.10631048679351807,-0.10630273818969727,0.05337119102478027,53.3325080871582,False,0.0,0.11883098632097244,-0.2629925310611725,0.7724708914756775,0.0,-7.311893627047539e-05,-0.0030634704232215815,-0.01,-0.013136589359492057,0.0006100330501794815,False,196,False,False,20.09999999999974,-0.007311893627047539,-0.0,0.0,0.0,0.0,0.0,0.0,-0.0,0.27282838782566643,0.0,-0.0,0.0,0.13634107497656273
0.0001388601231155917,0.1291833221912384,1.560300350189209,-0.22728055715560913,0.7732155919075012,-0.00897016569972038,0.13308477401733398,-0.15885686874389648,-0.34307122230529785,-0.21548813581466675,0.1323990821838379,53.3325080871582,False,0.0,0.11883098632097244,-0.2629925310611725,0.7724708914756775,0.0,-0.0005177001655101777,0.0006140327453613148,-0.01,-0.009903667420148863,0.0004772399552166462,False,197,False,False,20.199999999999683,-0.05177001655101776,-0.0,0.0,0.0,0.0,0.0,0.0,-0.0,0.2768246741777437,0.0,-0.0,0.0,0.13789463692336168
0.00016292970394715667,0.12814892828464508,1.4845582246780396,-0.22814631462097168,0.7728434801101685,-0.010123932063579553,0.07131099700927734,-0.18913793563842773,-0.39991116523742676,-0.2226143479347229,0.12257921695709229,53.3325080871582,False,0.0,0.11883098632097244,-0.2629925310611725,0.7724708914756775,0.0,-0.0006258612871170045,-0.0008796000480651989,-0.01,-0.011505461335182203,0.000500562135130167,False,198,False,False,20.299999999999628,-0.06258612871170044,-0.0,0.0,0.0,0.0,0.0,0.0,-0.0,0.27784394731208983,0.0,-0.0,0.0,0.13829611236892791
0.00016182701801881194,0.1297626793384552,1.6608483791351318,-0.22469022870063782,0.7730623483657837,-0.014855628646910198,0.084755539894104,-0.14098066091537476,-0.29828858375549316,-0.1909881830215454,0.08704185485839844,53.3325080871582,False,0.0,0.11883098632097244,-0.2629925310611725,0.7724708914756775,0.0,-0.0003812790289521217,-0.0014615052938461437,-0.01,-0.011842784322798266,0.0004905690439045429,False,199,False,False,20.399999999999572,-0.03812790289521217,-0.0,0.0,0.0,0.0,0.0,0.0,-0.0,0.2776978790574671,0.0,-0.0,0.0,0.13846766049978143
0.00015028555935714394,0.13109174370765686,1.5824106931686401,-0.2281794250011444,0.772869348526001,-0.008975167721509941,0.09687650203704834,-0.12027925252914429,-0.27814340591430664,-0.16484284400939941,0.13723325729370117,53.3325080871582,False,0.0,0.11883098632097244,-0.2629925310611725,0.7724708914756775,0.0,-0.00032097265124320985,-0.0013781630992889538,-0.01,-0.011699135750532164,0.0004764581099152565,False,200,False,False,20.499999999999517,-0.032097265124320984,-0.0,0.0,0.0,0.0,0.0,0.0,-0.0,0.27771874088817405,0.0,-0.0,0.0,0.13853839779284383
0.00019093348237220198,0.1274649202823639,1.4883123636245728,-0.2272941917181015,0.7727879881858826,-0.010597833618521693,0.09917283058166504,-0.12100028991699219,-0.23999887704849243,-0.16410470008850098,0.10315203666687012,53.3325080871582,False,0.0,0.11883098632097244,-0.2629925310611725,0.7724708914756775,0.0,-0.00027251534163951873,-0.0013358992338180498,-0.01,-0.011608414575457568,0.000775936059653759,False,201,False,False,20.59999999999946,-0.027251534163951874,-0.0,0.0,0.0,0.0,0.0,0.0,-0.0,0.2778252264080018,0.0,-0.0,0.0,0.13864009786236137
0.00016937038162723184,0.12919826805591583,1.57523775100708,-0.22647687792778015,0.7728450894355774,-0.012571060061454777,0.05249321460723877,-0.11829358339309692,-0.2586965560913086,-0.16875100135803223,0.05583846569061279,53.3325080871582,False,0.0,0.11883098632097244,-0.2629925310611725,0.7724708914756775,0.0,-0.00028037428855896,-0.0013496789336204518,-0.01,-0.011630053222179412,0.00048321112990379333,False,202,False,False,20.699999999999406,-0.028037428855895996,-0.0,0.0,0.0,0.0,0.0,0.0,-0.0,0.2779049375963366,0.0,-0.0,0.0,0.13867209450960935
0.0001638998364796862,0.12581001222133636,1.5369387865066528,-0.224127858877182,0.7727353572845459,-0.011787235271185645,0.05635106563568115,-0.09773021936416626,-0.21048200130462646,-0.14573657512664795,0.07267451286315918,53.3325080871582,False,0.0,0.11883098632097244,-0.2629925310611725,0.7724708914756775,0.0,-0.00019567115232348444,-0.001277260780334466,-0.01,-0.011472931932657951,0.0004801708273589611,False,203,False,False,20.79999999999935,-0.019567115232348442,-0.0,0.0,0.0,0.0,0.0,0.0,-0.0,0.2781316212080247,0.0,-0.0,0.0,0.13887013945168886
0.00018939316214527935,0.1260947436094284,1.4771250486373901,-0.22632478177547455,0.7728531360626221,-0.009421188794076444,0.002125382423400879,-0.09385567903518677,-0.2399752140045166,-0.14292538166046143,0.04393625259399414,53.3325080871582,False,0.0,0.11883098632097244,-0.2629925310611725,0.7724708914756775,0.0,-0.00021707292646169662,-0.0012503951787948553,-0.01,-0.011467468105256551,0.0004791109822690487,False,204,False,False,20.899999999999295,-0.021707292646169662,-0.0,0.0,0.0,0.0,0.0,0.0,-0.0,0.278415050554883,0.0,-0.0,0.0,0.13899045235097982
0.00015907746274024248,0.12974558770656586,1.673154354095459,-0.2240595817565918,0.7728179693222046,-0.01404313255101443,-0.011090874671936035,-0.08951330184936523,-0.2033783197402954,-0.13714540004730225,0.004041552543640137,53.3325080871582,False,0.0,0.11883098632097244,-0.2629925310611725,0.7724708914756775,0.0,-0.00017076808959245681,-0.0010063362121582042,-0.01,-0.011177104301750661,0.0004770723171532154,False,205,False,False,20.99999999999924,-0.017076808959245682,-0.0,0.0,0.0,0.0,0.0,0.0,-0.0,0.27919433212727485,0.0,-0.0,0.0,0.13942639797404496
0.0001372090628137812,0.1325070708990097,1.760477066040039,-0.22430038452148438,0.7729169726371765,-0.011584339886903766,0.048952460289001465,-0.08840149641036987,-0.2064681053161621,-0.13508343696594238,0.10103023052215576,53.3325080871582,False,0.0,0.11883098632097244,-0.2629925310611725,0.7724708914756775,0.0,-0.00017771944403648378,-0.0008586099743843056,-0.01,-0.01103632941842079,0.00048451218754053116,False,206,False,False,21.099999999999184,-0.017771944403648376,-0.0,0.0,0.0,0.0,0.0,0.0,-0.0,0.2802799203146764,0.0,-0.0,0.0,0.1399622407133017
0.0001827215019147843,0.1297309845685959,1.5975115299224854,-0.2261182814836502,0.7726219892501831,-0.008541761841624975,0.10558605194091797,-0.11795240640640259,-0.26018857955932617,-0.15129566192626953,0.16195595264434814,53.3325080871582,False,0.0,0.11883098632097244,-0.2629925310611725,0.7724708914756775,0.0,-0.00028912415727972985,-0.001106474697589871,-0.01,-0.0113955988548696,0.0004724808968603611,False,207,False,False,21.19999999999913,-0.028912415727972984,-0.0,0.0,0.0,0.0,0.0,0.0,-0.0,0.2808757153272189,0.0,-0.0,0.0,0.14014873350632973
0.00014456377539318055,0.13228505849838257,1.7505980730056763,-0.2243262231349945,0.7728684544563293,-0.013725423365831381,0.08008432388305664,-0.13690340518951416,-0.30074286460876465,-0.1741398572921753,0.11017775535583496,53.3325080871582,False,0.0,0.11883098632097244,-0.2629925310611725,0.7724708914756775,0.0,-0.00036481752991676333,-0.001339203715324394,-0.01,-0.011704021245241157,0.0004764581099152565,False,208,False,False,21.299999999999073,-0.03648175299167633,-0.0,0.0,0.0,0.0,0.0,0.0,-0.0,0.28100738901018063,0.0,-0.0,0.0,0.14013887697517355
0.00017152214422821999,0.1293228417634964,1.617091178894043,-0.22515565156936646,0.7726548910140991,-0.009485494121909147,0.10360407829284668,-0.12452107667922974,-0.27977490425109863,-0.15106791257858276,0.1549896001815796,53.3325080871582,False,0.0,0.11883098632097244,-0.2629925310611725,0.7724708914756775,0.0,-0.00031833700835704804,-0.001342723965644832,-0.01,-0.01166106097400188,0.0004885331727564335,False,209,False,False,21.399999999999018,-0.0318337008357048,-0.0,0.0,0.0,0.0,0.0,0.0,-0.0,0.28113323815494873,0.0,-0.0,0.0,0.14024828206911732
0.00014969475159887224,0.1308193802833557,1.7640150785446167,-0.22224465012550354,0.7726550698280334,-0.014177465736865994,0.07058858871459961,-0.1319538950920105,-0.30264097452163696,-0.16601598262786865,0.10235333442687988,53.3325080871582,False,0.0,0.11883098632097244,-0.2629925310611725,0.7724708914756775,0.0,-0.0003538686037063599,-0.0013362428545951877,-0.01,-0.011690111458301547,0.0004732753150165081,False,210,False,False,21.499999999998963,-0.035386860370635986,-0.0,0.0,0.0,0.0,0.0,0.0,-0.0,0.28127354272701455,0.0,-0.0,0.0,0.1402829027598009
0.00013957750343251973,0.13325580954551697,1.7872549295425415,-0.22380554676055908,0.7724767327308655,-0.010838143639266487,0.08035898208618164,-0.10889112949371338,-0.27333688735961914,-0.1425086259841919,0.14428794384002686,53.3325080871582,False,0.0,0.11883098632097244,-0.2629925310611725,0.7724708914756775,0.0,-0.0002833415195345879,-0.0013177958130836387,-0.01,-0.011601137332618227,0.0006677331402897835,False,211,False,False,21.599999999998907,-0.028334151953458786,-0.0,0.0,0.0,0.0,0.0,0.0,-0.0,0.28145244563547234,0.0,-0.0,0.0,0.1404428812982016
0.00014172546798363328,0.13304577767848969,1.7871233224868774,-0.22390523552894592,0.7727825045585632,-0.011024754568934437,0.10315358638763428,-0.10895967483520508,-0.24738216400146484,-0.1406947374343872,0.15818500518798828,53.3325080871582,False,0.0,0.11883098632097244,-0.2629925310611725,0.7724708914756775,0.0,-0.00025876455008983613,-0.0013075083494186457,-0.01,-0.011566272899508482,0.00047886697575449944,False,212,False,False,21.69999999999885,-0.025876455008983612,-0.0,0.0,0.0,0.0,0.0,0.0,-0.0,0.2816539662295159,0.0,-0.0,0.0,0.1405682185646681
0.00014029190060682595,0.1336056888103485,1.9000248908996582,-0.22120696306228638,0.7729113698005676,-0.013543181084096427,0.09973633289337158,-0.12103652954101562,-0.27149927616119385,-0.1445419192314148,0.15281391143798828,53.3325080871582,False,0.0,0.11883098632097244,-0.2629925310611725,0.7724708914756775,0.0,-0.0002980035170912743,-0.0013308507204055908,-0.01,-0.011628854237496865,0.0004804716445505619,False,213,False,False,21.799999999998796,-0.029800351709127426,-0.0,0.0,0.0,0.0,0.0,0.0,-0.0,0.28181038716476614,0.0,-0.0,0.0,0.1406071900652918
0.00012787594459950924,0.1352633833885193,1.8913395404815674,-0.22330111265182495,0.7730872631072998,-0.010190865062177177,0.10640227794647217,-0.11248362064361572,-0.2758530378341675,-0.1332690715789795,0.19015884399414062,53.3325080871582,False,0.0,0.11883098632097244,-0.2629925310611725,0.7724708914756775,0.0,-0.0002945738658308983,-0.001338713765144356,-0.01,-0.011633287630975254,0.0004631802439689636,False,214,False,False,21.89999999999874,-0.02945738658308983,-0.0,0.0,0.0,0.0,0.0,0.0,-0.0,0.28195245717157447,0.0,-0.0,0.0,0.14068165471995633
0.0001583300472702831,0.13288238644599915,1.7926948070526123,-0.22385334968566895,0.7730611562728882,-0.009885783176869153,0.11703157424926758,-0.11893296241760254,-0.26048964262008667,-0.13124382495880127,0.18213236331939697,53.3325080871582,False,0.0,0.11883098632097244,-0.2629925310611725,0.7724708914756775,0.0,-0.0002823030762374401,-0.0013439974188804715,-0.01,-0.011626300495117911,0.0004929900169372559,False,215,False,False,21.999999999998685,-0.02823030762374401,-0.0,0.0,0.0,0.0,0.0,0.0,-0.0,0.282085315209454,0.0,-0.0,0.0,0.14076035452848956
0.00013615793432109058,0.13144898414611816,1.8328698873519897,-0.2211766093969345,0.7730230689048767,-0.012840724643319852,0.09078586101531982,-0.12473666667938232,-0.2783361077308655,-0.14302873611450195,0.14464640617370605,53.3325080871582,False,0.0,0.11883098632097244,-0.2629925310611725,0.7724708914756775,0.0,-0.00030432378873229026,-0.001364311575889593,-0.01,-0.011668635364621883,0.0004805801436305046,False,216,False,False,22.09999999999863,-0.030432378873229027,-0.0,0.0,0.0,0.0,0.0,0.0,-0.0,0.2821784497558897,0.0,-0.0,0.0,0.14078490108921254
0.00016517596668563783,0.13363096117973328,1.882659673690796,-0.22198320925235748,0.7731413841247559,-0.011346430312842127,0.07065355777740479,-0.10570472478866577,-0.2678499221801758,-0.13353371620178223,0.15303826332092285,53.3325080871582,False,0.0,0.11883098632097244,-0.2629925310611725,0.7724708914756775,0.0,-0.00026435060426592826,-0.0013515889644622747,-0.01,-0.011615939568728204,0.00048206886276602745,False,217,False,False,22.199999999998575,-0.026435060426592827,-0.0,0.0,0.0,0.0,0.0,0.0,-0.0,0.2822982850151893,0.0,-0.0,0.0,0.1408847919033287
0.00014425230619963259,0.13403697311878204,1.8720500469207764,-0.22259533405303955,0.7730292081832886,-0.010774126630276442,0.08688139915466309,-0.09739619493484497,-0.22917133569717407,-0.12258124351501465,0.16581130027770996,53.3325080871582,False,0.0,0.11883098632097244,-0.2629925310611725,0.7724708914756775,0.0,-0.00021145014092326166,-0.0013222411274909918,-0.01,-0.011533691268414253,0.00048044323921203613,False,218,False,False,22.29999999999852,-0.021145014092326164,-0.0,0.0,0.0,0.0,0.0,0.0,-0.0,0.2824785553071625,0.0,-0.0,0.0,0.14102782751265797
0.0001564545527799055,0.1325923204421997,1.8397324085235596,-0.2219385951757431,0.772847592830658,-0.011127276383340365,0.09592962265014648,-0.10602420568466187,-0.2421858310699463,-0.1305840015411377,0.1696326732635498,53.3325080871582,False,0.0,0.11883098632097244,-0.2629925310611725,0.7724708914756775,0.0,-0.00024037446826696395,-0.0013286894559860207,-0.01,-0.011569063924252984,0.00046618469059467316,False,219,False,False,22.399999999998464,-0.024037446826696396,-0.0,0.0,0.0,0.0,0.0,0.0,-0.0,0.2826476826240423,0.0,-0.0,0.0,0.14108346684375417
0.00015609261754434556,0.13246193528175354,1.8148266077041626,-0.22269289195537567,0.7729851007461548,-0.010572582408785827,0.08722960948944092,-0.11141765117645264,-0.2700786590576172,-0.14046835899353027,0.16358470916748047,53.3325080871582,False,0.0,0.11883098632097244,-0.2629925310611725,0.7724708914756775,0.0,-0.00028174184262752533,-0.001349981427192698,-0.01,-0.011631723269820224,0.0004888162948191166,False,220,False,False,22.49999999999841,-0.028174184262752533,-0.0,0.0,0.0,0.0,0.0,0.0,-0.0,0.2827754624017499,0.0,-0.0,0.0,0.14110598935824742
0.00016767480701673776,0.1303817629814148,1.7413215637207031,-0.22273311018943787,0.7729003429412842,-0.010420202296227218,0.08014822006225586,-0.11304610967636108,-0.2657824754714966,-0.13924628496170044,0.14623665809631348,53.3325080871582,False,0.0,0.11883098632097244,-0.2629925310611725,0.7724708914756775,0.0,-0.00027308253571391107,-0.001355960667133338,-0.01,-0.01162904320284725,0.0006375531665980816,False,221,False,False,22.599999999998353,-0.027308253571391106,-0.0,0.0,0.0,0.0,0.0,0.0,-0.0,0.28289249678529094,0.0,-0.0,0.0,0.14117316585693157
0.0002063353022094816,0.1273922622203827,1.6241284608840942,-0.2234409600496292,0.77308189868927,-0.009585181474685664,0.04815483093261719,-0.11048698425292969,-0.2690098285675049,-0.14109909534454346,0.10924267768859863,53.3325080871582,False,0.0,0.11883098632097244,-0.2629925310611725,0.7724708914756775,0.0,-0.00026700377464294433,-0.0013569882512092513,-0.01,-0.011623992025852195,0.0004848632961511612,False,222,False,False,22.699999999998298,-0.026700377464294434,-0.0,0.0,0.0,0.0,0.0,0.0,-0.0,0.2830085977063098,0.0,-0.0,0.0,0.14123729507851196
0.000145479483762756,0.13064944744110107,1.817399024963379,-0.22068652510643005,0.7728683948516846,-0.014525670967996125,-0.019570112228393555,-0.10210955142974854,-0.25257396697998047,-0.13014042377471924,0.030065298080444336,53.3325080871582,False,0.0,0.11883098632097244,-0.2629925310611725,0.7724708914756775,0.0,-0.00022884871810674668,-0.0013462096452712957,-0.01,-0.011575058363378042,0.000489105936139822,False,223,False,False,22.799999999998242,-0.022884871810674667,-0.0,0.0,0.0,0.0,0.0,0.0,-0.0,0.28314769931820516,0.0,-0.0,0.0,0.14134500094099584
0.0001549355365568772,0.13205991685390472,1.8357880115509033,-0.22161458432674408,0.7729376554489136,-0.0107485887594521,0.0019637346267700195,-0.0626797080039978,-0.17546451091766357,-0.09607625007629395,0.0971670150756836,53.3325080871582,False,0.0,0.11883098632097244,-0.2629925310611725,0.7724708914756775,0.0,-0.00010987760499119759,-0.0012759470939636142,-0.01,-0.011385824698954812,0.0004799668677151203,False,224,False,False,22.899999999998187,-0.010987760499119759,-0.0,0.0,0.0,0.0,0.0,0.0,-0.0,0.28343006461270903,0.0,-0.0,0.0,0.1416051547013633
0.00013612651673611253,0.13296332955360413,1.9830299615859985,-0.21812857687473297,0.7729654908180237,-0.014045250825583938,0.03921663761138916,-0.08034443855285645,-0.20012545585632324,-0.11341553926467896,0.12263011932373047,53.3325080871582,False,0.0,0.11883098632097244,-0.2629925310611725,0.7724708914756775,0.0,-0.00015226613730192183,-0.001267563700675961,-0.01,-0.011419829837977883,0.00046687666326761246,False,225,False,False,22.99999999999813,-0.015226613730192184,-0.0,0.0,0.0,0.0,0.0,0.0,-0.0,0.28373231724976156,0.0,-0.0,0.0,0.14171389248757885
0.00013876627781428397,0.13719844818115234,1.9769675731658936,-0.22257572412490845,0.77299565076828,-0.009227324761450292,0.08025467395782471,-0.09768480062484741,-0.2740463614463806,-0.12433379888534546,0.19903647899627686,53.3325080871582,False,0.0,0.11883098632097244,-0.2629925310611725,0.7724708914756775,0.0,-0.0002663585916161537,-0.0013136556744575423,-0.01,-0.011580014266073696,0.0004717228002846241,False,226,False,False,23.099999999998076,-0.02663585916161537,-0.0,0.0,0.0,0.0,0.0,0.0,-0.0,0.2839444428120049,0.0,-0.0,0.0,0.1417058628143863
0.0001245330204255879,0.13527187705039978,2.003180742263794,-0.2200440764427185,0.7731769680976868,-0.012483684308826924,0.12723243236541748,-0.12242347002029419,-0.2700612545013428,-0.12861263751983643,0.19959735870361328,53.3325080871582,False,0.0,0.11883098632097244,-0.2629925310611725,0.7724708914756775,0.0,-0.00030162472277879716,-0.0013668799400329557,-0.01,-0.011668504662811753,0.00045700790360569954,False,227,False,False,23.19999999999802,-0.030162472277879715,-0.0,0.0,0.0,0.0,0.0,0.0,-0.0,0.2840511626618608,0.0,-0.0,0.0,0.1417239566081516
0.0001286823971895501,0.13566270470619202,1.979529619216919,-0.22084110975265503,0.7728736400604248,-0.010796435102820393,0.10803496837615967,-0.12521976232528687,-0.3084324598312378,-0.12919962406158447,0.20170223712921143,53.3325080871582,False,0.0,0.11883098632097244,-0.2629925310611725,0.7724708914756775,0.0,-0.00034793667495250705,-0.0014058282971382285,-0.01,-0.011753764972090736,0.00047025689855217934,False,228,False,False,23.299999999997965,-0.0347936674952507,-0.0,0.0,0.0,0.0,0.0,0.0,-0.0,0.2840803148034031,0.0,-0.0,0.0,0.14169222072674906
0.00013605553249362856,0.13286757469177246,1.8750734329223633,-0.22125250101089478,0.7729464769363403,-0.009928072243928917,0.1119307279586792,-0.1178901195526123,-0.286149799823761,-0.1282464861869812,0.19720816612243652,53.3325080871582,False,0.0,0.11883098632097244,-0.2629925310611725,0.7724708914756775,0.0,-0.00031188860535621645,-0.0013943198323249917,-0.01,-0.011706208437681208,0.0004628072492778301,False,229,False,False,23.39999999999791,-0.031188860535621643,-0.0,0.0,0.0,0.0,0.0,0.0,-0.0,0.2841330360657687,0.0,-0.0,0.0,0.14175462942752812
0.00014856256893835962,0.13170838356018066,1.8901033401489258,-0.2194349318742752,0.7727389931678772,-0.012262433208525188,0.07741141319274902,-0.11894989013671875,-0.2943582534790039,-0.13715803623199463,0.15217971801757812,53.3325080871582,False,0.0,0.11883098632097244,-0.2629925310611725,0.7724708914756775,0.0,-0.000314001776278019,-0.0013875907659530728,-0.01,-0.011701592542231092,0.00045568356290459633,False,230,False,False,23.499999999997854,-0.031400177627801895,-0.0,0.0,0.0,0.0,0.0,0.0,-0.0,0.28419979043665067,0.0,-0.0,0.0,0.1417858934420473
0.00014996962272562087,0.13175836205482483,1.8690781593322754,-0.21997231245040894,0.7725956439971924,-0.01073777735233307,0.044051170349121094,-0.09334146976470947,-0.25906693935394287,-0.12094002962112427,0.1451946496963501,53.3325080871582,False,0.0,0.11883098632097244,-0.2629925310611725,0.7724708914756775,0.0,-0.0002309882640838623,-0.0013629052042961054,-0.01,-0.011593893468379968,0.00077827088534832,False,231,False,False,23.5999999999978,-0.02309882640838623,-0.0,0.0,0.0,0.0,0.0,0.0,-0.0,0.2843171808016465,0.0,-0.0,0.0,0.14192760213673938
0.0001702128938632086,0.13166335225105286,1.874969720840454,-0.21977482736110687,0.7726699113845825,-0.011185299102216958,0.02614307403564453,-0.07778173685073853,-0.21688807010650635,-0.11033302545547485,0.12536096572875977,53.3325080871582,False,0.0,0.11883098632097244,-0.2629925310611725,0.7724708914756775,0.0,-0.00016486817970871927,-0.0013249593973159723,-0.01,-0.011489827577024691,0.0007274923846125603,False,232,False,False,23.699999999997743,-0.016486817970871925,-0.0,0.0,0.0,0.0,0.0,0.0,-0.0,0.2845123774791888,0.0,-0.0,0.0,0.14209132055988566
0.0001672180078458041,0.130129873752594,1.7795307636260986,-0.22116108238697052,0.7727264761924744,-0.009403104279190297,0.017733216285705566,-0.07392370700836182,-0.20868319272994995,-0.106545090675354,0.12044191360473633,53.3325080871582,False,0.0,0.11883098632097244,-0.2629925310611725,0.7724708914756775,0.0,-0.0001516992785036564,-0.0013084098696708735,-0.01,-0.01146010914817453,0.00047158217057585716,False,233,False,False,23.799999999997688,-0.015169927850365639,-0.0,0.0,0.0,0.0,0.0,0.0,-0.0,0.2847429251442546,0.0,-0.0,0.0,0.14221976329362362
0.00019054410222452134,0.13279657065868378,1.8457082509994507,-0.2218499630689621,0.7727339863777161,-0.011475753355771312,-0.0030602216720581055,-0.08368194103240967,-0.2234387993812561,-0.11614370346069336,0.07872915267944336,53.3325080871582,False,0.0,0.11883098632097244,-0.2629925310611725,0.7724708914756775,0.0,-0.00017606573179364206,-0.0013133394718170266,-0.01,-0.01148940520361067,0.00047364411875605583,False,234,False,False,23.899999999997632,-0.017606573179364204,-0.0,0.0,0.0,0.0,0.0,0.0,-0.0,0.28496593537796233,0.0,-0.0,0.0,0.14230690195718754
0.0001736952835926786,0.13099782168865204,1.8257555961608887,-0.2207876592874527,0.7728718519210815,-0.011262572221457962,0.04029130935668945,-0.08485114574432373,-0.2081533670425415,-0.11746978759765625,0.11574423313140869,53.3325080871582,False,0.0,0.11883098632097244,-0.2629925310611725,0.7724708914756775,0.0,-0.00016487520188093185,-0.0013024461269378618,-0.01,-0.011467321328818794,0.00047667697072029114,False,235,False,False,23.999999999997577,-0.016487520188093185,-0.0,0.0,0.0,0.0,0.0,0.0,-0.0,0.2852131920809099,0.0,-0.0,0.0,0.142441720838574
0.00017566699534654617,0.1311587691307068,1.850077748298645,-0.21987877786159515,0.7725316882133484,-0.0119472611322999,0.034838318824768066,-0.10816341638565063,-0.2805153727531433,-0.13542240858078003,0.11534786224365234,53.3325080871582,False,0.0,0.11883098632097244,-0.2629925310611725,0.7724708914756775,0.0,-0.00027485284954309464,-0.001345401406288138,-0.01,-0.011620254255831233,0.0004640440456569195,False,236,False,False,24.09999999999752,-0.027485284954309464,-0.0,0.0,0.0,0.0,0.0,0.0,-0.0,0.285376190708841,0.0,-0.0,0.0,0.1424132425048774
0.0001337685389444232,0.1346779763698578,2.0604090690612793,-0.21731919050216675,0.7727628350257874,-0.014427034892141819,0.04370236396789551,-0.10561585426330566,-0.2878360152244568,-0.13705825805664062,0.13408541679382324,53.3325080871582,False,0.0,0.11883098632097244,-0.2629925310611725,0.7724708914756775,0.0,-0.0002867478504776955,-0.001361941993236554,-0.01,-0.01164868984371425,0.0004619341343641281,False,237,False,False,24.199999999997466,-0.028674785047769547,-0.0,0.0,0.0,0.0,0.0,0.0,-0.0,0.28550733661326766,0.0,-0.0,0.0,0.14246692045615614
0.00017833641322795302,0.1331576108932495,1.963139295578003,-0.2187783122062683,0.772824227809906,-0.009529634714126585,0.09047698974609375,-0.1000446081161499,-0.28538304567337036,-0.11976373195648193,0.20996713638305664,53.3325080871582,False,0.0,0.11883098632097244,-0.2629925310611725,0.7724708914756775,0.0,-0.00028495460748672485,-0.0013630995154380876,-0.01,-0.011648054122924812,0.000461529940366745,False,238,False,False,24.29999999999741,-0.028495460748672485,-0.0,0.0,0.0,0.0,0.0,0.0,-0.0,0.2856374732677992,0.0,-0.0,0.0,0.14253378202641287
0.00016260425036307424,0.12989872694015503,1.914749264717102,-0.2172844111919403,0.7731375098228455,-0.011331575736403466,0.07492029666900635,-0.11518871784210205,-0.31025218963623047,-0.13474392890930176,0.17346608638763428,53.3325080871582,False,0.0,0.11883098632097244,-0.2629925310611725,0.7724708914756775,0.0,-0.00033323459327220915,-0.0013926941156387207,-0.01,-0.01172592870891093,0.00047840969637036324,False,239,False,False,24.399999999997355,-0.03332345932722092,-0.0,0.0,0.0,0.0,0.0,0.0,-0.0,0.28570923835856565,0.0,-0.0,0.0,0.14252138458601063
0.00022499804617837071,0.12950748205184937,1.7464516162872314,-0.22163471579551697,0.7728301286697388,-0.007663992047309883,0.013455390930175781,-0.11037874221801758,-0.32442140579223633,-0.12405091524124146,0.1275620460510254,53.3325080871582,False,0.0,0.11883098632097244,-0.2629925310611725,0.7724708914756775,0.0,-0.000332506000995636,-0.0014010778069496188,-0.01,-0.011733583807945255,0.0004576602950692177,False,240,False,False,24.4999999999973,-0.0332506000995636,-0.0,0.0,0.0,0.0,0.0,0.0,-0.0,0.28576470329621806,0.0,-0.0,0.0,0.1425498456471134
0.00016302683798130602,0.13187947869300842,1.8776414394378662,-0.2201889157295227,0.7729480266571045,-0.013129214141517883,-0.021780848503112793,-0.09193974733352661,-0.24172639846801758,-0.11633718013763428,0.0453108549118042,53.3325080871582,False,0.0,0.11883098632097244,-0.2629925310611725,0.7724708914756775,0.0,-0.00020223328843712806,-0.0013522896170616028,-0.01,-0.011554522905498731,0.0007086526602506638,False,241,False,False,24.599999999997245,-0.020223328843712807,-0.0,0.0,0.0,0.0,0.0,0.0,-0.0,0.2859193317606641,0.0,-0.0,0.0,0.1427574325918949
0.00017208796634804457,0.1312572956085205,1.9140121936798096,-0.21833553910255432,0.7728079557418823,-0.012239895379170777,-0.008361279964447021,-0.06967294216156006,-0.19089865684509277,-0.09371829032897949,0.08486199378967285,53.3325080871582,False,0.0,0.11883098632097244,-0.2629925310611725,0.7724708914756775,0.0,-0.00012537411414086818,-0.0013048821687698386,-0.01,-0.011430256282910707,0.0004654242657124996,False,242,False,False,24.69999999999719,-0.012537411414086819,-0.0,0.0,0.0,0.0,0.0,0.0,-0.0,0.2861712636443534,0.0,-0.0,0.0,0.14296025770803583
0.0001293158857151866,0.1329144388437271,2.0479886531829834,-0.21632076799869537,0.7731553316116333,-0.013176214732229716,-0.0073424577713012695,-0.07377374172210693,-0.2236267328262329,-0.10014241933822632,0.1074836254119873,53.3325080871582,False,0.0,0.11883098632097244,-0.2629925310611725,0.7724708914756775,0.0,-0.00016383472830057145,-0.0013042241334915161,-0.01,-0.011468058861792087,0.00045572640374302864,False,243,False,False,24.799999999997134,-0.016383472830057144,-0.0,0.0,0.0,0.0,0.0,0.0,-0.0,0.28642709422541934,0.0,-0.0,0.0,0.1430497123844091
0.0001871697895694524,0.12834584712982178,1.8135823011398315,-0.21857300400733948,0.7729439735412598,-0.0077429442107677495,0.026450514793395996,-0.08099234104156494,-0.25164222717285156,-0.09880650043487549,0.16369318962097168,53.3325080871582,False,0.0,0.11883098632097244,-0.2629925310611725,0.7724708914756775,0.0,-0.00020086482167243957,-0.00131494462490081,-0.01,-0.011515809446573249,0.0004548868164420128,False,244,False,False,24.89999999999708,-0.020086482167243958,-0.0,0.0,0.0,0.0,0.0,0.0,-0.0,0.2866638836852151,0.0,-0.0,0.0,0.1431310770209351
0.00013683291035704315,0.13504338264465332,1.9557349681854248,-0.22076980769634247,0.7727078199386597,-0.01182345543056726,-0.022793054580688477,-0.10850507020950317,-0.31396573781967163,-0.12905657291412354,0.07596898078918457,53.3325080871582,False,0.0,0.11883098632097244,-0.2629925310611725,0.7724708914756775,0.0,-0.00031880740076303484,-0.00136537104845047,-0.01,-0.011684178449213505,0.00046270573511719704,False,245,False,False,24.999999999997023,-0.03188074007630348,-0.0,0.0,0.0,0.0,0.0,0.0,-0.0,0.28680110706422357,0.0,-0.0,0.0,0.14308174613134875
0.00016862235497683287,0.13235370814800262,1.908160924911499,-0.2196253091096878,0.7728257775306702,-0.011048489585518843,0.06963324546813965,-0.09299808740615845,-0.2314361333847046,-0.1190100908279419,0.15147197246551514,53.3325080871582,False,0.0,0.11883098632097244,-0.2629925310611725,0.7724708914756775,0.0,-0.00020305879414081574,-0.001333101093769079,-0.01,-0.011536159887909896,0.0005172230303287506,False,246,False,False,25.099999999996967,-0.020305879414081573,-0.0,0.0,0.0,0.0,0.0,0.0,-0.0,0.2870049413020752,0.0,-0.0,0.0,0.1432994118568968
0.00012174557923572138,0.1334388107061386,1.996649980545044,-0.21816380321979523,0.772933840751648,-0.01280642658472062,0.049872398376464844,-0.12067562341690063,-0.31678056716918945,-0.13955843448638916,0.13476145267486572,53.3325080871582,False,0.0,0.11883098632097244,-0.2629925310611725,0.7724708914756775,0.0,-0.00034219086170196535,-0.0013936895132064808,-0.01,-0.011735880374908447,0.00046556489542126656,False,247,False,False,25.199999999996912,-0.03421908617019653,-0.0,0.0,0.0,0.0,0.0,0.0,-0.0,0.2870885122909832,0.0,-0.0,0.0,0.14320206528378965
0.00020199651771690696,0.1284274309873581,1.777408242225647,-0.21984924376010895,0.7730534076690674,-0.00819472655653954,0.0577777624130249,-0.11189413070678711,-0.3075184226036072,-0.12520146369934082,0.15964889526367188,53.3325080871582,False,0.0,0.11883098632097244,-0.2629925310611725,0.7724708914756775,0.0,-0.000315253883600235,-0.0013959658145904497,-0.01,-0.011711219698190684,0.0004641972482204437,False,248,False,False,25.299999999996857,-0.0315253883600235,-0.0,0.0,0.0,0.0,0.0,0.0,-0.0,0.2871682213509076,0.0,-0.0,0.0,0.14326885679185355
0.00013507968105841428,0.13477885723114014,2.0303053855895996,-0.21859689056873322,0.773036539554596,-0.014492867439985273,-0.02448880672454834,-0.11935365200042725,-0.32574009895324707,-0.133722186088562,0.05301105976104736,53.3325080871582,False,0.0,0.11883098632097244,-0.2629925310611725,0.7724708914756775,0.0,-0.0003470830619335175,-0.0014077532291412453,-0.01,-0.011754836291074763,0.00045991595834493637,False,249,False,False,25.3999999999968,-0.034708306193351746,-0.0,0.0,0.0,0.0,0.0,0.0,-0.0,0.2872249628166824,0.0,-0.0,0.0,0.1432653983464077
0.00019644189160317183,0.12778839468955994,1.7683165073394775,-0.21943128108978271,0.7730017304420471,-0.007959304749965665,0.032422661781311035,-0.07414859533309937,-0.20672225952148438,-0.09054911136627197,0.14140725135803223,53.3325080871582,False,0.0,0.11883098632097244,-0.2629925310611725,0.7724708914756775,0.0,-0.00014370620250701906,-0.001333568096160892,-0.01,-0.01147727429866791,0.00046741683036088943,False,250,False,False,25.499999999996746,-0.014370620250701904,-0.0,0.0,0.0,0.0,0.0,0.0,-0.0,0.2874321114774685,0.0,-0.0,0.0,0.14357234953622722
0.00017665870836935937,0.13237431645393372,1.8156908750534058,-0.22253338992595673,0.772939145565033,-0.010296166371554134,-0.06212317943572998,-0.0991334319114685,-0.28472769260406494,-0.11669135093688965,0.02548038959503174,53.3325080871582,False,0.0,0.11883098632097244,-0.2629925310611725,0.7724708914756775,0.0,-0.0002709336392581463,-0.0013597121834754977,-0.01,-0.011630645822733644,0.000705215148627758,False,251,False,False,25.59999999999669,-0.02709336392581463,-0.0,0.0,0.0,0.0,0.0,0.0,-0.0,0.28758865530862177,0.0,-0.0,0.0,0.14352339401505274
0.0002257966552861035,0.12684005498886108,1.745326042175293,-0.21923667192459106,0.7730657458305359,-0.011757776793092494,-0.0204317569732666,-0.07488632202148438,-0.17710137367248535,-0.09706026315689087,0.03897297382354736,53.3325080871582,False,0.0,0.11883098632097244,-0.2629925310611725,0.7724708914756775,0.0,-0.00011702751740813255,-0.0012997156381606978,-0.01,-0.01141674315556883,0.000489512924104929,False,252,False,False,25.699999999996635,-0.011702751740813255,-0.0,0.0,0.0,0.0,0.0,0.0,-0.0,0.28786783737945243,0.0,-0.0,0.0,0.14381689117231808
0.00026514939963817596,0.12665955722332,1.6122254133224487,-0.22291293740272522,0.7729294896125793,-0.008051474951207645,-0.09401702880859375,-0.08821237087249756,-0.26438164710998535,-0.10587990283966064,-0.004106104373931885,53.3325080871582,False,0.0,0.11883098632097244,-0.2629925310611725,0.7724708914756775,0.0,-0.0002443220838904381,-0.0013112613558769193,-0.01,-0.011555583439767357,0.0005638157017529011,False,253,False,False,25.79999999999658,-0.024432208389043808,-0.0,0.0,0.0,0.0,0.0,0.0,-0.0,0.28812666520274677,0.0,-0.0,0.0,0.14381901051748294
0.00020014318579342216,0.12838678061962128,1.8304221630096436,-0.21806874871253967,0.7729039788246155,-0.015669272132217887,-0.13357669115066528,-0.0845685601234436,-0.26572751998901367,-0.05254638195037842,0.2014305591583252,53.3325080871582,False,0.0,0.11883098632097244,-0.2629925310611725,0.7724708914756775,0.0,-0.0002459170296788216,-0.0012530744075775202,-0.01,-0.011498991437256342,0.00046138884499669075,False,254,False,False,25.899999999996524,-0.024591702967882156,-0.0,0.0,0.0,0.0,0.0,0.0,-0.0,0.2885054722316647,0.0,-0.0,0.0,0.1440068190861535
0.0001544159313198179,0.1302732676267624,1.8886579275131226,-0.21822980046272278,0.772925615310669,-0.011408010460436345,-0.08752399682998657,-0.05509340763092041,-0.18126964569091797,-0.08306825160980225,0.046648502349853516,53.3325080871582,False,0.0,0.11883098632097244,-0.2629925310611725,0.7724708914756775,0.0,-0.000126136876642704,-0.0011663085222244352,-0.01,-0.011292445398867139,0.0004896931350231171,False,255,False,False,25.99999999999647,-0.012613687664270401,-0.0,0.0,0.0,0.0,0.0,0.0,-0.0,0.2890635380716301,0.0,-0.0,0.0,0.14440563215917235
0.00024312111781910062,0.12773007154464722,1.7481135129928589,-0.22005301713943481,0.7730756998062134,-0.008705452904105184,-0.04430156946182251,-0.08277112245559692,-0.24860811233520508,-0.10241222381591797,0.06458568572998047,53.3325080871582,False,0.0,0.11883098632097244,-0.2629925310611725,0.7724708914756775,0.0,-0.00020276986062526704,-0.0012491437792777893,-0.01,-0.011451913639903057,0.00046371808275580406,False,256,False,False,26.099999999996413,-0.020276986062526703,-0.0,0.0,0.0,0.0,0.0,0.0,-0.0,0.28945983225429084,0.0,-0.0,0.0,0.14452714626652016
0.00015578883176203817,0.1295832097530365,1.8431243896484375,-0.21877437829971313,0.772794246673584,-0.012922261990606785,-0.055855751037597656,-0.11933857202529907,-0.32468974590301514,-0.13189876079559326,0.01746845245361328,53.3325080871582,False,0.0,0.11883098632097244,-0.2629925310611725,0.7724708914756775,0.0,-0.00035045567899942397,-0.0013470733165741045,-0.01,-0.011697528995573529,0.0004924740642309189,False,257,False,False,26.199999999996358,-0.0350455678999424,-0.0,0.0,0.0,0.0,0.0,0.0,-0.0,0.2896623783373321,0.0,-0.0,0.0,0.14448073348966664
0.00018511363305151463,0.1311885267496109,1.910536766052246,-0.2186809778213501,0.7731178998947144,-0.011877748630940911,-0.02724403142929077,-0.11006379127502441,-0.3127818703651428,-0.12558090686798096,0.06426608562469482,53.3325080871582,False,0.0,0.11883098632097244,-0.2629925310611725,0.7724708914756775,0.0,-0.0003161483630537987,-0.001362631320953378,-0.01,-0.011678779684007178,0.00047149602323770523,False,258,False,False,26.299999999996302,-0.03161483630537987,-0.0,0.0,0.0,0.0,0.0,0.0,-0.0,0.2898353707323731,0.0,-0.0,0.0,0.14460153700313275
0.0001635105290915817,0.12924331426620483,1.8828766345977783,-0.2172863781452179,0.7728387117385864,-0.011694352328777314,-0.002874612808227539,-0.11762356758117676,-0.3210752606391907,-0.12496316432952881,0.08902394771575928,53.3325080871582,False,0.0,0.11883098632097244,-0.2629925310611725,0.7724708914756775,0.0,-0.0003313717246055603,-0.0013841792941093334,-0.01,-0.011715551018714894,0.00047394679859280586,False,259,False,False,26.399999999996247,-0.03313717246055603,-0.0,0.0,0.0,0.0,0.0,0.0,-0.0,0.28996674364248987,0.0,-0.0,0.0,0.14465200009663937
0.00018357948283664882,0.1295718401670456,1.870968222618103,-0.21811342239379883,0.7729799747467041,-0.010757068283855923,-0.03146219253540039,-0.11375373601913452,-0.33627521991729736,-0.12582260370254517,0.07629477977752686,53.3325080871582,False,0.0,0.11883098632097244,-0.2629925310611725,0.7724708914756775,0.0,-0.0003571053221821785,-0.0014063444733619646,-0.01,-0.011763449795544143,0.00048370426520705223,False,260,False,False,26.49999999999619,-0.03571053221821785,-0.0,0.0,0.0,0.0,0.0,0.0,-0.0,0.29005458378250826,0.0,-0.0,0.0,0.14467018656907196
0.00018508434004615992,0.1306113600730896,1.938908576965332,-0.217196986079216,0.7730622291564941,-0.01230001080781221,-0.04898405075073242,-0.10187959671020508,-0.2986605167388916,-0.11087888479232788,0.05036163330078125,53.3325080871582,False,0.0,0.11883098632097244,-0.2629925310611725,0.7724708914756775,0.0,-0.0002856777980923653,-0.0013838589191436657,-0.01,-0.01166953671723603,0.0007541258819401264,False,261,False,False,26.599999999996136,-0.028567779809236526,-0.0,0.0,0.0,0.0,0.0,0.0,-0.0,0.2901887806549093,0.0,-0.0,0.0,0.14480871252936228
0.00015015005192253739,0.13058608770370483,1.9629148244857788,-0.21653640270233154,0.7731471061706543,-0.011639548595994718,-0.052377402782440186,-0.08562290668487549,-0.26447415351867676,-0.09371137619018555,0.06312704086303711,53.3325080871582,False,0.0,0.11883098632097244,-0.2629925310611725,0.7724708914756775,0.0,-0.00022200768813490868,-0.0013556450605392567,-0.01,-0.011577652748674165,0.0005064071156084538,False,262,False,False,26.69999999999608,-0.022200768813490868,-0.0,0.0,0.0,0.0,0.0,0.0,-0.0,0.29038125274486903,0.0,-0.0,0.0,0.1449686186842996
0.00016668821626808494,0.1299346387386322,2.0010459423065186,-0.21478185057640076,0.7731879353523254,-0.012267501372843985,-0.05969911813735962,-0.08181393146514893,-0.26096320152282715,-0.08851951360702515,0.06485605239868164,53.3325080871582,False,0.0,0.11883098632097244,-0.2629925310611725,0.7724708914756775,0.0,-0.0002154874987900257,-0.0013435077667236228,-0.01,-0.011558995265513648,0.0005269446410238743,False,263,False,False,26.799999999996025,-0.02154874987900257,-0.0,0.0,0.0,0.0,0.0,0.0,-0.0,0.29060023602096363,0.0,-0.0,0.0,0.1450846305116918
0.00015301340317819268,0.13056857883930206,2.047194719314575,-0.21414415538311005,0.7733007669448853,-0.011812212448567151,-0.07325071096420288,-0.07721126079559326,-0.27056217193603516,-0.08231079578399658,0.0719914436340332,53.3325080871582,False,0.0,0.11883098632097244,-0.2629925310611725,0.7724708914756775,0.0,-0.00022826550528407097,-0.0013430389761924788,-0.01,-0.01157130448147655,0.0004730639047920704,False,264,False,False,26.89999999999597,-0.022826550528407097,-0.0,0.0,0.0,0.0,0.0,0.0,-0.0,0.29082241399662423,0.0,-0.0,0.0,0.14518294149302804
0.00015758931112941355,0.12998467683792114,2.0449113845825195,-0.21349076926708221,0.7731627821922302,-0.011391132157295938,-0.06837290525436401,-0.0740882158279419,-0.26634204387664795,-0.07648658752441406,0.08511710166931152,53.3325080871582,False,0.0,0.11883098632097244,-0.2629925310611725,0.7724708914756775,0.0,-0.00021738050505518914,-0.0013359770178794916,-0.01,-0.011553357522934682,0.0004943320527672768,False,265,False,False,26.999999999995914,-0.021738050505518913,-0.0,0.0,0.0,0.0,0.0,0.0,-0.0,0.29106109942611424,0.0,-0.0,0.0,0.14531316920800194
0.00016307752230204642,0.12915769219398499,1.9714561700820923,-0.21479442715644836,0.7730897665023804,-0.00981946004554629,-0.07227551937103271,-0.0768241286277771,-0.2832576036453247,-0.08077657222747803,0.0876307487487793,53.3325080871582,False,0.0,0.11883098632097244,-0.2629925310611725,0.7724708914756775,0.0,-0.00024471355602145194,-0.0013441923260688882,-0.01,-0.01158890588209034,0.00048095593228936195,False,266,False,False,27.09999999999586,-0.024471355602145195,-0.0,0.0,0.0,0.0,0.0,0.0,-0.0,0.2912855316487689,0.0,-0.0,0.0,0.145398052268363
0.00016720269923098385,0.1291087418794632,1.9562952518463135,-0.21547168493270874,0.7733611464500427,-0.010609177295118571,-0.08370351791381836,-0.08267587423324585,-0.2879739999771118,-0.08783239126205444,0.05759072303771973,53.3325080871582,False,0.0,0.11883098632097244,-0.2629925310611725,0.7724708914756775,0.0,-0.0002612128295004368,-0.001351333558559431,-0.01,-0.011612546388059869,0.0004719328135251999,False,267,False,False,27.199999999995804,-0.02612128295004368,-0.0,0.0,0.0,0.0,0.0,0.0,-0.0,0.2914978797421295,0.0,-0.0,0.0,0.14548772704156432
0.00017879185907077044,0.12974396347999573,1.8755919933319092,-0.21828678250312805,0.7731199264526367,-0.00909112103283405,-0.09243977069854736,-0.08454948663711548,-0.28299856185913086,-0.08432108163833618,0.03906583786010742,53.3325080871582,False,0.0,0.11883098632097244,-0.2629925310611725,0.7724708914756775,0.0,-0.00025722987949848173,-0.0013492086529731662,-0.01,-0.011606438532471649,0.0004704529419541359,False,268,False,False,27.299999999995748,-0.025722987949848175,-0.0,0.0,0.0,0.0,0.0,0.0,-0.0,0.29171657528212525,0.0,-0.0,0.0,0.14560105776156415
0.00015035636897664517,0.1326407790184021,2.118377685546875,-0.21419930458068848,0.773419201374054,-0.015338576398789884,-0.08315449953079224,-0.08830606937408447,-0.2627200484275818,-0.09396612644195557,0.01477515697479248,53.3325080871582,False,0.0,0.11883098632097244,-0.2629925310611725,0.7724708914756775,0.0,-0.00023141022771596908,-0.0013407725095749001,-0.01,-0.01157218273729087,0.000481652095913887,False,269,False,False,27.399999999995693,-0.02314102277159691,-0.0,0.0,0.0,0.0,0.0,0.0,-0.0,0.291954581861642,0.0,-0.0,0.0,0.14574588070310504
0.0001563453843118623,0.132345512509346,2.0752501487731934,-0.21521323919296265,0.773434579372406,-0.010203368365764619,-0.03743398189544678,-0.08310693502426147,-0.2771757245063782,-0.08027327060699463,0.11396908760070801,53.3325080871582,False,0.0,0.11883098632097244,-0.2629925310611725,0.7724708914756775,0.0,-0.00022894561290740968,-0.0013421100378036566,-0.01,-0.011571055650711067,0.0005316459573805332,False,270,False,False,27.499999999995637,-0.022894561290740967,-0.0,0.0,0.0,0.0,0.0,0.0,-0.0,0.29219235882029626,0.0,-0.0,0.0,0.14586723379724073
0.00014385313261300325,0.13168594241142273,2.057891845703125,-0.21481561660766602,0.7731757760047913,-0.01129224188625813,-0.022816002368927002,-0.10760653018951416,-0.3243699073791504,-0.10125678777694702,0.10939931869506836,53.3325080871582,False,0.0,0.11883098632097244,-0.2629925310611725,0.7724708914756775,0.0,-0.0003189212828874588,-0.0013834244012832786,-0.01,-0.011702345684170737,0.0007235449738800526,False,271,False,False,27.599999999995582,-0.03189212828874588,-0.0,0.0,0.0,0.0,0.0,0.0,-0.0,0.29234896857361126,0.0,-0.0,0.0,0.14585556300391816
0.00015638236072845757,0.1317121833562851,2.054780960083008,-0.2150302529335022,0.773270845413208,-0.011101471520960332,-0.028437674045562744,-0.10762590169906616,-0.3340458869934082,-0.10509991645812988,0.10673737525939941,53.3325080871582,False,0.0,0.11883098632097244,-0.2629925310611725,0.7724708914756775,0.0,-0.0003375617042183876,-0.0014133578538894631,-0.01,-0.01175091955810785,0.00048421090468764305,False,272,False,False,27.699999999995526,-0.03375617042183876,-0.0,0.0,0.0,0.0,0.0,0.0,-0.0,0.29244671665825905,0.0,-0.0,0.0,0.14588579662491113
0.00015570847608614713,0.130880206823349,2.0631837844848633,-0.2139880359172821,0.7733126878738403,-0.011778597012162204,-0.035795390605926514,-0.10439437627792358,-0.32387053966522217,-0.10005789995193481,0.09783434867858887,53.3325080871582,False,0.0,0.11883098632097244,-0.2629925310611725,0.7724708914756775,0.0,-0.00031770803034305575,-0.001408181786537177,-0.01,-0.011725889816880233,0.0004920400679111481,False,273,False,False,27.79999999999547,-0.03177080303430557,-0.0,0.0,0.0,0.0,0.0,0.0,-0.0,0.2925559211834641,0.0,-0.0,0.0,0.14596025256138898
0.00017331096751149744,0.13101792335510254,2.0858101844787598,-0.21357564628124237,0.7734413743019104,-0.011568136531859643,-0.06408089399337769,-0.09252059459686279,-0.3098239302635193,-0.08718568086624146,0.08361005783081055,53.3325080871582,False,0.0,0.11883098632097244,-0.2629925310611725,0.7724708914756775,0.0,-0.0002906465716660023,-0.0013980177044868591,-0.01,-0.011688664276152862,0.0004881969653069973,False,274,False,False,27.899999999995416,-0.029064657166600227,-0.0,0.0,0.0,0.0,0.0,0.0,-0.0,0.29268669562977145,0.0,-0.0,0.0,0.14605270124321973
0.0001576758804731071,0.1306580752134323,2.011408567428589,-0.21517854928970337,0.7731720805168152,-0.009726119246333842,-0.08373218774795532,-0.0767742395401001,-0.2755787968635559,-0.06975841522216797,0.07206428050994873,53.3325080871582,False,0.0,0.11883098632097244,-0.2629925310611725,0.7724708914756775,0.0,-0.00023428818210959436,-0.0013697871565818698,-0.01,-0.011604075338691464,0.0004723789170384407,False,275,False,False,27.99999999999536,-0.023428818210959435,-0.0,0.0,0.0,0.0,0.0,0.0,-0.0,0.29287590266783914,0.0,-0.0,0.0,0.14620366315180996
0.00015882859588600695,0.13157647848129272,2.0193674564361572,-0.21592941880226135,0.7732433080673218,-0.010796061847358944,-0.09767460823059082,-0.07098942995071411,-0.2492222785949707,-0.0711742639541626,0.04047417640686035,53.3325080871582,False,0.0,0.11883098632097244,-0.2629925310611725,0.7724708914756775,0.0,-0.00020439336076378823,-0.0013472181558608909,-0.01,-0.011551611516624679,0.0004840879701077938,False,276,False,False,28.099999999995305,-0.020439336076378822,-0.0,0.0,0.0,0.0,0.0,0.0,-0.0,0.29311265529123653,0.0,-0.0,0.0,0.1463519342848545
0.0001393554121023044,0.12920495867729187,2.053222179412842,-0.2124941498041153,0.773195207118988,-0.01297861102968454,-0.08756375312805176,-0.07108193635940552,-0.2369633913040161,-0.07083141803741455,0.04253554344177246,53.3325080871582,False,0.0,0.11883098632097244,-0.2629925310611725,0.7724708914756775,0.0,-0.00018472198396921158,-0.0013254767656326327,-0.01,-0.011510198749601845,0.00046990392729640007,False,277,False,False,28.19999999999525,-0.018472198396921158,-0.0,0.0,0.0,0.0,0.0,0.0,-0.0,0.2933956265512354,0.0,-0.0,0.0,0.1465130912916485
0.00015049736248329282,0.13044022023677826,2.0554206371307373,-0.21365338563919067,0.773185133934021,-0.010616689790040258,-0.11634707450866699,-0.07417607307434082,-0.2900945544242859,-0.070107102394104,0.04843556880950928,53.3325080871582,False,0.0,0.11883098632097244,-0.2629925310611725,0.7724708914756775,0.0,-0.0002702714689075947,-0.0013456565141677923,-0.01,-0.011615927983075387,0.0004962901584804058,False,278,False,False,28.299999999995194,-0.027027146890759468,-0.0,0.0,0.0,0.0,0.0,0.0,-0.0,0.2936407504573698,0.0,-0.0,0.0,0.1465501037597773
0.0001636994566069916,0.12865349650382996,2.014112710952759,-0.21329312026500702,0.7733723521232605,-0.0108339299634099,-0.10301864147186279,-0.07355284690856934,-0.2727842926979065,-0.06784921884536743,0.04614579677581787,53.3325080871582,False,0.0,0.11883098632097244,-0.2629925310611725,0.7724708914756775,0.0,-0.0002375941351056099,-0.0013543760776519864,-0.01,-0.011591970212757596,0.00047486694529652596,False,279,False,False,28.39999999999514,-0.02375941351056099,-0.0,0.0,0.0,0.0,0.0,0.0,-0.0,0.29387064872939894,0.0,-0.0,0.0,0.14669773022959387
0.00018030749924946576,0.1296554058790207,1.8539689779281616,-0.2189730405807495,0.7732460498809814,-0.006971006169915204,-0.12740451097488403,-0.08282357454299927,-0.30265259742736816,-0.07289445400238037,0.022057294845581055,53.3325080871582,False,0.0,0.11883098632097244,-0.2629925310611725,0.7724708914756775,0.0,-0.000300009623169899,-0.001404089927673352,-0.01,-0.011704099550843252,0.0004804651252925396,False,280,False,False,28.499999999995083,-0.0300009623169899,-0.0,0.0,0.0,0.0,0.0,0.0,-0.0,0.29400251030203006,0.0,-0.0,0.0,0.14670124552784514
0.0002027985465247184,0.13018640875816345,1.931104302406311,-0.21723021566867828,0.7732862830162048,-0.012779651265591385,-0.11570590734481812,-0.09247815608978271,-0.2647874355316162,-0.08730340003967285,-0.03592705726623535,53.3325080871582,False,0.0,0.11883098632097244,-0.2629925310611725,0.7724708914756775,0.0,-0.00024918584153056146,-0.0013874301314353854,-0.01,-0.011636615972965947,0.000749948900192976,False,281,False,False,28.599999999995028,-0.024918584153056145,-0.0,0.0,0.0,0.0,0.0,0.0,-0.0,0.29416930506002925,0.0,-0.0,0.0,0.14683546668848407
0.0001723865425447002,0.1291782259941101,1.9047704935073853,-0.21705466508865356,0.7733289003372192,-0.011032461579889056,-0.13582980632781982,-0.08397972583770752,-0.30086421966552734,-0.02112448215484619,0.23618364334106445,53.3325080871582,False,0.0,0.11883098632097244,-0.2629925310611725,0.7724708914756775,0.0,-0.00029116963967680933,-0.0014009216427803006,-0.01,-0.01169209128245711,0.00048702722415328026,False,282,False,False,28.699999999994972,-0.02911696396768093,-0.0,0.0,0.0,0.0,0.0,0.0,-0.0,0.2943106128175348,0.0,-0.0,0.0,0.14686413676909058
0.00019453823915682733,0.12925145030021667,2.0190956592559814,-0.213779017329216,0.7734097838401794,-0.013824172466993329,-0.1358250379562378,-0.07849395275115967,-0.25736862421035767,-0.06880980730056763,-0.03771352767944336,53.3325080871582,False,0.0,0.11883098632097244,-0.2629925310611725,0.7724708914756775,0.0,-0.00023895785212516785,-0.0014085909724235457,-0.01,-0.011647548824548715,0.00047721993178129196,False,283,False,False,28.799999999994917,-0.023895785212516785,-0.0,0.0,0.0,0.0,0.0,0.0,-0.0,0.294437759811514,0.0,-0.0,0.0,0.14697992205363183
0.00017206664779223502,0.12715494632720947,1.9084460735321045,-0.21470767259597778,0.7731154561042786,-0.009774844795465474,-0.163285493850708,-0.06954920291900635,-0.3061408996582031,-0.0002346038818359375,0.25324559211730957,53.3325080871582,False,0.0,0.11883098632097244,-0.2629925310611725,0.7724708914756775,0.0,-0.0003130538761615753,-0.001368304491043082,-0.01,-0.011681358367204658,0.00046541541814804077,False,284,False,False,28.89999999999486,-0.03130538761615753,-0.0,0.0,0.0,0.0,0.0,0.0,-0.0,0.2946476324571009,0.0,-0.0,0.0,0.14701076235238889
0.00019087559485342354,0.1290961354970932,1.9728703498840332,-0.21473878622055054,0.7731381058692932,-0.01159605897963047,-0.17455506324768066,-0.062140822410583496,-0.2518242597579956,-0.057911217212677,-0.04438424110412598,53.3325080871582,False,0.0,0.11883098632097244,-0.2629925310611725,0.7724708914756775,0.0,-0.00025275029242038727,-0.0011569818854332004,-0.01,-0.011409732177853588,0.0005006627179682255,False,285,False,False,28.999999999994806,-0.025275029242038727,-0.0,0.0,0.0,0.0,0.0,0.0,-0.0,0.29528655160689254,0.0,-0.0,0.0,0.14739052551102588
0.00018628260295372456,0.13062651455402374,1.9732855558395386,-0.21643409132957458,0.7733154892921448,-0.010255628526210784,-0.16700321435928345,-0.06835401058197021,-0.29743844270706177,-0.007227957248687744,0.24229204654693604,53.3325080871582,False,0.0,0.11883098632097244,-0.2629925310611725,0.7724708914756775,0.0,-0.00030271053314208986,-0.0012371236085891857,-0.01,-0.011539834141731275,0.0004833950661122799,False,286,False,False,29.09999999999475,-0.030271053314208984,-0.0,0.0,0.0,0.0,0.0,0.0,-0.0,0.2957700156352686,0.0,-0.0,0.0,0.1475822972844922
0.0002287671813974157,0.12833237648010254,1.8110610246658325,-0.21880850195884705,0.7731173038482666,-0.008236474785953764,-0.11457628011703491,-0.07994198799133301,-0.2589927315711975,-0.07162696123123169,-0.0028967857360839844,53.3325080871582,False,0.0,0.11883098632097244,-0.2629925310611725,0.7724708914756775,0.0,-0.00022931525483727456,-0.0011381936073303345,-0.01,-0.01136750886216761,0.00047489115968346596,False,287,False,False,29.199999999994695,-0.022931525483727455,-0.0,0.0,0.0,0.0,0.0,0.0,-0.0,0.29645831240913156,0.0,-0.0,0.0,0.1479998409497285
0.00018981224275194108,0.12723596394062042,1.8117295503616333,-0.21768994629383087,0.7731152176856995,-0.01192417662590742,-0.1476607322692871,-0.10343360900878906,-0.32260143756866455,-0.046874403953552246,0.20239508152008057,53.3325080871582,False,0.0,0.11883098632097244,-0.2629925310611725,0.7724708914756775,0.0,-0.0003469277545809746,-0.001505540609359729,-0.01,-0.011852468363940704,0.00048037199303507805,False,288,False,False,29.29999999999464,-0.03469277545809746,-0.0,0.0,0.0,0.0,0.0,0.0,-0.0,0.2964113067364871,0.0,-0.0,0.0,0.14785872561366256
0.00019852917466778308,0.12904904782772064,1.9110851287841797,-0.2165088951587677,0.7731017470359802,-0.012931042611598973,-0.14900410175323486,-0.09801238775253296,-0.30208468437194824,-0.09177279472351074,-0.05742150545120239,53.3325080871582,False,0.0,0.11883098632097244,-0.2629925310611725,0.7724708914756775,0.0,-0.00032871514558792115,-0.0015341314673423811,-0.01,-0.011862846612930302,0.0004744608886539936,False,289,False,False,29.399999999994584,-0.032871514558792114,-0.0,0.0,0.0,0.0,0.0,0.0,-0.0,0.29630606434376605,0.0,-0.0,0.0,0.14782431702629512
0.00016485483502037823,0.1300644725561142,1.9162707328796387,-0.21731147170066833,0.7730444669723511,-0.01100692059844732,-0.15353316068649292,-0.0790024995803833,-0.30138587951660156,-0.020894169807434082,0.22593891620635986,53.3325080871582,False,0.0,0.11883098632097244,-0.2629925310611725,0.7724708914756775,0.0,-0.00030270960181951525,-0.0015297403931617826,-0.01,-0.011832449994981297,0.00046527571976184845,False,290,False,False,29.49999999999453,-0.030270960181951523,-0.0,0.0,0.0,0.0,0.0,0.0,-0.0,0.29620869727262655,0.0,-0.0,0.0,0.14780163903449375
0.00021534902043640614,0.12815706431865692,1.8513031005859375,-0.2175515741109848,0.7732429504394531,-0.010418565124273305,-0.11914712190628052,-0.07945245504379272,-0.25541192293167114,-0.072986900806427,-0.021953880786895752,53.3325080871582,False,0.0,0.11883098632097244,-0.2629925310611725,0.7724708914756775,0.0,-0.00022767767310142518,-0.0015309351682663008,-0.01,-0.011758612841367727,0.000745084136724472,False,291,False,False,29.599999999994473,-0.022767767310142517,-0.0,0.0,0.0,0.0,0.0,0.0,-0.0,0.2961079347303206,0.0,-0.0,0.0,0.14782628969205888
0.00014657741121482104,0.13080251216888428,2.017868757247925,-0.215240940451622,0.773283839225769,-0.014267706833779807,-0.15667682886123657,-0.09034091234207153,-0.3139913082122803,-0.029794156551361084,0.20491325855255127,53.3325080871582,False,0.0,0.11883098632097244,-0.2629925310611725,0.7724708914756775,0.0,-0.0003304683789610863,-0.0017616268992423911,-0.01,-0.012092095278203478,0.00047235190868377686,False,292,False,False,29.699999999994418,-0.03304683789610863,-0.0,0.0,0.0,0.0,0.0,0.0,-0.0,0.2955399721901819,0.0,-0.0,0.0,0.14743951771612987
0.0001535953488200903,0.1313825249671936,1.9470281600952148,-0.21740716695785522,0.7727448344230652,-0.011273908764123918,-0.10198676586151123,-0.0749211311340332,-0.2600943446159363,-0.06473535299301147,0.018937349319458008,53.3325080871582,False,0.0,0.11883098632097244,-0.2629925310611725,0.7724708914756775,0.0,-0.0002196355164051056,-0.003828160166740424,-0.01,-0.01404779568314553,0.00047119520604610443,False,293,False,False,29.799999999994363,-0.02196355164051056,-0.0,0.0,0.0,0.0,0.0,0.0,-0.0,0.2907915715674978,0.0,-0.0,0.0,0.1451761502673438
0.0001579753588885069,0.13235323131084442,1.9231008291244507,-0.2191746085882187,0.7728237509727478,-0.011182361282408236,-0.051144540309906006,-0.0568578839302063,-0.20763742923736572,-0.07183051109313965,0.02117335796356201,53.3325080871582,False,0.0,0.11883098632097244,-0.2629925310611725,0.7724708914756775,0.0,-0.00013530377298593522,-0.003098409771919247,-0.01,-0.013233713544905183,0.00047001009806990623,False,294,False,False,29.899999999994307,-0.013530377298593521,-0.0,0.0,0.0,0.0,0.0,0.0,-0.0,0.2874694741209777,0.0,-0.0,0.0,0.1435994332875029
0.00015884129970800132,0.1325928121805191,1.9814761877059937,-0.21761929988861084,0.7727801203727722,-0.01245901696383953,0.03795909881591797,-0.11482137441635132,-0.3107481598854065,-0.14085060358047485,0.08877778053283691,53.3325080871582,False,0.0,0.11883098632097244,-0.2629925310611725,0.7724708914756775,0.0,-0.0003275703638792038,-0.0012741592526435974,-0.01,-0.011601729616522801,0.0004829759709537029,False,295,False,False,29.99999999999425,-0.03275703638792038,-0.0,0.0,0.0,0.0,0.0,0.0,-0.0,0.28779915577460813,0.0,-0.0,0.0,0.14357200752342486
0.00014556176029145718,0.13246706128120422,2.0225234031677246,-0.21653202176094055,0.7730500102043152,-0.01219681642949581,0.05221521854400635,-0.11739706993103027,-0.32742464542388916,-0.14345324039459229,0.12378668785095215,53.3325080871582,False,0.0,0.11883098632097244,-0.2629925310611725,0.7724708914756775,0.0,-0.00036073558032512665,-0.0015430575609207131,-0.01,-0.01190379314124584,0.0005306201055645943,False,296,False,False,30.099999999994196,-0.036073558032512665,-0.0,0.0,0.0,0.0,0.0,0.0,-0.0,0.28758896380247445,0.0,-0.0,0.0,0.1434337463209121
0.00018187325622420758,0.12937031686306,1.9182714223861694,-0.21637913584709167,0.7728663086891174,-0.010436360947787765,0.03996551036834717,-0.11002182960510254,-0.3214077949523926,-0.1263357400894165,0.12176597118377686,53.3325080871582,False,0.0,0.11883098632097244,-0.2629925310611725,0.7724708914756775,0.0,-0.00033241432160139087,-0.0015529820322990329,-0.01,-0.011885396353900424,0.0007583722472190857,False,297,False,False,30.19999999999414,-0.033241432160139084,-0.0,0.0,0.0,0.0,0.0,0.0,-0.0,0.2873564771546603,0.0,-0.0,0.0,0.14334582425572875
0.00018325942801311612,0.1316879540681839,1.973105788230896,-0.2172929048538208,0.7731074690818787,-0.011413063146173958,-0.018089115619659424,-0.10111796855926514,-0.31798696517944336,-0.11886966228485107,0.06556499004364014,53.3325080871582,False,0.0,0.11883098632097244,-0.2629925310611725,0.7724708914756775,0.0,-0.00031449440866708754,-0.0015486925840377808,-0.01,-0.01186318699270487,0.00047020893543958664,False,298,False,False,30.299999999994085,-0.031449440866708755,-0.0,0.0,0.0,0.0,0.0,0.0,-0.0,0.28713046759191585,0.0,-0.0,0.0,0.14325073938729083
0.00020766101079061627,0.1285659670829773,1.8215097188949585,-0.21866652369499207,0.7730551958084106,-0.008987421281635762,-0.02013695240020752,-0.07194191217422485,-0.22958636283874512,-0.0859825611114502,0.0601348876953125,53.3325080871582,False,0.0,0.11883098632097244,-0.2629925310611725,0.7724708914756775,0.0,-0.00016421008855104446,-0.0014468345046043385,-0.01,-0.011611044593155383,0.0005040429532527924,False,299,False,False,30.39999999999403,-0.016421008855104446,-0.0,0.0,0.0,0.0,0.0,0.0,-0.0,0.287107851406428,0.0,-0.0,0.0,0.14338971561466296
0.0002725368249230087,0.12693434953689575,1.6841964721679688,-0.22109845280647278,0.7729993462562561,-10.10727450568229,-0.07709169387817383,-0.07189089059829712,-0.22805392742156982,-0.08761179447174072,-0.018423855304718018,53.3325080871582,False,0.0,0.11883098632097244,-0.2629925310611725,0.7724708914756775,0.0,-10.000176989622414,-0.1435539424419403,-0.01,-10.153730932064354,0.00046650366857647896,False,300,False,False,30.499999999993975,-0.01769896224141121,-0.0,0.0,-1.0,0.0,0.0,0.0,-0.0,0.2871201891678361,0.0,-0.0,0.0,-9.856616895038496
