Q_actual_observation_held_probability,Q_actual_observation_x,Q_actual_observation_xyz_mae_cm,Q_actual_observation_y,Q_actual_observation_z,Q_observed_supported_reward,action_dx,action_dy,action_dyaw,action_dz,action_gripper,actual_goal_distance_cm,actual_held,actual_lift_cm,actual_object_x,actual_object_y,actual_object_z,control_component_goal,control_component_penalties,control_component_progress,control_component_time,control_reward,decision_seconds,obstacle_contact,step,table_contact,task_success,time_s,true_component_action,true_component_collision,true_component_drop,true_component_fail,true_component_grasp,true_component_lift,true_component_place,true_component_proximity,true_component_reach,true_component_success,true_component_table_hit,true_component_transport,true_original_reward
5.7317862228956074e-05,0.17900605499744415,0.07843822240829468,-0.22810852527618408,0.7724064588546753,-0.0005779224634170545,0.998204231262207,-0.9919292330741882,0.01708042621612549,-0.9884225726127625,1.0,50.30605697631836,False,0.0,0.17782101035118103,-0.22700485587120056,0.7724708914756775,0.0,-0.007394015789031982,0.017040503025054932,-0.01,-0.0003535127639770503,0.0009880349971354008,False,1,False,False,0.6000000000000004,-0.7394015789031982,-0.0,0.0,0.0,0.0,0.0,0.0,-0.0,0.034425272519559846,0.0,-0.0,0.0,0.00981862047074794
7.588710286654532e-05,0.178789883852005,0.04940430447459221,-0.227204829454422,0.7727841734886169,-0.014187739789485933,0.9993789196014404,-0.9943864941596985,0.004095315933227539,-0.9918749928474426,1.0,50.30605697631836,False,0.0,0.17782101035118103,-0.22700485587120056,0.7724708914756775,0.0,-0.007428488731384277,0.0031136789917945856,-0.01,-0.014314809739589693,0.0004869760014116764,False,2,False,False,0.7000000000000005,-0.7428488731384277,-0.0,0.0,0.0,0.0,0.0,0.0,-0.0,0.041063222681984146,0.0,-0.0,0.0,0.013103122609607797
6.43563544144854e-05,0.18099913001060486,0.2369508147239685,-0.23068784177303314,0.7727183103561401,-0.014419180154800414,0.999356746673584,-0.9936774373054504,0.0046395063400268555,-0.9915622472763062,1.0,50.30605697631836,False,0.0,0.17782101035118103,-0.22700485587120056,0.7724708914756775,0.0,-0.007423315048217773,0.0037649887800216657,-0.01,-0.013658326268196108,0.0004869932308793068,False,3,False,False,0.8000000000000006,-0.7423315048217773,-0.0,0.0,0.0,0.0,0.0,0.0,-0.0,0.04908401845618293,0.0,-0.0,0.0,0.017118694179873693
6.948021473363042e-05,0.180326908826828,0.18665292859077454,-0.22979223728179932,0.7727771997451782,-0.012876872718334199,0.9993276596069336,-0.993165910243988,-0.005073368549346924,-0.9914090633392334,1.0,50.30605697631836,False,0.0,0.17782101035118103,-0.22700485587120056,0.7724708914756775,0.0,-0.007419880032539368,0.004429447352886199,-0.01,-0.01299043267965317,0.0005029458552598953,False,4,False,False,0.9000000000000007,-0.7419880032539368,-0.0,0.0,0.0,0.0,0.0,0.0,-0.0,0.0585282428458741,0.0,-0.0,0.0,0.021844241390397683
7.940398063510656e-05,0.17956367135047913,0.24615824222564697,-0.23209309577941895,0.7730247378349304,-0.01257250934839249,0.9992475509643555,-0.9924535155296326,-0.005604088306427002,-0.991514265537262,1.0,50.30605697631836,False,0.0,0.17782101035118103,-0.22700485587120056,0.7724708914756775,0.0,-0.007416478991508484,0.005125734806060787,-0.01,-0.012290744185447696,0.00048664771020412445,False,5,False,False,1.0000000000000007,-0.7416478991508484,-0.0,0.0,0.0,0.0,0.0,0.0,-0.0,0.06947443650641816,0.0,-0.0,0.0,0.027320739261700595
5.506674278876744e-05,0.18499435484409332,0.34469765424728394,-0.22990207374095917,0.7727412581443787,-0.012579189240932466,0.9990559816360474,-0.9921678304672241,0.002610325813293457,-0.9936248660087585,1.0,50.30605697631836,False,0.0,0.17782101035118103,-0.22700485587120056,0.7724708914756775,0.0,-0.007424517869949341,0.005775861442089081,-0.01,-0.011648656427860261,0.0004716459661722183,False,6,False,False,1.1000000000000008,-0.7424517869949341,-0.0,0.0,0.0,0.0,0.0,0.0,-0.0,0.08184463143080734,0.0,-0.0,0.0,0.03349779784545433
7.522180385421962e-05,0.18221065402030945,0.31556785106658936,-0.2316368818283081,0.7729162573814392,-0.011011820733547215,0.9990828037261963,-0.9928934574127197,-0.008394420146942139,-0.9959529638290405,1.0,50.30605697631836,False,0.0,0.17782101035118103,-0.22700485587120056,0.7724708914756775,0.0,-0.00743999183177948,0.006259633600711821,-0.01,-0.01118035823106766,0.0005112262442708015,False,7,False,False,1.2000000000000008,-0.743999183177948,-0.0,0.0,0.0,0.0,0.0,0.0,-0.0,0.09531708486837331,0.0,-0.0,0.0,0.04021855060240718
5.1937648095190525e-05,0.18699993193149567,0.44975826144218445,-0.23108062148094177,0.7727089524269104,-0.012049987912178038,0.998566746711731,-0.9926729798316956,-0.00699007511138916,-0.9957889318466187,1.0,50.30605697631836,False,0.0,0.17782101035118103,-0.22700485587120056,0.7724708914756775,0.0,-0.0074354487657547,0.00675810486078262,-0.01,-0.01067734390497208,0.0005020131357014179,False,8,False,False,1.300000000000001,-0.74354487657547,-0.0,0.0,0.0,0.0,0.0,0.0,-0.0,0.10993262000938986,0.0,-0.0,0.0,0.04753086123894023
5.589019929175265e-05,0.18603502213954926,0.38607072830200195,-0.23000949621200562,0.7728343605995178,-0.009729014933109287,0.9985963106155396,-0.9931572079658508,-0.007518947124481201,-0.9968947768211365,1.0,50.30605697631836,False,0.0,0.17782101035118103,-0.22700485587120056,0.7724708914756775,0.0,-0.007443528771400452,0.007448804974555967,-0.01,-0.009994723796844485,0.0005503669381141663,False,9,False,False,1.400000000000001,-0.7443528771400452,-0.0,0.0,0.0,0.0,0.0,0.0,-0.0,0.12609117338125797,0.0,-0.0,0.0,0.05560205791922854
4.433422509464435e-05,0.1902679204940796,0.4313359558582306,-0.22737851738929749,0.7725903987884521,-0.010224976539611816,0.9983043670654297,-0.9921274185180664,-0.004926919937133789,-0.9970784187316895,1.0,50.30605697631836,False,0.0,0.17782101035118103,-0.22700485587120056,0.7724708914756775,0.0,-0.007437795400619507,0.00841571003198624,-0.01,-0.009022085368633267,0.00046847620978951454,False,10,False,False,1.500000000000001,-0.7437795400619507,-0.0,0.0,0.0,0.0,0.0,0.0,-0.0,0.14436619370967574,0.0,-0.0,0.0,0.06474530145421836
4.5260578190209344e-05,0.18694286048412323,0.3146176338195801,-0.22724643349647522,0.7723957896232605,-0.007040275633335118,0.9984488487243652,-0.990822970867157,-0.0011475682258605957,-0.9977741837501526,1.0,50.30605697631836,False,0.0,0.17782101035118103,-0.22700485587120056,0.7724708914756775,0.0,-0.007435462474822998,0.009662561118602753,-0.01,-0.007772901356220246,0.0005117063410580158,False,11,False,False,1.6000000000000012,-0.7435462474822998,-0.0,0.0,0.0,0.0,0.0,0.0,-0.0,0.16534473729987453,0.0,-0.0,0.0,0.07523690617511426
3.490112430881709e-05,0.19000089168548584,0.4718273878097534,-0.22504332661628723,0.772457480430603,-0.007336755394935615,0.9977389574050903,-0.9866138100624084,-0.004919230937957764,-0.9972935914993286,1.0,50.30605697631836,False,0.0,0.17782101035118103,-0.22700485587120056,0.7724708914756775,0.0,-0.0074087709188461305,0.011138154566288,-0.01,-0.006270616352558131,0.000467479694634676,False,12,False,False,1.7000000000000013,-0.740877091884613,-0.0,0.0,0.0,0.0,0.0,0.0,-0.0,0.18951627824537998,0.0,-0.0,0.0,0.08734936820384386
4.256177999195643e-05,0.1862289160490036,0.31293433904647827,-0.22614775598049164,0.7725939154624939,-0.0034931364655494705,0.9976580142974854,-0.9800478219985962,-0.010230422019958496,-0.9968841671943665,1.0,50.30605697631836,False,0.0,0.17782101035118103,-0.22700485587120056,0.7724708914756775,0.0,-0.0073742449283599855,0.012785135805606834,-0.01,-0.0045891091227531515,0.0005367142148315907,False,13,False,False,1.8000000000000014,-0.7374244928359985,-0.0,0.0,0.0,0.0,0.0,0.0,-0.0,0.2172591354018779,0.0,-0.0,0.0,0.10125532277257897
3.55745323759038e-05,0.18823246657848358,0.4694735109806061,-0.22365546226501465,0.772794246673584,-0.0033227252960205157,0.9966020584106445,-0.963721513748169,-0.011112630367279053,-0.9946521520614624,1.0,50.30605697631836,False,0.0,0.17782101035118103,-0.22700485587120056,0.7724708914756775,0.0,-0.007278578281402588,0.014583290219306946,-0.01,-0.0026952880620956417,0.0004702596925199032,False,14,False,False,1.9000000000000015,-0.7278578281402588,-0.0,0.0,0.0,0.0,0.0,0.0,-0.0,0.24891483288824046,0.0,-0.0,0.0,0.11717883816271764
4.105556581635028e-05,0.1841038167476654,0.3252585530281067,-0.22365900874137878,0.772599995136261,0.00115223765373231,0.9965318441390991,-0.9260011315345764,-0.016176462173461914,-0.9914917349815369,1.0,50.30605697631836,False,0.0,0.17782101035118103,-0.22700485587120056,0.7724708914756775,0.0,-0.007084678411483765,0.016541768014430996,-0.01,-0.000542910397052768,0.00046733999624848366,False,15,False,False,2.0000000000000013,-0.7084678411483765,-0.0,0.0,0.0,0.0,0.0,0.0,-0.0,0.2848469155044012,0.0,-0.0,0.0,0.13533877934071684
3.676540291053243e-05,0.1882743239402771,0.43926090002059937,-0.22453109920024872,0.7727216482162476,-0.0009392026066780013,0.9923396110534668,-0.799297571182251,-0.0367160439491272,-0.9711146950721741,1.0,50.30605697631836,False,0.0,0.17782101035118103,-0.22700485587120056,0.7724708914756775,0.0,-0.006420065760612488,0.01861555784940719,-0.01,0.0021954920887946993,0.0004826798103749752,False,16,False,False,2.0999999999999903,-0.6420065760612488,-0.0,0.0,0.0,0.0,0.0,0.0,-0.0,0.3253313043594972,0.0,-0.0,0.0,0.1562455864191361
4.1071547457249835e-05,0.18516141176223755,0.3076404333114624,-0.22527089715003967,0.772625744342804,0.006708754003047943,0.9896019697189331,-0.6115998029708862,-0.05678677558898926,-0.8938843011856079,1.0,50.30605697631836,False,0.0,0.17782101035118103,-0.22700485587120056,0.7724708914756775,0.0,-0.005389050841331482,0.0207136744260788,-0.01,0.005324623584747315,0.0005600340664386749,False,17,False,False,2.1999999999999793,-0.5389050841331482,-0.0,0.0,0.0,0.0,0.0,0.0,-0.0,0.37046331209516503,0.0,-0.0,0.0,0.17984260520625103
3.0330887966556475e-05,0.19019098579883575,0.6140152215957642,-0.22100938856601715,0.7725259065628052,0.0042861726880073624,0.9754621982574463,-0.3955904245376587,-0.026630520820617676,-0.6439536213874817,1.0,50.30605697631836,False,0.0,0.17782101035118103,-0.22700485587120056,0.7724708914756775,0.0,-0.003808509409427643,0.0218183633685112,-0.01,0.008009853959083558,0.00045809801667928696,False,18,False,False,2.2999999999999683,-0.3808509409427643,-0.0,0.0,0.0,0.0,0.0,0.0,-0.0,0.4182828655830886,0.0,-0.0,0.0,0.20533292338211664
3.610073326854035e-05,0.1886100322008133,0.5070170164108276,-0.22276075184345245,0.772648274898529,0.009781154692172998,0.9749183654785156,-0.21131396293640137,-0.0431254506111145,-0.3518803119659424,1.0,50.30605697631836,False,0.0,0.17782101035118103,-0.22700485587120056,0.7724708914756775,0.0,-0.0028019973635673525,0.021602573990821827,-0.01,0.008800576627254473,0.00046529993414878845,False,19,False,False,2.3999999999999573,-0.28019973635673523,-0.0,0.0,0.0,0.0,0.0,0.0,-0.0,0.4661496018385275,0.0,-0.0,0.0,0.2302728035556964
3.3267166145378724e-05,0.1885172426700592,0.5944749116897583,-0.22005966305732727,0.7726637125015259,0.004315936714410783,0.9530940055847168,-0.1656491756439209,-0.06998133659362793,0.008244752883911133,1.0,50.30605697631836,False,0.0,0.17782101035118103,-0.22700485587120056,0.7724708914756775,0.0,-0.002351983040571213,0.015785571038722995,-0.01,0.003433587998151782,0.00047215400263667107,False,20,False,False,2.4999999999999463,-0.23519830405712128,-0.0,0.0,0.0,0.0,0.0,0.0,-0.0,0.5027480718835402,0.0,-0.0,0.0,0.2490220529011989
4.785370038007386e-05,0.1805274337530136,0.4116147756576538,-0.21803636848926544,0.7731444239616394,0.0013644349575042923,0.9219862222671509,-0.09663426876068115,-0.08460575342178345,0.23571038246154785,1.0,50.30605697631836,False,0.0,0.17782101035118103,-0.22700485587120056,0.7724708914756775,0.0,-0.002305285930633545,0.006312278956174866,-0.01,-0.005993006974458679,0.0005538719706237316,False,21,False,False,2.5999999999999353,-0.2305285930633545,-0.0,0.0,0.0,0.0,0.0,0.0,-0.0,0.5205783979967744,0.0,-0.0,0.0,0.25798391306775365
4.2421619582455605e-05,0.18257933855056763,0.4730930030345917,-0.21819207072257996,0.7730925679206848,-0.014909969568252562,0.7694997787475586,-0.022038161754608154,-0.12262570858001709,0.3503350019454956,1.0,50.30605697631836,False,0.0,0.17782101035118103,-0.22700485587120056,0.7724708914756775,0.0,-0.0018259680271148682,-0.0026562653481960186,-0.01,-0.014482233375310887,0.00046495720744132996,False,22,False,False,2.6999999999999242,-0.18259680271148682,-0.0,0.0,0.0,0.0,0.0,0.0,-0.0,0.5204706520735557,0.0,-0.0,0.0,0.25840935800966297
4.131218884140253e-05,0.18181219696998596,0.37390244007110596,-0.22036196291446686,0.7730538845062256,-0.019887284040451026,0.5980970859527588,-0.010059893131256104,-0.3000794053077698,0.34383082389831543,1.0,50.30605697631836,False,0.0,0.17782101035118103,-0.22700485587120056,0.7724708914756775,0.0,-0.00141522154211998,-0.009286006093025212,-0.01,-0.020701227635145193,0.0004767579957842827,False,23,False,False,2.7999999999999132,-0.14152215421199799,-0.0,0.0,0.0,0.0,0.0,0.0,-0.0,0.5069683077146667,0.0,-0.0,0.0,0.2520689323152134
4.035992606077343e-05,0.18102924525737762,0.4903073012828827,-0.21626293659210205,0.7732299566268921,-0.021211559772491465,0.31177854537963867,-0.06397402286529541,-0.570104718208313,0.3140430450439453,1.0,50.30605697631836,False,0.0,0.17782101035118103,-0.22700485587120056,0.7724708914756775,0.0,-0.001312352418899536,-0.01077775239944459,-0.01,-0.022090104818344128,0.00046164216473698616,False,24,False,False,2.899999999999902,-0.1312352418899536,-0.0,0.0,0.0,0.0,0.0,0.0,-0.0,0.49031601561813964,0.0,-0.0,0.0,0.24384565539017028
4.286928742658347e-05,0.17880606651306152,0.3988911807537079,-0.2167854607105255,0.77323317527771,-0.020670716837048544,0.15770983695983887,-0.00499337911605835,-0.6647295951843262,0.17874741554260254,1.0,50.30605697631836,False,0.0,0.17782101035118103,-0.22700485587120056,0.7724708914756775,0.0,-0.001246783509850502,-0.00946011930704116,-0.01,-0.02070690281689166,0.0004563741385936737,False,25,False,False,2.999999999999891,-0.1246783509850502,-0.0,0.0,0.0,0.0,0.0,0.0,-0.0,0.4761574067397569,0.0,-0.0,0.0,0.23683191986002797
3.915521301678382e-05,0.18182486295700073,0.4677891731262207,-0.2176780104637146,0.7731738686561584,-0.015538621768355366,0.021669626235961914,0.010525107383728027,-0.6395513415336609,-0.17621862888336182,1.0,50.30605697631836,False,0.0,0.17782101035118103,-0.22700485587120056,0.7724708914756775,0.0,-0.001101648136973381,-0.0043674877285957425,-0.01,-0.015469135865569123,0.0004694839008152485,False,26,False,False,3.09999999999988,-0.1101648136973381,-0.0,0.0,0.0,0.0,0.0,0.0,-0.0,0.47214380714944004,0.0,-0.0,0.0,0.23497025543774663
4.661021375795826e-05,0.175858274102211,0.4537259638309479,-0.216106116771698,0.7732211947441101,-0.007719442695379262,0.01683807373046875,0.025742769241333008,-0.6503100395202637,-0.5053678154945374,1.0,50.30605697631836,False,0.0,0.17782101035118103,-0.22700485587120056,0.7724708914756775,0.0,-0.0016981150209903718,0.004046435058116915,-0.01,-0.007651679962873457,0.0004627169109880924,False,27,False,False,3.199999999999869,-0.16981150209903717,-0.0,0.0,0.0,0.0,0.0,0.0,-0.0,0.48508754807656373,0.0,-0.0,0.0,0.2408456590172915
4.53703869425226e-05,0.17487627267837524,0.3535240888595581,-0.22022685408592224,0.7733538746833801,0.0010224692523479635,-0.03647798299789429,0.04779183864593506,-0.4378759264945984,-0.9205957651138306,1.0,50.30605697631836,False,0.0,0.17782101035118103,-0.22700485587120056,0.7724708914756775,0.0,-0.00260711669921875,0.013384677469730377,-0.01,0.0007775607705116268,0.000510387122631073,False,28,False,False,3.299999999999858,-0.260711669921875,-0.0,0.0,0.0,0.0,0.0,0.0,-0.0,0.5170270473876848,0.0,-0.0,0.0,0.25590640699462364
6.155033042887226e-05,0.17091774940490723,0.5078186988830566,-0.2196044623851776,0.7734017968177795,0.009398517012596105,-0.11459469795227051,-0.00438004732131958,-0.10502183437347412,-0.9836692214012146,1.0,50.30605697631836,False,0.0,0.17782101035118103,-0.22700485587120056,0.7724708914756775,0.0,-0.002479464560747147,0.021970363408327087,-0.01,0.00949089884757994,0.0007404359057545662,False,29,False,False,3.399999999999847,-0.24794645607471466,-0.0,0.0,0.0,0.0,0.0,0.0,-0.0,0.5666342966627589,0.0,-0.0,0.0,0.2808376837706323
4.207817983115092e-05,0.17345181107521057,0.322060763835907,-0.22283118963241577,0.7735898494720459,0.013087473511695863,-0.17191511392593384,0.006464719772338867,0.23430728912353516,-0.9903798699378967,1.0,50.30605697631836,False,0.0,0.17782101035118103,-0.22700485587120056,0.7724708914756775,0.0,-0.0026633721590042115,0.024841891378164283,-0.01,0.012178519219160073,0.00048379506915807724,False,30,False,False,3.499999999999836,-0.26633721590042114,-0.0,0.0,0.0,0.0,0.0,0.0,-0.0,0.6225433588885347,0.0,-0.0,0.0,0.3086083072852632
5.09985547978431e-05,0.17392367124557495,0.21451015770435333,-0.22488799691200256,0.7728919982910156,0.011513860821723924,-0.18996620178222656,-0.00865793228149414,0.397533655166626,-0.9843719601631165,1.0,50.30605697631836,False,0.0,0.17782101035118103,-0.22700485587120056,0.7724708914756775,0.0,-0.0029079583287239075,0.0257908010482788,-0.01,0.012882842719554892,0.0005346448160707951,False,31,False,False,3.599999999999825,-0.29079583287239075,-0.0,0.0,0.0,0.0,0.0,0.0,-0.0,0.680934488071196,0.0,-0.0,0.0,0.3375592857068741
4.6169468987500295e-05,0.1772909015417099,0.05120287463068962,-0.22733598947525024,0.7731457352638245,0.012294470369815807,-0.18207919597625732,-0.032461583614349365,0.5160410404205322,-0.9618746638298035,1.0,50.30605697631836,False,0.0,0.17782101035118103,-0.22700485587120056,0.7724708914756775,0.0,-0.0030642694234848025,0.025720364600419987,-0.01,0.012656095176935183,0.0004650629125535488,False,32,False,False,3.699999999999814,-0.3064269423484802,-0.0,0.0,0.0,0.0,0.0,0.0,-0.0,0.7397728308724658,0.0,-0.0,0.0,0.3668221460127481
4.9274778575636446e-05,0.17576394975185394,0.11709084361791611,-0.22575643658638,0.7726781368255615,0.012502083331346529,-0.0862342119216919,-0.08561074733734131,0.3058469295501709,-0.8537358045578003,1.0,50.30605697631836,False,0.0,0.17782101035118103,-0.22700485587120056,0.7724708914756775,0.0,-0.002092931866645813,0.023974236249923675,-0.01,0.011881304383277861,0.00045790895819664,False,33,False,False,3.799999999999803,-0.2092931866645813,-0.0,0.0,0.0,0.0,0.0,0.0,-0.0,0.795678008906225,0.0,-0.0,0.0,0.39574607258646666
4.86750177515205e-05,0.17432989180088043,0.16239383816719055,-0.22775380313396454,0.7731026411056519,0.008849760964512817,-0.01859956979751587,-0.0778723955154419,0.24041664600372314,-0.6073843240737915,1.0,50.30605697631836,False,0.0,0.17782101035118103,-0.22700485587120056,0.7724708914756775,0.0,-0.001082814857363701,0.01903566397726536,-0.01,0.007952849119901658,0.0004678349941968918,False,34,False,False,3.899999999999792,-0.10828148573637009,-0.0,0.0,0.0,0.0,0.0,0.0,-0.0,0.8421711806598042,0.0,-0.0,0.0,0.4200027754725384
6.280565867200494e-05,0.17484509944915771,0.16334205865859985,-0.22830592095851898,0.7730941772460938,-0.000855191033333565,-0.022146165370941162,-0.07713162899017334,0.08499646186828613,-0.21528595685958862,1.0,50.30605697631836,False,0.0,0.17782101035118103,-0.22700485587120056,0.7724708914756775,0.0,-0.0001500304602086544,0.009654077887535084,-0.01,-0.0004959525726735709,0.0004666280001401901,False,35,False,False,3.999999999999781,-0.01500304602086544,-0.0,0.0,0.0,0.0,0.0,0.0,-0.0,0.8701809580462039,0.0,-0.0,0.0,0.43494044856289327
7.235914381453767e-05,0.1736617088317871,0.23520737886428833,-0.22840814292430878,0.773964524269104,-0.0072837215196341586,-0.014235854148864746,-0.0831640362739563,0.03460264205932617,0.03096330165863037,1.0,50.30605697631836,False,0.0,0.17782101035118103,-0.22700485587120056,0.7724708914756775,0.0,-2.3187464103102686e-05,-0.00025868095457554086,-0.01,-0.010281868418678643,0.0004698862321674824,False,36,False,False,4.0999999999997705,-0.0023187464103102684,-0.0,0.0,0.0,0.0,0.0,0.0,-0.0,0.8784482311977905,0.0,-0.0,0.0,0.4392009281347921
7.699859997956082e-05,0.17093347012996674,0.4806796610355377,-0.23325411975383759,0.7737544775009155,-0.020025615561753543,-0.04637479782104492,-0.04269576072692871,0.1519176959991455,0.09379041194915771,0.9999915361404419,50.30605697631836,False,0.0,0.17782101035118103,-0.22700485587120056,0.7724708914756775,0.0,-8.962294086813928e-05,-0.005938100032508387,-0.01,-0.016027722973376526,0.00046115927398204803,False,37,False,False,4.1999999999997595,-0.008962294086813927,-0.0,0.0,0.0,0.0,0.0,0.0,-0.0,0.8753252575647296,0.0,-0.0,0.0,0.43757300584149667
5.5268072173930705e-05,0.17233289778232574,0.40633976459503174,-0.23240773379802704,0.7737700939178467,-0.016431951820850384,-0.11982005834579468,-0.07727563381195068,0.11663830280303955,0.025386810302734375,0.9998328685760498,50.30605697631836,False,0.0,0.17782101035118103,-0.22700485587120056,0.7724708914756775,0.0,-8.644338697195054e-05,-0.007658046185970324,-0.01,-0.017744489572942276,0.00046144891530275345,False,38,False,False,4.2999999999997485,-0.008644338697195053,-0.0,0.0,0.0,0.0,0.0,0.0,-0.0,0.8686961519694755,0.0,-0.0,0.0,0.4342616325977658
3.10046634695027e-05,0.1742277294397354,0.2649580240249634,-0.23019415140151978,0.773637056350708,-0.016098008393310027,-0.09297603368759155,-0.05936342477798462,0.09030187129974365,0.028133392333984375,0.9999701976776123,50.30605697631836,False,0.0,0.17782101035118103,-0.22700485587120056,0.7724708914756775,0.0,-5.2786185406148434e-05,-0.007282278165221201,-0.01,-0.01733506435062735,0.0004673181101679802,False,39,False,False,4.3999999999997375,-0.005278618540614843,-0.0,0.0,0.0,0.0,0.0,0.0,-0.0,0.8627592004402838,0.0,-0.0,0.0,0.4313268140347357
3.0868537578498945e-05,0.17336837947368622,0.3291497826576233,-0.23110146820545197,0.7737961411476135,-0.0165615521138534,-0.02051609754562378,-0.03189140558242798,0.13904786109924316,0.08692240715026855,0.9999924898147583,50.30605697631836,False,0.0,0.17782101035118103,-0.22700485587120056,0.7724708914756775,0.0,-7.081945892423392e-05,-0.007398418337106694,-0.01,-0.017469237796030927,0.0004567238502204418,False,40,False,False,4.499999999999726,-0.007081945892423391,-0.0,0.0,0.0,0.0,0.0,0.0,-0.0,0.8565275826382808,0.0,-0.0,0.0,0.42819297186021615
4.435016671777703e-05,0.16966402530670166,0.5468398332595825,-0.2344650775194168,0.7734543681144714,-0.0184638098999858,-0.013798177242279053,-0.037567138671875,0.17187249660491943,0.11998224258422852,0.9999938011169434,50.29936981201172,False,0.011789798736572266,0.1776953786611557,-0.2269568145275116,0.7725887894630432,0.0,-0.00011384394019842148,-0.007527358233928694,-0.01,-0.017641202174127117,0.0005281800404191017,False,41,False,False,4.599999999999715,-0.011384394019842148,-0.0,0.0,0.0,0.0,0.0,0.0,-0.0,0.8499727023199616,0.0,-0.0,0.0,0.42487250721978237
3.526062209857628e-05,0.1807277500629425,0.31523454189300537,-0.2319835126399994,0.7738742232322693,-0.027358242487534865,-0.08608478307723999,-0.08753859996795654,0.12200331687927246,0.0829164981842041,0.999995231628418,50.28287887573242,False,0.052285194396972656,0.17728003859519958,-0.22685466706752777,0.7729937434196472,0.0,-9.208387695252895e-05,-0.007060457020998001,-0.01,-0.01715254089795053,0.0004781680181622505,False,42,False,False,4.699999999999704,-0.009208387695252895,-0.0,0.0,0.0,0.0,0.0,0.0,-0.0,0.8442947422519594,0.0,-0.0,0.0,0.4220552872490272
6.547175871673971e-05,0.17518159747123718,0.2592439651489258,-0.23256894946098328,0.7733966708183289,-0.013102083429694194,0.10425126552581787,-0.02999824285507202,0.18394029140472412,0.25904345512390137,1.0,50.26963424682617,False,0.07863640785217285,0.17701269686222076,-0.22676214575767517,0.7732572555541992,0.0,-0.000281764417886734,-0.008254076242446895,-0.01,-0.01853584066033363,0.0004898081533610821,False,43,False,False,4.799999999999693,-0.0281764417886734,-0.0,0.0,0.0,0.0,0.0,0.0,-0.0,0.8361480065157565,0.0,-0.0,0.0,0.4177922388399915
2.4200706320698373e-05,0.18020561337471008,0.27351629734039307,-0.23150523006916046,0.773815929889679,-0.025042089857161023,0.04966938495635986,-0.053262948989868164,0.29507744312286377,0.23346102237701416,0.9999996423721313,50.3131217956543,False,-0.019347667694091797,0.1779947727918625,-0.2270490974187851,0.7722774147987366,0.0,-0.000367196835577488,-0.013917571306228615,-0.01,-0.024284768141806103,0.0005700043402612209,False,44,False,False,4.899999999999682,-0.036719683557748795,-0.0,0.0,0.0,0.0,0.0,0.0,-0.0,0.8164776106745923,0.0,-0.0,0.0,0.40787160850171866
0.0001247465843334794,0.16315826773643494,1.3387476205825806,-0.25107792019844055,0.7738956809043884,-0.029674974754452722,0.13810944557189941,-0.04478931427001953,0.32694900035858154,0.2725965976715088,1.0,50.304996490478516,False,-0.00011324882507324219,0.1778123676776886,-0.22699551284313202,0.7724697589874268,0.0,-0.0005057121068239212,-0.010324745029211047,-0.01,-0.020830457136034968,0.0006007379852235317,False,45,False,False,4.999999999999671,-0.05057121068239212,-0.0,0.0,0.0,0.0,0.0,0.0,-0.0,0.8038668015595422,0.0,-0.0,0.0,0.40142768867294715
5.0606238801265135e-05,0.17781704664230347,0.5807930827140808,-0.24355818331241608,0.7733259201049805,-0.01716237397864464,-0.21082860231399536,-0.2271054983139038,0.1387883424758911,0.015861034393310547,1.0,50.304954528808594,False,0.0,0.17781127989292145,-0.22699518501758575,0.7724708914756775,0.0,-0.0002888484485447407,-0.010040379166603108,-0.01,-0.020329227615147848,0.000517968088388443,False,46,False,False,5.09999999999966,-0.028884844854474068,-0.0,0.0,0.0,0.0,0.0,0.0,-0.0,0.7917029437137226,0.0,-0.0,0.0,0.39556262340831655
8.626957423985004e-05,0.16617345809936523,1.402076005935669,-0.2557305097579956,0.7741600275039673,-0.021126215308904628,-0.06429022550582886,-0.15928351879119873,0.04430675506591797,0.23254013061523438,1.0,50.304954528808594,False,0.0,0.17781127989292145,-0.22699518501758575,0.7724708914756775,0.0,-0.00021385617554187775,-0.009614828377962126,-0.01,-0.019828684553504006,0.00047776103019714355,False,47,False,False,5.199999999999649,-0.021385617554187775,-0.0,0.0,0.0,0.0,0.0,0.0,-0.0,0.7802760272929372,0.0,-0.0,0.0,0.38992415747092674
0.00016253434296231717,0.16597093641757965,1.0219167470932007,-0.24357561767101288,0.7747076153755188,-0.003391024582087996,-0.17852669954299927,-0.21192848682403564,0.06172454357147217,0.03288853168487549,1.0,50.304954528808594,False,0.0,0.17781127989292145,-0.22699518501758575,0.7724708914756775,0.0,-0.00020419258624315261,-0.010932830274105076,-0.01,-0.02113702286034823,0.0006618448533117771,False,48,False,False,5.299999999999638,-0.020419258624315262,-0.0,0.0,0.0,0.0,0.0,0.0,-0.0,0.766071217742508,0.0,-0.0,0.0,0.38283141628501083
0.0001911136059788987,0.16409870982170105,1.377686858177185,-0.25115543603897095,0.7759286761283875,-0.01743073518387973,-0.10133779048919678,-0.12428003549575806,0.028639674186706543,0.021037936210632324,1.0,50.304954528808594,False,0.0,0.17781127989292145,-0.22699518501758575,0.7724708914756775,0.0,-6.744424812495709e-05,-0.008256834074854835,-0.01,-0.018324278322979795,0.0006038020364940166,False,49,False,False,5.399999999999627,-0.0067444248124957085,-0.0,0.0,0.0,0.0,0.0,0.0,-0.0,0.7571288960140068,0.0,-0.0,0.0,0.37849700375887846
0.00036324068787507713,0.17183375358581543,0.8625378012657166,-0.24245718121528625,0.7769075036048889,-0.014126355871558185,-0.11942434310913086,-0.1266043782234192,-0.046074509620666504,0.15396368503570557,1.0,50.304954528808594,False,0.0,0.17781127989292145,-0.22699518501758575,0.7724708914756775,0.0,-0.00014029629528522491,-0.008565908223390595,-0.01,-0.01870620451867582,0.0004879562184214592,False,50,False,False,5.499999999999616,-0.014029629528522491,-0.0,0.0,0.0,0.0,0.0,0.0,-0.0,0.7474716003929656,0.0,-0.0,0.0,0.37359550390119756
0.0004615160869434476,0.16535818576812744,1.2880295515060425,-0.24902430176734924,0.7766295671463013,-0.019465066082775612,0.05848050117492676,-0.020233452320098877,0.18326032161712646,0.28035449981689453,1.0,50.304954528808594,False,0.0,0.17781127989292145,-0.22699518501758575,0.7724708914756775,0.0,-0.000290030874311924,-0.010954036116600063,-0.01,-0.021244066990911987,0.0005708513781428337,False,51,False,False,5.599999999999605,-0.029003087431192398,-0.0,0.0,0.0,0.0,0.0,0.0,-0.0,0.7328925872726397,0.0,-0.0,0.0,0.36615626276200797
0.0002692865382414311,0.16700465977191925,1.4535014629364014,-0.2566010653972626,0.775663435459137,-0.030303450748324377,-0.056791841983795166,-0.08333992958068848,0.09173226356506348,0.20747971534729004,1.0,50.304954528808594,False,0.0,0.17781127989292145,-0.22699518501758575,0.7724708914756775,0.0,-0.0001540837436914444,-0.011318644881248452,-0.01,-0.021472728624939895,0.0005079442635178566,False,52,False,False,5.699999999999594,-0.01540837436914444,-0.0,0.0,0.0,0.0,0.0,0.0,-0.0,0.7174294776485203,0.0,-0.0,0.0,0.35856065508056867
0.00015893796808086336,0.16695310175418854,1.126888394355774,-0.24806730449199677,0.7743472456932068,-0.01834481207653879,-0.09031403064727783,-0.150445818901062,0.09993290901184082,0.2728917598724365,1.0,50.304954528808594,False,0.0,0.17781127989292145,-0.22699518501758575,0.7724708914756775,0.0,-0.0002881176583468914,-0.012067509293556211,-0.01,-0.0223556269519031,0.00046700891107320786,False,53,False,False,5.799999999999583,-0.02881176583468914,-0.0,0.0,0.0,0.0,0.0,0.0,-0.0,0.7002974369326191,0.0,-0.0,0.0,0.34986060080796266
0.0001549538574181497,0.17065033316612244,0.8640497922897339,-0.24382680654525757,0.7743998169898987,-0.02266915071755647,0.00516510009765625,-0.09000188112258911,0.2953052520751953,0.16254067420959473,1.0,50.304954528808594,False,0.0,0.17781127989292145,-0.22699518501758575,0.7724708914756775,0.0,-0.0003043792024254799,-0.011893941015005127,-0.01,-0.02219832021743061,0.0004772478714585304,False,54,False,False,5.899999999999572,-0.03043792024254799,-0.0,0.0,0.0,0.0,0.0,0.0,-0.0,0.683343063039169,0.0,-0.0,0.0,0.34136715231715903
0.00033426168374717236,0.16988414525985718,1.3147532939910889,-0.25604480504989624,0.7749367356300354,-0.02335963174700736,0.19626235961914062,-0.019895434379577637,0.41863131523132324,0.31713247299194336,1.0,50.304954528808594,False,0.0,0.17781127989292145,-0.22699518501758575,0.7724708914756775,0.0,-0.0007868498563766479,-0.009636796712875373,-0.01,-0.02042364656925202,0.00047123292461037636,False,55,False,False,5.999999999999561,-0.0786849856376648,-0.0,0.0,0.0,0.0,0.0,0.0,-0.0,0.6707772083714914,0.0,-0.0,0.0,0.334601754329369
5.123424489283934e-05,0.1765081286430359,1.1770058870315552,-0.26071807742118835,0.7721867561340332,-0.035810045003891,0.06301021575927734,-0.14570611715316772,0.4278707504272461,0.42627429962158203,1.0,50.304954528808594,False,0.0,0.17781127989292145,-0.22699518501758575,0.7724708914756775,0.0,-0.000974959284067154,-0.012353066056966788,-0.01,-0.023328025341033943,0.0004709227941930294,False,56,False,False,6.09999999999955,-0.0974959284067154,-0.0,0.0,0.0,0.0,0.0,0.0,-0.0,0.6525971417822453,0.0,-0.0,0.0,0.3253236116070555
0.005049446597695351,0.17113381624221802,1.5754371881484985,-0.25268253684043884,0.7873691916465759,0.01393069460988045,0.10678219795227051,-0.2063959836959839,0.49648547172546387,0.3878127336502075,1.0,50.304954528808594,False,0.0,0.17781127989292145,-0.22699518501758575,0.7724708914756775,0.0,-0.0011272457242012025,-0.015215840637683886,-0.01,-0.026343086361885086,0.00046918960288167,False,57,False,False,6.199999999999539,-0.11272457242012024,-0.0,0.0,0.0,0.0,0.0,0.0,-0.0,0.6284498737882795,0.0,-0.0,0.0,0.3130976911699386
0.0043129161931574345,0.17458607256412506,2.1555845737457275,-0.27158811688423157,0.7893202900886536,-0.0336692678183317,0.04944717884063721,-0.006873786449432373,0.4815969467163086,0.31348514556884766,1.0,50.304954528808594,False,0.0,0.17781127989292145,-0.22699518501758575,0.7724708914756775,0.0,-0.0008317520469427108,-0.013835994005203245,-0.01,-0.02466774605214596,0.0004699891433119774,False,58,False,False,6.299999999999528,-0.08317520469427109,-0.0,0.0,0.0,0.0,0.0,0.0,-0.0,0.6068464337775868,0.0,-0.0,0.0,0.30259146484185073
0.02516023814678192,0.17107528448104858,2.5238969326019287,-0.26884686946868896,0.7996001243591309,0.0008729758858680749,-0.1349858045578003,-0.15846002101898193,0.24453282356262207,0.42159879207611084,1.0,50.304954528808594,False,0.0,0.17781127989292145,-0.22699518501758575,0.7724708914756775,0.0,-0.0007021814584732055,-0.013561350852251075,-0.01,-0.02426353231072428,0.0004631062038242817,False,59,False,False,6.399999999999517,-0.07021814584732056,-0.0,0.0,0.0,0.0,0.0,0.0,-0.0,0.5855794440142166,0.0,-0.0,0.0,0.29208754054863506
0.007183306384831667,0.162091463804245,2.4567058086395264,-0.2685522437095642,0.7888951897621155,-0.03843377470970154,-0.18016916513442993,-0.073261559009552,0.2136322259902954,-0.06802701950073242,1.0,50.304954528808594,False,0.0,0.17781127989292145,-0.22699518501758575,0.7724708914756775,0.0,-0.00022023648023605346,-0.011807938814163199,-0.01,-0.022028175294399252,0.00047100894153118134,False,60,False,False,6.499999999999506,-0.022023648023605347,-0.0,0.0,0.0,0.0,0.0,0.0,-0.0,0.5676400239006467,0.0,-0.0,0.0,0.2835997754700873
0.007032549474388361,0.16750739514827728,2.3507590293884277,-0.27115336060523987,0.7885316014289856,-0.01781701888889075,-0.24572205543518066,-0.0878976583480835,-0.029800474643707275,-0.07147550582885742,1.0,50.304954528808594,False,0.0,0.17781127989292145,-0.22699518501758575,0.7724708914756775,0.0,-0.00018525537103414536,-0.004172472655773141,-0.01,-0.014357728026807286,0.0005625579506158829,False,61,False,False,6.599999999999495,-0.018525537103414536,-0.0,0.0,0.0,0.0,0.0,0.0,-0.0,0.5649444981880862,0.0,-0.0,0.0,0.28228699372300897
0.0016687733586877584,0.15915824472904205,2.202975273132324,-0.26291388273239136,0.7839884161949158,-0.015548444408923397,-0.16087889671325684,-0.0910416841506958,-0.14713728427886963,0.12337851524353027,1.0,50.304954528808594,False,0.0,0.17781127989292145,-0.22699518501758575,0.7724708914756775,0.0,-0.00017760561779141428,-0.00553528219461441,-0.01,-0.015712887812405825,0.00047064805403351784,False,62,False,False,6.699999999999484,-0.017760561779141426,-0.0,0.0,0.0,0.0,0.0,0.0,-0.0,0.5594686574947522,0.0,-0.0,0.0,0.2795567231295847
0.03741418942809105,0.15645547211170197,3.2580389976501465,-0.2676098942756653,0.8082415461540222,0.034826686047017545,-0.1203429102897644,-0.06320047378540039,-0.26857805252075195,-0.16558349132537842,1.0,50.304954528808594,False,0.0,0.17781127989292145,-0.22699518501758575,0.7724708914756775,0.0,-0.00029507193714380266,-0.0054887840151786604,-0.01,-0.015783855952322463,0.0005995952524244785,False,63,False,False,6.799999999999473,-0.029507193714380264,-0.0,0.0,0.0,0.0,0.0,0.0,-0.0,0.5540313232249956,0.0,-0.0,0.0,0.276720589675354
0.0004986521089449525,0.15936067700386047,2.0819852352142334,-0.2626911997795105,0.7807838320732117,-0.06791395962238313,-0.2711836099624634,0.36769211292266846,-0.6754084825515747,-0.3454270362854004,1.0,50.304954528808594,False,0.0,0.17781127989292145,-0.22699518501758575,0.7724708914756775,0.0,-0.0019605863094329834,0.0006961855292320074,-0.01,-0.011264400780200976,0.0006231912411749363,False,64,False,False,6.899999999999462,-0.19605863094329834,-0.0,0.0,0.0,0.0,0.0,0.0,-0.0,0.561034049799812,0.0,-0.0,0.0,0.278556438590473
0.001395050436258316,0.16346672177314758,1.7814666032791138,-0.2524961829185486,0.7860693335533142,-0.002204953879117973,-0.08674055337905884,0.04811549186706543,-0.8905482888221741,0.11696457862854004,1.0,50.304954528808594,False,0.0,0.17781127989292145,-0.22699518501758575,0.7724708914756775,0.0,-0.0020414900779724124,0.00020314723253250788,-0.01,-0.011838342845439904,0.0005172891542315483,False,65,False,False,6.999999999999451,-0.2041490077972412,-0.0,0.0,0.0,0.0,0.0,0.0,-0.0,0.5671114966090354,0.0,-0.0,0.0,0.2815142582265453
0.00015325871936511248,0.16020692884922028,1.3395905494689941,-0.2464064508676529,0.775642991065979,-0.04257146477699278,0.1512467861175537,0.143996000289917,-0.9103087782859802,0.6027417182922363,1.0,50.304954528808594,False,0.0,0.17781127989292145,-0.22699518501758575,0.7724708914756775,0.0,-0.0030889254808425903,-0.009535496681928657,-0.01,-0.022624422162771246,0.0004856749437749386,False,66,False,False,7.09999999999944,-0.30889254808425903,-0.0,0.0,0.0,0.0,0.0,0.0,-0.0,0.5535762312597106,0.0,-0.0,0.0,0.27369919014901267
0.0008943374268710613,0.1591242551803589,1.747991681098938,-0.2462785840034485,0.7869402170181274,-0.008168792873620986,0.283367395401001,0.09801375865936279,-0.9407186508178711,0.5618104934692383,1.0,50.304954528808594,False,0.0,0.17781127989292145,-0.22699518501758575,0.7724708914756775,0.0,-0.0032262158393859862,-0.014629818946123141,-0.01,-0.027856034785509125,0.0006220070645213127,False,67,False,False,7.199999999999429,-0.32262158393859863,-0.0,0.0,0.0,0.0,0.0,0.0,-0.0,0.5296127010006206,0.0,-0.0,0.0,0.26158013466092433
0.000683979073073715,0.16292092204093933,1.3074297904968262,-0.23975417017936707,0.7840444445610046,-0.039963786303997044,0.20373356342315674,0.17999267578125,-0.9519855380058289,0.6831783056259155,1.0,50.304954528808594,False,0.0,0.17781127989292145,-0.22699518501758575,0.7724708914756775,0.0,-0.003617284297943115,-0.015437041223049175,-0.01,-0.02905432552099229,0.00046780891716480255,False,68,False,False,7.299999999999418,-0.3617284297943115,-0.0,0.0,0.0,0.0,0.0,0.0,-0.0,0.5037763396496684,0.0,-0.0,0.0,0.24827088552689108
0.005628898739814758,0.16216106712818146,1.5643397569656372,-0.2312575727701187,0.7994884848594666,-0.0029782541096210324,0.22822272777557373,0.21089553833007812,-0.9571706056594849,0.6094731092453003,1.0,50.304954528808594,False,0.0,0.17781127989292145,-0.22699518501758575,0.7724708914756775,0.0,-0.0034604889154434206,-0.01676824867725374,-0.01,-0.03022873759269716,0.0004900800995528698,False,69,False,False,7.399999999999407,-0.34604889154434204,-0.0,0.0,0.0,0.0,0.0,0.0,-0.0,0.4749898178833708,0.0,-0.0,0.0,0.23403442002624197
0.010726617649197578,0.1679908037185669,1.8331871032714844,-0.23590947687625885,0.808731734752655,-0.01677946373820306,0.1636965274810791,0.42059826850891113,-0.9362207055091858,0.5902986526489258,1.0,50.304954528808594,False,0.0,0.17781127989292145,-0.22699518501758575,0.7724708914756775,0.0,-0.0035716527700424194,-0.015545697510242457,-0.01,-0.02911735028028488,0.00048267701640725136,False,70,False,False,7.499999999999396,-0.35716527700424194,-0.0,0.0,0.0,0.0,0.0,0.0,-0.0,0.4483822507953903,0.0,-0.0,0.0,0.22061947262765272
0.0024163841735571623,0.165320485830307,1.5856554508209229,-0.23879820108413696,0.7957467436790466,-0.05679179370403293,0.03703272342681885,0.41161441802978516,-0.9450436234474182,0.5018531084060669,1.0,50.304954528808594,False,0.0,0.17781127989292145,-0.22699518501758575,0.7724708914756775,0.0,-0.0032894045114517214,-0.014691810607910166,-0.01,-0.027981215119361885,0.0005377670750021935,False,71,False,False,7.599999999999385,-0.3289404511451721,-0.0,0.0,0.0,0.0,0.0,0.0,-0.0,0.42323091894132303,0.0,-0.0,0.0,0.2083260549592098
0.0006806081510148942,0.1616280972957611,1.271201252937317,-0.23737531900405884,0.7840436100959778,-0.0455117580294609,-0.11549323797225952,0.1714719533920288,-0.9521671533584595,0.14280164241790771,1.0,50.304954528808594,False,0.0,0.17781127989292145,-0.22699518501758575,0.7724708914756775,0.0,-0.002424389719963074,-0.011155357062816618,-0.01,-0.023579746782779694,0.0004651597701013088,False,72,False,False,7.699999999999374,-0.24243897199630737,-0.0,0.0,0.0,0.0,0.0,0.0,-0.0,0.40496987589908584,0.0,-0.0,0.0,0.20006054822957986
0.00026164145674556494,0.1629626452922821,1.3747572898864746,-0.24728259444236755,0.7785775661468506,-0.030012469589710246,-0.21061354875564575,-0.004099071025848389,-0.9263284802436829,-0.035762786865234375,1.0,50.304954528808594,False,0.0,0.17781127989292145,-0.22699518501758575,0.7724708914756775,0.0,-0.0022593456506729125,-0.005283717215061184,-0.01,-0.017543062865734097,0.00046257302165031433,False,73,False,False,7.799999999999363,-0.22593456506729126,-0.0,0.0,0.0,0.0,0.0,0.0,-0.0,0.39838625158207097,0.0,-0.0,0.0,0.19693378014036259
6.074488555896096e-05,0.16594448685646057,0.9700407385826111,-0.24377262592315674,0.7729278802871704,-0.020177313089370718,-0.1927768588066101,-0.2662621736526489,-0.9219315648078918,-0.48205673694610596,1.0,50.304954528808594,False,0.0,0.17781127989292145,-0.22699518501758575,0.7724708914756775,0.0,-0.002975987493991852,0.0006228575110435453,-0.01,-0.012353129982948307,0.00046573206782341003,False,74,False,False,7.899999999999352,-0.2975987493991852,-0.0,0.0,0.0,0.0,0.0,0.0,-0.0,0.4036688844716907,0.0,-0.0,0.0,0.19885845474185349
9.281504026148468e-05,0.1610277146100998,1.2263720035552979,-0.24455499649047852,0.7749186754226685,0.0010366624593734688,0.10137355327606201,-0.3203144073486328,-0.8486314415931702,-0.6491278409957886,1.0,50.304954528808594,False,0.0,0.17781127989292145,-0.22699518501758575,0.7724708914756775,0.0,-0.0031360507011413577,0.008599545657634738,-0.01,-0.00453650504350662,0.00046002399176359177,False,75,False,False,7.999999999999341,-0.31360507011413574,-0.0,0.0,0.0,0.0,0.0,0.0,-0.0,0.4251190694942669,0.0,-0.0,0.0,0.2094234840459921
4.965275002177805e-05,0.16395312547683716,1.0906130075454712,-0.24514707922935486,0.7731792330741882,-0.0018834403157234076,0.17377686500549316,-0.25857365131378174,-0.7268741130828857,-0.7554987072944641,1.0,50.304954528808594,False,0.0,0.17781127989292145,-0.22699518501758575,0.7724708914756775,0.0,-0.0029904574155807497,0.01372343599796294,-0.01,0.0007329785823821915,0.00047158077359199524,False,76,False,False,8.099999999999374,-0.29904574155807495,-0.0,0.0,0.0,0.0,0.0,0.0,-0.0,0.45713726256542797,0.0,-0.0,0.0,0.22557817386713325
9.006456093629822e-05,0.15921637415885925,1.277289867401123,-0.24455198645591736,0.7746378779411316,0.009768403619527808,0.28663063049316406,-0.2572075128555298,-0.5119245648384094,-0.7929206490516663,1.0,50.304954528808594,False,0.0,0.17781127989292145,-0.22699518501758575,0.7724708914756775,0.0,-0.0025977566838264465,0.01710161834955215,-0.01,0.004503861665725703,0.0005628447979688644,False,77,False,False,8.199999999999408,-0.25977566838264465,-0.0,0.0,0.0,0.0,0.0,0.0,-0.0,0.4963035968228521,0.0,-0.0,0.0,0.2455540417275996
3.573587309801951e-05,0.16732560098171234,0.9427562355995178,-0.24440547823905945,0.7728576064109802,0.0024623998999595657,0.22733688354492188,-0.18007683753967285,-0.3168417811393738,-0.8354763984680176,1.0,50.304954528808594,False,0.0,0.17781127989292145,-0.22699518501758575,0.7724708914756775,0.0,-0.0022062981128692627,0.0193203893303871,-0.01,0.007114091217517838,0.00047736894339323044,False,78,False,False,8.299999999999441,-0.22062981128692627,-0.0,0.0,0.0,0.0,0.0,0.0,-0.0,0.5403477004619336,0.0,-0.0,0.0,0.26796755211809753
9.122009942075238e-05,0.15754950046539307,1.2863974571228027,-0.2422366738319397,0.7755595445632935,0.017847382575273525,0.3117043972015381,-0.20156896114349365,-0.15745604038238525,-0.7555679082870483,1.0,50.304954528808594,False,0.0,0.17781127989292145,-0.22699518501758575,0.7724708914756775,0.0,-0.0018336623907089233,0.020116163343191162,-0.01,0.008282500952482239,0.00046980660408735275,False,79,False,False,8.399999999999475,-0.18336623907089233,-0.0,0.0,0.0,0.0,0.0,0.0,-0.0,0.5864446282517246,0.0,-0.0,0.0,0.2913886517351534
4.530976730166003e-05,0.15310510993003845,1.2848342657089233,-0.2392973154783249,0.7740076184272766,0.00533205568790438,0.1429758071899414,-0.06984740495681763,0.09594058990478516,-0.7426887154579163,1.0,50.304954528808594,False,0.0,0.17781127989292145,-0.22699518501758575,0.7724708914756775,0.0,-0.0014652797579765321,0.019171439409255975,-0.01,0.0077061596512794425,0.00048205163329839706,False,80,False,False,8.499999999999508,-0.1465279757976532,-0.0,0.0,0.0,0.0,0.0,0.0,-0.0,0.6310984334337326,0.0,-0.0,0.0,0.31408393695888975
4.774161789100617e-05,0.15337198972702026,1.2690037488937378,-0.23879441618919373,0.7743024826049805,0.009124229848384876,0.03392910957336426,0.03763747215270996,0.3914523124694824,-0.8553323149681091,1.0,50.304954528808594,False,0.0,0.17781127989292145,-0.22699518501758575,0.7724708914756775,0.0,-0.002218490093946457,0.0195314258337021,-0.01,0.00731293573975564,0.0005440716631710529,False,81,False,False,8.599999999999541,-0.2218490093946457,-0.0,0.0,0.0,0.0,0.0,0.0,-0.0,0.6769306441239152,0.0,-0.0,0.0,0.33624683196801114
3.168174225720577e-05,0.156374990940094,1.4229178428649902,-0.2468174695968628,0.7738998532295227,0.00910703167319296,-0.0243375301361084,0.09063839912414551,0.5999224185943604,-0.9026676416397095,1.0,50.304954528808594,False,0.0,0.17781127989292145,-0.22699518501758575,0.7724708914756775,0.0,-0.0029588085412979126,0.021431782096624385,-0.01,0.008472973555326472,0.00047565391287207603,False,82,False,False,8.699999999999575,-0.29588085412979126,-0.0,0.0,0.0,0.0,0.0,0.0,-0.0,0.7270647284993323,0.0,-0.0,0.0,0.36057355570836824
5.788650014437735e-05,0.15400846302509308,1.333149790763855,-0.24098363518714905,0.774674117565155,0.014746255800128,-0.07106000185012817,-0.010029435157775879,0.6451010704040527,-0.8242619037628174,1.0,50.304954528808594,False,0.0,0.17781127989292145,-0.22699518501758575,0.7724708914756775,0.0,-0.0027517831325531007,0.01999660193920133,-0.01,0.007244818806648229,0.00046387873589992523,False,83,False,False,8.799999999999608,-0.27517831325531006,-0.0,0.0,0.0,0.0,0.0,0.0,-0.0,0.7748061376724733,0.0,-0.0,0.0,0.38465128570368357
7.177541556302458e-05,0.15224097669124603,1.2934818267822266,-0.23858121037483215,0.7741190195083618,0.0077113129198550946,-0.04261159896850586,0.07173502445220947,0.8045608997344971,-0.6942976713180542,1.0,50.304954528808594,False,0.0,0.17781127989292145,-0.22699518501758575,0.7724708914756775,0.0,-0.00284082293510437,0.014438668787479403,-0.01,0.0015978458523750322,0.00047490280121564865,False,84,False,False,8.899999999999642,-0.284082293510437,-0.0,0.0,0.0,0.0,0.0,0.0,-0.0,0.8118013630946814,0.0,-0.0,0.0,0.40305985861223637
0.00016277194663416594,0.1575435847043991,1.4514456987380981,-0.2462790161371231,0.776462733745575,0.003540798835456339,-0.0009081363677978516,0.11175739765167236,0.8438403606414795,-0.546235978603363,1.0,50.304954528808594,False,0.0,0.17781127989292145,-0.22699518501758575,0.7724708914756775,0.0,-0.002557327151298523,0.009310372099280373,-0.01,-0.0032469550520181504,0.0005274228751659393,False,85,False,False,8.999999999999675,-0.2557327151298523,-0.0,0.0,0.0,0.0,0.0,0.0,-0.0,0.8388103289074401,0.0,-0.0,0.0,0.41684783730242153
0.0010515437461435795,0.15963543951511383,1.2409706115722656,-0.23628516495227814,0.7822341918945312,0.007681687884032727,0.020622730255126953,0.0903158187866211,0.8081549406051636,-0.007788240909576416,1.0,50.304954528808594,False,0.0,0.17781127989292145,-0.22699518501758575,0.7724708914756775,0.0,-0.0016543932259082794,0.0023865509033202947,-0.01,-0.009267842322587984,0.0004631918855011463,False,86,False,False,9.099999999999708,-0.16543932259082794,-0.0,0.0,0.0,0.0,0.0,0.0,-0.0,0.8521043967851747,0.0,-0.0,0.0,0.4243978051666791
0.0020949237514287233,0.15291129052639008,1.8967032432556152,-0.2403782606124878,0.7890172600746155,-0.010352345919236536,0.05812418460845947,0.08211362361907959,0.39568018913269043,0.30198729038238525,-0.9937941431999207,49.95745849609375,False,0.06040334701538086,0.1770835965871811,-0.22359180450439453,0.7730749249458313,0.0,-0.0006447005271911621,-0.005057868137955668,-0.01,-0.01570256866514683,0.0004796287976205349,False,87,False,False,9.199999999999742,-0.06447005271911621,-0.0,0.0,0.0,0.0,0.0,0.0,-0.0,0.8504934717081598,0.0,-0.0,0.0,0.4246020353268887
0.34339314699172974,0.15809568762779236,2.810824394226074,-0.22608737647533417,0.832969069480896,-0.10179349306970834,0.041823506355285645,0.055390000343322754,-0.0236283540725708,0.5944236516952515,-1.0,49.43105697631836,True,0.2843499183654785,0.1769610047340393,-0.21828263998031616,0.7753143906593323,0.0,-0.0008967874944210052,0.4800231397957716,-0.01,0.4691263523013506,0.0005240039899945259,False,88,False,False,9.299999999999775,-0.08967874944210052,-0.0,0.0,0.0,1.0,0.632860233306104,0.0,-0.0,0.0,0.0,-0.0,0.09798419540735082,0.9135175245659818
0.20587047934532166,0.15816284716129303,2.253648042678833,-0.2191530168056488,0.8223010301589966,0.025003471225500097,0.148878812789917,0.3348919153213501,-0.6414400339126587,0.9992938041687012,-1.0,49.35034942626953,False,0.5965113639831543,0.17976832389831543,-0.21701407432556152,0.778436005115509,0.0,-1.0038608771562576,-0.51380768366696,-0.01,-1.5276685608232177,0.000464513897895813,False,89,False,False,9.399999999999809,-0.38608771562576294,-0.0,0.0,0.0,1.0,0.7108995611639746,0.0,-0.0,0.0,0.0,-0.0,0.09843641865358632,0.950025322079316
0.6042084693908691,0.1690395176410675,2.704155921936035,-0.2007887363433838,0.8342711329460144,0.6415438305455732,0.06857001781463623,0.28900599479675293,-0.774234414100647,0.9812531471252441,-1.0,49.223297119140625,False,0.7972896099090576,0.18172428011894226,-0.2154013067483902,0.7804437875747681,0.0,-0.004126307368278503,-0.023117813020944622,-0.01,-0.037244120389223125,0.0004781298339366913,False,90,False,False,9.499999999999842,-0.41263073682785034,-0.0,0.0,0.0,1.0,0.7610943887372629,0.0,-0.0,0.0,0.0,-0.0,0.09915234122973815,0.9755732282300911
0.47654542326927185,0.1625969409942627,3.0861034393310547,-0.20641425251960754,0.838545560836792,-1.6732550323637436,0.12663722038269043,0.5461230278015137,-0.21389222145080566,0.9752418994903564,-1.0,49.65829086303711,False,0.00011324882507324219,0.1745685338973999,-0.22095222771167755,0.7724720239639282,0.0,-0.003277834951877594,-0.03727826297283171,-0.01,-0.0505560979247093,0.0005590878427028656,False,91,False,False,9.599999999999875,-0.3277834951877594,-0.0,-1.0,0.0,0.0,0.0,0.0,-0.0,0.7032539537341376,0.0,-0.0,0.0,-0.6516508580848088
0.10274221003055573,0.1634582281112671,2.485118865966797,-0.20263873040676117,0.8183329105377197,-0.038202598392963416,0.023699283599853516,0.3571995496749878,-0.5280808210372925,0.4721853733062744,-1.0,49.559085845947266,False,-0.0008106231689453125,0.17487891018390656,-0.21990148723125458,0.772462785243988,0.0,-0.0015749537944793701,-0.027650653868913633,-0.01,-0.039225607663393,0.0004756399430334568,False,92,False,False,9.699999999999909,-0.157495379447937,-0.0,0.0,0.0,0.0,0.0,0.0,-0.0,0.6544975943808602,0.0,-0.0,0.0,0.32567384339595074
0.058506984263658524,0.16648857295513153,2.109837532043457,-0.2106793373823166,0.8181512951850891,-0.0245692878216505,-0.07787370681762695,0.27682971954345703,-0.44553130865097046,0.24902939796447754,-1.0,49.5594482421875,False,0.0,0.17487725615501404,-0.21990537643432617,0.7724708914756775,0.0,-0.0008580319583415986,-0.016991692334413555,-0.01,-0.027849724292755153,0.0006504510529339314,False,93,False,False,9.799999999999942,-0.08580319583415985,-0.0,0.0,0.0,0.0,0.0,0.0,-0.0,0.6267821412523766,0.0,-0.0,0.0,0.3125330386678467
0.006899435538798571,0.15962599217891693,1.3171385526657104,-0.21867133677005768,0.7954997420310974,-0.07824316158890726,-0.10834062099456787,0.3563154935836792,-0.48183929920196533,0.3362046480178833,-0.9999999403953552,49.5594482421875,False,0.0,0.17487724125385284,-0.21990539133548737,0.7724708914756775,0.0,-0.0012097527086734772,-0.013735129684209813,-0.01,-0.02494488239288329,0.0004659690894186497,False,94,False,False,9.899999999999975,-0.12097527086734772,-0.0,0.0,0.0,0.0,0.0,0.0,-0.0,0.6053656367609421,0.0,-0.0,0.0,0.3014730656717976
0.0030698562040925026,0.15601572394371033,1.4128004312515259,-0.22215236723423004,0.7937464118003845,-0.03589887097477913,-0.08995985984802246,0.489666223526001,-0.6579640507698059,0.42795848846435547,-0.7797810435295105,49.5594482421875,False,0.0,0.17487724125385284,-0.21990539133548737,0.7724708914756775,0.0,-0.0021598273515701294,-0.016251834481954552,-0.01,-0.028411661833524685,0.0004673800431191921,False,95,False,False,10.000000000000009,-0.21598273515701294,-0.0,0.0,0.0,0.0,0.0,0.0,-0.0,0.5786482827276187,0.0,-0.0,0.0,0.28716431401223924
0.03466704487800598,0.15731839835643768,2.040247678756714,-0.22467440366744995,0.8113504648208618,-0.002424293160438536,-0.18475043773651123,0.49295973777770996,-0.8060259222984314,0.4875819683074951,-0.28178977966308594,49.5594482421875,False,0.0,0.17487724125385284,-0.21990539133548737,0.7724708914756775,0.0,-0.002911390066146851,-0.018941913247108477,-0.01,-0.03185330331325533,0.0004699188284575939,False,96,False,False,10.100000000000042,-0.29113900661468506,-0.0,0.0,0.0,0.0,0.0,0.0,-0.0,0.5462266965576045,0.0,-0.0,0.0,0.2702019582126554
0.07012557238340378,0.15879036486148834,2.3148701190948486,-0.21096140146255493,0.8168861269950867,-0.0167785993218422,-0.4146500825881958,0.7558066844940186,-0.8757371306419373,0.5212008953094482,-0.9998674988746643,49.5594482421875,False,0.0,0.17487724125385284,-0.21990539133548737,0.7724708914756775,0.0,-0.0044543612003326415,-0.02155020013451575,-0.01,-0.036004561334848396,0.0004685218445956707,False,97,False,False,10.200000000000076,-0.44543612003326416,-0.0,0.0,0.0,0.0,0.0,0.0,-0.0,0.5082085909657308,0.0,-0.0,0.0,0.24964993428253276
0.16353611648082733,0.15890541672706604,2.3413991928100586,-0.21753628551959991,0.8243719339370728,-0.041418873071670546,-0.49184608459472656,0.8796995878219604,-0.8999656438827515,0.5117512941360474,-0.9999995231628418,49.5594482421875,False,0.0,0.17487724125385284,-0.21990539133548737,0.7724708914756775,0.0,-0.00521902859210968,-0.024125723540782934,-0.01,-0.03934475213289262,0.00046496372669935226,False,98,False,False,10.300000000000109,-0.521902859210968,-0.0,0.0,0.0,0.0,0.0,0.0,-0.0,0.4646031729485304,0.0,-0.0,0.0,0.2270825578821555
0.2639118731021881,0.1583293229341507,2.6201610565185547,-0.21694707870483398,0.831569492816925,-0.039970185309648534,-0.6569540500640869,0.9549560546875,-0.9454569220542908,0.7113618850708008,-0.999999463558197,49.5594482421875,False,0.0,0.17487724125385284,-0.21990539133548737,0.7724708914756775,0.0,-0.006858635544776916,-0.024212402105331432,-0.01,-0.04107103765010835,0.00046495813876390457,False,99,False,False,10.400000000000142,-0.6858635544776917,-0.0,0.0,0.0,0.0,0.0,0.0,-0.0,0.42038200738069975,0.0,-0.0,0.0,0.20333236814557296
0.7091867923736572,0.1580319106578827,3.312731981277466,-0.2260558009147644,0.8488571047782898,0.7564819656589739,-0.7406326532363892,0.9785267114639282,-0.9690551161766052,0.7809352874755859,-1.0,49.5594482421875,False,0.0,0.17487724125385284,-0.21990539133548737,0.7724708914756775,0.0,-0.007637447714805603,-0.02265047430992126,-0.01,-0.04028792202472686,0.0004651900380849838,False,100,False,False,10.500000000000176,-0.7637447714805603,-0.0,0.0,0.0,0.0,0.0,0.0,-0.0,0.3788698623986816,0.0,-0.0,0.0,0.1817974834845352
0.6575977802276611,0.15928176045417786,3.0173733234405518,-0.2238527089357376,0.8434492945671082,-0.027085916068895058,-0.6855135560035706,0.9791860580444336,-0.9455641508102417,0.7568269968032837,-1.0,49.5594482421875,False,0.0,0.17487724125385284,-0.21990539133548737,0.7724708914756775,0.0,-0.007239032387733459,-0.02183488845825196,-0.01,-0.03907392084598542,0.0005629281513392925,False,101,False,False,10.60000000000021,-0.723903238773346,-0.0,0.0,0.0,0.0,0.0,0.0,-0.0,0.3385859885063913,0.0,-0.0,0.0,0.1620539618654622
0.6597939133644104,0.16022641956806183,2.999985694885254,-0.22396442294120789,0.84376060962677,-0.028737532925195486,-0.7160265445709229,0.969771146774292,-0.9536764025688171,0.8357369899749756,-1.0,49.5594482421875,False,0.0,0.17487724125385284,-0.21990539133548737,0.7724708914756775,0.0,-0.007652762532234192,-0.020621884465217594,-0.01,-0.03827464699745178,0.00046138837933540344,False,102,False,False,10.700000000000243,-0.7652762532234192,-0.0,0.0,0.0,0.0,0.0,0.0,-0.0,0.30034561932193304,0.0,-0.0,0.0,0.14252004712873234
0.5747987627983093,0.1600012183189392,3.005093812942505,-0.2279767543077469,0.8396763205528259,-0.030792977488275232,-0.643822968006134,0.9597265720367432,-0.9572004079818726,0.9108408689498901,-1.0,49.5594482421875,False,0.0,0.17487724125385284,-0.21990539133548737,0.7724708914756775,0.0,-0.007703616619110108,-0.019103668034076704,-0.01,-0.03680728465318681,0.0004658689722418785,False,103,False,False,10.800000000000276,-0.7703616619110107,-0.0,0.0,0.0,0.0,0.0,0.0,-0.0,0.2647860495358235,0.0,-0.0,0.0,0.12468940814880165
0.3157918453216553,0.15801239013671875,2.5949573516845703,-0.22355876863002777,0.8298013806343079,-1.9554192881360748,-0.5483430027961731,0.9367315769195557,-0.9539415240287781,0.9538370370864868,-0.9999909400939941,49.5594482421875,False,0.0,0.17487724125385284,-0.21990539133548737,0.7724708914756775,0.0,-0.00749488890171051,-0.017579353451728827,-0.01,-0.03507424235343934,0.0005475799553096294,False,104,False,False,10.90000000000031,-0.749488890171051,-0.0,0.0,0.0,0.0,0.0,0.0,-0.0,0.23194686840934908,0.0,-0.0,0.0,0.10847854530296402
0.11089630424976349,0.15664367377758026,2.3565356731414795,-0.22695809602737427,0.8178806900978088,-0.0449625536799431,-0.36983805894851685,0.7647011280059814,-0.9471169114112854,0.9742172956466675,0.9302476644515991,49.5594482421875,False,0.0,0.17487724125385284,-0.21990539133548737,0.7724708914756775,0.0,-0.006419194936752319,-0.01526113688945771,-0.01,-0.03168033182621003,0.0005092569626867771,False,105,False,False,11.000000000000343,-0.6419194936752319,-0.0,0.0,0.0,0.0,0.0,0.0,-0.0,0.20345912282764222,0.0,-0.0,0.0,0.0953103664770688
0.003993078600615263,0.15125435590744019,1.7619659900665283,-0.22926488518714905,0.7923474907875061,-0.040247746407985695,-0.09280139207839966,0.44898033142089844,-0.8435600996017456,0.9717669486999512,1.0,49.5594482421875,False,0.0,0.17487724125385284,-0.21990539133548737,0.7724708914756775,0.0,-0.004665300250053406,-0.011909692883491516,-0.01,-0.026574993133544923,0.0004840022884309292,False,106,False,False,11.100000000000376,-0.4665300250053406,-0.0,0.0,0.0,0.0,0.0,0.0,-0.0,0.1814543280048605,0.0,-0.0,0.0,0.08606186375237684
0.0033573408145457506,0.1532224416732788,1.6346344947814941,-0.2277568280696869,0.7920036911964417,-0.022066931724548343,0.28588640689849854,-0.032481849193573,-0.6505357027053833,0.9116079807281494,1.0,49.5594482421875,False,0.0,0.17487724125385284,-0.21990539133548737,0.7724708914756775,0.0,-0.003342529833316803,-0.007673285901546478,-0.01,-0.02101581573486328,0.00046576792374253273,False,107,False,False,11.20000000000041,-0.3342529833316803,-0.0,0.0,0.0,0.0,0.0,0.0,-0.0,0.16778558678005906,0.0,-0.0,0.0,0.08055026355671273
0.0061601754277944565,0.1528145968914032,2.0029237270355225,-0.2320495843887329,0.7983517646789551,-0.01559063613414764,0.6113859415054321,-0.3739144802093506,-0.3201912045478821,0.7316993474960327,1.0,49.5594482421875,False,0.0,0.17487724125385284,-0.21990539133548737,0.7724708914756775,0.0,-0.002878777980804443,-0.003361604511737823,-0.01,-0.01624038249254227,0.00053434818983078,False,108,False,False,11.300000000000443,-0.28787779808044434,-0.0,0.0,0.0,0.0,0.0,0.0,-0.0,0.1626892890451802,0.0,-0.0,0.0,0.07846586654178567
0.0018512408714741468,0.15255644917488098,1.864340901374817,-0.23673486709594727,0.7892508506774902,-0.01903188735246658,0.7848829030990601,-0.5991494655609131,-0.07800531387329102,0.4533119201660156,1.0,49.5594482421875,False,0.0,0.17487724125385284,-0.21990539133548737,0.7724708914756775,0.0,-0.0029664942622184753,0.0006160959601402283,-0.01,-0.012350398302078246,0.0005273181013762951,False,109,False,False,11.400000000000476,-0.29664942622184753,-0.0,0.0,0.0,0.0,0.0,0.0,-0.0,0.16557722443206135,0.0,-0.0,0.0,0.07982211795381221
0.0002316369500476867,0.14984992146492004,1.7667585611343384,-0.24250246584415436,0.7778492569923401,-0.016940857768058776,0.8685168027877808,-0.7977336645126343,0.2731872797012329,-0.0664711594581604,1.0,49.5594482421875,False,0.0,0.17487724125385284,-0.21990539133548737,0.7724708914756775,0.0,-0.0036743754148483277,0.004858565926551817,-0.01,-0.008815809488296512,0.0005187620408833027,False,110,False,False,11.50000000000051,-0.36743754148483276,-0.0,0.0,0.0,0.0,0.0,0.0,-0.0,0.17706500188578467,0.0,-0.0,0.0,0.084858125528044
0.0001401599292876199,0.16006426513195038,1.2472729682922363,-0.2399567812681198,0.7750247120857239,-0.008683913946151731,0.8847963809967041,-0.939922034740448,0.650385856628418,-0.48561567068099976,1.0,49.5594482421875,False,0.0,0.17487724125385284,-0.21990539133548737,0.7724708914756775,0.0,-0.005812855958938599,0.010571017265319824,-0.01,-0.005241838693618776,0.0010983389802277088,False,111,False,False,11.600000000000543,-0.5812855958938599,-0.0,0.0,0.0,0.0,0.0,0.0,-0.0,0.20020918461530635,0.0,-0.0,0.0,0.09429173634871457
6.650995055679232e-05,0.15803180634975433,1.266207218170166,-0.23964302241802216,0.773874044418335,-0.0019197085499763518,0.896166205406189,-0.9654071927070618,0.7853775024414062,-0.5313557982444763,1.0,49.5594482421875,False,0.0,0.17487724125385284,-0.21990539133548737,0.7724708914756775,0.0,-0.0065857040882110595,0.014879967868328098,-0.01,-0.001705736219882962,0.0006032800301909447,False,112,False,False,11.700000000000577,-0.658570408821106,-0.0,0.0,0.0,0.0,0.0,0.0,-0.0,0.23229198817184427,0.0,-0.0,0.0,0.10956028999771107
4.794688356923871e-05,0.16327737271785736,0.6421694755554199,-0.2270982414484024,0.7729432582855225,0.0052937611937523,0.8648115396499634,-0.9457532167434692,0.7540745735168457,-0.4112592935562134,1.0,49.5594482421875,False,0.0,0.17487724125385284,-0.21990539133548737,0.7724708914756775,0.0,-0.0059502774477005,0.016465116441249844,-0.01,0.0005148389935493436,0.00048609403893351555,False,113,False,False,11.80000000000061,-0.59502774477005,-0.0,0.0,0.0,0.0,0.0,0.0,-0.0,0.2679012198734223,0.0,-0.0,0.0,0.12800033248901066
4.837576125282794e-05,0.15838424861431122,0.9324749112129211,-0.23047403991222382,0.7733834981918335,0.00304267525672911,0.866775393486023,-0.8995591998100281,0.7046599388122559,-0.36159008741378784,1.0,49.5594482421875,False,0.0,0.17487724125385284,-0.21990539133548737,0.7724708914756775,0.0,-0.005469498634338379,0.017993687391281127,-0.01,0.0025241887569427465,0.0007389183156192303,False,114,False,False,11.900000000000643,-0.5469498634338379,-0.0,0.0,0.0,0.0,0.0,0.0,-0.0,0.3069582996224314,0.0,-0.0,0.0,0.1480096511768773
5.095728556625545e-05,0.1616744101047516,0.5917350053787231,-0.22443148493766785,0.7724940180778503,0.004039970934391018,0.7859121561050415,-0.8367385864257812,0.7103633880615234,-0.045079052448272705,1.0,49.5594482421875,False,0.0,0.17487724125385284,-0.21990539133548737,0.7724708914756775,0.0,-0.0045610940456390385,0.016741883158683774,-0.01,0.002180789113044734,0.0005154330283403397,False,115,False,False,12.000000000000677,-0.4561094045639038,-0.0,0.0,0.0,0.0,0.0,0.0,-0.0,0.34388085670877944,0.0,-0.0,0.0,0.16737933430875068
3.314929563202895e-05,0.16223959624767303,0.8799746632575989,-0.2332591712474823,0.7728787064552307,-0.008122008144855489,0.7163047790527344,-0.7579196691513062,0.7049471139907837,0.16889584064483643,1.0,49.5594482421875,False,0.0,0.17487724125385284,-0.21990539133548737,0.7724708914756775,0.0,-0.004032527208328247,0.011381301581859599,-0.01,-0.0026512256264686488,0.00047760410234332085,False,116,False,False,12.10000000000071,-0.4032527208328247,-0.0,0.0,0.0,0.0,0.0,0.0,-0.0,0.3703469657231935,0.0,-0.0,0.0,0.1811409556532685
5.270230394671671e-05,0.16360530257225037,0.6709197759628296,-0.228150874376297,0.7730810642242432,-0.005027239620685577,0.5758296251296997,-0.7038736939430237,0.6581817865371704,0.3181495666503906,1.0,49.5594482421875,False,0.0,0.17487724125385284,-0.21990539133548737,0.7724708914756775,0.0,-0.003403600752353668,0.005220121741294853,-0.01,-0.008183479011058816,0.0004694899544119835,False,117,False,False,12.200000000000744,-0.3403600752353668,-0.0,0.0,0.0,0.0,0.0,0.0,-0.0,0.3846334739257403,0.0,-0.0,0.0,0.1889131362105165
3.91637695429381e-05,0.1603446751832962,1.0565917491912842,-0.2360960990190506,0.7734453678131104,-0.016189021170139324,0.4813880920410156,-0.6257503628730774,0.667618989944458,0.33410847187042236,1.0,49.5594482421875,False,0.0,0.17487724125385284,-0.21990539133548737,0.7724708914756775,0.0,-0.0029516041278839114,-0.0006461915373802141,-0.01,-0.013597795665264126,0.0004699788987636566,False,118,False,False,12.300000000000777,-0.2951604127883911,-0.0,0.0,0.0,0.0,0.0,0.0,-0.0,0.38721316675937567,0.0,-0.0,0.0,0.1906549792518039
4.938151687383652e-05,0.16605156660079956,0.7162725329399109,-0.23110602796077728,0.7739327549934387,-0.014494313895702356,0.2977861166000366,-0.5985642075538635,0.6096413135528564,0.39566171169281006,1.0,49.5594482421875,False,0.0,0.17487724125385284,-0.21990539133548737,0.7724708914756775,0.0,-0.002437916100025177,-0.0042516812682151794,-0.01,-0.016689597368240355,0.0004726178012788296,False,119,False,False,12.40000000000081,-0.2437916100025177,-0.0,0.0,0.0,0.0,0.0,0.0,-0.0,0.3825351221525328,0.0,-0.0,0.0,0.18882964497624125
3.935515633202158e-05,0.15992364287376404,0.8172194361686707,-0.22901073098182678,0.7729285359382629,-0.01732684016227723,0.31811606884002686,-0.5035006403923035,0.6273682117462158,0.28251051902770996,1.0,49.5594482421875,False,0.0,0.17487724125385284,-0.21990539133548737,0.7724708914756775,0.0,-0.0020702844858169556,-0.006122703254222872,-0.01,-0.01819298774003983,0.00046690087765455246,False,120,False,False,12.500000000000844,-0.20702844858169556,-0.0,0.0,0.0,0.0,0.0,0.0,-0.0,0.37403011471257586,0.0,-0.0,0.0,0.18494477287047098
3.0482251531793736e-05,0.16392497718334198,0.6479963660240173,-0.2280336618423462,0.7721115350723267,-0.01835086584091187,0.2527611255645752,-0.4604188799858093,0.740014910697937,0.12565648555755615,1.0,49.5594482421875,False,0.0,0.17487724125385284,-0.21990539133548737,0.7724708914756775,0.0,-0.0020982134342193604,-0.004716931581497191,-0.01,-0.01681514501571655,0.0005415608175098896,False,121,False,False,12.600000000000877,-0.20982134342193604,-0.0,0.0,0.0,0.0,0.0,0.0,-0.0,0.36827904095349395,0.0,-0.0,0.0,0.1820413070425276
2.1472636944963597e-05,0.16219653189182281,0.7689625024795532,-0.22993527352809906,0.7721126079559326,-0.014693391919136062,0.3163639307022095,-0.392075777053833,0.7883824110031128,0.010279536247253418,1.0,49.5594482421875,False,0.0,0.17487724125385284,-0.21990539133548737,0.7724708914756775,0.0,-0.002188655138015747,-0.002507218420505525,-0.01,-0.014695873558521273,0.00047072069719433784,False,122,False,False,12.70000000000091,-0.2188655138015747,-0.0,0.0,0.0,0.0,0.0,0.0,-0.0,0.3669339917614963,0.0,-0.0,0.0,0.1812783407427324
2.7178975869901478e-05,0.1674351692199707,0.4955589771270752,-0.22653549909591675,0.7716763019561768,-0.013055345863103874,0.2928340435028076,-0.32577526569366455,0.8127152919769287,-0.16225433349609375,1.0,49.5594482421875,False,0.0,0.17487724125385284,-0.21990539133548737,0.7724708914756775,0.0,-0.0021967847645282747,-6.541460752487738e-05,-0.01,-0.012262199372053152,0.0004786849021911621,False,123,False,False,12.800000000000944,-0.21967847645282745,-0.0,0.0,0.0,0.0,0.0,0.0,-0.0,0.37050826015589966,0.0,-0.0,0.0,0.18305734531342155
1.3316011063579936e-05,0.16287995874881744,0.8553693890571594,-0.2334042638540268,0.772305965423584,-0.008405977934598935,0.361065149307251,-0.22242236137390137,0.8023974895477295,-0.3406814932823181,1.0,49.5594482421875,False,0.0,0.17487724125385284,-0.21990539133548737,0.7724708914756775,0.0,-0.0023493634164333346,0.00324701189994811,-0.01,-0.009102351516485224,0.000476163811981678,False,124,False,False,12.900000000000977,-0.23493634164333344,-0.0,0.0,0.0,0.0,0.0,0.0,-0.0,0.380810347555693,0.0,-0.0,0.0,0.18805581036141317
1.2944414265803061e-05,0.16516858339309692,0.6788814663887024,-0.2300264984369278,0.7730075716972351,-0.003024959564208997,0.23273050785064697,-0.2682889699935913,0.7228411436080933,-0.7562570571899414,1.0,49.5594482421875,False,0.0,0.17487724125385284,-0.21990539133548737,0.7724708914756775,0.0,-0.0030514162778854373,0.00872640669345856,-0.01,-0.004325009584426877,0.0005766451358795166,False,125,False,False,13.00000000000101,-0.3051416277885437,-0.0,0.0,0.0,0.0,0.0,0.0,-0.0,0.4022859473606579,0.0,-0.0,0.0,0.19809155740244352
9.732820217323024e-06,0.15959413349628448,1.1271700859069824,-0.23753151297569275,0.7733767628669739,0.00307458728551864,0.20469820499420166,-0.2412959337234497,0.6016571521759033,-0.9515523910522461,1.0,49.5594482421875,False,0.0,0.17487724125385284,-0.21990539133548737,0.7724708914756775,0.0,-0.0034189209342002868,0.016332425773143755,-0.01,0.0029135048389434676,0.0005000410601496696,False,126,False,False,13.100000000001044,-0.3418920934200287,-0.0,0.0,0.0,0.0,0.0,0.0,-0.0,0.43934432844270743,0.0,-0.0,0.0,0.21625324328715342
9.358956958749332e-06,0.16469386219978333,0.7600744962692261,-0.23201856017112732,0.7729765772819519,0.008082470297813409,0.11494970321655273,-0.29431962966918945,0.475894570350647,-0.9809266328811646,1.0,49.5594482421875,False,0.0,0.17487724125385284,-0.21990539133548737,0.7724708914756775,0.0,-0.0032213252782821657,0.020706905722618102,-0.01,0.0074855804443359365,0.0005541020072996616,False,127,False,False,13.200000000001078,-0.32213252782821655,-0.0,0.0,0.0,0.0,0.0,0.0,-0.0,0.4856142986947981,0.0,-0.0,0.0,0.23958582406911688
8.36896197142778e-06,0.16474682092666626,0.7753992676734924,-0.23204870522022247,0.7734591364860535,0.011077986806631102,0.18151473999023438,-0.21567070484161377,0.3831905126571655,-0.9833182096481323,1.0,49.5594482421875,False,0.0,0.17487724125385284,-0.21990539133548737,0.7724708914756775,0.0,-0.002983027994632721,0.022234174460172673,-0.01,0.00925114646553995,0.0005891299806535244,False,128,False,False,13.300000000001111,-0.2983027994632721,-0.0,0.0,0.0,0.0,0.0,0.0,-0.0,0.535436844313586,0.0,-0.0,0.0,0.26473539416216024
9.096006579056848e-06,0.1648634970188141,0.8624727725982666,-0.23458202183246613,0.7736546993255615,0.012076593190431589,0.20934581756591797,-0.17465990781784058,0.3350207805633545,-0.980055034160614,1.0,49.5594482421875,False,0.0,0.17487724125385284,-0.21990539133548737,0.7724708914756775,0.0,-0.0028676962852478027,0.023319112509489037,-0.01,0.010451416224241233,0.0005849427543580532,False,129,False,False,13.400000000001144,-0.2867696285247803,-0.0,0.0,0.0,0.0,0.0,0.0,-0.0,0.5879546621767175,0.0,-0.0,0.0,0.291109634803111
8.979753147286829e-06,0.16031450033187866,1.0942567586898804,-0.23650804162025452,0.7741332054138184,0.011730629354715366,0.21700596809387207,-0.15443474054336548,0.2453773021697998,-0.9720341563224792,1.0,49.5594482421875,False,0.0,0.17487724125385284,-0.21990539133548737,0.7724708914756775,0.0,-0.0026900050044059752,0.02379370331764219,-0.01,0.011103698313236215,0.000587870366871357,False,130,False,False,13.500000000001178,-0.26900050044059753,-0.0,0.0,0.0,0.0,0.0,0.0,-0.0,0.6419618677162159,0.0,-0.0,0.0,0.31829092885370197
1.0334948456147686e-05,0.16625753045082092,0.7374346256256104,-0.23232236504554749,0.7735572457313538,0.012216630876064302,0.1806790828704834,-0.11065208911895752,0.15118122100830078,-0.967233419418335,1.0,49.5594482421875,False,0.0,0.17487724125385284,-0.21990539133548737,0.7724708914756775,0.0,-0.0025082126259803775,0.02361173853278159,-0.01,0.011103525906801212,0.0006745071150362492,False,131,False,False,13.600000000001211,-0.2508212625980377,-0.0,0.0,0.0,0.0,0.0,0.0,-0.0,0.6961468180991293,0.0,-0.0,0.0,0.34556519642358424
8.235247150878422e-06,0.16118477284908295,0.9367108345031738,-0.23308156430721283,0.7737035751342773,0.007754923850297921,0.291945219039917,-0.030164659023284912,0.07968008518218994,-0.9473674297332764,1.0,49.5594482421875,False,0.0,0.17487724125385284,-0.21990539133548737,0.7724708914756775,0.0,-0.002474989742040634,0.02278507083654402,-0.01,0.010310081094503385,0.0005802810192108154,False,132,False,False,13.700000000001245,-0.24749897420406342,-0.0,0.0,0.0,0.0,0.0,0.0,-0.0,0.7492089424247066,0.0,-0.0,0.0,0.37212948147031266
1.4931930309103336e-05,0.17080248892307281,0.2632622718811035,-0.2234613001346588,0.7722036838531494,0.0043355333805084415,0.2554442882537842,-0.010248541831970215,-0.08702653646469116,-0.9462257027626038,1.0,49.5594482421875,False,0.0,0.17487724125385284,-0.21990539133548737,0.7724708914756775,0.0,-0.002420683652162552,0.02066617421805861,-0.01,0.008245490565896055,0.000588888768106699,False,133,False,False,13.800000000001278,-0.2420683652162552,-0.0,0.0,0.0,0.0,0.0,0.0,-0.0,0.7985266587166213,0.0,-0.0,0.0,0.39684264570614813
1.4267300684878137e-05,0.16790126264095306,0.649145781993866,-0.23074400424957275,0.7721970677375793,-0.01250416412949561,0.4569563865661621,0.09973764419555664,-0.12370955944061279,-0.9407757520675659,1.0,49.58000946044922,False,-0.2512931823730469,0.17455503344535828,-0.2201625108718872,0.769957959651947,0.0,-0.0027977997064590455,-0.007495434433221815,-0.01,-0.02029323413968086,0.000619223341345787,False,134,False,False,13.900000000001311,-0.27977997064590454,-0.0,0.0,0.0,0.0,0.0,0.0,-0.0,0.7914500610157722,0.0,-0.0,0.0,0.39292723080142705
4.323056055000052e-05,0.17040927708148956,0.23011167347431183,-0.21975600719451904,0.7720952033996582,-0.022776343338191514,0.16392254829406738,0.10802662372589111,-0.228432297706604,0.14362406730651855,0.9494988918304443,49.58302307128906,False,-0.29931068420410156,0.17420518398284912,-0.22024603188037872,0.7694777846336365,0.0,-0.0002783738449215889,-0.0017955369502306029,-0.01,-0.012073910795152193,0.0004623420536518097,False,135,False,False,14.000000000001345,-0.02783738449215889,-0.0,0.0,0.0,0.0,0.0,0.0,-0.0,0.7958171859494565,0.0,-0.0,0.0,0.3976302191298067
8.775769674684852e-05,0.16823455691337585,0.38780468702316284,-0.21833491325378418,0.7730123400688171,-0.01902644291520117,0.12161386013031006,0.3058736324310303,-0.2539713382720947,0.470578670501709,-0.9999938607215881,49.599693298339844,False,-0.25084614753723145,0.17483468353748322,-0.2203190177679062,0.7699624300003052,0.0,-0.0009857358038425446,-0.002602843269705779,-0.01,-0.013588579073548324,0.0004664701409637928,False,136,False,False,14.100000000001378,-0.09857358038425446,-0.0,0.0,0.0,0.0,0.0,0.0,-0.0,0.7985975682427807,0.0,-0.0,0.0,0.3983130483175478
0.00023161531134974211,0.16846607625484467,0.5836853981018066,-0.2121787667274475,0.7730138897895813,-0.02520520985126497,0.02670896053314209,0.4795660972595215,-0.21721655130386353,0.3045579195022583,-0.9999958276748657,49.591697692871094,False,-0.16261935234069824,0.17591409385204315,-0.22007212042808533,0.7708446979522705,0.0,-0.000926588922739029,-0.004991228580474849,-0.01,-0.015917817503213878,0.0005457056686282158,False,137,False,False,14.200000000001411,-0.0926588922739029,-0.0,0.0,0.0,0.0,0.0,0.0,-0.0,0.7965808691985552,0.0,-0.0,0.0,0.3973638456765386
0.00027370810857973993,0.16299593448638916,0.5701860189437866,-0.21801838278770447,0.773849606513977,-0.011135842725634584,0.012450337409973145,0.5108132362365723,-0.08641576766967773,0.10022509098052979,-0.9999986290931702,49.53336715698242,False,-0.10221600532531738,0.176296666264534,-0.2194223552942276,0.7714487314224243,0.0,-0.0006964948028326034,0.0005044931173324718,-0.01,-0.010192001685500131,0.0004546092823147774,False,138,False,False,14.300000000001445,-0.06964948028326035,-0.0,0.0,0.0,0.0,0.0,0.0,-0.0,0.8056464235265511,0.0,-0.0,0.0,0.40212671696044294
0.0006781988777220249,0.16658395528793335,0.5229552984237671,-0.21443477272987366,0.7745599746704102,-0.005257034748792637,-0.014391124248504639,0.36092233657836914,-0.05966252088546753,0.12965357303619385,-0.9999995231628418,49.38119125366211,False,-0.009065866470336914,0.1767103374004364,-0.2178173065185547,0.7723802328109741,0.0,-0.0003771042823791504,0.0010559935867786585,-0.01,-0.009321110695600493,0.000551620963960886,False,139,False,False,14.400000000001478,-0.03771042823791504,-0.0,0.0,0.0,0.0,0.0,0.0,-0.0,0.81591740048954,0.0,-0.0,0.0,0.40758159596239085
0.0017378547927364707,0.16926749050617218,0.5883669257164001,-0.2116359919309616,0.7763453722000122,-0.006538323648273974,-0.01852196455001831,0.32605767250061035,-0.027011632919311523,0.0481487512588501,-0.9999966621398926,49.230430603027344,False,0.010406970977783203,0.17883245646953583,-0.21595162153244019,0.7725749611854553,0.0,-0.00027426149696111677,-0.0012743849307298438,-0.01,-0.011548646427690962,0.0004828008823096752,False,140,False,False,14.500000000001512,-0.02742614969611168,-0.0,0.0,0.0,0.0,0.0,0.0,-0.0,0.821584606543611,0.0,-0.0,0.0,0.41051804177484436
0.006796478759497404,0.16936972737312317,0.8048946857452393,-0.20413273572921753,0.7782571911811829,-0.012647526878863563,-0.07477676868438721,0.31235694885253906,-0.027276933193206787,0.006907939910888672,-0.9999786615371704,49.053035736083984,False,0.13666749000549316,0.1791226863861084,-0.2141069918870926,0.7738375663757324,0.0,-0.00025987545028328897,-0.0009020224213600048,-0.01,-0.011161897871643294,0.0006765318103134632,False,141,False,False,14.600000000001545,-0.025987545028328896,-0.0,0.0,0.0,0.0,0.0,0.0,-0.0,0.8280610133514664,0.0,-0.0,0.0,0.41377063122544994
0.04049765691161156,0.17256462574005127,0.8488371968269348,-0.21926364302635193,0.7852466702461243,0.005681131333112705,-0.06393712759017944,0.34208738803863525,-0.07076424360275269,0.037232041358947754,-0.9999905824661255,48.887332916259766,False,0.19509196281433105,0.18019253015518188,-0.21225129067897797,0.7744218111038208,0.0,-0.0003187638521194458,-0.002138800248503714,-0.01,-0.01245756410062316,0.0005528531037271023,False,142,False,False,14.700000000001578,-0.03187638521194458,-0.0,0.0,0.0,0.0,0.0,0.0,-0.0,0.8321046217944275,0.0,-0.0,0.0,0.4157335470450943
0.24029213190078735,0.17877306044101715,0.7126743197441101,-0.2069917470216751,0.790800154209137,0.008826501406729215,-0.2068096399307251,0.1406238079071045,-0.12325775623321533,0.18903136253356934,-0.9999818801879883,48.70956802368164,False,0.2828359603881836,0.1813977062702179,-0.21024642884731293,0.7752992510795593,0.0,-0.0002836765348911285,-0.0029012792557477907,-0.01,-0.013184955790638919,0.00046864571049809456,False,143,False,False,14.800000000001612,-0.028367653489112854,-0.0,0.0,0.0,0.0,0.0,0.0,-0.0,0.8346487124177064,0.0,-0.0,0.0,0.4170406796739621
0.08772102743387222,0.17413745820522308,0.860715389251709,-0.21084696054458618,0.7915293574333191,-0.023367093503475173,-0.1227763295173645,0.19394922256469727,-0.03959780931472778,0.30852818489074707,-0.9999985694885254,48.566566467285156,False,0.3992736339569092,0.18263085186481476,-0.20858462154865265,0.7764636278152466,0.0,-0.00037361986935138705,-0.004114373922348036,-0.01,-0.014487993791699422,0.000543191097676754,False,144,False,False,14.900000000001645,-0.0373619869351387,-0.0,0.0,0.0,0.0,0.0,0.0,-0.0,0.8347674295987715,0.0,-0.0,0.0,0.4170100949300344
0.16627784073352814,0.176487535238266,0.811593234539032,-0.2041867971420288,0.7921181917190552,-0.009172720909118639,-0.21211886405944824,0.16055524349212646,-0.010527849197387695,0.2737475633621216,-0.9999988675117493,48.42461013793945,False,0.5254030227661133,0.18366508185863495,-0.20696377754211426,0.7777249217033386,0.0,-0.00036455243825912477,-0.007069639712572129,-0.01,-0.017434192150831255,0.00046839285641908646,False,145,False,False,15.000000000001679,-0.036455243825912476,-0.0,0.0,0.0,0.0,0.0,0.0,-0.0,0.8289172404061182,0.0,-0.0,0.0,0.4140940677648
0.273729145526886,0.18009386956691742,1.1780853271484375,-0.21261319518089294,0.8026503920555115,-0.01482115726917985,-0.2963736057281494,0.2202448844909668,0.0028998851776123047,0.255734920501709,-0.9999884366989136,49.238922119140625,False,-0.03648996353149414,0.18199031054973602,-0.2155149132013321,0.7721059918403625,0.0,-0.0005043846741318703,-0.033690154775977144,-0.01,-0.04419453945010902,0.00047812098637223244,False,146,False,False,15.100000000001712,-0.05043846741318703,-0.0,0.0,0.0,0.0,0.0,0.0,-0.0,0.7692291676987599,0.0,-0.0,0.0,0.3841101991752481
0.13361972570419312,0.17839133739471436,1.1144061088562012,-0.20977343618869781,0.797276496887207,-0.030305776819586787,-0.3448006510734558,0.2558417320251465,-0.19114911556243896,0.30383896827697754,-0.9999997019767761,49.152679443359375,False,-0.0005900859832763672,0.18217679858207703,-0.21460865437984467,0.7724649906158447,0.0,-0.0007829964160919189,-0.014464883804321316,-0.01,-0.025247880220413237,0.0005340590141713619,False,147,False,False,15.200000000001745,-0.0782996416091919,-0.0,0.0,0.0,0.0,0.0,0.0,-0.0,0.7477774684946632,0.0,-0.0,0.0,0.3731057378312397
0.17861375212669373,0.1762925386428833,1.3210337162017822,-0.21200445294380188,0.8036130666732788,-0.023851390704512608,-0.26570796966552734,0.27709341049194336,-0.3151141405105591,0.34029626846313477,-0.9999999403953552,49.1527214050293,False,0.0,0.18217670917510986,-0.21460911631584167,0.7724708914756775,0.0,-0.0009061998873949051,-0.018405326008796685,-0.01,-0.02931152589619159,0.0004667830653488636,False,148,False,False,15.300000000001779,-0.09061998873949051,-0.0,0.0,0.0,0.0,0.0,0.0,-0.0,0.7181480794748967,0.0,-0.0,0.0,0.3581678398500534
0.03492743521928787,0.16913028061389923,1.2167673110961914,-0.21173734962940216,0.7930557131767273,-0.047090499997139,-0.22147142887115479,0.23436450958251953,-0.3001258969306946,0.44425904750823975,-1.0,49.1527214050293,False,0.0,0.18217670917510986,-0.21460911631584167,0.7724708914756775,0.0,-0.0009785449504852296,-0.019841767549514777,-0.01,-0.03082031250000001,0.0004692981019616127,False,149,False,False,15.400000000001812,-0.09785449504852295,-0.0,0.0,0.0,0.0,0.0,0.0,-0.0,0.6853178636377859,0.0,-0.0,0.0,0.34168038686840774
0.010615497827529907,0.16400183737277985,1.3451248407363892,-0.2124849408864975,0.792525589466095,-0.034726338833570486,-0.2481023073196411,0.2585115432739258,-0.5330407619476318,0.4873393774032593,-0.9999996423721313,49.1527214050293,False,0.0,0.18217670917510986,-0.21460911631584167,0.7724708914756775,0.0,-0.0016250377893447876,-0.021177275031805054,-0.01,-0.03280231282114984,0.0004662368446588516,False,150,False,False,15.500000000001846,-0.16250377893447876,-0.0,0.0,0.0,0.0,0.0,0.0,-0.0,0.6494579170099867,0.0,-0.0,0.0,0.32310392071564853
0.005523999221622944,0.1637667417526245,1.3036127090454102,-0.20857267081737518,0.7871328592300415,-0.03903963178396227,-0.3196795582771301,0.2528414726257324,-0.8252360224723816,0.46425700187683105,-0.9999984502792358,49.1527214050293,False,0.0,0.18217670917510986,-0.21460911631584167,0.7724708914756775,0.0,-0.0026566821336746218,-0.021600069403648392,-0.01,-0.034256751537323014,0.0007247012108564377,False,151,False,False,15.600000000001879,-0.26566821336746216,-0.0,0.0,0.0,0.0,0.0,0.0,-0.0,0.6123814868435845,0.0,-0.0,0.0,0.3035340612881176
0.005519022233784199,0.16336998343467712,1.2953400611877441,-0.2110881209373474,0.7890033721923828,-0.036747699677944175,-0.34656357765197754,0.4237515926361084,-0.903095006942749,0.6290073394775391,-0.997133731842041,49.1527214050293,False,0.0,0.18217670917510986,-0.21460911631584167,0.7724708914756775,0.0,-0.0037772563099861146,-0.023145690262317664,-0.01,-0.03692294657230378,0.00047085899859666824,False,152,False,False,15.700000000001912,-0.37772563099861145,-0.0,0.0,0.0,0.0,0.0,0.0,-0.0,0.5718081781875124,0.0,-0.0,0.0,0.2821268327837701
0.0013013422721996903,0.15915383398532867,1.1366610527038574,-0.21250510215759277,0.7814438343048096,-0.0559626430273056,-0.41275691986083984,0.4443981647491455,-0.9556941986083984,0.7015442848205566,-0.9972046613693237,49.1527214050293,False,0.0,0.18217670917510986,-0.21460911631584167,0.7724708914756775,0.0,-0.00443343460559845,-0.026689781248569466,-0.01,-0.041123215854167915,0.0004701358266174793,False,153,False,False,15.800000000001946,-0.44334346055984497,-0.0,0.0,0.0,0.0,0.0,0.0,-0.0,0.5236653531463009,0.0,-0.0,0.0,0.257399241967552
0.00034937981399707496,0.16170933842658997,0.8655424118041992,-0.21481744945049286,0.7777614593505859,-0.05052187174558639,-0.46027350425720215,0.4327847957611084,-0.985640287399292,0.7401038408279419,0.7188378572463989,49.1527214050293,False,0.0,0.18217670917510986,-0.21460911631584167,0.7724708914756775,0.0,-0.004795987010002136,-0.026464438438415533,-0.01,-0.041260425448417674,0.0004708459600806236,False,154,False,False,15.90000000000198,-0.4795987010002136,-0.0,0.0,0.0,0.0,0.0,0.0,-0.0,0.47549138516608436,0.0,-0.0,0.0,0.23294970557304004
0.0003817885590251535,0.16198784112930298,0.892287015914917,-0.21317069232463837,0.7776122093200684,-0.03507999330759049,-0.3180205821990967,0.049896240234375,-0.958248496055603,0.7012375593185425,0.9999998807907104,49.1527214050293,False,0.0,0.18217670917510986,-0.21460911631584167,0.7724708914756775,0.0,-0.003784002661705017,-0.02237249046564102,-0.01,-0.03615649312734604,0.000527289230376482,False,155,False,False,16.00000000000201,-0.3784002661705017,-0.0,0.0,0.0,0.0,0.0,0.0,-0.0,0.4350973461533729,0.0,-0.0,0.0,0.21376467041498146
0.00032368849497288465,0.16108621656894684,1.0106374025344849,-0.21749700605869293,0.7788116335868835,-0.03356165975332259,-0.2618321180343628,-0.10499173402786255,-0.9633986949920654,0.6515606641769409,1.0,49.1527214050293,False,0.0,0.18217670917510986,-0.21460911631584167,0.7724708914756775,0.0,-0.0035806190967559814,-0.01789142340421676,-0.01,-0.03147204250097274,0.0005235737189650536,False,156,False,False,16.100000000001955,-0.35806190967559814,-0.0,0.0,0.0,0.0,0.0,0.0,-0.0,0.4033479071629358,0.0,-0.0,0.0,0.19809333448471192
0.00027140940073877573,0.1663898527622223,0.9623885154724121,-0.20626682043075562,0.7772133946418762,-0.02487139940261842,-0.23589318990707397,-0.20125740766525269,-0.9675340056419373,0.5844545364379883,1.0,49.1527214050293,False,0.0,0.18217670917510986,-0.21460911631584167,0.7724708914756775,0.0,-0.0034346482157707214,-0.014558722078800213,-0.01,-0.027993370294570934,0.0006068609654903412,False,157,False,False,16.2000000000019,-0.34346482157707214,-0.0,0.0,0.0,0.0,0.0,0.0,-0.0,0.3780106644138912,0.0,-0.0,0.0,0.18557068399117488
0.00015926930063869804,0.1642274260520935,0.9117911458015442,-0.219943106174469,0.7765413522720337,-0.03482547760009765,-0.019952058792114258,-0.18316829204559326,-0.961383581161499,0.5687398910522461,1.0,49.1527214050293,False,0.0,0.18217670917510986,-0.21460911631584167,0.7724708914756775,0.0,-0.0032041805982589724,-0.012079097032547004,-0.01,-0.025283277630805977,0.0005649318918585777,False,158,False,False,16.300000000001845,-0.3204180598258972,-0.0,0.0,0.0,0.0,0.0,0.0,-0.0,0.3574266283671721,0.0,-0.0,0.0,0.17550913358532708
0.00019455567235127091,0.16352827847003937,1.0101432800292969,-0.2225019633769989,0.7762339115142822,-0.0250240421295166,0.0368117094039917,-0.3206959366798401,-0.9673963785171509,0.4921149015426636,1.0,49.1527214050293,False,0.0,0.18217670917510986,-0.21460911631584167,0.7724708914756775,0.0,-0.0032055845856666567,-0.009882021248340617,-0.01,-0.023087605834007274,0.0009598848409950733,False,159,False,False,16.40000000000179,-0.32055845856666565,-0.0,0.0,0.0,0.0,0.0,0.0,-0.0,0.3410734379100676,0.0,-0.0,0.0,0.16733113436936714
9.037332347361371e-05,0.16690905392169952,0.7913013100624084,-0.2208137959241867,0.7747375965118408,-0.022329887747764593,0.16981971263885498,-0.3781461715698242,-0.9634413719177246,0.34871184825897217,1.0,49.1527214050293,False,0.0,0.18217670917510986,-0.21460911631584167,0.7724708914756775,0.0,-0.003054131269454956,-0.006984157860279089,-0.01,-0.020038289129734044,0.0005092276260256767,False,160,False,False,16.500000000001734,-0.3054131269454956,-0.0,0.0,0.0,0.0,0.0,0.0,-0.0,0.3304091698926903,0.0,-0.0,0.0,0.1621504536768902
3.39177786372602e-05,0.16582119464874268,0.785401463508606,-0.2209029197692871,0.773383617401123,-0.0185025867819786,0.43856358528137207,-0.43719935417175293,-0.9437327980995178,0.22485899925231934,1.0,49.1527214050293,False,0.0,0.18217670917510986,-0.21460911631584167,0.7724708914756775,0.0,-0.0033116862177848816,-0.0035323840379714866,-0.01,-0.01684407025575637,0.0007114531472325325,False,161,False,False,16.60000000000168,-0.33116862177848816,-0.0,0.0,0.0,0.0,0.0,0.0,-0.0,0.3266105203644626,0.0,-0.0,0.0,0.1599935739644464
1.993793557630852e-05,0.16318769752979279,1.1289610862731934,-0.22819510102272034,0.7737647294998169,-0.01565104573965072,0.6198005676269531,-0.5077958703041077,-0.9071087837219238,-0.005502164363861084,1.0,49.1527214050293,False,0.0,0.18217670917510986,-0.21460911631584167,0.7724708914756775,0.0,-0.0036622148752212527,0.00039825975894927645,-0.01,-0.013263955116271976,0.0005345921963453293,False,162,False,False,16.700000000001623,-0.36622148752212524,-0.0,0.0,0.0,0.0,0.0,0.0,-0.0,0.3307142361060895,0.0,-0.0,0.0,0.1616949031778235
2.0941255570505746e-05,0.16577400267124176,0.915608823299408,-0.2248867005109787,0.7732588648796082,-0.00996711194515229,0.5493478775024414,-0.5780962705612183,-0.859673261642456,-0.09439414739608765,1.0,49.1527214050293,False,0.0,0.18217670917510986,-0.21460911631584167,0.7724708914756775,0.0,-0.0034598165750503542,0.0037165069580078203,-0.01,-0.009743309617042534,0.0005802451632916927,False,163,False,False,16.800000000001567,-0.3459816575050354,-0.0,0.0,0.0,0.0,0.0,0.0,-0.0,0.34156277175054484,0.0,-0.0,0.0,0.16732156930022207
2.3437383788404986e-05,0.1638718545436859,1.0367780923843384,-0.22625640034675598,0.7736220955848694,-0.008395630717277527,0.5175464153289795,-0.5344828963279724,-0.7661662101745605,-0.1358841061592102,1.0,49.1527214050293,False,0.0,0.18217670917510986,-0.21460911631584167,0.7724708914756775,0.0,-0.002897503674030304,0.004450441598892213,-0.01,-0.008447062075138092,0.00046084634959697723,False,164,False,False,16.900000000001512,-0.2897503674030304,-0.0,0.0,0.0,0.0,0.0,0.0,-0.0,0.3540037830175842,0.0,-0.0,0.0,0.1741043878347618
2.2217540390556678e-05,0.1612783670425415,0.9314765334129333,-0.2205134630203247,0.7736124992370605,-0.005497711002826691,0.4155060052871704,-0.4702249765396118,-0.6860630512237549,-0.4019778370857239,1.0,49.1527214050293,False,0.0,0.18217670917510986,-0.21460911631584167,0.7724708914756775,0.0,-0.0025650635361671448,0.005814356803894055,-0.01,-0.00675070673227309,0.0004634722135961056,False,165,False,False,17.000000000001457,-0.2565063536167145,-0.0,0.0,0.0,0.0,0.0,0.0,-0.0,0.3693257297204796,0.0,-0.0,0.0,0.18209780132407266
1.5011642972240224e-05,0.16434124112129211,1.0703842639923096,-0.2275049090385437,0.7738511562347412,-0.0026277360320091387,0.33543384075164795,-0.33979499340057373,-0.2972164750099182,-0.8418323993682861,1.0,49.1527214050293,False,0.0,0.18217670917510986,-0.21460911631584167,0.7724708914756775,0.0,-0.0025624898076057434,0.011563724875450127,-0.01,-0.0009987649321556175,0.0005019730888307095,False,166,False,False,17.1000000000014,-0.25624898076057434,-0.0,0.0,0.0,0.0,0.0,0.0,-0.0,0.3964173759860964,0.0,-0.0,0.0,0.19564619818544246
1.3058634067419916e-05,0.16344690322875977,1.0480116605758667,-0.22608846426010132,0.773702085018158,0.005939536094665536,0.2559316158294678,-0.3523714542388916,0.26813721656799316,-0.9651906490325928,1.0,49.1527214050293,False,0.0,0.18217670917510986,-0.21460911631584167,0.7724708914756775,0.0,-0.0029828929901123047,0.018879489004611977,-0.01,0.005896596014499671,0.0004778122529387474,False,167,False,False,17.200000000001346,-0.29828929901123047,-0.0,0.0,0.0,0.0,0.0,0.0,-0.0,0.43856196396962066,0.0,-0.0,0.0,0.21629808899469802
2.100640267599374e-05,0.16227543354034424,1.0911569595336914,-0.22605280578136444,0.7738606333732605,0.008904794454574585,0.20248675346374512,-0.2823967933654785,0.5872135162353516,-0.9798387289047241,1.0,49.1527214050293,False,0.0,0.18217670917510986,-0.21460911631584167,0.7724708914756775,0.0,-0.003564131259918213,0.02218452781438826,-0.01,0.008620396554470047,0.00047316960990428925,False,168,False,False,17.30000000000129,-0.3564131259918213,-0.0,0.0,0.0,0.0,0.0,0.0,-0.0,0.4878090955122566,0.0,-0.0,0.0,0.24034041649621007
1.6503243386978284e-05,0.16484026610851288,0.8929734230041504,-0.22289934754371643,0.7736334204673767,0.0101459726691246,0.1636897325515747,-0.19281798601150513,0.7235782146453857,-0.975024402141571,1.0,49.1527214050293,False,0.0,0.18217670917510986,-0.21460911631584167,0.7724708914756775,0.0,-0.003845527768135071,0.0235467042028904,-0.01,0.00970117643475533,0.0004613921046257019,False,169,False,False,17.400000000001235,-0.3845527768135071,-0.0,0.0,0.0,0.0,0.0,0.0,-0.0,0.5403056044168066,0.0,-0.0,0.0,0.26630727444026825
2.472276537446305e-05,0.16120301187038422,0.9976650476455688,-0.22173002362251282,0.7743062376976013,0.010734425187110907,0.1991581916809082,-0.07370030879974365,0.8121697902679443,-0.9608573317527771,1.0,49.1527214050293,False,0.0,0.18217670917510986,-0.21460911631584167,0.7724708914756775,0.0,-0.004069905877113342,0.024549233466386766,-0.01,0.010479327589273424,0.0005894219502806664,False,170,False,False,17.50000000000118,-0.40699058771133423,-0.0,0.0,0.0,0.0,0.0,0.0,-0.0,0.5953575746129405,0.0,-0.0,0.0,0.29360888142935687
2.2152398742036894e-05,0.1584680676460266,1.1901105642318726,-0.2248118370771408,0.7742628455162048,0.008431591093540197,0.15235161781311035,-0.03253740072250366,0.9085224866867065,-0.9517436623573303,1.0,49.1527214050293,False,0.0,0.18217670917510986,-0.21460911631584167,0.7724708914756775,0.0,-0.0043887472152709965,0.025552424043416955,-0.01,0.011163676828145957,0.0006905868649482727,False,171,False,False,17.600000000001124,-0.4388747215270996,-0.0,0.0,0.0,0.0,0.0,0.0,-0.0,0.6529924552316362,0.0,-0.0,0.0,0.3221074804005471
6.407362525351346e-05,0.15211600065231323,1.4526362419128418,-0.2262776643037796,0.7743207216262817,0.004620437175035448,0.08280277252197266,-0.12664973735809326,0.8883754014968872,-0.9416464567184448,1.0,49.1527214050293,False,0.0,0.18217670917510986,-0.21460911631584167,0.7724708914756775,0.0,-0.004247013330459595,0.025933658480644217,-0.01,0.011686645150184622,0.0004740199074149132,False,172,False,False,17.70000000000107,-0.4247013330459595,-0.0,0.0,0.0,0.0,0.0,0.0,-0.0,0.711979410141714,0.0,-0.0,0.0,0.3517426917403974
4.768337385030463e-05,0.15850049257278442,1.384467363357544,-0.23050735890865326,0.7744304537773132,0.014708589687943465,0.03977465629577637,-0.12626641988754272,0.7687383890151978,-0.9246793389320374,1.0,49.1527214050293,False,0.0,0.18217670917510986,-0.21460911631584167,0.7724708914756775,0.0,-0.0036587896943092346,0.025313120856881144,-0.01,0.01165433116257191,0.0006078542210161686,False,173,False,False,17.800000000001013,-0.36587896943092346,-0.0,0.0,0.0,0.0,0.0,0.0,-0.0,0.7703086844518956,0.0,-0.0,0.0,0.3814955525316386
4.24116660724394e-05,0.15975531935691833,1.3173565864562988,-0.23016329109668732,0.7740160226821899,0.00944915018975736,0.03738856315612793,-0.11558133363723755,0.6755884885787964,-0.8388375043869019,1.0,49.1527214050293,False,0.0,0.18217670917510986,-0.21460911631584167,0.7724708914756775,0.0,-0.0029370629787445067,0.023400397375226034,-0.01,0.010463334396481528,0.0004700608551502228,False,174,False,False,17.900000000000958,-0.2937062978744507,-0.0,0.0,0.0,0.0,0.0,0.0,-0.0,0.8253631857145485,0.0,-0.0,0.0,0.4097445298785297
5.986148971715011e-05,0.15879346430301666,1.3611361980438232,-0.2302234172821045,0.7743074297904968,0.004120685011148453,0.06589961051940918,-0.08818340301513672,0.43502867221832275,-0.8223735094070435,1.0,49.1527214050293,False,0.0,0.18217670917510986,-0.21460911631584167,0.7724708914756775,0.0,-0.002194167971611023,0.020129893049597725,-0.01,0.0079357250779867,0.0004709050990641117,False,175,False,False,18.000000000000902,-0.2194167971611023,-0.0,0.0,0.0,0.0,0.0,0.0,-0.0,0.8743666748339257,0.0,-0.0,0.0,0.4349891694453518
6.884987669764087e-05,0.1615435779094696,1.2843058109283447,-0.23071421682834625,0.7742618322372437,0.004154738411307347,0.04999423027038574,-0.003925800323486328,-0.0029804110527038574,-0.6621732711791992,1.0,49.1527214050293,False,0.0,0.18217670917510986,-0.21460911631584167,0.7724708914756775,0.0,-0.0011024928838014602,0.015389504879713078,-0.01,0.004287011995911617,0.00048573175445199013,False,176,False,False,18.100000000000847,-0.11024928838014603,-0.0,0.0,0.0,0.0,0.0,0.0,-0.0,0.9142885863614767,0.0,-0.0,0.0,0.45604180029693686
0.0004031818243674934,0.16648727655410767,1.3904228210449219,-0.2364860326051712,0.7766172289848328,-0.00356526277959345,-0.0355648398399353,0.0039806365966796875,-0.42248785495758057,-0.1366773247718811,0.9949086904525757,49.1527214050293,False,0.0,0.18217670917510986,-0.21460911631584167,0.7724708914756775,0.0,-0.0004961434751749039,0.0047983779758214995,-0.01,-0.005697765499353405,0.0007706210017204285,False,177,False,False,18.20000000000079,-0.04961434751749039,-0.0,0.0,0.0,0.0,0.0,0.0,-0.0,0.9332174607163581,0.0,-0.0,0.0,0.46611258688300417
0.0002587328781373799,0.1639297902584076,1.3540138006210327,-0.23586289584636688,0.7756800651550293,-0.020397245325148083,0.05717921257019043,-0.01638329029083252,-0.33037304878234863,0.6581790447235107,-0.9999998807907104,49.339874267578125,True,0.24471282958984375,0.18410319089889526,-0.21617792546749115,0.7749180197715759,0.0,-0.001364709585905075,0.4342620951039269,-0.01,0.4228973855180218,0.000648851040750742,False,178,False,False,18.300000000000736,-0.1364709585905075,-0.0,0.0,0.0,1.0,0.622949828139735,0.0,-0.0,0.0,0.0,-0.0,0.09849525417966354,0.908605458663626
0.0002009129530051723,0.1665237843990326,1.2761573791503906,-0.22805264592170715,0.7761748433113098,-0.01626144636422396,-0.028041362762451172,0.11333990097045898,-0.2198053002357483,0.8399028778076172,-1.0,49.3051872253418,True,1.2217342853546143,0.18407350778579712,-0.21583104133605957,0.7846882343292236,0.0,-0.001918458640575409,0.11199981018598837,-0.01,0.10008135154541296,0.0004757898859679699,False,179,False,False,18.40000000000068,-0.1918458640575409,-0.0,0.0,0.0,1.0,0.8672052042108414,0.0,-0.0,0.0,0.0,-0.0,0.09869032701868963,1.030374470483535
0.0002958445402327925,0.1634341925382614,1.8597596883773804,-0.23037733137607574,0.7774271965026855,-0.042305710315704334,0.008736968040466309,0.12581682205200195,0.010539650917053223,0.8557742834091187,-1.0,49.14046096801758,True,2.408808469772339,0.18390612304210663,-0.21418824791908264,0.7965589761734009,0.0,-0.0018709173798561096,0.056332276476293686,-0.01,0.04446135909643757,0.00046802591532468796,False,180,False,False,18.500000000000625,-0.18709173798561096,-0.0,0.0,0.0,1.0,1.0,0.0,-0.0,0.0,0.0,-0.0,0.09962174697673987,1.0977508295968839
0.0009284498519264162,0.16007989645004272,2.2914977073669434,-0.23275360465049744,0.7817450165748596,-0.03151173740625381,-0.012868225574493408,0.08280646800994873,0.223749041557312,0.3000129461288452,-1.0,48.96398162841797,True,3.355604410171509,0.1841447651386261,-0.21235546469688416,0.8060269355773926,0.0,-0.0003677347302436829,-0.009999164324351106,-0.01,-0.020366899054594788,0.000686979852616787,False,181,False,False,18.60000000000057,-0.036773473024368286,-0.0,0.0,0.0,1.0,1.0,0.0,-0.0,0.0,0.0,-0.0,0.10062887864030934,1.1002611439100656
0.0005865456187166274,0.15921887755393982,2.5943682193756104,-0.23319020867347717,0.7794917821884155,-0.030500674247741687,-0.10887086391448975,0.09231126308441162,0.148858904838562,0.4087209701538086,-0.9999998807907104,48.779579162597656,True,3.8793563842773438,0.18280351161956787,-0.21071647107601166,0.8112644553184509,0.0,-0.000523965135216713,-0.009954288275261014,-0.01,-0.020478253410477727,0.0005935337394475937,False,182,False,False,18.700000000000514,-0.052396513521671295,-0.0,0.0,0.0,1.0,1.0,0.0,-0.0,0.0,0.0,-0.0,0.10169149949637046,1.1011675343611538
0.003549337387084961,0.1573047637939453,2.199173927307129,-0.22306257486343384,0.7880058288574219,-0.003565754741430305,-0.13999474048614502,0.10159492492675781,0.15494954586029053,0.2939021587371826,-0.9999985694885254,48.5885009765625,True,4.405856132507324,0.18081147968769073,-0.20911769568920135,0.8165294528007507,0.0,-0.00035076975822448734,-0.0099157434009578,-0.01,-0.020266513159182285,0.0006067040376365185,False,183,False,False,18.80000000000046,-0.03507697582244873,-0.0,0.0,0.0,1.0,1.0,0.0,-0.0,0.0,0.0,-0.0,0.1028037900578479,1.1024530202996232
0.0035395538434386253,0.15866540372371674,2.411346673965454,-0.2243572622537613,0.7851517796516418,-0.026356687061488637,-0.1160498857498169,0.18935084342956543,0.13571786880493164,0.18564260005950928,-0.999999463558197,48.344993591308594,True,4.7885894775390625,0.1784808337688446,-0.2070372998714447,0.8203567862510681,0.0,-0.00025550957769155503,-0.009608194049549379,-0.01,-0.019863703627240936,0.0005624690093100071,False,184,False,False,18.900000000000404,-0.025550957769155502,-0.0,0.0,0.0,1.0,1.0,0.0,-0.0,0.0,0.0,-0.0,0.10423798486111813,1.1039824752834266
0.041203372180461884,0.1633453369140625,1.9130051136016846,-0.22338499128818512,0.7982401251792908,0.011718384940177193,-0.11569631099700928,0.21693992614746094,0.009452342987060547,0.24463319778442383,-0.9999708533287048,48.01789474487305,True,5.100149154663086,0.17621077597141266,-0.20409253239631653,0.8234723806381226,0.0,-0.0003009582869708538,-0.009105668333571959,-0.01,-0.019406626620542815,0.000619466882199049,False,185,False,False,19.000000000000348,-0.03009582869708538,-0.0,0.0,0.0,1.0,1.0,0.0,-0.0,0.0,0.0,-0.0,0.10619426602365789,1.105893307736687
0.01763126067817211,0.15756919980049133,2.3628153800964355,-0.2247631847858429,0.7970969080924988,-0.03248585510998967,-0.09244650602340698,0.14270853996276855,-0.0020102262496948242,0.4279690980911255,-0.9999992251396179,47.706459045410156,True,5.541152000427246,0.17416882514953613,-0.20126384496688843,0.8278824090957642,0.0,-0.0005301841720938683,-0.00918613399885193,-0.01,-0.0197163181709458,0.00047643017023801804,False,186,False,False,19.100000000000293,-0.053018417209386826,-0.0,0.0,0.0,1.0,1.0,0.0,-0.0,0.0,0.0,-0.0,0.10808902135656195,1.107558837184468
0.03243589028716087,0.1579483449459076,2.2326395511627197,-0.21974925696849823,0.8020879030227661,-0.01346872996538879,-0.0860971212387085,0.12527251243591309,0.019994616508483887,0.42990803718566895,-0.9999995231628418,47.47831344604492,True,6.143278121948242,0.17256714403629303,-0.19920463860034943,0.8339036703109741,0.0,-0.0005208165571093559,-0.009686741066554427,-0.01,-0.02020755762366378,0.00047119101509451866,False,187,False,False,19.200000000000237,-0.05208165571093559,-0.0,0.0,0.0,1.0,1.0,0.0,-0.0,0.0,0.0,-0.0,0.10949725748604844,1.108976440928939
0.21719014644622803,0.1598350703716278,1.7555584907531738,-0.2195274531841278,0.821178138256073,0.013860672637820226,-0.05461078882217407,0.16115057468414307,-0.009023308753967285,0.4579964876174927,-0.9999997019767761,47.25687026977539,True,6.77107572555542,0.1711522936820984,-0.19718143343925476,0.8401816487312317,0.0,-0.0005969851464033127,-0.009725448317307261,-0.01,-0.020322433463710574,0.00047765858471393585,False,188,False,False,19.300000000000182,-0.05969851464033127,-0.0,0.0,0.0,1.0,1.0,0.0,-0.0,0.0,0.0,-0.0,0.11088061617107003,1.1102836310246667
0.22814343869686127,0.1629476249217987,1.837109923362732,-0.22166723012924194,0.8251833915710449,-0.023825935944914847,-0.10737097263336182,0.13434958457946777,-0.013315141201019287,0.4720449447631836,-1.0,47.016326904296875,True,7.429533958435059,0.16976872086524963,-0.19495786726474762,0.8467662334442139,0.0,-0.0006314551830291748,-0.009602727884906903,-0.01,-0.020234183067936076,0.00047472119331359863,False,189,False,False,19.400000000000126,-0.06314551830291748,-0.0,0.0,0.0,1.0,1.0,0.0,-0.0,0.0,0.0,-0.0,0.11240190144404316,1.111770446261014
0.6470069289207458,0.16613386571407318,1.4662728309631348,-0.21560566127300262,0.8347508907318115,0.6542977879939199,-0.11813539266586304,0.2879842519760132,-0.07683205604553223,0.5158337354660034,-1.0,46.727256774902344,True,8.122360229492188,0.16788753867149353,-0.1923147588968277,0.853694498538971,0.0,-0.0009221962094306946,-0.00928837511147873,-0.01,-0.020210571320909428,0.00047279195860028267,False,190,False,False,19.50000000000007,-0.09221962094306946,-0.0,0.0,0.0,1.0,1.0,0.0,-0.0,0.0,0.0,-0.0,0.11425607967280116,1.1133338834633704
0.7084497809410095,0.1704799234867096,1.6852447986602783,-0.21188484132289886,0.840333104133606,-0.020895819324457998,-0.16715717315673828,0.5063649415969849,0.009408354759216309,0.612464189529419,-1.0,46.20172882080078,True,8.897953987121582,0.16558636724948883,-0.18733838200569153,0.8614504337310791,0.0,-0.001648869663476944,-0.007732316812627316,-0.01,-0.019381186476104262,0.0008010412566363811,False,191,False,False,19.600000000000016,-0.1648869663476944,-0.0,0.0,0.0,1.0,1.0,0.0,-0.0,0.0,0.0,-0.0,0.1177007757412456,1.1160519060777687
0.913846492767334,0.17248964309692383,1.7873897552490234,-0.20941495895385742,0.8563255667686462,-0.022153791651099937,-0.2212124466896057,0.6969215869903564,0.007475495338439941,0.6447124481201172,-1.0,45.38393783569336,True,9.770065307617188,0.16263209283351898,-0.17949679493904114,0.8701715469360352,0.0,-0.002375861704349518,-0.005678015372693412,-0.01,-0.01805387707704293,0.0005945051088929176,False,192,False,False,19.69999999999996,-0.23758617043495178,-0.0,0.0,0.0,1.0,1.0,0.0,-0.0,0.0,0.0,-0.0,0.12325531652672195,1.1208794548223726
0.7362939119338989,0.16448073089122772,2.7441983222961426,-0.2140824794769287,0.8468688726425171,-0.025987412405145252,-0.19823181629180908,0.8889830112457275,0.0016425848007202148,0.5877094268798828,-1.0,44.29693603515625,True,10.643786430358887,0.15929418802261353,-0.16898295283317566,0.8789087533950806,0.0,-0.002937479317188263,-0.0035476837405028494,-0.01,-0.016485163057691113,0.00046304380521178246,False,193,False,False,19.799999999999905,-0.2937479317188263,-0.0,0.0,0.0,1.0,1.0,0.0,-0.0,0.0,0.0,-0.0,0.13101781269476176,1.1280803333775733
0.7259556651115417,0.16264493763446808,3.5291895866394043,-0.2174079567193985,0.850098192691803,-0.026669950865957574,-0.41396284103393555,0.9557559490203857,-0.29429948329925537,0.6303644180297852,-1.0,42.99775695800781,True,11.478340148925781,0.15487134456634521,-0.15646196901798248,0.8872542977333069,0.0,-0.003922015428543091,-0.00153561910802269,-0.01,-0.015457634536565781,0.000540285836905241,False,194,False,False,19.89999999999985,-0.3922015428543091,-0.0,0.0,0.0,1.0,1.0,0.0,-0.0,0.0,0.0,-0.0,0.14089112314004215,1.136969107711499
0.9818183779716492,0.16863885521888733,3.3647985458374023,-0.20484699308872223,0.8754302263259888,-0.019395479957238566,-0.5512081384658813,0.9814467430114746,-0.6720914840698242,0.5842945575714111,-1.0,41.60167694091797,True,12.131243705749512,0.14761169254779816,-0.14328330755233765,0.8937833309173584,0.0,-0.005150437951087951,-0.00014975649778370403,-0.01,-0.015300194448871655,0.0004799659363925457,False,195,False,False,19.999999999999794,-0.5150437951087952,-0.0,0.0,0.0,1.0,1.0,0.0,-0.0,0.0,0.0,-0.0,0.1522639732742408,1.1471135353231527
0.9795570373535156,0.16802151501178741,4.314010143280029,-0.20710685849189758,0.8752018809318542,-0.026868160230860402,-0.37527191638946533,0.991889238357544,-0.6352962255477905,0.5306875705718994,-1.0,40.17094421386719,True,12.646347045898438,0.13969741761684418,-0.12974312901496887,0.8989343643188477,0.0,-0.0045247596502304074,0.0008759770589701343,-0.01,-0.013648782591260273,0.0007780189625918865,False,196,False,False,20.09999999999974,-0.45247596502304077,-0.0,0.0,0.0,1.0,1.0,0.0,-0.0,0.0,0.0,-0.0,0.16478785269561969,1.1602630930453892
0.9909316301345825,0.17110228538513184,4.819671630859375,-0.20245490968227386,0.8856031894683838,-0.024322104073099905,-0.5041317343711853,0.9918817281723022,-0.8510749340057373,0.5837072134017944,-1.0,38.7643928527832,True,13.35170841217041,0.133125901222229,-0.1162259504199028,0.9059879779815674,0.0,-0.0057575523853302,0.0014390637210583979,-0.01,-0.014318488664271802,0.0004653823561966419,False,197,False,False,20.199999999999683,-0.57575523853302,-0.0,0.0,0.0,1.0,1.0,0.0,-0.0,0.0,0.0,-0.0,0.17800697544955746,1.1722494230642273
0.9947696328163147,0.1683782935142517,5.420570373535156,-0.20663003623485565,0.8966443538665771,-0.02948221915512119,-0.5255763530731201,0.9957573413848877,-0.887047529220581,0.6424871683120728,-1.0,37.353355407714844,True,13.946592330932617,0.12498677521944046,-0.10269689559936523,0.9119368195533752,0.0,-0.006168515682220459,0.0022930785632082618,-0.01,-0.013875437119012197,0.0005882843397557735,False,198,False,False,20.299999999999628,-0.6168515682220459,-0.0,0.0,0.0,1.0,1.0,0.0,-0.0,0.0,0.0,-0.0,0.19222225844800922,1.186053742765789
0.9818196296691895,0.16424135863780975,6.67114782333374,-0.2075299173593521,0.8839921951293945,-0.02785235543552468,-0.5414038896560669,0.9968349933624268,-0.9295454621315002,0.7015981674194336,-1.0,35.959083557128906,True,14.543503761291504,0.11633080989122391,-0.08921977132558823,0.9179059267044067,0.0,-0.006607732176780701,0.0029617240946266943,-0.01,-0.013646008082154007,0.0005340240895748138,False,199,False,False,20.399999999999572,-0.6607732176780701,-0.0,0.0,0.0,1.0,1.0,0.0,-0.0,0.0,0.0,-0.0,0.2072565917576149,1.2006488595808342
0.9851847887039185,0.16415293514728546,7.575000762939453,-0.20931656658649445,0.8874017000198364,-0.029822153576051898,-0.7291483283042908,0.995164155960083,-0.9722781777381897,0.7912824153900146,-1.0,34.602989196777344,True,15.086942672729492,0.10618346929550171,-0.07597462832927704,0.9233403205871582,0.0,-0.007733653783798218,0.0033822139469854573,-0.01,-0.014351439836812762,0.00047681899741292,False,200,False,False,20.499999999999517,-0.7733653783798218,-0.0,0.0,0.0,1.0,1.0,0.0,-0.0,0.0,0.0,-0.0,0.22286743399532727,1.215133780211529
0.9817226529121399,0.16217628121376038,8.686193466186523,-0.2101435363292694,0.8823304772377014,-0.029490308066184523,-0.7660484910011292,0.995229959487915,-0.9719154834747314,0.8520371913909912,-1.0,33.301368713378906,True,15.464698791503906,0.09356982260942459,-0.06295160204172134,0.9271178841590881,0.0,-0.008119750022888183,0.0035533432998759995,-0.01,-0.014566406723012184,0.00070921890437603,False,201,False,False,20.59999999999946,-0.8119750022888184,-0.0,0.0,0.0,1.0,1.0,0.0,-0.0,0.0,0.0,-0.0,0.23880886796783474,1.2306891179449464
0.9957951307296753,0.16725896298885345,9.380495071411133,-0.21291211247444153,0.8990828990936279,-0.03137397671613789,-0.7958011031150818,0.9681081771850586,-0.9702054262161255,0.9108924865722656,-1.0,32.084495544433594,True,15.811562538146973,0.08003656566143036,-0.050223276019096375,0.9305865168571472,0.0,-0.008353891372680665,0.0032397734102789233,-0.01,-0.015114117962401741,0.0005840701051056385,False,202,False,False,20.699999999999406,-0.8353891372680664,-0.0,0.0,0.0,1.0,1.0,0.0,-0.0,0.0,0.0,-0.0,0.2545945820468959,1.2462406906742154
0.9886300563812256,0.1627330631017685,10.511256217956543,-0.21140359342098236,0.888778567314148,-0.028292594647335974,-0.8029677271842957,0.96844482421875,-0.954261839389801,0.9493833780288696,-1.0,30.962007522583008,True,16.12775993347168,0.06601916998624802,-0.03774971142411232,0.9337484836578369,0.0,-0.008486467599868775,0.002643965355160427,-0.01,-0.01584250224470835,0.00046676071360707283,False,203,False,False,20.79999999999935,-0.8486467599868774,-0.0,0.0,0.0,1.0,1.0,0.0,-0.0,0.0,0.0,-0.0,0.26993796969924877,1.26145150209938
0.9968152642250061,0.16838626563549042,10.968453407287598,-0.20773054659366608,0.9061357975006104,-0.027464611878544973,-0.7583115100860596,0.9341704845428467,-0.9336875677108765,0.9626127481460571,-1.0,29.926210403442383,True,16.439294815063477,0.052347440272569656,-0.025443801656365395,0.9368638396263123,0.0,-0.00811526656150818,0.001995965862017668,-0.01,-0.01611930069949051,0.0004936219193041325,False,204,False,False,20.899999999999295,-0.8115266561508179,-0.0,0.0,0.0,1.0,1.0,0.0,-0.0,0.0,0.0,-0.0,0.2847817251056769,1.276666458544169
0.9876524209976196,0.1612996906042099,12.26009464263916,-0.21034614741802216,0.8911600708961487,-0.03000942864483075,-0.763914167881012,0.9515284299850464,-0.8659530282020569,0.9800916910171509,-1.0,28.973302841186523,True,16.75119400024414,0.03935150057077408,-0.013314275071024895,0.9399828314781189,0.0,-0.007998563647270203,0.0012609812247996732,-0.01,-0.01673758242247053,0.0007216278463602066,False,205,False,False,20.99999999999924,-0.7998563647270203,-0.0,0.0,0.0,1.0,1.0,0.0,-0.0,0.0,0.0,-0.0,0.2990330455191661,1.291034481871896
0.9966524243354797,0.16723395884037018,12.742011070251465,-0.2099096029996872,0.9085894823074341,-0.027679835868499682,-0.5980522036552429,0.7846968173980713,-0.7959932088851929,0.9833739995956421,-0.9999549388885498,28.144702911376953,True,17.089128494262695,0.027663547545671463,-0.0019923700019717216,0.9433621764183044,0.0,-0.006435112953186035,-0.00025355500717161306,-0.01,-0.01668866796035765,0.0005005826242268085,False,206,False,False,21.099999999999184,-0.6435112953186035,-0.0,0.0,0.0,1.0,1.0,0.0,-0.0,0.0,0.0,-0.0,0.31189850306006073,1.3054633901068746
0.966813325881958,0.15761829912662506,14.244246482849121,-0.21401044726371765,0.8820986747741699,-0.02847392544072276,-0.5660863518714905,0.8218677043914795,-0.5869477987289429,0.989570140838623,-0.9999893307685852,27.4241886138916,True,17.545425415039062,0.01832924410700798,0.008201411925256252,0.9479251503944397,0.0,-0.005799192786216736,-0.0016836370249067034,-0.01,-0.017482829811123438,0.0004762238822877407,False,207,False,False,21.19999999999913,-0.5799192786216736,-0.0,0.0,0.0,1.0,1.0,0.0,-0.0,0.0,0.0,-0.0,0.3234493277624182,1.3176501349762015
0.9605118036270142,0.1515762060880661,12.696306228637695,-0.20260708034038544,0.889502227306366,-0.01660056889547061,-0.17098450660705566,0.08561646938323975,-0.278567910194397,0.9850949048995972,0.985470175743103,26.609638214111328,False,13.264566421508789,0.00889433454722166,0.019985919818282127,0.9051165580749512,0.0,-1.0027114447951317,-0.9593059877923242,-0.01,-1.972017432587456,0.0004560500383377075,False,208,False,False,21.299999999999073,-0.27114447951316833,-0.0,-1.0,0.0,0.0,0.0,0.0,-0.0,0.7356429735999005,0.0,-0.0,0.0,-0.6348899579951813
0.5351589322090149,0.15729041397571564,15.400557518005371,-0.17288857698440552,0.8654583692550659,-0.0059631750168143245,0.26178300380706787,-0.7447332739830017,-0.029660284519195557,0.9805417060852051,1.0,25.816333770751953,False,-0.38347840309143066,-0.0021218520123511553,0.03289363160729408,0.7686361074447632,0.0,-0.003963749408721924,-0.24563297092914582,-0.01,-0.25959672033786774,0.0004578898660838604,False,209,False,False,21.399999999999018,-0.3963749408721924,-0.0,0.0,0.0,0.0,0.0,0.0,-0.0,0.24684567321612416,0.0,-0.0,0.0,0.11945908719934016
0.05012856051325798,0.13673290610313416,13.62294864654541,-0.17707470059394836,0.8300704956054688,-2.070298483896555,0.7287139892578125,-0.34172523021698,0.3095815181732178,0.9222261905670166,1.0,25.77804946899414,False,-0.004327297210693359,-0.0033804348204284906,0.033857543021440506,0.7724276185035706,0.0,-0.003985354900360108,-0.003426338434219356,-0.01,-0.017411693334579464,0.00045468565076589584,False,210,False,False,21.499999999998963,-0.39853549003601074,-0.0,0.0,0.0,0.0,0.0,0.0,-0.0,0.24241708900849124,0.0,-0.0,0.0,0.11722318960388552
0.03276548534631729,0.13308274745941162,13.201915740966797,-0.17326860129833221,0.824951171875,-0.009250373840332036,0.8991678953170776,-0.6220054626464844,0.7187027931213379,0.6293257474899292,1.0,25.77829933166504,False,-1.7881393432617188e-05,-0.003373775165528059,0.033851899206638336,0.7724707126617432,0.0,-0.005269945859909058,-0.005890759229660036,-0.01,-0.021160705089569097,0.0007258988916873932,False,211,False,False,21.599999999998907,-0.5269945859909058,-0.0,0.0,0.0,0.0,0.0,0.0,-0.0,0.23296527917586263,0.0,-0.0,0.0,0.11121269372802225
0.04289892315864563,0.12693437933921814,13.326684951782227,-0.1795842945575714,0.8285271525382996,-0.006402032971382137,0.9139314889907837,-0.6763666272163391,0.4537256956100464,0.5072476863861084,1.0,25.77829933166504,False,0.0,-0.003373747458681464,0.03385187312960625,0.7724708914756775,0.0,-0.004389774799346924,-0.005979986786842348,-0.01,-0.02036976158618927,0.00047463225200772285,False,212,False,False,21.69999999999885,-0.4389774799346924,-0.0,0.0,0.0,0.0,0.0,0.0,-0.0,0.22323765681205687,0.0,-0.0,0.0,0.10722905360668152
0.006785845384001732,0.1278749406337738,12.744789123535156,-0.18066689372062683,0.8090471029281616,-0.016296060085296632,0.8704793453216553,-0.8059150576591492,0.1877422332763672,0.2924818992614746,1.0,25.77829933166504,False,0.0,-0.0033737472258508205,0.03385187312960625,0.7724708914756775,0.0,-0.003820065259933472,-0.006191016137599953,-0.01,-0.020011081397533423,0.0004713800735771656,False,213,False,False,21.799999999998796,-0.38200652599334717,-0.0,0.0,0.0,0.0,0.0,0.0,-0.0,0.21298546427590392,0.0,-0.0,0.0,0.10267266687801849
0.015188934281468391,0.1270245909690857,13.011954307556152,-0.18019495904445648,0.8183843493461609,0.0015708872675895703,0.8541500568389893,-0.8494580388069153,0.25818538665771484,0.023625731468200684,1.0,25.77829933166504,False,0.0,-0.0033737472258508205,0.03385187312960625,0.7724708914756775,0.0,-0.0037959226965904235,-0.00636797100305557,-0.01,-0.020163893699645996,0.00046129804104566574,False,214,False,False,21.89999999999874,-0.37959226965904236,-0.0,0.0,0.0,0.0,0.0,0.0,-0.0,0.20227230327598722,0.0,-0.0,0.0,0.09734022894140319
0.011518063023686409,0.1302300989627838,12.931567192077637,-0.17750747501850128,0.8154547214508057,-0.004718625843524933,0.7761474847793579,-0.8376372456550598,0.34140026569366455,0.000946044921875,1.0,25.77829933166504,False,0.0,-0.0033737472258508205,0.03385187312960625,0.7724708914756775,0.0,-0.003551490306854248,-0.006501963734626776,-0.01,-0.020053454041481025,0.0004557827487587929,False,215,False,False,21.999999999998685,-0.3551490306854248,-0.0,0.0,0.0,0.0,0.0,0.0,-0.0,0.19118015978309122,0.0,-0.0,0.0,0.09203858958469135
0.010793676599860191,0.1277904212474823,12.628975868225098,-0.17236672341823578,0.8139573931694031,-0.00037205994129180416,0.7362792491912842,-0.8199969530105591,0.24683427810668945,-0.08415824174880981,1.0,25.77829933166504,False,0.0,-0.0033737472258508205,0.03385187312960625,0.7724708914756775,0.0,-0.0032062795758247375,-0.006932763457298277,-0.01,-0.020139043033123014,0.0004774872213602066,False,216,False,False,22.09999999999863,-0.32062795758247375,-0.0,0.0,0.0,0.0,0.0,0.0,-0.0,0.17910564782503602,0.0,-0.0,0.0,0.08634654433669327
0.005737110506743193,0.13147175312042236,12.595051765441895,-0.17425647377967834,0.8073685765266418,-0.010903800725936889,0.6627554893493652,-0.743702232837677,0.006472349166870117,-0.1123429536819458,1.0,25.77829933166504,False,0.0,-0.0033737472258508205,0.03385187312960625,0.7724708914756775,0.0,-0.0025125014781951904,-0.006610983014106744,-0.01,-0.019123484492301935,0.00047368137165904045,False,217,False,False,22.199999999998575,-0.25125014781951904,-0.0,0.0,0.0,0.0,0.0,0.0,-0.0,0.16755930550012477,0.0,-0.0,0.0,0.08126715127186719
0.0030357001814991236,0.13188134133815765,12.313949584960938,-0.17206665873527527,0.8007157444953918,-0.008730510622262946,0.6219364404678345,-0.7274699211120605,-0.017499983310699463,-0.2110164761543274,1.0,25.77829933166504,False,0.0,-0.0033737472258508205,0.03385187312960625,0.7724708914756775,0.0,-0.0024021290242671966,-0.00586019515991211,-0.01,-0.018262324184179307,0.00048802001401782036,False,218,False,False,22.29999999999852,-0.24021290242671967,-0.0,0.0,0.0,0.0,0.0,0.0,-0.0,0.15741306157060553,0.0,-0.0,0.0,0.07630440176103556
0.0008688875241205096,0.12867727875709534,11.95419692993164,-0.17500658333301544,0.7901872992515564,-0.014575474560260761,0.5923712253570557,-0.6735103130340576,-0.159257173538208,-0.36382341384887695,1.0,25.77829933166504,False,0.0,-0.0033737472258508205,0.03385187312960625,0.7724708914756775,0.0,-0.002405625283718109,-0.004824757874012001,-0.01,-0.01723038315773011,0.00046889903023838997,False,219,False,False,22.399999999998464,-0.2405625283718109,-0.0,0.0,0.0,0.0,0.0,0.0,-0.0,0.1492561025307504,0.0,-0.0,0.0,0.07222242598165708
0.002728077583014965,0.1282176524400711,12.16246509552002,-0.17195717990398407,0.7999444007873535,0.011051801741123189,0.5141928195953369,-0.6459165811538696,-0.504408061504364,-0.5779047608375549,1.0,25.77829933166504,False,0.0,-0.0033737472258508205,0.03385187312960625,0.7724708914756775,0.0,-0.0031750094890594482,-0.003460262715816495,-0.01,-0.016635272204875942,0.0005156481638550758,False,220,False,False,22.49999999999841,-0.3175009489059448,-0.0,0.0,0.0,0.0,0.0,0.0,-0.0,0.14377331291505857,0.0,-0.0,0.0,0.06871164696846983
0.0006428993074223399,0.12930969893932343,11.641178131103516,-0.16706480085849762,0.7881061434745789,-0.012415736317634584,0.44154489040374756,-0.5427334904670715,-0.7535905241966248,-0.7347195744514465,1.0,25.77829933166504,False,0.0,-0.0033737472258508205,0.03385187312960625,0.7724708914756775,0.0,-0.003993082642555237,-0.002023044824600223,-0.01,-0.016016127467155458,0.0007325201295316219,False,221,False,False,22.599999999998353,-0.3993082642555237,-0.0,0.0,0.0,0.0,0.0,0.0,-0.0,0.14113862227887852,0.0,-0.0,0.0,0.06657622849688402
0.0012380954576656222,0.13104148209095,11.745580673217773,-0.16278840601444244,0.7937827706336975,0.01173076301813125,0.474367618560791,-0.48807215690612793,-0.855180025100708,-0.8705911040306091,1.0,25.77829933166504,False,0.0,-0.0033737472258508205,0.03385187312960625,0.7724708914756775,0.0,-0.004881252050399781,-0.00103664249181748,-0.01,-0.01591789454221726,0.00047308625653386116,False,222,False,False,22.699999999998298,-0.488125205039978,-0.0,0.0,0.0,0.0,0.0,0.0,-0.0,0.14047001692589867,0.0,-0.0,0.0,0.06535375641254955
0.0013784182956442237,0.1344757378101349,11.727068901062012,-0.15900027751922607,0.7935813069343567,0.006634418666362761,0.4702930450439453,-0.4759702682495117,-0.7190827131271362,-0.8779798746109009,1.0,25.77829933166504,False,0.0,-0.0033737472258508205,0.03385187312960625,0.7724708914756775,0.0,-0.004339129626750946,-0.0008723536133766197,-0.01,-0.015211483240127565,0.00047310395166277885,False,223,False,False,22.799999999998242,-0.4339129626750946,-0.0,0.0,0.0,0.0,0.0,0.0,-0.0,0.14012658476504158,0.0,-0.0,0.0,0.06572416275576985
0.002018978353589773,0.13442769646644592,11.676573753356934,-0.15495361387729645,0.7961611747741699,0.01356582105159758,0.4974792003631592,-0.17371541261672974,-0.4897717833518982,-0.8649981021881104,1.0,25.77829933166504,False,0.0,-0.0033737472258508205,0.03385187312960625,0.7724708914756775,0.0,-0.003164401650428772,-0.0007835102081298895,-0.01,-0.013947911858558662,0.0005090120248496532,False,224,False,False,22.899999999998187,-0.3164401650428772,-0.0,0.0,0.0,0.0,0.0,0.0,-0.0,0.13995915111988633,0.0,-0.0,0.0,0.06681517390951439
0.0011156373657286167,0.12805980443954468,11.24279499053955,-0.15401509404182434,0.7904542088508606,-0.0032272560894489183,0.4259752035140991,0.1800020933151245,-0.009377598762512207,-0.8439081311225891,1.0,25.77829933166504,False,0.0,-0.0033737472258508205,0.03385187312960625,0.7724708914756775,0.0,-0.0023153111338615417,0.0005816352367401106,-0.01,-0.011733675897121432,0.0004857419990003109,False,225,False,False,22.99999999999813,-0.23153111338615417,-0.0,0.0,0.0,0.0,0.0,0.0,-0.0,0.1425479316355288,0.0,-0.0,0.0,0.06895865468390286
0.0017805809620767832,0.12354446947574615,11.162614822387695,-0.15364357829093933,0.7929356694221497,0.009637119472026811,0.11818110942840576,0.14735078811645508,0.4605354070663452,-0.8436649441719055,1.0,25.77829933166504,False,0.0,-0.0033737472258508205,0.03385187312960625,0.7724708914756775,0.0,-0.00239885613322258,0.002322692573070523,-0.01,-0.010076163560152058,0.00046333903446793556,False,226,False,False,23.099999999998076,-0.239885613322258,-0.0,0.0,0.0,0.0,0.0,0.0,-0.0,0.1486800823054566,0.0,-0.0,0.0,0.07194118501950572
0.0007586476276628673,0.1228521466255188,10.97607135772705,-0.15566159784793854,0.786013662815094,-0.007616573125123991,-0.10822474956512451,0.2420947551727295,0.47506725788116455,-0.9337325692176819,1.0,25.77829933166504,False,0.0,-0.0033737472258508205,0.03385187312960625,0.7724708914756775,0.0,-0.0029196697473526,0.00383507698774338,-0.01,-0.00908459275960922,0.00047297729179263115,False,227,False,False,23.19999999999802,-0.29196697473526,-0.0,0.0,0.0,0.0,0.0,0.0,-0.0,0.15792947210078034,0.0,-0.0,0.0,0.07604506630303758
0.001955245388671756,0.12536458671092987,10.978830337524414,-0.14638042449951172,0.7928651571273804,0.02925178676843642,-0.02220362424850464,-0.06470566987991333,0.25655698776245117,-0.9145314693450928,1.0,25.77829933166504,False,0.0,-0.0033737472258508205,0.03385187312960625,0.7724708914756775,0.0,-0.002267172634601593,0.004269867837429039,-0.01,-0.007997304797172554,0.0004985500127077103,False,228,False,False,23.299999999997965,-0.2267172634601593,-0.0,0.0,0.0,0.0,0.0,0.0,-0.0,0.16815075065914054,0.0,-0.0,0.0,0.08180820269496868
0.0010449372930452228,0.12576711177825928,10.867032051086426,-0.14823636412620544,0.7872527241706848,-0.0009950508177280337,0.03657877445220947,0.06456124782562256,0.31216609477996826,-0.8984986543655396,1.0,25.77829933166504,False,0.0,-0.0033737472258508205,0.03385187312960625,0.7724708914756775,0.0,-0.0022756342589855196,0.0026173272728920033,-0.01,-0.009658306986093516,0.0004706890322268009,False,229,False,False,23.39999999999791,-0.22756342589855194,-0.0,0.0,0.0,0.0,0.0,0.0,-0.0,0.17513674199224805,0.0,-0.0,0.0,0.0852927367371385
0.0014950722688809037,0.11938700079917908,10.728068351745605,-0.14956995844841003,0.7881303429603577,0.006107931286096548,0.09323835372924805,-0.04954099655151367,0.23940706253051758,-0.7805210947990417,1.0,25.77829933166504,False,0.0,-0.0033737472258508205,0.03385187312960625,0.7724708914756775,0.0,-0.0016941915452480317,0.0019187569618225042,-0.01,-0.009775434583425528,0.00047209206968545914,False,230,False,False,23.499999999997854,-0.16941915452480316,-0.0,0.0,0.0,0.0,0.0,0.0,-0.0,0.18078207776416344,0.0,-0.0,0.0,0.0886968473368337
0.0009833270451053977,0.12162153422832489,10.519407272338867,-0.14462816715240479,0.7845777869224548,0.0036763516813516743,0.074210524559021,-0.04569411277770996,0.241041898727417,-0.7201492190361023,1.0,25.77829933166504,False,0.0,-0.0033737472258508205,0.03385187312960625,0.7724708914756775,0.0,-0.0014607781171798707,0.0004881909489631714,-0.01,-0.0109725871682167,0.0007138242945075035,False,231,False,False,23.5999999999978,-0.14607781171798706,-0.0,0.0,0.0,0.0,0.0,0.0,-0.0,0.18359440307717345,0.0,-0.0,0.0,0.09033642342140685
0.005859268829226494,0.11994881927967072,10.87191390991211,-0.14440225064754486,0.7970516085624695,0.022641226872801783,0.11655545234680176,-0.01339346170425415,0.16319191455841064,-0.6279155015945435,1.0,25.77829933166504,False,0.0,-0.0033737472258508205,0.03385187312960625,0.7724708914756775,0.0,-0.001086685061454773,-6.995946168900091e-05,-0.01,-0.011156644523143773,0.0004892610013484955,False,232,False,False,23.699999999997743,-0.1086685061454773,-0.0,0.0,0.0,0.0,0.0,0.0,-0.0,0.18530753631747,0.0,-0.0,0.0,0.09156708309728022
0.0034369765780866146,0.1179339736700058,10.934629440307617,-0.15163594484329224,0.7937142252922058,-0.025134698301553744,0.09964859485626221,0.06748974323272705,-0.4163590669631958,0.27359962463378906,0.5387320518493652,25.77829933166504,False,0.0,-0.0033737472258508205,0.03385187312960625,0.7724708914756775,0.0,-0.0006567408144474029,-0.0006029641628265414,-0.01,-0.011259704977273945,0.00045724306255578995,False,233,False,False,23.799999999997688,-0.0656740814447403,-0.0,0.0,0.0,0.0,0.0,0.0,-0.0,0.18596125501370908,0.0,-0.0,0.0,0.09232388669240714
0.0163581483066082,0.12132556736469269,11.384779930114746,-0.15084415674209595,0.8046189546585083,-0.00646810561418534,0.21044957637786865,-0.01682955026626587,-0.20235514640808105,0.6940070390701294,-0.9999799132347107,25.77829933166504,False,0.0,-0.0033737472258508205,0.03385187312960625,0.7724708914756775,0.0,-0.0014179140329360963,-0.0023757824301719604,-0.01,-0.013793696463108056,0.00046400120481848717,False,234,False,False,23.899999999997632,-0.14179140329360962,-0.0,0.0,0.0,0.0,0.0,0.0,-0.0,0.18304012337167108,0.0,-0.0,0.0,0.09010214765289945
0.019062064588069916,0.12062782049179077,11.577198028564453,-0.15419375896453857,0.8077396154403687,-0.031048228740692137,0.002102971076965332,0.2135915756225586,-0.0770183801651001,0.6116225719451904,-1.0,25.77829933166504,False,0.0,-0.0033737472258508205,0.03385187312960625,0.7724708914756775,0.0,-0.001064099445939064,-0.00274901062250138,-0.01,-0.013813110068440444,0.0004654848016798496,False,235,False,False,23.999999999997577,-0.1064099445939064,-0.0,0.0,0.0,0.0,0.0,0.0,-0.0,0.17933543168362265,0.0,-0.0,0.0,0.08860361639587226
0.03308238461613655,0.11858119815587997,11.649168014526367,-0.15551821887493134,0.810620903968811,-0.029625434502959277,-0.04515814781188965,0.28358936309814453,-0.14483511447906494,0.4538687467575073,-1.0,25.77829933166504,False,0.0,-0.0033737472258508205,0.03385187312960625,0.7724708914756775,0.0,-0.0007735905796289444,-0.0004483002424240101,-0.01,-0.011221890822052955,0.0004707961343228817,False,236,False,False,24.09999999999752,-0.07735905796289444,-0.0,0.0,0.0,0.0,0.0,0.0,-0.0,0.18024123830844707,0.0,-0.0,0.0,0.08934702857459459
0.014374139718711376,0.11423906683921814,11.389145851135254,-0.16007883846759796,0.8026017546653748,-0.04935403473675252,-0.12242096662521362,0.2918020486831665,-0.18454760313034058,0.39028120040893555,-1.0,25.77829933166504,False,0.0,-0.0033737472258508205,0.03385187312960625,0.7724708914756775,0.0,-0.000716281458735466,0.0006791916489601174,-0.01,-0.010037089809775348,0.000468407291918993,False,237,False,False,24.199999999997466,-0.0716281458735466,-0.0,0.0,0.0,0.0,0.0,0.0,-0.0,0.18343396692704772,0.0,-0.0,0.0,0.0910007020047884
0.02253059111535549,0.11059817671775818,11.343732833862305,-0.15965306758880615,0.8053060173988342,-0.02540427386760711,-0.2591986656188965,0.4428178071975708,-0.35881507396698,0.3358592987060547,-1.0,25.77829933166504,False,0.0,-0.0033737472258508205,0.03385187312960625,0.7724708914756775,0.0,-0.0012620532512664796,0.0019372236728668196,-0.01,-0.00932482957839966,0.0004743817262351513,False,238,False,False,24.29999999999741,-0.12620532512664795,-0.0,0.0,0.0,0.0,0.0,0.0,-0.0,0.18920047152320585,0.0,-0.0,0.0,0.09333818251033645
0.0201918613165617,0.11133359372615814,11.521482467651367,-0.1640118807554245,0.8055442571640015,-0.03279018595814706,-0.37385642528533936,0.654533863067627,-0.506705105304718,0.27687203884124756,-1.0,25.77829933166504,False,0.0,-0.0033737472258508205,0.03385187312960625,0.7724708914756775,0.0,-0.0022539785504341126,0.004389053881168364,-0.01,-0.00786492466926575,0.0006089732050895691,False,239,False,False,24.399999999997355,-0.22539785504341125,-0.0,0.0,0.0,0.0,0.0,0.0,-0.0,0.19997827320829054,0.0,-0.0,0.0,0.09773515805371115
0.009574987925589085,0.10809438675642014,11.158533096313477,-0.16412784159183502,0.7977790236473083,-0.04583196848630904,-0.5177764892578125,0.7914595603942871,-0.6841793656349182,0.34905099868774414,-1.0,25.77829933166504,False,0.0,-0.0033737472258508205,0.03385187312960625,0.7724708914756775,0.0,-0.003711096942424774,0.007174982726573936,-0.01,-0.006536114215850838,0.0005264179781079292,False,240,False,False,24.4999999999973,-0.3711096942424774,-0.0,0.0,0.0,0.0,0.0,0.0,-0.0,0.2164931884846305,0.0,-0.0,0.0,0.10453549729989048
0.033405471593141556,0.1095542386174202,11.362993240356445,-0.15904155373573303,0.8075392842292786,-0.015055286437273035,-0.6524146199226379,0.8330402374267578,-0.8059017658233643,0.2898135185241699,-1.0,25.77829933166504,False,0.0,-0.0033737472258508205,0.03385187312960625,0.7724708914756775,0.0,-0.004632676243782044,0.009452840685844427,-0.01,-0.005179835557937617,0.001015953253954649,False,241,False,False,24.599999999997245,-0.46326762437820435,-0.0,0.0,0.0,0.0,0.0,0.0,-0.0,0.23777666510619344,0.0,-0.0,0.0,0.11425565630931468
0.02107536606490612,0.10632985830307007,11.187041282653809,-0.16364389657974243,0.8008827567100525,-0.0576159791648388,-0.7075760960578918,0.9246393442153931,-0.8676409721374512,0.5380153656005859,-1.0,25.77829933166504,False,0.0,-0.0033737472258508205,0.03385187312960625,0.7724708914756775,0.0,-0.005994707942008973,0.0112544959783554,-0.01,-0.004740211963653573,0.0005999552085995674,False,242,False,False,24.69999999999719,-0.5994707942008972,-0.0,0.0,0.0,0.0,0.0,0.0,-0.0,0.2629147772409042,0.0,-0.0,0.0,0.12546268067844313
0.009082792326807976,0.10547049343585968,10.994565963745117,-0.16438859701156616,0.7952231764793396,-0.04978015303611756,-0.7541949152946472,0.9249019622802734,-0.9382213950157166,0.6675608158111572,-1.0,25.77829933166504,False,0.0,-0.0033737472258508205,0.03385187312960625,0.7724708914756775,0.0,-0.006875376701354981,0.013643456697464001,-0.01,-0.0032319200038909797,0.00047410372644662857,False,243,False,False,24.799999999997134,-0.687537670135498,-0.0,0.0,0.0,0.0,0.0,0.0,-0.0,0.29313302380754336,0.0,-0.0,0.0,0.1396911352024167
0.010252554900944233,0.10188129544258118,10.741692543029785,-0.15945768356323242,0.7961570620536804,-0.033303210139274605,-0.7687446475028992,0.8786392211914062,-0.969484269618988,0.7927632331848145,-0.9999982714653015,25.77829933166504,False,0.0,-0.0033737472258508205,0.03385187312960625,0.7724708914756775,0.0,-0.007328370809555054,0.015137672722339623,-0.01,-0.0021906980872154307,0.00047381501644849777,False,244,False,False,24.89999999999708,-0.7328370809555054,-0.0,0.0,0.0,0.0,0.0,0.0,-0.0,0.32667519957168845,0.0,-0.0,0.0,0.15600922897628916
0.007072355132550001,0.10508306324481964,10.772096633911133,-0.16021937131881714,0.7931057214736938,-0.04611849009990693,-0.7955983281135559,0.8642406463623047,-0.9766790270805359,0.8900812864303589,-0.9999953508377075,25.77829933166504,False,0.0,-0.0033737472258508205,0.03385187312960625,0.7724708914756775,0.0,-0.007815088033676148,0.01575993984937668,-0.01,-0.0020551481842994677,0.00046796398237347603,False,245,False,False,24.999999999997023,-0.7815088033676147,-0.0,0.0,0.0,0.0,0.0,0.0,-0.0,0.3618131911622514,0.0,-0.0,0.0,0.17309150754744956
0.004735465627163649,0.10153768211603165,10.573714256286621,-0.16128656268119812,0.7896324396133423,-0.042066321074962616,-0.7893948554992676,0.7458635568618774,-0.9841061234474182,0.959307074546814,-0.997970700263977,25.77829933166504,False,0.0,-0.0033737472258508205,0.03385187312960625,0.7724708914756775,0.0,-0.007670478820800781,0.015482755005359644,-0.01,-0.0021877238154411373,0.0004686652682721615,False,246,False,False,25.099999999996967,-0.7670478820800781,-0.0,0.0,0.0,0.0,0.0,0.0,-0.0,0.3967461264418146,0.0,-0.0,0.0,0.19070258440010654
0.0049489205703139305,0.1017189621925354,10.662115097045898,-0.1643182635307312,0.7890715003013611,-0.04004658997058868,-0.7841047048568726,0.6521583795547485,-0.9764163494110107,0.9783060550689697,-0.611903965473175,25.77829933166504,False,0.0,-0.0033737472258508205,0.03385187312960625,0.7724708914756775,0.0,-0.007376505732536316,0.01300743341445923,-0.01,-0.004369072318077086,0.000470068771392107,False,247,False,False,25.199999999996912,-0.7376505732536316,-0.0,0.0,0.0,0.0,0.0,0.0,-0.0,0.4270313683312176,0.0,-0.0,0.0,0.20613917843307247
0.0011399671202525496,0.09963832050561905,10.210128784179688,-0.16148309409618378,0.7804276943206787,-0.03528471916913987,-0.7410176396369934,0.5325014591217041,-0.95564866065979,0.9876458644866943,0.9747841358184814,25.77829933166504,False,0.0,-0.0033737472258508205,0.03385187312960625,0.7724708914756775,0.0,-0.0068034338951110844,0.009037856161594388,-0.01,-0.007765577733516697,0.0004647960886359215,False,248,False,False,25.299999999996857,-0.6803433895111084,-0.0,0.0,0.0,0.0,0.0,0.0,-0.0,0.4496031180930018,0.0,-0.0,0.0,0.2179981251513898
0.0009413343505002558,0.10247480869293213,10.383931159973145,-0.16444608569145203,0.7798423171043396,-0.03138591557741165,-0.4800841808319092,-0.032634854316711426,-0.856582760810852,0.9835406541824341,1.0,25.77829933166504,False,0.0,-0.0033737472258508205,0.03385187312960625,0.7724708914756775,0.0,-0.004831580221652984,0.0001202359795570429,-0.01,-0.014711344242095942,0.0004712110385298729,False,249,False,False,25.3999999999968,-0.48315802216529846,-0.0,0.0,0.0,0.0,0.0,0.0,-0.0,0.45438748851646593,0.0,-0.0,0.0,0.22236216403658
0.0008699913742020726,0.10040074586868286,10.061202049255371,-0.15705540776252747,0.7796251773834229,-0.014524524211883553,-0.21712619066238403,-0.06881493330001831,-0.274800181388855,0.9577112197875977,1.0,25.77829933166504,False,0.0,-0.0033737472258508205,0.03385187312960625,0.7724708914756775,0.0,-0.002611512839794159,-0.010983081161975855,-0.01,-0.023594594001770015,0.0006209779530763626,False,250,False,False,25.499999999996746,-0.2611512839794159,-0.0,0.0,0.0,0.0,0.0,0.0,-0.0,0.4367892092876754,0.0,-0.0,0.0,0.21578309180404354
0.0006846031174063683,0.10190249979496002,10.164612770080566,-0.1593663990497589,0.778914749622345,-0.02122907698154449,0.050136566162109375,-0.2885347604751587,0.15014386177062988,0.882086992263794,1.0,25.77829933166504,False,0.0,-0.0033737472258508205,0.03385187312960625,0.7724708914756775,0.0,-0.002215966582298279,-0.016879092752933506,-0.01,-0.029095059335231786,0.0006913738325238228,False,251,False,False,25.59999999999669,-0.22159665822982788,-0.0,0.0,0.0,0.0,0.0,0.0,-0.0,0.4071019090500081,0.0,-0.0,0.0,0.20133498794270577
0.0005578747950494289,0.10261867195367813,10.41796588897705,-0.16624127328395844,0.778924286365509,-0.02067922532558441,0.2208160161972046,-0.63006991147995,0.528680682182312,0.7261648178100586,1.0,25.77829933166504,False,0.0,-0.0033737472258508205,0.03385187312960625,0.7724708914756775,0.0,-0.003131415843963623,-0.020962783098220833,-0.01,-0.034094198942184455,0.0004785996861755848,False,252,False,False,25.699999999996635,-0.3131415843963623,-0.0,0.0,0.0,0.0,0.0,0.0,-0.0,0.3688651424795949,0.0,-0.0,0.0,0.18130115539583383
0.00041694100946187973,0.10369851440191269,10.295740127563477,-0.16272586584091187,0.7776930928230286,-0.012665813565254206,0.3617403507232666,-0.8523823618888855,0.7596414089202881,0.4880732297897339,1.0,25.77829933166504,False,0.0,-0.0033737472258508205,0.03385187312960625,0.7724708914756775,0.0,-0.004181706011295318,-0.020011036694049827,-0.01,-0.03419274270534515,0.0004688473418354988,False,253,False,False,25.79999999999658,-0.41817060112953186,-0.0,0.0,0.0,0.0,0.0,0.0,-0.0,0.33216469309207064,0.0,-0.0,0.0,0.16190064053474001
0.00027823992422781885,0.10829153656959534,10.469167709350586,-0.16428270936012268,0.7767460346221924,-0.013055006265640254,0.6462786197662354,-0.9005360007286072,0.7131977081298828,0.08056879043579102,1.0,25.77829933166504,False,0.0,-0.0033737472258508205,0.03385187312960625,0.7724708914756775,0.0,-0.004359458684921265,-0.015773525834083563,-0.01,-0.030132984519004827,0.00047317007556557655,False,254,False,False,25.899999999996524,-0.43594586849212646,-0.0,0.0,0.0,0.0,0.0,0.0,-0.0,0.3036541418016788,0.0,-0.0,0.0,0.14746761221591814
0.00021647322864737362,0.11115610599517822,10.465628623962402,-0.16228866577148438,0.7757693529129028,-0.006007678210735328,0.8623161315917969,-0.9268534183502197,0.7125500440597534,-0.34107065200805664,1.0,25.77829933166504,False,0.0,-0.0033737472258508205,0.03385187312960625,0.7724708914756775,0.0,-0.005566757917404175,-0.010397058129310605,-0.01,-0.02596381604671478,0.0005272435955703259,False,255,False,False,25.99999999999647,-0.5566757917404175,-0.0,0.0,0.0,0.0,0.0,0.0,-0.0,0.28571714397093095,0.0,-0.0,0.0,0.1372918140680613
0.0001432556309737265,0.11036406457424164,10.525405883789062,-0.16611389815807343,0.7745294570922852,-0.0028707334399223263,0.9321825504302979,-0.9136162996292114,0.7064962387084961,-0.372985303401947,1.0,25.77829933166504,False,0.0,-0.0033737472258508205,0.03385187312960625,0.7724708914756775,0.0,-0.005854785442352295,-0.007293656766414636,-0.01,-0.023148442208766933,0.0006060427986085415,False,256,False,False,26.099999999996413,-0.5854785442352295,-0.0,0.0,0.0,0.0,0.0,0.0,-0.0,0.27386853260319677,0.0,-0.0,0.0,0.1310794808592461
0.0001669576740823686,0.11005175858736038,10.445656776428223,-0.1634000837802887,0.7751631140708923,0.0034855321049690365,0.9125878810882568,-0.8773751258850098,0.6619992256164551,-0.2944539785385132,1.0,25.77829933166504,False,0.0,-0.0033737472258508205,0.03385187312960625,0.7724708914756775,0.0,-0.005318874716758728,-0.007755754590034497,-0.01,-0.023074629306793226,0.0004672477953135967,False,257,False,False,26.199999999996358,-0.5318874716758728,-0.0,0.0,0.0,0.0,0.0,0.0,-0.0,0.2609666841366205,0.0,-0.0,0.0,0.1251644673515515
0.00019008535309694707,0.1105663999915123,10.5086030960083,-0.16425463557243347,0.7756823301315308,0.0016054993867874266,0.8852181434631348,-0.7969225645065308,0.6263242959976196,-0.1270838975906372,1.0,25.77829933166504,False,0.0,-0.0033737472258508205,0.03385187312960625,0.7724708914756775,0.0,-0.004567823112010956,-0.007897863984107967,-0.01,-0.022465687096118923,0.0004651458002626896,False,258,False,False,26.299999999996302,-0.4567823112010956,-0.0,0.0,0.0,0.0,0.0,0.0,-0.0,0.24764743413319823,0.0,-0.0,0.0,0.11925589395458816
0.00011381059448467568,0.11301003396511078,10.78868579864502,-0.17167440056800842,0.7742214202880859,-0.007573696374893181,0.8326590061187744,-0.6865645051002502,0.5937150716781616,0.021688342094421387,1.0,25.77829933166504,False,0.0,-0.0033737472258508205,0.03385187312960625,0.7724708914756775,0.0,-0.00379414975643158,-0.008615137934684755,-0.01,-0.022409287691116338,0.000758185051381588,False,259,False,False,26.399999999996247,-0.37941497564315796,-0.0,0.0,0.0,0.0,0.0,0.0,-0.0,0.23274463370775844,0.0,-0.0,0.0,0.11257816709744764
0.00013487105024978518,0.1121613010764122,10.683079719543457,-0.16896620392799377,0.774610161781311,-0.0005246594548225288,0.7667897939682007,-0.6317964196205139,0.534517765045166,0.03545653820037842,1.0,25.77829933166504,False,0.0,-0.0033737472258508205,0.03385187312960625,0.7724708914756775,0.0,-0.0031852492690086364,-0.00924857944250107,-0.01,-0.022433828711509708,0.0004929290153086185,False,260,False,False,26.49999999999619,-0.31852492690086365,-0.0,0.0,0.0,0.0,0.0,0.0,-0.0,0.21641156916184323,0.0,-0.0,0.0,0.10502053531191298
0.0001265939063159749,0.11308588087558746,10.880797386169434,-0.17416875064373016,0.7744145393371582,-0.01065715909004211,0.6925699710845947,-0.4804210662841797,0.5330400466918945,0.3027012348175049,1.0,25.77829933166504,False,0.0,-0.0033737472258508205,0.03385187312960625,0.7724708914756775,0.0,-0.002715543210506439,-0.009668339788913724,-0.01,-0.022383882999420165,0.0007185670547187328,False,261,False,False,26.599999999996136,-0.2715543210506439,-0.0,0.0,0.0,0.0,0.0,0.0,-0.0,0.19906555109467916,0.0,-0.0,0.0,0.09681723233683315
0.00013419218885246664,0.11208781599998474,10.645309448242188,-0.16853827238082886,0.7739784717559814,-0.010583283752202998,0.5288379192352295,-0.41924095153808594,0.3720090389251709,0.2805788516998291,1.0,25.77829933166504,False,0.0,-0.0033737472258508205,0.03385187312960625,0.7724708914756775,0.0,-0.0016813693940639497,-0.009572492837905885,-0.01,-0.021253862231969838,0.0004747603088617325,False,262,False,False,26.69999999999608,-0.16813693940639496,-0.0,0.0,0.0,0.0,0.0,0.0,-0.0,0.18173789797494688,0.0,-0.0,0.0,0.08918757959340949
0.00011919384269276634,0.11332187056541443,10.661187171936035,-0.16804903745651245,0.7737099528312683,-0.0160620077699423,0.3798900842666626,-0.33327043056488037,0.342684268951416,0.30138587951660156,1.0,25.77829933166504,False,0.0,-0.0033737472258508205,0.03385187312960625,0.7724708914756775,0.0,-0.0011591290682554246,-0.007824084162712103,-0.01,-0.01898321323096753,0.0004714648239314556,False,263,False,False,26.799999999996025,-0.11591290682554245,-0.0,0.0,0.0,0.0,0.0,0.0,-0.0,0.1677674729730132,0.0,-0.0,0.0,0.08272460741825118
0.00016434866120107472,0.1115972027182579,10.466512680053711,-0.163266122341156,0.7743772864341736,-0.013666698485612874,0.2740668058395386,-0.2796119451522827,0.34937620162963867,0.19861173629760742,1.0,25.77829933166504,False,0.0,-0.0033737472258508205,0.03385187312960625,0.7724708914756775,0.0,-0.00078701451420784,-0.0061523842811584545,-0.01,-0.016939398795366295,0.0005186251364648342,False,264,False,False,26.89999999999597,-0.078701451420784,-0.0,0.0,0.0,0.0,0.0,0.0,-0.0,0.15703300290108368,0.0,-0.0,0.0,0.077729486936334
0.00014346683747135103,0.10934822261333466,10.436928749084473,-0.16512218117713928,0.7738827466964722,-0.014536842107772844,0.29095888137817383,-0.1625610589981079,0.4694521427154541,-0.09472888708114624,1.0,25.77829933166504,False,0.0,-0.0033737472258508205,0.03385187312960625,0.7724708914756775,0.0,-0.0008511051535606385,-0.004183411002159118,-0.01,-0.015034516155719758,0.0005914270877838135,False,265,False,False,26.999999999995914,-0.08511051535606384,-0.0,0.0,0.0,0.0,0.0,0.0,-0.0,0.15016783475480067,0.0,-0.0,0.0,0.07423281222383969
0.0001411146076861769,0.11007452756166458,10.477384567260742,-0.16572953760623932,0.7737627029418945,-0.01002063721418382,0.2912343740463257,-0.13496500253677368,0.6037778854370117,-0.24805760383605957,1.0,25.77829933166504,False,0.0,-0.0033737472258508205,0.03385187312960625,0.7724708914756775,0.0,-0.0013227832317352294,-0.002207613885402679,-0.01,-0.013530397117137908,0.0006052246317267418,False,266,False,False,27.09999999999586,-0.13227832317352295,-0.0,0.0,0.0,0.0,0.0,0.0,-0.0,0.14722490718943837,0.0,-0.0,0.0,0.07228967036298395
0.00011837625788757578,0.11009504646062851,10.547258377075195,-0.16823574900627136,0.7733322381973267,-0.007475921511650098,0.2955266237258911,-0.14234930276870728,0.6285946369171143,-0.4216952323913574,1.0,25.77829933166504,False,0.0,-0.0033737472258508205,0.03385187312960625,0.7724708914756775,0.0,-0.0017013934254646302,-0.0012432736158370927,-0.01,-0.012944667041301722,0.0005673980340361595,False,267,False,False,27.199999999995804,-0.170139342546463,-0.0,0.0,0.0,0.0,0.0,0.0,-0.0,0.1462003813805448,0.0,-0.0,0.0,0.07139879726480777
0.0001246526517206803,0.11112257838249207,10.391610145568848,-0.16259047389030457,0.7732805013656616,-0.0017391343414783506,0.2821692228317261,-0.2037414312362671,0.5833339691162109,-0.6671807169914246,1.0,25.77829933166504,False,0.0,-0.0033737472258508205,0.03385187312960625,0.7724708914756775,0.0,-0.002266346663236618,-0.0005357420444488531,-0.01,-0.012802088707685472,0.0004666149616241455,False,268,False,False,27.299999999995748,-0.2266346663236618,-0.0,0.0,0.0,0.0,0.0,0.0,-0.0,0.14659478023904604,0.0,-0.0,0.0,0.0710310434562864
0.00011147064651595429,0.11026445776224136,10.331311225891113,-0.16179054975509644,0.7731295824050903,0.002849581241607658,0.3215901851654053,-0.178320050239563,0.5142042636871338,-0.9055603742599487,1.0,25.77829933166504,False,0.0,-0.0033737472258508205,0.03385187312960625,0.7724708914756775,0.0,-0.003049159646034241,0.00015085697174072044,-0.01,-0.01289830267429352,0.0004741251468658447,False,269,False,False,27.399999999995693,-0.3049159646034241,-0.0,0.0,0.0,0.0,0.0,0.0,-0.0,0.14838031322230172,0.0,-0.0,0.0,0.07114099696511662
9.245814726455137e-05,0.10992627590894699,10.57146167755127,-0.16919687390327454,0.7732659578323364,0.0079998570680618,0.3007166385650635,-0.18936491012573242,0.38814520835876465,-0.9668464660644531,1.0,25.77829933166504,False,0.0,-0.0033737472258508205,0.03385187312960625,0.7724708914756775,0.0,-0.0030293458700180052,0.0006235870718955955,-0.01,-0.01240575879812241,0.00046332506462931633,False,270,False,False,27.499999999995637,-0.30293458700180054,-0.0,0.0,0.0,0.0,0.0,0.0,-0.0,0.15113886284899958,0.0,-0.0,0.0,0.07254008555448178
8.504128345521167e-05,0.10943792015314102,10.728071212768555,-0.17454200983047485,0.7731074690818787,0.009736690968275044,0.25855207443237305,-0.23471015691757202,0.249656081199646,-0.9647021293640137,1.0,25.77829933166504,False,0.0,-0.0033737472258508205,0.03385187312960625,0.7724708914756775,0.0,-0.0027872908115386965,0.0002809983491897511,-0.01,-0.012506292462348946,0.0006934213452041149,False,271,False,False,27.599999999995582,-0.27872908115386963,-0.0,0.0,0.0,0.0,0.0,0.0,-0.0,0.15323316336911463,0.0,-0.0,0.0,0.07382929087301862
5.0493585149524733e-05,0.1118369773030281,11.045827865600586,-0.18169866502285004,0.7730844616889954,0.010564005523920032,0.24769604206085205,-0.22932201623916626,0.12522757053375244,-0.9494543671607971,1.0,25.77829933166504,False,0.0,-0.0033737472258508205,0.03385187312960625,0.7724708914756775,0.0,-0.0025777187943458557,-0.0003637567162513705,-0.01,-0.012941475510597227,0.00046871230006217957,False,272,False,False,27.699999999995526,-0.25777187943458557,-0.0,0.0,0.0,0.0,0.0,0.0,-0.0,0.15404616291209738,0.0,-0.0,0.0,0.07444536266170283
3.892201493727043e-05,0.1113450825214386,11.430079460144043,-0.1935856193304062,0.773216962814331,0.005589341819286366,0.24173986911773682,-0.2474435567855835,0.0032329559326171875,-0.8985327482223511,1.0,25.77829933166504,False,0.0,-0.0033737472258508205,0.03385187312960625,0.7724708914756775,0.0,-0.002317595034837723,-0.0009805077314376798,-0.01,-0.013298102766275403,0.000473586842417717,False,273,False,False,27.79999999999547,-0.23175950348377228,-0.0,0.0,0.0,0.0,0.0,0.0,-0.0,0.15362130344930702,0.0,-0.0,0.0,0.07449305668981579
4.757246279041283e-05,0.10866577178239822,11.111388206481934,-0.18683843314647675,0.7730827331542969,0.013240197598934194,0.17912423610687256,-0.2773016691207886,-0.1294267177581787,-0.7885613441467285,1.0,25.77829933166504,False,0.0,-0.0033737472258508205,0.03385187312960625,0.7724708914756775,0.0,-0.0018689049780368804,-0.001673682034015661,-0.01,-0.013542587012052541,0.00046378234401345253,False,274,False,False,27.899999999995416,-0.18689049780368805,-0.0,0.0,0.0,0.0,0.0,0.0,-0.0,0.15179191881588672,0.0,-0.0,0.0,0.07402705442990648
4.3692558392649516e-05,0.11274696886539459,11.391515731811523,-0.19078487157821655,0.7734588980674744,0.009349400997161856,0.18083906173706055,-0.17642706632614136,-0.18563681840896606,-0.7943035960197449,1.0,25.77829933166504,False,0.0,-0.0033737472258508205,0.03385187312960625,0.7724708914756775,0.0,-0.001823021173477173,-0.001966452300548552,-0.01,-0.013789473474025725,0.0004722890444099903,False,275,False,False,27.99999999999536,-0.18230211734771729,-0.0,0.0,0.0,0.0,0.0,0.0,-0.0,0.14935246307472738,0.0,-0.0,0.0,0.07285321036388652
5.526886525331065e-05,0.10909122228622437,11.011167526245117,-0.18341264128684998,0.7730764150619507,0.003244694024324434,0.16171479225158691,-0.14012837409973145,-0.40030521154403687,-0.630621612071991,1.0,25.77829933166504,False,0.0,-0.0033737472258508205,0.03385187312960625,0.7724708914756775,0.0,-0.0015092888474464417,-0.001698364615440373,-0.01,-0.013207653462886815,0.00046218791976571083,False,276,False,False,28.099999999995305,-0.15092888474464417,-0.0,0.0,0.0,0.0,0.0,0.0,-0.0,0.14743012738589578,0.0,-0.0,0.0,0.07220577484550145
5.3914958698442206e-05,0.10813668370246887,11.117859840393066,-0.18746544420719147,0.7731789350509644,-0.007301109805703166,0.1957690715789795,-0.05443692207336426,-0.3804512619972229,-0.4282146096229553,1.0,25.77829933166504,False,0.0,-0.0033737472258508205,0.03385187312960625,0.7724708914756775,0.0,-0.0009234996140003205,-0.0017157489061355585,-0.01,-0.01263924852013588,0.00046821823343634605,False,277,False,False,28.19999999999525,-0.09234996140003204,-0.0,0.0,0.0,0.0,0.0,0.0,-0.0,0.14545314464036374,0.0,-0.0,0.0,0.07180307270618155
6.0557718825293705e-05,0.10416404902935028,10.78662395477295,-0.18202057480812073,0.7726593613624573,-0.021794492974877358,0.11180567741394043,-0.05041998624801636,-0.5115008354187012,0.35594117641448975,0.9969184398651123,25.77829933166504,False,0.0,-0.0033737472258508205,0.03385187312960625,0.7724708914756775,0.0,-0.0010084247589111329,-0.0015463048219680753,-0.01,-0.012554729580879208,0.0006301309913396835,False,278,False,False,28.299999999995194,-0.10084247589111328,-0.0,0.0,0.0,0.0,0.0,0.0,-0.0,0.1437984792181637,0.0,-0.0,0.0,0.07089081485017071
6.205883983056992e-05,0.10275931656360626,11.01183795928955,-0.1900659203529358,0.7727751731872559,-0.03347532175481323,0.21408820152282715,0.06918597221374512,-0.27893710136413574,0.7335875034332275,-0.9999997615814209,25.77829933166504,False,0.0,-0.0033737472258508205,0.03385187312960625,0.7724708914756775,0.0,-0.0016664424538612365,-0.0018811076879501343,-0.01,-0.01354755014181137,0.00046646688133478165,False,279,False,False,28.39999999999514,-0.16664424538612366,-0.0,0.0,0.0,0.0,0.0,0.0,-0.0,0.14145080664746756,0.0,-0.0,0.0,0.06905896086987255
6.636227044509724e-05,0.10474120080471039,11.101557731628418,-0.19046644866466522,0.7730843424797058,-0.02510516095906498,0.05373096466064453,0.31392717361450195,-0.16189086437225342,-0.063906729221344,-1.0,25.77829933166504,False,0.0,-0.0033737472258508205,0.03385187312960625,0.7724708914756775,0.0,-0.0003293250128626823,-0.0009491300582885748,-0.01,-0.011278455071151258,0.0004710741341114044,False,280,False,False,28.499999999995083,-0.032932501286268234,-0.0,0.0,0.0,0.0,0.0,0.0,-0.0,0.14096213117477696,0.0,-0.0,0.0,0.07015174057452579
7.568070577690378e-05,0.10611043125391006,11.032441139221191,-0.18697312474250793,0.7731349468231201,-0.01037238992750646,-0.3568202257156372,0.42382538318634033,-0.08144927024841309,-0.09152495861053467,-0.9998564720153809,25.77829933166504,False,0.0,-0.0033737472258508205,0.03385187312960625,0.7724708914756775,0.0,-0.0008048985898494721,0.002576716542243951,-0.01,-0.00822818204760552,0.0007886951789259911,False,281,False,False,28.599999999995028,-0.0804898589849472,-0.0,0.0,0.0,0.0,0.0,0.0,-0.0,0.14759148113334108,0.0,-0.0,0.0,0.07299084197682107
9.407087054569274e-05,0.10354862362146378,10.982630729675293,-0.18783223628997803,0.7733433246612549,-0.014690138921141635,-0.4081404209136963,0.44950735569000244,-0.04459261894226074,-0.11681073904037476,-0.9999517798423767,25.77829933166504,False,0.0,-0.0033737472258508205,0.03385187312960625,0.7724708914756775,0.0,-0.0009606718271970749,0.004806549549102784,-0.01,-0.00615412227809429,0.0005605900660157204,False,282,False,False,28.699999999994972,-0.09606718271970749,-0.0,0.0,0.0,0.0,0.0,0.0,-0.0,0.1587925503778741,0.0,-0.0,0.0,0.07843560336173998
0.00012870854698121548,0.10357833653688431,10.836912155151367,-0.18326938152313232,0.773504912853241,-0.007793157696723967,-0.42751216888427734,0.4479691982269287,-0.1614896059036255,0.08423244953155518,-0.9999362230300903,25.77829933166504,False,0.0,-0.0033737472258508205,0.03385187312960625,0.7724708914756775,0.0,-0.0010415425896644593,0.005620242655277247,-0.01,-0.005421299934387213,0.0005440078675746918,False,283,False,False,28.799999999994917,-0.10415425896644592,-0.0,0.0,0.0,0.0,0.0,0.0,-0.0,0.17175053581081268,0.0,-0.0,0.0,0.08483372531574188
0.00015781773254275322,0.09986431151628494,10.791402816772461,-0.18515422940254211,0.7739688158035278,-0.02676585674285889,-0.3486817479133606,0.47908449172973633,-0.0677000880241394,0.32343101501464844,-0.9999970197677612,25.77829933166504,False,0.0,-0.0033737472258508205,0.03385187312960625,0.7724708914756775,0.0,-0.0011507295817136764,0.005670017898082733,-0.01,-0.0054807116836309445,0.0004662699066102505,False,284,False,False,28.89999999999486,-0.11507295817136765,-0.0,0.0,0.0,0.0,0.0,0.0,-0.0,0.18493994374006817,0.0,-0.0,0.0,0.0913192422883204
0.000114000569737982,0.09887868911027908,10.881477355957031,-0.18961165845394135,0.7731992602348328,-0.03770848877727986,-0.2548825144767761,0.42924630641937256,-0.059812307357788086,0.46874678134918213,-0.9999999403953552,25.77829933166504,False,0.0,-0.0033737472258508205,0.03385187312960625,0.7724708914756775,0.0,-0.0011812963336706162,0.005071665644645687,-0.01,-0.00610963068902493,0.0005918601527810097,False,285,False,False,28.999999999994806,-0.11812963336706161,-0.0,0.0,0.0,0.0,0.0,0.0,-0.0,0.19705377144271397,0.0,-0.0,0.0,0.09734558938768637
0.00010912081779679283,0.10059011727571487,10.878493309020996,-0.18767814338207245,0.7733318209648132,-0.02888262584805487,-0.2401050329208374,0.3623584508895874,-0.20302188396453857,0.5841741561889648,-0.9999998807907104,25.77829933166504,False,0.0,-0.0033737472258508205,0.03385187312960625,0.7724708914756775,0.0,-0.001428578495979309,0.003890109956264501,-0.01,-0.007538468539714809,0.0004642922431230545,False,286,False,False,29.09999999999475,-0.1428578495979309,-0.0,0.0,0.0,0.0,0.0,0.0,-0.0,0.20690306263122238,0.0,-0.0,0.0,0.10202295281963188
8.47542833071202e-05,0.10381121188402176,11.148653030395508,-0.1922907680273056,0.7736029028892517,-0.04093619436025619,-0.2621157169342041,0.3108541965484619,-0.6462945342063904,0.5856221914291382,-0.9999985694885254,25.77829933166504,False,0.0,-0.0033737472258508205,0.03385187312960625,0.7724708914756775,0.0,-0.0023149624466896057,0.00279956847429276,-0.01,-0.009515393972396846,0.00046485383063554764,False,287,False,False,29.199999999994695,-0.23149624466896057,-0.0,0.0,0.0,0.0,0.0,0.0,-0.0,0.21464869135657738,0.0,-0.0,0.0,0.10500938323159908
0.00011715202708728611,0.10024839639663696,10.975480079650879,-0.1902359426021576,0.7740253210067749,-0.03432776242494584,-0.45275676250457764,0.3721730709075928,-0.9423221349716187,0.7148091793060303,-0.9998384118080139,25.77829933166504,False,0.0,-0.0033737472258508205,0.03385187312960625,0.7724708914756775,0.0,-0.004356061816215515,0.002766092121601102,-0.01,-0.011589969694614413,0.0004603858105838299,False,288,False,False,29.29999999999464,-0.4356061816215515,-0.0,0.0,0.0,0.0,0.0,0.0,-0.0,0.22240490730459594,0.0,-0.0,0.0,0.10684639183608245
0.00015400965639855713,0.09951876103878021,10.813547134399414,-0.18581081926822662,0.7743220925331116,-0.03267059892416001,-0.48595547676086426,0.42702746391296387,-0.9651474356651306,0.7207921743392944,-0.9998094439506531,25.77829933166504,False,0.0,-0.0033737472258508205,0.03385187312960625,0.7724708914756775,0.0,-0.004673890471458435,0.003976552486419677,-0.01,-0.010697337985038758,0.0005160830914974213,False,289,False,False,29.399999999994584,-0.4673890471458435,-0.0,0.0,0.0,0.0,0.0,0.0,-0.0,0.23268487514190583,0.0,-0.0,0.0,0.11166854709949448
0.00015477428678423166,0.10040531307458878,10.815078735351562,-0.1852048933506012,0.7740874290466309,-0.04016338258981705,-0.5670332908630371,0.4830242395401001,-0.9844516515731812,0.8168454170227051,-0.9919456243515015,25.77829933166504,False,0.0,-0.0033737472258508205,0.03385187312960625,0.7724708914756775,0.0,-0.005478051900863648,0.005027993917465209,-0.01,-0.010450057983398438,0.0004609823226928711,False,290,False,False,29.49999999999453,-0.5478051900863647,-0.0,0.0,0.0,0.0,0.0,0.0,-0.0,0.24519277551450502,0.0,-0.0,0.0,0.11711833585638887
0.0001426841481588781,0.1015576645731926,10.954508781433105,-0.18795226514339447,0.7743706107139587,-0.04343379437923433,-0.6203516721725464,0.5206804275512695,-0.9917941689491272,0.8720600605010986,-0.6008118391036987,25.77829933166504,False,0.0,-0.0033737472258508205,0.03385187312960625,0.7724708914756775,0.0,-0.006000221967697144,0.006622828841209405,-0.01,-0.009377393126487738,0.0007210029289126396,False,291,False,False,29.599999999994473,-0.6000221967697144,-0.0,0.0,0.0,0.0,0.0,0.0,-0.0,0.26104894352726393,0.0,-0.0,0.0,0.12452424979593482
0.00013443514762911946,0.10028853267431259,10.822846412658691,-0.1855410635471344,0.7741010785102844,-0.03712012439966203,-0.6768394708633423,0.562494158744812,-0.9952285289764404,0.9129323959350586,0.7255123853683472,25.77829933166504,False,0.0,-0.0033737472258508205,0.03385187312960625,0.7724708914756775,0.0,-0.006496092081069946,0.007790635824203501,-0.01,-0.008705456256866445,0.0004844656214118004,False,292,False,False,29.699999999994418,-0.6496092081069946,-0.0,0.0,0.0,0.0,0.0,0.0,-0.0,0.2794244771994797,0.0,-0.0,0.0,0.13321614651866992
7.970971637405455e-05,0.10480004549026489,11.187421798706055,-0.19215436279773712,0.7739135026931763,-0.04520857095718383,-0.535179853439331,0.09323394298553467,-0.9854409098625183,0.9179561138153076,0.9999966621398926,25.77829933166504,False,0.0,-0.0033737472258508205,0.03385187312960625,0.7724708914756775,0.0,-0.005272117853164673,0.005147491991519926,-0.01,-0.010124625861644747,0.0004874640144407749,False,293,False,False,29.799999999994363,-0.5272117853164673,-0.0,0.0,0.0,0.0,0.0,0.0,-0.0,0.2926459238081238,0.0,-0.0,0.0,0.14105084405089724
0.0001088010030798614,0.10221672058105469,10.923487663269043,-0.18679393827915192,0.7739392518997192,-0.02526729285717011,-0.49424827098846436,-0.02096611261367798,-0.987327516078949,0.9193964004516602,1.0,25.77829933166504,False,0.0,-0.0033737472258508205,0.03385187312960625,0.7724708914756775,0.0,-0.005162065625190735,-0.0023491844534873907,-0.01,-0.017511250078678126,0.000536356121301651,False,294,False,False,29.899999999994307,-0.5162065625190735,-0.0,0.0,0.0,0.0,0.0,0.0,-0.0,0.29085609134133317,0.0,-0.0,0.0,0.14026598004547586
0.00010495250899111852,0.10261033475399017,10.903504371643066,-0.18584467470645905,0.7738953828811646,-0.02963914811611177,-0.3624119758605957,0.020127415657043457,-0.9824246764183044,0.8999252319335938,1.0,25.77829933166504,False,0.0,-0.003373747458681464,0.03385187312960625,0.7724708914756775,0.0,-0.00476692795753479,-0.005369323790073405,-0.01,-0.020136251747608195,0.0004939152859151363,False,295,False,False,29.99999999999425,-0.476692795753479,-0.0,0.0,0.0,0.0,0.0,0.0,-0.0,0.2829468928765635,0.0,-0.0,0.0,0.13670651848074697
0.00011553046351764351,0.10085958242416382,10.786079406738281,-0.1843125969171524,0.7736554741859436,-0.027325350642204288,-0.19455885887145996,0.04777789115905762,-0.9755769968032837,0.8807995319366455,1.0,25.77829933166504,False,0.0,-0.003373747458681464,0.03385187312960625,0.7724708914756775,0.0,-0.004419235289096832,-0.007322822809219365,-0.01,-0.021742058098316197,0.0005501648411154747,False,296,False,False,30.099999999994196,-0.4419235289096832,-0.0,0.0,0.0,0.0,0.0,0.0,-0.0,0.2710113345889086,0.0,-0.0,0.0,0.13108643200535747
0.00011753874423447996,0.10085732489824295,10.853008270263672,-0.18623337149620056,0.7737448215484619,-0.029140142798423772,-0.03752928972244263,0.02901303768157959,-0.9653036594390869,0.8573682308197021,1.0,25.77829933166504,False,0.0,-0.003373747458681464,0.03385187312960625,0.7724708914756775,0.0,-0.004172854125499725,-0.009143483638763439,-0.01,-0.023316337764263166,0.00047351792454719543,False,297,False,False,30.19999999999414,-0.41728541254997253,-0.0,0.0,0.0,0.0,0.0,0.0,-0.0,0.25527710952177496,0.0,-0.0,0.0,0.12346570063538775
0.00011617972631938756,0.10169627517461777,10.711885452270508,-0.18136410415172577,0.7735414505004883,-0.024017240703105944,0.14384078979492188,-0.06703096628189087,-0.9406810402870178,0.8130143880844116,1.0,25.77829933166504,False,0.0,-0.003373747458681464,0.03385187312960625,0.7724708914756775,0.0,-0.00392764151096344,-0.010558054745197304,-0.01,-0.024485696256160747,0.0005289772525429726,False,298,False,False,30.299999999994085,-0.392764151096344,-0.0,0.0,0.0,0.0,0.0,0.0,-0.0,0.23652631083345588,0.0,-0.0,0.0,0.1143355139057645
8.503414574079216e-05,0.10315568000078201,10.893813133239746,-0.18558594584465027,0.7733180522918701,-0.025467369258403774,0.38974475860595703,-0.16833847761154175,-0.8951939344406128,0.6468629837036133,1.0,25.77829933166504,False,0.0,-0.003373747458681464,0.03385187312960625,0.7724708914756775,0.0,-0.0035001069307327272,-0.010613503754138942,-0.01,-0.024113610684871667,0.00046403007581830025,False,299,False,False,30.39999999999403,-0.3500106930732727,-0.0,0.0,0.0,0.0,0.0,0.0,-0.0,0.21747407441352418,0.0,-0.0,0.0,0.10523693027602936
8.497067756252363e-05,0.10214269161224365,10.921320915222168,-0.18726734817028046,0.7734748721122742,-10.139024486541748,0.6405162811279297,-0.3912760615348816,-0.8294739127159119,0.34005868434906006,1.0,25.77829933166504,False,0.0,-0.003373747458681464,0.03385187312960625,0.7724708914756775,0.0,-10.003417562246323,-0.1087370216846466,-0.01,-10.12215458393097,0.0005559353157877922,False,300,False,False,30.499999999993975,-0.3417562246322632,-0.0,0.0,-1.0,0.0,0.0,0.0,-0.0,0.20025770244034957,0.0,-0.0,0.0,-9.903288711026148
