D_Q_one_step_height_mae_cm,D_Q_one_step_xyz_mae_cm,D_one_step_ee_mae_cm,D_one_step_latent_normalized_mse,Q_actual_observation_held_probability,Q_actual_observation_x,Q_actual_observation_xyz_mae_cm,Q_actual_observation_y,Q_actual_observation_z,Q_observed_supported_reward,action_dx,action_dy,action_dyaw,action_dz,action_gripper,actual_goal_distance_cm,actual_held,actual_lift_cm,actual_object_x,actual_object_y,actual_object_z,control_component_goal,control_component_penalties,control_component_progress,control_component_time,control_reward,decision_seconds,obstacle_contact,planner_fallback_to_RL_Q,predicted_first_supported_reward,predicted_score,step,table_contact,task_success,time_s,true_component_action,true_component_collision,true_component_drop,true_component_fail,true_component_grasp,true_component_lift,true_component_place,true_component_proximity,true_component_reach,true_component_success,true_component_table_hit,true_component_transport,true_original_reward,valid_candidates
,,,,5.7317862228956074e-05,0.17900605499744415,0.07843822240829468,-0.22810852527618408,0.7724064588546753,-0.0005779224634170545,0.998204231262207,-0.9919292330741882,0.01708042621612549,-0.9884225726127625,1.0,50.30605697631836,False,0.0,0.17782101035118103,-0.22700485587120056,0.7724708914756775,0.0,-0.007394015789031982,0.017040503025054932,-0.01,-0.0003535127639770503,0.11894062021747231,False,True,,-1000000000.0,1,False,False,0.6000000000000004,-0.7394015789031982,-0.0,0.0,0.0,0.0,0.0,0.0,-0.0,0.034425272519559846,0.0,-0.0,0.0,0.00981862047074794,0
,,,,7.588710286654532e-05,0.178789883852005,0.04940430447459221,-0.227204829454422,0.7727841734886169,-0.014187739789485933,0.9993789196014404,-0.9943864941596985,0.004095315933227539,-0.9918749928474426,1.0,50.30605697631836,False,0.0,0.17782101035118103,-0.22700485587120056,0.7724708914756775,0.0,-0.007428488731384277,0.0031136789917945856,-0.01,-0.014314809739589693,0.11721783829852939,False,True,,-1000000000.0,2,False,False,0.7000000000000005,-0.7428488731384277,-0.0,0.0,0.0,0.0,0.0,0.0,-0.0,0.041063222681984146,0.0,-0.0,0.0,0.013103122609607797,0
,,,,6.43563544144854e-05,0.18099913001060486,0.2369508147239685,-0.23068784177303314,0.7727183103561401,-0.014419180154800414,0.999356746673584,-0.9936774373054504,0.0046395063400268555,-0.9915622472763062,1.0,50.30605697631836,False,0.0,0.17782101035118103,-0.22700485587120056,0.7724708914756775,0.0,-0.007423315048217773,0.0037649887800216657,-0.01,-0.013658326268196108,0.11611040262505412,False,True,,-1000000000.0,3,False,False,0.8000000000000006,-0.7423315048217773,-0.0,0.0,0.0,0.0,0.0,0.0,-0.0,0.04908401845618293,0.0,-0.0,0.0,0.017118694179873693,0
,,,,6.948021473363042e-05,0.180326908826828,0.18665292859077454,-0.22979223728179932,0.7727771997451782,-0.012876872718334199,0.9993276596069336,-0.993165910243988,-0.005073368549346924,-0.9914090633392334,1.0,50.30605697631836,False,0.0,0.17782101035118103,-0.22700485587120056,0.7724708914756775,0.0,-0.007419880032539368,0.004429447352886199,-0.01,-0.01299043267965317,0.11343644093722105,False,True,,-1000000000.0,4,False,False,0.9000000000000007,-0.7419880032539368,-0.0,0.0,0.0,0.0,0.0,0.0,-0.0,0.0585282428458741,0.0,-0.0,0.0,0.021844241390397683,0
,,,,7.940398063510656e-05,0.17956367135047913,0.24615824222564697,-0.23209309577941895,0.7730247378349304,-0.01257250934839249,0.9992475509643555,-0.9924535155296326,-0.005604088306427002,-0.991514265537262,1.0,50.30605697631836,False,0.0,0.17782101035118103,-0.22700485587120056,0.7724708914756775,0.0,-0.007416478991508484,0.005125734806060787,-0.01,-0.012290744185447696,0.11681479308754206,False,True,,-1000000000.0,5,False,False,1.0000000000000007,-0.7416478991508484,-0.0,0.0,0.0,0.0,0.0,0.0,-0.0,0.06947443650641816,0.0,-0.0,0.0,0.027320739261700595,0
,,,,5.506674278876744e-05,0.18499435484409332,0.34469765424728394,-0.22990207374095917,0.7727412581443787,-0.012579189240932466,0.9990559816360474,-0.9921678304672241,0.002610325813293457,-0.9936248660087585,1.0,50.30605697631836,False,0.0,0.17782101035118103,-0.22700485587120056,0.7724708914756775,0.0,-0.007424517869949341,0.005775861442089081,-0.01,-0.011648656427860261,0.1207536207512021,False,True,,-1000000000.0,6,False,False,1.1000000000000008,-0.7424517869949341,-0.0,0.0,0.0,0.0,0.0,0.0,-0.0,0.08184463143080734,0.0,-0.0,0.0,0.03349779784545433,0
,,,,7.522180385421962e-05,0.18221065402030945,0.31556785106658936,-0.2316368818283081,0.7729162573814392,-0.011011820733547215,0.9990828037261963,-0.9928934574127197,-0.008394420146942139,-0.9959529638290405,1.0,50.30605697631836,False,0.0,0.17782101035118103,-0.22700485587120056,0.7724708914756775,0.0,-0.00743999183177948,0.006259633600711821,-0.01,-0.01118035823106766,0.1136551508679986,False,True,,-1000000000.0,7,False,False,1.2000000000000008,-0.743999183177948,-0.0,0.0,0.0,0.0,0.0,0.0,-0.0,0.09531708486837331,0.0,-0.0,0.0,0.04021855060240718,0
,,,,5.1937648095190525e-05,0.18699993193149567,0.44975826144218445,-0.23108062148094177,0.7727089524269104,-0.012049987912178038,0.998566746711731,-0.9926729798316956,-0.00699007511138916,-0.9957889318466187,1.0,50.30605697631836,False,0.0,0.17782101035118103,-0.22700485587120056,0.7724708914756775,0.0,-0.0074354487657547,0.00675810486078262,-0.01,-0.01067734390497208,0.1121738008223474,False,True,,-1000000000.0,8,False,False,1.300000000000001,-0.74354487657547,-0.0,0.0,0.0,0.0,0.0,0.0,-0.0,0.10993262000938986,0.0,-0.0,0.0,0.04753086123894023,0
,,,,5.589019929175265e-05,0.18603502213954926,0.38607072830200195,-0.23000949621200562,0.7728343605995178,-0.009729014933109287,0.9985963106155396,-0.9931572079658508,-0.007518947124481201,-0.9968947768211365,1.0,50.30605697631836,False,0.0,0.17782101035118103,-0.22700485587120056,0.7724708914756775,0.0,-0.007443528771400452,0.007448804974555967,-0.01,-0.009994723796844485,0.11367382062599063,False,True,,-1000000000.0,9,False,False,1.400000000000001,-0.7443528771400452,-0.0,0.0,0.0,0.0,0.0,0.0,-0.0,0.12609117338125797,0.0,-0.0,0.0,0.05560205791922854,0
,,,,4.433422509464435e-05,0.1902679204940796,0.4313359558582306,-0.22737851738929749,0.7725903987884521,-0.010224976539611816,0.9983043670654297,-0.9921274185180664,-0.004926919937133789,-0.9970784187316895,1.0,50.30605697631836,False,0.0,0.17782101035118103,-0.22700485587120056,0.7724708914756775,0.0,-0.007437795400619507,0.00841571003198624,-0.01,-0.009022085368633267,0.11367167625576258,False,True,,-1000000000.0,10,False,False,1.500000000000001,-0.7437795400619507,-0.0,0.0,0.0,0.0,0.0,0.0,-0.0,0.14436619370967574,0.0,-0.0,0.0,0.06474530145421836,0
,,,,4.5260578190209344e-05,0.18694286048412323,0.3146176338195801,-0.22724643349647522,0.7723957896232605,-0.007040275633335118,0.9984488487243652,-0.990822970867157,-0.0011475682258605957,-0.9977741837501526,1.0,50.30605697631836,False,0.0,0.17782101035118103,-0.22700485587120056,0.7724708914756775,0.0,-0.007435462474822998,0.009662561118602753,-0.01,-0.007772901356220246,0.11365826800465584,False,True,,-1000000000.0,11,False,False,1.6000000000000012,-0.7435462474822998,-0.0,0.0,0.0,0.0,0.0,0.0,-0.0,0.16534473729987453,0.0,-0.0,0.0,0.07523690617511426,0
,,,,3.490112430881709e-05,0.19000089168548584,0.4718273878097534,-0.22504332661628723,0.772457480430603,-0.007336755394935615,0.9977389574050903,-0.9866138100624084,-0.004919230937957764,-0.9972935914993286,1.0,50.30605697631836,False,0.0,0.17782101035118103,-0.22700485587120056,0.7724708914756775,0.0,-0.0074087709188461305,0.011138154566288,-0.01,-0.006270616352558131,0.11480316985398531,False,True,,-1000000000.0,12,False,False,1.7000000000000013,-0.740877091884613,-0.0,0.0,0.0,0.0,0.0,0.0,-0.0,0.18951627824537998,0.0,-0.0,0.0,0.08734936820384386,0
,,,,4.256177999195643e-05,0.1862289160490036,0.31293433904647827,-0.22614775598049164,0.7725939154624939,-0.0034931364655494705,0.9976580142974854,-0.9800478219985962,-0.010230422019958496,-0.9968841671943665,1.0,50.30605697631836,False,0.0,0.17782101035118103,-0.22700485587120056,0.7724708914756775,0.0,-0.0073742449283599855,0.012785135805606834,-0.01,-0.0045891091227531515,0.11775050172582269,False,True,,-1000000000.0,13,False,False,1.8000000000000014,-0.7374244928359985,-0.0,0.0,0.0,0.0,0.0,0.0,-0.0,0.2172591354018779,0.0,-0.0,0.0,0.10125532277257897,0
,,,,3.55745323759038e-05,0.18823246657848358,0.4694735109806061,-0.22365546226501465,0.772794246673584,-0.0033227252960205157,0.9966020584106445,-0.963721513748169,-0.011112630367279053,-0.9946521520614624,1.0,50.30605697631836,False,0.0,0.17782101035118103,-0.22700485587120056,0.7724708914756775,0.0,-0.007278578281402588,0.014583290219306946,-0.01,-0.0026952880620956417,0.11681737937033176,False,True,,-1000000000.0,14,False,False,1.9000000000000015,-0.7278578281402588,-0.0,0.0,0.0,0.0,0.0,0.0,-0.0,0.24891483288824046,0.0,-0.0,0.0,0.11717883816271764,0
,,,,4.105556581635028e-05,0.1841038167476654,0.3252585530281067,-0.22365900874137878,0.772599995136261,0.00115223765373231,0.9965318441390991,-0.9260011315345764,-0.016176462173461914,-0.9914917349815369,1.0,50.30605697631836,False,0.0,0.17782101035118103,-0.22700485587120056,0.7724708914756775,0.0,-0.007084678411483765,0.016541768014430996,-0.01,-0.000542910397052768,0.11716646002605557,False,True,,-1000000000.0,15,False,False,2.0000000000000013,-0.7084678411483765,-0.0,0.0,0.0,0.0,0.0,0.0,-0.0,0.2848469155044012,0.0,-0.0,0.0,0.13533877934071684,0
,,,,3.676540291053243e-05,0.1882743239402771,0.43926090002059937,-0.22453109920024872,0.7727216482162476,-0.0009392026066780013,0.9923396110534668,-0.799297571182251,-0.0367160439491272,-0.9711146950721741,1.0,50.30605697631836,False,0.0,0.17782101035118103,-0.22700485587120056,0.7724708914756775,0.0,-0.006420065760612488,0.01861555784940719,-0.01,0.0021954920887946993,0.11609824700281024,False,True,,-1000000000.0,16,False,False,2.0999999999999903,-0.6420065760612488,-0.0,0.0,0.0,0.0,0.0,0.0,-0.0,0.3253313043594972,0.0,-0.0,0.0,0.1562455864191361,0
,,,,4.1071547457249835e-05,0.18516141176223755,0.3076404333114624,-0.22527089715003967,0.772625744342804,0.006708754003047943,0.9896019697189331,-0.6115998029708862,-0.05678677558898926,-0.8938843011856079,1.0,50.30605697631836,False,0.0,0.17782101035118103,-0.22700485587120056,0.7724708914756775,0.0,-0.005389050841331482,0.0207136744260788,-0.01,0.005324623584747315,0.1177885071374476,False,True,,-1000000000.0,17,False,False,2.1999999999999793,-0.5389050841331482,-0.0,0.0,0.0,0.0,0.0,0.0,-0.0,0.37046331209516503,0.0,-0.0,0.0,0.17984260520625103,0
0.023245811462402344,0.33929598331451416,0.4551120102405548,0.11080954968929291,2.8544687665998936e-05,0.1913183629512787,0.6303558349609375,-0.2216145396232605,0.7724938988685608,-0.00012198150157930084,1.0,0.38939574360847473,0.6900249123573303,-0.3213198184967041,1.0,50.30605697631836,False,0.0,0.17782101035118103,-0.22700485587120056,0.7724708914756775,0.0,-0.004327524900436402,0.018365563750267017,-0.01,0.004038038849830615,0.11681239167228341,False,False,0.004910625983029604,0.02541244067833371,18,False,False,2.2999999999999683,-0.43275249004364014,-0.0,0.0,0.0,0.0,0.0,0.0,-0.0,0.4113075192557085,0.0,-0.0,0.0,0.20132623472741787,1
0.003069639205932617,0.6793409585952759,0.8446335792541504,0.15498852729797363,3.7909634556854144e-05,0.1855221539735794,0.4029110074043274,-0.22264227271080017,0.7724944949150085,0.004019649475812905,0.6773427128791809,0.32401522994041443,0.14983870089054108,-0.09909523278474808,1.0,50.30605697631836,False,0.0,0.17782101035118103,-0.22700485587120056,0.7724708914756775,0.0,-0.0014901264011859894,0.010311930477619163,-0.01,-0.0011781959235668254,0.11332028219476342,False,False,0.0057257357984781265,0.025703025156562774,19,False,False,2.3999999999999573,-0.14901264011859894,-0.0,0.0,0.0,0.0,0.0,0.0,-0.0,0.43629438633894324,0.0,-0.0,0.0,0.21665706676828564,53
0.010907649993896484,0.48379799723625183,0.7210785746574402,0.08352817595005035,3.702856338350102e-05,0.18652059137821198,0.49530020356178284,-0.2212379276752472,0.7728633880615234,-0.006904980614781372,0.2391699254512787,0.09801959991455078,0.2587498724460602,0.008922125212848186,1.0,50.30605697631836,False,0.0,0.17782101035118103,-0.22700485587120056,0.7724708914756775,0.0,-0.0003346029669046402,0.002136364877223962,-0.01,-0.008198238089680678,0.11162484204396605,False,False,0.004746709484606981,0.036349641145276716,20,False,False,2.4999999999999463,-0.03346029669046402,-0.0,0.0,0.0,0.0,0.0,0.0,-0.0,0.44501720893693897,0.0,-0.0,0.0,0.22217400150156486,58
0.04083514213562012,0.5468785762786865,0.4201928675174713,0.09601294994354248,5.694797437172383e-05,0.17864418029785156,0.2187187522649765,-0.22200371325016022,0.7732081413269043,-0.005574850142002112,0.6960735321044922,-0.0492507703602314,0.0673275738954544,-0.08121729642152786,1.0,50.30605697631836,False,0.0,0.17782101035118103,-0.22700485587120056,0.7724708914756775,0.0,-0.001245183050632477,0.0006527340412139926,-0.01,-0.010592449009418484,0.1128325778990984,False,False,-0.02021343819797039,0.017147295749179694,21,False,False,2.5999999999999353,-0.12451830506324768,-0.0,0.0,0.0,0.0,0.0,0.0,-0.0,0.4508310710765745,0.0,-0.0,0.0,0.22417035248765477,32
0.08412599563598633,0.28292936086654663,0.563696026802063,0.0596299022436142,5.40357650606893e-05,0.1807793825864792,0.4998544752597809,-0.21557597815990448,0.7730792760848999,-0.007709405757486828,0.10718528926372528,0.26002007722854614,0.06073334440588951,-0.08419482409954071,-1.0,50.30605697631836,False,0.0,0.17782101035118103,-0.22700485587120056,0.7724708914756775,0.0,-0.00022469107061624528,0.0012923210859298595,-0.01,-0.008932369984686385,0.11285849800333381,False,False,0.0069701336324214935,0.07049531503587261,22,False,False,2.6999999999999242,-0.022469107061624527,-0.0,0.0,0.0,0.0,0.0,0.0,-0.0,0.45799557327667584,0.0,-0.0,0.0,0.22877309556772168,36
0.07070302963256836,0.5789205431938171,0.47810426354408264,0.07694923877716064,5.660697934217751e-05,0.1814202517271042,0.54662024974823,-0.21486692130565643,0.77313232421875,-0.010896017253398907,0.8785566091537476,0.07896307855844498,-0.6244494915008545,-0.22358264029026031,1.0,50.30605697631836,False,0.0,0.17782101035118103,-0.22700485587120056,0.7724708914756775,0.0,-0.003045058250427246,0.001279540956020342,-0.01,-0.011765517294406905,0.11672225221991539,False,False,-0.01804446615278721,0.053931334822288395,23,False,False,2.7999999999999132,-0.3045058250427246,-0.0,0.0,0.0,0.0,0.0,0.0,-0.0,0.4652068363554346,0.0,-0.0,0.0,0.22955835992729004,64
0.08393526077270508,0.6379613876342773,0.4496236741542816,0.09766028821468353,4.1321251046610996e-05,0.18661727011203766,0.7678836584091187,-0.21342043578624725,0.7731267213821411,-0.006656054854392995,0.7489191889762878,-0.5022026300430298,-0.8784342408180237,-0.45832541584968567,1.0,50.30605697631836,False,0.0,0.17782101035118103,-0.22700485587120056,0.7724708914756775,0.0,-0.004486990869045257,0.007957572042942035,-0.01,-0.006529418826103223,0.11745272669941187,False,False,-0.014736662618815899,0.05174280896815471,24,False,False,2.899999999999902,-0.44869908690452576,-0.0,0.0,0.0,0.0,0.0,0.0,-0.0,0.4859816463015014,0.0,-0.0,0.0,0.23850383228170546,58
0.056809186935424805,0.8042842149734497,0.44700005650520325,0.09760908037424088,4.429124601301737e-05,0.1849261373281479,0.6010959148406982,-0.21630896627902985,0.7727027535438538,0.003567402958869913,0.36047014594078064,0.186456099152565,0.34740015864372253,-0.5874566435813904,1.0,50.30605697631836,False,0.0,0.17782101035118103,-0.22700485587120056,0.7724708914756775,0.0,-0.0015762419998645782,0.01566646516323089,-0.01,0.004090223163366312,0.12113727303221822,False,False,-0.0087500661611557,0.019735711710725006,25,False,False,2.999999999999891,-0.15762419998645782,-0.0,0.0,0.0,0.0,0.0,0.0,-0.0,0.5225400460992616,0.0,-0.0,0.0,0.25969378104976626,8
0.03586411476135254,0.6513709425926208,0.3300408720970154,0.1057627946138382,4.064535823999904e-05,0.18704280257225037,0.8339146971702576,-0.2117064893245697,0.7729681730270386,0.001968290656805021,-0.0292526762932539,0.30134117603302,-0.24191901087760925,-0.3786472678184509,1.0,50.30605697631836,False,0.0,0.17782101035118103,-0.22700485587120056,0.7724708914756775,0.0,-0.0007339020073413849,0.009275924712419503,-0.01,-0.0014579772949218812,0.12683395203202963,False,False,-0.008016997016966343,0.0223257807465278,26,False,False,3.09999999999988,-0.07339020073413849,-0.0,0.0,0.0,0.0,0.0,0.0,-0.0,0.5465573265825225,0.0,-0.0,0.0,0.2725447612839199,58
0.05473494529724121,0.8781388401985168,0.4939819276332855,0.08672001212835312,5.2842813602183014e-05,0.18448740243911743,0.6240213513374329,-0.21574752032756805,0.7732678055763245,-0.003024895787239079,0.7928110361099243,-0.6888989210128784,-0.22715075314044952,-0.7346424460411072,1.0,50.30605697631836,False,0.0,0.17782101035118103,-0.22700485587120056,0.7724708914756775,0.0,-0.004236070215702057,0.010696611106395693,-0.01,-0.0035394591093063643,0.12520539294928312,False,False,-0.021365003660321236,-0.012929162426729245,27,False,False,3.199999999999869,-0.4236070215702057,-0.0,0.0,0.0,0.0,0.0,0.0,-0.0,0.5736875785929962,0.0,-0.0,0.0,0.28260771908079607,64
,,,,3.820472920779139e-05,0.18557117879390717,0.696312427520752,-0.2141869217157364,0.7727921605110168,0.013661430329084368,0.0425572395324707,-0.34214019775390625,-0.20828008651733398,-0.8204371333122253,1.0,50.30605697631836,False,0.0,0.17782101035118103,-0.22700485587120056,0.7724708914756775,0.0,-0.002088421881198883,0.025836782008409498,-0.01,0.013748360127210613,0.12273807730525732,False,True,,-1000000000.0,28,False,False,3.299999999999858,-0.2088421881198883,-0.0,0.0,0.0,0.0,0.0,0.0,-0.0,0.6316779906984831,0.0,-0.0,0.0,0.31375057346804264,0
0.03210902214050293,0.6889566779136658,0.17267316579818726,0.07064591348171234,4.784813427249901e-05,0.18512821197509766,0.7326304912567139,-0.21293699741363525,0.773074746131897,0.006637284904718424,0.6747596263885498,0.5662234425544739,0.2287803590297699,-0.4161178469657898,1.0,50.30605697631836,False,0.0,0.17782101035118103,-0.22700485587120056,0.7724708914756775,0.0,-0.0025035101175308228,0.016208041012287122,-0.01,0.0037045308947562996,0.12702983664348722,False,False,0.007020339369773865,-0.0060936870264600715,29,False,False,3.399999999999847,-0.2503510117530823,-0.0,0.0,0.0,0.0,0.0,0.0,-0.0,0.6708019414444946,0.0,-0.0,0.0,0.3328974606047165,56
0.05876421928405762,0.7516985535621643,0.5257824659347534,0.15977492928504944,4.64157565147616e-05,0.18212325870990753,0.7209653258323669,-0.21012958884239197,0.7729223370552063,-0.010577681958675401,-0.2982615828514099,1.0,0.7547962665557861,-0.4197947084903717,1.0,50.30605697631836,False,0.0,0.17782101035118103,-0.22700485587120056,0.7724708914756775,0.0,-0.004587262272834778,-0.0025945690274238875,-0.01,-0.017181831300258667,0.1156714791432023,False,False,0.0012915435945615172,-0.1619474050494688,30,False,False,3.499999999999836,-0.4587262272834778,-0.0,0.0,0.0,0.0,0.0,0.0,-0.0,0.672336233086826,0.0,-0.0,0.0,0.3315808542705782,1
0.041043758392333984,0.7418110966682434,1.1474535465240479,0.134724423289299,5.537131437449716e-05,0.18550674617290497,0.6658991575241089,-0.2149118036031723,0.7726690769195557,-0.012891286164522174,0.1972150206565857,-0.09324556589126587,-0.041368842124938965,-0.6968905329704285,1.0,50.30605697631836,False,0.0,0.17782101035118103,-0.22700485587120056,0.7724708914756775,0.0,-0.0013373906910419465,-0.0022051417827606,-0.01,-0.013542532473802547,0.11188285192474723,False,False,-0.042603325098752975,-0.10090880608985774,31,False,False,3.599999999999825,-0.13373906910419464,-0.0,0.0,0.0,0.0,0.0,0.0,-0.0,0.6746725850505236,0.0,-0.0,0.0,0.3359989018342199,57
0.03408193588256836,0.6513848900794983,0.22744834423065186,0.10106375813484192,6.755564390914515e-05,0.1818249672651291,0.21682728826999664,-0.22516858577728271,0.7731354832649231,-0.01941590443253515,-0.022508537396788597,-0.564534068107605,0.4626613259315491,0.47798293828964233,-1.0,50.30605697631836,False,0.0,0.17782101035118103,-0.22700485587120056,0.7724708914756775,0.0,-0.0019043213129043579,0.006143278181552858,-0.01,-0.0057610431313514995,0.11033006571233273,False,False,-0.014516567811369896,-0.035091467193245365,32,False,False,3.699999999999814,-0.1904321312904358,-0.0,0.0,0.0,0.0,0.0,0.0,-0.0,0.693898175884343,0.0,-0.0,0.0,0.34504476662926714,45
0.07734298706054688,0.1981198787689209,0.4347652196884155,0.09685973823070526,3.729804666363634e-05,0.1812342405319214,0.25330883264541626,-0.22346749901771545,0.7731195688247681,-0.013137277886271477,0.48676979541778564,-0.12241073697805405,-0.3459429144859314,0.046197302639484406,1.0,50.30605697631836,False,0.0,0.17782101035118103,-0.22700485587120056,0.7724708914756775,0.0,-0.0009343498200178146,-0.003943108469247836,-0.01,-0.014877458289265651,0.11072239372879267,False,False,-0.01538883987814188,-0.06634109754131938,33,False,False,3.799999999999803,-0.09343498200178146,-0.0,0.0,0.0,0.0,0.0,0.0,-0.0,0.692941313496323,0.0,-0.0,0.0,0.3455363069281437,49
0.08423924446105957,0.22601138055324554,0.47335177659988403,0.06710901111364365,3.4037344448734075e-05,0.17830877006053925,0.0846276730298996,-0.22829638421535492,0.7732304334640503,-0.02962127581238745,-0.6008760929107666,-0.5635006427764893,0.4932456910610199,0.8532508611679077,1.0,50.30605697631836,False,0.0,0.17782101035118103,-0.22700485587120056,0.7724708914756775,0.0,-0.004124783873558044,-0.008390803486108767,-0.01,-0.022515587359666814,0.11066292831674218,False,False,-0.013237922452390194,-0.06966809337112712,34,False,False,3.899999999999792,-0.41247838735580444,-0.0,0.0,0.0,0.0,0.0,0.0,-0.0,0.6829898261474959,0.0,-0.0,0.0,0.33737012920018994,37
0.0957489013671875,0.1237814649939537,0.5728736519813538,0.10900610685348511,3.3022075513144955e-05,0.17130880057811737,0.47144243121147156,-0.23440977931022644,0.7726970314979553,-0.028576503843069083,-1.0,-0.7694875597953796,0.9279977083206177,-0.3521658480167389,1.0,50.30605697631836,False,0.0,0.17782101035118103,-0.22700485587120056,0.7724708914756775,0.0,-0.006443279385566712,-0.003566880524158489,-0.01,-0.0200101599097252,0.11162002012133598,False,False,-0.032213542610406876,-0.16180765895812865,35,False,False,3.999999999999781,-0.6443279385566711,-0.0,0.0,0.0,0.0,0.0,0.0,-0.0,0.6826827544633876,0.0,-0.0,0.0,0.33489809784612706,4
,,,,4.9339763791067526e-05,0.16502049565315247,0.8479957580566406,-0.23843859136104584,0.7736765146255493,0.0036586670577526074,-0.41636204719543457,-0.19539183378219604,0.10862958431243896,-0.824496865272522,1.0,50.30605697631836,False,0.0,0.17782101035118103,-0.22700485587120056,0.7724708914756775,0.0,-0.0022578270733356475,0.015596413016319255,-0.01,0.0033385859429836077,0.11285496409982443,False,True,,-1000000000.0,36,False,False,4.0999999999997705,-0.22578270733356476,-0.0,0.0,0.0,0.0,0.0,0.0,-0.0,0.7210865833804211,0.0,-0.0,0.0,0.3582854646168749,0
0.11273622512817383,0.9887139201164246,0.7344430088996887,0.07657275348901749,8.52792218211107e-05,0.17124761641025543,0.3786434531211853,-0.231429323554039,0.7728323340415955,0.011298480108380327,-0.6487693786621094,-0.20700481534004211,-0.8861465454101562,-0.650662362575531,-1.0,50.30605697631836,False,0.0,0.17782101035118103,-0.22700485587120056,0.7724708914756775,0.0,-0.004180924892425537,0.017063908129930472,-0.01,0.0028829832375049345,0.11259443033486605,False,False,-0.025519661605358124,-0.10969719309459294,37,False,False,4.1999999999997595,-0.4180924892425537,-0.0,0.0,0.0,0.0,0.0,0.0,-0.0,0.7628427942912904,0.0,-0.0,0.0,0.37724047225321966,31
0.08603334426879883,0.36706972122192383,0.8029535412788391,0.0681547075510025,5.0965496484423056e-05,0.16816851496696472,0.7199411988258362,-0.23750416934490204,0.7739173173904419,-0.003941380456089965,-0.27699020504951477,-0.050431836396455765,0.26659834384918213,-0.20282673835754395,1.0,50.30605697631836,False,0.0,0.17782101035118103,-0.22700485587120056,0.7724708914756775,0.0,-0.0004787007719278336,0.005612115412950536,-0.01,-0.004866585358977298,0.10711096227169037,False,False,-0.03731466829776764,-0.11500106489368103,38,False,False,4.2999999999997485,-0.047870077192783356,-0.0,0.0,0.0,0.0,0.0,0.0,-0.0,0.7818858303864341,0.0,-0.0,0.0,0.3904642144212892,55
0.1616358757019043,0.7402082681655884,0.6548756957054138,0.06709684431552887,3.907117934431881e-05,0.17570239305496216,0.1980225294828415,-0.22952216863632202,0.7737756371498108,-0.009186999201774602,-0.06636431068181992,-0.025083526968955994,-0.07332301884889603,-0.24333108961582184,1.0,50.30605697631836,False,0.0,0.17782101035118103,-0.22700485587120056,0.7724708914756775,0.0,-0.00017404921352863313,-0.0011894346028566427,-0.01,-0.011363483816385276,0.11026345007121563,False,False,-0.044674791395664215,-0.09028882353511186,39,False,False,4.3999999999997375,-0.017404921352863312,-0.0,0.0,0.0,0.0,0.0,0.0,-0.0,0.7873806193436725,0.0,-0.0,0.0,0.3935162604583076,44
0.15972256660461426,0.24473170936107635,0.5271563529968262,0.08649731427431107,4.045151581522077e-05,0.17046670615673065,0.5786264538764954,-0.23520046472549438,0.774279773235321,-0.00938132129609587,0.3275057375431061,-0.6266481876373291,0.09219582378864288,0.2773846685886383,-1.0,50.30605697631836,False,0.0,0.17782101035118103,-0.22700485587120056,0.7724708914756775,0.0,-0.0014634758234024047,-0.0002910496294498688,-0.01,-0.011754525452852273,0.1103200651705265,False,False,-0.03832252323627472,-0.06973729702329222,40,False,False,4.499999999999726,-0.14634758234024048,-0.0,0.0,0.0,0.0,0.0,0.0,-0.0,0.7947461903189507,0.0,-0.0,0.0,0.39590961933607294,44
0.2026379108428955,0.6481269598007202,0.48404186964035034,0.0712599828839302,2.9415201424853876e-05,0.1744600236415863,0.46820542216300964,-0.23498660326004028,0.7751743197441101,-0.01375878833234313,1.0,-0.7684291005134583,-0.696664035320282,0.1377231776714325,1.0,50.30605697631836,False,0.0,0.17782101035118103,-0.22700485587120056,0.7724708914756775,0.0,-0.005236979126930237,5.8652013540272385e-05,-0.01,-0.015178327113389966,0.11040667863562703,False,False,-0.013112680986523628,-0.0628827786543693,41,False,False,4.599999999999715,-0.5236979126930237,-0.0,0.0,0.0,0.0,0.0,0.0,-0.0,0.8028922301978406,0.0,-0.0,0.0,0.3962091359719901,42
,,,,1.767028879839927e-05,0.17459695041179657,0.6548588871955872,-0.24061429500579834,0.77528315782547,-0.009286409094929685,0.5334618091583252,-0.12258410453796387,-0.15466690063476562,0.453643798828125,1.0,50.30605697631836,False,0.0,0.17782101035118103,-0.22700485587120056,0.7724708914756775,0.0,-0.0013233073055744172,0.002291367277503009,-0.01,-0.009031940028071408,0.1112829390913248,False,True,,-1000000000.0,42,False,False,4.699999999999704,-0.1323307305574417,-0.0,0.0,0.0,0.0,0.0,0.0,-0.0,0.8156313712627994,0.0,-0.0,0.0,0.4064923783258253,0
,,,,2.2379237634595484e-05,0.17710307240486145,0.2739439606666565,-0.23166000843048096,0.7753161191940308,-0.025692243352532382,0.2541927099227905,-0.026710987091064453,-0.42434847354888916,0.5186706781387329,1.0,50.30605697631836,False,0.0,0.17782101035118103,-0.22700485587120056,0.7724708914756775,0.0,-0.0012860457599163056,-0.015211065262556056,-0.01,-0.02649711102247236,0.11087387893348932,False,True,,-1000000000.0,43,False,False,4.799999999999693,-0.12860457599163055,-0.0,0.0,0.0,0.0,0.0,0.0,-0.0,0.793140778756301,0.0,-0.0,0.0,0.39528434361823417,0
0.31898021697998047,0.3218640685081482,0.03659924119710922,0.08892843127250671,1.3317662705958355e-05,0.17781275510787964,0.3675808310508728,-0.2357299029827118,0.7747650146484375,-0.035495151951909096,-0.6737760305404663,-0.2311357855796814,-0.023353520780801773,0.5343849658966064,1.0,50.30605697631836,False,0.0,0.17782101035118103,-0.22700485587120056,0.7724708914756775,0.0,-0.001983776390552521,-0.02186199277639389,-0.01,-0.03384576916694641,0.11181842908263206,False,False,-0.03226926177740097,-0.11608970429363721,44,False,False,4.899999999999682,-0.19837763905525208,-0.0,0.0,0.0,0.0,0.0,0.0,-0.0,0.7569865879392738,0.0,-0.0,0.0,0.37650951757908435,31
0.3425002098083496,0.3606528043746948,0.37578094005584717,0.17143401503562927,2.408023465250153e-05,0.1706840693950653,0.42009153962135315,-0.23014602065086365,0.7747955322265625,-0.019224518463015552,0.09058447182178497,-0.036066796630620956,0.07983481138944626,-0.7145995497703552,1.0,50.30605697631836,False,0.0,0.17782101035118103,-0.22700485587120056,0.7724708914756775,0.0,-0.0013163311779499055,-0.010809182971715903,-0.01,-0.022125514149665806,0.12064922321587801,False,False,-0.026567142456769943,-0.12998596430524242,45,False,False,4.999999999999671,-0.13163311779499054,-0.0,0.0,0.0,0.0,0.0,0.0,-0.0,0.7427961667240641,0.0,-0.0,0.0,0.3700817521840822,64
0.24393200874328613,0.5138218402862549,0.2623334527015686,0.0950973778963089,2.5432304028072394e-05,0.17105677723884583,0.5697389841079712,-0.23391559720039368,0.7758880853652954,0.0037244907766580404,0.5813717246055603,0.4890540838241577,-0.2253732979297638,-0.18492171168327332,-1.0,50.30605697631836,False,0.0,0.17782101035118103,-0.22700485587120056,0.7724708914756775,0.0,-0.0016553902626037598,0.012805100753903398,-0.01,0.001149710491299638,0.1106926710344851,False,False,-0.011664856225252151,-0.031109512779215982,46,False,False,5.09999999999966,-0.16553902626037598,-0.0,0.0,0.0,0.0,0.0,0.0,-0.0,0.7761679602103415,0.0,-0.0,0.0,0.386428589842567,45
0.3298342227935791,0.5436986684799194,0.5593205094337463,0.06846504658460617,1.711171898932662e-05,0.17715555429458618,0.395708292722702,-0.2346765697002411,0.7760049700737,-0.010713940635323542,0.5391781330108643,0.5616662502288818,-0.49075767397880554,-0.2021082192659378,1.0,50.30605697631836,False,0.0,0.17782101035118103,-0.22700485587120056,0.7724708914756775,0.0,-0.0022196820378303527,0.00690142542123795,-0.01,-0.0053182566165924025,0.11438121180981398,False,False,-0.019410738721489906,-0.04675283031371488,47,False,False,5.199999999999649,-0.22196820378303528,-0.0,0.0,0.0,0.0,0.0,0.0,-0.0,0.7979504182078596,0.0,-0.0,0.0,0.39675552706609946,47
0.31946897506713867,0.38613826036453247,0.5578100681304932,0.08569131791591644,1.6479352780152112e-05,0.1679912954568863,0.9675170183181763,-0.2434525191783905,0.7752190232276917,-0.02851734606549146,-0.24863368272781372,-0.05419178307056427,-0.03723558783531189,0.1662130206823349,1.0,50.30605697631836,False,0.0,0.17782101035118103,-0.22700485587120056,0.7724708914756775,0.0,-0.00023442177101969718,-0.0022561229765415414,-0.01,-0.012490544747561238,0.11390689900144935,False,False,-0.026377273723483086,-0.08958855346889434,48,False,False,5.299999999999638,-0.02344217710196972,-0.0,0.0,0.0,0.0,0.0,0.0,-0.0,0.8014527199436507,0.0,-0.0,0.0,0.4004919382008057,50
0.3189682960510254,0.9364416003227234,0.10280510038137436,0.14571183919906616,2.455871981510427e-05,0.17280301451683044,1.0213066339492798,-0.24901318550109863,0.776083767414093,-0.016918996870517723,0.18499527871608734,-0.08662533015012741,0.3224237263202667,-0.34969383478164673,1.0,50.30605697631836,False,0.0,0.17782101035118103,-0.22700485587120056,0.7724708914756775,0.0,-0.0006699250638484955,-0.003478184267878548,-0.01,-0.014148109331727044,0.11108548985794187,False,False,-0.014007446356117725,-0.050908950828340384,49,False,False,5.399999999999627,-0.06699250638484955,-0.0,0.0,0.0,0.0,0.0,0.0,-0.0,0.8025214496504048,0.0,-0.0,0.0,0.4005907997613539,54
0.2206265926361084,0.7350370287895203,0.30628639459609985,0.193442240357399,3.0223707653931342e-05,0.16966693103313446,1.0311652421951294,-0.24681498110294342,0.7754416465759277,-0.016332401037216178,-0.8055112361907959,0.5552476644515991,-0.23780494928359985,0.390067458152771,1.0,50.30605697631836,False,0.0,0.17782101035118103,-0.22700485587120056,0.7724708914756775,0.0,-0.002914630472660065,-0.00330386944115163,-0.01,-0.016218499913811697,0.11339209508150816,False,False,0.0028757313266396523,-0.04878483832292272,50,False,False,5.499999999999616,-0.29146304726600647,-0.0,0.0,0.0,0.0,0.0,0.0,-0.0,0.8039531617212552,0.0,-0.0,0.0,0.39906195038796755,40
0.30823349952697754,0.945638120174408,0.4732097089290619,0.1656399965286255,0.00010528279381105676,0.16560061275959015,0.9832729697227478,-0.24095843732357025,0.7757951021194458,-0.010947139710187903,0.2633359730243683,-0.7392982244491577,-0.3390146493911743,-0.5685462355613708,-1.0,50.30605697631836,False,0.0,0.17782101035118103,-0.22700485587120056,0.7724708914756775,0.0,-0.0026352086663246157,-0.007583125531673451,-0.01,-0.020218334197998067,0.11399797396734357,False,False,-0.034616682678461075,-0.14822415117193022,51,False,False,5.599999999999605,-0.26352086663246155,-0.0,0.0,0.0,0.0,0.0,0.0,-0.0,0.7967544687590605,0.0,-0.0,0.0,0.39574202571320566,64
0.20444989204406738,0.4559919238090515,0.31153708696365356,0.14687372744083405,2.7040250643040054e-05,0.1641848236322403,1.3487015962600708,-0.251048743724823,0.7752518653869629,-0.012219876646995562,-0.44388070702552795,0.06193464249372482,0.15197767317295074,-0.14305070042610168,1.0,50.30605697631836,False,0.0,0.17782101035118103,-0.22700485587120056,0.7724708914756775,0.0,-0.0006110667437314988,0.008285885453224173,-0.01,-0.0023251812905073256,0.11136570200324059,False,False,0.01066400483250618,-0.03960003402363884,52,False,False,5.699999999999594,-0.06110667437314987,-0.0,0.0,0.0,0.0,0.0,0.0,-0.0,0.8215417309363772,0.0,-0.0,0.0,0.41015979872445707,22
0.2696692943572998,1.2017250061035156,0.5796680450439453,0.12105994671583176,4.643536885851063e-05,0.16556872427463531,1.197428584098816,-0.247585266828537,0.7753227353096008,-0.0019442856311798293,0.3948477506637573,0.0050666737370193005,-0.046513546258211136,-0.5951535701751709,-1.0,50.30792999267578,False,-0.01760125160217285,0.17789122462272644,-0.2270127683877945,0.7722948789596558,0.0,-0.0012807543575763703,0.003830209448933586,-0.01,-0.007450544908642784,0.1107867369428277,False,False,-0.03324977681040764,-0.055875882819062896,53,False,False,5.799999999999583,-0.12807543575763702,-0.0,0.0,0.0,0.0,0.0,0.0,-0.0,0.8375779241172194,0.0,-0.0,0.0,0.41750820770103336,61
0.15383362770080566,0.9529580473899841,0.26637715101242065,0.13237687945365906,6.791530176997185e-05,0.16252325475215912,1.194778561592102,-0.2445102035999298,0.774133563041687,-0.01286736115813258,-0.26771628856658936,0.25611189007759094,0.05487704649567604,0.3209127187728882,1.0,50.29447555541992,False,-0.025838613510131836,0.17868666350841522,-0.22675131261348724,0.7722125053405762,0.0,-0.0006081544607877731,-0.0016573719680309518,-0.01,-0.012265526428818726,0.11335536697879434,False,False,0.002999689429998398,-0.06873382056596475,54,False,False,5.899999999999572,-0.06081544607877731,-0.0,0.0,0.0,0.0,0.0,0.0,-0.0,0.8426900779786232,0.0,-0.0,0.0,0.4207368845285238,34
0.22899508476257324,1.303634524345398,0.4011978805065155,0.11551879346370697,0.000210141995921731,0.16646282374858856,1.0083754062652588,-0.24222269654273987,0.7741231918334961,-0.010273942351341244,-0.06990671157836914,-0.1036243662238121,0.42049333453178406,-0.8153977990150452,1.0,50.29121780395508,False,-0.08608102798461914,0.1786952018737793,-0.22671692073345184,0.7716100811958313,0.0,-0.002143282890319824,-0.005137126445770246,-0.01,-0.01728040933609007,0.11335742892697453,False,False,-0.034795768558979034,-0.07694716763389575,55,False,False,5.999999999999561,-0.21432828903198242,-0.0,0.0,0.0,0.0,0.0,0.0,-0.0,0.8408239972107027,0.0,-0.0,0.0,0.4182687157150315,64
0.35483837127685547,0.9845425486564636,0.29758912324905396,0.1671086847782135,4.606593574862927e-05,0.1656278520822525,1.0613481998443604,-0.2407391369342804,0.7747659087181091,-0.009046051651239399,0.0505906380712986,-0.4062224328517914,-1.0,-0.41162458062171936,1.0,50.39870071411133,False,-0.21094083786010742,0.17993266880512238,-0.22760793566703796,0.7703614830970764,0.0,-0.0033425271511077883,-0.00024302035570145097,-0.01,-0.01358554750680924,0.11113369185477495,False,False,-0.004891721066087484,-0.07004263633639346,56,False,False,6.09999999999955,-0.3342527151107788,-0.0,0.0,0.0,0.0,0.0,0.0,-0.0,0.8488262229736763,0.0,-0.0,0.0,0.42107058433573036,63
0.5050420761108398,1.120664119720459,0.3279263973236084,0.10192613303661346,0.011792114935815334,0.17222324013710022,0.7410144209861755,-0.22592119872570038,0.7790497541427612,0.010012653581798073,0.09901127964258194,0.0929829403758049,0.28831878304481506,-0.6883668899536133,1.0,50.55658721923828,False,-0.32722949981689453,0.1815839409828186,-0.22893977165222168,0.7691985964775085,0.0,-0.0014385643601417541,-0.0011299007385969229,-0.01,-0.012568465098738678,0.11960634915158153,False,False,-0.005878085270524025,-0.08002074021331859,57,False,False,6.199999999999539,-0.14385643601417542,-0.0,0.0,0.0,0.0,0.0,0.0,-0.0,0.8551175897757145,0.0,-0.0,0.0,0.42612023052771547,47
0.6432175636291504,0.6671721339225769,0.21247069537639618,0.14152568578720093,0.021363263949751854,0.1690899133682251,1.1567448377609253,-0.24211934208869934,0.7787021398544312,-0.030912203676998602,-0.3199896216392517,-0.006753275636583567,0.9412176012992859,-0.5270424485206604,1.0,50.69938278198242,False,-0.20725727081298828,0.18344826996326447,-0.23007917404174805,0.7703983187675476,0.0,-0.0031652581691741944,-0.002599227502942114,-0.01,-0.01576448567211631,0.11648766929283738,False,False,-0.025226423516869545,-0.09107126869891202,58,False,False,6.299999999999528,-0.31652581691741943,-0.0,0.0,0.0,0.0,0.0,0.0,-0.0,0.8585040899207352,0.0,-0.0,0.0,0.42608678679119344,60
0.6408631801605225,0.8788366913795471,0.3206993341445923,0.12255528569221497,0.03284372016787529,0.17108221352100372,1.0103334188461304,-0.2401680052280426,0.7788011431694031,-0.011411418393254307,0.03254387900233269,-0.24057675898075104,-0.371257483959198,-0.5061541199684143,1.0,50.83003234863281,False,-0.15586614608764648,0.18455365300178528,-0.2312183529138565,0.770912230014801,0.0,-0.001132400929927826,-0.0033684463053941793,-0.01,-0.014500847235322006,0.11908904789015651,False,False,-0.020022395998239517,-0.09107043986194294,59,False,False,6.399999999999517,-0.11324009299278259,-0.0,0.0,0.0,0.0,0.0,0.0,-0.0,0.8603710511242826,0.0,-0.0,0.0,0.42905312463221346,64
0.3318667411804199,0.8362864255905151,0.6389766931533813,0.17257949709892273,0.0013293238589540124,0.16378402709960938,1.2208328247070312,-0.24211008846759796,0.7764804363250732,-0.03675580464303491,-0.10419829189777374,-0.3049810826778412,-1.0,-0.42355722188949585,1.0,51.03956985473633,False,0.11664628982543945,0.1881769895553589,-0.23272114992141724,0.7736373543739319,0.0,-0.0032081785798072815,0.0019378100335598059,-0.01,-0.011270368546247475,0.11658060504123569,False,False,0.004552287049591541,-0.09599911663457027,60,False,False,6.499999999999506,-0.32081785798072815,-0.0,0.0,0.0,0.0,0.0,0.0,-0.0,0.8729762763022503,0.0,-0.0,0.0,0.4332799595713179,60
0.5682885646820068,1.4332090616226196,0.8369922637939453,0.15397332608699799,0.07245441526174545,0.17546391487121582,1.0207479000091553,-0.240060955286026,0.7843177914619446,0.041195455882698274,0.6025283336639404,-0.41026172041893005,0.3093316853046417,-0.570873498916626,1.0,52.30271911621094,False,0.8717060089111328,0.19955198466777802,-0.24346548318862915,0.7811879515647888,0.0,-0.0023823443055152895,0.011303313411772264,-0.01,-0.0010790308937430257,0.11811696318909526,False,False,-0.022286398336291313,-0.08404147011950268,61,False,False,6.599999999999495,-0.23823443055152893,-0.0,0.0,0.0,0.0,0.0,0.0,-0.0,0.904629353431507,0.0,-0.0,0.0,0.44993233241023817,62
,,,,0.020729508250951767,0.1773015856742859,0.39499253034591675,-0.24504879117012024,0.7824582457542419,-0.034797454811632635,0.20786118507385254,-0.0797540545463562,-0.2765510082244873,0.41987669467926025,-0.9999867081642151,52.19920349121094,True,0.08283853530883789,0.17599277198314667,-0.24643078446388245,0.7732992768287659,0.0,-0.000755859762430191,0.4137943928854033,-0.01,0.4030385331229731,0.12295534275472164,False,True,,-1000000000.0,62,False,False,6.699999999999484,-0.0755859762430191,-0.0,0.0,0.0,1.0,0.582482319528016,0.0,-0.0,0.0,0.0,-0.0,0.08361667142298745,0.8741019714245652,0
0.7460117340087891,0.6364101767539978,0.2610534429550171,0.17334985733032227,0.8423303365707397,0.18398746848106384,1.1436129808425903,-0.22946572303771973,0.7858108282089233,0.5536110199428579,-0.32876110076904297,-0.14151056110858917,-0.4181119501590729,0.3215678930282593,-1.0,52.30880355834961,True,0.5547225475311279,0.17560188472270966,-0.24759581685066223,0.7780181169509888,0.0,-0.0010158315300941468,0.04912702862750862,-0.01,0.03811119709741447,0.12350489106029272,False,False,-0.004441138822585344,0.45543408696882026,63,False,False,6.799999999999473,-0.10158315300941467,-0.0,0.0,0.0,1.0,0.7004535519526012,0.0,-0.0,0.0,0.0,-0.0,0.0830913776422939,0.9323023220885004,59
0.3785133361816406,0.9713957905769348,0.16455352306365967,0.1692640483379364,0.021428849548101425,0.1706082671880722,0.3258938789367676,-0.24206089973449707,0.7826716303825378,-1.5707454187779946,0.22235046327114105,0.15983574092388153,-0.10780457407236099,0.2403772473335266,-1.0,52.3571662902832,True,0.9882986545562744,0.17378121614456177,-0.24834701418876648,0.7823538780212402,0.0,-0.0003609756007790566,0.04409338333151469,-0.01,0.03373240773073563,0.1278610723093152,False,False,-0.017523998394608498,-0.11980407267874638,64,False,False,6.899999999999462,-0.036097560077905655,-0.0,0.0,0.0,1.0,0.8088468723834674,0.0,-0.0,0.0,0.0,-0.0,0.08286058168389532,0.98692304227485,64
0.49222707748413086,0.4623244106769562,0.11103948205709457,0.1429377645254135,0.03194528818130493,0.1690097153186798,0.7873008847236633,-0.23464646935462952,0.7773181200027466,-0.020411314815282838,-0.27765268087387085,0.3531375229358673,-0.3917895555496216,0.3121095299720764,-1.0,52.018123626708984,True,1.400524377822876,0.17309758067131042,-0.24501961469650269,0.7864761352539062,0.0,-0.0011317713558673859,0.042754705129058435,-0.01,0.031622933773191045,0.1216883254237473,False,False,-0.013908375054597855,0.43375303942130505,65,False,False,6.999999999999451,-0.11317713558673859,-0.0,0.0,0.0,1.0,0.9119041148783563,0.0,-0.0,0.0,0.0,-0.0,0.08449152980994812,1.039311815893259,64
1.5700697898864746,1.0994707345962524,0.07512669265270233,0.2675347924232483,0.007642336189746857,0.1664704829454422,0.7524246573448181,-0.24502032995224,0.777018129825592,-0.02867582656443121,0.5006222724914551,-0.23505468666553497,-0.25269755721092224,0.2856394350528717,-1.0,51.82036209106445,True,1.8111765384674072,0.17343267798423767,-0.24297431111335754,0.7905826568603516,0.0,-0.0011282982677221299,0.03415917262756185,-0.01,0.02303087435983972,0.1102664670906961,False,False,-0.03307075798511505,-0.14663246898768878,66,False,False,7.09999999999944,-0.11282982677221298,-0.0,0.0,0.0,1.0,1.0,0.0,-0.0,0.0,0.0,-0.0,0.08545692557891016,1.084328627311188,64
1.745748519897461,0.9770025610923767,0.13168305158615112,0.192999005317688,0.0966450572013855,0.16474130749702454,0.7756546139717102,-0.24467335641384125,0.783898115158081,-0.0187258005142212,-0.07050234079360962,-0.018713295459747314,0.017296791076660156,0.4170893430709839,-0.9999999403953552,51.99009704589844,True,2.3118793964385986,0.17596694827079773,-0.24432092905044556,0.7955896854400635,0.0,-0.0004489586874842644,-0.011675528830416892,-0.01,-0.022124487517901158,0.11223628092557192,False,False,-0.024992579594254494,0.45419201416572547,67,False,False,7.199999999999429,-0.04489586874842644,-0.0,0.0,0.0,1.0,1.0,0.0,-0.0,0.0,0.0,-0.0,0.08462769540045889,1.0841787367129745,56
1.1235475540161133,0.8030344843864441,0.14456263184547424,0.18195727467536926,0.0013490192359313369,0.15987974405288696,1.5977606773376465,-0.2508109509944916,0.7740485668182373,-0.050416919663548505,-0.3193310797214508,-0.05341160297393799,0.22626514732837677,0.4283621609210968,-1.0,51.983280181884766,True,2.9159843921661377,0.17396342754364014,-0.24454398453235626,0.8016307353973389,0.0,-0.0008487880229949952,-0.010813443908676224,-0.01,-0.021662231931671216,0.11596160102635622,False,False,-0.01980494149029255,0.4592219472596275,68,False,False,7.299999999999418,-0.08487880229949951,-0.0,0.0,0.0,1.0,1.0,0.0,-0.0,0.0,0.0,-0.0,0.08466086434667852,1.0838120763236836,64
3.039705753326416,1.622193455696106,0.19299089908599854,0.13057681918144226,0.061972253024578094,0.16537748277187347,1.4265447854995728,-0.23388391733169556,0.7807347178459167,0.002682967670261856,0.0043758065439760685,-0.12750166654586792,-0.15514273941516876,-0.02268587052822113,-1.0,52.06470489501953,True,3.3086955547332764,0.17152372002601624,-0.24571089446544647,0.8055578470230103,0.0,-0.0001021493598818779,-0.011237878430429449,-0.01,-0.021340027790311328,0.1187372780404985,False,False,-0.02925390936434269,0.4892648792905636,69,False,False,7.399999999999407,-0.01021493598818779,-0.0,0.0,0.0,1.0,1.0,0.0,-0.0,0.0,0.0,-0.0,0.08426561912828379,1.084163469768402,64
2.374708652496338,1.449416995048523,0.08063216507434845,0.2055204212665558,0.20308732986450195,0.16600792109966278,0.9291216731071472,-0.2399386614561081,0.7921273708343506,0.008555131554603574,0.2049311101436615,-0.03513382002711296,-0.10172008723020554,0.3951815068721771,-1.0,52.16980743408203,True,3.520447015762329,0.17149657011032104,-0.24677567183971405,0.8076753616333008,0.0,-0.0005243663489818573,-0.01134510865171423,-0.01,-0.02186947500069609,0.11786307534202933,False,False,-0.014579107984900475,0.4766772000935686,70,False,False,7.499999999999396,-0.05243663489818573,-0.0,0.0,0.0,1.0,1.0,0.0,-0.0,0.0,0.0,-0.0,0.08375810015154761,1.0832337338025657,64
1.530909538269043,0.9884809255599976,0.10738670825958252,0.20234258472919464,0.09539371728897095,0.167762890458107,1.5225212574005127,-0.236399844288826,0.7836073637008667,-0.04888156764209271,0.013311982154846191,-0.02303910255432129,-0.050922513008117676,0.47446537017822266,-1.0,52.21308898925781,True,4.108733177185059,0.17286604642868042,-0.24702146649360657,0.8135582208633423,0.0,-0.0005710462480783462,-0.011043669254855004,-0.01,-0.02161471550293335,0.11727812374010682,False,False,-0.01650148443877697,0.45491843952717004,71,False,False,7.599999999999385,-0.057104624807834625,-0.0,0.0,0.0,1.0,1.0,0.0,-0.0,0.0,0.0,-0.0,0.08354993982425318,1.0829788935761748,60
3.346818685531616,1.6949102878570557,0.1777643859386444,0.17305263876914978,0.7514914274215698,0.1649218648672104,1.1253749132156372,-0.22917988896369934,0.8086637258529663,0.6377565445441196,-0.21792057156562805,0.09144674986600876,0.031103620305657387,-0.09305231273174286,-1.0,52.17624282836914,True,4.521828651428223,0.17207756638526917,-0.24675998091697693,0.8176891803741455,0.0,-0.0001636951230466366,-0.010660091375746195,-0.01,-0.02082378649879283,0.11615646816790104,False,False,-0.03337904438376427,0.48253651441847567,72,False,False,7.699999999999374,-0.016369512304663658,-0.0,0.0,0.0,1.0,1.0,0.0,-0.0,0.0,0.0,-0.0,0.08372709877053541,1.0835634036474888,64
0.5516290664672852,0.9247030019760132,0.28799968957901,0.14663302898406982,0.37882697582244873,0.16729669272899628,1.191297173500061,-0.23633961379528046,0.7949705123901367,-1.6582135685344577,-0.1361679583787918,-0.12436090409755707,-0.04931746795773506,0.37514907121658325,-1.0,52.082950592041016,True,4.66485595703125,0.16898572444915771,-0.2462405562400818,0.8191194534301758,0.0,-0.000442940928041935,-0.010391569816398993,-0.01,-0.020834510744440926,0.11663322104141116,False,False,-0.020913561806082726,-0.17147995996158544,73,False,False,7.799999999999363,-0.0442940928041935,-0.0,0.0,0.0,1.0,1.0,0.0,-0.0,0.0,0.0,-0.0,0.08417732552217361,1.0837343845941316,64
1.850360631942749,1.0383814573287964,0.19383975863456726,0.17988505959510803,0.06792119145393372,0.17014901340007782,1.5322600603103638,-0.23994389176368713,0.7897298336029053,-0.040568903237581284,-0.10139501094818115,-0.08694960176944733,-0.7347022294998169,0.43452057242393494,-1.0,52.19599533081055,True,5.207717418670654,0.16673211753368378,-0.2476765662431717,0.824548065662384,0.0,-0.0018660916388034822,-0.011381549907504507,-0.01,-0.02324764154630799,0.11760455183684826,False,False,0.6171941161155701,0.4686734001007124,74,False,False,7.899999999999352,-0.1866091638803482,-0.0,0.0,0.0,1.0,1.0,0.0,-0.0,0.0,0.0,-0.0,0.08363208008500933,1.0817659884462059,64
3.0592799186706543,1.2680237293243408,0.11440018564462662,0.1607568860054016,0.08576826006174088,0.16632671654224396,1.7554833889007568,-0.23217836022377014,0.7891371846199036,-0.026852401643991504,0.12640126049518585,0.4244023859500885,0.525095522403717,-0.28559795022010803,-1.0,52.07865905761719,True,5.487948417663574,0.16642309725284576,-0.24653328955173492,0.827350378036499,0.0,-0.0013834653794765474,-0.010275986506486312,-0.01,-0.021659451885962862,0.11576077481731772,False,False,-0.009131846949458122,0.48675596505704977,75,False,False,7.999999999999341,-0.13834653794765472,-0.0,0.0,0.0,1.0,1.0,0.0,-0.0,0.0,0.0,-0.0,0.08419807523701583,1.0828146098575393,64
4.103594779968262,1.8720457553863525,0.24114449322223663,0.17092809081077576,0.014967312105000019,0.16485825181007385,1.7804497480392456,-0.23725728690624237,0.785254716873169,-0.025475352928042413,0.2412809282541275,-0.5045521259307861,0.12425054609775543,0.6664224863052368,-1.0,51.89710998535156,True,5.59086799621582,0.16789327561855316,-0.24451090395450592,0.8283795714378357,0.0,-0.0019308660924434661,-0.009967858272187158,-0.01,-0.021898724364630626,0.11449091462418437,False,False,-0.035095132887363434,0.49661808352536707,76,False,False,8.099999999999374,-0.19308660924434662,-0.0,0.0,0.0,1.0,1.0,0.0,-0.0,0.0,0.0,-0.0,0.0850810345792622,1.0831501684868188,35
0.26059746742248535,0.8559525012969971,0.5895450711250305,0.22850850224494934,0.0026470921002328396,0.16311238706111908,1.532978892326355,-0.22587575018405914,0.7759400010108948,-0.0659694468975067,0.03346961736679077,-0.049468036741018295,0.08609237521886826,0.7361714243888855,1.0,52.50984573364258,False,1.6758382320404053,0.17147734761238098,-0.25021088123321533,0.7892292737960815,0.0,-1.0013823188841342,-0.6974531105727222,-0.01,-1.7088354294568564,0.11535091092810035,False,False,-0.0038197028916329145,0.5134931597982377,77,False,False,8.199999999999408,-0.13823188841342926,-0.0,-1.0,0.0,0.0,0.0,0.0,-0.0,0.7830867622755271,0.0,-0.0,0.0,-0.6098389377463708,64
0.26594996452331543,1.3658390045166016,0.32452940940856934,0.24844807386398315,0.001236265990883112,0.17320752143859863,0.7613455653190613,-0.23133327066898346,0.7739599347114563,-0.02573323182761668,0.03195460885763168,0.1444898098707199,0.5149202346801758,-0.4340670108795166,1.0,52.623802185058594,False,-0.008887052536010742,0.17191308736801147,-0.25130128860473633,0.7723820209503174,0.0,-0.0011886385828256607,-0.05398400053381919,-0.01,-0.06517263911664485,0.11351802898570895,False,False,-0.017779212445020676,-0.032173147908240864,78,False,False,8.299999999999441,-0.11886385828256607,-0.0,0.0,0.0,0.0,0.0,0.0,-0.0,0.6819383246217394,0.0,-0.0,0.0,0.33978052372804407,53
0.032132863998413086,0.6897151470184326,0.4332815706729889,0.20907263457775116,6.083444895921275e-05,0.17337533831596375,0.27554285526275635,-0.2461473047733307,0.7708232402801514,-0.006531236767768864,0.37768322229385376,0.08921457827091217,0.4364177882671356,-0.561181366443634,1.0,52.623504638671875,False,-3.5762786865234375e-05,0.1719079166650772,-0.2512988746166229,0.7724705338478088,0.0,-0.0016399721801280975,0.008920082449913047,-0.01,-0.0027198897302150504,0.1129827038384974,False,False,-0.02471534162759781,-0.01628495224016251,79,False,False,8.399999999999475,-0.16399721801280975,-0.0,0.0,0.0,0.0,0.0,0.0,-0.0,0.7068465732776317,0.0,-0.0,0.0,0.3517833144586877,56
0.17265081405639648,0.4018048346042633,0.30413269996643066,0.16747719049453735,3.929046943085268e-05,0.1676650047302246,0.9351844787597656,-0.2283102422952652,0.7716468572616577,-0.0031333997845649922,-1.0,-0.490248441696167,0.11553042382001877,-0.5588788986206055,1.0,52.623497009277344,False,0.0,0.17190790176391602,-0.25129884481430054,0.7724708914756775,0.0,-0.003915091156959534,0.013876032084226608,-0.01,-3.9059072732926595e-05,0.11525303917005658,False,False,0.01529653463512659,0.013613304777808448,80,False,False,8.499999999999508,-0.39150911569595337,-0.0,0.0,0.0,0.0,0.0,0.0,-0.0,0.7420189407732346,0.0,-0.0,0.0,0.36709437922965776,64
,,,,5.570157736656256e-05,0.17129507660865784,1.0354537963867188,-0.2232285439968109,0.7700904011726379,-0.00819179117679598,0.050274014472961426,0.07168924808502197,0.20514678955078125,-0.9700856804847717,1.0,52.623497009277344,False,0.0,0.17190790176391602,-0.25129884481430054,0.7724708914756775,0.0,-0.0024770456552505493,0.017404317557811744,-0.01,0.004927271902561195,0.11404626676812768,False,True,,-1000000000.0,81,False,False,8.599999999999541,-0.24770456552505493,-0.0,0.0,0.0,0.0,0.0,0.0,-0.0,0.7846745307390386,0.0,-0.0,0.0,0.38986021971426876,0
,,,,9.300233068643138e-05,0.17143522202968597,0.8860121369361877,-0.22733961045742035,0.7703224420547485,0.016792817413806907,0.5354568958282471,0.1675478219985962,0.19049620628356934,-0.937798798084259,1.0,52.623497009277344,False,0.0,0.17190790176391602,-0.25129884481430054,0.7724708914756775,0.0,-0.0030763545632362366,0.0264509280771017,-0.01,0.013374573513865463,0.11379781737923622,False,True,,-1000000000.0,82,False,False,8.699999999999575,-0.30763545632362366,-0.0,0.0,0.0,0.0,0.0,0.0,-0.0,0.846036491962835,0.0,-0.0,0.0,0.4199418914181813,0
0.17749667167663574,0.889056921005249,0.37414878606796265,0.16687920689582825,0.00025640777312219143,0.17130498588085175,0.9661649465560913,-0.2236262410879135,0.7714002132415771,0.004698326513171166,0.33625149726867676,-0.20299549400806427,-0.21190796792507172,-0.6156116127967834,-1.0,52.605308532714844,False,-0.007051229476928711,0.1717837005853653,-0.2511323094367981,0.7724003791809082,0.0,-0.0014453873038291932,0.023055260255932797,-0.01,0.011609872952103603,0.11393203493207693,False,False,0.0067351264879107475,-0.08455771761857994,83,False,False,8.799999999999608,-0.1445387303829193,-0.0,0.0,0.0,0.0,0.0,0.0,-0.0,0.9011586686874169,0.0,-0.0,0.0,0.44913394703987924,55
0.141984224319458,1.0817344188690186,0.4865785539150238,0.20984789729118347,0.01301082968711853,0.16878697276115417,1.1843268871307373,-0.22462382912635803,0.7779955863952637,0.006288458965718733,0.30263903737068176,0.9623323678970337,-0.06442482024431229,-0.7636645436286926,-1.0,52.59483337402344,False,0.005042552947998047,0.17254526913166046,-0.2509210705757141,0.7725213170051575,0.0,-0.004012520015239716,0.01229430861771108,-0.01,-0.0017182113975286357,0.11248571705073118,False,False,-0.0006312986370176077,-0.08611959676984199,84,False,False,8.899999999999642,-0.40125200152397156,-0.0,0.0,0.0,1.0,0.5630328889721592,0.0,-0.0,0.0,0.0,-0.0,0.08173535988169456,0.8592392843525345,6
0.30878186225891113,0.8523280620574951,0.6110960841178894,0.15978704392910004,0.04878662899136543,0.17312315106391907,0.9687259793281555,-0.22083306312561035,0.7733269333839417,0.004693420566618417,-1.0,0.772144615650177,0.1635371744632721,0.20353080332279205,-1.0,52.002525329589844,True,0.19376277923583984,0.16964973509311676,-0.24533984065055847,0.7744085192680359,0.0,-0.004160941243171692,0.4132278864857758,-0.01,0.3990669452426041,0.11329323798418045,False,False,-0.014629358425736427,-0.10051676237508023,85,False,False,8.999999999999675,-0.4160941243171692,-0.0,0.0,0.0,1.0,0.6102126608682118,0.0,-0.0,0.0,0.0,-0.0,0.0845672828005567,0.885512671991491,39
0.6324946880340576,0.9118020534515381,0.3072594404220581,0.215415358543396,0.011155474931001663,0.16924433410167694,0.7320502996444702,-0.22705645859241486,0.7738329172134399,-0.017710361350327736,0.3565504252910614,-0.1919422745704651,-0.20823977887630463,0.5729246735572815,-1.0,51.52973937988281,True,0.8974790573120117,0.16855576634407043,-0.24071663618087769,0.7814456820487976,0.0,-0.0013389413058757782,0.0804924294461149,-0.01,0.06915348814023912,0.11335001094266772,False,False,-0.027568163350224495,-0.20540164223137786,86,False,False,9.099999999999708,-0.13389413058757782,-0.0,0.0,0.0,1.0,0.7861414505062392,0.0,-0.0,0.0,0.0,-0.0,0.08689484567982375,0.9786266296270676,64
0.885230302810669,0.8567715883255005,0.24015407264232635,0.21426603198051453,0.0024857812095433474,0.1739363670349121,1.3795793056488037,-0.22341783344745636,0.7717546820640564,-0.04140899196267126,-0.11145234107971191,-0.1924290657043457,-0.6021848320960999,0.5203119516372681,-1.0,51.731204986572266,True,1.7088055610656738,0.16955071687698364,-0.24261529743671417,0.7895589470863342,0.0,-0.0017070043087005615,0.08961278158288366,-0.01,0.0779057772741831,0.11783824022859335,False,False,-0.030782008543610573,0.444379082113122,87,False,False,9.199999999999742,-0.17070043087005615,-0.0,0.0,0.0,1.0,0.9889737787319025,0.0,-0.0,0.0,0.0,-0.0,0.08589561889767927,1.0786755039549298,56
1.8031179904937744,1.4925732612609863,0.3763829469680786,0.24806274473667145,0.04034147039055824,0.1710253357887268,1.3608291149139404,-0.22251756489276886,0.7805213928222656,-0.0068790746480226345,-0.8244165778160095,-0.40423697233200073,0.2412811517715454,-0.6315132975578308,-1.0,51.99214172363281,True,1.92108154296875,0.16472060978412628,-0.24587740004062653,0.791681706905365,0.0,-0.0032502397894859313,-0.006610891281205511,-0.01,-0.019861131070691443,0.11285913502797484,False,False,-0.03528060019016266,0.45284798085007183,88,False,False,9.299999999999775,-0.32502397894859314,-0.0,0.0,0.0,1.0,1.0,0.0,-0.0,0.0,0.0,-0.0,0.08461775986605724,1.0813675200765713,64
0.2676963806152344,1.3566210269927979,0.8677740693092346,0.19901485741138458,0.002618251135572791,0.16670885682106018,1.9406208992004395,-0.21698790788650513,0.7706853151321411,-0.03734885882586239,-0.22600913047790527,0.2876434326171875,-0.06621348857879639,-0.0756230354309082,-0.9999639391899109,52.10133743286133,True,1.4026224613189697,0.15537630021572113,-0.24806217849254608,0.7864971160888672,0.0,-0.0003598048165440559,-0.05471842098871771,-0.01,-0.06507822580526176,0.11552946968004107,False,False,-0.024674564599990845,0.4626716378644057,89,False,False,9.399999999999809,-0.035980481654405594,-0.0,0.0,0.0,1.0,0.9124284774430086,0.0,-0.0,0.0,0.0,-0.0,0.0840883896898873,1.0399428235948474,64
1.2978315353393555,1.7692238092422485,0.3964563310146332,0.2702938914299011,0.003925710916519165,0.17102235555648804,2.022946357727051,-0.21747423708438873,0.7712801098823547,-0.01572415068745613,-0.4538072347640991,0.30620506405830383,-0.00892331637442112,-0.20632125437259674,-1.0,51.65888214111328,True,1.2347757816314697,0.15051160752773285,-0.24411334097385406,0.7848186492919922,0.0,-0.0008558766543865204,-0.02903103247194916,-0.01,-0.039886909126335676,0.11161213414743543,False,False,-0.018265312537550926,-0.10239286416775915,90,False,False,9.499999999999842,-0.08558766543865204,-0.0,0.0,0.0,1.0,0.8704663279629404,0.0,-0.0,0.0,0.0,-0.0,0.08625308230980389,1.0206303696368875,56
1.2320160865783691,1.7777607440948486,0.5045965313911438,0.19585511088371277,0.0001715682737994939,0.1736132949590683,2.126443862915039,-0.21511909365653992,0.7713241577148438,-0.02300183869898319,1.0,-0.05406901240348816,-0.429715633392334,0.6251643300056458,-1.0,51.40650939941406,True,1.3380646705627441,0.15077921748161316,-0.24155095219612122,0.7858515381813049,0.0,-0.003946023583412171,0.0038129811119997914,-0.01,-0.01013304247141238,0.1133314180187881,False,False,-0.03200381249189377,-0.13931681082337685,91,False,False,9.599999999999875,-0.39460235834121704,-0.0,0.0,0.0,1.0,0.8962885020235373,0.0,-0.0,0.0,0.0,-0.0,0.08751149054558183,1.0317097179739383,64
,,,,0.0010810245294123888,0.16803455352783203,1.6639635562896729,-0.22050409018993378,0.77149897813797,-0.009149532094597842,0.2625875473022461,0.34944939613342285,-0.32192331552505493,0.3224233388900757,-0.16486716270446777,51.3056526184082,True,2.068328857421875,0.15892790257930756,-0.23966114223003387,0.7931541800498962,0.0,-0.000996646359562874,0.04148337752477427,-0.01,0.03048673116521139,0.11534227710217237,False,True,,-1000000000.0,92,False,False,9.699999999999909,-0.09966463595628738,-0.0,0.0,0.0,1.0,1.0,0.0,-0.0,0.0,0.0,-0.0,0.08801928985823282,1.0870226434986698,0
2.543926239013672,1.6131514310836792,0.3129412531852722,0.2597089111804962,0.0018165498040616512,0.16804394125938416,2.2951602935791016,-0.20855751633644104,0.7698473930358887,-0.04687881454825404,-1.0,0.4525289535522461,-0.9523581862449646,1.0,-1.0,50.71027755737305,True,2.774512767791748,0.15510053932666779,-0.23410029709339142,0.800216019153595,0.0,-0.00777942180633545,-0.007855422465241624,-0.01,-0.025634844271577077,0.11217431584373116,False,False,-0.036055389791727066,-0.2546000057803648,93,False,False,9.799999999999942,-0.7779421806335449,-0.0,0.0,0.0,1.0,1.0,0.0,-0.0,0.0,0.0,-0.0,0.09107463870712296,1.0832952169007877,1
2.7683019638061523,2.217304229736328,0.48025599122047424,0.26029863953590393,0.002522688591852784,0.1688210368156433,2.0597145557403564,-0.21289005875587463,0.7745556831359863,-0.006568554565310462,0.07165463268756866,0.27475520968437195,-0.39972323179244995,-0.7928721308708191,-1.0,50.13437271118164,True,2.6902616024017334,0.1479981541633606,-0.22904078662395477,0.7993735074996948,0.0,-0.002172624170780182,-0.00788992797514343,-0.01,-0.02006255214592361,0.11268178001046181,False,False,-0.023757029324769974,-0.19065488925463966,94,False,False,9.899999999999975,-0.2172624170780182,-0.0,0.0,0.0,1.0,1.0,0.0,-0.0,0.0,0.0,-0.0,0.09412594110442507,1.0919533169336448,64
0.29741525650024414,1.1502366065979004,0.32637864351272583,0.21957901120185852,0.00019403362239245325,0.1740708202123642,1.6850924491882324,-0.2043805569410324,0.7705265879631042,-0.016708024516701697,0.6135584115982056,-0.16097615659236908,-0.008981716819107533,-0.009177184663712978,1.0,49.90494155883789,False,-0.08285641670227051,0.14707718789577484,-0.22682395577430725,0.7716423273086548,0.0,-1.0010063304007053,-0.6725399802906158,-0.01,-1.683546310691321,0.11354044685140252,False,False,-0.015495737083256245,-0.10113872119637234,95,False,False,10.000000000000009,-0.10063304007053375,-0.0,-1.0,0.0,0.0,0.0,0.0,-0.0,0.8516885996108985,0.0,-0.0,0.0,-0.5751620305952561,63
,,,,0.0005667479708790779,0.17285671830177307,1.3802335262298584,-0.21143187582492828,0.7727265954017639,0.0006442007049917865,0.5887495279312134,0.0557171106338501,0.5114188194274902,0.10904037952423096,1.0,49.902183532714844,False,-0.00032782554626464844,0.147073432803154,-0.22679661214351654,0.7724676132202148,0.0,-0.0015579235553741454,-0.010271479189395916,-0.01,-0.021829402744770063,0.11478517204523087,False,True,,-1000000000.0,96,False,False,10.100000000000042,-0.15579235553741455,-0.0,0.0,0.0,0.0,0.0,0.0,-0.0,0.839541351259741,0.0,-0.0,0.0,0.4182127520744964,0
,,,,0.0005968015757389367,0.1687392294406891,1.1969382762908936,-0.21574586629867554,0.7692791819572449,-0.031028146296739584,0.437597393989563,0.08848130702972412,0.6670821905136108,0.5192651748657227,0.9999995231628418,49.90217208862305,False,0.0,0.1470734179019928,-0.226796492934227,0.7724708914756775,0.0,-0.0022848886251449585,-0.02104095831513403,-0.01,-0.033325846940278986,0.11510657891631126,False,True,,-1000000000.0,97,False,False,10.200000000000076,-0.22848886251449585,-0.0,0.0,0.0,0.0,0.0,0.0,-0.0,0.8055144645886743,0.0,-0.0,0.0,0.40047234366919215,0
0.2576887607574463,1.1059309244155884,0.6052011847496033,0.3758994936943054,0.009931400418281555,0.16549304127693176,1.1080373525619507,-0.2164735347032547,0.7769694328308105,-0.011569800525903706,0.10420501232147217,-0.06264173984527588,0.2015148401260376,-0.09135013818740845,0.99662184715271,49.90217208862305,False,0.0,0.1470734179019928,-0.226796492934227,0.7724708914756775,0.0,-0.00015933938324451448,-0.018494245782494534,-0.01,-0.02865358516573905,0.1152627388946712,False,False,0.004571234341710806,0.5025854850802152,98,False,False,10.300000000000109,-0.015933938324451447,-0.0,0.0,0.0,0.0,0.0,0.0,-0.0,0.7762888947697775,0.0,-0.0,0.0,0.3879851080016442,44
0.6582677364349365,1.0269557237625122,0.2574737071990967,0.25433114171028137,0.0004894573357887566,0.16625459492206573,1.1269266605377197,-0.2149318903684616,0.7697088718414307,-0.030284226760268235,0.2743115723133087,-0.3434291481971741,-0.24580718576908112,-0.07139327377080917,1.0,49.90217208862305,False,0.0,0.1470734179019928,-0.226796492934227,0.7724708914756775,0.0,-0.000646771490573883,-0.004948578029870976,-0.01,-0.015595349520444859,0.1156397769227624,False,False,-0.013880965299904346,-0.07896005040457502,99,False,False,10.400000000000142,-0.0646771490573883,-0.0,0.0,0.0,0.0,0.0,0.0,-0.0,0.7741331223733188,0.0,-0.0,0.0,0.3864197896960855,64
0.20881891250610352,1.0856316089630127,0.4330883324146271,0.2946113049983978,0.13016435503959656,0.17315098643302917,1.7763147354125977,-0.21755604445934296,0.7893481850624084,0.032309513427317145,-0.2449791431427002,-0.5774401426315308,0.2127642184495926,1.4343693692353554e-05,-1.0,49.948631286621094,False,-0.031876564025878906,0.14679133892059326,-0.22728978097438812,0.7721521258354187,0.0,-0.0010968013107776641,-0.007020485252141939,-0.01,-0.018117286562919603,0.11459084926173091,False,False,-0.0011665032943710685,0.507037223746222,100,False,False,10.500000000000176,-0.10968013107776642,-0.0,0.0,0.0,0.0,0.0,0.0,-0.0,0.7677696906064835,0.0,-0.0,0.0,0.3827880439924641,47
2.6218414306640625,2.0859410762786865,0.5594322681427002,0.28041499853134155,0.00650846166536212,0.16456371545791626,1.262420415878296,-0.20979554951190948,0.7701386213302612,-0.0666071750968695,-0.32760611176490784,0.02293344773352146,-0.0063676899299025536,-0.38506001234054565,-1.0,49.97886276245117,False,-0.03781318664550781,0.14647294580936432,-0.22762325406074524,0.7720927596092224,0.0,-0.0006404086947441101,0.0023886825144290857,-0.01,-0.008251726180315024,0.12178435921669006,False,False,0.0012025113683193922,0.46451374047859906,101,False,False,10.60000000000021,-0.06404086947441101,-0.0,0.0,0.0,0.0,0.0,0.0,-0.0,0.780350712245816,0.0,-0.0,0.0,0.38953494742816386,64
0.22483468055725098,1.2172411680221558,0.2998168468475342,0.20739156007766724,0.00757388211786747,0.1663626879453659,1.4056657552719116,-0.2086084634065628,0.7748177647590637,-0.00259306475520134,0.017451472580432892,-0.12876607477664948,-0.47219744324684143,-0.1799183338880539,1.0,49.964839935302734,False,-0.08279681205749512,0.14626125991344452,-0.22750216722488403,0.7716429233551025,0.0,-0.0006805656850337982,-0.003189040049910552,-0.01,-0.01386960573494435,0.11318327859044075,False,False,-0.02205612137913704,-0.07753523994030921,102,False,False,10.700000000000243,-0.06805656850337982,-0.0,0.0,0.0,0.0,0.0,0.0,-0.0,0.7817906274371872,0.0,-0.0,0.0,0.3902147480335598,17
0.6807386875152588,1.4918595552444458,0.04548976570367813,0.34706002473831177,0.14409422874450684,0.16562458872795105,1.1105607748031616,-0.21850331127643585,0.7763511538505554,-0.0065375952422619,0.11483804881572723,0.09487553685903549,0.4412221610546112,-0.27101415395736694,-1.0,49.955265045166016,False,-0.12236833572387695,0.14630988240242004,-0.2274014800786972,0.7712472081184387,0.0,-0.0007257869839668274,-0.005548218637704827,-0.01,-0.016274005621671653,0.11213906295597553,False,False,-0.008031375706195831,-0.08011363402372632,103,False,False,10.800000000000276,-0.07257869839668274,-0.0,0.0,0.0,0.0,0.0,0.0,-0.0,0.7784789240257427,0.0,-0.0,0.0,0.38851367502890455,2
1.2893199920654297,1.3506219387054443,0.10384222120046616,0.25876399874687195,0.57992023229599,0.16242922842502594,1.576194167137146,-0.2135644108057022,0.7887499928474426,0.6352867075834631,-0.6236375570297241,0.5066478848457336,-0.015837714076042175,0.06888794153928757,-1.0,49.93548583984375,False,-0.12053847312927246,0.1462700217962265,-0.2272065430879593,0.7712655067443848,0.0,-0.0016265305876731872,3.948152065275101e-05,-0.01,-0.011587049067020436,0.1159006766974926,False,False,0.007884473539888859,0.49208061067318803,104,False,False,10.90000000000031,-0.16265305876731873,-0.0,0.0,0.0,0.0,0.0,0.0,-0.0,0.7864220893268564,0.0,-0.0,0.0,0.391584514075755,38
2.759730815887451,1.8455713987350464,0.6000528335571289,0.2612120509147644,0.10298528522253036,0.16477392613887787,1.065058946609497,-0.216949462890625,0.7749500870704651,-1.6668584043077508,-0.12122516334056854,0.3006804585456848,0.43035006523132324,-0.24307775497436523,-1.0,49.89910888671875,False,-0.11394619941711426,0.14632722735404968,-0.22683587670326233,0.7713314294815063,0.0,-0.0008734805881977081,0.004933740049600621,-0.01,-0.005939740538597087,0.11585347121581435,False,False,-0.006455637514591217,-0.15522534637498753,105,False,False,11.000000000000343,-0.08734805881977081,-0.0,0.0,0.0,0.0,0.0,0.0,-0.0,0.8043328411587581,0.0,-0.0,0.0,0.4012929399911814,64
1.1726140975952148,1.260258674621582,0.25093358755111694,0.29116642475128174,0.07963244616985321,0.16958147287368774,1.336503028869629,-0.21513208746910095,0.7771462798118591,-0.007531646899878957,-0.19689655303955078,0.25545740127563477,-0.036047399044036865,0.24186480045318604,-0.934794545173645,49.865394592285156,False,-0.08987784385681152,0.1464173048734665,-0.2264888435602188,0.7715721130371094,0.0,-0.00040956180542707445,-0.0007098212838173024,-0.01,-0.011119383089244378,0.11548838904127479,False,False,0.003922788891941309,0.49330215197631444,106,False,False,11.100000000000376,-0.04095618054270744,-0.0,0.0,0.0,0.0,0.0,0.0,-0.0,0.8110235302857456,0.0,-0.0,0.0,0.40510220333744573,64
1.2829840183258057,1.5362709760665894,0.3785516023635864,0.23104819655418396,0.0039886413142085075,0.1624121516942978,1.178846836090088,-0.20908236503601074,0.7698842287063599,-0.0339477809891105,-0.08199334144592285,0.16628563404083252,-0.0913933515548706,0.2929239273071289,-1.0,49.86479949951172,False,-0.03352761268615723,0.1466745138168335,-0.22645874321460724,0.7721356153488159,0.0,-0.00032132748514413834,-0.0004112697392701925,-0.01,-0.01073259722441433,0.11837366176769137,False,False,-0.010484185069799423,0.48492890855593007,107,False,False,11.20000000000041,-0.032132748514413834,-0.0,0.0,0.0,0.0,0.0,0.0,-0.0,0.8183846638351274,0.0,-0.0,0.0,0.4088710044324196,64
0.21764636039733887,1.0794485807418823,0.23292899131774902,0.39271655678749084,0.1731911450624466,0.16404204070568085,1.4253307580947876,-0.21209987998008728,0.7862711548805237,0.015702253468334683,-0.227044478058815,0.07594034075737,0.869103193283081,0.33875012397766113,-1.0,49.71446990966797,True,0.24642348289489746,0.14556999504566193,-0.22505173087120056,0.7749351263046265,0.0,-0.002318520247936249,0.4898274286922658,-0.01,0.4775089084443295,0.11177597986534238,False,False,-0.01968766376376152,0.4957424929433607,108,False,False,11.300000000000443,-0.23185202479362488,-0.0,0.0,0.0,1.0,0.6233775594612773,0.0,-0.0,0.0,0.0,-0.0,0.09641172816881072,0.9057819876515132,64
1.4696836471557617,1.5288536548614502,0.251123309135437,0.22792845964431763,0.007874549366533756,0.1603691577911377,1.23138427734375,-0.21095269918441772,0.768764078617096,-0.057254774384200596,-0.14996135234832764,-0.0685221254825592,-0.1031360924243927,-0.2864534854888916,-1.0,49.651206970214844,True,0.34269094467163086,0.14415359497070312,-0.2245449423789978,0.7758978009223938,0.0,-0.00029969085007905963,0.003177506776269934,-0.01,-0.007122184073809126,0.11356225470080972,False,False,-0.015537063591182232,0.4735106756712059,109,False,False,11.400000000000476,-0.02996908500790596,-0.0,0.0,0.0,1.0,0.6474456990421124,0.0,-0.0,0.0,0.0,-0.0,0.09676062785284834,0.9201837865238255,64
0.7631242275238037,1.208988904953003,0.24409741163253784,0.2696685194969177,0.08202072232961655,0.15589219331741333,1.1730711460113525,-0.2120630443096161,0.787650465965271,0.026884161494672286,0.39821964502334595,0.44930300116539,0.983849287033081,0.1556033194065094,1.0,49.568603515625,False,0.38278698921203613,0.14374105632305145,-0.22375233471393585,0.7762987613677979,0.0,-1.0033815595507622,-0.5120118469840502,-0.01,-1.5253934065348125,0.11177549604326487,False,False,-0.024350013583898544,-0.05970446357697534,110,False,False,11.50000000000051,-0.33815595507621765,-0.0,-1.0,0.0,0.0,0.0,0.0,-0.0,0.8251946848459834,0.0,-0.0,0.0,-0.5907842171277705,42
0.4941999912261963,0.8925338387489319,0.3662968873977661,0.18961450457572937,0.006807418540120125,0.15743160247802734,1.2678970098495483,-0.20957371592521667,0.7720285058021545,-0.05455394476652145,0.32810673117637634,0.48041751980781555,-0.2576826810836792,-0.18452918529510498,1.0,49.01546859741211,False,0.8716225624084473,0.13768355548381805,-0.2187039703130722,0.781187117099762,0.0,-0.0010972660779953003,-0.009183953627943997,-0.01,-0.020281219705939296,0.11112073576077819,False,False,-0.021868381649255753,-0.09208088912769573,111,False,False,11.600000000000543,-0.10972660779953003,-0.0,0.0,0.0,0.0,0.0,0.0,-0.0,0.8149764546733698,0.0,-0.0,0.0,0.40639096125868956,63
1.160675287246704,1.299126386642456,0.3934040665626526,0.21358844637870789,0.48161259293556213,0.15641087293624878,1.744159460067749,-0.206369087100029,0.8043726086616516,0.0325568049773574,-0.032688453793525696,-0.12687157094478607,-0.5782051682472229,0.4055727422237396,1.0,48.552677154541016,False,1.1639952659606934,0.13242179155349731,-0.21444302797317505,0.7841108441352844,0.0,-0.0012899385392665863,-0.010384361520409613,-0.01,-0.021674300059676202,0.11044505424797535,False,False,-0.006032255012542009,-0.0573719781723678,112,False,False,11.700000000000577,-0.12899385392665863,-0.0,0.0,0.0,0.0,0.0,0.0,-0.0,0.8022300491856675,0.0,-0.0,0.0,0.3998250860535672,39
4.216342926025391,2.260366916656494,0.13418495655059814,0.2444058656692505,0.8525269031524658,0.15737701952457428,1.8623733520507812,-0.2080831378698349,0.8149996399879456,0.6177961765403254,-0.2836916744709015,-0.12516532838344574,0.04733196645975113,0.1328599900007248,-1.0,48.971656799316406,False,0.9657323360443115,0.1440275013446808,-0.21773339807987213,0.7821282148361206,0.0,-0.00029009852558374403,0.004039725214242951,-0.01,-0.0062503733113407935,0.11872131004929543,False,False,0.6190732717514038,0.4664735731570203,113,False,False,11.80000000000061,-0.029009852558374405,-0.0,0.0,0.0,0.0,0.0,0.0,-0.0,0.818494362286968,0.0,-0.0,0.0,0.40895708261790026,63
4.547023773193359,2.2916629314422607,0.3342747688293457,0.23499807715415955,0.9665411710739136,0.15661190450191498,2.650683641433716,-0.20988842844963074,0.8369021415710449,-0.023311807393935347,-0.4805695116519928,0.01931474357843399,-0.31817707419395447,0.41065794229507446,-1.0,49.294029235839844,False,0.7096767425537109,0.1453840583562851,-0.22084660828113556,0.7795676589012146,0.0,-0.0012529918551445007,-0.01290595911443232,-0.01,-0.02415895096957682,0.11573513597249985,False,False,-0.02220272459089756,-0.17293554241191406,114,False,False,11.900000000000643,-0.12529918551445007,-0.0,0.0,0.0,0.0,0.0,0.0,-0.0,0.8006893227159776,0.0,-0.0,0.0,0.3990916695028443,64
6.577789783477783,3.05340576171875,0.31471002101898193,0.22407081723213196,0.9516574144363403,0.15735386312007904,2.7311384677886963,-0.2061576396226883,0.8308333158493042,-0.019848360992096706,-0.472493439912796,0.13872992992401123,-0.022897133603692055,0.3704940676689148,-1.0,49.14802551269531,False,0.8870244026184082,0.13870787620544434,-0.21995362639427185,0.7813411355018616,0.0,-0.0009507154673337937,-0.010636883452534662,-0.01,-0.02158759891986846,0.1253692079335451,False,False,-0.02180863358080387,-0.1728867717138598,115,False,False,12.000000000000677,-0.09507154673337936,-0.0,0.0,0.0,0.0,0.0,0.0,-0.0,0.7872885427311747,0.0,-0.0,0.0,0.39269355589825355,64
5.901413917541504,3.1392390727996826,0.20150046050548553,0.20792585611343384,0.9951096177101135,0.16656766831874847,4.730893611907959,-0.20691664516925812,0.8768734931945801,-0.02249580543146,0.23739689588546753,0.1434984654188156,-0.09603244811296463,0.1526150107383728,-1.0,49.087486267089844,False,0.8914470672607422,0.1329781711101532,-0.2197658270597458,0.7813853621482849,0.0,-0.00027365667745471,-0.01497319653630258,-0.01,-0.02524685321375729,0.12479078210890293,False,False,-0.021243635565042496,-0.17317529328365994,116,False,False,12.10000000000071,-0.027365667745471,-0.0,0.0,0.0,0.0,0.0,0.0,-0.0,0.7649918774086631,0.0,-0.0,0.0,0.38222228202687686,64
9.926957130432129,4.736698150634766,0.2452547401189804,0.2885328531265259,0.8649036288261414,0.15987102687358856,2.8426766395568848,-0.20737624168395996,0.8273722529411316,-0.021360720162462946,-0.11554286628961563,-0.07782911509275436,-0.4512651860713959,0.020197328180074692,-1.0,49.074737548828125,False,0.9011566638946533,0.13275714218616486,-0.21965286135673523,0.781482458114624,0.0,-0.0005586393177509308,-0.009023595228791259,-0.01,-0.01958223454654219,0.13063544873148203,False,False,-0.021712852641940117,-0.17152247976199447,117,False,False,12.200000000000744,-0.05586393177509308,-0.0,0.0,0.0,0.0,0.0,0.0,-0.0,0.7544898523100223,0.0,-0.0,0.0,0.37668628683726024,64
5.82103157043457,3.054556369781494,0.10506262630224228,0.5681278705596924,0.7584102749824524,0.15146178007125854,2.467209577560425,-0.2073584794998169,0.8265573978424072,-0.021326885210055428,0.000680689699947834,0.23277540504932404,-0.34732532501220703,0.4120310842990875,-1.0,49.37289047241211,False,0.7421731948852539,0.13894248008728027,-0.22219069302082062,0.77989262342453,0.0,-0.0008614733815193176,-0.012352482974529289,-0.01,-0.023213956356048608,0.13004837837070227,False,False,-0.021700063720345497,-0.17257402901307473,118,False,False,12.300000000000777,-0.08614733815193176,-0.0,0.0,0.0,0.0,0.0,0.0,-0.0,0.7371560993799811,0.0,-0.0,0.0,0.3677165763084712,62
6.5131425857543945,2.8450026512145996,0.1547018587589264,0.3129637837409973,0.36191925406455994,0.15257743000984192,2.173076629638672,-0.2041352093219757,0.8122882843017578,-1.6792230178765257,-0.11944296956062317,0.03347660228610039,-0.0639541745185852,0.12776656448841095,-1.0,49.9339714050293,False,-0.033211708068847656,0.1502084732055664,-0.2268090397119522,0.772138774394989,0.0,-8.950434625148773e-05,-0.03502949655055998,-0.01,-0.04511900089681147,0.1309140520170331,False,False,-0.021447570994496346,-0.17903682399257853,119,False,False,12.40000000000081,-0.008950434625148773,-0.0,0.0,0.0,0.0,0.0,0.0,-0.0,0.673835849916518,0.0,-0.0,0.0,0.3368284206120075,63
4.703724384307861,2.311184883117676,0.15615174174308777,0.25290560722351074,0.6867064237594604,0.16236865520477295,3.6203269958496094,-0.20292462408542633,0.8449681401252747,0.6453016352147152,0.07529600709676743,0.13919207453727722,-0.20615023374557495,-0.15009094774723053,-1.0,49.92837142944336,False,-0.0002980232238769531,0.15009833872318268,-0.22676388919353485,0.7724679112434387,0.0,-0.00022517282515764237,-0.00580399096012113,-0.01,-0.01602916378527877,0.1270544840954244,False,False,-0.01434282399713993,0.4874674458112844,120,False,False,12.500000000000844,-0.022517282515764236,-0.0,0.0,0.0,0.0,0.0,0.0,-0.0,0.6689168745536538,0.0,-0.0,0.0,0.33423326445166923,64
7.571345329284668,3.551278591156006,0.3073747158050537,0.30367282032966614,0.007869466207921505,0.15541814267635345,1.102576732635498,-0.20409055054187775,0.7775557041168213,-1.757399211690762,-0.5725118517875671,-0.09957340359687805,-0.14743512868881226,-0.001997638726606965,-1.0,49.928428649902344,False,0.0,0.1500994712114334,-0.22676436603069305,0.7724708914756775,0.0,-0.0008985645323991776,-0.0036314396560191975,-0.01,-0.014530004188418376,0.12617542874068022,False,False,-0.022975195199251175,-0.17893934795184835,121,False,False,12.600000000000877,-0.08985645323991776,-0.0,0.0,0.0,0.0,0.0,0.0,-0.0,0.6683374430075009,0.0,-0.0,0.0,0.33327015697135126,60
0.7114171981811523,1.063072681427002,0.15303590893745422,0.22089429199695587,0.004114639479666948,0.15250864624977112,1.2442017793655396,-0.2095799297094345,0.790203332901001,0.0007344254106282869,0.6719150543212891,-0.1416654735803604,0.653439998626709,0.5904945135116577,1.0,49.928428649902344,False,0.0,0.1500994712114334,-0.22676436603069305,0.7724708914756775,0.0,-0.0031180164217948915,-0.007051512897014611,-0.01,-0.020169529318809505,0.11788908718153834,False,False,-0.025632895529270172,-0.17429323736570895,122,False,False,12.70000000000091,-0.31180164217948914,-0.0,0.0,0.0,0.0,0.0,0.0,-0.0,0.6608427658833287,0.0,-0.0,0.0,0.32730336651986947,55
3.061509132385254,1.5719244480133057,0.5510285496711731,0.21280202269554138,0.0017126846360042691,0.15890415012836456,0.9191970229148865,-0.2123926728963852,0.7768704295158386,-0.05569716244935991,-0.10354532301425934,-0.3611297607421875,-0.004367247689515352,0.23501309752464294,-1.0,49.928428649902344,False,0.0,0.1500994712114334,-0.22676436603069305,0.7724708914756775,0.0,-0.0004909664392471313,-0.01095255404710771,-0.01,-0.02144352048635484,0.12209276389330626,False,False,0.01209203340113163,0.5467930092402719,123,False,False,12.800000000000944,-0.049096643924713135,-0.0,0.0,0.0,0.0,0.0,0.0,-0.0,0.645391673255709,0.0,-0.0,0.0,0.3222048701886074,63
0.48554539680480957,0.8578906655311584,0.4865184426307678,0.22175917029380798,0.00053954723989591,0.15560226142406464,0.6342490911483765,-0.21415652334690094,0.7733877301216125,-0.027268334180116642,-0.19641663134098053,-0.37075087428092957,0.6669633388519287,0.24756701290607452,1.0,49.928428649902344,False,0.0,0.1500994712114334,-0.22676436603069305,0.7724708914756775,0.0,-0.0017054131627082824,-0.006198365092277502,-0.01,-0.017903778254985785,0.11917681293562055,False,False,-0.007074618246406317,-0.08552317286543865,124,False,False,12.900000000000977,-0.17054131627082825,-0.0,0.0,0.0,0.0,0.0,0.0,-0.0,0.6393888161809846,0.0,-0.0,0.0,0.31798899492778404,53
0.18821358680725098,0.5617409944534302,0.35942840576171875,0.15474453568458557,0.0001870951964519918,0.15823499858379364,0.69856196641922,-0.21552500128746033,0.7708889245986938,-0.025507537946104983,0.07471726834774017,-0.4245062470436096,-0.2575448751449585,0.13254909217357635,1.0,49.928428649902344,False,0.0,0.1500994712114334,-0.22676436603069305,0.7724708914756775,0.0,-0.0006742171198129654,-0.00540964782238007,-0.01,-0.016083864942193035,0.11828477261587977,False,False,-0.026009730994701385,-0.07486410637028552,125,False,False,13.00000000000101,-0.06742171198129654,-0.0,0.0,0.0,0.0,0.0,0.0,-0.0,0.6349187094823279,0.0,-0.0,0.0,0.31678513762135097,56
0.0652015209197998,0.5218053460121155,0.4145890474319458,0.1692039668560028,0.06866636127233505,0.1507837027311325,1.7780697345733643,-0.21001574397087097,0.808380126953125,0.05678551696240904,-0.18802787363529205,0.5313696265220642,0.3233659267425537,0.9863458871841431,-1.0,49.928428649902344,False,0.0,0.1500994712114334,-0.22676436603069305,0.7724708914756775,0.0,-0.0034878796339035036,-0.015080285668373106,-0.01,-0.028568165302276613,0.11698720185086131,False,False,-0.004392200615257025,-0.08352261318870383,126,False,False,13.100000000001044,-0.34878796339035034,-0.0,0.0,0.0,0.0,0.0,0.0,-0.0,0.6108668361302998,0.0,-0.0,0.0,0.3019455384312464,17
4.886496067047119,2.20621919631958,0.2740423083305359,0.14366254210472107,0.01529250480234623,0.1544521003961563,1.1831223964691162,-0.20910058915615082,0.7859481573104858,-0.09301976725459096,-0.03944746404886246,0.49575379490852356,-0.5022714734077454,0.6442099809646606,-1.0,49.928428649902344,False,0.0,0.1500994712114334,-0.22676436603069305,0.7724708914756775,0.0,-0.0022865277528762817,-0.028717777580022807,-0.01,-0.04100430533289909,0.11975479358807206,False,False,-0.0049705300480127335,0.5305537230763928,127,False,False,13.200000000001078,-0.22865277528762817,-0.0,0.0,0.0,0.0,0.0,0.0,-0.0,0.559021242018008,0.0,-0.0,0.0,0.2772240932561277,64
1.0202765464782715,1.0004137754440308,0.260223925113678,0.16539844870567322,0.0006478500436060131,0.1515023112297058,1.133999228477478,-0.20377135276794434,0.7820950150489807,-0.032543605342507366,0.4973539113998413,0.10364378243684769,-0.3258535861968994,0.013874384574592113,1.0,49.928428649902344,False,0.0,0.1500994712114334,-0.22676436603069305,0.7724708914756775,0.0,-0.0009111899882555008,-0.01710185930132868,-0.01,-0.02801304928958418,0.11814198410138488,False,False,-0.03538336604833603,-0.062006256415874636,128,False,False,13.300000000001111,-0.09111899882555008,-0.0,0.0,0.0,0.0,0.0,0.0,-0.0,0.5301188941750918,0.0,-0.0,0.0,0.2641482570992904,61
1.0138630867004395,1.0044355392456055,0.262997567653656,0.199734628200531,0.00025759669370017946,0.16149941086769104,1.1506860256195068,-0.2051204890012741,0.7739476561546326,-0.04523594826459887,-0.04151950031518936,-1.0,-0.310367614030838,0.8930753469467163,1.0,49.928428649902344,False,0.0,0.1500994712114334,-0.22676436603069305,0.7724708914756775,0.0,-0.004739088714122772,-0.009057216495275522,-0.01,-0.023796305209398294,0.11801519384607673,False,False,-0.03473988175392151,-0.05574376495356496,129,False,False,13.400000000001144,-0.4739088714122772,-0.0,0.0,0.0,0.0,0.0,0.0,-0.0,0.5171761393341492,0.0,-0.0,0.0,0.25384898095295183,44
0.5360603332519531,1.1040587425231934,0.5028670430183411,0.2001073658466339,0.0005963501171208918,0.15133865177631378,1.0055149793624878,-0.20422062277793884,0.7788534164428711,-0.022281578034162544,0.6310610771179199,0.3475757837295532,-0.7132222652435303,0.5519975423812866,1.0,49.928428649902344,False,0.0,0.1500994712114334,-0.22676436603069305,0.7724708914756775,0.0,-0.0033310860395431518,-0.017522682845592497,-0.01,-0.03085376888513565,0.11855863081291318,False,False,-0.015230773016810417,-0.11021343410227427,130,False,False,13.500000000001178,-0.3331086039543152,-0.0,0.0,0.0,0.0,0.0,0.0,-0.0,0.48700084015794176,0.0,-0.0,0.0,0.24016933403942772,55
1.405632495880127,1.2290681600570679,0.33389878273010254,0.23821984231472015,0.002240748843178153,0.1530284285545349,1.185437560081482,-0.20162583887577057,0.7799665331840515,-0.03245855987071992,-0.396981805562973,0.07915794104337692,-0.11290381103754044,1.0,-1.0,49.928428649902344,False,0.0,0.1500994712114334,-0.22676436603069305,0.7724708914756775,0.0,-0.002941519618034363,-0.021226882040500633,-0.01,-0.034168401658535,0.11781331803649664,False,False,-0.0171207208186388,-0.15962268332526164,131,False,False,13.600000000001211,-0.2941519618034363,-0.0,0.0,0.0,0.0,0.0,0.0,-0.0,0.44903744282459335,0.0,-0.0,0.0,0.22157720179426232,1
1.2347638607025146,1.1957640647888184,0.19709964096546173,0.17649856209754944,0.00843887310475111,0.14614777266979218,1.7858350276947021,-0.2065730094909668,0.8019028902053833,0.012544368505477922,0.798822820186615,-0.4482899010181427,-0.5117622017860413,-0.33689621090888977,-1.0,49.928428649902344,False,0.0,0.1500994712114334,-0.22676436603069305,0.7724708914756775,0.0,-0.003036203384399414,-0.01328905910253525,-0.01,-0.02632526248693466,0.1174598727375269,False,False,-0.02123374678194523,-0.11072087286113336,132,False,False,13.700000000001245,-0.3036203384399414,-0.0,0.0,0.0,0.0,0.0,0.0,-0.0,0.4267266411846651,0.0,-0.0,0.0,0.21032711720793312,64
2.050936222076416,1.4206807613372803,0.5816286206245422,0.1738796830177307,6.953781849006191e-05,0.15619589388370514,1.0112296342849731,-0.20337356626987457,0.7716212272644043,-0.05897065550088881,0.2154298722743988,-0.3879204988479614,-0.21535028517246246,-0.7918374538421631,1.0,49.928428649902344,False,0.0,0.1500994712114334,-0.22676436603069305,0.7724708914756775,0.0,-0.0021756866574287417,0.009726328551769248,-0.01,-0.0024493581056594937,0.11561493901535869,False,False,-0.03387490287423134,-0.04726115023389815,133,False,False,13.800000000001278,-0.21756866574287415,-0.0,0.0,0.0,0.0,0.0,0.0,-0.0,0.450686115424357,0.0,-0.0,0.0,0.22316737105474976,64
0.12006163597106934,0.9450157284736633,0.3536805510520935,0.2046128362417221,0.0002204244810855016,0.15207535028457642,0.9582425355911255,-0.20308680832386017,0.7755647301673889,0.011859956681728344,0.2987230718135834,0.22692230343818665,0.006550599820911884,-0.7478141784667969,1.0,49.928428649902344,False,0.0,0.1500994712114334,-0.22676436603069305,0.7724708914756775,0.0,-0.0017499953508377075,0.016726213395595546,-0.01,0.004976218044757839,0.12252828292548656,False,False,-0.004244581330567598,0.0563742666433638,134,False,False,13.900000000001311,-0.17499953508377075,-0.0,0.0,0.0,0.0,0.0,0.0,-0.0,0.489028774387982,0.0,-0.0,0.0,0.2427643918431533,63
0.12708306312561035,0.8659392595291138,0.31540244817733765,0.16617831587791443,0.00016938248882070184,0.15905416011810303,1.0840739011764526,-0.20436550676822662,0.7713022232055664,-0.0030993111431598464,0.07898557186126709,0.054473407566547394,-0.04360737279057503,-0.5185689330101013,1.0,49.928428649902344,False,0.0,0.1500994712114334,-0.22676436603069305,0.7724708914756775,0.0,-0.0007000535726547242,0.013501826673746109,-0.01,0.002801773101091384,0.12081970321014524,False,False,-0.010087831877171993,0.04636277784063343,135,False,False,14.000000000001345,-0.07000535726547241,-0.0,0.0,0.0,0.0,0.0,0.0,-0.0,0.5212448841336683,0.0,-0.0,0.0,0.2599223884941794,23
0.16350150108337402,0.9924312233924866,0.17454871535301208,0.2943582534790039,0.00010094072058564052,0.15874122083187103,1.0516166687011719,-0.20599575340747833,0.7703327536582947,0.0009063756465912103,0.3664414584636688,0.01399590540677309,0.3306679129600525,-1.0,1.0,49.928428649902344,False,0.0,0.1500994712114334,-0.22676436603069305,0.7724708914756775,0.0,-0.0031095412373542785,0.01452515199780463,-0.01,0.0014156107604503514,0.11847461387515068,False,False,-0.0027058799751102924,0.06402100251382328,136,False,False,14.100000000001378,-0.31095412373542786,-0.0,0.0,0.0,0.0,0.0,0.0,-0.0,0.555853762645352,0.0,-0.0,0.0,0.2748173400853217,3
0.21036863327026367,1.0155842304229736,0.5049586296081543,0.1550178974866867,9.273814794141799e-05,0.16047360002994537,1.1756271123886108,-0.20401574671268463,0.7703248262405396,0.010137751102447521,0.29328903555870056,0.2840641140937805,-0.39442670345306396,-0.7299744486808777,1.0,49.928428649902344,False,0.0,0.1500994712114334,-0.22676436603069305,0.7724708914756775,0.0,-0.0021378651261329653,0.018897200822830196,-0.01,0.006759335696697231,0.11984990583732724,False,False,0.028544878587126732,0.03639809259627086,137,False,False,14.200000000001411,-0.2137865126132965,-0.0,0.0,0.0,0.0,0.0,0.0,-0.0,0.5996446689807156,0.0,-0.0,0.0,0.2976844693642248,9
0.1808762550354004,1.0192856788635254,0.3765289783477783,0.17507490515708923,0.0011730805272236466,0.15079474449157715,0.8189663290977478,-0.20459552109241486,0.774175763130188,0.008080843240022664,-0.0400242954492569,-0.0033311897423118353,0.6438149213790894,-0.4494570791721344,-1.0,49.928428649902344,False,0.0,0.1500994712114334,-0.22676436603069305,0.7724708914756775,0.0,-0.001545305848121643,0.011695198565721487,-0.01,0.00014989271759984456,0.11739284824579954,False,False,0.01651160791516304,0.03427246032247147,138,False,False,14.300000000001445,-0.1545305848121643,-0.0,0.0,0.0,0.0,0.0,0.0,-0.0,0.6293283449922656,0.0,-0.0,0.0,0.3131188666480112,36
0.08344054222106934,0.7850731611251831,0.315388560295105,0.16762126982212067,0.00011828554852399975,0.15511704981327057,0.933837890625,-0.20644257962703705,0.7697951197624207,-0.004767686426639543,-0.2796083390712738,0.21349729597568512,0.0809733122587204,-0.9076262712478638,1.0,49.928428649902344,False,0.0,0.1500994712114334,-0.22676436603069305,0.7724708914756775,0.0,-0.0023852600157260894,0.013009632825851436,-0.01,0.0006243728101253468,0.11968183191493154,False,False,0.006763508543372154,-0.003691418432054944,139,False,False,14.400000000001478,-0.23852600157260895,-0.0,0.0,0.0,0.0,0.0,0.0,-0.0,0.6619673029442646,0.0,-0.0,0.0,0.32859839145640624,44
0.23783445358276367,0.8900473713874817,0.8720139861106873,0.26511430740356445,0.00015491899102926254,0.15673905611038208,0.9721954464912415,-0.20592769980430603,0.7707812786102295,0.01361919865012169,0.4035716950893402,-0.10714772343635559,-0.1431744545698166,-0.9168496131896973,1.0,49.928428649902344,False,0.0,0.1500994712114334,-0.22676436603069305,0.7724708914756775,0.0,-0.0025886568427085878,0.018749333769083,-0.01,0.00616067692637441,0.11486181803047657,False,False,-0.036721568554639816,-0.07746327129982428,140,False,False,14.500000000001512,-0.25886568427085876,-0.0,0.0,0.0,0.0,0.0,0.0,-0.0,0.7065312326616373,0.0,-0.0,0.0,0.35067695948811006,40
0.19617080688476562,1.0309453010559082,0.395479291677475,0.20690785348415375,0.00019707094179466367,0.1530330330133438,0.7785325646400452,-0.20762625336647034,0.7711865901947021,0.0048836977779865235,0.22251470386981964,0.09635383635759354,0.306974858045578,-0.6197808980941772,1.0,49.928428649902344,False,0.0,0.1500994712114334,-0.22676436603069305,0.7724708914756775,0.0,-0.0013428969681262971,0.014034617096185698,-0.01,0.0026917201280593998,0.10979140596464276,False,False,0.02895250916481018,-0.041529597060728354,141,False,False,14.600000000001545,-0.1342896968126297,-0.0,0.0,0.0,0.0,0.0,0.0,-0.0,0.742020596805418,0.0,-0.0,0.0,0.3696674014345827,28
0.20377039909362793,0.8281399607658386,0.5013773441314697,0.1610514521598816,0.0004188985039945692,0.15350645780563354,0.8043045997619629,-0.2070101946592331,0.7715029120445251,-0.00016875006258487528,0.16161377727985382,0.38794052600860596,0.34835323691368103,-0.8007160425186157,1.0,49.928428649902344,False,0.0,0.1500994712114334,-0.22676436603069305,0.7724708914756775,0.0,-0.002347782552242279,0.004518764168024048,-0.01,-0.007829018384218232,0.1095426008105278,False,False,0.020916253328323364,-0.08438591889411168,142,False,False,14.700000000001578,-0.2347782552242279,-0.0,0.0,0.0,0.0,0.0,0.0,-0.0,0.7586446718824863,0.0,-0.0,0.0,0.3769745533890009,51
0.14709234237670898,0.8324901461601257,0.6145631670951843,0.15302816033363342,0.002020646119490266,0.15866149961948395,1.0338271856307983,-0.20459070801734924,0.7721917629241943,0.004758830219507213,0.4230315685272217,0.023672685027122498,0.0748806744813919,-0.7202834486961365,-1.0,49.928428649902344,False,0.0,0.1500994712114334,-0.22676436603069305,0.7724708914756775,0.0,-0.0017598286271095277,-0.002049754709005369,-0.01,-0.013809583336114897,0.1162173761986196,False,False,-0.009203548543155193,-0.08265383856612417,143,False,False,14.800000000001612,-0.17598286271095276,-0.0,0.0,0.0,0.0,0.0,0.0,-0.0,0.7621667729705719,0.0,-0.0,0.0,0.3793235578581764,52
0.14586448669433594,1.044092059135437,0.5493735671043396,0.21636275947093964,0.0012808277970179915,0.15442582964897156,0.9675179719924927,-0.20267058908939362,0.7730762958526611,-0.0191282407939434,-0.023042943328619003,0.30457019805908203,-0.5344081521034241,0.2057899385690689,1.0,49.928428649902344,False,0.0,0.1500994712114334,-0.22676436603069305,0.7724708914756775,0.0,-0.0010530889034271241,-0.006884303763508792,-0.01,-0.017937392666935916,0.11335246032103896,False,False,-0.0024592485278844833,-0.13370155971387612,144,False,False,14.900000000001645,-0.1053088903427124,-0.0,0.0,0.0,0.0,0.0,0.0,-0.0,0.7559577207559474,0.0,-0.0,0.0,0.37692577147454653,47
0.07990002632141113,0.8673672676086426,0.2254287451505661,0.22000008821487427,0.0008999478886835277,0.1549416184425354,1.005170226097107,-0.20191900432109833,0.7720032930374146,-0.022426299303770082,0.3923695683479309,-0.26989200711250305,0.4553181827068329,0.0793716087937355,-1.0,49.928428649902344,False,0.0,0.1500994712114334,-0.22676436603069305,0.7724708914756775,0.0,-0.0011010251939296723,-0.010608329772949232,-0.01,-0.021709354966878903,0.11709552025422454,False,False,-0.02591613493859768,-0.12862447220713386,145,False,False,15.000000000001679,-0.11010251939296722,-0.0,0.0,0.0,0.0,0.0,0.0,-0.0,0.7421626738010212,0.0,-0.0,0.0,0.3699803117065809,64
0.07205605506896973,0.9619797468185425,0.3251095414161682,0.173675537109375,0.005449060350656509,0.14840614795684814,1.372679591178894,-0.19258640706539154,0.7777799963951111,-0.017736610323190717,-0.5786172747612,0.22477127611637115,-0.7151476144790649,-0.32523056864738464,-1.0,49.928428649902344,False,0.0,0.1500994712114334,-0.22676436603069305,0.7724708914756775,0.0,-0.0025063276290893557,-0.0016283112764358676,-0.01,-0.014134638905525224,0.11750210402533412,False,False,-0.008635920472443104,-0.13124288094212253,146,False,False,15.100000000001712,-0.25063276290893555,-0.0,0.0,0.0,0.0,0.0,0.0,-0.0,0.7463697887450058,0.0,-0.0,0.0,0.37067856674341354,46
0.2883493900299072,1.1793091297149658,0.3073002099990845,0.1601681113243103,0.0030000214464962482,0.15517297387123108,1.2434805631637573,-0.19563286006450653,0.7735702991485596,-0.0060546901822090375,0.784153938293457,0.36618661880493164,0.4465063512325287,0.2683614492416382,-1.0,49.928428649902344,False,0.0,0.1500994712114334,-0.22676436603069305,0.7724708914756775,0.0,-0.0025509393215179445,-0.00773527219891551,-0.01,-0.020286211520433455,0.11796174477785826,False,False,-0.024095330387353897,-0.14445717820226525,147,False,False,15.200000000001745,-0.25509393215179443,-0.0,0.0,0.0,0.0,0.0,0.0,-0.0,0.7382820441891713,0.0,-0.0,0.0,0.3665900827730677,64
0.033348798751831055,1.1470158100128174,0.5181336998939514,0.23910509049892426,0.003538911696523428,0.15246260166168213,1.1253337860107422,-0.19589856266975403,0.7730019688606262,-0.042104260250926014,-0.08083198964595795,0.7720054388046265,0.18703033030033112,0.08280456066131592,-1.0,49.928428649902344,False,0.0,0.1500994712114334,-0.22676436603069305,0.7724708914756775,0.0,-0.0016109079122543335,-0.024869713932275772,-0.01,-0.0364806218445301,0.11725020594894886,False,False,-0.022165512666106224,-0.13090036782860887,148,False,False,15.300000000001779,-0.16109079122543335,-0.0,0.0,0.0,0.0,0.0,0.0,-0.0,0.6954976096989673,0.0,-0.0,0.0,0.34613789693722935,47
0.0017344951629638672,0.9312232136726379,0.5060911178588867,0.18169090151786804,0.00034960551420226693,0.1581221967935562,1.2974191904067993,-0.19695641100406647,0.7713789939880371,-0.020351279303431502,0.4239707291126251,-0.5814870595932007,-0.20860324800014496,0.40524616837501526,-1.0,49.928428649902344,False,0.0,0.1500994712114334,-0.22676436603069305,0.7724708914756775,0.0,-0.0018140453100204468,-0.015346772223711003,-0.01,-0.02716081753373145,0.11881730007007718,False,False,-0.025178220123052597,-0.11761623594658632,149,False,False,15.400000000001812,-0.18140453100204468,-0.0,0.0,0.0,0.0,0.0,0.0,-0.0,0.6715192389905804,0.0,-0.0,0.0,0.33394557418526977,63
0.12611150741577148,1.191235065460205,0.46643465757369995,0.24737012386322021,7.555581396445632e-05,0.15953685343265533,1.0682975053787231,-0.20424622297286987,0.7725642919540405,-0.022122845575213435,-0.04425278678536415,-0.34900450706481934,-0.12607483565807343,0.22246956825256348,-1.0,49.928428649902344,False,0.0,0.1500994712114334,-0.22676436603069305,0.7724708914756775,0.0,-0.00047287508845329286,0.0002262765169143699,-0.01,-0.010246598571538923,0.12070737965404987,False,False,-0.015696270391345024,-0.14374760193180636,150,False,False,15.500000000001846,-0.047287508845329285,-0.0,0.0,0.0,0.0,0.0,0.0,-0.0,0.6787593678051199,0.0,-0.0,0.0,0.3389068088141067,54
0.048738718032836914,0.9596641063690186,0.3692502975463867,0.23839080333709717,0.0015940130688250065,0.1558106690645218,1.1101365089416504,-0.20152227580547333,0.7701200842857361,-0.015681800544261937,-0.4538848102092743,0.5018666982650757,0.37420812249183655,-1.0,-1.0,49.928428649902344,False,0.0,0.1500994712114334,-0.22676436603069305,0.7724708914756775,0.0,-0.0039947831630706785,0.0032911546528339164,-0.01,-0.010703628510236762,0.1256924201734364,False,False,-0.014292214065790176,-0.13182671571641646,151,False,False,15.600000000001879,-0.39947831630706787,-0.0,0.0,0.0,0.0,0.0,0.0,-0.0,0.6922644119779875,0.0,-0.0,0.0,0.3421374228259231,64
0.22369027137756348,0.9417891502380371,0.8747463226318359,0.2708575129508972,0.0002014172205235809,0.15538063645362854,0.98659348487854,-0.2039421945810318,0.7709764242172241,-0.006103419363498695,0.23790599405765533,-0.602790117263794,-0.022833198308944702,-1.0,-1.0,49.928428649902344,False,0.0,0.1500994712114334,-0.22676436603069305,0.7724708914756775,0.0,-0.0035511913895606997,0.004314507097005815,-0.01,-0.009236684292554885,0.12874783715233207,False,False,-0.027050402015447617,-0.11068859489523497,152,False,False,15.700000000001912,-0.35511913895606995,-0.0,0.0,0.0,0.0,0.0,0.0,-0.0,0.7079730830981812,0.0,-0.0,0.0,0.35043535015952987,60
0.16434192657470703,0.9471719264984131,0.46038129925727844,0.3034850060939789,0.0010555117623880506,0.15622968971729279,1.1874030828475952,-0.1994921714067459,0.7702512145042419,0.0019262685626745338,-0.5544798374176025,0.564633309841156,-0.1525844931602478,-0.6616774201393127,1.0,49.928428649902344,False,0.0,0.1500994712114334,-0.22676436603069305,0.7724708914756775,0.0,-0.002718394100666046,0.004607009440660448,-0.01,-0.008111384660005598,0.12066283309832215,False,False,-0.02150929905474186,-0.14721857855045373,153,False,False,15.800000000001946,-0.2718394100666046,-0.0,0.0,0.0,0.0,0.0,0.0,-0.0,0.7244313872133793,0.0,-0.0,0.0,0.3594972995060236,63
0.229567289352417,1.0299931764602661,0.775023341178894,0.2707892656326294,0.0006617358885705471,0.1518160104751587,0.767659604549408,-0.20545373857021332,0.7724735140800476,-0.03879714392125609,0.6946042776107788,-0.2420656979084015,-0.14987200498580933,-0.039875321090221405,1.0,49.928428649902344,False,0.0,0.1500994712114334,-0.22676436603069305,0.7724708914756775,0.0,-0.0014128062129020692,-0.010341952741146077,-0.01,-0.021754758954048145,0.1170627218671143,False,False,-0.0205311868339777,-0.12769931932146522,154,False,False,15.90000000000198,-0.1412806212902069,-0.0,0.0,0.0,0.0,0.0,0.0,-0.0,0.7108559993353389,0.0,-0.0,0.0,0.3540151934547674,64
0.009393692016601562,0.7359907031059265,0.23795415461063385,0.2419889122247696,0.01002606749534607,0.15987370908260345,1.2988258600234985,-0.20001797378063202,0.7700267434120178,0.003234177827835062,-0.46757450699806213,0.39655181765556335,0.08784235268831253,-0.20457279682159424,-1.0,49.928428649902344,False,0.0,0.1500994712114334,-0.22676436603069305,0.7724708914756775,0.0,-0.0010636138916015625,-0.007630726844072344,-0.01,-0.018694340735673907,0.11966057401150465,False,False,-0.011325345374643803,0.5263482015028693,155,False,False,16.00000000000201,-0.10636138916015625,-0.0,0.0,0.0,0.0,0.0,0.0,-0.0,0.7026207448080461,0.0,-0.0,0.0,0.3502467585124215,23
0.24257898330688477,1.1891071796417236,0.3860543370246887,0.2317972332239151,0.010550439357757568,0.15768882632255554,1.2680937051773071,-0.19691231846809387,0.7730723023414612,-0.015342322140932098,0.03447883576154709,0.028064923360943794,-0.5405905246734619,0.6049305200576782,-1.0,49.928428649902344,False,0.0,0.1500994712114334,-0.22676436603069305,0.7724708914756775,0.0,-0.001650388687849045,-0.005430470257997533,-0.01,-0.01708085894584658,0.11867434065788984,False,False,-0.019299188628792763,-0.14835555573601794,156,False,False,16.100000000001955,-0.16503886878490448,-0.0,0.0,0.0,0.0,0.0,0.0,-0.0,0.69874733223117,0.0,-0.0,0.0,0.34772327742773596,64
0.04227757453918457,1.0936260223388672,0.1503298580646515,0.18305915594100952,0.0019003729103133082,0.1531781256198883,0.9605665802955627,-0.20277297496795654,0.7707239389419556,-0.02359469138085844,-0.5728393793106079,-0.2725144326686859,-0.0258586797863245,0.24964545667171478,-1.0,49.928428649902344,False,0.0,0.1500994712114334,-0.22676436603069305,0.7724708914756775,0.0,-0.0011635015159845352,0.0023347935080528237,-0.01,-0.008828708007931712,0.11804300593212247,False,False,-0.016973299905657768,-0.14737548071148204,157,False,False,16.2000000000019,-0.11635015159845352,-0.0,0.0,0.0,0.0,0.0,0.0,-0.0,0.7105220912321413,0.0,-0.0,0.0,0.3540975441000861,64
0.16118288040161133,0.7742926478385925,0.3157769441604614,0.2218727171421051,0.001925419201143086,0.14746594429016113,0.8124426007270813,-0.20730175077915192,0.7747480273246765,-0.022570714503526698,0.41174983978271484,-0.06748265773057938,-0.385458767414093,0.15883009135723114,-1.0,49.928428649902344,False,0.0,0.1500994712114334,-0.22676436603069305,0.7724708914756775,0.0,-0.0008697432279586792,0.005252578705549238,-0.01,-0.005617164522409441,0.11614201916381717,False,False,-0.02558789774775505,-0.15519744618589604,158,False,False,16.300000000001845,-0.08697432279586792,-0.0,0.0,0.0,0.0,0.0,0.0,-0.0,0.7283104145850574,0.0,-0.0,0.0,0.36328546406457,42
0.11115670204162598,0.7123733162879944,0.17742016911506653,0.19709397852420807,0.0037897019647061825,0.15743669867515564,1.0770361423492432,-0.20214307308197021,0.772118330001831,0.006130359396338441,0.021432142704725266,0.09110421687364578,-0.4931730031967163,0.10700501501560211,-1.0,49.928428649902344,False,0.0,0.1500994712114334,-0.22676436603069305,0.7724708914756775,0.0,-0.0006585725396871567,-0.006323109120130566,-0.01,-0.016981681659817723,0.15978705789893866,False,False,-0.020517297089099884,-0.1401742421297984,159,False,False,16.40000000000179,-0.06585725396871567,-0.0,0.0,0.0,0.0,0.0,0.0,-0.0,0.7228931175704476,0.0,-0.0,0.0,0.36078798624553665,63
0.06496310234069824,0.9607439041137695,0.1304527223110199,0.25420641899108887,0.0028572361916303635,0.14619788527488708,0.9607161283493042,-0.20417292416095734,0.7747993469238281,-0.03591123956255613,-0.08631595224142075,-0.20518912374973297,-0.024800358340144157,0.002423976082354784,-1.0,49.928428649902344,False,0.0,0.1500994712114334,-0.22676436603069305,0.7724708914756775,0.0,-0.0001254348736256361,-0.0036012180149554984,-0.01,-0.013726652888581135,0.12034300295636058,False,False,-0.022466100752353668,-0.15782404460616165,160,False,False,16.500000000001734,-0.01254348736256361,-0.0,0.0,0.0,0.0,0.0,0.0,-0.0,0.7229198804684489,0.0,-0.0,0.0,0.3613345053605988,64
0.19223690032958984,0.9447370767593384,0.1605187952518463,0.1568731963634491,0.0016215977957472205,0.15543192625045776,0.9587422013282776,-0.20340417325496674,0.7725405097007751,0.003091343492269515,0.1633799821138382,-0.026305953040719032,-0.35221657156944275,0.7114788889884949,-1.0,49.928428649902344,False,0.0,0.1500994712114334,-0.22676436603069305,0.7724708914756775,0.0,-0.0016441093385219574,-0.0004104028642177848,-0.01,-0.012054512202739742,0.12051489995792508,False,False,-0.021271897479891777,-0.13958554721727578,161,False,False,16.60000000000168,-0.16441093385219574,-0.0,0.0,0.0,0.0,0.0,0.0,-0.0,0.7293930426815871,0.0,-0.0,0.0,0.3630524120022716,64
0.02130866050720215,0.8471712470054626,0.20304322242736816,0.20411823689937592,0.0031923511996865273,0.1497352421283722,0.841053307056427,-0.20452454686164856,0.775098443031311,-0.025854414030909573,-0.06565915793180466,-0.613953709602356,0.08118868619203568,-0.000979436794295907,-1.0,49.928428649902344,False,0.0,0.1500994712114334,-0.22676436603069305,0.7724708914756775,0.0,-0.0009696070104837417,-0.0018987466394901342,-0.01,-0.012868353649973876,0.12193701509386301,False,False,-0.02472011372447014,-0.1498493367384552,162,False,False,16.700000000001623,-0.09696070104837418,-0.0,0.0,0.0,0.0,0.0,0.0,-0.0,0.7329247390382734,0.0,-0.0,0.0,0.3654927625086529,64
0.5119204521179199,0.966369092464447,0.32941949367523193,0.12973201274871826,0.018755733966827393,0.15680663287639618,1.1980996131896973,-0.199194073677063,0.7741364240646362,0.006995397135615327,-1.0,0.9202355742454529,-1.0,0.13516686856746674,-1.0,49.928428649902344,False,0.0,0.1500994712114334,-0.22676436603069305,0.7724708914756775,0.0,-0.007162759304046631,0.003944387584924713,-0.01,-0.013218371719121918,0.11795000219717622,False,False,-0.016250906512141228,0.5060084088698106,163,False,False,16.800000000001567,-0.7162759304046631,-0.0,0.0,0.0,0.0,0.0,0.0,-0.0,0.7482965148858705,0.0,-0.0,0.0,0.3669854981388886,63
0.07385611534118652,1.0090510845184326,0.22859524190425873,0.2401714026927948,0.00035424582893028855,0.14674170315265656,0.6930032968521118,-0.2101328819990158,0.7732717394828796,-0.0683961880207062,0.46868225932121277,0.4909192621707916,0.283294141292572,0.36081376671791077,1.0,49.928428649902344,False,0.0,0.1500994712114334,-0.22676436603069305,0.7724708914756775,0.0,-0.0016777673363685608,-0.024834548383951216,-0.01,-0.03651231572031978,0.12208065018057823,False,False,-0.03441091626882553,-0.2549842244642635,164,False,False,16.900000000001512,-0.16777673363685608,-0.0,0.0,0.0,0.0,0.0,0.0,-0.0,0.7056842663151724,0.0,-0.0,0.0,0.3511643658212177,6
0.037294626235961914,0.6527940034866333,0.38684606552124023,0.17122647166252136,0.0020908128935843706,0.1459464430809021,0.6828015446662903,-0.21049325168132782,0.7724109888076782,-0.029247240461409092,0.006156823132187128,-0.3462865650653839,0.10350650548934937,-0.28589487075805664,-1.0,49.928428649902344,False,0.0,0.1500994712114334,-0.22676436603069305,0.7724708914756775,0.0,-0.0005310044065117836,-0.014900440126657477,-0.01,-0.025431444533169263,0.11605612421408296,False,False,-0.02597360499203205,-0.14152218855679757,165,False,False,17.000000000001457,-0.05310044065117836,-0.0,0.0,0.0,0.0,0.0,0.0,-0.0,0.6827104972788257,0.0,-0.0,0.0,0.3408242442329011,33
0.07375478744506836,0.712702214717865,0.21321475505828857,0.24792012572288513,0.00038532933103851974,0.14682675898075104,0.5347674489021301,-0.2147253453731537,0.7717396020889282,-0.01358145698904989,-0.10549746453762054,0.18558894097805023,-0.4595228135585785,-0.8806558847427368,-1.0,49.928428649902344,False,0.0,0.1500994712114334,-0.22676436603069305,0.7724708914756775,0.0,-0.0025807225704193117,0.005315456986427325,-0.01,-0.007265265583991987,0.11445163609459996,False,False,-0.012366514652967453,-0.11970290746892075,166,False,False,17.1000000000014,-0.25807225704193115,-0.0,0.0,0.0,0.0,0.0,0.0,-0.0,0.7003448397884668,0.0,-0.0,0.0,0.3475916973238141,62
0.12351274490356445,0.4893099367618561,0.2849181294441223,0.17699803411960602,0.0018163336208090186,0.14911717176437378,0.5460819005966187,-0.21144640445709229,0.7725530862808228,-0.00020406886935233834,-0.33457157015800476,0.06447682529687881,0.2293715924024582,-0.9633607864379883,1.0,49.928428649902344,False,0.0,0.1500994712114334,-0.22676436603069305,0.7724708914756775,0.0,-0.002741926908493042,0.0006438218057155387,-0.01,-0.012098105102777503,0.11363592883571982,False,False,-0.016864260658621788,-0.11840620672689099,167,False,False,17.200000000001346,-0.2741926908493042,-0.0,0.0,0.0,0.0,0.0,0.0,-0.0,0.7087196419570998,0.0,-0.0,0.0,0.35161789407005684,64
0.0334322452545166,0.5437204837799072,0.6316283941268921,0.3691253066062927,0.00018227221153210849,0.14855073392391205,0.13745972514152527,-0.22484955191612244,0.7718106508255005,-0.04504378363490105,0.2797749638557434,0.2336132973432541,0.37704703211784363,-0.49084043502807617,1.0,49.928428649902344,False,0.0,0.1500994712114334,-0.22676436603069305,0.7724708914756775,0.0,-0.001289844959974289,-0.005304857343435276,-0.01,-0.016594702303409564,0.11665223073214293,False,False,-0.01684502698481083,-0.12056299886346261,168,False,False,17.30000000000129,-0.1289844959974289,-0.0,0.0,0.0,0.0,0.0,0.0,-0.0,0.7051615582093382,0.0,-0.0,0.0,0.3512909341446948,58
0.0523686408996582,0.21617214381694794,0.3747383952140808,0.1732858121395111,0.014933113940060139,0.15821614861488342,0.9749333262443542,-0.20770853757858276,0.7745463848114014,0.017132640480995193,0.6710371375083923,0.22225254774093628,-0.13246625661849976,0.5184756517410278,-1.0,49.928428649902344,False,0.0,0.1500994712114334,-0.22676436603069305,0.7724708914756775,0.0,-0.00196512833237648,-0.014236015826463722,-0.01,-0.0262011441588402,0.11805142974480987,False,False,-0.004993518814444542,-0.07648326377723438,169,False,False,17.400000000001235,-0.196512833237648,-0.0,0.0,0.0,0.0,0.0,0.0,-0.0,0.6835247582273987,0.0,-0.0,0.0,0.33979725078132283,58
0.5304455757141113,1.0150020122528076,0.3885234594345093,0.19704006612300873,0.005000865552574396,0.15357574820518494,0.6554046869277954,-0.21192675828933716,0.7738191485404968,-0.03330530017614367,-0.4813764989376068,-0.09375610947608948,-0.20029816031455994,0.22149288654327393,-1.0,49.928428649902344,False,0.0,0.1500994712114334,-0.22676436603069305,0.7724708914756775,0.0,-0.0008242300152778625,-0.009328456073999403,-0.01,-0.020152686089277266,0.11667482182383537,False,False,-0.010638415813446045,0.5475585010248802,170,False,False,17.50000000000118,-0.08242300152778625,-0.0,0.0,0.0,0.0,0.0,0.0,-0.0,0.6715837150358717,0.0,-0.0,0.0,0.33496762750265796,63
0.1653909683227539,0.6243129968643188,0.29541653394699097,0.2395261973142624,0.04418075457215309,0.1533813625574112,0.8261799812316895,-0.20811860263347626,0.7753286361694336,0.0031623959541320617,-0.24693353474140167,-0.5418036580085754,0.47771206498146057,-0.4931541979312897,-1.0,49.928428649902344,False,0.0,0.1500994712114334,-0.22676436603069305,0.7724708914756775,0.0,-0.00206484317779541,0.006990198194980646,-0.01,-0.005074644982814765,0.11534816212952137,False,False,-0.0111387362703681,-0.11166108381319581,171,False,False,17.600000000001124,-0.20648431777954102,-0.0,0.0,0.0,0.0,0.0,0.0,-0.0,0.692489011834112,0.0,-0.0,0.0,0.3441796627392606,62
0.211334228515625,0.7134491801261902,0.25169700384140015,0.2692022919654846,0.006042536813765764,0.1500627100467682,0.8273378014564514,-0.20431219041347504,0.7748020887374878,-0.001523396372795114,-0.05326869338750839,0.35937198996543884,-0.5562208890914917,-0.2502584457397461,-1.0,49.928428649902344,False,0.0,0.1500994712114334,-0.22676436603069305,0.7724708914756775,0.0,-0.0012599918246269225,0.005403508543968205,-0.01,-0.005856483280658718,0.11418860033154488,False,False,-0.019820015877485275,-0.1314730024419447,172,False,False,17.70000000000107,-0.12599918246269226,-0.0,0.0,0.0,0.0,0.0,0.0,-0.0,0.7104000021035998,0.0,-0.0,0.0,0.35394000922717295,64
0.04439353942871094,0.7166028022766113,0.2588222622871399,0.1517808735370636,0.0005549057386815548,0.14896716177463531,0.4993235170841217,-0.21380841732025146,0.7715794444084167,-0.04213127747178078,0.6002104878425598,-0.2850460708141327,0.6399003267288208,0.20804283022880554,1.0,49.928428649902344,False,0.0,0.1500994712114334,-0.22676436603069305,0.7724708914756775,0.0,-0.002235645353794098,-0.008795120418071734,-0.01,-0.02103076577186583,0.11957779573276639,False,False,-0.02200513333082199,-0.13993263594158922,173,False,False,17.800000000001013,-0.2235645353794098,-0.0,0.0,0.0,0.0,0.0,0.0,-0.0,0.6998078052303375,0.0,-0.0,0.0,0.3476682572613746,64
0.06835460662841797,0.5928074717521667,0.43662041425704956,0.25213250517845154,0.0018683625385165215,0.15011416375637054,0.473921000957489,-0.2125861644744873,0.7724956274032593,-0.0053908621519804115,-0.23347584903240204,-0.8656908869743347,-0.3412933945655823,1.0,-1.0,49.928428649902344,False,0.0,0.1500994712114334,-0.22676436603069305,0.7724708914756775,0.0,-0.004801032245159149,0.007083282619714748,-0.01,-0.0077177496254444014,0.11704809125512838,False,False,-0.007451951503753662,-0.08817348483215534,174,False,False,17.900000000000958,-0.4801032245159149,-0.0,0.0,0.0,0.0,0.0,0.0,-0.0,0.7211862727192326,0.0,-0.0,0.0,0.35579210411445716,62
0.21861791610717773,0.5680078864097595,0.4884774386882782,0.3013443946838379,0.005947558209300041,0.15117046236991882,0.6028348803520203,-0.21186037361621857,0.7745809555053711,0.006849686577916134,-0.1480957418680191,-0.33085986971855164,-0.06899993866682053,0.3862006664276123,-1.0,49.928428649902344,False,0.0,0.1500994712114334,-0.22676436603069305,0.7724708914756775,0.0,-0.0007132813334465027,0.015158507972955704,-0.01,0.004445226639509201,0.11881540017202497,False,False,-0.013605732470750809,0.5407519933973935,175,False,False,18.000000000000902,-0.07132813334465027,-0.0,0.0,0.0,0.0,0.0,0.0,-0.0,0.7590942572464681,0.0,-0.0,0.0,0.37883384728978753,64
0.16176700592041016,0.5649009943008423,0.2830709218978882,0.1619119942188263,0.0006447812775149941,0.1550786793231964,0.7263174057006836,-0.21028019487857819,0.7721222043037415,0.001290968805551497,0.044240307062864304,-0.7337066531181335,-0.1735515147447586,-0.9133803248405457,-1.0,49.93015670776367,False,-0.003254413604736328,0.15010613203048706,-0.22678102552890778,0.7724383473396301,0.0,-0.0035116660594940187,0.010336077734827975,-0.01,-0.003175588324666044,0.11596378777176142,False,False,-0.017298974096775055,-0.13427451239116223,176,False,False,18.100000000000847,-0.35116660594940186,-0.0,0.0,0.0,0.0,0.0,0.0,-0.0,0.7876427225754992,0.0,-0.0,0.0,0.39030969522825554,63
0.028133392333984375,0.6106997132301331,0.3623967170715332,0.1487598419189453,0.0014711482217535377,0.15420280396938324,0.6956791281700134,-0.2109495997428894,0.7720685601234436,-0.010299620702862722,-0.3978468179702759,-0.3220290541648865,-0.6134142875671387,-0.20638595521450043,1.0,50.014923095703125,False,-0.06122589111328125,0.15021483600139618,-0.22762207686901093,0.7718586325645447,0.0,-0.0017021426558494568,0.003448194712400432,-0.01,-0.008253947943449025,0.11817569797858596,False,False,-0.01596204936504364,-0.14171893087631005,177,False,False,18.20000000000079,-0.17021426558494568,-0.0,0.0,0.0,0.0,0.0,0.0,-0.0,0.8025648634361064,0.0,-0.0,0.0,0.3995802890622038,64
0.12511014938354492,0.6147891283035278,0.40269842743873596,0.4378378093242645,5.04323688801378e-05,0.14803043007850647,0.25536566972732544,-0.2262798547744751,0.7732463479042053,-0.04963938526809217,0.5257369875907898,-0.8147783875465393,0.4813727140426636,-0.8378221392631531,1.0,50.24434280395508,False,0.044792890548706055,0.15188661217689514,-0.22975711524486542,0.7729188203811646,0.0,-0.004684822261333466,0.00012132562696931526,-0.01,-0.01456349663436415,0.11514922278001904,False,False,-0.021500855684280396,-0.15224311045857497,178,False,False,18.300000000000736,-0.46848222613334656,-0.0,0.0,0.0,0.0,0.0,0.0,-0.0,0.8109166478074126,0.0,-0.0,0.0,0.4007735016423728,46
0.295025110244751,0.5854079723358154,0.4714369773864746,0.20530648529529572,0.0008035474456846714,0.15365368127822876,0.6737118363380432,-0.2181083858013153,0.7726062536239624,0.00016011580824851733,0.16452868282794952,0.1580802947282791,0.2660599648952484,-0.6713154911994934,1.0,50.597721099853516,False,0.333172082901001,0.15589693188667297,-0.2328801304101944,0.7758026123046875,0.0,-0.001433778703212738,-0.004755361974239369,-0.01,-0.016189140677452106,0.11398751009255648,False,False,-0.010973449796438217,-0.12267550228812138,179,False,False,18.40000000000068,-0.1433778703212738,-0.0,0.0,0.0,0.0,0.0,0.0,-0.0,0.8095009567235335,0.0,-0.0,0.0,0.403316699658554,64
0.5495011806488037,0.8840610384941101,0.2438281923532486,0.19633206725120544,0.0005657389992848039,0.15251943469047546,0.7093632817268372,-0.22249580919742584,0.7731914520263672,-0.026337554231286066,0.09022040665149689,-0.3173747658729553,-0.48966261744499207,0.46357569098472595,1.0,50.79802703857422,False,0.5150914192199707,0.15710555016994476,-0.23476023972034454,0.7776218056678772,0.0,-0.0014088459312915802,-0.007741804346442227,-0.01,-0.019150650277733806,0.11165723903104663,False,False,-0.016107071191072464,-0.138277652897832,180,False,False,18.500000000000625,-0.14088459312915802,-0.0,0.0,0.0,0.0,0.0,0.0,-0.0,0.802037704568868,0.0,-0.0,0.0,0.3996100063531424,23
0.645601749420166,0.9467388391494751,0.37793469429016113,0.11890816688537598,0.0009357267990708351,0.15470416843891144,0.8738164901733398,-0.2198302447795868,0.7746878862380981,-0.006903687268495538,0.26066315174102783,-0.6476321816444397,-0.5190407037734985,-0.5945557355880737,-1.0,51.1500129699707,False,0.6950914859771729,0.15778999030590057,-0.23822499811649323,0.7794218063354492,0.0,-0.0027756813168525697,-0.0013577741384506181,-0.01,-0.014133455455303187,0.11032062908634543,False,False,-0.014574391767382622,-0.11594202988239044,181,False,False,18.60000000000057,-0.27756813168525696,-0.0,0.0,0.0,0.0,0.0,0.0,-0.0,0.8073961813988977,0.0,-0.0,0.0,0.40092240938259627,22
0.6835877895355225,1.0964646339416504,0.47591128945350647,0.21436943113803864,0.0002939013938885182,0.14927169680595398,1.0854567289352417,-0.2265043705701828,0.7731961607933044,-0.03301647007465361,-0.1717451512813568,-0.06465752422809601,0.43559765815734863,-0.3023224174976349,-1.0,51.49238204956055,False,0.8787930011749268,0.15871135890483856,-0.2415657490491867,0.7812588214874268,0.0,-0.0007870528846979141,-0.004000454246997853,-0.01,-0.014787507131695767,0.10950473928824067,False,False,-0.01401379145681858,-0.1285313331410407,182,False,False,18.700000000000514,-0.07870528846979141,-0.0,0.0,0.0,0.0,0.0,0.0,-0.0,0.807469919396937,0.0,-0.0,0.0,0.4029479068137706,64
0.631636381149292,0.9643872380256653,0.3423139452934265,0.15649743378162384,0.0034164818935096264,0.14622510969638824,1.1531602144241333,-0.22064103186130524,0.7764660120010376,-0.01731275737285616,0.2734087407588959,0.30380356311798096,-0.3380776345729828,-0.10156986117362976,-1.0,51.73480987548828,False,0.6493449211120605,0.1544923335313797,-0.2444702833890915,0.7789643406867981,0.0,-0.0007291546463966369,-0.009213200211524941,-0.01,-0.019942354857921576,0.11315200803801417,False,False,-0.01711047627031803,-0.12374717891312806,183,False,False,18.80000000000046,-0.0729154646396637,-0.0,0.0,0.0,0.0,0.0,0.0,-0.0,0.7970136822156753,0.0,-0.0,0.0,0.397777686461441,64
0.6164848804473877,1.176015019416809,0.4663243889808655,0.27079328894615173,0.000553731806576252,0.14709919691085815,0.9314994215965271,-0.229388028383255,0.7728002667427063,-0.0075928337872028595,-0.21454069018363953,0.3097071349620819,0.2741824686527252,0.40658292174339294,-1.0,51.965301513671875,False,0.9346127510070801,0.1479823887348175,-0.24743306636810303,0.7818170189857483,0.0,-0.0009560797363519669,-0.021671914532780667,-0.01,-0.03262799426913263,0.1120211030356586,False,False,-0.012149832211434841,-0.11359983526799469,184,False,False,18.900000000000404,-0.09560797363519669,-0.0,0.0,0.0,0.0,0.0,0.0,-0.0,0.7612826680364535,0.0,-0.0,0.0,0.3796852542818748,64
0.009530782699584961,0.7061243057250977,0.6755003929138184,0.15299232304096222,0.0011888688895851374,0.1422799825668335,0.5886226892471313,-0.22975121438503265,0.7736896872520447,-0.009025528877973555,-0.7122886180877686,0.11190950870513916,-0.3646742105484009,-0.2251330018043518,-1.0,51.00461959838867,False,-0.012111663818359375,0.1350504606962204,-0.23884046077728271,0.7723497748374939,0.0,-0.0017588773369789125,0.0064662904292345225,-0.01,-0.00529258690774439,0.11059978371486068,False,False,-0.008705930784344673,-0.23409914284095895,185,False,False,19.000000000000348,-0.17588773369789124,-0.0,0.0,0.0,0.0,0.0,0.0,-0.0,0.782035609045915,0.0,-0.0,0.0,0.38925892718597854,1
0.05822181701660156,0.5582690238952637,0.5331059694290161,0.335252046585083,0.0003112988779321313,0.1494162231683731,0.7776582837104797,-0.2315458208322525,0.7738363146781921,0.0001882670819759076,0.09646214544773102,0.04194341599941254,-0.619326651096344,-0.18213872611522675,1.0,51.10041046142578,False,-0.01995563507080078,0.13585065305233002,-0.23974502086639404,0.7722713351249695,0.0,-0.0010695105791091919,0.002057140395045287,-0.01,-0.009012370184063905,0.11029475601390004,False,False,-0.0017012694152072072,-0.1936971659136125,186,False,False,19.100000000000293,-0.10695105791091919,-0.0,0.0,0.0,0.0,0.0,0.0,-0.0,0.7940908064453426,0.0,-0.0,0.0,0.3959758926435621,52
0.04459023475646973,0.8909717202186584,0.20947854220867157,0.2269572615623474,0.0013132734457030892,0.14863812923431396,1.0089789628982544,-0.22919118404388428,0.7749044895172119,-0.010030453428626055,-0.5458589792251587,-0.15250897407531738,-0.2475447803735733,0.09821277856826782,-1.0,51.12699890136719,False,0.033861398696899414,0.1315671056509018,-0.24029454588890076,0.7728095054626465,0.0,-0.0009803630411624909,-0.007353933081030828,-0.01,-0.018334296122193318,0.11035919794812799,False,False,-0.01173001155257225,-0.12626809730870187,187,False,False,19.200000000000237,-0.09803630411624908,-0.0,0.0,0.0,0.0,0.0,0.0,-0.0,0.7872554755723946,0.0,-0.0,0.0,0.3926473747450348,64
0.07540583610534668,1.1695489883422852,0.34945952892303467,0.307708203792572,0.00017458826187066734,0.14603202044963837,0.9900306463241577,-0.2331879436969757,0.7738434672355652,-0.013106776103377323,0.4467881917953491,-0.7132917642593384,-0.31292304396629333,-0.10085494816303253,1.0,51.495540618896484,False,0.01639723777770996,0.12851694226264954,-0.24416518211364746,0.7726348638534546,0.0,-0.002041243463754654,-0.002143655046820625,-0.01,-0.01418489851057528,0.1175472647882998,False,False,-0.011304587125778198,-0.1343464577556045,188,False,False,19.300000000000182,-0.2041243463754654,-0.0,0.0,0.0,0.0,0.0,0.0,-0.0,0.7908768919165583,0.0,-0.0,0.0,0.3933972024945245,64
0.07523894309997559,0.9334906935691833,0.22341807186603546,0.2116122841835022,0.0473654642701149,0.15332657098770142,1.7304807901382446,-0.22625845670700073,0.7815243005752563,-0.00784761279821395,-0.6402174234390259,-0.039524391293525696,0.14313803613185883,0.5889647603034973,1.0,51.52111053466797,False,-0.005942583084106445,0.1286788284778595,-0.24441230297088623,0.7724114656448364,0.0,-0.0019470211863517762,0.007531735002994533,-0.01,-0.0044152861833572435,0.11685435101389885,False,False,-0.004518465604633093,-0.10147905996808115,189,False,False,19.400000000000126,-0.1947021186351776,-0.0,0.0,0.0,0.0,0.0,0.0,-0.0,0.8140812364550147,0.0,-0.0,0.0,0.4050935970411556,64
1.0296046733856201,1.7980632781982422,0.3004799485206604,0.48532289266586304,0.001954098464921117,0.14717157185077667,1.3044955730438232,-0.2317875176668167,0.7801531553268433,-0.006551386825740357,0.9227330088615417,-0.04888202250003815,0.4576762318611145,0.602161169052124,-1.0,51.140167236328125,False,-0.014454126358032227,0.12487248331308365,-0.24079649150371552,0.7723263502120972,0.0,-0.0035647282004356387,-0.0003681032359600378,-0.01,-0.013932831436395676,0.11653959704563022,False,False,0.011208705604076385,-0.12397064035362423,190,False,False,19.50000000000007,-0.35647282004356384,-0.0,0.0,0.0,0.0,0.0,0.0,-0.0,0.8215605862682129,0.0,-0.0,0.0,0.40721556493367084,64
0.7504463195800781,1.3100231885910034,0.34833401441574097,0.2659577429294586,0.0017819154309108853,0.14149829745292664,0.9627069234848022,-0.23528343439102173,0.7791745066642761,-0.03842413518577812,0.14362387359142303,-0.6849229335784912,-0.9999310970306396,0.6860495209693909,-1.0,51.13821029663086,False,-5.9604644775390625e-05,0.12481740117073059,-0.24077953398227692,0.7724702954292297,0.0,-0.004900683462619781,-0.01850798100233081,-0.01,-0.03340866446495059,0.1196362148039043,False,False,0.001135811791755259,-0.10602191171282677,191,False,False,19.600000000000016,-0.49006834626197815,-0.0,0.0,0.0,0.0,0.0,0.0,-0.0,0.7924692721157562,0.0,-0.0,0.0,0.3913339525952583,59
0.609356164932251,0.9579936861991882,0.28586339950561523,0.28830015659332275,0.003678944194689393,0.15035617351531982,1.561234951019287,-0.2288937121629715,0.7818834781646729,-0.0076398247107863386,0.6388117671012878,0.6429219245910645,-0.7092360854148865,-0.10661996155977249,-1.0,51.13811492919922,False,0.0,0.12481667101383209,-0.24077866971492767,0.7724708914756775,0.0,-0.003339532017707825,-0.015431869998574266,-0.01,-0.02877140201628209,0.11665366217494011,False,False,-0.015842370688915253,-0.12102910593686125,192,False,False,19.69999999999996,-0.33395320177078247,-0.0,0.0,0.0,0.0,0.0,0.0,-0.0,0.7692985307768287,0.0,-0.0,0.0,0.38130973337070656,62
0.7454514503479004,1.414477825164795,0.5677744746208191,0.2784661650657654,0.003567988984286785,0.15769581496715546,1.7567799091339111,-0.22579073905944824,0.7773072123527527,-0.016188209727406484,0.35393422842025757,0.6274206042289734,-0.10694070905447006,0.35702458024024963,-1.0,51.13811492919922,False,0.0,0.12481667101383209,-0.24077866971492767,0.7724708914756775,0.0,-0.0016445723176002503,-0.02317644834518434,-0.01,-0.03482102066278459,0.11301300395280123,False,False,-0.019489025697112083,-0.13061949744127374,193,False,False,19.799999999999905,-0.16445723176002502,-0.0,0.0,0.0,0.0,0.0,0.0,-0.0,0.7302481690676255,0.0,-0.0,0.0,0.3634795122162125,64
0.36981701850891113,1.632143497467041,0.4738127291202545,0.17955386638641357,0.003981678280979395,0.15670037269592285,1.8013781309127808,-0.2205451875925064,0.7743950486183167,-0.02685815706849099,-0.6232016682624817,0.21375857293605804,0.33655232191085815,0.12763142585754395,-1.0,51.13811492919922,False,0.0,0.12481667101383209,-0.24077866971492767,0.7724708914756775,0.0,-0.0014090757071971893,-0.011761043220758438,-0.01,-0.023170118927955625,0.1134855356067419,False,False,-0.027437584474682808,-0.13097682856661783,194,False,False,19.89999999999985,-0.14090757071971893,-0.0,0.0,0.0,0.0,0.0,0.0,-0.0,0.7138647361166188,0.0,-0.0,0.0,0.35552329235111224,64
0.06759166717529297,1.6154155731201172,0.26599812507629395,0.159248948097229,0.0038500106893479824,0.14943182468414307,1.3586740493774414,-0.22845503687858582,0.7762923240661621,-0.023710405230522178,0.06628137826919556,-0.21939696371555328,0.19740262627601624,-0.32991188764572144,1.0,51.13811492919922,False,0.0,0.12481667101383209,-0.24077866971492767,0.7724708914756775,0.0,-0.0005008447170257569,0.0042842045426368935,-0.01,-0.006216640174388863,0.1161863119341433,False,False,-0.026389306411147118,-0.18209275447906015,195,False,False,19.999999999999794,-0.050084471702575684,-0.0,0.0,0.0,0.0,0.0,0.0,-0.0,0.7297304594820699,0.0,-0.0,0.0,0.3643643850240092,3
0.46233534812927246,1.4582977294921875,0.5646874904632568,0.1931140422821045,0.003573732217773795,0.15283656120300293,1.5092660188674927,-0.2288721203804016,0.7778224349021912,-0.015700048059225112,0.9333964586257935,0.3329602777957916,0.7661742568016052,0.01601555198431015,-1.0,51.13811492919922,False,0.0,0.12481667101383209,-0.24077866971492767,0.7724708914756775,0.0,-0.00392342746257782,-0.009659223705530184,-0.01,-0.023582651168108003,0.11451356625184417,False,False,-0.022576408460736275,-0.1123725459314067,196,False,False,20.09999999999974,-0.392342746257782,-0.0,0.0,0.0,0.0,0.0,0.0,-0.0,0.7175878856967511,0.0,-0.0,0.0,0.3548705153857977,64
0.4198610782623291,1.473842978477478,0.6818205118179321,0.21504482626914978,0.003269653767347336,0.14806199073791504,1.3788188695907593,-0.22671546041965485,0.776526927947998,-0.04675676666200164,0.44055676460266113,-0.16433686017990112,-0.4833601117134094,-0.203881174325943,-1.0,51.13811492919922,False,0.0,0.12481667101383209,-0.24077866971492767,0.7724708914756775,0.0,-0.0012407535314559936,-0.02429889515042305,-0.01,-0.035539648681879046,0.116684939712286,False,False,-0.009905789978802204,-0.11136461955031435,197,False,False,20.199999999999683,-0.12407535314559937,-0.0,0.0,0.0,0.0,0.0,0.0,-0.0,0.6757475516397575,0.0,-0.0,0.0,0.3366330222884228,64
0.3195762634277344,1.3491421937942505,0.4244362413883209,0.19352325797080994,0.00672515481710434,0.15488861501216888,1.8523385524749756,-0.22424505650997162,0.781435489654541,-0.005790343061089527,0.26391664147377014,-0.047107137739658356,-0.44703277945518494,-0.09635083377361298,-1.0,51.13811492919922,False,0.0,0.12481667101383209,-0.24077866971492767,0.7724708914756775,0.0,-0.0007024821639060974,-0.01155685737729073,-0.01,-0.022259339541196826,0.11558857606723905,False,False,-0.01457361038774252,-0.11677807019543993,198,False,False,20.299999999999628,-0.07024821639060974,-0.0,0.0,0.0,0.0,0.0,0.0,-0.0,0.6592261101420019,0.0,-0.0,0.0,0.32891057290709486,64
0.7543027400970459,1.7828127145767212,0.1752699315547943,0.34158289432525635,0.0014393656747415662,0.1526535004377365,1.4033138751983643,-0.22690965235233307,0.7728644609451294,-0.02932965464890002,-0.031232787296175957,-0.0315367728471756,-0.2988833785057068,0.4691423177719116,-1.0,51.13811492919922,False,0.0,0.12481667101383209,-0.24077866971492767,0.7724708914756775,0.0,-0.0007784896343946457,-0.0069773818552494316,-0.01,-0.017755871489644078,0.11707476573064923,False,False,-0.017182085663080215,-0.12979860694831125,199,False,False,20.399999999999572,-0.07784896343946457,-0.0,0.0,0.0,0.0,0.0,0.0,-0.0,0.6517892018213567,0.0,-0.0,0.0,0.3251161112762837,64
0.010186433792114258,1.3907735347747803,0.12924471497535706,0.2722422480583191,0.017236929386854172,0.15786917507648468,1.95461905002594,-0.22298358380794525,0.7802618741989136,-0.0007369287312030612,0.1984010636806488,-0.026553502306342125,-0.1282723993062973,0.07289723306894302,-1.0,51.13811492919922,False,0.0,0.12481667101383209,-0.24077866971492767,0.7724708914756775,0.0,-0.0001545897126197815,-0.00687738284468653,-0.01,-0.01703197255730631,0.1158261769451201,False,False,-0.01952405646443367,-0.11577284293996831,200,False,False,20.499999999999517,-0.01545897126197815,-0.0,0.0,0.0,0.0,0.0,0.0,-0.0,0.6444792679733787,0.0,-0.0,0.0,0.3220850442740696,64
0.8689761161804199,1.9273525476455688,0.15795230865478516,0.3387130796909332,0.0377909392118454,0.15589816868305206,1.7849647998809814,-0.22160378098487854,0.7757634520530701,-0.032971191704273234,0.40152567625045776,0.6071222424507141,0.0946454405784607,0.44172513484954834,-1.0,51.13811492919922,False,0.0,0.12481667101383209,-0.24077866971492767,0.7724708914756775,0.0,-0.0018347479403018952,-0.012355038970708832,-0.01,-0.024189786911010727,0.11634615808725357,False,False,-0.02118522673845291,-0.13251427062151339,201,False,False,20.59999999999946,-0.18347479403018951,-0.0,0.0,0.0,0.0,0.0,0.0,-0.0,0.6260294248924146,0.0,-0.0,0.0,0.3111799645059054,64
0.3022611141204834,1.6832987070083618,0.6249532103538513,0.45765742659568787,0.0033175789285451174,0.15401777625083923,1.659698724746704,-0.22103728353977203,0.7733193635940552,-0.025811224430799473,-0.9395232200622559,0.06445207446813583,-0.6376965045928955,-0.6625194549560547,-1.0,51.13811492919922,False,0.0,0.12481667101383209,-0.24077866971492767,0.7724708914756775,0.0,-0.004331117272377014,-0.0061858190596103535,-0.01,-0.020516936331987368,0.1121819862164557,False,False,-0.027955397963523865,-0.12005844044740441,202,False,False,20.699999999999406,-0.4331117272377014,-0.0,0.0,0.0,0.0,0.0,0.0,-0.0,0.6198564515260774,0.0,-0.0,0.0,0.3055971084906617,64
,,,,0.012696572579443455,0.14850425720214844,1.4888699054718018,-0.22204576432704926,0.7747164964675903,-0.0020479504764080204,-0.41133904457092285,0.5547764301300049,0.09820640087127686,-0.36065638065338135,-1.0,51.13811492919922,False,0.0,0.12481667101383209,-0.24077866971492767,0.7724708914756775,0.0,-0.001541735529899597,0.01609813287854195,-0.01,0.004556397348642351,0.12534373113885522,False,True,,-1000000000.0,203,False,False,20.79999999999935,-0.15417355298995972,-0.0,0.0,0.0,0.0,0.0,0.0,-0.0,0.6586390509274216,0.0,-0.0,0.0,0.3277777899338112,0
,,,,0.013523978181183338,0.1564139574766159,2.042567253112793,-0.2175382673740387,0.778910219669342,0.012462416961789098,-0.23769396543502808,0.4941411018371582,-0.1520911455154419,0.32708048820495605,-1.0,51.13811492919922,False,0.0,0.12481667101383209,-0.24077866971492767,0.7724708914756775,0.0,-0.001076968014240265,-0.000748980492353446,-0.01,-0.01182594850659371,0.11807359987869859,False,True,,-1000000000.0,204,False,False,20.899999999999295,-0.10769680142402649,-0.0,0.0,0.0,0.0,0.0,0.0,-0.0,0.6637789021242488,0.0,-0.0,0.0,0.33081248304788413,0
0.48899054527282715,1.8909821510314941,0.34375685453414917,0.2576271891593933,0.001094368752092123,0.14329639077186584,1.3352643251419067,-0.22005441784858704,0.7716169357299805,-0.055974211245775236,0.346864253282547,0.393484503030777,0.23487083613872528,-0.4352579712867737,-1.0,51.13811492919922,False,0.0,0.12481667101383209,-0.24077866971492767,0.7724708914756775,0.0,-0.0012993967533111573,-0.011629340797662757,-0.01,-0.022928737550973917,0.11802042229101062,False,False,-0.027331871911883354,-0.19223564705504226,205,False,False,20.99999999999924,-0.12993967533111572,-0.0,0.0,0.0,0.0,0.0,0.0,-0.0,0.6469900643311869,0.0,-0.0,0.0,0.3221956354122823,50
0.14382004737854004,1.3200174570083618,0.23508121073246002,0.2700809836387634,0.0015670238062739372,0.153941348195076,1.6116923093795776,-0.22228798270225525,0.7717354893684387,-0.007733991816639932,-0.11681626737117767,0.03217257931828499,0.5784958004951477,-0.4505577087402344,-1.0,51.13811492919922,False,0.0,0.12481667101383209,-0.24077866971492767,0.7724708914756775,0.0,-0.0013808518648147584,-0.009889232069253906,-0.01,-0.021270083934068665,0.11480769608169794,False,False,-0.01522193942219019,-0.11457469630568905,206,False,False,21.099999999999184,-0.13808518648147583,-0.0,0.0,0.0,0.0,0.0,0.0,-0.0,0.633547114647435,0.0,-0.0,0.0,0.31539270545890274,63
,,,,0.025816824287176132,0.15030726790428162,1.5966206789016724,-0.2190892994403839,0.7717522382736206,-0.011552633121609668,-0.423750638961792,0.3225895166397095,-0.1872844099998474,-0.4149777889251709,-0.9999877214431763,51.13811492919922,False,0.0,0.12481667101383209,-0.24077866971492767,0.7724708914756775,0.0,-0.001227276548743248,-0.00040608882904052956,-0.01,-0.011633365377783778,0.11204055696725845,False,True,,-1000000000.0,207,False,False,21.19999999999913,-0.1227276548743248,-0.0,0.0,0.0,0.0,0.0,0.0,-0.0,0.6391262166128087,0.0,-0.0,0.0,0.31833583175766106,0
0.17142891883850098,1.5388225317001343,0.7379641532897949,0.2895714342594147,0.00035265134647488594,0.148045152425766,1.3293296098709106,-0.22582706809043884,0.7707710862159729,-0.03166827835142613,0.5543229579925537,-0.4896990656852722,0.4166918992996216,-0.3467226028442383,1.0,51.13811492919922,False,0.0,0.12481667101383209,-0.24077866971492767,0.7724708914756775,0.0,-0.002102319598197937,-0.0029483406245708332,-0.01,-0.015050660222768771,0.112631865311414,False,False,-0.016286160796880722,-0.15733345317826164,208,False,False,21.299999999999073,-0.2102319598197937,-0.0,0.0,0.0,0.0,0.0,0.0,-0.0,0.6396257888740366,0.0,-0.0,0.0,0.31771057483882037,50
0.17920732498168945,1.3263578414916992,0.461599737405777,0.32064875960350037,0.0019155096961185336,0.14668098092079163,1.2088875770568848,-0.22637689113616943,0.7724714279174805,-0.010457026660442353,-0.32673317193984985,-0.40656301379203796,-0.3702889680862427,0.04010167717933655,-1.0,51.13811492919922,False,0.0,0.12481667101383209,-0.24077866971492767,0.7724708914756775,0.0,-0.0010269252955913545,0.0026544472575187883,-0.01,-0.008372478038072567,0.11547288624569774,False,False,-0.015338667668402195,-0.09920389139738531,209,False,False,21.399999999999018,-0.10269252955913544,-0.0,0.0,0.0,0.0,0.0,0.0,-0.0,0.6514491213101848,0.0,-0.0,0.0,0.3246976353595011,64
0.03466606140136719,1.2452964782714844,0.615394651889801,0.26413628458976746,0.0003795078955590725,0.14837293326854706,1.2526522874832153,-0.22743992507457733,0.7731554508209229,-0.002274200618267082,0.3724387586116791,-0.6253507137298584,-0.08299776911735535,-0.148288294672966,-1.0,51.13811492919922,False,0.0,0.12481667101383209,-0.24077866971492767,0.7724708914756775,0.0,-0.0013966304063796997,0.007307904511690111,-0.01,-0.004088725894689589,0.11233191937208176,False,False,-0.005373826250433922,-0.1072529256420359,210,False,False,21.499999999998963,-0.13966304063796997,-0.0,0.0,0.0,0.0,0.0,0.0,-0.0,0.67279288852368,0.0,-0.0,0.0,0.3349998138554603,64
0.003153085708618164,1.2528210878372192,0.2600669860839844,0.2787039279937744,0.0008768994593992829,0.14589744806289673,1.1492252349853516,-0.22825893759727478,0.7715946435928345,-0.015152042731642714,-0.08217105269432068,0.050977252423763275,-0.5331352949142456,-0.1800861954689026,-1.0,51.13811492919922,False,0.0,0.12481667101383209,-0.24077866971492767,0.7724708914756775,0.0,-0.0008150376379489899,0.00034869432449341486,-0.01,-0.010466343313455575,0.12319337204098701,False,False,-0.012227805331349373,-0.10562307007354194,211,False,False,21.599999999998907,-0.08150376379489899,-0.0,0.0,0.0,0.0,0.0,0.0,-0.0,0.680293208724171,0.0,-0.0,0.0,0.3393315667241365,64
0.09989738464355469,1.169287085533142,0.25412094593048096,0.20774981379508972,0.0013154435437172651,0.15064243972301483,1.448973536491394,-0.22324097156524658,0.772365152835846,0.004251802638173114,-0.5343108177185059,0.3084806203842163,-0.09392499178647995,0.15258069336414337,-1.0,51.13811492919922,False,0.0,0.12481667101383209,-0.24077866971492767,0.7724708914756775,0.0,-0.0010318776965141296,0.0005804489552974634,-0.01,-0.010451428741216667,0.12126812897622585,False,False,-0.012169272638857365,-0.1285261677369704,212,False,False,21.69999999999885,-0.10318776965141296,-0.0,0.0,0.0,0.0,0.0,0.0,-0.0,0.6883374417399133,0.0,-0.0,0.0,0.3431368431734425,64
0.031441450119018555,1.4424692392349243,0.14365017414093018,0.5093534588813782,0.00533192977309227,0.14763060212135315,1.4126826524734497,-0.22218486666679382,0.7714981436729431,-0.011690457537770252,0.09187018126249313,-0.3680856227874756,0.45899519324302673,0.5371668934822083,1.0,51.13811492919922,False,0.0,0.12481667101383209,-0.24077866971492767,0.7724708914756775,0.0,-0.0016078799962997437,0.0030647186934947834,-0.01,-0.00854316130280496,0.11966801714152098,False,False,-0.013324139639735222,-0.1518562429794012,213,False,False,21.799999999998796,-0.16078799962997437,-0.0,0.0,0.0,0.0,0.0,0.0,-0.0,0.7014817308157911,0.0,-0.0,0.0,0.3491329854115958,56
0.0006079673767089844,1.391786813735962,0.24740546941757202,0.2806459963321686,0.0024754898622632027,0.15093587338924408,1.5949755907058716,-0.2208980768918991,0.7706214189529419,-0.008195987492799761,0.3079611659049988,0.3602413833141327,-0.6385605931282043,-0.42988288402557373,-1.0,51.13811492919922,False,0.0,0.12481667101383209,-0.24077866971492767,0.7724708914756775,0.0,-0.002042932212352753,-0.0038035432994365515,-0.01,-0.015846475511789304,0.12384231016039848,False,False,-0.007428381592035294,-0.10225959471472168,214,False,False,21.89999999999874,-0.20429322123527527,-0.0,0.0,0.0,0.0,0.0,0.0,-0.0,0.700883436756828,0.0,-0.0,0.0,0.34839878616606124,64
0.18745660781860352,1.5397484302520752,0.3536139726638794,0.23491171002388,0.0026551990304142237,0.14810100197792053,1.5184264183044434,-0.2204938530921936,0.7704872488975525,-0.026128489151597024,-0.3616699278354645,0.20361560583114624,0.1388869434595108,0.03561687469482422,-1.0,51.13811492919922,False,0.0,0.12481667101383209,-0.24077866971492767,0.7724708914756775,0.0,-0.00048205651342868804,-0.009840834438800794,-0.01,-0.020322890952229482,0.12358870124444366,False,False,-0.01589825749397278,-0.1258151212481793,215,False,False,21.999999999998685,-0.048205651342868805,-0.0,0.0,0.0,0.0,0.0,0.0,-0.0,0.6880826222724041,0.0,-0.0,0.0,0.34355925462277337,64
0.1789093017578125,1.4862443208694458,0.17284998297691345,0.22630158066749573,0.0017412530723959208,0.14794068038463593,1.335969090461731,-0.22487932443618774,0.7714151740074158,-0.0210688839107752,0.40989023447036743,-0.5426721572875977,-0.2166309505701065,0.404385507106781,-1.0,51.13811492919922,False,0.0,0.12481667101383209,-0.24077866971492767,0.7724708914756775,0.0,-0.0016823990643024444,-0.0010281121730804643,-0.01,-0.01271051123738291,0.12017150688916445,False,False,-0.015195846557617188,-0.12080229669294267,216,False,False,22.09999999999863,-0.16823990643024445,-0.0,0.0,0.0,0.0,0.0,0.0,-0.0,0.6929559805885299,0.0,-0.0,0.0,0.3447955912299625,57
0.12619495391845703,1.3505761623382568,0.26717931032180786,0.2851364016532898,0.0016368103679269552,0.14216762781143188,1.1307567358016968,-0.22556835412979126,0.7711094617843628,-0.025358604788780235,-0.050116509199142456,0.15722455084323883,-0.5427301526069641,-0.4206317067146301,-1.0,51.13811492919922,False,0.0,0.12481667101383209,-0.24077866971492767,0.7724708914756775,0.0,-0.001246795728802681,-0.0022120420634746396,-0.01,-0.013458837792277321,0.11728238174691796,False,False,-0.008408229798078537,-0.11002416183049751,217,False,False,22.199999999998575,-0.1246795728802681,-0.0,0.0,0.0,0.0,0.0,0.0,-0.0,0.695486760201985,0.0,-0.0,0.0,0.3464965843721898,64
0.14131665229797363,1.0991771221160889,0.4084154963493347,0.32605281472206116,0.0017546653980389237,0.14741124212741852,1.249294400215149,-0.2271399050951004,0.7712253928184509,-0.02177218712866305,1.0,0.00386712490580976,-1.0,-0.546343207359314,-1.0,51.13811492919922,False,0.0,0.12481667101383209,-0.24077866971492767,0.7724708914756775,0.0,-0.005746264457702637,-0.01275548845529556,-0.01,-0.028501752912998196,0.11374560603871942,False,False,-0.02129393070936203,-0.115233450981237,218,False,False,22.29999999999852,-0.5746264457702637,-0.0,0.0,0.0,0.0,0.0,0.0,-0.0,0.676743188584385,0.0,-0.0,0.0,0.33262532983448984,58
0.1365363597869873,1.2403239011764526,0.42204806208610535,0.23015299439430237,0.005262414459139109,0.14708441495895386,1.3849093914031982,-0.22421453893184662,0.769755482673645,-0.0181227996200323,-0.3994915187358856,0.004285908304154873,-0.13096657395362854,-0.4431898295879364,-1.0,51.13811492919922,False,0.0,0.12481667101383209,-0.24077866971492767,0.7724708914756775,0.0,-0.0009329533576965332,-0.00952873870730403,-0.01,-0.020461692065000564,0.118117013014853,False,False,-0.011660554446280003,-0.10750415941966483,219,False,False,22.399999999998464,-0.09329533576965332,-0.0,0.0,0.0,0.0,0.0,0.0,-0.0,0.6643290073739363,0.0,-0.0,0.0,0.3312315503292716,64
0.2423107624053955,1.376494288444519,0.43340274691581726,0.21560153365135193,0.006584622897207737,0.14806362986564636,1.328286051750183,-0.22613994777202606,0.7705079913139343,-0.01086755119264124,-0.06509212404489517,-0.8339182734489441,-0.045584116131067276,0.3432599902153015,-1.0,51.13811492919922,False,0.0,0.12481667101383209,-0.24077866971492767,0.7724708914756775,0.0,-0.0020489050447940827,0.002765608131885533,-0.01,-0.00928329691290855,0.11952276388183236,False,False,-0.005830651149153709,-0.11711052407880429,220,False,False,22.49999999999841,-0.20489050447940826,-0.0,0.0,0.0,0.0,0.0,0.0,-0.0,0.6766264329869023,0.0,-0.0,0.0,0.33626431144865704,42
0.1722574234008789,1.3026665449142456,0.4300937056541443,0.3219868242740631,0.00926221814006567,0.14177559316158295,1.0676279067993164,-0.22622087597846985,0.7719587683677673,-0.010456540286540968,-0.07082654535770416,-0.29243671894073486,-0.45941612124443054,-0.26229408383369446,-1.0,51.13811492919922,False,0.0,0.12481667101383209,-0.24077866971492767,0.7724708914756775,0.0,-0.0009259925037622452,0.014333402514457694,-0.01,0.0034074100106954476,0.12076338985934854,False,False,-0.015393317677080631,-0.11314511393244021,221,False,False,22.599999999998353,-0.09259925037622452,-0.0,0.0,0.0,0.0,0.0,0.0,-0.0,0.7124174282598859,0.0,-0.0,0.0,0.3552827216261807,64
0.05277395248413086,1.0811125040054321,0.09601761400699615,0.429172158241272,0.005398464854806662,0.14297205209732056,1.1797155141830444,-0.22536815702915192,0.7706453204154968,-0.00807551197707651,0.14666493237018585,0.14174817502498627,-0.47372961044311523,-0.07523442059755325,-1.0,51.13811492919922,False,0.0,0.12481667101383209,-0.24077866971492767,0.7724708914756775,0.0,-0.0006792077422142029,-0.00029925122857094033,-0.01,-0.010978458970785143,0.12434515589848161,False,False,-0.01776420697569847,-0.11467207697773603,222,False,False,22.699999999998298,-0.06792077422142029,-0.0,0.0,0.0,0.0,0.0,0.0,-0.0,0.7190090266469258,0.0,-0.0,0.0,0.3588253055812487,55
0.2064526081085205,1.24066960811615,0.15362849831581116,0.20423787832260132,0.0013798709260299802,0.14035888016223907,1.2460310459136963,-0.22056762874126434,0.7708432078361511,-0.021925267055630714,0.10870485752820969,0.34532809257507324,-0.01627497933804989,0.08712339401245117,-1.0,51.13811492919922,False,0.0,0.12481667101383209,-0.24077866971492767,0.7724708914756775,0.0,-0.0003473089635372162,-0.008983681052923187,-0.01,-0.019330990016460402,0.12542884005233645,False,False,-0.014077440835535526,-0.10282834633856461,223,False,False,22.799999999998242,-0.03473089635372162,-0.0,0.0,0.0,0.0,0.0,0.0,-0.0,0.7081229515292962,0.0,-0.0,0.0,0.35371416680111084,64
0.1800835132598877,1.2325257062911987,0.3459910750389099,0.23361438512802124,0.0006807924364693463,0.14307141304016113,1.0954902172088623,-0.22810079157352448,0.7705388069152832,-0.025847036987543093,0.4092118442058563,0.467883437871933,-0.47869378328323364,0.061695415526628494,1.0,51.13811492919922,False,0.0,0.12481667101383209,-0.24077866971492767,0.7724708914756775,0.0,-0.0015483081340789794,-0.014171898812055606,-0.01,-0.025720206946134583,0.12412826390936971,False,False,-0.01171042863279581,-0.10271050572485761,224,False,False,22.899999999998187,-0.15483081340789795,-0.0,0.0,0.0,0.0,0.0,0.0,-0.0,0.6866456132383972,0.0,-0.0,0.0,0.34177449848511965,57
0.22537708282470703,1.1746917963027954,0.3364582657814026,0.40956008434295654,0.010518466122448444,0.1439444124698639,1.2938573360443115,-0.2235700637102127,0.7699915170669556,-0.014451907202601415,-0.5274914503097534,0.26278191804885864,-0.40670710802078247,0.576262354850769,-1.0,51.13811492919922,False,0.0,0.12481667101383209,-0.24077866971492767,0.7724708914756775,0.0,-0.002111976444721222,-0.009735464304685582,-0.01,-0.021847440749406803,0.12203536694869399,False,False,-0.0044758617877960205,-0.10214139840379205,225,False,False,22.99999999999813,-0.2111976444721222,-0.0,0.0,0.0,0.0,0.0,0.0,-0.0,0.6739137514053644,0.0,-0.0,0.0,0.33484489925796096,63
0.142592191696167,1.255733847618103,0.21269917488098145,0.37874743342399597,0.0020272599067538977,0.1460057944059372,1.25930655002594,-0.22657302021980286,0.7700864672660828,-0.018991300761699706,0.7366180419921875,-0.22571630775928497,0.4269220232963562,1.0,-1.0,51.13811492919922,False,0.0,0.12481667101383209,-0.24077866971492767,0.7724708914756775,0.0,-0.0044395411014556884,-0.003154969513416317,-0.01,-0.017594510614872005,0.11706314701586962,False,False,-0.014105322770774364,-0.12017493127616996,226,False,False,23.099999999998076,-0.44395411014556885,-0.0,0.0,0.0,0.0,0.0,0.0,-0.0,0.6743473562939045,0.0,-0.0,0.0,0.3327341370454966,59
0.21284818649291992,1.231438398361206,0.4735186696052551,0.23529726266860962,0.0009668450802564621,0.13903087377548218,1.041265845298767,-0.2255771905183792,0.7706485986709595,-0.03535467058420183,-0.13708440959453583,-0.33093878626823425,0.3072795867919922,-0.5980523228645325,-1.0,51.13811492919922,False,0.0,0.12481667101383209,-0.24077866971492767,0.7724708914756775,0.0,-0.0014509998261928558,-0.009094936400651954,-0.01,-0.020545936226844808,0.11705618537962437,False,False,-0.008040261454880238,-0.09287774152449885,227,False,False,23.19999999999802,-0.14509998261928558,-0.0,0.0,0.0,0.0,0.0,0.0,-0.0,0.662785279827621,0.0,-0.0,0.0,0.32994164008761767,64
0.18878579139709473,1.0580782890319824,0.317851722240448,0.21274781227111816,0.0009487894712947309,0.14185161888599396,1.1953164339065552,-0.2240803986787796,0.770344614982605,0.0018669448047876225,-0.27848339080810547,-0.24530133605003357,-1.0,-0.5598425269126892,1.0,51.13811492919922,False,0.0,0.12481667101383209,-0.24077866971492767,0.7724708914756775,0.0,-0.0036278736591339113,0.007676955908536898,-0.01,-0.005950917750597013,0.12336648302152753,False,False,-0.015821997076272964,-0.11420325253395716,228,False,False,23.299999999997965,-0.3627873659133911,-0.0,0.0,0.0,0.0,0.0,0.0,-0.0,0.6849891289473451,0.0,-0.0,0.0,0.33886669081453863,8
0.22076964378356934,1.2115110158920288,0.6289074420928955,0.20680123567581177,0.00033131527015939355,0.14096486568450928,1.1661832332611084,-0.22343911230564117,0.7709731459617615,-0.01159476816654208,0.46642929315567017,-0.11232122033834457,-0.014349590986967087,-0.20869353413581848,-1.0,51.13811492919922,False,0.0,0.12481667101383209,-0.24077866971492767,0.7724708914756775,0.0,-0.0006848280876874924,0.0009835867583751767,-0.01,-0.009701241329312316,0.11652462789788842,False,False,-0.018886948004364967,-0.11117136058937394,229,False,False,23.39999999999791,-0.06848280876874924,-0.0,0.0,0.0,0.0,0.0,0.0,-0.0,0.6938952147838113,0.0,-0.0,0.0,0.34626277930421817,62
0.18598437309265137,1.2313271760940552,0.2749602198600769,0.19737693667411804,0.006911397445946932,0.1403992921113968,1.2571816444396973,-0.22102639079093933,0.7700903415679932,-0.01802535757422448,-0.5246520638465881,0.23527690768241882,-1.0,-0.010089121758937836,-1.0,51.13811492919922,False,0.0,0.12481667101383209,-0.24077866971492767,0.7724708914756775,0.0,-0.0033267921209335326,-0.0047419671714306055,-0.01,-0.018068759292364137,0.11663428321480751,False,False,-0.01145794428884983,-0.11053155403279868,230,False,False,23.499999999997854,-0.33267921209335327,-0.0,0.0,0.0,0.0,0.0,0.0,-0.0,0.6913245514483063,0.0,-0.0,0.0,0.34233548360321964,64
0.23658275604248047,1.2243807315826416,0.27250051498413086,0.26290881633758545,0.0019560533110052347,0.13795258104801178,1.0945122241973877,-0.22343973815441132,0.7701103687286377,-0.015113646499812616,0.14404308795928955,-0.32011663913726807,-0.1464182585477829,-0.1528688371181488,-1.0,51.13811492919922,False,0.0,0.12481667101383209,-0.24077866971492767,0.7724708914756775,0.0,-0.00042007561773061753,0.0019381055235862532,-0.01,-0.008481970094144364,0.11839798698201776,False,False,-0.0137961246073246,-0.12980125709811033,231,False,False,23.5999999999978,-0.04200756177306175,-0.0,0.0,0.0,0.0,0.0,0.0,-0.0,0.7022230063680592,0.0,-0.0,0.0,0.350691427566299,45
0.23035407066345215,1.0373998880386353,0.2361888736486435,0.33988499641418457,0.0012142782798036933,0.13538049161434174,1.0024890899658203,-0.22357767820358276,0.7701610326766968,-0.02267486535012722,0.039480794221162796,-0.1681016981601715,-0.9192302823066711,-0.6650475263595581,1.0,51.13811492919922,False,0.0,0.12481667101383209,-0.24077866971492767,0.7724708914756775,0.0,-0.003292723596096039,-0.0014789178967475891,-0.01,-0.014771641492843629,0.11349065601825714,False,False,-0.01638862118124962,-0.11114716986123441,232,False,False,23.699999999997743,-0.3292723596096039,-0.0,0.0,0.0,0.0,0.0,0.0,-0.0,0.7063284757305155,0.0,-0.0,0.0,0.3498715142691617,64
0.23077726364135742,0.9929065704345703,0.23307551443576813,0.2027369737625122,0.0017932105110958219,0.1372441053390503,1.2030775547027588,-0.21984295547008514,0.7697417140007019,-0.01055430650711062,0.12787136435508728,0.2655593752861023,-0.3956497609615326,-0.15544065833091736,1.0,51.13811492919922,False,0.0,0.12481667101383209,-0.24077866971492767,0.7724708914756775,0.0,-0.0006689335405826569,-0.00518349945545199,-0.01,-0.015852432996034647,0.11289400467649102,False,False,-0.01907995715737343,-0.09881171523860055,233,False,False,23.799999999997688,-0.06689335405826569,-0.0,0.0,0.0,0.0,0.0,0.0,-0.0,0.7029913538622565,0.0,-0.0,0.0,0.3508267433905456,64
0.27765631675720215,1.2067556381225586,0.14780810475349426,0.28758153319358826,0.0034299069084227085,0.14520099759101868,1.4259178638458252,-0.22091025114059448,0.7699460983276367,0.0014071519672870722,-0.19818958640098572,0.29993975162506104,-0.12843045592308044,0.24633368849754333,1.0,51.13811492919922,False,0.0,0.12481667101383209,-0.24077866971492767,0.7724708914756775,0.0,-0.0005160440504550933,-0.006868385970592528,-0.01,-0.01738443002104762,0.11332244798541069,False,False,-0.013107960112392902,-0.09889372869054774,234,False,False,23.899999999997632,-0.05160440504550934,-0.0,0.0,0.0,0.0,0.0,0.0,-0.0,0.6962167440554369,0.0,-0.0,0.0,0.34759232797726336,64
0.22147893905639648,1.400315284729004,0.40091970562934875,0.2222422957420349,0.004364466294646263,0.13823732733726501,1.2230913639068604,-0.21953433752059937,0.7704431414604187,-0.030665049478411685,0.3531673848628998,-1.0,0.08678147941827774,0.1261383295059204,-1.0,51.13811492919922,False,0.0,0.12481667101383209,-0.24077866971492767,0.7724708914756775,0.0,-0.002870422899723053,-0.0013783566653728374,-0.01,-0.01424877956509589,0.1151577620767057,False,False,-0.010191728360950947,-0.10716603544211627,235,False,False,23.999999999997577,-0.2870422899723053,-0.0,0.0,0.0,0.0,0.0,0.0,-0.0,0.7004646754768764,0.0,-0.0,0.0,0.34736191483871515,64
0.2119004726409912,1.2759934663772583,0.5771493315696716,0.327892541885376,0.005814926233142614,0.14385518431663513,1.4826427698135376,-0.21856281161308289,0.769245982170105,-0.0034890246391296323,0.0584835484623909,0.7167218923568726,-0.17911961674690247,0.2138952761888504,-1.0,51.13811492919922,False,0.0,0.12481667101383209,-0.24077866971492767,0.7724708914756775,0.0,-0.001487364172935486,-0.0011280092597008018,-0.01,-0.012615373432636287,0.11146694328635931,False,False,-0.021953361108899117,-0.11140162616004376,236,False,False,24.09999999999752,-0.14873641729354858,-0.0,0.0,0.0,0.0,0.0,0.0,-0.0,0.7052612483429326,0.0,-0.0,0.0,0.3511432599985308,63
0.29578208923339844,1.3912732601165771,0.3295496106147766,0.3919917941093445,0.0021998053416609764,0.1425156444311142,1.2231886386871338,-0.2251354604959488,0.7691174149513245,-0.02669982589781285,-0.008362346328794956,0.10215046256780624,-0.7424389123916626,0.47461897134780884,1.0,51.13811492919922,False,0.0,0.12481667101383209,-0.24077866971492767,0.7724708914756775,0.0,-0.001967458426952362,-0.010169627219438537,-0.01,-0.0221370856463909,0.11914567416533828,False,False,-0.018858592957258224,-0.11987731882365067,237,False,False,24.199999999997466,-0.1967458426952362,-0.0,0.0,0.0,0.0,0.0,0.0,-0.0,0.6918404163808023,0.0,-0.0,0.0,0.3439527497634488,64
0.2769887447357178,1.1569678783416748,0.2082144170999527,0.22808964550495148,0.0004477898473851383,0.13875581324100494,1.0303581953048706,-0.22578111290931702,0.7704968452453613,-0.0269913246482611,0.2237340360879898,-0.8036509156227112,-0.28149232268333435,0.4972774386405945,1.0,51.13811492919922,False,0.0,0.12481667101383209,-0.24077866971492767,0.7724708914756775,0.0,-0.0025560861825942994,-0.0033642573654651398,-0.01,-0.01592034354805944,0.1181253558024764,False,False,-0.01632126420736313,-0.1087207166031009,238,False,False,24.29999999999741,-0.25560861825942993,-0.0,0.0,0.0,0.0,0.0,0.0,-0.0,0.6920322545959811,0.0,-0.0,0.0,0.34346004111539624,63
0.206679105758667,1.0775749683380127,0.469465047121048,0.2755059003829956,0.00117374281398952,0.13670256733894348,0.9704266786575317,-0.22645242512226105,0.7695702314376831,-0.02677415549755098,0.2642146348953247,0.3547179400920868,-0.3090534210205078,0.5701310634613037,-1.0,51.13811492919922,False,0.0,0.12481667101383209,-0.24077866971492767,0.7724708914756775,0.0,-0.0015404941141605377,-0.005271297395229357,-0.01,-0.016811791509389894,0.1182400700636208,False,False,-0.012205109931528568,-0.10265095490271882,239,False,False,24.399999999997355,-0.15404941141605377,-0.0,0.0,0.0,0.0,0.0,0.0,-0.0,0.6883734068356536,0.0,-0.0,0.0,0.3426462093036663,64
0.26776790618896484,1.0090727806091309,0.3298540711402893,0.23657698929309845,0.008433245122432709,0.13462594151496887,1.1962920427322388,-0.21579965949058533,0.7713704109191895,-0.028523996174335473,-0.0843101367354393,0.5386165380477905,-0.21834436058998108,0.8188750147819519,-1.0,51.13811492919922,False,0.0,0.12481667101383209,-0.24077866971492767,0.7724708914756775,0.0,-0.0025386163592338563,-0.015677904635667816,-0.01,-0.02821652099490167,0.12173659121617675,False,False,-0.019390586763620377,-0.10791183065657223,240,False,False,24.4999999999973,-0.2538616359233856,-0.0,0.0,0.0,0.0,0.0,0.0,-0.0,0.6636541837369785,0.0,-0.0,0.0,0.3292884755092554,63
0.0942528247833252,1.117147445678711,0.2650300860404968,0.24740567803382874,0.0005160651635378599,0.1369973123073578,1.2097134590148926,-0.21931906044483185,0.7698197364807129,-0.032301924377679814,0.728257417678833,-0.24673496186733246,0.41612517833709717,0.5390846133232117,-1.0,51.13811492919922,False,0.0,0.12481667101383209,-0.24077866971492767,0.7724708914756775,0.0,-0.002637523412704468,-0.02012402266263963,-0.01,-0.032761546075344095,0.11781472200527787,False,False,-0.026671575382351875,-0.1118539042206043,241,False,False,24.599999999997245,-0.2637523412704468,-0.0,0.0,0.0,0.0,0.0,0.0,-0.0,0.629703174445919,0.0,-0.0,0.0,0.312214063810255,63
0.262528657913208,1.2003734111785889,0.5112966299057007,0.24541085958480835,0.0002498673275113106,0.13735100626945496,1.12289297580719,-0.22167626023292542,0.7704208493232727,-0.02403016388416291,-0.25893452763557434,-0.3177209794521332,-0.0625678300857544,-0.6448491811752319,1.0,51.13811492919922,False,0.0,0.12481667101383209,-0.24077866971492767,0.7724708914756775,0.0,-0.0014693471789360047,-0.010131932348012906,-0.01,-0.02160127952694891,0.11648223735392094,False,False,-0.005461028311401606,-0.0895949222050222,242,False,False,24.69999999999719,-0.14693471789360046,-0.0,0.0,0.0,0.0,0.0,0.0,-0.0,0.6155952787864497,0.0,-0.0,0.0,0.30632829221428887,63
0.17970800399780273,1.115132451057434,0.6105964779853821,0.2685694694519043,0.00011074489157181233,0.1349891573190689,0.8765687346458435,-0.22557272017002106,0.7715522646903992,-0.00817890539765356,0.26420843601226807,-0.5250330567359924,0.3409891426563263,-0.5563398599624634,1.0,51.13811492919922,False,0.0,0.12481667101383209,-0.24077866971492767,0.7724708914756775,0.0,-0.0019281335175037385,0.008582521378994012,-0.01,-0.003345612138509726,0.1175580220296979,False,False,-0.02021997794508934,-0.09415371401408154,243,False,False,24.799999999997134,-0.19281335175037384,-0.0,0.0,0.0,0.0,0.0,0.0,-0.0,0.6391517953426049,0.0,-0.0,0.0,0.3176477641537987,63
0.1036226749420166,0.9237602353096008,0.26906830072402954,0.21026623249053955,0.0001154620767920278,0.135430246591568,0.9655237197875977,-0.22411084175109863,0.7707865834236145,-0.015709496289491663,0.2763946056365967,-0.009072894230484962,1.0,0.14809325337409973,1.0,51.13811492919922,False,0.0,0.12481667101383209,-0.24077866971492767,0.7724708914756775,0.0,-0.0027460196614265443,-0.0018960501253604822,-0.01,-0.014642069786787027,0.11746089300140738,False,False,-0.012533403001725674,-0.10900773947012515,244,False,False,24.89999999999708,-0.2746019661426544,-0.0,0.0,0.0,0.0,0.0,0.0,-0.0,0.6417774579190885,0.0,-0.0,0.0,0.31814270929811767,64
0.1718759536743164,1.0024811029434204,0.35290318727493286,0.2350127398967743,0.0001971175370272249,0.1359492838382721,0.9674007892608643,-0.22480477392673492,0.7705553770065308,-0.021349538117647178,0.015332783572375774,-0.5269569158554077,-0.21118943393230438,0.44167405366897583,1.0,51.13811492919922,False,0.0,0.12481667101383209,-0.24077866971492767,0.7724708914756775,0.0,-0.001293988972902298,-0.008564478009939203,-0.01,-0.0198584669828415,0.1186064719222486,False,False,-0.009282058104872704,-0.08413513086533028,245,False,False,24.999999999997023,-0.1293988972902298,-0.0,0.0,0.0,0.0,0.0,0.0,-0.0,0.6309581096542859,0.0,-0.0,0.0,0.31418506585424066,64
0.21559596061706543,1.0285943746566772,0.29657530784606934,0.30137985944747925,0.00021803946583531797,0.13628719747066498,1.1152997016906738,-0.2206367552280426,0.7706243395805359,-0.02806896865367889,0.48307865858078003,-0.06250863522291183,0.010182303376495838,0.7678375840187073,-1.0,51.13811492919922,False,0.0,0.12481667101383209,-0.24077866971492767,0.7724708914756775,0.0,-0.0020673763751983642,-0.011566819995641686,-0.01,-0.02363419637084005,0.11667546024546027,False,False,-0.01894557476043701,-0.08692416413552695,246,False,False,25.099999999996967,-0.20673763751983643,-0.0,0.0,0.0,0.0,0.0,0.0,-0.0,0.6139641563986402,0.0,-0.0,0.0,0.3049147018241217,64
0.20017623901367188,1.1155645847320557,0.7472892999649048,0.2686472237110138,0.00015352213813457638,0.1386752426624298,1.199174404144287,-0.22046057879924774,0.7706723213195801,-0.018937190026044846,-0.392817884683609,0.5048795342445374,-0.2732599079608917,-0.7006738185882568,1.0,51.13811492919922,False,0.0,0.12481667101383209,-0.24077866971492767,0.7724708914756775,0.0,-0.0024370600283145907,-0.010662663131952299,-0.01,-0.023099723160266893,0.11555426008999348,False,False,-0.00011774003360187635,-0.067941442712421,247,False,False,25.199999999996912,-0.24370600283145905,-0.0,0.0,0.0,0.0,0.0,0.0,-0.0,0.5986250587742139,0.0,-0.0,0.0,0.2968754693587924,63
0.20178556442260742,1.1428351402282715,0.9330491423606873,0.32355841994285583,8.950197661761194e-05,0.1320914328098297,0.9650066494941711,-0.21994508802890778,0.7716290354728699,-0.022542475759983083,1.0,0.03380335494875908,0.21768881380558014,-0.4592095613479614,-1.0,51.13811492919922,False,0.0,0.12481667101383209,-0.24077866971492767,0.7724708914756775,0.0,-0.003148511350154877,-0.0012332966923713773,-0.01,-0.014381808042526254,0.11207245104014874,False,False,-0.03313598036766052,-0.09543875549002989,248,False,False,25.299999999996857,-0.31485113501548767,-0.0,0.0,0.0,0.0,0.0,0.0,-0.0,0.6021802720905738,0.0,-0.0,0.0,0.297941624695132,64
0.12034177780151367,0.9801586270332336,0.36302852630615234,0.25304460525512695,0.000371625559637323,0.13807375729084015,1.1677544116973877,-0.2217123955488205,0.7697616219520569,-0.0011101026087999635,-0.1872604936361313,0.3289763033390045,-0.001418011263012886,-0.32713961601257324,-1.0,51.13811492919922,False,0.0,0.12481667101383209,-0.24077866971492767,0.7724708914756775,0.0,-0.0006257855147123336,-0.004006198942661299,-0.01,-0.014631984457373633,0.11396645195782185,False,False,-0.008776499889791012,-0.09492559012145174,249,False,False,25.3999999999968,-0.06257855147123337,-0.0,0.0,0.0,0.0,0.0,0.0,-0.0,0.6001695263003504,0.0,-0.0,0.0,0.29945897763546286,62
0.27220845222473145,1.1273796558380127,0.5105013251304626,0.3008894920349121,0.0001302612799918279,0.13673749566078186,1.0587598085403442,-0.2218952625989914,0.7715123295783997,-0.01794886335730555,0.5358884930610657,0.6700840592384338,-0.42243656516075134,-0.38510626554489136,-1.0,51.13811492919922,False,0.0,0.12481667101383209,-0.24077866971492767,0.7724708914756775,0.0,-0.002657371461391449,-0.006485555917024599,-0.01,-0.019142927378416046,0.1135660819709301,False,False,-0.01700459234416485,-0.10333042974145977,250,False,False,25.499999999996746,-0.2657371461391449,-0.0,0.0,0.0,0.0,0.0,0.0,-0.0,0.5931296772378285,0.0,-0.0,0.0,0.2939074671575228,50
0.09491443634033203,1.0025173425674438,0.6085867285728455,0.21289671957492828,0.00017345977539662272,0.1429925560951233,1.459709882736206,-0.21591487526893616,0.7717192769050598,-0.009576464295387261,0.0737820491194725,0.8617024421691895,-0.07290838658809662,-0.14226895570755005,1.0,51.13811492919922,False,0.0,0.12481667101383209,-0.24077866971492767,0.7724708914756775,0.0,-0.0019338276982307433,-0.016360526382923124,-0.01,-0.02829435408115387,0.11471814196556807,False,False,-0.014540178701281548,-0.1137086505736428,251,False,False,25.59999999999669,-0.19338276982307434,-0.0,0.0,0.0,0.0,0.0,0.0,-0.0,0.5660692602221338,0.0,-0.0,0.0,0.28110080241283614,64
0.10820627212524414,1.378294825553894,0.4556973874568939,0.24071034789085388,0.0002925578155554831,0.13902276754379272,1.4288430213928223,-0.21382291615009308,0.7707674503326416,-0.025462700128555303,-0.2946486473083496,0.4772786796092987,-0.484300822019577,0.29862743616104126,-1.0,51.13811492919922,False,0.0,0.12481667101383209,-0.24077866971492767,0.7724708914756775,0.0,-0.0015958461165428161,-0.010027271211147326,-0.01,-0.021623117327690143,0.11633182317018509,False,False,-0.020190710201859474,-0.13531923173424856,252,False,False,25.699999999996635,-0.15958461165428162,-0.0,0.0,0.0,0.0,0.0,0.0,-0.0,0.5515299881276998,0.0,-0.0,0.0,0.27416914794730707,64
0.17627477645874023,1.3636753559112549,0.30228447914123535,0.34211835265159607,0.00039255450246855617,0.14717096090316772,1.7800331115722656,-0.21188053488731384,0.770322322845459,0.0034766061604023183,-0.016617273911833763,0.4294426441192627,0.2879846692085266,-0.25355052947998047,-1.0,51.13811492919922,False,0.0,0.12481667101383209,-0.24077866971492767,0.7724708914756775,0.0,-0.0008298003673553467,-0.005556988716125477,-0.01,-0.016386789083480825,0.11502657970413566,False,False,-0.01881340518593788,-0.1356206951684278,253,False,False,25.79999999999658,-0.08298003673553467,-0.0,0.0,0.0,0.0,0.0,0.0,-0.0,0.5458748051274656,0.0,-0.0,0.0,0.2721076021963774,64
0.22966265678405762,1.7016669511795044,0.405256450176239,0.4089922308921814,0.0002258022577734664,0.13502180576324463,1.3502086400985718,-0.21271099150180817,0.7702374458312988,-0.03725668892264369,-0.4026649296283722,0.41138479113578796,0.23905743658542633,0.0019816153217107058,-1.0,51.13811492919922,False,0.0,0.12481667101383209,-0.24077866971492767,0.7724708914756775,0.0,-0.0009713222086429596,-0.004088607728481297,-0.01,-0.015059929937124256,0.12145885266363621,False,False,-0.01992044970393181,-0.133094571137423,254,False,False,25.899999999996524,-0.09713222086429596,-0.0,0.0,0.0,0.0,0.0,0.0,-0.0,0.5431288720835923,0.0,-0.0,0.0,0.2705931138331532,64
0.19379854202270508,1.325663447380066,0.4780083894729614,0.20415613055229187,6.332260818453506e-05,0.1372193992137909,1.3124544620513916,-0.21431636810302734,0.7719622850418091,-0.010132503211498252,0.3463292717933655,-0.32744160294532776,0.3123376667499542,-0.5877129435539246,1.0,51.13811492919922,False,0.0,0.12481667101383209,-0.24077866971492767,0.7724708914756775,0.0,-0.00167530819773674,-0.0026746778190135934,-0.01,-0.014349986016750334,0.11551823560148478,False,False,-0.011616038158535957,-0.12294261415098565,255,False,False,25.99999999999647,-0.167530819773674,-0.0,0.0,0.0,0.0,0.0,0.0,-0.0,0.5432116235594586,0.0,-0.0,0.0,0.26993050358199255,47
0.0843048095703125,1.3389348983764648,0.17013302445411682,0.3191295266151428,6.350935291266069e-05,0.13638411462306976,1.2967164516448975,-0.2137671411037445,0.7721483707427979,-0.017766648381948465,0.372857928276062,-0.06613586097955704,-0.4027182161808014,-0.10587199032306671,-1.0,51.13811492919922,False,0.0,0.12481667101383209,-0.24077866971492767,0.7724708914756775,0.0,-0.0007919695973396301,-0.0038890902698039964,-0.01,-0.014681059867143628,0.1158999940380454,False,False,-0.01110650971531868,-0.10797365244293256,256,False,False,26.099999999996413,-0.07919695973396301,-0.0,0.0,0.0,0.0,0.0,0.0,-0.0,0.5408419094071382,0.0,-0.0,0.0,0.26962898510622946,63
0.09612441062927246,1.3246967792510986,0.44542452692985535,0.3744884133338928,0.0004867448878940195,0.14756712317466736,1.882906198501587,-0.2089090496301651,0.7706037759780884,0.004543417990207695,0.10556502640247345,0.39568889141082764,-0.5085608959197998,0.3612500727176666,-1.0,51.13811492919922,False,0.0,0.12481667101383209,-0.24077866971492767,0.7724708914756775,0.0,-0.0013921236991882324,-0.008869059085845954,-0.01,-0.020261182785034186,0.11475922493264079,False,False,-0.014531893655657768,-0.10190318080655086,257,False,False,26.199999999996358,-0.13921236991882324,-0.0,0.0,0.0,0.0,0.0,0.0,-0.0,0.5283876378998726,0.0,-0.0,0.0,0.2628016952507481,64
0.1890122890472412,1.8344273567199707,0.28616636991500854,0.31928563117980957,7.524978718720376e-05,0.13902728259563446,1.1835252046585083,-0.2197960913181305,0.7721583247184753,-0.05387470558285713,0.1244584247469902,0.41553518176078796,-0.5475630760192871,1.0,1.0,51.13811492919922,False,0.0,0.12481667101383209,-0.24077866971492767,0.7724708914756775,0.0,-0.003719961643218994,-0.01195691764354706,-0.01,-0.025676879286766055,0.11257268441841006,False,False,-0.021170472726225853,-0.13615999886225671,258,False,False,26.299999999996302,-0.3719961643218994,-0.0,0.0,0.0,0.0,0.0,0.0,-0.0,0.5095695606834032,0.0,-0.0,0.0,0.25106481869848263,64
0.05421042442321777,1.1884112358093262,0.20415981113910675,0.2621108591556549,0.00020787178073078394,0.14123158156871796,1.5034948587417603,-0.21329250931739807,0.7712671160697937,-0.014329143725335575,0.20705409348011017,-0.10273850709199905,-0.05769908055663109,-0.31095099449157715,-1.0,51.13811492919922,False,0.0,0.12481667101383209,-0.24077866971492767,0.7724708914756775,0.0,-0.000383615754544735,-0.012182388007640849,-0.01,-0.022566003762185583,0.11074014194309711,False,False,-0.017457542940974236,-0.1277762846956616,259,False,False,26.399999999996247,-0.038361575454473495,-0.0,0.0,0.0,0.0,0.0,0.0,-0.0,0.4901058319311823,0.0,-0.0,0.0,0.2446693002110464,64
0.14382004737854004,1.4524023532867432,0.1964653581380844,0.36853575706481934,9.316813520854339e-05,0.13632163405418396,1.4663710594177246,-0.20850737392902374,0.7722560167312622,-0.013990941941738142,-0.3484581410884857,-0.07906151562929153,-0.28962597250938416,-0.37772032618522644,-1.0,51.13811492919922,False,0.0,0.12481667101383209,-0.24077866971492767,0.7724708914756775,0.0,-0.000885574072599411,0.0006514349579811174,-0.01,-0.010234139114618294,0.10952444514259696,False,False,-0.015776924788951874,-0.1222674139827647,260,False,False,26.49999999999619,-0.0885574072599411,-0.0,0.0,0.0,0.0,0.0,0.0,-0.0,0.49637244450512774,0.0,-0.0,0.0,0.24730064817996447,62
0.07372498512268066,1.459905982017517,0.32712864875793457,0.2298785150051117,0.00021941108570899814,0.1421462893486023,1.5673027038574219,-0.21235544979572296,0.7712046504020691,-0.0001349569857120314,-0.15258949995040894,0.5061564445495605,-0.03566407412290573,0.13733549416065216,-1.0,51.13811492919922,False,0.0,0.12481667101383209,-0.24077866971492767,0.7724708914756775,0.0,-0.0007490271329879761,0.0024667465686797896,-0.01,-0.008282280564308186,0.11103910440579057,False,False,-0.01766008324921131,-0.12041724054178737,261,False,False,26.599999999996136,-0.07490271329879761,-0.0,0.0,0.0,0.0,0.0,0.0,-0.0,0.5063696539327813,0.0,-0.0,0.0,0.2524357998334027,62
0.10985136032104492,1.518195390701294,0.28362172842025757,0.26709431409835815,9.757946099853143e-05,0.13780006766319275,1.363492488861084,-0.21322940289974213,0.7720987796783447,-0.025421313494443914,0.22967520356178284,-0.4335349500179291,-0.2969713807106018,-0.6665549874305725,-1.0,51.13811492919922,False,0.0,0.12481667101383209,-0.24077866971492767,0.7724708914756775,0.0,-0.0019329769909381866,-0.005009220689535132,-0.01,-0.01694219768047332,0.10998954111710191,False,False,-0.015902193263173103,-0.12020806542633136,262,False,False,26.69999999999608,-0.19329769909381866,-0.0,0.0,0.0,0.0,0.0,0.0,-0.0,0.5013648222016888,0.0,-0.0,0.0,0.2487494341099062,64
0.03704428672790527,1.3470332622528076,0.20169268548488617,0.2107592225074768,0.00014780956553295255,0.14560356736183167,1.7162432670593262,-0.21062025427818298,0.7719289064407349,0.009214974641799935,0.02896437793970108,-0.6519482135772705,0.07202485203742981,-0.4296625256538391,-1.0,51.13811492919922,False,0.0,0.12481667101383209,-0.24077866971492767,0.7724708914756775,0.0,-0.0015391822159290314,0.004581746160984057,-0.01,-0.006957436054944975,0.1086016520857811,False,False,-0.014835882931947708,-0.11966547990675813,263,False,False,26.799999999996025,-0.15391822159290314,-0.0,0.0,0.0,0.0,0.0,0.0,-0.0,0.5156851067787067,0.0,-0.0,0.0,0.25630337117342433,61
0.07225275039672852,1.646782398223877,0.41107186675071716,0.3424115478992462,9.512311953585595e-05,0.1426233947277069,1.8109335899353027,-0.20441032946109772,0.7723179459571838,-0.007910121120512509,0.019296670332551003,-0.01776481419801712,-0.3022456467151642,-0.28492307662963867,-1.0,51.13811492919922,False,0.0,0.12481667101383209,-0.24077866971492767,0.7724708914756775,0.0,-0.00043305385857820514,0.00492525517940523,-0.01,-0.005507798679172975,0.1056617759168148,False,False,-0.02050251141190529,-0.1291804493250724,264,False,False,26.89999999999597,-0.04330538585782051,-0.0,0.0,0.0,0.0,0.0,0.0,-0.0,0.530844112711909,0.0,-0.0,0.0,0.2649890024973763,34
0.022017955780029297,1.7537140846252441,0.07722426950931549,0.20041923224925995,0.00019993986643385142,0.14665047824382782,2.05480694770813,-0.20154017210006714,0.7718989849090576,-0.006011080145835901,0.2555149495601654,0.08086395263671875,0.004060123581439257,-0.28034526109695435,-1.0,51.13811492919922,False,0.0,0.12481667101383209,-0.24077866971492767,0.7724708914756775,0.0,-0.00037609204649925233,-0.0045707017183304055,-0.01,-0.014946793764829658,0.1060264902189374,False,False,-0.016138548031449318,-0.1228680780203273,265,False,False,26.999999999995914,-0.03760920464992523,-0.0,0.0,0.0,0.0,0.0,0.0,-0.0,0.52697240224489,0.0,-0.0,0.0,0.26311010907594573,48
0.035566091537475586,1.9322654008865356,0.3788962960243225,0.3399009704589844,0.000668147811666131,0.14257235825061798,1.839146614074707,-0.20552998781204224,0.7703008651733398,-0.034027494192123434,0.24984680116176605,0.43528032302856445,-0.3630756437778473,-0.2493312507867813,1.0,51.13811492919922,False,0.0,0.12481667101383209,-0.24077866971492767,0.7724708914756775,0.0,-0.001114705950021744,-0.010543592721223849,-0.01,-0.021658298671245593,0.10739556094631553,False,False,-0.019737159833312035,-0.12234314872112298,266,False,False,27.09999999999586,-0.11147059500217438,-0.0,0.0,0.0,0.0,0.0,0.0,-0.0,0.5109951572602398,0.0,-0.0,0.0,0.2543828726800982,64
0.2651512622833252,1.7842342853546143,0.2849469780921936,0.3555084466934204,0.0016942700603976846,0.14945214986801147,2.307999610900879,-0.2002357393503189,0.7684093117713928,-0.0030663575604558263,-0.05547619238495827,0.26049283146858215,0.12970834970474243,-0.21232935786247253,-1.0,51.13811492919922,False,0.0,0.12481667101383209,-0.24077866971492767,0.7724708914756775,0.0,-0.00033210534602403643,-0.011170954108238235,-0.01,-0.02150305945426227,0.10854242835193872,False,False,-0.016020264476537704,-0.11870566433395852,267,False,False,27.199999999995804,-0.03321053460240364,-0.0,0.0,0.0,0.0,0.0,0.0,-0.0,0.49358918501800175,0.0,-0.0,0.0,0.24646248716297683,64
0.3825366497039795,2.1649038791656494,0.25896281003952026,0.24818378686904907,0.0009731056052260101,0.14171767234802246,1.6354316473007202,-0.21149753034114838,0.7695900797843933,-0.04144598521292212,0.062496572732925415,0.19924230873584747,-0.17331364750862122,-0.05064230039715767,-1.0,51.13811492919922,False,0.0,0.12481667101383209,-0.24077866971492767,0.7724708914756775,0.0,-0.00019051395356655122,-0.005336471796035774,-0.01,-0.015526985749602325,0.1031345259398222,False,False,-0.01720188930630684,-0.12815812673028698,268,False,False,27.299999999995748,-0.01905139535665512,-0.0,0.0,0.0,0.0,0.0,0.0,-0.0,0.48779419357798937,0.0,-0.0,0.0,0.24370658283542812,64
0.23928284645080566,1.5087981224060059,0.14188936352729797,0.2583376467227936,0.0005435401108115911,0.14423996210098267,1.8709158897399902,-0.20651553571224213,0.7700298428535461,-0.009102723896503455,0.23300057649612427,0.1506604552268982,-0.5233404636383057,0.37150394916534424,1.0,51.13811492919922,False,0.0,0.12481667101383209,-0.24077866971492767,0.7724708914756775,0.0,-0.0012222206592559814,-0.006697001755237575,-0.01,-0.017919222414493556,0.10934927128255367,False,False,-0.018164319917559624,-0.11643226425084598,269,False,False,27.399999999995693,-0.12222206592559814,-0.0,0.0,0.0,0.0,0.0,0.0,-0.0,0.4791920562107681,0.0,-0.0,0.0,0.23837380744612807,64
0.22693872451782227,1.780981421470642,0.2543787360191345,0.25589877367019653,0.0009613191359676421,0.1412624567747116,1.7535829544067383,-0.20732146501541138,0.7697663903236389,-0.020931095480918885,-0.35902613401412964,-0.533260703086853,-0.6804963946342468,-0.04143263399600983,-1.0,51.13811492919922,False,0.0,0.12481667101383209,-0.24077866971492767,0.7724708914756775,0.0,-0.0021951468288898468,-0.0018986359238624684,-0.01,-0.014093782752752314,0.10540894605219364,False,False,-0.011728985235095024,-0.11025430480699222,270,False,False,27.499999999995637,-0.21951468288898468,-0.0,0.0,0.0,0.0,0.0,0.0,-0.0,0.48019673483029035,0.0,-0.0,0.0,0.23790322058625532,64
0.2598881721496582,1.6662681102752686,0.37945109605789185,0.2714584767818451,0.0008499397663399577,0.14833292365074158,2.151371479034424,-0.20215536653995514,0.7700693011283875,0.008438753187656389,0.5631183385848999,0.29956117272377014,-0.36528947949409485,0.3916541337966919,-1.0,51.13811492919922,False,0.0,0.12481667101383209,-0.24077866971492767,0.7724708914756775,0.0,-0.001734171211719513,0.002712878286838527,-0.01,-0.009021292924880986,0.10896002175286412,False,False,-0.01465567760169506,-0.1131311505447472,271,False,False,27.599999999995582,-0.1734171211719513,-0.0,0.0,0.0,0.0,0.0,0.0,-0.0,0.4905277934459772,0.0,-0.0,0.0,0.24352972551126909,64
0.23052692413330078,2.0252621173858643,0.4675274193286896,0.2260598987340927,0.001787294284440577,0.14287525415420532,2.0057902336120605,-0.20265628397464752,0.7684781551361084,-0.030926880985498423,-0.39154812693595886,0.007648062892258167,-0.18200629949569702,0.33863595128059387,-1.0,51.13811492919922,False,0.0,0.12481667101383209,-0.24077866971492767,0.7724708914756775,0.0,-0.0007529225945472717,-0.007765507698059088,-0.01,-0.018518430292606358,0.10602589324116707,False,False,-0.011021717451512814,-0.12067516170380058,272,False,False,27.699999999995526,-0.07529225945472717,-0.0,0.0,0.0,0.0,0.0,0.0,-0.0,0.4797948045450273,0.0,-0.0,0.0,0.2391444796779664,63
0.32607316970825195,1.884695291519165,0.4658038318157196,0.2423892319202423,0.00020590332860592753,0.14292824268341064,2.0221338272094727,-0.1992388516664505,0.7714582681655884,-0.010508370995521564,0.5824216604232788,-0.8748152256011963,0.010059786029160023,0.048477914184331894,-1.0,51.13811492919922,False,0.0,0.12481667101383209,-0.24077866971492767,0.7724708914756775,0.0,-0.0027674201130867006,0.0015229737758636341,-0.01,-0.011244446337223067,0.10315900715067983,False,False,-0.014228081330657005,-0.12199357472899383,273,False,False,27.79999999999547,-0.27674201130867004,-0.0,0.0,0.0,0.0,0.0,0.0,-0.0,0.48771790144995264,0.0,-0.0,0.0,0.24109153061188962,63
0.12177228927612305,1.9665032625198364,0.49434155225753784,0.2753711938858032,0.0004679592384491116,0.13904394209384918,1.811303734779358,-0.2031388133764267,0.7699989080429077,-0.02433492743410169,-0.11628182977437973,-0.05032956972718239,-0.10541936755180359,0.011982726864516735,-1.0,51.13811492919922,False,0.0,0.12481667101383209,-0.24077866971492767,0.7724708914756775,0.0,-6.827839650213718e-05,0.0015569713711738598,-0.01,-0.008511307025328277,0.10896567301824689,False,False,-0.014783810824155807,-0.1232387844698103,274,False,False,27.899999999995416,-0.006827839650213718,-0.0,0.0,0.0,0.0,0.0,0.0,-0.0,0.49578971455690557,0.0,-0.0,0.0,0.24782657888195064,64
0.2053976058959961,1.7426564693450928,0.5572190284729004,0.22364848852157593,0.0006529194652102888,0.14593996107578278,1.907644271850586,-0.2068195939064026,0.7703239321708679,-0.005337772518396367,0.5710880160331726,-0.20198646187782288,0.17363913357257843,-0.04465213418006897,-1.0,51.13811492919922,False,0.0,0.12481667101383209,-0.24077866971492767,0.7724708914756775,0.0,-0.0009977111220359801,-0.003907310664653774,-0.01,-0.014905021786689754,0.10433075623586774,False,False,-0.01282855961471796,-0.1139280269974577,275,False,False,27.99999999999536,-0.09977111220359802,-0.0,0.0,0.0,0.0,0.0,0.0,-0.0,0.49290415971455925,0.0,-0.0,0.0,0.24545436873524365,64
0.2543330192565918,1.9046545028686523,0.2966061234474182,0.1850050985813141,0.0006291182362474501,0.13923010230064392,1.5765259265899658,-0.21010330319404602,0.7702639102935791,-0.03295468643307685,-0.444012850522995,-0.08374252170324326,-0.8396483063697815,0.2432917207479477,-1.0,51.13811492919922,False,0.0,0.12481667101383209,-0.24077866971492767,0.7724708914756775,0.0,-0.0024209009110927582,-0.003119427561759952,-0.01,-0.015540328472852711,0.10626567900180817,False,False,-0.011631634086370468,-0.11824460049692519,276,False,False,28.099999999995305,-0.24209009110927582,-0.0,0.0,0.0,0.0,0.0,0.0,-0.0,0.49158110625112605,0.0,-0.0,0.0,0.24336965221447027,64
0.19522309303283691,1.5018154382705688,0.5309244394302368,0.31351161003112793,0.0010528663406148553,0.14534904062747955,1.8592661619186401,-0.20848706364631653,0.7695168852806091,-0.0007358379662036896,0.5381473898887634,-0.21705195307731628,-0.8019002676010132,0.16093318164348602,-1.0,51.13811492919922,False,0.0,0.12481667101383209,-0.24077866971492767,0.7724708914756775,0.0,-0.0025141441822052004,5.69820404056065e-07,-0.01,-0.012513574361801144,0.11365566356107593,False,False,-0.015841802582144737,-0.10999728069536395,277,False,False,28.19999999999525,-0.25141441822052,-0.0,0.0,0.0,0.0,0.0,0.0,-0.0,0.4965476851097639,0.0,-0.0,0.0,0.24575969837267675,56
0.26009082794189453,1.715377926826477,0.31200993061065674,0.24429184198379517,0.00045850322931073606,0.14036805927753448,1.6551395654678345,-0.20857028663158417,0.7705764770507812,-0.028838893435895428,-0.02954525128006935,-0.3838523030281067,0.10212404280900955,-0.08200838416814804,1.0,51.13811492919922,False,0.0,0.12481667101383209,-0.24077866971492767,0.7724708914756775,0.0,-0.0004134255275130272,-0.0051663315296173185,-0.01,-0.015579757057130345,0.11351598287001252,False,False,-0.014752537943422794,-0.1201970082007397,278,False,False,28.299999999995194,-0.04134255275130272,-0.0,0.0,0.0,0.0,0.0,0.0,-0.0,0.4911263166735479,0.0,-0.0,0.0,0.24514973280926092,63
0.2564370632171631,1.6479909420013428,0.22359639406204224,0.2929697632789612,0.0030265399254858494,0.14425651729106903,1.9176671504974365,-0.2071869820356369,0.7679724097251892,-0.003642911240458473,-0.06958939880132675,0.17488054931163788,-0.6156719326972961,0.2784571051597595,-1.0,51.13811492919922,False,0.0,0.12481667101383209,-0.24077866971492767,0.7724708914756775,0.0,-0.001230040416121483,0.0012892311811447121,-0.01,-0.00994080923497677,0.11389547400176525,False,False,-0.013926118612289429,-0.11410188933134335,279,False,False,28.39999999999514,-0.12300404161214828,-0.0,0.0,0.0,0.0,0.0,0.0,-0.0,0.4986916988532947,0.0,-0.0,0.0,0.24811580901052585,64
0.4140198230743408,1.7999062538146973,0.28592151403427124,0.3086203932762146,0.0007327955681830645,0.13770230114459991,1.5609229803085327,-0.20978865027427673,0.7695188522338867,-0.03221593603491784,0.4460718333721161,-0.016302691772580147,0.40336981415748596,0.11566069722175598,-1.0,51.13811492919922,False,0.0,0.12481667101383209,-0.24077866971492767,0.7724708914756775,0.0,-0.0009383261203765869,-0.0065776500105858005,-0.01,-0.01751597613096239,0.11242430377751589,False,False,-0.018271541222929955,-0.12445802146397213,280,False,False,28.499999999995083,-0.09383261203765869,-0.0,0.0,0.0,0.0,0.0,0.0,-0.0,0.49044081979983134,0.0,-0.0,0.0,0.24428208377953908,61
0.3035128116607666,1.5482336282730103,0.39568692445755005,0.3672860860824585,0.0006914502009749413,0.14395347237586975,1.8786957263946533,-0.2064061462879181,0.769619345664978,-0.0029521937668323325,-0.4459652602672577,-0.0380597785115242,-0.6191360354423523,-0.5589728355407715,-1.0,51.13811492919922,False,0.0,0.12481667101383209,-0.24077866971492767,0.7724708914756775,0.0,-0.002240284085273743,-0.0038092541694641213,-0.01,-0.016049538254737865,0.10867127776145935,False,False,-0.010191619396209717,-0.10844587279132846,281,False,False,28.599999999995028,-0.22402840852737427,-0.0,0.0,0.0,0.0,0.0,0.0,-0.0,0.4876992876406627,0.0,-0.0,0.0,0.24160935973505762,64
0.2698063850402832,1.8084635734558105,0.6087854504585266,0.32132118940353394,0.0005157437990419567,0.14018699526786804,1.6500303745269775,-0.2088421881198883,0.7702767848968506,-0.017052123546600333,0.376956969499588,-0.04621355980634689,-0.6177414655685425,-0.1547430455684662,-1.0,51.13811492919922,False,0.0,0.12481667101383209,-0.24077866971492767,0.7724708914756775,0.0,-0.0013744553923606872,0.0020874926447868314,-0.01,-0.009286962747573856,0.1020254259929061,False,False,-0.01573583297431469,-0.11683518014447852,282,False,False,28.699999999994972,-0.13744553923606873,-0.0,0.0,0.0,0.0,0.0,0.0,-0.0,0.4968426832544641,0.0,-0.0,0.0,0.24704688623487137,58
0.2133190631866455,1.5875095129013062,0.14065900444984436,0.29523617029190063,0.0009542047046124935,0.14572131633758545,2.0643463134765625,-0.20290327072143555,0.769320547580719,-0.00784824684262278,0.2518068253993988,0.35621359944343567,-0.4512158930301666,0.09480133652687073,-1.0,51.13811492919922,False,0.0,0.12481667101383209,-0.24077866971492767,0.7724708914756775,0.0,-0.0010071946680545807,-0.00886888474225997,-0.01,-0.01987607941031455,0.10955240903422236,False,False,-0.01670316606760025,-0.11469133094331047,283,False,False,28.799999999994917,-0.10071946680545807,-0.0,0.0,0.0,0.0,0.0,0.0,-0.0,0.4839444154054412,0.0,-0.0,0.0,0.24096501303466603,63
0.27356743812561035,1.9388622045516968,0.3566761612892151,0.3103771209716797,0.00045826571295037866,0.14475864171981812,2.038809061050415,-0.20157338678836823,0.7704538702964783,-0.01886030815541743,-0.1283588856458664,0.19759602844715118,-0.08357875794172287,0.06512492895126343,1.0,51.13811492919922,False,0.0,0.12481667101383209,-0.24077866971492767,0.7724708914756775,0.0,-0.00016686715185642242,-0.00802710235118867,-0.01,-0.018193969503045093,0.11014553485438228,False,False,-0.013882327824831009,-0.11615501536637243,284,False,False,28.89999999999486,-0.016686715185642242,-0.0,0.0,0.0,0.0,0.0,0.0,-0.0,0.4726164083201234,0.0,-0.0,0.0,0.23614133700820528,64
0.2080976963043213,1.9622451066970825,0.24562925100326538,0.24627423286437988,0.0012306717690080404,0.14570434391498566,2.1105170249938965,-0.20241527259349823,0.7684064507484436,-0.01310123592615126,0.1228875070810318,-0.2971557378768921,-0.36629432439804077,0.6195434331893921,-1.0,51.13811492919922,False,0.0,0.12481667101383209,-0.24077866971492767,0.7724708914756775,0.0,-0.0015535211563110353,-0.0021839314699172996,-0.01,-0.013737452626228336,0.1105218748562038,False,False,-0.021220244467258453,-0.11156421325156803,285,False,False,28.999999999994806,-0.15535211563110352,-0.0,0.0,0.0,0.0,0.0,0.0,-0.0,0.47297822648495413,0.0,-0.0,0.0,0.23493559208616605,64
0.4194498062133789,2.051793098449707,0.1656944453716278,0.362132728099823,0.00046668387949466705,0.14004388451576233,1.8294626474380493,-0.20434118807315826,0.7692517042160034,-0.022057204842567436,-0.6843603253364563,0.24042828381061554,-0.35585662722587585,-0.3014298379421234,-1.0,51.13811492919922,False,0.0,0.12481667101383209,-0.24077866971492767,0.7724708914756775,0.0,-0.0018591217696666718,0.0024550196528434765,-0.01,-0.009404102116823196,0.10793691407889128,False,False,-0.009065915830433369,-0.10753356519436488,286,False,False,29.09999999999475,-0.18591217696666718,-0.0,0.0,0.0,0.0,0.0,0.0,-0.0,0.48271545763844304,0.0,-0.0,0.0,0.23949860704955483,64
0.28571486473083496,1.7446472644805908,0.6573399305343628,0.2616352438926697,0.0004236845998093486,0.1437048465013504,2.0667672157287598,-0.20098386704921722,0.7691508531570435,0.0016644987463951075,0.26487913727760315,0.20556248724460602,-0.9173511266708374,0.38046666979789734,-1.0,51.13811492919922,False,0.0,0.12481667101383209,-0.24077866971492767,0.7724708914756775,0.0,-0.002746762037277222,0.0029085263609886225,-0.01,-0.009838235676288599,0.10953934770077467,False,False,-0.020553965121507645,-0.12377752717764086,287,False,False,29.199999999994695,-0.27467620372772217,-0.0,0.0,0.0,0.0,0.0,0.0,-0.0,0.4934672130585077,0.0,-0.0,0.0,0.24398684449197663,60
0.289994478225708,1.9890904426574707,0.4829615354537964,0.2881231904029846,0.00019006904039997607,0.14194245636463165,1.899954080581665,-0.20196589827537537,0.7714108228683472,-0.029085471034049966,0.6112391352653503,0.32848694920539856,0.14063170552253723,-0.37260380387306213,-1.0,51.13811492919922,False,0.0,0.12481667101383209,-0.24077866971492767,0.7724708914756775,0.0,-0.0016003195941448212,-0.013069174587726606,-0.01,-0.024669494181871428,0.10949049703776836,False,False,-0.01639579050242901,-0.11069682131821723,288,False,False,29.29999999999464,-0.16003195941448212,-0.0,0.0,0.0,0.0,0.0,0.0,-0.0,0.4720493340662021,0.0,-0.0,0.0,0.2344243474389562,64
0.0978231430053711,1.8292566537857056,0.37213069200515747,0.3280962407588959,0.0019452957203611732,0.14546450972557068,2.2103071212768555,-0.20003962516784668,0.7675485610961914,-0.011287503615021713,-0.43626371026039124,-0.21444816887378693,-0.16272003948688507,-0.3173806369304657,-1.0,51.13811492919922,False,0.0,0.12481667101383209,-0.24077866971492767,0.7724708914756775,0.0,-0.0009088058024644852,-0.0070725256204605125,-0.01,-0.017981331422924997,0.11217263992875814,False,False,-0.012089503929018974,-0.10911283315518602,289,False,False,29.399999999994584,-0.09088058024644852,-0.0,0.0,0.0,0.0,0.0,0.0,-0.0,0.46252955702089316,0.0,-0.0,0.0,0.23035597270798208,64
0.45297741889953613,2.0988399982452393,0.6061767935752869,0.2747359275817871,0.0002555348037276417,0.14210310578346252,1.928943395614624,-0.20157277584075928,0.7710949182510376,-0.019535589963197736,0.5508260130882263,0.34700870513916016,-0.7235822677612305,-0.4379836618900299,-1.0,51.13811492919922,False,0.0,0.12481667101383209,-0.24077866971492767,0.7724708914756775,0.0,-0.002848063111305237,-0.00038094222545623224,-0.01,-0.01322900533676147,0.11312716314569116,False,False,-0.0199083611369133,-0.11593685317081498,290,False,False,29.49999999999453,-0.2848063111305237,-0.0,0.0,0.0,0.0,0.0,0.0,-0.0,0.46643195959097616,0.0,-0.0,0.0,0.23036791668418286,62
0.13360977172851562,1.8331518173217773,0.4234532415866852,0.28319263458251953,0.002163855591788888,0.143374502658844,2.088425397872925,-0.20165154337882996,0.7675030827522278,-0.014578837752342224,-0.4620901048183441,-0.28191250562667847,-0.25438636541366577,0.05901633948087692,-1.0,51.13811492919922,False,0.0,0.12481667101383209,-0.24077866971492767,0.7724708914756775,0.0,-0.000902993232011795,-0.005659536719322206,-0.01,-0.016562529951334,0.11716088699176908,False,False,-0.013935422524809837,-0.11877193725775266,291,False,False,29.599999999994473,-0.0902993232011795,-0.0,0.0,0.0,0.0,0.0,0.0,-0.0,0.4597099956116013,0.0,-0.0,0.0,0.22895200457378886,64
0.4578530788421631,1.9897773265838623,0.7107908129692078,0.3700740933418274,0.00042514552478678524,0.14540396630764008,2.0340771675109863,-0.2022608369588852,0.770553708076477,-0.011051473915576948,0.8787446618080139,-0.12709976732730865,-0.22916355729103088,-0.019863689318299294,-1.0,51.13811492919922,False,0.0,0.12481667101383209,-0.24077866971492767,0.7724708914756775,0.0,-0.0021031425893306734,-0.0008282327651977506,-0.01,-0.012931375354528424,0.11616969667375088,False,False,-0.017523862421512604,-0.11845493391957596,292,False,False,29.699999999994418,-0.21031425893306732,-0.0,0.0,0.0,0.0,0.0,0.0,-0.0,0.46268031979261826,0.0,-0.0,0.0,0.22923701730697846,63
0.2023637294769287,1.9836857318878174,0.22547145187854767,0.2380819469690323,0.0010343873873353004,0.14233994483947754,1.89500093460083,-0.20559240877628326,0.7683303952217102,-0.02852792859077455,-0.20959794521331787,0.4833848178386688,-0.5323036313056946,0.4713907539844513,-1.0,51.13811492919922,False,0.0,0.12481667101383209,-0.24077866971492767,0.7724708914756775,0.0,-0.0019578714668750763,-0.007218048870563515,-0.01,-0.01917592033743859,0.11320212902501225,False,False,-0.01359239500015974,-9.701647187751707,293,False,False,29.799999999994363,-0.19578714668750763,-0.0,0.0,0.0,0.0,0.0,0.0,-0.0,0.4527719988645591,0.0,-0.0,0.0,0.22442812796540448,64
0.388413667678833,1.831979513168335,0.2809097170829773,0.34988051652908325,0.0003714660124387592,0.1418047994375229,1.8651759624481201,-0.20439478754997253,0.7698876261711121,-0.012894396409392349,-0.186112180352211,0.011810523457825184,-0.39388343691825867,0.2863065302371979,-1.0,51.13811492919922,False,0.0,0.12481667101383209,-0.24077866971492767,0.7724708914756775,0.0,-0.0006797320395708084,-0.003217025697231285,-0.01,-0.013896757736802094,0.1018032836727798,False,False,-0.017234301194548607,-9.769624412856565,294,False,False,29.899999999994307,-0.06797320395708084,-0.0,0.0,0.0,0.0,0.0,0.0,-0.0,0.450846421722952,0.0,-0.0,0.0,0.22474347882190518,58
0.23248791694641113,1.780550241470337,0.2936944365501404,0.269264280796051,0.0016742789885029197,0.14783650636672974,2.126568555831909,-0.2044423520565033,0.7680299878120422,-0.0023681931942701184,0.17007918655872345,0.1420462727546692,0.6140433549880981,-0.09526405483484268,-1.0,51.13811492919922,False,0.0,0.12481667101383209,-0.24077866971492767,0.7724708914756775,0.0,-0.0010880713909864426,-0.0019097986817359913,-0.01,-0.012997870072722434,0.08084728289395571,False,False,-0.017384139820933342,-9.855056613329502,295,False,False,29.99999999999425,-0.10880713909864426,-0.0,0.0,0.0,0.0,0.0,0.0,-0.0,0.4515422311085502,0.0,-0.0,0.0,0.22468304416328866,63
0.38548707962036133,2.0023903846740723,0.5875265002250671,0.24471573531627655,0.0002998177951667458,0.14305146038532257,1.8910133838653564,-0.20374509692192078,0.7710088491439819,-0.02896341428160669,0.5995436310768127,-0.27304786443710327,-0.3489360213279724,-0.07569310814142227,-1.0,51.13811492919922,False,0.0,0.12481667101383209,-0.24077866971492767,0.7724708914756775,0.0,-0.0014037337899208068,-0.007606073319911949,-0.01,-0.019009807109832758,0.06674125976860523,False,False,-0.014446797780692577,-9.956901053610073,296,False,False,30.099999999994196,-0.1403733789920807,-0.0,0.0,0.0,0.0,0.0,0.0,-0.0,0.4407373528066133,0.0,-0.0,0.0,0.21896494261338584,47
0.1553952693939209,1.8221834897994995,0.43363621830940247,0.6739798784255981,0.0029659434221684933,0.14760008454322815,2.060880422592163,-0.20662909746170044,0.7675774693489075,-0.015006644204258901,-0.000191783721675165,0.41632264852523804,-0.37530115246772766,-0.14317815005779266,-1.0,51.13811492919922,False,0.0,0.12481667101383209,-0.24077866971492767,0.7724708914756775,0.0,-0.0008366888016462326,-0.007641358971595763,-0.01,-0.018478047773241996,0.06173727102577686,False,False,-0.014512181282043457,-10.024771951277799,297,False,False,30.19999999999414,-0.08366888016462326,-0.0,0.0,0.0,0.0,0.0,0.0,-0.0,0.42975227879062716,0.0,-0.0,0.0,0.21403945059366736,64
0.4570484161376953,1.926593542098999,0.159805029630661,0.5206931233406067,0.0010478895856067538,0.14460252225399017,2.068925380706787,-0.20201486349105835,0.7689527869224548,-0.01836688474752008,0.11869722604751587,-0.11095694452524185,-0.16027791798114777,0.03580678999423981,-1.0,51.13811492919922,False,0.0,0.12481667101383209,-0.24077866971492767,0.7724708914756775,0.0,-0.00013342902995646001,-0.005803842246532437,-0.01,-0.015937271276488897,0.05355926509946585,False,False,-0.020309889689087868,-10.110156767620891,298,False,False,30.299999999994085,-0.013342902995646,-0.0,0.0,0.0,0.0,0.0,0.0,-0.0,0.4223681808062658,0.0,-0.0,0.0,0.21105066137317643,64
0.3099381923675537,1.965126395225525,0.1257970929145813,0.4001895487308502,0.00035714643308892846,0.14689765870571136,2.1673476696014404,-0.19985875487327576,0.7704513669013977,-0.007674926947802285,0.031763095408678055,-0.09053578227758408,-0.10424365848302841,0.012998078018426895,-1.0,51.13811492919922,False,0.0,0.12481667101383209,-0.24077866971492767,0.7724708914756775,0.0,-5.060328170657158e-05,-0.00220486819744109,-0.01,-0.012255471479147661,0.03606544714421034,False,False,-0.016516568139195442,-10.193547303155064,299,False,False,30.39999999999403,-0.005060328170657158,-0.0,0.0,0.0,0.0,0.0,0.0,-0.0,0.4221802663270413,0.0,-0.0,0.0,0.21103952988181407,64
0.17099976539611816,2.0882039070129395,0.10638982057571411,0.24681363999843597,0.0005446473369374871,0.15037864446640015,2.1781275272369385,-0.2030918002128601,0.7703759074211121,-10.288641867379773,0.022204164415597916,0.008405541069805622,-0.024969791993498802,-0.01423757616430521,-1.0,51.13811492919922,False,0.0,0.12481667101383209,-0.24077866971492767,0.7724708914756775,0.0,-10.00000347469293,-0.21109014749526978,-0.01,-10.2210936221882,0.02254464104771614,False,False,-10.288641929626465,-10.288641929626465,300,False,False,30.499999999993975,-0.0003474692930467427,-0.0,0.0,-1.0,0.0,0.0,0.0,-0.0,0.4234976520118451,0.0,-0.0,0.0,-9.788254648687007,64
