candidate,discounted_reward,executed_selected,invalid_reasons,score,selected,step,terminal_SAC_critic,valid
0,-0.09927089895334343,True,,-0.09927089895334343,True,1,0.0,True
1,-0.08032860722007362,False,,-0.08032860722007362,False,1,0.0,True
2,-0.08183336788642667,False,,-0.08183336788642667,False,1,0.0,True
3,-0.0793098977443102,False,,-0.0793098977443102,False,1,0.0,True
4,-0.07976700453802757,False,,-0.07976700453802757,False,1,0.0,True
5,-0.07747967285401165,False,,-0.07747967285401165,False,1,0.0,True
6,-0.07880197643806786,False,,-0.07880197643806786,False,1,0.0,True
7,-0.08054412919177692,False,,-0.08054412919177692,False,1,0.0,True
8,-0.08448338155135149,False,,-0.08448338155135149,False,1,0.0,True
9,-0.0792439742530463,False,,-0.0792439742530463,False,1,0.0,True
10,-0.0810742072792536,False,,-0.0810742072792536,False,1,0.0,True
11,-0.07834445066278661,False,,-0.07834445066278661,False,1,0.0,True
12,-0.07791267452123586,False,,-0.07791267452123586,False,1,0.0,True
13,-0.07919018752557436,False,,-0.07919018752557436,False,1,0.0,True
14,-0.07910538965113773,False,,-0.07910538965113773,False,1,0.0,True
15,-0.07735151867122925,False,,-0.07735151867122925,False,1,0.0,True
16,-0.0772067808444717,False,,-0.0772067808444717,False,1,0.0,True
17,-0.08333090058168602,False,,-0.08333090058168602,False,1,0.0,True
18,-0.07895055366295506,False,,-0.07895055366295506,False,1,0.0,True
19,-0.08074146347549183,False,,-0.08074146347549183,False,1,0.0,True
20,-0.07784343027910309,False,,-0.07784343027910309,False,1,0.0,True
21,-0.07939878260412758,False,,-0.07939878260412758,False,1,0.0,True
22,-0.07908724094131313,False,,-0.07908724094131313,False,1,0.0,True
23,-0.08140067185011744,False,,-0.08140067185011744,False,1,0.0,True
24,-0.07493630879899654,False,,-0.07493630879899654,False,1,0.0,True
25,-0.07674371738783872,False,,-0.07674371738783872,False,1,0.0,True
26,-0.0798624189913573,False,,-0.0798624189913573,False,1,0.0,True
27,-0.07753939641547844,False,,-0.07753939641547844,False,1,0.0,True
28,-0.07580812859360703,False,,-0.07580812859360703,False,1,0.0,True
29,-0.07911561821131066,False,,-0.07911561821131066,False,1,0.0,True
30,-0.0746872815447743,False,,-0.0746872815447743,False,1,0.0,True
31,-0.08417825183904393,False,,-0.08417825183904393,False,1,0.0,True
32,-0.07752971662159312,False,,-0.07752971662159312,False,1,0.0,True
33,-0.07858466955854052,False,,-0.07858466955854052,False,1,0.0,True
34,-0.08190950689714815,False,,-0.08190950689714815,False,1,0.0,True
35,-0.07988220797426375,False,,-0.07988220797426375,False,1,0.0,True
36,-0.08072124418315306,False,,-0.08072124418315306,False,1,0.0,True
37,-0.0787550307667983,False,,-0.0787550307667983,False,1,0.0,True
38,-0.07723286636409722,False,,-0.07723286636409722,False,1,0.0,True
39,-0.08263740315152018,False,,-0.08263740315152018,False,1,0.0,True
40,-0.08508244585017316,False,,-0.08508244585017316,False,1,0.0,True
41,-0.074652646257273,False,,-0.074652646257273,False,1,0.0,True
42,-0.0758669990634129,False,,-0.0758669990634129,False,1,0.0,True
43,-0.07854212635183075,False,,-0.07854212635183075,False,1,0.0,True
44,-0.07666114733899954,False,,-0.07666114733899954,False,1,0.0,True
45,-0.08160145086285561,False,,-0.08160145086285561,False,1,0.0,True
46,-0.081165951987648,False,,-0.081165951987648,False,1,0.0,True
47,-0.0806395908260393,False,,-0.0806395908260393,False,1,0.0,True
48,-0.07911741186765872,False,,-0.07911741186765872,False,1,0.0,True
49,-0.07770908195933847,False,,-0.07770908195933847,False,1,0.0,True
50,-0.07913846925778725,False,,-0.07913846925778725,False,1,0.0,True
51,-0.08190369381614505,False,,-0.08190369381614505,False,1,0.0,True
52,-0.08432399238397595,False,,-0.08432399238397595,False,1,0.0,True
53,-0.07661966709858072,False,,-0.07661966709858072,False,1,0.0,True
54,-0.08250518113864791,False,,-0.08250518113864791,False,1,0.0,True
55,-0.07911290937425225,False,,-0.07911290937425225,False,1,0.0,True
56,-0.07278066545684779,False,,-0.07278066545684779,False,1,0.0,True
57,-0.0791494128757198,False,,-0.0791494128757198,False,1,0.0,True
58,-0.0798514133586013,False,,-0.0798514133586013,False,1,0.0,True
59,-0.0761802033667652,False,,-0.0761802033667652,False,1,0.0,True
60,-0.07713753966256388,False,,-0.07713753966256388,False,1,0.0,True
61,-0.07531014569079672,False,,-0.07531014569079672,False,1,0.0,True
62,-0.07760875614649974,False,,-0.07760875614649974,False,1,0.0,True
63,-0.0774315829991076,False,,-0.0774315829991076,False,1,0.0,True
0,-0.12009616665496359,True,,-0.12009616665496359,True,2,0.0,True
1,-0.11998097298016698,False,,-0.11998097298016698,False,2,0.0,True
2,-0.09737066397860647,False,,-0.09737066397860647,False,2,0.0,True
3,-0.0995075816670509,False,,-0.0995075816670509,False,2,0.0,True
4,-0.10249286003136679,False,,-0.10249286003136679,False,2,0.0,True
5,-0.09930958238493781,False,,-0.09930958238493781,False,2,0.0,True
6,-0.09592880822019972,False,,-0.09592880822019972,False,2,0.0,True
7,-0.09769932900357099,False,,-0.09769932900357099,False,2,0.0,True
8,-0.09991636768332716,False,,-0.09991636768332716,False,2,0.0,True
9,-0.10129767075681043,False,,-0.10129767075681043,False,2,0.0,True
10,-0.09546346172157563,False,,-0.09546346172157563,False,2,0.0,True
11,-0.09371413993163419,False,,-0.09371413993163419,False,2,0.0,True
12,-0.09786592274881793,False,,-0.09786592274881793,False,2,0.0,True
13,-0.09786517533636462,False,,-0.09786517533636462,False,2,0.0,True
14,-0.09724376658173482,False,,-0.09724376658173482,False,2,0.0,True
15,-0.09975522968446691,False,,-0.09975522968446691,False,2,0.0,True
16,-0.09766491700440667,False,,-0.09766491700440667,False,2,0.0,True
17,-0.10164546151325238,False,,-0.10164546151325238,False,2,0.0,True
18,-0.09971515718994331,False,,-0.09971515718994331,False,2,0.0,True
19,-0.09666133157423415,False,,-0.09666133157423415,False,2,0.0,True
20,-0.09642762222709192,False,,-0.09642762222709192,False,2,0.0,True
21,-0.09601962204483065,False,,-0.09601962204483065,False,2,0.0,True
22,-0.09860401103413426,False,,-0.09860401103413426,False,2,0.0,True
23,-0.09734220220417586,False,,-0.09734220220417586,False,2,0.0,True
24,-0.0958477571976781,False,,-0.0958477571976781,False,2,0.0,True
25,-0.10063190072172579,False,,-0.10063190072172579,False,2,0.0,True
26,-0.09505280069650274,False,,-0.09505280069650274,False,2,0.0,True
27,-0.10188728994978521,False,,-0.10188728994978521,False,2,0.0,True
28,-0.0930379297845339,False,,-0.0930379297845339,False,2,0.0,True
29,-0.09359769934591906,False,,-0.09359769934591906,False,2,0.0,True
30,-0.0951981718419966,False,,-0.0951981718419966,False,2,0.0,True
31,-0.0968342791526173,False,,-0.0968342791526173,False,2,0.0,True
32,-0.10117196671082905,False,,-0.10117196671082905,False,2,0.0,True
33,-0.09357510752747725,False,,-0.09357510752747725,False,2,0.0,True
34,-0.10176562447494991,False,,-0.10176562447494991,False,2,0.0,True
35,-0.09780903306196193,False,,-0.09780903306196193,False,2,0.0,True
36,-0.09508760423300902,False,,-0.09508760423300902,False,2,0.0,True
37,-0.09458591840990284,False,,-0.09458591840990284,False,2,0.0,True
38,-0.1006966286988139,False,,-0.1006966286988139,False,2,0.0,True
39,-0.09524891563543016,False,,-0.09524891563543016,False,2,0.0,True
40,-0.10228870938708022,False,,-0.10228870938708022,False,2,0.0,True
41,-0.095778812797475,False,,-0.095778812797475,False,2,0.0,True
42,-0.09633276259437315,False,,-0.09633276259437315,False,2,0.0,True
43,-0.1002172513774441,False,,-0.1002172513774441,False,2,0.0,True
44,-0.09884167290827825,False,,-0.09884167290827825,False,2,0.0,True
45,-0.09501978275580379,False,,-0.09501978275580379,False,2,0.0,True
46,-0.095140928549505,False,,-0.095140928549505,False,2,0.0,True
47,-0.09730818298702215,False,,-0.09730818298702215,False,2,0.0,True
48,-0.09627008951333776,False,,-0.09627008951333776,False,2,0.0,True
49,-0.09654694506653351,False,,-0.09654694506653351,False,2,0.0,True
50,-0.10218450911881846,False,,-0.10218450911881846,False,2,0.0,True
51,-0.09455527500746883,False,,-0.09455527500746883,False,2,0.0,True
52,-0.09737536692501628,False,,-0.09737536692501628,False,2,0.0,True
53,-0.09648156111491928,False,,-0.09648156111491928,False,2,0.0,True
54,-0.09834095999338457,False,,-0.09834095999338457,False,2,0.0,True
55,-0.09433033940005592,False,,-0.09433033940005592,False,2,0.0,True
56,-0.09897617884436476,False,,-0.09897617884436476,False,2,0.0,True
57,-0.10002225589105718,False,,-0.10002225589105718,False,2,0.0,True
58,-0.09508419197803784,False,,-0.09508419197803784,False,2,0.0,True
59,-0.0970280653132741,False,,-0.0970280653132741,False,2,0.0,True
60,-0.09943018932524098,False,,-0.09943018932524098,False,2,0.0,True
61,-0.09563115199253577,False,,-0.09563115199253577,False,2,0.0,True
62,-0.09343780005802502,False,,-0.09343780005802502,False,2,0.0,True
63,-0.09708177540276494,False,,-0.09708177540276494,False,2,0.0,True
0,-0.10552768178151367,True,,-0.10552768178151367,True,3,0.0,True
1,-0.10560265906481209,False,,-0.10560265906481209,False,3,0.0,True
2,-0.0842078967845522,False,,-0.0842078967845522,False,3,0.0,True
3,-0.08610384356000941,False,,-0.08610384356000941,False,3,0.0,True
4,-0.08569145860812297,False,,-0.08569145860812297,False,3,0.0,True
5,-0.08465407694010246,False,,-0.08465407694010246,False,3,0.0,True
6,-0.085053024514355,False,,-0.085053024514355,False,3,0.0,True
7,-0.08622010584254153,False,,-0.08622010584254153,False,3,0.0,True
8,-0.08921525733283889,False,,-0.08921525733283889,False,3,0.0,True
9,-0.09151362301761336,False,,-0.09151362301761336,False,3,0.0,True
10,-0.08483737137848263,False,,-0.08483737137848263,False,3,0.0,True
11,-0.08822643313447404,False,,-0.08822643313447404,False,3,0.0,True
12,-0.08472076575272755,False,,-0.08472076575272755,False,3,0.0,True
13,-0.08593044950214677,False,,-0.08593044950214677,False,3,0.0,True
14,-0.08787236934372666,False,,-0.08787236934372666,False,3,0.0,True
15,-0.08653836135815156,False,,-0.08653836135815156,False,3,0.0,True
16,-0.08798065201776975,False,,-0.08798065201776975,False,3,0.0,True
17,-0.08750544789583872,False,,-0.08750544789583872,False,3,0.0,True
18,-0.0838949281934549,False,,-0.0838949281934549,False,3,0.0,True
19,-0.08582368068260848,False,,-0.08582368068260848,False,3,0.0,True
20,-0.08992081787168703,False,,-0.08992081787168703,False,3,0.0,True
21,-0.08433286352455757,False,,-0.08433286352455757,False,3,0.0,True
22,-0.09114695493450414,False,,-0.09114695493450414,False,3,0.0,True
23,-0.08467387607342523,False,,-0.08467387607342523,False,3,0.0,True
24,-0.08923267349556296,False,,-0.08923267349556296,False,3,0.0,True
25,-0.08500664702924718,False,,-0.08500664702924718,False,3,0.0,True
26,-0.08482290481657354,False,,-0.08482290481657354,False,3,0.0,True
27,-0.09133057615086865,False,,-0.09133057615086865,False,3,0.0,True
28,-0.09270887972646574,False,,-0.09270887972646574,False,3,0.0,True
29,-0.08674234298690875,False,,-0.08674234298690875,False,3,0.0,True
30,-0.08663008759292375,False,,-0.08663008759292375,False,3,0.0,True
31,-0.08712572460753015,False,,-0.08712572460753015,False,3,0.0,True
32,-0.08483682716181623,False,,-0.08483682716181623,False,3,0.0,True
33,-0.08599558148379965,False,,-0.08599558148379965,False,3,0.0,True
34,-0.08826872821662732,False,,-0.08826872821662732,False,3,0.0,True
35,-0.08661913269974772,False,,-0.08661913269974772,False,3,0.0,True
36,-0.086156141922158,False,,-0.086156141922158,False,3,0.0,True
37,-0.08542391641745628,False,,-0.08542391641745628,False,3,0.0,True
38,-0.08540677981917782,False,,-0.08540677981917782,False,3,0.0,True
39,-0.08480697127994463,False,,-0.08480697127994463,False,3,0.0,True
40,-0.08369747445851171,False,,-0.08369747445851171,False,3,0.0,True
41,-0.08786532548336694,False,,-0.08786532548336694,False,3,0.0,True
42,-0.08705353860741652,False,,-0.08705353860741652,False,3,0.0,True
43,-0.08408354002712373,False,,-0.08408354002712373,False,3,0.0,True
44,-0.0879211562563535,False,,-0.0879211562563535,False,3,0.0,True
45,-0.08371287179978279,False,,-0.08371287179978279,False,3,0.0,True
46,-0.08685931802321345,False,,-0.08685931802321345,False,3,0.0,True
47,-0.0888927547402077,False,,-0.0888927547402077,False,3,0.0,True
48,-0.08733946647092168,False,,-0.08733946647092168,False,3,0.0,True
49,-0.08300696387306027,False,,-0.08300696387306027,False,3,0.0,True
50,-0.09119584674800724,False,,-0.09119584674800724,False,3,0.0,True
51,-0.08586951943038577,False,,-0.08586951943038577,False,3,0.0,True
52,-0.08517391445567052,False,,-0.08517391445567052,False,3,0.0,True
53,-0.08672826606554578,False,,-0.08672826606554578,False,3,0.0,True
54,-0.08671629617631826,False,,-0.08671629617631826,False,3,0.0,True
55,-0.08558809994806989,False,,-0.08558809994806989,False,3,0.0,True
56,-0.08803566316642585,False,,-0.08803566316642585,False,3,0.0,True
57,-0.08521928098312566,False,,-0.08521928098312566,False,3,0.0,True
58,-0.08774857759346627,False,,-0.08774857759346627,False,3,0.0,True
59,-0.08885073250054612,False,,-0.08885073250054612,False,3,0.0,True
60,-0.08681718526271255,False,,-0.08681718526271255,False,3,0.0,True
61,-0.08716035541171513,False,,-0.08716035541171513,False,3,0.0,True
62,-0.0912109239159399,False,,-0.0912109239159399,False,3,0.0,True
63,-0.08990542476510227,False,,-0.08990542476510227,False,3,0.0,True
0,-0.10138800260028288,True,,-0.10138800260028288,True,4,0.0,True
1,-0.10142908417029078,False,,-0.10142908417029078,False,4,0.0,True
2,-0.08265470998040435,False,,-0.08265470998040435,False,4,0.0,True
3,-0.08377547193190063,False,,-0.08377547193190063,False,4,0.0,True
4,-0.08225518009723966,False,,-0.08225518009723966,False,4,0.0,True
5,-0.08567288260436859,False,,-0.08567288260436859,False,4,0.0,True
6,-0.07922296720897495,False,,-0.07922296720897495,False,4,0.0,True
7,-0.08494833162717619,False,,-0.08494833162717619,False,4,0.0,True
8,-0.07948859901393356,False,,-0.07948859901393356,False,4,0.0,True
9,-0.08189410293834076,False,,-0.08189410293834076,False,4,0.0,True
10,-0.07910792195804033,False,,-0.07910792195804033,False,4,0.0,True
11,-0.07851741541746489,False,,-0.07851741541746489,False,4,0.0,True
12,-0.08313093864068981,False,,-0.08313093864068981,False,4,0.0,True
13,-0.08253248593398246,False,,-0.08253248593398246,False,4,0.0,True
14,-0.07966181859111945,False,,-0.07966181859111945,False,4,0.0,True
15,-0.08303618376718694,False,,-0.08303618376718694,False,4,0.0,True
16,-0.08099604506181307,False,,-0.08099604506181307,False,4,0.0,True
17,-0.08422343312608925,False,,-0.08422343312608925,False,4,0.0,True
18,-0.08000661474160786,False,,-0.08000661474160786,False,4,0.0,True
19,-0.0800102224602243,False,,-0.0800102224602243,False,4,0.0,True
20,-0.08154899932858597,False,,-0.08154899932858597,False,4,0.0,True
21,-0.08057939446577683,False,,-0.08057939446577683,False,4,0.0,True
22,-0.08143839059703407,False,,-0.08143839059703407,False,4,0.0,True
23,-0.07921230253744439,False,,-0.07921230253744439,False,4,0.0,True
24,-0.0806793349293136,False,,-0.0806793349293136,False,4,0.0,True
25,-0.08313430382691589,False,,-0.08313430382691589,False,4,0.0,True
26,-0.08092610623263573,False,,-0.08092610623263573,False,4,0.0,True
27,-0.08082039139521233,False,,-0.08082039139521233,False,4,0.0,True
28,-0.08118163707021989,False,,-0.08118163707021989,False,4,0.0,True
29,-0.08198025507596421,False,,-0.08198025507596421,False,4,0.0,True
30,-0.07945599066628768,False,,-0.07945599066628768,False,4,0.0,True
31,-0.0812565321958798,False,,-0.0812565321958798,False,4,0.0,True
32,-0.07870523632580567,False,,-0.07870523632580567,False,4,0.0,True
33,-0.08145510227155997,False,,-0.08145510227155997,False,4,0.0,True
34,-0.07832186462104652,False,,-0.07832186462104652,False,4,0.0,True
35,-0.08149207654920623,False,,-0.08149207654920623,False,4,0.0,True
36,-0.08250281461620028,False,,-0.08250281461620028,False,4,0.0,True
37,-0.08132482481438373,False,,-0.08132482481438373,False,4,0.0,True
38,-0.080316837323177,False,,-0.080316837323177,False,4,0.0,True
39,-0.08291041042308513,False,,-0.08291041042308513,False,4,0.0,True
40,-0.08159496884850523,False,,-0.08159496884850523,False,4,0.0,True
41,-0.08099026467563222,False,,-0.08099026467563222,False,4,0.0,True
42,-0.07928410491224,False,,-0.07928410491224,False,4,0.0,True
43,-0.08100244953652389,False,,-0.08100244953652389,False,4,0.0,True
44,-0.0835096856330368,False,,-0.0835096856330368,False,4,0.0,True
45,-0.08175886036129765,False,,-0.08175886036129765,False,4,0.0,True
46,-0.0835809320668366,False,,-0.0835809320668366,False,4,0.0,True
47,-0.08113474360079267,False,,-0.08113474360079267,False,4,0.0,True
48,-0.08224514672273722,False,,-0.08224514672273722,False,4,0.0,True
49,-0.08347771833615752,False,,-0.08347771833615752,False,4,0.0,True
50,-0.08598372748810808,False,,-0.08598372748810808,False,4,0.0,True
51,-0.08026418861126675,False,,-0.08026418861126675,False,4,0.0,True
52,-0.07926805264108955,False,,-0.07926805264108955,False,4,0.0,True
53,-0.0834755490860237,False,,-0.0834755490860237,False,4,0.0,True
54,-0.07896103235854915,False,,-0.07896103235854915,False,4,0.0,True
55,-0.07854180642404611,False,,-0.07854180642404611,False,4,0.0,True
56,-0.07854760076455353,False,,-0.07854760076455353,False,4,0.0,True
57,-0.0821430624073769,False,,-0.0821430624073769,False,4,0.0,True
58,-0.08774105001889411,False,,-0.08774105001889411,False,4,0.0,True
59,-0.07960951908508174,False,,-0.07960951908508174,False,4,0.0,True
60,-0.08100910937737309,False,,-0.08100910937737309,False,4,0.0,True
61,-0.0860232706775952,False,,-0.0860232706775952,False,4,0.0,True
62,-0.0800018657717831,False,,-0.0800018657717831,False,4,0.0,True
63,-0.08496471655269953,False,,-0.08496471655269953,False,4,0.0,True
0,-0.09926325509697806,True,,-0.09926325509697806,True,5,0.0,True
1,-0.09930930591705359,False,,-0.09930930591705359,False,5,0.0,True
2,-0.08351926753332703,False,,-0.08351926753332703,False,5,0.0,True
3,-0.08425565013872628,False,,-0.08425565013872628,False,5,0.0,True
4,-0.08057150863838514,False,,-0.08057150863838514,False,5,0.0,True
5,-0.08053819500104611,False,,-0.08053819500104611,False,5,0.0,True
6,-0.08258399533178581,False,,-0.08258399533178581,False,5,0.0,True
7,-0.08217539095069343,False,,-0.08217539095069343,False,5,0.0,True
8,-0.08163903743818807,False,,-0.08163903743818807,False,5,0.0,True
9,-0.07939639613388713,False,,-0.07939639613388713,False,5,0.0,True
10,-0.08495938543647388,False,,-0.08495938543647388,False,5,0.0,True
11,-0.08211828323769332,False,,-0.08211828323769332,False,5,0.0,True
12,-0.07895175968289599,False,,-0.07895175968289599,False,5,0.0,True
13,-0.0817493159031707,False,,-0.0817493159031707,False,5,0.0,True
14,-0.08428636359745648,False,,-0.08428636359745648,False,5,0.0,True
15,-0.08143605881725635,False,,-0.08143605881725635,False,5,0.0,True
16,-0.07895994848800122,False,,-0.07895994848800122,False,5,0.0,True
17,-0.0816522888458043,False,,-0.0816522888458043,False,5,0.0,True
18,-0.07839380825240277,False,,-0.07839380825240277,False,5,0.0,True
19,-0.08052754891974426,False,,-0.08052754891974426,False,5,0.0,True
20,-0.0801278908124655,False,,-0.0801278908124655,False,5,0.0,True
21,-0.08011407046878005,False,,-0.08011407046878005,False,5,0.0,True
22,-0.08262447605666026,False,,-0.08262447605666026,False,5,0.0,True
23,-0.07939196634029914,False,,-0.07939196634029914,False,5,0.0,True
24,-0.08163949001935493,False,,-0.08163949001935493,False,5,0.0,True
25,-0.08408239795669202,False,,-0.08408239795669202,False,5,0.0,True
26,-0.08474484855842944,False,,-0.08474484855842944,False,5,0.0,True
27,-0.0816017188167436,False,,-0.0816017188167436,False,5,0.0,True
28,-0.08019245335610876,False,,-0.08019245335610876,False,5,0.0,True
29,-0.08173770768538027,False,,-0.08173770768538027,False,5,0.0,True
30,-0.07873971657813444,False,,-0.07873971657813444,False,5,0.0,True
31,-0.08072856672625683,False,,-0.08072856672625683,False,5,0.0,True
32,-0.08104955352956797,False,,-0.08104955352956797,False,5,0.0,True
33,-0.07816114147161196,False,,-0.07816114147161196,False,5,0.0,True
34,-0.08101930631850388,False,,-0.08101930631850388,False,5,0.0,True
35,-0.08339037922282155,False,,-0.08339037922282155,False,5,0.0,True
36,-0.08179226278985746,False,,-0.08179226278985746,False,5,0.0,True
37,-0.08149606576273755,False,,-0.08149606576273755,False,5,0.0,True
38,-0.07911271772809171,False,,-0.07911271772809171,False,5,0.0,True
39,-0.08535764577452,False,,-0.08535764577452,False,5,0.0,True
40,-0.07878548701796156,False,,-0.07878548701796156,False,5,0.0,True
41,-0.08058887755242697,False,,-0.08058887755242697,False,5,0.0,True
42,-0.07991831271096358,False,,-0.07991831271096358,False,5,0.0,True
43,-0.08360472692015909,False,,-0.08360472692015909,False,5,0.0,True
44,-0.08370518568324732,False,,-0.08370518568324732,False,5,0.0,True
45,-0.07860307686732416,False,,-0.07860307686732416,False,5,0.0,True
46,-0.0822928039972682,False,,-0.0822928039972682,False,5,0.0,True
47,-0.08164605003115717,False,,-0.08164605003115717,False,5,0.0,True
48,-0.07944136358965517,False,,-0.07944136358965517,False,5,0.0,True
49,-0.07939416947011602,False,,-0.07939416947011602,False,5,0.0,True
50,-0.08063564529131217,False,,-0.08063564529131217,False,5,0.0,True
51,-0.08226135631539905,False,,-0.08226135631539905,False,5,0.0,True
52,-0.0817048662484636,False,,-0.0817048662484636,False,5,0.0,True
53,-0.0810037032910921,False,,-0.0810037032910921,False,5,0.0,True
54,-0.07702643441027598,False,,-0.07702643441027598,False,5,0.0,True
55,-0.07896754887667085,False,,-0.07896754887667085,False,5,0.0,True
56,-0.08303175360724892,False,,-0.08303175360724892,False,5,0.0,True
57,-0.08648605968958928,False,,-0.08648605968958928,False,5,0.0,True
58,-0.07759216490902612,False,,-0.07759216490902612,False,5,0.0,True
59,-0.08042429744645412,False,,-0.08042429744645412,False,5,0.0,True
60,-0.0804952548057004,False,,-0.0804952548057004,False,5,0.0,True
61,-0.08245658905842598,False,,-0.08245658905842598,False,5,0.0,True
62,-0.07934690540409273,False,,-0.07934690540409273,False,5,0.0,True
63,-0.08081699774345394,False,,-0.08081699774345394,False,5,0.0,True
0,-0.10359121393033126,True,,-0.10359121393033126,True,6,0.0,True
1,-0.1037067853547224,False,,-0.1037067853547224,False,6,0.0,True
2,-0.08640933804503381,False,,-0.08640933804503381,False,6,0.0,True
3,-0.08135330297304212,False,,-0.08135330297304212,False,6,0.0,True
4,-0.0883219574745628,False,,-0.0883219574745628,False,6,0.0,True
5,-0.09224086395173872,False,,-0.09224086395173872,False,6,0.0,True
6,-0.0850797064775913,False,,-0.0850797064775913,False,6,0.0,True
7,-0.08874999761874997,False,,-0.08874999761874997,False,6,0.0,True
8,-0.08379815375945414,False,,-0.08379815375945414,False,6,0.0,True
9,-0.08498976575436572,False,,-0.08498976575436572,False,6,0.0,True
10,-0.08800612343469097,False,,-0.08800612343469097,False,6,0.0,True
11,-0.08427391683167833,False,,-0.08427391683167833,False,6,0.0,True
12,-0.08772840316839968,False,,-0.08772840316839968,False,6,0.0,True
13,-0.08460417203762535,False,,-0.08460417203762535,False,6,0.0,True
14,-0.08286229788630373,False,,-0.08286229788630373,False,6,0.0,True
15,-0.0853660961838774,False,,-0.0853660961838774,False,6,0.0,True
16,-0.08540178865467435,False,,-0.08540178865467435,False,6,0.0,True
17,-0.08587142535458922,False,,-0.08587142535458922,False,6,0.0,True
18,-0.08553911834972194,False,,-0.08553911834972194,False,6,0.0,True
19,-0.08606170424376222,False,,-0.08606170424376222,False,6,0.0,True
20,-0.0851888459677376,False,,-0.0851888459677376,False,6,0.0,True
21,-0.08607699739606924,False,,-0.08607699739606924,False,6,0.0,True
22,-0.08517326864614808,False,,-0.08517326864614808,False,6,0.0,True
23,-0.08498542132636697,False,,-0.08498542132636697,False,6,0.0,True
24,-0.0834029944628808,False,,-0.0834029944628808,False,6,0.0,True
25,-0.0842474216667555,False,,-0.0842474216667555,False,6,0.0,True
26,-0.0837435070264829,False,,-0.0837435070264829,False,6,0.0,True
27,-0.08572424327780179,False,,-0.08572424327780179,False,6,0.0,True
28,-0.08484487107939163,False,,-0.08484487107939163,False,6,0.0,True
29,-0.08781698290559378,False,,-0.08781698290559378,False,6,0.0,True
30,-0.08704315391298988,False,,-0.08704315391298988,False,6,0.0,True
31,-0.08395391993545152,False,,-0.08395391993545152,False,6,0.0,True
32,-0.0890065000817187,False,,-0.0890065000817187,False,6,0.0,True
33,-0.08562223290420531,False,,-0.08562223290420531,False,6,0.0,True
34,-0.08562076390770194,False,,-0.08562076390770194,False,6,0.0,True
35,-0.0845853126434426,False,,-0.0845853126434426,False,6,0.0,True
36,-0.08808114155981502,False,,-0.08808114155981502,False,6,0.0,True
37,-0.0841151525679751,False,,-0.0841151525679751,False,6,0.0,True
38,-0.08640774800231349,False,,-0.08640774800231349,False,6,0.0,True
39,-0.0846082425320028,False,,-0.0846082425320028,False,6,0.0,True
40,-0.0875625040511104,False,,-0.0875625040511104,False,6,0.0,True
41,-0.0826530108087115,False,,-0.0826530108087115,False,6,0.0,True
42,-0.08763712751077694,False,,-0.08763712751077694,False,6,0.0,True
43,-0.08369035237225168,False,,-0.08369035237225168,False,6,0.0,True
44,-0.08676335958211803,False,,-0.08676335958211803,False,6,0.0,True
45,-0.0855548759687586,False,,-0.0855548759687586,False,6,0.0,True
46,-0.0840197919511115,False,,-0.0840197919511115,False,6,0.0,True
47,-0.08495793345212468,False,,-0.08495793345212468,False,6,0.0,True
48,-0.08402211440422822,False,,-0.08402211440422822,False,6,0.0,True
49,-0.08298517512518458,False,,-0.08298517512518458,False,6,0.0,True
50,-0.08436845924008621,False,,-0.08436845924008621,False,6,0.0,True
51,-0.08325261592092331,False,,-0.08325261592092331,False,6,0.0,True
52,-0.0867243981466927,False,,-0.0867243981466927,False,6,0.0,True
53,-0.08510286197178862,False,,-0.08510286197178862,False,6,0.0,True
54,-0.08372405968729556,False,,-0.08372405968729556,False,6,0.0,True
55,-0.08596744541593394,False,,-0.08596744541593394,False,6,0.0,True
56,-0.08374417321041996,False,,-0.08374417321041996,False,6,0.0,True
57,-0.08292872005522302,False,,-0.08292872005522302,False,6,0.0,True
58,-0.08547993042074639,False,,-0.08547993042074639,False,6,0.0,True
59,-0.08570516852210723,False,,-0.08570516852210723,False,6,0.0,True
60,-0.08901960009622494,False,,-0.08901960009622494,False,6,0.0,True
61,-0.0872939300414368,False,,-0.0872939300414368,False,6,0.0,True
62,-0.08476246922520839,False,,-0.08476246922520839,False,6,0.0,True
63,-0.08626723894413196,False,,-0.08626723894413196,False,6,0.0,True
0,-0.09346783676776912,True,,-0.09346783676776912,True,7,0.0,True
1,-0.09369787183762668,False,,-0.09369787183762668,False,7,0.0,True
2,-0.07547413687236514,False,,-0.07547413687236514,False,7,0.0,True
3,-0.07458723721422189,False,,-0.07458723721422189,False,7,0.0,True
4,-0.0754275712642337,False,,-0.0754275712642337,False,7,0.0,True
5,-0.07336410692999945,False,,-0.07336410692999945,False,7,0.0,True
6,-0.07686664590148623,False,,-0.07686664590148623,False,7,0.0,True
7,-0.07257223681389584,False,,-0.07257223681389584,False,7,0.0,True
8,-0.07266410090956915,False,,-0.07266410090956915,False,7,0.0,True
9,-0.07494569979115377,False,,-0.07494569979115377,False,7,0.0,True
10,-0.07360631647684425,False,,-0.07360631647684425,False,7,0.0,True
11,-0.07170485919187297,False,,-0.07170485919187297,False,7,0.0,True
12,-0.07412621780483704,False,,-0.07412621780483704,False,7,0.0,True
13,-0.07377042439586934,False,,-0.07377042439586934,False,7,0.0,True
14,-0.07415647232980953,False,,-0.07415647232980953,False,7,0.0,True
15,-0.07691257845593927,False,,-0.07691257845593927,False,7,0.0,True
16,-0.07699518135670072,False,,-0.07699518135670072,False,7,0.0,True
17,-0.07285845301732613,False,,-0.07285845301732613,False,7,0.0,True
18,-0.07478924006382452,False,,-0.07478924006382452,False,7,0.0,True
19,-0.07678076585033641,False,,-0.07678076585033641,False,7,0.0,True
20,-0.07347218416635318,False,,-0.07347218416635318,False,7,0.0,True
21,-0.0756343968081923,False,,-0.0756343968081923,False,7,0.0,True
22,-0.07436904669908373,False,,-0.07436904669908373,False,7,0.0,True
23,-0.07235568048935086,False,,-0.07235568048935086,False,7,0.0,True
24,-0.07300758911436066,False,,-0.07300758911436066,False,7,0.0,True
25,-0.07287875155437404,False,,-0.07287875155437404,False,7,0.0,True
26,-0.07229890020605986,False,,-0.07229890020605986,False,7,0.0,True
27,-0.07411078041512775,False,,-0.07411078041512775,False,7,0.0,True
28,-0.07378977120552588,False,,-0.07378977120552588,False,7,0.0,True
29,-0.07297965155751598,False,,-0.07297965155751598,False,7,0.0,True
30,-0.07519897814338959,False,,-0.07519897814338959,False,7,0.0,True
31,-0.0726379444178091,False,,-0.0726379444178091,False,7,0.0,True
32,-0.07464968650179149,False,,-0.07464968650179149,False,7,0.0,True
33,-0.07892399528533044,False,,-0.07892399528533044,False,7,0.0,True
34,-0.07642618601894133,False,,-0.07642618601894133,False,7,0.0,True
35,-0.07294715823635371,False,,-0.07294715823635371,False,7,0.0,True
36,-0.07422055200225569,False,,-0.07422055200225569,False,7,0.0,True
37,-0.07212160279424773,False,,-0.07212160279424773,False,7,0.0,True
38,-0.07366589062860457,False,,-0.07366589062860457,False,7,0.0,True
39,-0.07327221571899423,False,,-0.07327221571899423,False,7,0.0,True
40,-0.074321573554098,False,,-0.074321573554098,False,7,0.0,True
41,-0.07307693346145179,False,,-0.07307693346145179,False,7,0.0,True
42,-0.07352245014566128,False,,-0.07352245014566128,False,7,0.0,True
43,-0.07474418396267674,False,,-0.07474418396267674,False,7,0.0,True
44,-0.0766086354652235,False,,-0.0766086354652235,False,7,0.0,True
45,-0.07169080157034367,False,,-0.07169080157034367,False,7,0.0,True
46,-0.07497839692158706,False,,-0.07497839692158706,False,7,0.0,True
47,-0.07992315118955454,False,,-0.07992315118955454,False,7,0.0,True
48,-0.07478166652914474,False,,-0.07478166652914474,False,7,0.0,True
49,-0.07660974542141058,False,,-0.07660974542141058,False,7,0.0,True
50,-0.07437583478679846,False,,-0.07437583478679846,False,7,0.0,True
51,-0.07373832354368944,False,,-0.07373832354368944,False,7,0.0,True
52,-0.07594725583763384,False,,-0.07594725583763384,False,7,0.0,True
53,-0.07203473972506372,False,,-0.07203473972506372,False,7,0.0,True
54,-0.07363379174475926,False,,-0.07363379174475926,False,7,0.0,True
55,-0.07376294772343811,False,,-0.07376294772343811,False,7,0.0,True
56,-0.07342672780712532,False,,-0.07342672780712532,False,7,0.0,True
57,-0.0737337348046726,False,,-0.0737337348046726,False,7,0.0,True
58,-0.07184360996135754,False,,-0.07184360996135754,False,7,0.0,True
59,-0.07376234325330419,False,,-0.07376234325330419,False,7,0.0,True
60,-0.07490909886717062,False,,-0.07490909886717062,False,7,0.0,True
61,-0.07293386759835124,False,,-0.07293386759835124,False,7,0.0,True
62,-0.07264448426456831,False,,-0.07264448426456831,False,7,0.0,True
63,-0.07403759999838809,False,,-0.07403759999838809,False,7,0.0,True
0,-0.0958326485066442,True,,-0.0958326485066442,True,8,0.0,True
1,-0.09652818723794249,False,,-0.09652818723794249,False,8,0.0,True
2,-0.07722193028939603,False,,-0.07722193028939603,False,8,0.0,True
3,-0.07459850218484737,False,,-0.07459850218484737,False,8,0.0,True
4,-0.07917251468300934,False,,-0.07917251468300934,False,8,0.0,True
5,-0.07436479704858795,False,,-0.07436479704858795,False,8,0.0,True
6,-0.07720116525182064,False,,-0.07720116525182064,False,8,0.0,True
7,-0.07632835847295855,False,,-0.07632835847295855,False,8,0.0,True
8,-0.07638709806688945,False,,-0.07638709806688945,False,8,0.0,True
9,-0.0770807373165831,False,,-0.0770807373165831,False,8,0.0,True
10,-0.07609929502127546,False,,-0.07609929502127546,False,8,0.0,True
11,-0.07555480259249964,False,,-0.07555480259249964,False,8,0.0,True
12,-0.07612960944466343,False,,-0.07612960944466343,False,8,0.0,True
13,-0.08108815895971287,False,,-0.08108815895971287,False,8,0.0,True
14,-0.0734790106134926,False,,-0.0734790106134926,False,8,0.0,True
15,-0.07806897824136957,False,,-0.07806897824136957,False,8,0.0,True
16,-0.07682289272454386,False,,-0.07682289272454386,False,8,0.0,True
17,-0.07572237943439189,False,,-0.07572237943439189,False,8,0.0,True
18,-0.07779670931908066,False,,-0.07779670931908066,False,8,0.0,True
19,-0.07734000425179693,False,,-0.07734000425179693,False,8,0.0,True
20,-0.07851985835727593,False,,-0.07851985835727593,False,8,0.0,True
21,-0.07548550044825679,False,,-0.07548550044825679,False,8,0.0,True
22,-0.07420913544675509,False,,-0.07420913544675509,False,8,0.0,True
23,-0.0768982897970989,False,,-0.0768982897970989,False,8,0.0,True
24,-0.07875312313353483,False,,-0.07875312313353483,False,8,0.0,True
25,-0.07438351008093873,False,,-0.07438351008093873,False,8,0.0,True
26,-0.07750849343355352,False,,-0.07750849343355352,False,8,0.0,True
27,-0.07649670839481106,False,,-0.07649670839481106,False,8,0.0,True
28,-0.07533509130024368,False,,-0.07533509130024368,False,8,0.0,True
29,-0.07840071226121754,False,,-0.07840071226121754,False,8,0.0,True
30,-0.07537858776147574,False,,-0.07537858776147574,False,8,0.0,True
31,-0.0771846169071445,False,,-0.0771846169071445,False,8,0.0,True
32,-0.07786557305115666,False,,-0.07786557305115666,False,8,0.0,True
33,-0.07543073347064261,False,,-0.07543073347064261,False,8,0.0,True
34,-0.07403165446239082,False,,-0.07403165446239082,False,8,0.0,True
35,-0.07600176285161576,False,,-0.07600176285161576,False,8,0.0,True
36,-0.08068637861655498,False,,-0.08068637861655498,False,8,0.0,True
37,-0.07651284118524866,False,,-0.07651284118524866,False,8,0.0,True
38,-0.07650192801846084,False,,-0.07650192801846084,False,8,0.0,True
39,-0.07812606266902036,False,,-0.07812606266902036,False,8,0.0,True
40,-0.07440607067757815,False,,-0.07440607067757815,False,8,0.0,True
41,-0.08292072212360659,False,,-0.08292072212360659,False,8,0.0,True
42,-0.08171330828291377,False,,-0.08171330828291377,False,8,0.0,True
43,-0.07605144511343548,False,,-0.07605144511343548,False,8,0.0,True
44,-0.07466898606769715,False,,-0.07466898606769715,False,8,0.0,True
45,-0.07390300493877106,False,,-0.07390300493877106,False,8,0.0,True
46,-0.07627672535283299,False,,-0.07627672535283299,False,8,0.0,True
47,-0.07544577483331148,False,,-0.07544577483331148,False,8,0.0,True
48,-0.07581656463925976,False,,-0.07581656463925976,False,8,0.0,True
49,-0.08162168775146073,False,,-0.08162168775146073,False,8,0.0,True
50,-0.07553989770873791,False,,-0.07553989770873791,False,8,0.0,True
51,-0.07943253613678819,False,,-0.07943253613678819,False,8,0.0,True
52,-0.07593329776167555,False,,-0.07593329776167555,False,8,0.0,True
53,-0.0761826074164824,False,,-0.0761826074164824,False,8,0.0,True
54,-0.07911994259548517,False,,-0.07911994259548517,False,8,0.0,True
55,-0.07509820461257039,False,,-0.07509820461257039,False,8,0.0,True
56,-0.07508692306469839,False,,-0.07508692306469839,False,8,0.0,True
57,-0.07781989750368642,False,,-0.07781989750368642,False,8,0.0,True
58,-0.07954238265563399,False,,-0.07954238265563399,False,8,0.0,True
59,-0.0830730936491533,False,,-0.0830730936491533,False,8,0.0,True
60,-0.07774314594455618,False,,-0.07774314594455618,False,8,0.0,True
61,-0.0775407534725244,False,,-0.0775407534725244,False,8,0.0,True
62,-0.07674444687739482,False,,-0.07674444687739482,False,8,0.0,True
63,-0.07661171400025774,False,,-0.07661171400025774,False,8,0.0,True
0,-0.08531433262154382,True,,-0.08531433262154382,True,9,0.0,True
1,-0.08546117042288218,False,,-0.08546117042288218,False,9,0.0,True
2,-0.06469457411058582,False,,-0.06469457411058582,False,9,0.0,True
3,-0.06576441481758577,False,,-0.06576441481758577,False,9,0.0,True
4,-0.06603021531378121,False,,-0.06603021531378121,False,9,0.0,True
5,-0.06473283986526744,False,,-0.06473283986526744,False,9,0.0,True
6,-0.06883773110599026,False,,-0.06883773110599026,False,9,0.0,True
7,-0.06846300134531932,False,,-0.06846300134531932,False,9,0.0,True
8,-0.06566051529577678,False,,-0.06566051529577678,False,9,0.0,True
9,-0.063482642614212,False,,-0.063482642614212,False,9,0.0,True
10,-0.06603978651343065,False,,-0.06603978651343065,False,9,0.0,True
11,-0.06557048563886382,False,,-0.06557048563886382,False,9,0.0,True
12,-0.06354679013706102,False,,-0.06354679013706102,False,9,0.0,True
13,-0.06844154012729968,False,,-0.06844154012729968,False,9,0.0,True
14,-0.06502345147359842,False,,-0.06502345147359842,False,9,0.0,True
15,-0.06527405442283166,False,,-0.06527405442283166,False,9,0.0,True
16,-0.06643969338968539,False,,-0.06643969338968539,False,9,0.0,True
17,-0.06713135133344589,False,,-0.06713135133344589,False,9,0.0,True
18,-0.06555213583019633,False,,-0.06555213583019633,False,9,0.0,True
19,-0.06555444046472177,False,,-0.06555444046472177,False,9,0.0,True
20,-0.06784242051346866,False,,-0.06784242051346866,False,9,0.0,True
21,-0.07066417886766932,False,,-0.07066417886766932,False,9,0.0,True
22,-0.0694884160675581,False,,-0.0694884160675581,False,9,0.0,True
23,-0.06407459830151821,False,,-0.06407459830151821,False,9,0.0,True
24,-0.06339396354812418,False,,-0.06339396354812418,False,9,0.0,True
25,-0.06467513895820187,False,,-0.06467513895820187,False,9,0.0,True
26,-0.06369607082147756,False,,-0.06369607082147756,False,9,0.0,True
27,-0.06711135708884444,False,,-0.06711135708884444,False,9,0.0,True
28,-0.06493714703957942,False,,-0.06493714703957942,False,9,0.0,True
29,-0.06265490561394318,False,,-0.06265490561394318,False,9,0.0,True
30,-0.06553829957407725,False,,-0.06553829957407725,False,9,0.0,True
31,-0.06604053522240944,False,,-0.06604053522240944,False,9,0.0,True
32,-0.06390275837234574,False,,-0.06390275837234574,False,9,0.0,True
33,-0.06890426424920508,False,,-0.06890426424920508,False,9,0.0,True
34,-0.07245992974170487,False,,-0.07245992974170487,False,9,0.0,True
35,-0.06595981280243626,False,,-0.06595981280243626,False,9,0.0,True
36,-0.06322343368957463,False,,-0.06322343368957463,False,9,0.0,True
37,-0.06719541687445083,False,,-0.06719541687445083,False,9,0.0,True
38,-0.06467532328288353,False,,-0.06467532328288353,False,9,0.0,True
39,-0.06362362274936069,False,,-0.06362362274936069,False,9,0.0,True
40,-0.06620311399016753,False,,-0.06620311399016753,False,9,0.0,True
41,-0.06756436478977952,False,,-0.06756436478977952,False,9,0.0,True
42,-0.06777414719038506,False,,-0.06777414719038506,False,9,0.0,True
43,-0.06823331701794269,False,,-0.06823331701794269,False,9,0.0,True
44,-0.06651178215326402,False,,-0.06651178215326402,False,9,0.0,True
45,-0.06900203679668165,False,,-0.06900203679668165,False,9,0.0,True
46,-0.06544838027249564,False,,-0.06544838027249564,False,9,0.0,True
47,-0.06299047427543275,False,,-0.06299047427543275,False,9,0.0,True
48,-0.06680444545306585,False,,-0.06680444545306585,False,9,0.0,True
49,-0.06852681080773601,False,,-0.06852681080773601,False,9,0.0,True
50,-0.06319573689777366,False,,-0.06319573689777366,False,9,0.0,True
51,-0.06435825538699191,False,,-0.06435825538699191,False,9,0.0,True
52,-0.06351711490650963,False,,-0.06351711490650963,False,9,0.0,True
53,-0.06824332593242527,False,,-0.06824332593242527,False,9,0.0,True
54,-0.06995842146827572,False,,-0.06995842146827572,False,9,0.0,True
55,-0.0734256019701906,False,,-0.0734256019701906,False,9,0.0,True
56,-0.06790189119376444,False,,-0.06790189119376444,False,9,0.0,True
57,-0.06311300100600212,False,,-0.06311300100600212,False,9,0.0,True
58,-0.06336406753392126,False,,-0.06336406753392126,False,9,0.0,True
59,-0.06353724032531449,False,,-0.06353724032531449,False,9,0.0,True
60,-0.0693766007310863,False,,-0.0693766007310863,False,9,0.0,True
61,-0.06370018433568142,False,,-0.06370018433568142,False,9,0.0,True
62,-0.06372606293733744,False,,-0.06372606293733744,False,9,0.0,True
63,-0.06358323040558284,False,,-0.06358323040558284,False,9,0.0,True
0,-0.08507054642610593,True,,-0.08507054642610593,True,10,0.0,True
1,-0.08822183694075306,False,,-0.08822183694075306,False,10,0.0,True
2,-0.07340092271217255,False,,-0.07340092271217255,False,10,0.0,True
3,-0.06957325817839538,False,,-0.06957325817839538,False,10,0.0,True
4,-0.07018335239599033,False,,-0.07018335239599033,False,10,0.0,True
5,-0.07009306957888296,False,,-0.07009306957888296,False,10,0.0,True
6,-0.06747803433016322,False,,-0.06747803433016322,False,10,0.0,True
7,-0.07243794711843823,False,,-0.07243794711843823,False,10,0.0,True
8,-0.06983180682967118,False,,-0.06983180682967118,False,10,0.0,True
9,-0.06889153351384883,False,,-0.06889153351384883,False,10,0.0,True
10,-0.06635513922590797,False,,-0.06635513922590797,False,10,0.0,True
11,-0.07081424832400086,False,,-0.07081424832400086,False,10,0.0,True
12,-0.06933768313989908,False,,-0.06933768313989908,False,10,0.0,True
13,-0.06935216254549016,False,,-0.06935216254549016,False,10,0.0,True
14,-0.07253616576977949,False,,-0.07253616576977949,False,10,0.0,True
15,-0.06728497518673804,False,,-0.06728497518673804,False,10,0.0,True
16,-0.06932965278136861,False,,-0.06932965278136861,False,10,0.0,True
17,-0.0701684783744845,False,,-0.0701684783744845,False,10,0.0,True
18,-0.06730743961167293,False,,-0.06730743961167293,False,10,0.0,True
19,-0.0691570791293163,False,,-0.0691570791293163,False,10,0.0,True
20,-0.07166182096018786,False,,-0.07166182096018786,False,10,0.0,True
21,-0.06780485374915796,False,,-0.06780485374915796,False,10,0.0,True
22,-0.06781384907598267,False,,-0.06781384907598267,False,10,0.0,True
23,-0.06942892619345864,False,,-0.06942892619345864,False,10,0.0,True
24,-0.0677970874681145,False,,-0.0677970874681145,False,10,0.0,True
25,-0.07049771217431322,False,,-0.07049771217431322,False,10,0.0,True
26,-0.06799787244852057,False,,-0.06799787244852057,False,10,0.0,True
27,-0.07152178071708266,False,,-0.07152178071708266,False,10,0.0,True
28,-0.07046412001977928,False,,-0.07046412001977928,False,10,0.0,True
29,-0.07039426983977823,False,,-0.07039426983977823,False,10,0.0,True
30,-0.06821366734038276,False,,-0.06821366734038276,False,10,0.0,True
31,-0.07020852826691742,False,,-0.07020852826691742,False,10,0.0,True
32,-0.07200669120424127,False,,-0.07200669120424127,False,10,0.0,True
33,-0.07667369840288676,False,,-0.07667369840288676,False,10,0.0,True
34,-0.07071367208717648,False,,-0.07071367208717648,False,10,0.0,True
35,-0.0674512967700673,False,,-0.0674512967700673,False,10,0.0,True
36,-0.07255874757988506,False,,-0.07255874757988506,False,10,0.0,True
37,-0.06793446808182954,False,,-0.06793446808182954,False,10,0.0,True
38,-0.0711701148381928,False,,-0.0711701148381928,False,10,0.0,True
39,-0.07385426946872406,False,,-0.07385426946872406,False,10,0.0,True
40,-0.07073397090814319,False,,-0.07073397090814319,False,10,0.0,True
41,-0.06813468884707118,False,,-0.06813468884707118,False,10,0.0,True
42,-0.07207955025624677,False,,-0.07207955025624677,False,10,0.0,True
43,-0.0729867269196653,False,,-0.0729867269196653,False,10,0.0,True
44,-0.06827896760776252,False,,-0.06827896760776252,False,10,0.0,True
45,-0.07276830540100873,False,,-0.07276830540100873,False,10,0.0,True
46,-0.07577416726779587,False,,-0.07577416726779587,False,10,0.0,True
47,-0.06774987926275776,False,,-0.06774987926275776,False,10,0.0,True
48,-0.06792219031806693,False,,-0.06792219031806693,False,10,0.0,True
49,-0.0684044410765664,False,,-0.0684044410765664,False,10,0.0,True
50,-0.06951554297972795,False,,-0.06951554297972795,False,10,0.0,True
51,-0.07044055774050417,False,,-0.07044055774050417,False,10,0.0,True
52,-0.07097979897360654,False,,-0.07097979897360654,False,10,0.0,True
53,-0.07142176355689157,False,,-0.07142176355689157,False,10,0.0,True
54,-0.06827541167835041,False,,-0.06827541167835041,False,10,0.0,True
55,-0.068868541898923,False,,-0.068868541898923,False,10,0.0,True
56,-0.06874565196342036,False,,-0.06874565196342036,False,10,0.0,True
57,-0.06768890222231967,False,,-0.06768890222231967,False,10,0.0,True
58,-0.06663212312108893,False,,-0.06663212312108893,False,10,0.0,True
59,-0.06965860146142452,False,,-0.06965860146142452,False,10,0.0,True
60,-0.0698241463875188,False,,-0.0698241463875188,False,10,0.0,True
61,-0.06672067137272837,False,,-0.06672067137272837,False,10,0.0,True
62,-0.07447902708688889,False,,-0.07447902708688889,False,10,0.0,True
63,-0.06895561714875391,False,,-0.06895561714875391,False,10,0.0,True
0,-0.09110918591294007,True,,-0.09110918591294007,True,11,0.0,True
1,-0.09117080820112983,False,,-0.09117080820112983,False,11,0.0,True
2,-0.0735774958205214,False,,-0.0735774958205214,False,11,0.0,True
3,-0.07359346441344003,False,,-0.07359346441344003,False,11,0.0,True
4,-0.07330035181854647,False,,-0.07330035181854647,False,11,0.0,True
5,-0.07437155871307308,False,,-0.07437155871307308,False,11,0.0,True
6,-0.0785822666220582,False,,-0.0785822666220582,False,11,0.0,True
7,-0.07369385228057385,False,,-0.07369385228057385,False,11,0.0,True
8,-0.07655240745392404,False,,-0.07655240745392404,False,11,0.0,True
9,-0.07753209084964138,False,,-0.07753209084964138,False,11,0.0,True
10,-0.07916343813558802,False,,-0.07916343813558802,False,11,0.0,True
11,-0.07722984451088702,False,,-0.07722984451088702,False,11,0.0,True
12,-0.07531528536392945,False,,-0.07531528536392945,False,11,0.0,True
13,-0.0754977478881177,False,,-0.0754977478881177,False,11,0.0,True
14,-0.07517966522576058,False,,-0.07517966522576058,False,11,0.0,True
15,-0.07914439218315336,False,,-0.07914439218315336,False,11,0.0,True
16,-0.07618733503974245,False,,-0.07618733503974245,False,11,0.0,True
17,-0.07248554152526518,False,,-0.07248554152526518,False,11,0.0,True
18,-0.07705668953131858,False,,-0.07705668953131858,False,11,0.0,True
19,-0.07878428129734624,False,,-0.07878428129734624,False,11,0.0,True
20,-0.07309443382910512,False,,-0.07309443382910512,False,11,0.0,True
21,-0.07368022550810997,False,,-0.07368022550810997,False,11,0.0,True
22,-0.07734136924523757,False,,-0.07734136924523757,False,11,0.0,True
23,-0.07967069549777742,False,,-0.07967069549777742,False,11,0.0,True
24,-0.07480551508544522,False,,-0.07480551508544522,False,11,0.0,True
25,-0.075591014358941,False,,-0.075591014358941,False,11,0.0,True
26,-0.07959275052804113,False,,-0.07959275052804113,False,11,0.0,True
27,-0.0795602722247265,False,,-0.0795602722247265,False,11,0.0,True
28,-0.07958459280043904,False,,-0.07958459280043904,False,11,0.0,True
29,-0.08355197884434476,False,,-0.08355197884434476,False,11,0.0,True
30,-0.07577994046082046,False,,-0.07577994046082046,False,11,0.0,True
31,-0.07829771570787884,False,,-0.07829771570787884,False,11,0.0,True
32,-0.0719734845314481,False,,-0.0719734845314481,False,11,0.0,True
33,-0.0762576358059773,False,,-0.0762576358059773,False,11,0.0,True
34,-0.07866224109004818,False,,-0.07866224109004818,False,11,0.0,True
35,-0.07659374867908186,False,,-0.07659374867908186,False,11,0.0,True
36,-0.07402733454008327,False,,-0.07402733454008327,False,11,0.0,True
37,-0.07863416952220201,False,,-0.07863416952220201,False,11,0.0,True
38,-0.08052631206427904,False,,-0.08052631206427904,False,11,0.0,True
39,-0.07454727967652244,False,,-0.07454727967652244,False,11,0.0,True
40,-0.07524618137982124,False,,-0.07524618137982124,False,11,0.0,True
41,-0.07818535858886924,False,,-0.07818535858886924,False,11,0.0,True
42,-0.07661643696835055,False,,-0.07661643696835055,False,11,0.0,True
43,-0.08114120391734733,False,,-0.08114120391734733,False,11,0.0,True
44,-0.07520472411615887,False,,-0.07520472411615887,False,11,0.0,True
45,-0.07486024686532247,False,,-0.07486024686532247,False,11,0.0,True
46,-0.075370500663827,False,,-0.075370500663827,False,11,0.0,True
47,-0.07389642865697273,False,,-0.07389642865697273,False,11,0.0,True
48,-0.0741312663812515,False,,-0.0741312663812515,False,11,0.0,True
49,-0.08523183197511837,False,,-0.08523183197511837,False,11,0.0,True
50,-0.07807777132776894,False,,-0.07807777132776894,False,11,0.0,True
51,-0.07375824789719579,False,,-0.07375824789719579,False,11,0.0,True
52,-0.07524815803363205,False,,-0.07524815803363205,False,11,0.0,True
53,-0.08040977185486593,False,,-0.08040977185486593,False,11,0.0,True
54,-0.07575037286551684,False,,-0.07575037286551684,False,11,0.0,True
55,-0.07811420132144595,False,,-0.07811420132144595,False,11,0.0,True
56,-0.07225074198365909,False,,-0.07225074198365909,False,11,0.0,True
57,-0.07582644357318138,False,,-0.07582644357318138,False,11,0.0,True
58,-0.07820488531379183,False,,-0.07820488531379183,False,11,0.0,True
59,-0.07457530346356867,False,,-0.07457530346356867,False,11,0.0,True
60,-0.07701797986899844,False,,-0.07701797986899844,False,11,0.0,True
61,-0.07498378596794787,False,,-0.07498378596794787,False,11,0.0,True
62,-0.07473379918290377,False,,-0.07473379918290377,False,11,0.0,True
63,-0.07521403474070737,False,,-0.07521403474070737,False,11,0.0,True
0,-0.07857743445774967,True,,-0.07857743445774967,True,12,0.0,True
1,-0.07902391275108907,False,,-0.07902391275108907,False,12,0.0,True
2,-0.058569802258044236,False,,-0.058569802258044236,False,12,0.0,True
3,-0.05793953584942944,False,,-0.05793953584942944,False,12,0.0,True
4,-0.0580012137659904,False,,-0.0580012137659904,False,12,0.0,True
5,-0.061715578366595296,False,,-0.061715578366595296,False,12,0.0,True
6,-0.06314446019318032,False,,-0.06314446019318032,False,12,0.0,True
7,-0.0650391054667532,False,,-0.0650391054667532,False,12,0.0,True
8,-0.06127271998365018,False,,-0.06127271998365018,False,12,0.0,True
9,-0.06348589679564047,False,,-0.06348589679564047,False,12,0.0,True
10,-0.06452704654151832,False,,-0.06452704654151832,False,12,0.0,True
11,-0.05660762450652977,False,,-0.05660762450652977,False,12,0.0,True
12,-0.06293311125115078,False,,-0.06293311125115078,False,12,0.0,True
13,-0.058489577059341574,False,,-0.058489577059341574,False,12,0.0,True
14,-0.06080063899359635,False,,-0.06080063899359635,False,12,0.0,True
15,-0.060175935309872766,False,,-0.060175935309872766,False,12,0.0,True
16,-0.062258547321962156,False,,-0.062258547321962156,False,12,0.0,True
17,-0.06456701718777574,False,,-0.06456701718777574,False,12,0.0,True
18,-0.06244223122537861,False,,-0.06244223122537861,False,12,0.0,True
19,-0.05996447094780978,False,,-0.05996447094780978,False,12,0.0,True
20,-0.06675313344275362,False,,-0.06675313344275362,False,12,0.0,True
21,-0.06075864840242457,False,,-0.06075864840242457,False,12,0.0,True
22,-0.06322628388364698,False,,-0.06322628388364698,False,12,0.0,True
23,-0.06291592199854568,False,,-0.06291592199854568,False,12,0.0,True
24,-0.06429398833566577,False,,-0.06429398833566577,False,12,0.0,True
25,-0.06545170113267026,False,,-0.06545170113267026,False,12,0.0,True
26,-0.06274061296820052,False,,-0.06274061296820052,False,12,0.0,True
27,-0.05875314536266997,False,,-0.05875314536266997,False,12,0.0,True
28,-0.05954242683467639,False,,-0.05954242683467639,False,12,0.0,True
29,-0.06083548100404873,False,,-0.06083548100404873,False,12,0.0,True
30,-0.06521779514655449,False,,-0.06521779514655449,False,12,0.0,True
31,-0.06097262431532765,False,,-0.06097262431532765,False,12,0.0,True
32,-0.05679286216565463,False,,-0.05679286216565463,False,12,0.0,True
33,-0.05737845961156697,False,,-0.05737845961156697,False,12,0.0,True
34,-0.061643976929187036,False,,-0.061643976929187036,False,12,0.0,True
35,-0.0725305994568283,False,,-0.0725305994568283,False,12,0.0,True
36,-0.059365195409793556,False,,-0.059365195409793556,False,12,0.0,True
37,-0.06578995828824352,False,,-0.06578995828824352,False,12,0.0,True
38,-0.0635804247232449,False,,-0.0635804247232449,False,12,0.0,True
39,-0.05699652955598355,False,,-0.05699652955598355,False,12,0.0,True
40,-0.06198075768023607,False,,-0.06198075768023607,False,12,0.0,True
41,-0.05679932391194323,False,,-0.05679932391194323,False,12,0.0,True
42,-0.06101309734619957,False,,-0.06101309734619957,False,12,0.0,True
43,-0.05885925599739511,False,,-0.05885925599739511,False,12,0.0,True
44,-0.06438359655882833,False,,-0.06438359655882833,False,12,0.0,True
45,-0.06106519470088683,False,,-0.06106519470088683,False,12,0.0,True
46,-0.06586633132631538,False,,-0.06586633132631538,False,12,0.0,True
47,-0.07035917210433498,False,,-0.07035917210433498,False,12,0.0,True
48,-0.05809993014287461,False,,-0.05809993014287461,False,12,0.0,True
49,-0.06231662199323834,False,,-0.06231662199323834,False,12,0.0,True
50,-0.06279435243063357,False,,-0.06279435243063357,False,12,0.0,True
51,-0.058450631421506305,False,,-0.058450631421506305,False,12,0.0,True
52,-0.05705426297495477,False,,-0.05705426297495477,False,12,0.0,True
53,-0.06423472058624358,False,,-0.06423472058624358,False,12,0.0,True
54,-0.05680219258246967,False,,-0.05680219258246967,False,12,0.0,True
55,-0.06288725768270716,False,,-0.06288725768270716,False,12,0.0,True
56,-0.06549746650285762,False,,-0.06549746650285762,False,12,0.0,True
57,-0.06067127266422405,False,,-0.06067127266422405,False,12,0.0,True
58,-0.06296251908641168,False,,-0.06296251908641168,False,12,0.0,True
59,-0.06030364822092907,False,,-0.06030364822092907,False,12,0.0,True
60,-0.05954257513380253,False,,-0.05954257513380253,False,12,0.0,True
61,-0.06810297007700958,False,,-0.06810297007700958,False,12,0.0,True
62,-0.061058403265886886,False,,-0.061058403265886886,False,12,0.0,True
63,-0.06043678926657119,False,,-0.06043678926657119,False,12,0.0,True
0,-0.0817853922586192,True,,-0.0817853922586192,True,13,0.0,True
1,-0.08215750589663989,False,,-0.08215750589663989,False,13,0.0,True
2,-0.06527129077471215,False,,-0.06527129077471215,False,13,0.0,True
3,-0.06375318936680852,False,,-0.06375318936680852,False,13,0.0,True
4,-0.06054282686792307,False,,-0.06054282686792307,False,13,0.0,True
5,-0.0658073596074471,False,,-0.0658073596074471,False,13,0.0,True
6,-0.06515734698282027,False,,-0.06515734698282027,False,13,0.0,True
7,-0.06614858898353573,False,,-0.06614858898353573,False,13,0.0,True
8,-0.055578981383232626,False,,-0.055578981383232626,False,13,0.0,True
9,-0.06505799287476259,False,,-0.06505799287476259,False,13,0.0,True
10,-0.05997602928032002,False,,-0.05997602928032002,False,13,0.0,True
11,-0.05866908674597857,False,,-0.05866908674597857,False,13,0.0,True
12,-0.06246620132351804,False,,-0.06246620132351804,False,13,0.0,True
13,-0.06287903439244162,False,,-0.06287903439244162,False,13,0.0,True
14,-0.06691122409747334,False,,-0.06691122409747334,False,13,0.0,True
15,-0.061175126267368804,False,,-0.061175126267368804,False,13,0.0,True
16,-0.06095323765055197,False,,-0.06095323765055197,False,13,0.0,True
17,-0.06221974709395163,False,,-0.06221974709395163,False,13,0.0,True
18,-0.06512026252254537,False,,-0.06512026252254537,False,13,0.0,True
19,-0.06582210249923008,False,,-0.06582210249923008,False,13,0.0,True
20,-0.07304272604347592,False,,-0.07304272604347592,False,13,0.0,True
21,-0.060890241781190804,False,,-0.060890241781190804,False,13,0.0,True
22,-0.05760531318611055,False,,-0.05760531318611055,False,13,0.0,True
23,-0.0645999296275427,False,,-0.0645999296275427,False,13,0.0,True
24,-0.06525087081011131,False,,-0.06525087081011131,False,13,0.0,True
25,-0.06136750569155152,False,,-0.06136750569155152,False,13,0.0,True
26,-0.06338135849988222,False,,-0.06338135849988222,False,13,0.0,True
27,-0.0634124191104201,False,,-0.0634124191104201,False,13,0.0,True
28,-0.05959768289416064,False,,-0.05959768289416064,False,13,0.0,True
29,-0.06084166364906399,False,,-0.06084166364906399,False,13,0.0,True
30,-0.0626790590677034,False,,-0.0626790590677034,False,13,0.0,True
31,-0.05890100956417795,False,,-0.05890100956417795,False,13,0.0,True
32,-0.05695444767122385,False,,-0.05695444767122385,False,13,0.0,True
33,-0.06975003527301897,False,,-0.06975003527301897,False,13,0.0,True
34,-0.06047611033428854,False,,-0.06047611033428854,False,13,0.0,True
35,-0.0579327442990956,False,,-0.0579327442990956,False,13,0.0,True
36,-0.05455512927539744,False,,-0.05455512927539744,False,13,0.0,True
37,-0.06503097391890009,False,,-0.06503097391890009,False,13,0.0,True
38,-0.06444364311315479,False,,-0.06444364311315479,False,13,0.0,True
39,-0.05891280790185548,False,,-0.05891280790185548,False,13,0.0,True
40,-0.061057063826703485,False,,-0.061057063826703485,False,13,0.0,True
41,-0.06089802772432924,False,,-0.06089802772432924,False,13,0.0,True
42,-0.07438663460107177,False,,-0.07438663460107177,False,13,0.0,True
43,-0.06432671884352958,False,,-0.06432671884352958,False,13,0.0,True
44,-0.06336608122248205,False,,-0.06336608122248205,False,13,0.0,True
45,-0.06526601960054276,False,,-0.06526601960054276,False,13,0.0,True
46,-0.05821323737971624,False,,-0.05821323737971624,False,13,0.0,True
47,-0.07079614206225383,False,,-0.07079614206225383,False,13,0.0,True
48,-0.06530833915370005,False,,-0.06530833915370005,False,13,0.0,True
49,-0.06372714680719699,False,,-0.06372714680719699,False,13,0.0,True
50,-0.05762753416507617,False,,-0.05762753416507617,False,13,0.0,True
51,-0.06321769967560371,False,,-0.06321769967560371,False,13,0.0,True
52,-0.06454315770870304,False,,-0.06454315770870304,False,13,0.0,True
53,-0.06445592144190916,False,,-0.06445592144190916,False,13,0.0,True
54,-0.06483742753684596,False,,-0.06483742753684596,False,13,0.0,True
55,-0.06247592677430842,False,,-0.06247592677430842,False,13,0.0,True
56,-0.06377956187892012,False,,-0.06377956187892012,False,13,0.0,True
57,-0.06500564996064721,False,,-0.06500564996064721,False,13,0.0,True
58,-0.07072437234098865,False,,-0.07072437234098865,False,13,0.0,True
59,-0.058022026518001604,False,,-0.058022026518001604,False,13,0.0,True
60,-0.06988554583362495,False,,-0.06988554583362495,False,13,0.0,True
61,-0.06303609115711808,False,,-0.06303609115711808,False,13,0.0,True
62,-0.0567550797438415,False,,-0.0567550797438415,False,13,0.0,True
63,-0.06638235157592828,False,,-0.06638235157592828,False,13,0.0,True
0,-0.08464730056080405,True,,-0.08464730056080405,True,14,0.0,True
1,-0.0799084307022352,False,,-0.0799084307022352,False,14,0.0,True
2,-0.062213824279705905,False,,-0.062213824279705905,False,14,0.0,True
3,-0.0676785028013937,False,,-0.0676785028013937,False,14,0.0,True
4,-0.0612624931093504,False,,-0.0612624931093504,False,14,0.0,True
5,-0.06344405849479538,False,,-0.06344405849479538,False,14,0.0,True
6,-0.05665212321571188,False,,-0.05665212321571188,False,14,0.0,True
7,-0.055393770401310424,False,,-0.055393770401310424,False,14,0.0,True
8,-0.05965676369421131,False,,-0.05965676369421131,False,14,0.0,True
9,-0.05744538158533991,False,,-0.05744538158533991,False,14,0.0,True
10,-0.06207823694498257,False,,-0.06207823694498257,False,14,0.0,True
11,-0.06325383397801453,False,,-0.06325383397801453,False,14,0.0,True
12,-0.07055826501252399,False,,-0.07055826501252399,False,14,0.0,True
13,-0.05599219843823888,False,,-0.05599219843823888,False,14,0.0,True
14,-0.07418419433270924,False,,-0.07418419433270924,False,14,0.0,True
15,-0.06325342965739172,False,,-0.06325342965739172,False,14,0.0,True
16,-0.059800626074740154,False,,-0.059800626074740154,False,14,0.0,True
17,-0.05271580449917965,False,,-0.05271580449917965,False,14,0.0,True
18,-0.060081873073254126,False,,-0.060081873073254126,False,14,0.0,True
19,-0.07663558815709368,False,,-0.07663558815709368,False,14,0.0,True
20,-0.06436534359189973,False,,-0.06436534359189973,False,14,0.0,True
21,-0.06161628048123044,False,,-0.06161628048123044,False,14,0.0,True
22,-0.06079789798310871,False,,-0.06079789798310871,False,14,0.0,True
23,-0.05805499905692705,False,,-0.05805499905692705,False,14,0.0,True
24,-0.05777515941704387,False,,-0.05777515941704387,False,14,0.0,True
25,-0.0615301629220944,False,,-0.0615301629220944,False,14,0.0,True
26,-0.06399648346525622,False,,-0.06399648346525622,False,14,0.0,True
27,-0.05850071500335705,False,,-0.05850071500335705,False,14,0.0,True
28,-0.06372387906611587,False,,-0.06372387906611587,False,14,0.0,True
29,-0.061235233027116975,False,,-0.061235233027116975,False,14,0.0,True
30,-0.06502810486402917,False,,-0.06502810486402917,False,14,0.0,True
31,-0.06346505910620054,False,,-0.06346505910620054,False,14,0.0,True
32,-0.06088109725740686,False,,-0.06088109725740686,False,14,0.0,True
33,-0.07093998572701667,False,,-0.07093998572701667,False,14,0.0,True
34,-0.06503827633600394,False,,-0.06503827633600394,False,14,0.0,True
35,-0.055454401075453026,False,,-0.055454401075453026,False,14,0.0,True
36,-0.05852239283433143,False,,-0.05852239283433143,False,14,0.0,True
37,-0.05773107016147765,False,,-0.05773107016147765,False,14,0.0,True
38,-0.0672758807641469,False,,-0.0672758807641469,False,14,0.0,True
39,-0.06553164485163673,False,,-0.06553164485163673,False,14,0.0,True
40,-0.06553713612708748,False,,-0.06553713612708748,False,14,0.0,True
41,-0.05550287749099616,False,,-0.05550287749099616,False,14,0.0,True
42,-0.06099623932796194,False,,-0.06099623932796194,False,14,0.0,True
43,-0.06634919414660764,False,,-0.06634919414660764,False,14,0.0,True
44,-0.06633491253992083,False,,-0.06633491253992083,False,14,0.0,True
45,-0.052662686940416065,False,,-0.052662686940416065,False,14,0.0,True
46,-0.05599738823905792,False,,-0.05599738823905792,False,14,0.0,True
47,-0.06964790368641023,False,,-0.06964790368641023,False,14,0.0,True
48,-0.05571318431088609,False,,-0.05571318431088609,False,14,0.0,True
49,-0.059496993118032866,False,,-0.059496993118032866,False,14,0.0,True
50,-0.06215432267021131,False,,-0.06215432267021131,False,14,0.0,True
51,-0.05468104300823863,False,,-0.05468104300823863,False,14,0.0,True
52,-0.06004879128845145,False,,-0.06004879128845145,False,14,0.0,True
53,-0.062374660115587864,False,,-0.062374660115587864,False,14,0.0,True
54,-0.06168903632787985,False,,-0.06168903632787985,False,14,0.0,True
55,-0.06555826357642988,False,,-0.06555826357642988,False,14,0.0,True
56,-0.05827123266455241,False,,-0.05827123266455241,False,14,0.0,True
57,-0.07562861470163618,False,,-0.07562861470163618,False,14,0.0,True
58,-0.061691366169513956,False,,-0.061691366169513956,False,14,0.0,True
59,-0.05603044184014103,False,,-0.05603044184014103,False,14,0.0,True
60,-0.0643452912421947,False,,-0.0643452912421947,False,14,0.0,True
61,-0.055334363090900646,False,,-0.055334363090900646,False,14,0.0,True
62,-0.07106072010491034,False,,-0.07106072010491034,False,14,0.0,True
63,-0.05255927016435373,False,,-0.05255927016435373,False,14,0.0,True
0,-0.11247450141330463,True,,-0.11247450141330463,True,15,0.0,True
1,-0.11682942691370873,False,,-0.11682942691370873,False,15,0.0,True
2,-0.0836965250478349,False,,-0.0836965250478349,False,15,0.0,True
3,-0.08055268396757154,False,,-0.08055268396757154,False,15,0.0,True
4,-0.07617814989377428,False,,-0.07617814989377428,False,15,0.0,True
5,-0.07210480172327023,False,,-0.07210480172327023,False,15,0.0,True
6,-0.0607715361663603,False,,-0.0607715361663603,False,15,0.0,True
7,-0.06269398628065315,False,,-0.06269398628065315,False,15,0.0,True
8,-0.07327335293283566,False,,-0.07327335293283566,False,15,0.0,True
9,-0.07054730377528075,False,,-0.07054730377528075,False,15,0.0,True
10,-0.07120467798757768,False,,-0.07120467798757768,False,15,0.0,True
11,-0.06984257911156119,False,,-0.06984257911156119,False,15,0.0,True
12,-0.07294903848961035,False,,-0.07294903848961035,False,15,0.0,True
13,-0.05501650082608944,False,,-0.05501650082608944,False,15,0.0,True
14,-0.06331970767537726,False,,-0.06331970767537726,False,15,0.0,True
15,-0.06751838075234881,False,,-0.06751838075234881,False,15,0.0,True
16,-0.06650960595093437,False,,-0.06650960595093437,False,15,0.0,True
17,-0.06362688745630471,False,,-0.06362688745630471,False,15,0.0,True
18,-0.07494498329300367,False,,-0.07494498329300367,False,15,0.0,True
19,-0.07200233858015995,False,,-0.07200233858015995,False,15,0.0,True
20,-0.07323295823987655,False,,-0.07323295823987655,False,15,0.0,True
21,-0.0687062033102137,False,,-0.0687062033102137,False,15,0.0,True
22,-0.08935828516882569,False,,-0.08935828516882569,False,15,0.0,True
23,-0.07128395331928863,False,,-0.07128395331928863,False,15,0.0,True
24,-0.06492569403324513,False,,-0.06492569403324513,False,15,0.0,True
25,-0.07348179287230577,False,,-0.07348179287230577,False,15,0.0,True
26,-0.07857970272108718,False,,-0.07857970272108718,False,15,0.0,True
27,-0.06896525134375064,False,,-0.06896525134375064,False,15,0.0,True
28,-0.09105064182042383,False,,-0.09105064182042383,False,15,0.0,True
29,-0.07294127877539605,False,,-0.07294127877539605,False,15,0.0,True
30,-0.06938860843558578,False,,-0.06938860843558578,False,15,0.0,True
31,-0.06570809436046442,False,,-0.06570809436046442,False,15,0.0,True
32,-0.08912359387841606,False,,-0.08912359387841606,False,15,0.0,True
33,-0.08688327281248534,False,,-0.08688327281248534,False,15,0.0,True
34,-0.0699697240982346,False,,-0.0699697240982346,False,15,0.0,True
35,-0.06536055781640282,False,,-0.06536055781640282,False,15,0.0,True
36,-0.0600281495182898,False,,-0.0600281495182898,False,15,0.0,True
37,-0.08348266541499816,False,,-0.08348266541499816,False,15,0.0,True
38,-0.06307663517153327,False,,-0.06307663517153327,False,15,0.0,True
39,-0.07356503100315925,False,,-0.07356503100315925,False,15,0.0,True
40,-0.05736819106112265,False,,-0.05736819106112265,False,15,0.0,True
41,-0.06821356354218033,False,,-0.06821356354218033,False,15,0.0,True
42,-0.07905582778843748,False,,-0.07905582778843748,False,15,0.0,True
43,-0.06806073383436548,False,,-0.06806073383436548,False,15,0.0,True
44,-0.07925251033532449,False,,-0.07925251033532449,False,15,0.0,True
45,-0.08079441864026371,False,,-0.08079441864026371,False,15,0.0,True
46,-0.06718871147276838,False,,-0.06718871147276838,False,15,0.0,True
47,-0.08040064443297938,False,,-0.08040064443297938,False,15,0.0,True
48,-0.0658963399878478,False,,-0.0658963399878478,False,15,0.0,True
49,-0.0941460870542985,False,,-0.0941460870542985,False,15,0.0,True
50,-0.08602290844463861,False,,-0.08602290844463861,False,15,0.0,True
51,-0.09110118943137996,False,,-0.09110118943137996,False,15,0.0,True
52,-0.07186981705754455,False,,-0.07186981705754455,False,15,0.0,True
53,-0.06596921088998667,False,,-0.06596921088998667,False,15,0.0,True
54,-0.0609027863714179,False,,-0.0609027863714179,False,15,0.0,True
55,-0.07374242814816634,False,,-0.07374242814816634,False,15,0.0,True
56,-0.08081744215081682,False,,-0.08081744215081682,False,15,0.0,True
57,-0.07005624971381613,False,,-0.07005624971381613,False,15,0.0,True
58,-0.057758889087567385,False,,-0.057758889087567385,False,15,0.0,True
59,-0.07154894346336213,False,,-0.07154894346336213,False,15,0.0,True
60,-0.06075597478517629,False,,-0.06075597478517629,False,15,0.0,True
61,-0.0715747429169596,False,,-0.0715747429169596,False,15,0.0,True
62,-0.07645490741790639,False,,-0.07645490741790639,False,15,0.0,True
63,-0.07182819199379249,False,,-0.07182819199379249,False,15,0.0,True
0,-0.1363908447899274,True,,-0.1363908447899274,True,16,0.0,True
1,-0.1286476817998639,False,,-0.1286476817998639,False,16,0.0,True
2,-0.07933456472252563,False,,-0.07933456472252563,False,16,0.0,True
3,-0.07576112182466752,False,,-0.07576112182466752,False,16,0.0,True
4,-0.07093052212566733,False,,-0.07093052212566733,False,16,0.0,True
5,-0.08026636233427395,False,,-0.08026636233427395,False,16,0.0,True
6,-0.08340569088274846,False,,-0.08340569088274846,False,16,0.0,True
7,-0.08150679867237559,False,,-0.08150679867237559,False,16,0.0,True
8,-0.07943652441839272,False,,-0.07943652441839272,False,16,0.0,True
9,-0.0748525419934487,False,,-0.0748525419934487,False,16,0.0,True
10,-0.07826550105056312,False,,-0.07826550105056312,False,16,0.0,True
11,-0.06730236966520642,False,,-0.06730236966520642,False,16,0.0,True
12,-0.07656060972434679,False,,-0.07656060972434679,False,16,0.0,True
13,-0.07847824277948551,False,,-0.07847824277948551,False,16,0.0,True
14,-0.0709464487043114,False,,-0.0709464487043114,False,16,0.0,True
15,-0.07705262170137972,False,,-0.07705262170137972,False,16,0.0,True
16,-0.07244303859544401,False,,-0.07244303859544401,False,16,0.0,True
17,-0.06395212293750235,False,,-0.06395212293750235,False,16,0.0,True
18,-0.09207197013206289,False,,-0.09207197013206289,False,16,0.0,True
19,-0.09068352176517866,False,,-0.09068352176517866,False,16,0.0,True
20,-0.0777353221700941,False,,-0.0777353221700941,False,16,0.0,True
21,-0.07364564406196883,False,,-0.07364564406196883,False,16,0.0,True
22,-0.0860474377354652,False,,-0.0860474377354652,False,16,0.0,True
23,-0.0726353653967774,False,,-0.0726353653967774,False,16,0.0,True
24,-0.07472150694834212,False,,-0.07472150694834212,False,16,0.0,True
25,-0.06446377968245143,False,,-0.06446377968245143,False,16,0.0,True
26,-0.09880377258735461,False,,-0.09880377258735461,False,16,0.0,True
27,-0.06688693375032792,False,,-0.06688693375032792,False,16,0.0,True
28,-0.09898164935407654,False,,-0.09898164935407654,False,16,0.0,True
29,-0.08544397505056822,False,,-0.08544397505056822,False,16,0.0,True
30,-0.06825122577538975,False,,-0.06825122577538975,False,16,0.0,True
31,-0.07503618658121103,False,,-0.07503618658121103,False,16,0.0,True
32,-0.08006666906636714,False,,-0.08006666906636714,False,16,0.0,True
33,-0.06076472005606371,False,,-0.06076472005606371,False,16,0.0,True
34,-0.07176593404433412,False,,-0.07176593404433412,False,16,0.0,True
35,-0.07258064787527813,False,,-0.07258064787527813,False,16,0.0,True
36,-0.06509443484318012,False,,-0.06509443484318012,False,16,0.0,True
37,-0.07069974248516811,False,,-0.07069974248516811,False,16,0.0,True
38,-0.09202415945742837,False,,-0.09202415945742837,False,16,0.0,True
39,-0.07189077153475776,False,,-0.07189077153475776,False,16,0.0,True
40,-0.07783676238122725,False,,-0.07783676238122725,False,16,0.0,True
41,-0.08155859126215413,False,,-0.08155859126215413,False,16,0.0,True
42,-0.08692173434625905,False,,-0.08692173434625905,False,16,0.0,True
43,-0.076338290085297,False,,-0.076338290085297,False,16,0.0,True
44,-0.07250030542312276,False,,-0.07250030542312276,False,16,0.0,True
45,-0.07736252663011212,False,,-0.07736252663011212,False,16,0.0,True
46,-0.09789366690280979,False,,-0.09789366690280979,False,16,0.0,True
47,-0.07231246917002107,False,,-0.07231246917002107,False,16,0.0,True
48,-0.08348902775883456,False,,-0.08348902775883456,False,16,0.0,True
49,-0.07912687847268003,False,,-0.07912687847268003,False,16,0.0,True
50,-0.07880881514166599,False,,-0.07880881514166599,False,16,0.0,True
51,-0.06947694308720143,False,,-0.06947694308720143,False,16,0.0,True
52,-0.07852805749966899,False,,-0.07852805749966899,False,16,0.0,True
53,-0.0733579966949241,False,,-0.0733579966949241,False,16,0.0,True
54,-0.09137765919959365,False,,-0.09137765919959365,False,16,0.0,True
55,-0.07008922732619605,False,,-0.07008922732619605,False,16,0.0,True
56,-0.07620758990820936,False,,-0.07620758990820936,False,16,0.0,True
57,-0.07407821071705592,False,,-0.07407821071705592,False,16,0.0,True
58,-0.07536472514708656,False,,-0.07536472514708656,False,16,0.0,True
59,-0.06808990832395534,False,,-0.06808990832395534,False,16,0.0,True
60,-0.08163302545137052,False,,-0.08163302545137052,False,16,0.0,True
61,-0.06874912606096378,False,,-0.06874912606096378,False,16,0.0,True
62,-0.07911052919096123,False,,-0.07911052919096123,False,16,0.0,True
63,-0.08782610421109695,False,,-0.08782610421109695,False,16,0.0,True
0,-0.1424310448600225,True,,-0.1424310448600225,True,17,0.0,True
1,-0.1451776000558192,False,,-0.1451776000558192,False,17,0.0,True
2,-0.0816444038463622,False,,-0.0816444038463622,False,17,0.0,True
3,-0.05081049382428776,False,,-0.05081049382428776,False,17,0.0,True
4,-0.08122112215920105,False,,-0.08122112215920105,False,17,0.0,True
5,-0.09660491571155776,False,,-0.09660491571155776,False,17,0.0,True
6,-0.05805943761275686,False,,-0.05805943761275686,False,17,0.0,True
7,-0.06723260846966408,False,,-0.06723260846966408,False,17,0.0,True
8,-0.08419011669454857,False,,-0.08419011669454857,False,17,0.0,True
9,-0.08037852039423551,False,,-0.08037852039423551,False,17,0.0,True
10,-0.09202717807535321,False,,-0.09202717807535321,False,17,0.0,True
11,-0.04992313887879297,False,,-0.04992313887879297,False,17,0.0,True
12,-0.07928189263787028,False,,-0.07928189263787028,False,17,0.0,True
13,-0.06099993928109325,False,,-0.06099993928109325,False,17,0.0,True
14,-0.05654994927992778,False,,-0.05654994927992778,False,17,0.0,True
15,-0.06697000697738346,False,,-0.06697000697738346,False,17,0.0,True
16,-0.06371830221488811,False,,-0.06371830221488811,False,17,0.0,True
17,-0.07949369200500916,False,,-0.07949369200500916,False,17,0.0,True
18,-0.0667350485994711,False,,-0.0667350485994711,False,17,0.0,True
19,-0.06449029493914624,False,,-0.06449029493914624,False,17,0.0,True
20,-0.08053727487009626,False,,-0.08053727487009626,False,17,0.0,True
21,-0.06728396129369668,False,,-0.06728396129369668,False,17,0.0,True
22,-0.07815567772350328,False,,-0.07815567772350328,False,17,0.0,True
23,-0.07912280044034553,False,,-0.07912280044034553,False,17,0.0,True
24,-0.07560228135773955,False,,-0.07560228135773955,False,17,0.0,True
25,-0.05983681539723866,False,,-0.05983681539723866,False,17,0.0,True
26,-0.07138757117523925,False,,-0.07138757117523925,False,17,0.0,True
27,-0.08350455257607434,False,,-0.08350455257607434,False,17,0.0,True
28,-0.04490562536847022,False,,-0.04490562536847022,False,17,0.0,True
29,-0.07305446650090011,False,,-0.07305446650090011,False,17,0.0,True
30,-0.08517035230393363,False,,-0.08517035230393363,False,17,0.0,True
31,-0.06667999954129633,False,,-0.06667999954129633,False,17,0.0,True
32,-0.07075257869565085,False,,-0.07075257869565085,False,17,0.0,True
33,-0.0632340963612892,False,,-0.0632340963612892,False,17,0.0,True
34,-0.07201064201679315,False,,-0.07201064201679315,False,17,0.0,True
35,-0.061276132154679475,False,,-0.061276132154679475,False,17,0.0,True
36,-0.0618443359930982,False,,-0.0618443359930982,False,17,0.0,True
37,-0.072272333877896,False,,-0.072272333877896,False,17,0.0,True
38,-0.07320354300480003,False,,-0.07320354300480003,False,17,0.0,True
39,-0.07041138633605354,False,,-0.07041138633605354,False,17,0.0,True
40,-0.07512104655019047,False,,-0.07512104655019047,False,17,0.0,True
41,-0.07956418471437365,False,,-0.07956418471437365,False,17,0.0,True
42,-0.05570597477300161,False,,-0.05570597477300161,False,17,0.0,True
43,-0.06838900470745743,False,,-0.06838900470745743,False,17,0.0,True
44,-0.06736470484529745,False,,-0.06736470484529745,False,17,0.0,True
45,-0.05465772839904065,False,,-0.05465772839904065,False,17,0.0,True
46,-0.06940784980804174,False,,-0.06940784980804174,False,17,0.0,True
47,-0.0704189909399265,False,,-0.0704189909399265,False,17,0.0,True
48,-0.07242055146590742,False,,-0.07242055146590742,False,17,0.0,True
49,-0.06158256028582161,False,,-0.06158256028582161,False,17,0.0,True
50,-0.06775350226631251,False,,-0.06775350226631251,False,17,0.0,True
51,-0.09578514521584593,False,,-0.09578514521584593,False,17,0.0,True
52,-0.08473874689960958,False,,-0.08473874689960958,False,17,0.0,True
53,-0.0685976135648747,False,,-0.0685976135648747,False,17,0.0,True
54,-0.07615924968378489,False,,-0.07615924968378489,False,17,0.0,True
55,-0.08318422064500818,False,,-0.08318422064500818,False,17,0.0,True
56,-0.06241533352358978,False,,-0.06241533352358978,False,17,0.0,True
57,-0.0507875776815299,False,,-0.0507875776815299,False,17,0.0,True
58,-0.057674181689472026,False,,-0.057674181689472026,False,17,0.0,True
59,-0.06179296861870789,False,,-0.06179296861870789,False,17,0.0,True
60,-0.07312384642205048,False,,-0.07312384642205048,False,17,0.0,True
61,-0.07496756596323094,False,,-0.07496756596323094,False,17,0.0,True
62,-0.06658261451923671,False,,-0.06658261451923671,False,17,0.0,True
63,-0.06652228485794397,False,,-0.06652228485794397,False,17,0.0,True
0,-0.18987260705437384,True,,-0.18987260705437384,True,18,0.0,True
1,-0.18398376426137797,False,,-0.18398376426137797,False,18,0.0,True
2,-0.12915752907496708,False,,-0.12915752907496708,False,18,0.0,True
3,-0.12680345643226612,False,,-0.12680345643226612,False,18,0.0,True
4,-0.15382910662750537,False,,-0.15382910662750537,False,18,0.0,True
5,-0.11773910409137779,False,,-0.11773910409137779,False,18,0.0,True
6,-0.11732932105191608,False,,-0.11732932105191608,False,18,0.0,True
7,-0.10660801552319633,False,,-0.10660801552319633,False,18,0.0,True
8,-0.13718738100375233,False,,-0.13718738100375233,False,18,0.0,True
9,-0.12414242971553789,False,,-0.12414242971553789,False,18,0.0,True
10,-0.14191747659546405,False,,-0.14191747659546405,False,18,0.0,True
11,-0.12991806074469536,False,,-0.12991806074469536,False,18,0.0,True
12,-0.14407787391199606,False,,-0.14407787391199606,False,18,0.0,True
13,-0.14095868578020881,False,,-0.14095868578020881,False,18,0.0,True
14,-0.13406907156317227,False,,-0.13406907156317227,False,18,0.0,True
15,-0.12350853055757838,False,,-0.12350853055757838,False,18,0.0,True
16,-0.13235470044038336,False,,-0.13235470044038336,False,18,0.0,True
17,-0.13359432699779494,False,,-0.13359432699779494,False,18,0.0,True
18,-0.13700002500115924,False,,-0.13700002500115924,False,18,0.0,True
19,-0.12899946834377285,False,,-0.12899946834377285,False,18,0.0,True
20,-0.14319105077818284,False,,-0.14319105077818284,False,18,0.0,True
21,-0.13324311071353157,False,,-0.13324311071353157,False,18,0.0,True
22,-0.10761904978699677,False,,-0.10761904978699677,False,18,0.0,True
23,-0.1043274354925024,False,,-0.1043274354925024,False,18,0.0,True
24,-0.09001321398832902,False,,-0.09001321398832902,False,18,0.0,True
25,-0.11361952512798043,False,,-0.11361952512798043,False,18,0.0,True
26,-0.12173083518839815,False,,-0.12173083518839815,False,18,0.0,True
27,-0.14253820083581897,False,,-0.14253820083581897,False,18,0.0,True
28,-0.13256574620078057,False,,-0.13256574620078057,False,18,0.0,True
29,-0.14222492294291916,False,,-0.14222492294291916,False,18,0.0,True
30,-0.10167146664506208,False,,-0.10167146664506208,False,18,0.0,True
31,-0.1630346059723219,False,,-0.1630346059723219,False,18,0.0,True
32,-0.11595122125722816,False,,-0.11595122125722816,False,18,0.0,True
33,-0.12764173506466525,False,,-0.12764173506466525,False,18,0.0,True
34,-0.1298717514708797,False,,-0.1298717514708797,False,18,0.0,True
35,-0.11357838078029595,False,,-0.11357838078029595,False,18,0.0,True
36,-0.1273550040615522,False,,-0.1273550040615522,False,18,0.0,True
37,-0.13232013113090668,False,,-0.13232013113090668,False,18,0.0,True
38,-0.14408885264841764,False,,-0.14408885264841764,False,18,0.0,True
39,-0.10884932882515486,False,,-0.10884932882515486,False,18,0.0,True
40,-0.12359992979174521,False,,-0.12359992979174521,False,18,0.0,True
41,-0.13631735964099206,False,,-0.13631735964099206,False,18,0.0,True
42,-0.12818963119107754,False,,-0.12818963119107754,False,18,0.0,True
43,-0.12917147816251007,False,,-0.12917147816251007,False,18,0.0,True
44,-0.10847452744780592,False,,-0.10847452744780592,False,18,0.0,True
45,-0.11914255245360264,False,,-0.11914255245360264,False,18,0.0,True
46,-0.13305939101992026,False,,-0.13305939101992026,False,18,0.0,True
47,-0.14719181448095314,False,,-0.14719181448095314,False,18,0.0,True
48,-0.11025568557109179,False,,-0.11025568557109179,False,18,0.0,True
49,-0.12996757502520537,False,,-0.12996757502520537,False,18,0.0,True
50,-0.12800598567151647,False,,-0.12800598567151647,False,18,0.0,True
51,-0.1110258705259437,False,,-0.1110258705259437,False,18,0.0,True
52,-0.11816300383076203,False,,-0.11816300383076203,False,18,0.0,True
53,-0.12022281686449914,False,,-0.12022281686449914,False,18,0.0,True
54,-0.12519118613294677,False,,-0.12519118613294677,False,18,0.0,True
55,-0.12105381486547688,False,,-0.12105381486547688,False,18,0.0,True
56,-0.12286503885341613,False,,-0.12286503885341613,False,18,0.0,True
57,-0.11483653534551844,False,,-0.11483653534551844,False,18,0.0,True
58,-0.12731480456685987,False,,-0.12731480456685987,False,18,0.0,True
59,-0.12388724641843538,False,,-0.12388724641843538,False,18,0.0,True
60,-0.14209199385623053,False,,-0.14209199385623053,False,18,0.0,True
61,-0.14510724714231796,False,,-0.14510724714231796,False,18,0.0,True
62,-0.11261830017271816,False,,-0.11261830017271816,False,18,0.0,True
63,-0.1049130258646039,False,,-0.1049130258646039,False,18,0.0,True
0,-0.20772687147487884,True,,-0.20772687147487884,True,19,0.0,True
1,-0.2208778114970128,False,,-0.2208778114970128,False,19,0.0,True
2,-0.1172470687157813,False,,-0.1172470687157813,False,19,0.0,True
3,-0.17435053068129208,False,,-0.17435053068129208,False,19,0.0,True
4,-0.1645735426389644,False,,-0.1645735426389644,False,19,0.0,True
5,-0.14194160452925964,False,,-0.14194160452925964,False,19,0.0,True
6,-0.16151811876376518,False,,-0.16151811876376518,False,19,0.0,True
7,-0.12497861398362577,False,,-0.12497861398362577,False,19,0.0,True
8,-0.12499789557042347,False,,-0.12499789557042347,False,19,0.0,True
9,-0.14612674785595509,False,,-0.14612674785595509,False,19,0.0,True
10,-0.17389954054554901,False,,-0.17389954054554901,False,19,0.0,True
11,-0.15161357878111364,False,,-0.15161357878111364,False,19,0.0,True
12,-0.15356819290728632,False,,-0.15356819290728632,False,19,0.0,True
13,-0.15664799182519445,False,,-0.15664799182519445,False,19,0.0,True
14,-0.14706086550648892,False,,-0.14706086550648892,False,19,0.0,True
15,-0.1383918074853906,False,,-0.1383918074853906,False,19,0.0,True
16,-0.16131297982313494,False,,-0.16131297982313494,False,19,0.0,True
17,-0.1419588789052352,False,,-0.1419588789052352,False,19,0.0,True
18,-0.11867122687144724,False,,-0.11867122687144724,False,19,0.0,True
19,-0.11515814496444132,False,,-0.11515814496444132,False,19,0.0,True
20,-0.13693115976982084,False,,-0.13693115976982084,False,19,0.0,True
21,-0.14463213048161067,False,,-0.14463213048161067,False,19,0.0,True
22,-0.1457038868470824,False,,-0.1457038868470824,False,19,0.0,True
23,-0.12847327420073723,False,,-0.12847327420073723,False,19,0.0,True
24,-0.14271188035829677,False,,-0.14271188035829677,False,19,0.0,True
25,-0.1648720326611361,False,,-0.1648720326611361,False,19,0.0,True
26,-0.14436525716426435,False,,-0.14436525716426435,False,19,0.0,True
27,-0.16699247415142182,False,,-0.16699247415142182,False,19,0.0,True
28,-0.1457395952113865,False,,-0.1457395952113865,False,19,0.0,True
29,-0.14738611801691007,False,,-0.14738611801691007,False,19,0.0,True
30,-0.15320121428351902,False,,-0.15320121428351902,False,19,0.0,True
31,-0.14144930266032107,False,,-0.14144930266032107,False,19,0.0,True
32,-0.12894496655055393,False,,-0.12894496655055393,False,19,0.0,True
33,-0.15970232526479863,False,,-0.15970232526479863,False,19,0.0,True
34,-0.1369139267652135,False,,-0.1369139267652135,False,19,0.0,True
35,-0.12291646615063097,False,,-0.12291646615063097,False,19,0.0,True
36,-0.13142597598906558,False,,-0.13142597598906558,False,19,0.0,True
37,-0.13405559554620577,False,,-0.13405559554620577,False,19,0.0,True
38,-0.13163038442984892,False,,-0.13163038442984892,False,19,0.0,True
39,-0.13397361994040033,False,,-0.13397361994040033,False,19,0.0,True
40,-0.11792154630518469,False,,-0.11792154630518469,False,19,0.0,True
41,-0.17896296528940206,False,,-0.17896296528940206,False,19,0.0,True
42,-0.1552298998473216,False,,-0.1552298998473216,False,19,0.0,True
43,-0.1674506225994037,False,,-0.1674506225994037,False,19,0.0,True
44,-0.11408098189268055,False,,-0.11408098189268055,False,19,0.0,True
45,-0.14086182422541635,False,,-0.14086182422541635,False,19,0.0,True
46,-0.13858533742154466,False,,-0.13858533742154466,False,19,0.0,True
47,-0.1662054280961547,False,,-0.1662054280961547,False,19,0.0,True
48,-0.15947691880351883,False,,-0.15947691880351883,False,19,0.0,True
49,-0.14996655390405494,False,,-0.14996655390405494,False,19,0.0,True
50,-0.1478299237569556,False,,-0.1478299237569556,False,19,0.0,True
51,-0.16413544724725002,False,,-0.16413544724725002,False,19,0.0,True
52,-0.1187498967738316,False,,-0.1187498967738316,False,19,0.0,True
53,-0.134892662078143,False,,-0.134892662078143,False,19,0.0,True
54,-0.13512921339288203,False,,-0.13512921339288203,False,19,0.0,True
55,-0.13656084568854937,False,,-0.13656084568854937,False,19,0.0,True
56,-0.11778119717005622,False,,-0.11778119717005622,False,19,0.0,True
57,-0.12410268099278442,False,,-0.12410268099278442,False,19,0.0,True
58,-0.1607398441558372,False,,-0.1607398441558372,False,19,0.0,True
59,-0.1269671018501602,False,,-0.1269671018501602,False,19,0.0,True
60,-0.15666969897421384,False,,-0.15666969897421384,False,19,0.0,True
61,-0.13593094538450862,False,,-0.13593094538450862,False,19,0.0,True
62,-0.14766174593953674,False,,-0.14766174593953674,False,19,0.0,True
63,-0.1524589395882872,False,,-0.1524589395882872,False,19,0.0,True
0,-0.21329421958875971,True,,-0.21329421958875971,True,20,0.0,True
1,-0.21683200840311817,False,,-0.21683200840311817,False,20,0.0,True
2,-0.11607188924394693,False,,-0.11607188924394693,False,20,0.0,True
3,-0.10776933975970104,False,,-0.10776933975970104,False,20,0.0,True
4,-0.09568538879895616,False,,-0.09568538879895616,False,20,0.0,True
5,-0.11848969465721712,False,,-0.11848969465721712,False,20,0.0,True
6,-0.09578840151770207,False,,-0.09578840151770207,False,20,0.0,True
7,-0.08696070382594026,False,,-0.08696070382594026,False,20,0.0,True
8,-0.11924761291447632,False,,-0.11924761291447632,False,20,0.0,True
9,-0.12931771909715478,False,,-0.12931771909715478,False,20,0.0,True
10,-0.09197004876702627,False,,-0.09197004876702627,False,20,0.0,True
11,-0.10776044995379994,False,,-0.10776044995379994,False,20,0.0,True
12,-0.11533846402563483,False,,-0.11533846402563483,False,20,0.0,True
13,-0.1310059373875703,False,,-0.1310059373875703,False,20,0.0,True
14,-0.09309977132652197,False,,-0.09309977132652197,False,20,0.0,True
15,-0.10370116580777626,False,,-0.10370116580777626,False,20,0.0,True
16,-0.12457061076954881,False,,-0.12457061076954881,False,20,0.0,True
17,-0.11440364426436973,False,,-0.11440364426436973,False,20,0.0,True
18,-0.08706332713673436,False,,-0.08706332713673436,False,20,0.0,True
19,-0.11137077467001963,False,,-0.11137077467001963,False,20,0.0,True
20,-0.11141909335280659,False,,-0.11141909335280659,False,20,0.0,True
21,-0.12317536637073054,False,,-0.12317536637073054,False,20,0.0,True
22,-0.11886133926401553,False,,-0.11886133926401553,False,20,0.0,True
23,-0.10324981275585995,False,,-0.10324981275585995,False,20,0.0,True
24,-0.11800892160583837,False,,-0.11800892160583837,False,20,0.0,True
25,-0.09374939002916716,False,,-0.09374939002916716,False,20,0.0,True
26,-0.10218615612539149,False,,-0.10218615612539149,False,20,0.0,True
27,-0.09821063429315335,False,,-0.09821063429315335,False,20,0.0,True
28,-0.13440782971046802,False,,-0.13440782971046802,False,20,0.0,True
29,-0.09582394689836699,False,,-0.09582394689836699,False,20,0.0,True
30,-0.11010986244612672,False,,-0.11010986244612672,False,20,0.0,True
31,-0.10888199526582196,False,,-0.10888199526582196,False,20,0.0,True
32,-0.09029440867363547,False,,-0.09029440867363547,False,20,0.0,True
33,-0.12765300158800888,False,,-0.12765300158800888,False,20,0.0,True
34,-0.12359651811007491,False,,-0.12359651811007491,False,20,0.0,True
35,-0.0860047646700062,False,,-0.0860047646700062,False,20,0.0,True
36,-0.12053142610735482,False,,-0.12053142610735482,False,20,0.0,True
37,-0.12032989171749954,False,,-0.12032989171749954,False,20,0.0,True
38,-0.12191614496412337,False,,-0.12191614496412337,False,20,0.0,True
39,-0.1041242717217058,False,,-0.1041242717217058,False,20,0.0,True
40,-0.1106608215684271,False,,-0.1106608215684271,False,20,0.0,True
41,-0.10690022431916679,False,,-0.10690022431916679,False,20,0.0,True
42,-0.09890984743592422,False,,-0.09890984743592422,False,20,0.0,True
43,-0.1130668822104896,False,,-0.1130668822104896,False,20,0.0,True
44,-0.11472298402242864,False,,-0.11472298402242864,False,20,0.0,True
45,-0.09211627057393162,False,,-0.09211627057393162,False,20,0.0,True
46,-0.12458465583284628,False,,-0.12458465583284628,False,20,0.0,True
47,-0.09963364981391479,False,,-0.09963364981391479,False,20,0.0,True
48,-0.1196665527779129,False,,-0.1196665527779129,False,20,0.0,True
49,-0.14712193344175178,False,,-0.14712193344175178,False,20,0.0,True
50,-0.10010636416084925,False,,-0.10010636416084925,False,20,0.0,True
51,-0.10285146130348034,False,,-0.10285146130348034,False,20,0.0,True
52,-0.11742556426719963,False,,-0.11742556426719963,False,20,0.0,True
53,-0.0880492925578413,False,,-0.0880492925578413,False,20,0.0,True
54,-0.0983585980215805,False,,-0.0983585980215805,False,20,0.0,True
55,-0.09066411720060272,False,,-0.09066411720060272,False,20,0.0,True
56,-0.10620153137822122,False,,-0.10620153137822122,False,20,0.0,True
57,-0.10388665461942467,False,,-0.10388665461942467,False,20,0.0,True
58,-0.1325413702887971,False,,-0.1325413702887971,False,20,0.0,True
59,-0.14827448705249635,False,,-0.14827448705249635,False,20,0.0,True
60,-0.1178505588053016,False,,-0.1178505588053016,False,20,0.0,True
61,-0.12489572022239451,False,,-0.12489572022239451,False,20,0.0,True
62,-0.12741661921735456,False,,-0.12741661921735456,False,20,0.0,True
63,-0.09274746726830405,False,,-0.09274746726830405,False,20,0.0,True
0,-0.2379545133639297,True,,-0.2379545133639297,True,21,0.0,True
1,-0.24547729903349128,False,,-0.24547729903349128,False,21,0.0,True
2,-0.14930913256678924,False,,-0.14930913256678924,False,21,0.0,True
3,-0.17460096241311154,False,,-0.17460096241311154,False,21,0.0,True
4,-0.16338712176191764,False,,-0.16338712176191764,False,21,0.0,True
5,-0.12027465760189861,False,,-0.12027465760189861,False,21,0.0,True
6,-0.14095625896126612,False,,-0.14095625896126612,False,21,0.0,True
7,-0.16116020408570625,False,,-0.16116020408570625,False,21,0.0,True
8,-0.14434287043166877,False,,-0.14434287043166877,False,21,0.0,True
9,-0.15167825015480782,False,,-0.15167825015480782,False,21,0.0,True
10,-0.11254823972521669,False,,-0.11254823972521669,False,21,0.0,True
11,-0.1227455344433051,False,,-0.1227455344433051,False,21,0.0,True
12,-0.16099591753096165,False,,-0.16099591753096165,False,21,0.0,True
13,-0.12965476730679537,False,,-0.12965476730679537,False,21,0.0,True
14,-0.145075861887548,False,,-0.145075861887548,False,21,0.0,True
15,-0.14794944998203624,False,,-0.14794944998203624,False,21,0.0,True
16,-0.13748577891196861,False,,-0.13748577891196861,False,21,0.0,True
17,-0.1536609581352636,False,,-0.1536609581352636,False,21,0.0,True
18,-0.11846605291929922,False,,-0.11846605291929922,False,21,0.0,True
19,-0.14956824693090126,False,,-0.14956824693090126,False,21,0.0,True
20,-0.1658055688237557,False,,-0.1658055688237557,False,21,0.0,True
21,-0.135483261895245,False,,-0.135483261895245,False,21,0.0,True
22,-0.1648327009299938,False,,-0.1648327009299938,False,21,0.0,True
23,-0.18369789040129145,False,,-0.18369789040129145,False,21,0.0,True
24,-0.17188251797560483,False,,-0.17188251797560483,False,21,0.0,True
25,-0.14562062638767148,False,,-0.14562062638767148,False,21,0.0,True
26,-0.10577030093138225,False,,-0.10577030093138225,False,21,0.0,True
27,-0.1433137039313276,False,,-0.1433137039313276,False,21,0.0,True
28,-0.14177161059554977,False,,-0.14177161059554977,False,21,0.0,True
29,-0.15622800727838382,False,,-0.15622800727838382,False,21,0.0,True
30,-0.14781670605415856,False,,-0.14781670605415856,False,21,0.0,True
31,-0.15741914558758155,False,,-0.15741914558758155,False,21,0.0,True
32,-0.12146742171814662,False,,-0.12146742171814662,False,21,0.0,True
33,-0.16119138401059316,False,,-0.16119138401059316,False,21,0.0,True
34,-0.15706680792019248,False,,-0.15706680792019248,False,21,0.0,True
35,-0.1454491406145068,False,,-0.1454491406145068,False,21,0.0,True
36,-0.17418999997488505,False,,-0.17418999997488505,False,21,0.0,True
37,-0.18468735302123118,False,,-0.18468735302123118,False,21,0.0,True
38,-0.17764536385954077,False,,-0.17764536385954077,False,21,0.0,True
39,-0.14390145255748577,False,,-0.14390145255748577,False,21,0.0,True
40,-0.13272794673187852,False,,-0.13272794673187852,False,21,0.0,True
41,-0.17215641302951823,False,,-0.17215641302951823,False,21,0.0,True
42,-0.1536165131655166,False,,-0.1536165131655166,False,21,0.0,True
43,-0.16024888737129714,False,,-0.16024888737129714,False,21,0.0,True
44,-0.12990193409596473,False,,-0.12990193409596473,False,21,0.0,True
45,-0.11716810319589625,False,,-0.11716810319589625,False,21,0.0,True
46,-0.131112461943478,False,,-0.131112461943478,False,21,0.0,True
47,-0.15189215636203238,False,,-0.15189215636203238,False,21,0.0,True
48,-0.14104706668178876,False,,-0.14104706668178876,False,21,0.0,True
49,-0.18926059317922336,False,,-0.18926059317922336,False,21,0.0,True
50,-0.1564566351604563,False,,-0.1564566351604563,False,21,0.0,True
51,-0.1265679270351088,False,,-0.1265679270351088,False,21,0.0,True
52,-0.1478855242359733,False,,-0.1478855242359733,False,21,0.0,True
53,-0.15082209940099545,False,,-0.15082209940099545,False,21,0.0,True
54,-0.17394184390547157,False,,-0.17394184390547157,False,21,0.0,True
55,-0.14870585999194097,False,,-0.14870585999194097,False,21,0.0,True
56,-0.12086251821885989,False,,-0.12086251821885989,False,21,0.0,True
57,-0.17088660426853153,False,,-0.17088660426853153,False,21,0.0,True
58,-0.139704563656167,False,,-0.139704563656167,False,21,0.0,True
59,-0.13799156478336144,False,,-0.13799156478336144,False,21,0.0,True
60,-0.13434444561243047,False,,-0.13434444561243047,False,21,0.0,True
61,-0.14287740824606104,False,,-0.14287740824606104,False,21,0.0,True
62,-0.13281356244039222,False,,-0.13281356244039222,False,21,0.0,True
63,-0.15238321476098338,False,,-0.15238321476098338,False,21,0.0,True
0,-0.23297233657808952,True,,-0.23297233657808952,True,22,0.0,True
1,-0.24482132467725903,False,,-0.24482132467725903,False,22,0.0,True
2,-0.12571910749307064,False,,-0.12571910749307064,False,22,0.0,True
3,-0.14765455502988684,False,,-0.14765455502988684,False,22,0.0,True
4,-0.15106573139864699,False,,-0.15106573139864699,False,22,0.0,True
5,-0.15809163973219043,False,,-0.15809163973219043,False,22,0.0,True
6,-0.15433967708555282,False,,-0.15433967708555282,False,22,0.0,True
7,-0.12155561022036104,False,,-0.12155561022036104,False,22,0.0,True
8,-0.11616657420454157,False,,-0.11616657420454157,False,22,0.0,True
9,-0.11652616800500981,False,,-0.11652616800500981,False,22,0.0,True
10,-0.12723590061627102,False,,-0.12723590061627102,False,22,0.0,True
11,-0.12597951598555848,False,,-0.12597951598555848,False,22,0.0,True
12,-0.1374243335845869,False,,-0.1374243335845869,False,22,0.0,True
13,-0.12126457885543379,False,,-0.12126457885543379,False,22,0.0,True
14,-0.12804353287111,False,,-0.12804353287111,False,22,0.0,True
15,-0.13096245565914122,False,,-0.13096245565914122,False,22,0.0,True
16,-0.14710762066432587,False,,-0.14710762066432587,False,22,0.0,True
17,-0.1601509953315664,False,,-0.1601509953315664,False,22,0.0,True
18,-0.12670735454899468,False,,-0.12670735454899468,False,22,0.0,True
19,-0.14385767704750735,False,,-0.14385767704750735,False,22,0.0,True
20,-0.16045877805968295,False,,-0.16045877805968295,False,22,0.0,True
21,-0.1408696273464562,False,,-0.1408696273464562,False,22,0.0,True
22,-0.13071799660486244,False,,-0.13071799660486244,False,22,0.0,True
23,-0.14722326822374765,False,,-0.14722326822374765,False,22,0.0,True
24,-0.11179704437354135,False,,-0.11179704437354135,False,22,0.0,True
25,-0.1258833206117909,False,,-0.1258833206117909,False,22,0.0,True
26,-0.12162856976117412,False,,-0.12162856976117412,False,22,0.0,True
27,-0.1387125219298596,False,,-0.1387125219298596,False,22,0.0,True
28,-0.14595292912062943,False,,-0.14595292912062943,False,22,0.0,True
29,-0.16763575717004536,False,,-0.16763575717004536,False,22,0.0,True
30,-0.12914927669905715,False,,-0.12914927669905715,False,22,0.0,True
31,-0.11450490685509568,False,,-0.11450490685509568,False,22,0.0,True
32,-0.15696438602378462,False,,-0.15696438602378462,False,22,0.0,True
33,-0.17362123861504877,False,,-0.17362123861504877,False,22,0.0,True
34,-0.11714354325448216,False,,-0.11714354325448216,False,22,0.0,True
35,-0.1308152992135022,False,,-0.1308152992135022,False,22,0.0,True
36,-0.13186235811267194,False,,-0.13186235811267194,False,22,0.0,True
37,-0.14463736797758386,False,,-0.14463736797758386,False,22,0.0,True
38,-0.14631270867261176,False,,-0.14631270867261176,False,22,0.0,True
39,-0.1673479899700476,False,,-0.1673479899700476,False,22,0.0,True
40,-0.152201635380186,False,,-0.152201635380186,False,22,0.0,True
41,-0.14082550129776855,False,,-0.14082550129776855,False,22,0.0,True
42,-0.11852439879662505,False,,-0.11852439879662505,False,22,0.0,True
43,-0.09693698440070309,False,,-0.09693698440070309,False,22,0.0,True
44,-0.1332625858395679,False,,-0.1332625858395679,False,22,0.0,True
45,-0.15417294326904848,False,,-0.15417294326904848,False,22,0.0,True
46,-0.14836207808323904,False,,-0.14836207808323904,False,22,0.0,True
47,-0.18956211124897498,False,,-0.18956211124897498,False,22,0.0,True
48,-0.11818425798782906,False,,-0.11818425798782906,False,22,0.0,True
49,-0.12711063790191918,False,,-0.12711063790191918,False,22,0.0,True
50,-0.1723863854611595,False,,-0.1723863854611595,False,22,0.0,True
51,-0.11978932618117351,False,,-0.11978932618117351,False,22,0.0,True
52,-0.13606151595469784,False,,-0.13606151595469784,False,22,0.0,True
53,-0.1751148117401764,False,,-0.1751148117401764,False,22,0.0,True
54,-0.14656836418318553,False,,-0.14656836418318553,False,22,0.0,True
55,-0.11792985349927615,False,,-0.11792985349927615,False,22,0.0,True
56,-0.1577670928830478,False,,-0.1577670928830478,False,22,0.0,True
57,-0.17590331345633833,False,,-0.17590331345633833,False,22,0.0,True
58,-0.16956863815940995,False,,-0.16956863815940995,False,22,0.0,True
59,-0.12979874989019574,False,,-0.12979874989019574,False,22,0.0,True
60,-0.16002109382182267,False,,-0.16002109382182267,False,22,0.0,True
61,-0.11227467184437362,False,,-0.11227467184437362,False,22,0.0,True
62,-0.16645856126449057,False,,-0.16645856126449057,False,22,0.0,True
63,-0.1262146370309417,False,,-0.1262146370309417,False,22,0.0,True
0,-0.22957016687097256,True,,-0.22957016687097256,True,23,0.0,True
1,-0.2592323708032509,False,,-0.2592323708032509,False,23,0.0,True
2,-0.14165012723275247,False,,-0.14165012723275247,False,23,0.0,True
3,-0.11037601101608181,False,,-0.11037601101608181,False,23,0.0,True
4,-0.12014786316607554,False,,-0.12014786316607554,False,23,0.0,True
5,-0.09868776882664405,False,,-0.09868776882664405,False,23,0.0,True
6,-0.12224108361627596,False,,-0.12224108361627596,False,23,0.0,True
7,-0.11589274957096679,False,,-0.11589274957096679,False,23,0.0,True
8,-0.12322452633929531,False,,-0.12322452633929531,False,23,0.0,True
9,-0.12667369883065327,False,,-0.12667369883065327,False,23,0.0,True
10,-0.1233959214259997,False,,-0.1233959214259997,False,23,0.0,True
11,-0.12324010348590023,False,,-0.12324010348590023,False,23,0.0,True
12,-0.1458926289922829,False,,-0.1458926289922829,False,23,0.0,True
13,-0.12844297763697515,False,,-0.12844297763697515,False,23,0.0,True
14,-0.11216020105499236,False,,-0.11216020105499236,False,23,0.0,True
15,-0.12882907472583696,False,,-0.12882907472583696,False,23,0.0,True
16,-0.13841025867634107,False,,-0.13841025867634107,False,23,0.0,True
17,-0.13867113305738135,False,,-0.13867113305738135,False,23,0.0,True
18,-0.1351559493261261,False,,-0.1351559493261261,False,23,0.0,True
19,-0.09504679490491892,False,,-0.09504679490491892,False,23,0.0,True
20,-0.11209034472737685,False,,-0.11209034472737685,False,23,0.0,True
21,-0.1008251665039878,False,,-0.1008251665039878,False,23,0.0,True
22,-0.10774617880722337,False,,-0.10774617880722337,False,23,0.0,True
23,-0.10121225328487596,False,,-0.10121225328487596,False,23,0.0,True
24,-0.16037617015370814,False,,-0.16037617015370814,False,23,0.0,True
25,-0.11739517737830936,False,,-0.11739517737830936,False,23,0.0,True
26,-0.1740974792823032,False,,-0.1740974792823032,False,23,0.0,True
27,-0.12708864592451147,False,,-0.12708864592451147,False,23,0.0,True
28,-0.10907932695430353,False,,-0.10907932695430353,False,23,0.0,True
29,-0.10155800835970873,False,,-0.10155800835970873,False,23,0.0,True
30,-0.10437067982542111,False,,-0.10437067982542111,False,23,0.0,True
31,-0.14683708912649618,False,,-0.14683708912649618,False,23,0.0,True
32,-0.11678875727013766,False,,-0.11678875727013766,False,23,0.0,True
33,-0.10666047846729085,False,,-0.10666047846729085,False,23,0.0,True
34,-0.11682341547120867,False,,-0.11682341547120867,False,23,0.0,True
35,-0.10923694333756874,False,,-0.10923694333756874,False,23,0.0,True
36,-0.09820305815927452,False,,-0.09820305815927452,False,23,0.0,True
37,-0.12981380731612524,False,,-0.12981380731612524,False,23,0.0,True
38,-0.09564542873242055,False,,-0.09564542873242055,False,23,0.0,True
39,-0.13835478584496283,False,,-0.13835478584496283,False,23,0.0,True
40,-0.14281195617475526,False,,-0.14281195617475526,False,23,0.0,True
41,-0.09794203350657008,False,,-0.09794203350657008,False,23,0.0,True
42,-0.1078279958677141,False,,-0.1078279958677141,False,23,0.0,True
43,-0.1129258107926235,False,,-0.1129258107926235,False,23,0.0,True
44,-0.10223000694004607,False,,-0.10223000694004607,False,23,0.0,True
45,-0.10248939384925936,False,,-0.10248939384925936,False,23,0.0,True
46,-0.13099317579255576,False,,-0.13099317579255576,False,23,0.0,True
47,-0.10667392069160252,False,,-0.10667392069160252,False,23,0.0,True
48,-0.15945147804025883,False,,-0.15945147804025883,False,23,0.0,True
49,-0.11244509349006626,False,,-0.11244509349006626,False,23,0.0,True
50,-0.1263036127035147,False,,-0.1263036127035147,False,23,0.0,True
51,-0.12055076464079649,False,,-0.12055076464079649,False,23,0.0,True
52,-0.13316925625968515,False,,-0.13316925625968515,False,23,0.0,True
53,-0.11229048936788741,False,,-0.11229048936788741,False,23,0.0,True
54,-0.12375500816975551,False,,-0.12375500816975551,False,23,0.0,True
55,-0.14893379703618448,False,,-0.14893379703618448,False,23,0.0,True
56,-0.13499498873824542,False,,-0.13499498873824542,False,23,0.0,True
57,-0.11147182135908934,False,,-0.11147182135908934,False,23,0.0,True
58,-0.12138928962523951,False,,-0.12138928962523951,False,23,0.0,True
59,-0.13026879043773726,False,,-0.13026879043773726,False,23,0.0,True
60,-0.10745446840719228,False,,-0.10745446840719228,False,23,0.0,True
61,-0.12780638604233308,False,,-0.12780638604233308,False,23,0.0,True
62,-0.10355226698498585,False,,-0.10355226698498585,False,23,0.0,True
63,-0.11553680093365523,False,,-0.11553680093365523,False,23,0.0,True
0,-0.21697581298631238,True,,-0.21697581298631238,True,24,0.0,True
1,-0.23777808321972654,False,,-0.23777808321972654,False,24,0.0,True
2,-0.11380484265648937,False,,-0.11380484265648937,False,24,0.0,True
3,-0.11497325070765187,False,,-0.11497325070765187,False,24,0.0,True
4,-0.13411570098248854,False,,-0.13411570098248854,False,24,0.0,True
5,-0.11382720907819308,False,,-0.11382720907819308,False,24,0.0,True
6,-0.11690929892994084,False,,-0.11690929892994084,False,24,0.0,True
7,-0.11746745013949629,False,,-0.11746745013949629,False,24,0.0,True
8,-0.11045326482307352,False,,-0.11045326482307352,False,24,0.0,True
9,-0.1315111415409146,False,,-0.1315111415409146,False,24,0.0,True
10,-0.1277740025700111,False,,-0.1277740025700111,False,24,0.0,True
11,-0.11533622626788394,False,,-0.11533622626788394,False,24,0.0,True
12,-0.13441746283764217,False,,-0.13441746283764217,False,24,0.0,True
13,-0.1406766261044236,False,,-0.1406766261044236,False,24,0.0,True
14,-0.12671044841869977,False,,-0.12671044841869977,False,24,0.0,True
15,-0.11565091075671258,False,,-0.11565091075671258,False,24,0.0,True
16,-0.1346122462459737,False,,-0.1346122462459737,False,24,0.0,True
17,-0.13948601645406183,False,,-0.13948601645406183,False,24,0.0,True
18,-0.12450651982994615,False,,-0.12450651982994615,False,24,0.0,True
19,-0.12008149722896383,False,,-0.12008149722896383,False,24,0.0,True
20,-0.11485214939743665,False,,-0.11485214939743665,False,24,0.0,True
21,-0.11741294427867965,False,,-0.11741294427867965,False,24,0.0,True
22,-0.11636509124829562,False,,-0.11636509124829562,False,24,0.0,True
23,-0.1324999824680923,False,,-0.1324999824680923,False,24,0.0,True
24,-0.1200563989693246,False,,-0.1200563989693246,False,24,0.0,True
25,-0.11726949486893484,False,,-0.11726949486893484,False,24,0.0,True
26,-0.12575542484334157,False,,-0.12575542484334157,False,24,0.0,True
27,-0.11227925912621303,False,,-0.11227925912621303,False,24,0.0,True
28,-0.130653762446516,False,,-0.130653762446516,False,24,0.0,True
29,-0.1264784941369334,False,,-0.1264784941369334,False,24,0.0,True
30,-0.11993653935921009,False,,-0.11993653935921009,False,24,0.0,True
31,-0.11394071922271692,False,,-0.11394071922271692,False,24,0.0,True
32,-0.117080827861663,False,,-0.117080827861663,False,24,0.0,True
33,-0.12230628965013954,False,,-0.12230628965013954,False,24,0.0,True
34,-0.10957258260397235,False,,-0.10957258260397235,False,24,0.0,True
35,-0.11665934439344891,False,,-0.11665934439344891,False,24,0.0,True
36,-0.126066974345089,False,,-0.126066974345089,False,24,0.0,True
37,-0.11562017906580863,False,,-0.11562017906580863,False,24,0.0,True
38,-0.11179586047043977,False,,-0.11179586047043977,False,24,0.0,True
39,-0.12171132683756934,False,,-0.12171132683756934,False,24,0.0,True
40,-0.11676312697518758,False,,-0.11676312697518758,False,24,0.0,True
41,-0.12955829914334982,False,,-0.12955829914334982,False,24,0.0,True
42,-0.1169695986727873,False,,-0.1169695986727873,False,24,0.0,True
43,-0.11429001828882775,False,,-0.11429001828882775,False,24,0.0,True
44,-0.14314358822435902,False,,-0.14314358822435902,False,24,0.0,True
45,-0.12175184756721086,False,,-0.12175184756721086,False,24,0.0,True
46,-0.1324366289472185,False,,-0.1324366289472185,False,24,0.0,True
47,-0.1305973570427451,False,,-0.1305973570427451,False,24,0.0,True
48,-0.1207537632210976,False,,-0.1207537632210976,False,24,0.0,True
49,-0.11727545854196392,False,,-0.11727545854196392,False,24,0.0,True
50,-0.12033801778901695,False,,-0.12033801778901695,False,24,0.0,True
51,-0.13386037459165467,False,,-0.13386037459165467,False,24,0.0,True
52,-0.12263729864485842,False,,-0.12263729864485842,False,24,0.0,True
53,-0.13304897184845452,False,,-0.13304897184845452,False,24,0.0,True
54,-0.12284028447927355,False,,-0.12284028447927355,False,24,0.0,True
55,-0.11378379310717043,False,,-0.11378379310717043,False,24,0.0,True
56,-0.13840003753599553,False,,-0.13840003753599553,False,24,0.0,True
57,-0.1264286486714622,False,,-0.1264286486714622,False,24,0.0,True
58,-0.12139609968942497,False,,-0.12139609968942497,False,24,0.0,True
59,-0.13055801262931696,False,,-0.13055801262931696,False,24,0.0,True
60,-0.11391752246771607,False,,-0.11391752246771607,False,24,0.0,True
61,-0.11628253331127383,False,,-0.11628253331127383,False,24,0.0,True
62,-0.11516783773193004,False,,-0.11516783773193004,False,24,0.0,True
63,-0.13941367335464883,False,,-0.13941367335464883,False,24,0.0,True
0,-0.19013286454381922,True,,-0.19013286454381922,True,25,0.0,True
1,-0.16869755793925373,False,,-0.16869755793925373,False,25,0.0,True
2,-0.10996496554831489,False,,-0.10996496554831489,False,25,0.0,True
3,-0.11487385007100871,False,,-0.11487385007100871,False,25,0.0,True
4,-0.09610691131371768,False,,-0.09610691131371768,False,25,0.0,True
5,-0.09859143536989683,False,,-0.09859143536989683,False,25,0.0,True
6,-0.12137715399437138,False,,-0.12137715399437138,False,25,0.0,True
7,-0.09042837508592172,False,,-0.09042837508592172,False,25,0.0,True
8,-0.08425647594810322,False,,-0.08425647594810322,False,25,0.0,True
9,-0.09331223856354157,False,,-0.09331223856354157,False,25,0.0,True
10,-0.10680145205480579,False,,-0.10680145205480579,False,25,0.0,True
11,-0.10078078960161636,False,,-0.10078078960161636,False,25,0.0,True
12,-0.12071760189473253,False,,-0.12071760189473253,False,25,0.0,True
13,-0.10563608446489126,False,,-0.10563608446489126,False,25,0.0,True
14,-0.0911550049984438,False,,-0.0911550049984438,False,25,0.0,True
15,-0.10874888130468369,False,,-0.10874888130468369,False,25,0.0,True
16,-0.13025108693980164,False,,-0.13025108693980164,False,25,0.0,True
17,-0.10757411095408251,False,,-0.10757411095408251,False,25,0.0,True
18,-0.09146664768558765,False,,-0.09146664768558765,False,25,0.0,True
19,-0.09788228258532503,False,,-0.09788228258532503,False,25,0.0,True
20,-0.13002627574537218,False,,-0.13002627574537218,False,25,0.0,True
21,-0.09485125658961954,False,,-0.09485125658961954,False,25,0.0,True
22,-0.10198604530838812,False,,-0.10198604530838812,False,25,0.0,True
23,-0.09620383988936299,False,,-0.09620383988936299,False,25,0.0,True
24,-0.09765441388675132,False,,-0.09765441388675132,False,25,0.0,True
25,-0.09435872163940315,False,,-0.09435872163940315,False,25,0.0,True
26,-0.08920021851765889,False,,-0.08920021851765889,False,25,0.0,True
27,-0.09555677667699333,False,,-0.09555677667699333,False,25,0.0,True
28,-0.101051602685279,False,,-0.101051602685279,False,25,0.0,True
29,-0.10452909509377487,False,,-0.10452909509377487,False,25,0.0,True
30,-0.08946489334628037,False,,-0.08946489334628037,False,25,0.0,True
31,-0.10359470461772914,False,,-0.10359470461772914,False,25,0.0,True
32,-0.08957456878884536,False,,-0.08957456878884536,False,25,0.0,True
33,-0.10246830001513221,False,,-0.10246830001513221,False,25,0.0,True
34,-0.11046293954435729,False,,-0.11046293954435729,False,25,0.0,True
35,-0.10183406928941147,False,,-0.10183406928941147,False,25,0.0,True
36,-0.10364253954606875,False,,-0.10364253954606875,False,25,0.0,True
37,-0.10569399444170113,False,,-0.10569399444170113,False,25,0.0,True
38,-0.10706972315576957,False,,-0.10706972315576957,False,25,0.0,True
39,-0.09621031256226292,False,,-0.09621031256226292,False,25,0.0,True
40,-0.11865654389840616,False,,-0.11865654389840616,False,25,0.0,True
41,-0.09370703305397846,False,,-0.09370703305397846,False,25,0.0,True
42,-0.09449406455938371,False,,-0.09449406455938371,False,25,0.0,True
43,-0.08625840440062389,False,,-0.08625840440062389,False,25,0.0,True
44,-0.08537577207295027,False,,-0.08537577207295027,False,25,0.0,True
45,-0.1029706981499687,False,,-0.1029706981499687,False,25,0.0,True
46,-0.09241559559121879,False,,-0.09241559559121879,False,25,0.0,True
47,-0.08302409724512594,False,,-0.08302409724512594,False,25,0.0,True
48,-0.08966553361399822,False,,-0.08966553361399822,False,25,0.0,True
49,-0.09201524578767212,False,,-0.09201524578767212,False,25,0.0,True
50,-0.08930529456735253,False,,-0.08930529456735253,False,25,0.0,True
51,-0.09925121865816187,False,,-0.09925121865816187,False,25,0.0,True
52,-0.10863644442859394,False,,-0.10863644442859394,False,25,0.0,True
53,-0.08954619528618991,False,,-0.08954619528618991,False,25,0.0,True
54,-0.1331255756305318,False,,-0.1331255756305318,False,25,0.0,True
55,-0.12132129175706965,False,,-0.12132129175706965,False,25,0.0,True
56,-0.07892843443014819,False,,-0.07892843443014819,False,25,0.0,True
57,-0.10892292581393677,False,,-0.10892292581393677,False,25,0.0,True
58,-0.08609503124065435,False,,-0.08609503124065435,False,25,0.0,True
59,-0.10270442724093523,False,,-0.10270442724093523,False,25,0.0,True
60,-0.11171085997020502,False,,-0.11171085997020502,False,25,0.0,True
61,-0.12119020557225535,False,,-0.12119020557225535,False,25,0.0,True
62,-0.12081404412908668,False,,-0.12081404412908668,False,25,0.0,True
63,-0.08260161622800793,False,,-0.08260161622800793,False,25,0.0,True
0,-0.18554319906796557,True,,-0.18554319906796557,True,26,0.0,True
1,-0.18614591566721284,False,,-0.18614591566721284,False,26,0.0,True
2,-0.09436876370976456,False,,-0.09436876370976456,False,26,0.0,True
3,-0.1048345629151725,False,,-0.1048345629151725,False,26,0.0,True
4,-0.09447846323963538,False,,-0.09447846323963538,False,26,0.0,True
5,-0.1176550556128457,False,,-0.1176550556128457,False,26,0.0,True
6,-0.10541118619572674,False,,-0.10541118619572674,False,26,0.0,True
7,-0.12145644006154743,False,,-0.12145644006154743,False,26,0.0,True
8,-0.12348088225356263,False,,-0.12348088225356263,False,26,0.0,True
9,-0.10791660809388107,False,,-0.10791660809388107,False,26,0.0,True
10,-0.10672076184275309,False,,-0.10672076184275309,False,26,0.0,True
11,-0.10049170289681605,False,,-0.10049170289681605,False,26,0.0,True
12,-0.09691426058262165,False,,-0.09691426058262165,False,26,0.0,True
13,-0.11206618107314076,False,,-0.11206618107314076,False,26,0.0,True
14,-0.08802317014366584,False,,-0.08802317014366584,False,26,0.0,True
15,-0.12460598997991387,False,,-0.12460598997991387,False,26,0.0,True
16,-0.09850211516420958,False,,-0.09850211516420958,False,26,0.0,True
17,-0.09474880275314958,False,,-0.09474880275314958,False,26,0.0,True
18,-0.10956072495716196,False,,-0.10956072495716196,False,26,0.0,True
19,-0.10356850051695136,False,,-0.10356850051695136,False,26,0.0,True
20,-0.11069654358276153,False,,-0.11069654358276153,False,26,0.0,True
21,-0.10019598514727462,False,,-0.10019598514727462,False,26,0.0,True
22,-0.12368006539824701,False,,-0.12368006539824701,False,26,0.0,True
23,-0.0929410294431926,False,,-0.0929410294431926,False,26,0.0,True
24,-0.10320590408485514,False,,-0.10320590408485514,False,26,0.0,True
25,-0.0957287953361548,False,,-0.0957287953361548,False,26,0.0,True
26,-0.10883880979405994,False,,-0.10883880979405994,False,26,0.0,True
27,-0.09700827440647644,False,,-0.09700827440647644,False,26,0.0,True
28,-0.096671243089855,False,,-0.096671243089855,False,26,0.0,True
29,-0.11017668489361357,False,,-0.11017668489361357,False,26,0.0,True
30,-0.10449337567860957,False,,-0.10449337567860957,False,26,0.0,True
31,-0.09437646926578323,False,,-0.09437646926578323,False,26,0.0,True
32,-0.10708691686588609,False,,-0.10708691686588609,False,26,0.0,True
33,-0.0991308623386003,False,,-0.0991308623386003,False,26,0.0,True
34,-0.1276606612832722,False,,-0.1276606612832722,False,26,0.0,True
35,-0.0859052494100534,False,,-0.0859052494100534,False,26,0.0,True
36,-0.1012056612761461,False,,-0.1012056612761461,False,26,0.0,True
37,-0.11690258087500535,False,,-0.11690258087500535,False,26,0.0,True
38,-0.13935494433331774,False,,-0.13935494433331774,False,26,0.0,True
39,-0.1115130349409696,False,,-0.1115130349409696,False,26,0.0,True
40,-0.10756195241423114,False,,-0.10756195241423114,False,26,0.0,True
41,-0.10700886672137024,False,,-0.10700886672137024,False,26,0.0,True
42,-0.11673443692463416,False,,-0.11673443692463416,False,26,0.0,True
43,-0.10136339694745153,False,,-0.10136339694745153,False,26,0.0,True
44,-0.10794131800200715,False,,-0.10794131800200715,False,26,0.0,True
45,-0.10371691942125294,False,,-0.10371691942125294,False,26,0.0,True
46,-0.11616024063817279,False,,-0.11616024063817279,False,26,0.0,True
47,-0.10899886625317781,False,,-0.10899886625317781,False,26,0.0,True
48,-0.1028363752280918,False,,-0.1028363752280918,False,26,0.0,True
49,-0.08881374663548333,False,,-0.08881374663548333,False,26,0.0,True
50,-0.12053092585263962,False,,-0.12053092585263962,False,26,0.0,True
51,-0.11787238419226563,False,,-0.11787238419226563,False,26,0.0,True
52,-0.1075579990983509,False,,-0.1075579990983509,False,26,0.0,True
53,-0.1215999723696644,False,,-0.1215999723696644,False,26,0.0,True
54,-0.13099378573524437,False,,-0.13099378573524437,False,26,0.0,True
55,-0.10042908042208543,False,,-0.10042908042208543,False,26,0.0,True
56,-0.10596751292024842,False,,-0.10596751292024842,False,26,0.0,True
57,-0.09500702081309173,False,,-0.09500702081309173,False,26,0.0,True
58,-0.13444032951688661,False,,-0.13444032951688661,False,26,0.0,True
59,-0.09321915004703075,False,,-0.09321915004703075,False,26,0.0,True
60,-0.11604237160312768,False,,-0.11604237160312768,False,26,0.0,True
61,-0.11044545120828958,False,,-0.11044545120828958,False,26,0.0,True
62,-0.10176240225301833,False,,-0.10176240225301833,False,26,0.0,True
63,-0.11025305996211959,False,,-0.11025305996211959,False,26,0.0,True
0,-0.12480712629022757,True,,-0.12480712629022757,True,27,0.0,True
1,-0.15091382940817596,False,,-0.15091382940817596,False,27,0.0,True
2,-0.09236426379479962,False,,-0.09236426379479962,False,27,0.0,True
3,-0.0861283422665863,False,,-0.0861283422665863,False,27,0.0,True
4,-0.08080156423054627,False,,-0.08080156423054627,False,27,0.0,True
5,-0.0780687503907429,False,,-0.0780687503907429,False,27,0.0,True
6,-0.08693308809459416,False,,-0.08693308809459416,False,27,0.0,True
7,-0.07816502349860674,False,,-0.07816502349860674,False,27,0.0,True
8,-0.08194289569794516,False,,-0.08194289569794516,False,27,0.0,True
9,-0.07996798534513247,False,,-0.07996798534513247,False,27,0.0,True
10,-0.08711749508811656,False,,-0.08711749508811656,False,27,0.0,True
11,-0.07558673362509474,False,,-0.07558673362509474,False,27,0.0,True
12,-0.07893721489810326,False,,-0.07893721489810326,False,27,0.0,True
13,-0.0813854200599751,False,,-0.0813854200599751,False,27,0.0,True
14,-0.08425032489700393,False,,-0.08425032489700393,False,27,0.0,True
15,-0.08653240978194207,False,,-0.08653240978194207,False,27,0.0,True
16,-0.09463109994103897,False,,-0.09463109994103897,False,27,0.0,True
17,-0.08314532991945017,False,,-0.08314532991945017,False,27,0.0,True
18,-0.08011643825220086,False,,-0.08011643825220086,False,27,0.0,True
19,-0.08294393019640853,False,,-0.08294393019640853,False,27,0.0,True
20,-0.08176674418251144,False,,-0.08176674418251144,False,27,0.0,True
21,-0.08033944937315582,False,,-0.08033944937315582,False,27,0.0,True
22,-0.08469894507256726,False,,-0.08469894507256726,False,27,0.0,True
23,-0.09050798865173039,False,,-0.09050798865173039,False,27,0.0,True
24,-0.08703599549041807,False,,-0.08703599549041807,False,27,0.0,True
25,-0.08885137267773899,False,,-0.08885137267773899,False,27,0.0,True
26,-0.09478959885849081,False,,-0.09478959885849081,False,27,0.0,True
27,-0.08619161870159947,False,,-0.08619161870159947,False,27,0.0,True
28,-0.0862646551256562,False,,-0.0862646551256562,False,27,0.0,True
29,-0.07821803448039877,False,,-0.07821803448039877,False,27,0.0,True
30,-0.0766853363998753,False,,-0.0766853363998753,False,27,0.0,True
31,-0.08269526302091203,False,,-0.08269526302091203,False,27,0.0,True
32,-0.08266901005069702,False,,-0.08266901005069702,False,27,0.0,True
33,-0.07675444880613076,False,,-0.07675444880613076,False,27,0.0,True
34,-0.08326491034212845,False,,-0.08326491034212845,False,27,0.0,True
35,-0.08911770261519908,False,,-0.08911770261519908,False,27,0.0,True
36,-0.0872300084276988,False,,-0.0872300084276988,False,27,0.0,True
37,-0.0859348232669108,False,,-0.0859348232669108,False,27,0.0,True
38,-0.08254666082433831,False,,-0.08254666082433831,False,27,0.0,True
39,-0.08118718084383256,False,,-0.08118718084383256,False,27,0.0,True
40,-0.09342781694613501,False,,-0.09342781694613501,False,27,0.0,True
41,-0.08754822201733643,False,,-0.08754822201733643,False,27,0.0,True
42,-0.08212977926840376,False,,-0.08212977926840376,False,27,0.0,True
43,-0.09083869203589638,False,,-0.09083869203589638,False,27,0.0,True
44,-0.08577524169045087,False,,-0.08577524169045087,False,27,0.0,True
45,-0.08524069192925755,False,,-0.08524069192925755,False,27,0.0,True
46,-0.08903918747457747,False,,-0.08903918747457747,False,27,0.0,True
47,-0.09518641901813978,False,,-0.09518641901813978,False,27,0.0,True
48,-0.07571028516356076,False,,-0.07571028516356076,False,27,0.0,True
49,-0.09088316138206784,False,,-0.09088316138206784,False,27,0.0,True
50,-0.07897494745418049,False,,-0.07897494745418049,False,27,0.0,True
51,-0.1118982305337584,False,,-0.1118982305337584,False,27,0.0,True
52,-0.08526535211655326,False,,-0.08526535211655326,False,27,0.0,True
53,-0.09302027477949995,False,,-0.09302027477949995,False,27,0.0,True
54,-0.08561121876188785,False,,-0.08561121876188785,False,27,0.0,True
55,-0.08127684102908594,False,,-0.08127684102908594,False,27,0.0,True
56,-0.08901114581516106,False,,-0.08901114581516106,False,27,0.0,True
57,-0.08178371328190687,False,,-0.08178371328190687,False,27,0.0,True
58,-0.08044570433486134,False,,-0.08044570433486134,False,27,0.0,True
59,-0.08185467712463049,False,,-0.08185467712463049,False,27,0.0,True
60,-0.09250490846630147,False,,-0.09250490846630147,False,27,0.0,True
61,-0.09051714580551398,False,,-0.09051714580551398,False,27,0.0,True
62,-0.1039000350633345,False,,-0.1039000350633345,False,27,0.0,True
63,-0.09181623633158156,False,,-0.09181623633158156,False,27,0.0,True
0,-0.09304565607625634,True,,-0.09304565607625634,True,28,0.0,True
1,-0.08978892195309582,False,,-0.08978892195309582,False,28,0.0,True
2,-0.07000929473435721,False,,-0.07000929473435721,False,28,0.0,True
3,-0.07873655252262134,False,,-0.07873655252262134,False,28,0.0,True
4,-0.07521538496267909,False,,-0.07521538496267909,False,28,0.0,True
5,-0.07015124781869253,False,,-0.07015124781869253,False,28,0.0,True
6,-0.07172688418532988,False,,-0.07172688418532988,False,28,0.0,True
7,-0.07138425467407465,False,,-0.07138425467407465,False,28,0.0,True
8,-0.0730705982279263,False,,-0.0730705982279263,False,28,0.0,True
9,-0.07484775614077295,False,,-0.07484775614077295,False,28,0.0,True
10,-0.07539367389783208,False,,-0.07539367389783208,False,28,0.0,True
11,-0.08581215592323113,False,,-0.08581215592323113,False,28,0.0,True
12,-0.06874628022905976,False,,-0.06874628022905976,False,28,0.0,True
13,-0.08666000904236373,False,,-0.08666000904236373,False,28,0.0,True
14,-0.08819631094905188,False,,-0.08819631094905188,False,28,0.0,True
15,-0.07477002992197901,False,,-0.07477002992197901,False,28,0.0,True
16,-0.09571447953303386,False,,-0.09571447953303386,False,28,0.0,True
17,-0.0818420907917527,False,,-0.0818420907917527,False,28,0.0,True
18,-0.08519525989649276,False,,-0.08519525989649276,False,28,0.0,True
19,-0.08478398822910649,False,,-0.08478398822910649,False,28,0.0,True
20,-0.0714606608063304,False,,-0.0714606608063304,False,28,0.0,True
21,-0.07426206384179723,False,,-0.07426206384179723,False,28,0.0,True
22,-0.09750089237666358,False,,-0.09750089237666358,False,28,0.0,True
23,-0.08452018567138611,False,,-0.08452018567138611,False,28,0.0,True
24,-0.07860090052314309,False,,-0.07860090052314309,False,28,0.0,True
25,-0.08140969682442328,False,,-0.08140969682442328,False,28,0.0,True
26,-0.07404838158790798,False,,-0.07404838158790798,False,28,0.0,True
27,-0.07271475128967217,False,,-0.07271475128967217,False,28,0.0,True
28,-0.07185641997631226,False,,-0.07185641997631226,False,28,0.0,True
29,-0.07851742054783975,False,,-0.07851742054783975,False,28,0.0,True
30,-0.07210163847472165,False,,-0.07210163847472165,False,28,0.0,True
31,-0.08341739972742698,False,,-0.08341739972742698,False,28,0.0,True
32,-0.09224393611726775,False,,-0.09224393611726775,False,28,0.0,True
33,-0.06912632326210597,False,,-0.06912632326210597,False,28,0.0,True
34,-0.07412293303947584,False,,-0.07412293303947584,False,28,0.0,True
35,-0.07902440785612158,False,,-0.07902440785612158,False,28,0.0,True
36,-0.07371305899306249,False,,-0.07371305899306249,False,28,0.0,True
37,-0.08847160893474768,False,,-0.08847160893474768,False,28,0.0,True
38,-0.08536039884911281,False,,-0.08536039884911281,False,28,0.0,True
39,-0.0677609252269813,False,,-0.0677609252269813,False,28,0.0,True
40,-0.08658368025584513,False,,-0.08658368025584513,False,28,0.0,True
41,-0.07703770492467256,False,,-0.07703770492467256,False,28,0.0,True
42,-0.07993103570466828,False,,-0.07993103570466828,False,28,0.0,True
43,-0.07361533767375067,False,,-0.07361533767375067,False,28,0.0,True
44,-0.08295445339120805,False,,-0.08295445339120805,False,28,0.0,True
45,-0.07494787237732156,False,,-0.07494787237732156,False,28,0.0,True
46,-0.06894020456290778,False,,-0.06894020456290778,False,28,0.0,True
47,-0.07378834406083558,False,,-0.07378834406083558,False,28,0.0,True
48,-0.07226220694850587,False,,-0.07226220694850587,False,28,0.0,True
49,-0.06731936684564455,False,,-0.06731936684564455,False,28,0.0,True
50,-0.07803777681530741,False,,-0.07803777681530741,False,28,0.0,True
51,-0.07950366520011115,False,,-0.07950366520011115,False,28,0.0,True
52,-0.08687824773024883,False,,-0.08687824773024883,False,28,0.0,True
53,-0.07769345037791167,False,,-0.07769345037791167,False,28,0.0,True
54,-0.0728973363578525,False,,-0.0728973363578525,False,28,0.0,True
55,-0.07792373740927333,False,,-0.07792373740927333,False,28,0.0,True
56,-0.07694829345038225,False,,-0.07694829345038225,False,28,0.0,True
57,-0.07474741471229887,False,,-0.07474741471229887,False,28,0.0,True
58,-0.08352163327349872,False,,-0.08352163327349872,False,28,0.0,True
59,-0.0787721542452884,False,,-0.0787721542452884,False,28,0.0,True
60,-0.07768691395456825,False,,-0.07768691395456825,False,28,0.0,True
61,-0.0763007023203063,False,,-0.0763007023203063,False,28,0.0,True
62,-0.08393804259079798,False,,-0.08393804259079798,False,28,0.0,True
63,-0.07502720640013318,False,,-0.07502720640013318,False,28,0.0,True
0,-0.08030729463179735,True,,-0.08030729463179735,True,29,0.0,True
1,-0.09031263093385852,False,,-0.09031263093385852,False,29,0.0,True
2,-0.08167611791598783,False,,-0.08167611791598783,False,29,0.0,True
3,-0.07691695329076613,False,,-0.07691695329076613,False,29,0.0,True
4,-0.08654636317633382,False,,-0.08654636317633382,False,29,0.0,True
5,-0.07487379887310809,False,,-0.07487379887310809,False,29,0.0,True
6,-0.0743953987985532,False,,-0.0743953987985532,False,29,0.0,True
7,-0.07305100162960121,False,,-0.07305100162960121,False,29,0.0,True
8,-0.08045806676388,False,,-0.08045806676388,False,29,0.0,True
9,-0.07251288752438145,False,,-0.07251288752438145,False,29,0.0,True
10,-0.07306427937254382,False,,-0.07306427937254382,False,29,0.0,True
11,-0.07731497523648445,False,,-0.07731497523648445,False,29,0.0,True
12,-0.0752240824062027,False,,-0.0752240824062027,False,29,0.0,True
13,-0.07942245997781773,False,,-0.07942245997781773,False,29,0.0,True
14,-0.08433426040494928,False,,-0.08433426040494928,False,29,0.0,True
15,-0.08369801151092454,False,,-0.08369801151092454,False,29,0.0,True
16,-0.0783749882300004,False,,-0.0783749882300004,False,29,0.0,True
17,-0.08442944858831883,False,,-0.08442944858831883,False,29,0.0,True
18,-0.07319873056664089,False,,-0.07319873056664089,False,29,0.0,True
19,-0.07746088375117526,False,,-0.07746088375117526,False,29,0.0,True
20,-0.07270030588644326,False,,-0.07270030588644326,False,29,0.0,True
21,-0.08301583145497457,False,,-0.08301583145497457,False,29,0.0,True
22,-0.0799155719110208,False,,-0.0799155719110208,False,29,0.0,True
23,-0.07745485754048043,False,,-0.07745485754048043,False,29,0.0,True
24,-0.09168756528743253,False,,-0.09168756528743253,False,29,0.0,True
25,-0.07755378626807388,False,,-0.07755378626807388,False,29,0.0,True
26,-0.07294414477062947,False,,-0.07294414477062947,False,29,0.0,True
27,-0.07583115340349651,False,,-0.07583115340349651,False,29,0.0,True
28,-0.07572360332891095,False,,-0.07572360332891095,False,29,0.0,True
29,-0.0741176408174805,False,,-0.0741176408174805,False,29,0.0,True
30,-0.076156383792972,False,,-0.076156383792972,False,29,0.0,True
31,-0.07590315621093666,False,,-0.07590315621093666,False,29,0.0,True
32,-0.08145054893022909,False,,-0.08145054893022909,False,29,0.0,True
33,-0.07608778835298302,False,,-0.07608778835298302,False,29,0.0,True
34,-0.07627358548974136,False,,-0.07627358548974136,False,29,0.0,True
35,-0.07505397894486877,False,,-0.07505397894486877,False,29,0.0,True
36,-0.07825541995850138,False,,-0.07825541995850138,False,29,0.0,True
37,-0.08090483570859812,False,,-0.08090483570859812,False,29,0.0,True
38,-0.0734077721003602,False,,-0.0734077721003602,False,29,0.0,True
39,-0.07783837392740368,False,,-0.07783837392740368,False,29,0.0,True
40,-0.07241313712445774,False,,-0.07241313712445774,False,29,0.0,True
41,-0.08108253410660192,False,,-0.08108253410660192,False,29,0.0,True
42,-0.07845262384440341,False,,-0.07845262384440341,False,29,0.0,True
43,-0.07826946266205911,False,,-0.07826946266205911,False,29,0.0,True
44,-0.07835656006238931,False,,-0.07835656006238931,False,29,0.0,True
45,-0.08654051342112681,False,,-0.08654051342112681,False,29,0.0,True
46,-0.07794886496448684,False,,-0.07794886496448684,False,29,0.0,True
47,-0.09171531174393385,False,,-0.09171531174393385,False,29,0.0,True
48,-0.08587606895828236,False,,-0.08587606895828236,False,29,0.0,True
49,-0.08189279067076738,False,,-0.08189279067076738,False,29,0.0,True
50,-0.07479087154732939,False,,-0.07479087154732939,False,29,0.0,True
51,-0.07561472729091231,False,,-0.07561472729091231,False,29,0.0,True
52,-0.07347091690012708,False,,-0.07347091690012708,False,29,0.0,True
53,-0.07613625527573648,False,,-0.07613625527573648,False,29,0.0,True
54,-0.07675881381318578,False,,-0.07675881381318578,False,29,0.0,True
55,-0.07869170148988099,False,,-0.07869170148988099,False,29,0.0,True
56,-0.07934333156714596,False,,-0.07934333156714596,False,29,0.0,True
57,-0.0905294284708131,False,,-0.0905294284708131,False,29,0.0,True
58,-0.08093473494572695,False,,-0.08093473494572695,False,29,0.0,True
59,-0.08268438303240333,False,,-0.08268438303240333,False,29,0.0,True
60,-0.07321304426175879,False,,-0.07321304426175879,False,29,0.0,True
61,-0.0882256542318468,False,,-0.0882256542318468,False,29,0.0,True
62,-0.0761302817334383,False,,-0.0761302817334383,False,29,0.0,True
63,-0.08334885259169533,False,,-0.08334885259169533,False,29,0.0,True
0,-0.08230136240640165,True,,-0.08230136240640165,True,30,0.0,True
1,-0.0876537635852262,False,,-0.0876537635852262,False,30,0.0,True
2,-0.0879527815670437,False,,-0.0879527815670437,False,30,0.0,True
3,-0.090176060502603,False,,-0.090176060502603,False,30,0.0,True
4,-0.07905154852936791,False,,-0.07905154852936791,False,30,0.0,True
5,-0.08389455515362228,False,,-0.08389455515362228,False,30,0.0,True
6,-0.08470273573419371,False,,-0.08470273573419371,False,30,0.0,True
7,-0.08386098245155402,False,,-0.08386098245155402,False,30,0.0,True
8,-0.07951001787263742,False,,-0.07951001787263742,False,30,0.0,True
9,-0.08075020835938726,False,,-0.08075020835938726,False,30,0.0,True
10,-0.08427302366005018,False,,-0.08427302366005018,False,30,0.0,True
11,-0.08640534775262693,False,,-0.08640534775262693,False,30,0.0,True
12,-0.08236533081239832,False,,-0.08236533081239832,False,30,0.0,True
13,-0.08752003950481252,False,,-0.08752003950481252,False,30,0.0,True
14,-0.08468624377669243,False,,-0.08468624377669243,False,30,0.0,True
15,-0.07676879489764249,False,,-0.07676879489764249,False,30,0.0,True
16,-0.08224224384956494,False,,-0.08224224384956494,False,30,0.0,True
17,-0.07813248700184039,False,,-0.07813248700184039,False,30,0.0,True
18,-0.08013568693728931,False,,-0.08013568693728931,False,30,0.0,True
19,-0.07608757448352663,False,,-0.07608757448352663,False,30,0.0,True
20,-0.07862668458543488,False,,-0.07862668458543488,False,30,0.0,True
21,-0.08015247231572542,False,,-0.08015247231572542,False,30,0.0,True
22,-0.07561538839243004,False,,-0.07561538839243004,False,30,0.0,True
23,-0.08262423296288873,False,,-0.08262423296288873,False,30,0.0,True
24,-0.08012303378446742,False,,-0.08012303378446742,False,30,0.0,True
25,-0.08410980519027081,False,,-0.08410980519027081,False,30,0.0,True
26,-0.08081930393110012,False,,-0.08081930393110012,False,30,0.0,True
27,-0.07946666151649247,False,,-0.07946666151649247,False,30,0.0,True
28,-0.0844399466154799,False,,-0.0844399466154799,False,30,0.0,True
29,-0.07690165281822542,False,,-0.07690165281822542,False,30,0.0,True
30,-0.09687140021202903,False,,-0.09687140021202903,False,30,0.0,True
31,-0.09110238119602565,False,,-0.09110238119602565,False,30,0.0,True
32,-0.07933471716340984,False,,-0.07933471716340984,False,30,0.0,True
33,-0.09237571860289598,False,,-0.09237571860289598,False,30,0.0,True
34,-0.0776576367460391,False,,-0.0776576367460391,False,30,0.0,True
35,-0.08712633436386101,False,,-0.08712633436386101,False,30,0.0,True
36,-0.0795756193973359,False,,-0.0795756193973359,False,30,0.0,True
37,-0.08316213797962843,False,,-0.08316213797962843,False,30,0.0,True
38,-0.08037671372601382,False,,-0.08037671372601382,False,30,0.0,True
39,-0.0813877668578652,False,,-0.0813877668578652,False,30,0.0,True
40,-0.08437608306434297,False,,-0.08437608306434297,False,30,0.0,True
41,-0.11166596374455742,False,,-0.11166596374455742,False,30,0.0,True
42,-0.07540003002730301,False,,-0.07540003002730301,False,30,0.0,True
43,-0.07571466536098134,False,,-0.07571466536098134,False,30,0.0,True
44,-0.07822254409764028,False,,-0.07822254409764028,False,30,0.0,True
45,-0.0814707224565488,False,,-0.0814707224565488,False,30,0.0,True
46,-0.09231279825008196,False,,-0.09231279825008196,False,30,0.0,True
47,-0.08283215589255066,False,,-0.08283215589255066,False,30,0.0,True
48,-0.07806331418811321,False,,-0.07806331418811321,False,30,0.0,True
49,-0.08031087393096345,False,,-0.08031087393096345,False,30,0.0,True
50,-0.07620755402428955,False,,-0.07620755402428955,False,30,0.0,True
51,-0.07693609590594974,False,,-0.07693609590594974,False,30,0.0,True
52,-0.08249793389053042,False,,-0.08249793389053042,False,30,0.0,True
53,-0.07880344932777991,False,,-0.07880344932777991,False,30,0.0,True
54,-0.08081744864130957,False,,-0.08081744864130957,False,30,0.0,True
55,-0.08190917594959243,False,,-0.08190917594959243,False,30,0.0,True
56,-0.07930743684874801,False,,-0.07930743684874801,False,30,0.0,True
57,-0.07580608661806758,False,,-0.07580608661806758,False,30,0.0,True
58,-0.0803867076012198,False,,-0.0803867076012198,False,30,0.0,True
59,-0.07825175693236834,False,,-0.07825175693236834,False,30,0.0,True
60,-0.07683253417934367,False,,-0.07683253417934367,False,30,0.0,True
61,-0.07396915115800057,False,,-0.07396915115800057,False,30,0.0,True
62,-0.07823515547633994,False,,-0.07823515547633994,False,30,0.0,True
63,-0.07977085474185222,False,,-0.07977085474185222,False,30,0.0,True
0,-0.10679055462013158,True,,-0.10679055462013158,True,31,0.0,True
1,-0.10599518780642461,False,,-0.10599518780642461,False,31,0.0,True
2,-0.1051330620880529,False,,-0.1051330620880529,False,31,0.0,True
3,-0.09508801314896265,False,,-0.09508801314896265,False,31,0.0,True
4,-0.10456452185099643,False,,-0.10456452185099643,False,31,0.0,True
5,-0.11342641242509233,False,,-0.11342641242509233,False,31,0.0,True
6,-0.108139966005771,False,,-0.108139966005771,False,31,0.0,True
7,-0.1307098454405156,False,,-0.1307098454405156,False,31,0.0,True
8,-0.11497962889083566,False,,-0.11497962889083566,False,31,0.0,True
9,-0.103416256219188,False,,-0.103416256219188,False,31,0.0,True
10,-0.11032520733910357,False,,-0.11032520733910357,False,31,0.0,True
11,-0.11121812093550425,False,,-0.11121812093550425,False,31,0.0,True
12,-0.11573887927431842,False,,-0.11573887927431842,False,31,0.0,True
13,-0.11219090009303845,False,,-0.11219090009303845,False,31,0.0,True
14,-0.11953704555332305,False,,-0.11953704555332305,False,31,0.0,True
15,-0.095995279289874,False,,-0.095995279289874,False,31,0.0,True
16,-0.10889067702057005,False,,-0.10889067702057005,False,31,0.0,True
17,-0.09723754695874198,False,,-0.09723754695874198,False,31,0.0,True
18,-0.10573192399889385,False,,-0.10573192399889385,False,31,0.0,True
19,-0.10476214858517416,False,,-0.10476214858517416,False,31,0.0,True
20,-0.11574576459078778,False,,-0.11574576459078778,False,31,0.0,True
21,-0.10822885978464789,False,,-0.10822885978464789,False,31,0.0,True
22,-0.10443952057194486,False,,-0.10443952057194486,False,31,0.0,True
23,-0.10078323640651421,False,,-0.10078323640651421,False,31,0.0,True
24,-0.1057250353345512,False,,-0.1057250353345512,False,31,0.0,True
25,-0.11811766238884508,False,,-0.11811766238884508,False,31,0.0,True
26,-0.1064381894447893,False,,-0.1064381894447893,False,31,0.0,True
27,-0.11148509675508492,False,,-0.11148509675508492,False,31,0.0,True
28,-0.10132609214367572,False,,-0.10132609214367572,False,31,0.0,True
29,-0.0987739663820937,False,,-0.0987739663820937,False,31,0.0,True
30,-0.1078114325180041,False,,-0.1078114325180041,False,31,0.0,True
31,-0.11437990081139487,False,,-0.11437990081139487,False,31,0.0,True
32,-0.10386072519515996,False,,-0.10386072519515996,False,31,0.0,True
33,-0.10753123033979523,False,,-0.10753123033979523,False,31,0.0,True
34,-0.11204766570169324,False,,-0.11204766570169324,False,31,0.0,True
35,-0.1051637412720306,False,,-0.1051637412720306,False,31,0.0,True
36,-0.10741692492075419,False,,-0.10741692492075419,False,31,0.0,True
37,-0.10978211353756298,False,,-0.10978211353756298,False,31,0.0,True
38,-0.10815119131278332,False,,-0.10815119131278332,False,31,0.0,True
39,-0.11122524493327642,False,,-0.11122524493327642,False,31,0.0,True
40,-0.10232904644020266,False,,-0.10232904644020266,False,31,0.0,True
41,-0.10662114678964395,False,,-0.10662114678964395,False,31,0.0,True
42,-0.10517886515340544,False,,-0.10517886515340544,False,31,0.0,True
43,-0.11402439348509885,False,,-0.11402439348509885,False,31,0.0,True
44,-0.11345637902102479,False,,-0.11345637902102479,False,31,0.0,True
45,-0.10164096553507045,False,,-0.10164096553507045,False,31,0.0,True
46,-0.10301551405401019,False,,-0.10301551405401019,False,31,0.0,True
47,-0.10677963345633194,False,,-0.10677963345633194,False,31,0.0,True
48,-0.1051606960207021,False,,-0.1051606960207021,False,31,0.0,True
49,-0.11015623077017177,False,,-0.11015623077017177,False,31,0.0,True
50,-0.11975047974420384,False,,-0.11975047974420384,False,31,0.0,True
51,-0.10274143509204559,False,,-0.10274143509204559,False,31,0.0,True
52,-0.11928319120054388,False,,-0.11928319120054388,False,31,0.0,True
53,-0.11070797425475161,False,,-0.11070797425475161,False,31,0.0,True
54,-0.09964288498451342,False,,-0.09964288498451342,False,31,0.0,True
55,-0.11715379892929419,False,,-0.11715379892929419,False,31,0.0,True
56,-0.10377028564678187,False,,-0.10377028564678187,False,31,0.0,True
57,-0.11317728029851437,False,,-0.11317728029851437,False,31,0.0,True
58,-0.12039740679086394,False,,-0.12039740679086394,False,31,0.0,True
59,-0.09697706162022154,False,,-0.09697706162022154,False,31,0.0,True
60,-0.10953364451428627,False,,-0.10953364451428627,False,31,0.0,True
61,-0.11884402240633168,False,,-0.11884402240633168,False,31,0.0,True
62,-0.09832947001918321,False,,-0.09832947001918321,False,31,0.0,True
63,-0.10499753452262767,False,,-0.10499753452262767,False,31,0.0,True
0,-0.13089293322600545,True,,-0.13089293322600545,True,32,0.0,True
1,-0.1296040692452134,False,,-0.1296040692452134,False,32,0.0,True
2,-0.12784749506659754,False,,-0.12784749506659754,False,32,0.0,True
3,-0.12697124694056602,False,,-0.12697124694056602,False,32,0.0,True
4,-0.12969257302980278,False,,-0.12969257302980278,False,32,0.0,True
5,-0.1314282273540786,False,,-0.1314282273540786,False,32,0.0,True
6,-0.13345004328936771,False,,-0.13345004328936771,False,32,0.0,True
7,-0.139662375621604,False,,-0.139662375621604,False,32,0.0,True
8,-0.12343597857259825,False,,-0.12343597857259825,False,32,0.0,True
9,-0.15374532694437631,False,,-0.15374532694437631,False,32,0.0,True
10,-0.12070575318382687,False,,-0.12070575318382687,False,32,0.0,True
11,-0.11697726225789326,False,,-0.11697726225789326,False,32,0.0,True
12,-0.12416145440601084,False,,-0.12416145440601084,False,32,0.0,True
13,-0.1286861871415661,False,,-0.1286861871415661,False,32,0.0,True
14,-0.12176319795935445,False,,-0.12176319795935445,False,32,0.0,True
15,-0.13618976938354532,False,,-0.13618976938354532,False,32,0.0,True
16,-0.12516230171128837,False,,-0.12516230171128837,False,32,0.0,True
17,-0.13404709107087634,False,,-0.13404709107087634,False,32,0.0,True
18,-0.12410930528384115,False,,-0.12410930528384115,False,32,0.0,True
19,-0.14162286151237835,False,,-0.14162286151237835,False,32,0.0,True
20,-0.1383502503790862,False,,-0.1383502503790862,False,32,0.0,True
21,-0.13582669725701166,False,,-0.13582669725701166,False,32,0.0,True
22,-0.13198605539384478,False,,-0.13198605539384478,False,32,0.0,True
23,-0.122441679661991,False,,-0.122441679661991,False,32,0.0,True
24,-0.1260200322022115,False,,-0.1260200322022115,False,32,0.0,True
25,-0.12675269494784022,False,,-0.12675269494784022,False,32,0.0,True
26,-0.13127210655188318,False,,-0.13127210655188318,False,32,0.0,True
27,-0.12784557139495956,False,,-0.12784557139495956,False,32,0.0,True
28,-0.12466962470213405,False,,-0.12466962470213405,False,32,0.0,True
29,-0.13290663518604795,False,,-0.13290663518604795,False,32,0.0,True
30,-0.12995507935809944,False,,-0.12995507935809944,False,32,0.0,True
31,-0.14762390020035981,False,,-0.14762390020035981,False,32,0.0,True
32,-0.12554944368617726,False,,-0.12554944368617726,False,32,0.0,True
33,-0.12682285729719672,False,,-0.12682285729719672,False,32,0.0,True
34,-0.13392982512076046,False,,-0.13392982512076046,False,32,0.0,True
35,-0.133345270485349,False,,-0.133345270485349,False,32,0.0,True
36,-0.12689379522596628,False,,-0.12689379522596628,False,32,0.0,True
37,-0.12408783848241667,False,,-0.12408783848241667,False,32,0.0,True
38,-0.12808148433156957,False,,-0.12808148433156957,False,32,0.0,True
39,-0.12154411491724806,False,,-0.12154411491724806,False,32,0.0,True
40,-0.12657479179831743,False,,-0.12657479179831743,False,32,0.0,True
41,-0.12437341430245122,False,,-0.12437341430245122,False,32,0.0,True
42,-0.13622942428659185,False,,-0.13622942428659185,False,32,0.0,True
43,-0.12315841069188234,False,,-0.12315841069188234,False,32,0.0,True
44,-0.12579566002900583,False,,-0.12579566002900583,False,32,0.0,True
45,-0.12591132052668247,False,,-0.12591132052668247,False,32,0.0,True
46,-0.1341466238700864,False,,-0.1341466238700864,False,32,0.0,True
47,-0.14248592931532472,False,,-0.14248592931532472,False,32,0.0,True
48,-0.1337363822336461,False,,-0.1337363822336461,False,32,0.0,True
49,-0.13017223000953146,False,,-0.13017223000953146,False,32,0.0,True
50,-0.12099951912656398,False,,-0.12099951912656398,False,32,0.0,True
51,-0.12982043136671056,False,,-0.12982043136671056,False,32,0.0,True
52,-0.12729151252939774,False,,-0.12729151252939774,False,32,0.0,True
53,-0.1316711380977869,False,,-0.1316711380977869,False,32,0.0,True
54,-0.13434049989907537,False,,-0.13434049989907537,False,32,0.0,True
55,-0.13665411677451833,False,,-0.13665411677451833,False,32,0.0,True
56,-0.12637162903565174,False,,-0.12637162903565174,False,32,0.0,True
57,-0.12470497199353178,False,,-0.12470497199353178,False,32,0.0,True
58,-0.12793390134605864,False,,-0.12793390134605864,False,32,0.0,True
59,-0.11989350893269997,False,,-0.11989350893269997,False,32,0.0,True
60,-0.12544164068317737,False,,-0.12544164068317737,False,32,0.0,True
61,-0.126941928869846,False,,-0.126941928869846,False,32,0.0,True
62,-0.12387722366240571,False,,-0.12387722366240571,False,32,0.0,True
63,-0.1384647344068124,False,,-0.1384647344068124,False,32,0.0,True
0,0.21454340864116733,True,,0.21454340864116733,True,33,0.0,True
1,0.21234940443489797,False,,0.21234940443489797,False,33,0.0,True
2,0.4125454731646666,False,,0.4125454731646666,False,33,0.0,True
3,0.41272393824134496,False,,0.41272393824134496,False,33,0.0,True
4,0.41329054433163714,False,,0.41329054433163714,False,33,0.0,True
5,0.4123981576413798,False,,0.4123981576413798,False,33,0.0,True
6,0.41012854252488085,False,,0.41012854252488085,False,33,0.0,True
7,0.41058725530174733,False,,0.41058725530174733,False,33,0.0,True
8,0.38885061145411587,False,,0.38885061145411587,False,33,0.0,True
9,0.389851729703516,False,,0.389851729703516,False,33,0.0,True
10,0.4121791992248407,False,,0.4121791992248407,False,33,0.0,True
11,0.40983569396991715,False,,0.40983569396991715,False,33,0.0,True
12,0.36081617033932956,False,,0.36081617033932956,False,33,0.0,True
13,0.40776751008942913,False,,0.40776751008942913,False,33,0.0,True
14,0.3959740765946691,False,,0.3959740765946691,False,33,0.0,True
15,0.41026459616533345,False,,0.41026459616533345,False,33,0.0,True
16,0.3669241292937792,False,,0.3669241292937792,False,33,0.0,True
17,0.40923605172388006,False,,0.40923605172388006,False,33,0.0,True
18,0.32476382593582936,False,,0.32476382593582936,False,33,0.0,True
19,0.4067254121050907,False,,0.4067254121050907,False,33,0.0,True
20,0.412109034159208,False,,0.412109034159208,False,33,0.0,True
21,0.36676212732432295,False,,0.36676212732432295,False,33,0.0,True
22,0.3614055139751203,False,,0.3614055139751203,False,33,0.0,True
23,0.41435458746779374,False,,0.41435458746779374,False,33,0.0,True
24,0.41287730577996906,False,,0.41287730577996906,False,33,0.0,True
25,0.4088154090650432,False,,0.4088154090650432,False,33,0.0,True
26,0.4096415347822292,False,,0.4096415347822292,False,33,0.0,True
27,0.4051237591477843,False,,0.4051237591477843,False,33,0.0,True
28,0.41315864290631554,False,,0.41315864290631554,False,33,0.0,True
29,0.4130167800296926,False,,0.4130167800296926,False,33,0.0,True
30,0.4099291564971748,False,,0.4099291564971748,False,33,0.0,True
31,0.41066347843572354,False,,0.41066347843572354,False,33,0.0,True
32,0.35576093345169085,False,,0.35576093345169085,False,33,0.0,True
33,0.3222614352064061,False,,0.3222614352064061,False,33,0.0,True
34,0.3783036577977517,False,,0.3783036577977517,False,33,0.0,True
35,0.411753931714134,False,,0.411753931714134,False,33,0.0,True
36,0.34564680368472755,False,,0.34564680368472755,False,33,0.0,True
37,0.40824831812156875,False,,0.40824831812156875,False,33,0.0,True
38,0.40863762144209,False,,0.40863762144209,False,33,0.0,True
39,0.4096883918574856,False,,0.4096883918574856,False,33,0.0,True
40,0.40568984739758374,False,,0.40568984739758374,False,33,0.0,True
41,0.4096967215497821,False,,0.4096967215497821,False,33,0.0,True
42,0.411473220765137,False,,0.411473220765137,False,33,0.0,True
43,0.41275909100561864,False,,0.41275909100561864,False,33,0.0,True
44,0.40928122463657557,False,,0.40928122463657557,False,33,0.0,True
45,0.4122917224763213,False,,0.4122917224763213,False,33,0.0,True
46,0.38957083536750603,False,,0.38957083536750603,False,33,0.0,True
47,0.41249973720590893,False,,0.41249973720590893,False,33,0.0,True
48,0.34540801064146553,False,,0.34540801064146553,False,33,0.0,True
49,0.40862886853472946,False,,0.40862886853472946,False,33,0.0,True
50,0.29312176506957266,False,,0.29312176506957266,False,33,0.0,True
51,0.39280682794626487,False,,0.39280682794626487,False,33,0.0,True
52,0.40942447915113245,False,,0.40942447915113245,False,33,0.0,True
53,0.4128451705578321,False,,0.4128451705578321,False,33,0.0,True
54,0.4067534144532482,False,,0.4067534144532482,False,33,0.0,True
55,0.4141889454112749,False,,0.4141889454112749,False,33,0.0,True
56,0.317401116507684,False,,0.317401116507684,False,33,0.0,True
57,0.3789621475489072,False,,0.3789621475489072,False,33,0.0,True
58,0.4105937769676935,False,,0.4105937769676935,False,33,0.0,True
59,0.3786731951601395,False,,0.3786731951601395,False,33,0.0,True
60,0.3190995183248347,False,,0.3190995183248347,False,33,0.0,True
61,0.41372770459560787,False,,0.41372770459560787,False,33,0.0,True
62,0.3344410827079561,False,,0.3344410827079561,False,33,0.0,True
63,0.4062382283533036,False,,0.4062382283533036,False,33,0.0,True
0,0.2819042706621558,True,,0.2819042706621558,True,34,0.0,True
1,0.1966822241749608,False,,0.1966822241749608,False,34,0.0,True
2,0.3902490998072113,False,,0.3902490998072113,False,34,0.0,True
3,0.3925340770113673,False,,0.3925340770113673,False,34,0.0,True
4,0.3927746904792387,False,,0.3927746904792387,False,34,0.0,True
5,0.39385467148446734,False,,0.39385467148446734,False,34,0.0,True
6,0.39422872886696614,False,,0.39422872886696614,False,34,0.0,True
7,0.3926067782291026,False,,0.3926067782291026,False,34,0.0,True
8,0.39521262239510513,False,,0.39521262239510513,False,34,0.0,True
9,0.38587093753082485,False,,0.38587093753082485,False,34,0.0,True
10,0.3932981785464625,False,,0.3932981785464625,False,34,0.0,True
11,0.3930964164593973,False,,0.3930964164593973,False,34,0.0,True
12,0.39570468966329203,False,,0.39570468966329203,False,34,0.0,True
13,0.39373893839763924,False,,0.39373893839763924,False,34,0.0,True
14,0.3933090489291932,False,,0.3933090489291932,False,34,0.0,True
15,0.39256517275288616,False,,0.39256517275288616,False,34,0.0,True
16,0.39326199224880687,False,,0.39326199224880687,False,34,0.0,True
17,0.3934755322100257,False,,0.3934755322100257,False,34,0.0,True
18,0.39448207941588864,False,,0.39448207941588864,False,34,0.0,True
19,0.39479225364601117,False,,0.39479225364601117,False,34,0.0,True
20,0.39541312255544936,False,,0.39541312255544936,False,34,0.0,True
21,0.39650162334620387,False,,0.39650162334620387,False,34,0.0,True
22,0.3940876442910325,False,,0.3940876442910325,False,34,0.0,True
23,0.39453647746442666,False,,0.39453647746442666,False,34,0.0,True
24,0.39572120247536413,False,,0.39572120247536413,False,34,0.0,True
25,0.39289814893972386,False,,0.39289814893972386,False,34,0.0,True
26,0.3950218291221654,False,,0.3950218291221654,False,34,0.0,True
27,0.395382407089105,False,,0.395382407089105,False,34,0.0,True
28,0.39439864600118757,False,,0.39439864600118757,False,34,0.0,True
29,0.3914796998441593,False,,0.3914796998441593,False,34,0.0,True
30,0.3928693958140305,False,,0.3928693958140305,False,34,0.0,True
31,0.39503813764559353,False,,0.39503813764559353,False,34,0.0,True
32,0.3942861983412378,False,,0.3942861983412378,False,34,0.0,True
33,0.3945715789037803,False,,0.3945715789037803,False,34,0.0,True
34,0.39496063833806017,False,,0.39496063833806017,False,34,0.0,True
35,0.3939129651397402,False,,0.3939129651397402,False,34,0.0,True
36,0.3939972941105074,False,,0.3939972941105074,False,34,0.0,True
37,0.3909417055118326,False,,0.3909417055118326,False,34,0.0,True
38,0.3922644927806837,False,,0.3922644927806837,False,34,0.0,True
39,0.369389775276771,False,,0.369389775276771,False,34,0.0,True
40,0.3946394338510556,False,,0.3946394338510556,False,34,0.0,True
41,0.3922051163767374,False,,0.3922051163767374,False,34,0.0,True
42,0.3896438186328307,False,,0.3896438186328307,False,34,0.0,True
43,0.3938825953797832,False,,0.3938825953797832,False,34,0.0,True
44,0.39505120858617415,False,,0.39505120858617415,False,34,0.0,True
45,0.39300133759601596,False,,0.39300133759601596,False,34,0.0,True
46,0.3788752537585399,False,,0.3788752537585399,False,34,0.0,True
47,0.3934483835033512,False,,0.3934483835033512,False,34,0.0,True
48,0.3954600935552766,False,,0.3954600935552766,False,34,0.0,True
49,0.3943576041286197,False,,0.3943576041286197,False,34,0.0,True
50,0.3944336663031135,False,,0.3944336663031135,False,34,0.0,True
51,0.3939053535704001,False,,0.3939053535704001,False,34,0.0,True
52,0.3933746943819186,False,,0.3933746943819186,False,34,0.0,True
53,0.39461483602547737,False,,0.39461483602547737,False,34,0.0,True
54,0.3450119830668294,False,,0.3450119830668294,False,34,0.0,True
55,0.39198830622382325,False,,0.39198830622382325,False,34,0.0,True
56,0.3929264240058133,False,,0.3929264240058133,False,34,0.0,True
57,0.3926692101580441,False,,0.3926692101580441,False,34,0.0,True
58,0.3957919791118938,False,,0.3957919791118938,False,34,0.0,True
59,0.3939721622223332,False,,0.3939721622223332,False,34,0.0,True
60,0.3949667709960969,False,,0.3949667709960969,False,34,0.0,True
61,0.39245017780742253,False,,0.39245017780742253,False,34,0.0,True
62,0.3743608848574028,False,,0.3743608848574028,False,34,0.0,True
63,0.3941879765730497,False,,0.3941879765730497,False,34,0.0,True
0,0.13923952341402884,True,,0.13923952341402884,True,35,0.0,True
1,0.3354990851810415,False,,0.3354990851810415,False,35,0.0,True
2,0.2510692900653223,False,,0.2510692900653223,False,35,0.0,True
3,0.32138130811011056,False,,0.32138130811011056,False,35,0.0,True
4,0.2993924374935613,False,,0.2993924374935613,False,35,0.0,True
5,0.32480595553855857,False,,0.32480595553855857,False,35,0.0,True
6,0.28354198833473654,False,,0.28354198833473654,False,35,0.0,True
7,0.35397911974144125,False,,0.35397911974144125,False,35,0.0,True
8,0.2765390016709882,False,,0.2765390016709882,False,35,0.0,True
9,0.3555377890307656,False,,0.3555377890307656,False,35,0.0,True
10,0.2916501737452761,False,,0.2916501737452761,False,35,0.0,True
11,0.30536038699233325,False,,0.30536038699233325,False,35,0.0,True
12,0.3495299748693519,False,,0.3495299748693519,False,35,0.0,True
13,0.3617486106003243,False,,0.3617486106003243,False,35,0.0,True
14,0.32260646885360655,False,,0.32260646885360655,False,35,0.0,True
15,0.353954578544324,False,,0.353954578544324,False,35,0.0,True
16,0.3612682651937691,False,,0.3612682651937691,False,35,0.0,True
17,0.21540256354702236,False,,0.21540256354702236,False,35,0.0,True
18,0.36072108707326356,False,,0.36072108707326356,False,35,0.0,True
19,0.35823178213891704,False,,0.35823178213891704,False,35,0.0,True
20,0.2682517177533776,False,,0.2682517177533776,False,35,0.0,True
21,0.35934703305201354,False,,0.35934703305201354,False,35,0.0,True
22,0.3573084364698617,False,,0.3573084364698617,False,35,0.0,True
23,0.35939900180906587,False,,0.35939900180906587,False,35,0.0,True
24,0.2520378050683273,False,,0.2520378050683273,False,35,0.0,True
25,0.3304096163749322,False,,0.3304096163749322,False,35,0.0,True
26,0.363008577766928,False,,0.363008577766928,False,35,0.0,True
27,0.3572537390380113,False,,0.3572537390380113,False,35,0.0,True
28,0.3445437774527085,False,,0.3445437774527085,False,35,0.0,True
29,0.36091069977281426,False,,0.36091069977281426,False,35,0.0,True
30,0.3547576393402908,False,,0.3547576393402908,False,35,0.0,True
31,0.3595111437926279,False,,0.3595111437926279,False,35,0.0,True
32,0.23924230040627656,False,,0.23924230040627656,False,35,0.0,True
33,0.35410305481157534,False,,0.35410305481157534,False,35,0.0,True
34,0.35961817963841625,False,,0.35961817963841625,False,35,0.0,True
35,0.3570988188978945,False,,0.3570988188978945,False,35,0.0,True
36,0.34928871046232074,False,,0.34928871046232074,False,35,0.0,True
37,0.33555349307543264,False,,0.33555349307543264,False,35,0.0,True
38,0.2542625432365985,False,,0.2542625432365985,False,35,0.0,True
39,0.3626093739524016,False,,0.3626093739524016,False,35,0.0,True
40,0.22836288769257873,False,,0.22836288769257873,False,35,0.0,True
41,0.35529084195767213,False,,0.35529084195767213,False,35,0.0,True
42,0.28821477692371467,False,,0.28821477692371467,False,35,0.0,True
43,0.2752294290353795,False,,0.2752294290353795,False,35,0.0,True
44,0.3598331331905458,False,,0.3598331331905458,False,35,0.0,True
45,0.35432888516741096,False,,0.35432888516741096,False,35,0.0,True
46,0.36290002383277276,False,,0.36290002383277276,False,35,0.0,True
47,0.3578251904240106,False,,0.3578251904240106,False,35,0.0,True
48,0.3585299475939296,False,,0.3585299475939296,False,35,0.0,True
49,0.23150621768056434,False,,0.23150621768056434,False,35,0.0,True
50,0.30468186349443105,False,,0.30468186349443105,False,35,0.0,True
51,0.3571259156012521,False,,0.3571259156012521,False,35,0.0,True
52,0.358485149984106,False,,0.358485149984106,False,35,0.0,True
53,0.23927317563408218,False,,0.23927317563408218,False,35,0.0,True
54,0.36099179728116343,False,,0.36099179728116343,False,35,0.0,True
55,0.36013025780674324,False,,0.36013025780674324,False,35,0.0,True
56,0.36072927999797944,False,,0.36072927999797944,False,35,0.0,True
57,0.23144430293768076,False,,0.23144430293768076,False,35,0.0,True
58,0.3442588277122567,False,,0.3442588277122567,False,35,0.0,True
59,0.25156331268833515,False,,0.25156331268833515,False,35,0.0,True
60,0.35620024840036446,False,,0.35620024840036446,False,35,0.0,True
61,0.36504976437815206,False,,0.36504976437815206,False,35,0.0,True
62,0.3546282786343703,False,,0.3546282786343703,False,35,0.0,True
63,0.34822384293589126,False,,0.34822384293589126,False,35,0.0,True
0,0.3428691265646305,True,,0.3428691265646305,True,36,0.0,True
1,0.13885468336755175,False,,0.13885468336755175,False,36,0.0,True
2,0.3443424261552348,False,,0.3443424261552348,False,36,0.0,True
3,0.3480766582343752,False,,0.3480766582343752,False,36,0.0,True
4,0.34531875341910556,False,,0.34531875341910556,False,36,0.0,True
5,0.34772067215614755,False,,0.34772067215614755,False,36,0.0,True
6,0.3460591297111099,False,,0.3460591297111099,False,36,0.0,True
7,0.3465765211502683,False,,0.3465765211502683,False,36,0.0,True
8,0.3493436793374366,False,,0.3493436793374366,False,36,0.0,True
9,0.3473680823921768,False,,0.3473680823921768,False,36,0.0,True
10,0.34905994772727766,False,,0.34905994772727766,False,36,0.0,True
11,0.34579758067799315,False,,0.34579758067799315,False,36,0.0,True
12,0.34728022241587553,False,,0.34728022241587553,False,36,0.0,True
13,0.3479689173581472,False,,0.3479689173581472,False,36,0.0,True
14,0.3478841164404973,False,,0.3478841164404973,False,36,0.0,True
15,0.34653388808113245,False,,0.34653388808113245,False,36,0.0,True
16,0.34837129170301473,False,,0.34837129170301473,False,36,0.0,True
17,0.3445124127747425,False,,0.3445124127747425,False,36,0.0,True
18,0.34694496954615844,False,,0.34694496954615844,False,36,0.0,True
19,0.34609316274424795,False,,0.34609316274424795,False,36,0.0,True
20,0.34715451955357124,False,,0.34715451955357124,False,36,0.0,True
21,0.34653348608802415,False,,0.34653348608802415,False,36,0.0,True
22,0.34638955559066564,False,,0.34638955559066564,False,36,0.0,True
23,0.3460818091758986,False,,0.3460818091758986,False,36,0.0,True
24,0.3469663371945963,False,,0.3469663371945963,False,36,0.0,True
25,0.3453599291765036,False,,0.3453599291765036,False,36,0.0,True
26,0.3478084514230567,False,,0.3478084514230567,False,36,0.0,True
27,0.34929400072357053,False,,0.34929400072357053,False,36,0.0,True
28,0.34964158888573904,False,,0.34964158888573904,False,36,0.0,True
29,0.34726129530048744,False,,0.34726129530048744,False,36,0.0,True
30,0.3480222931686626,False,,0.3480222931686626,False,36,0.0,True
31,0.34772452908538815,False,,0.34772452908538815,False,36,0.0,True
32,0.3464092401611299,False,,0.3464092401611299,False,36,0.0,True
33,0.3479858016813284,False,,0.3479858016813284,False,36,0.0,True
34,0.3477726835195942,False,,0.3477726835195942,False,36,0.0,True
35,0.3455790940730653,False,,0.3455790940730653,False,36,0.0,True
36,0.30714749506075556,False,,0.30714749506075556,False,36,0.0,True
37,0.346640042165257,False,,0.346640042165257,False,36,0.0,True
38,0.34733478518512273,False,,0.34733478518512273,False,36,0.0,True
39,0.3464562870408008,False,,0.3464562870408008,False,36,0.0,True
40,0.3471463755474681,False,,0.3471463755474681,False,36,0.0,True
41,0.34552010726401516,False,,0.34552010726401516,False,36,0.0,True
42,0.34813501354088305,False,,0.34813501354088305,False,36,0.0,True
43,0.3481296381667198,False,,0.3481296381667198,False,36,0.0,True
44,0.3470413638067014,False,,0.3470413638067014,False,36,0.0,True
45,0.34740676370171825,False,,0.34740676370171825,False,36,0.0,True
46,0.34458894669665086,False,,0.34458894669665086,False,36,0.0,True
47,0.3458045672727463,False,,0.3458045672727463,False,36,0.0,True
48,0.3479217566549471,False,,0.3479217566549471,False,36,0.0,True
49,0.34685906521159865,False,,0.34685906521159865,False,36,0.0,True
50,0.3428986835715292,False,,0.3428986835715292,False,36,0.0,True
51,0.34672547751344973,False,,0.34672547751344973,False,36,0.0,True
52,0.3470174059394586,False,,0.3470174059394586,False,36,0.0,True
53,0.34802339024816603,False,,0.34802339024816603,False,36,0.0,True
54,0.3473297034322648,False,,0.3473297034322648,False,36,0.0,True
55,0.3481457317922944,False,,0.3481457317922944,False,36,0.0,True
56,0.34649536346252396,False,,0.34649536346252396,False,36,0.0,True
57,0.34734706899856294,False,,0.34734706899856294,False,36,0.0,True
58,0.3374607335923725,False,,0.3374607335923725,False,36,0.0,True
59,0.3469095241562081,False,,0.3469095241562081,False,36,0.0,True
60,0.3473637471013754,False,,0.3473637471013754,False,36,0.0,True
61,0.34810039206443344,False,,0.34810039206443344,False,36,0.0,True
62,0.3487624530476004,False,,0.3487624530476004,False,36,0.0,True
63,0.347749627037505,False,,0.347749627037505,False,36,0.0,True
0,0.3075953465071887,True,,0.3075953465071887,True,37,0.0,True
1,0.30912828173430895,False,,0.30912828173430895,False,37,0.0,True
2,0.3109837939119673,False,,0.3109837939119673,False,37,0.0,True
3,0.31170996324183464,False,,0.31170996324183464,False,37,0.0,True
4,0.3102378411611248,False,,0.3102378411611248,False,37,0.0,True
5,0.3123427811374828,False,,0.3123427811374828,False,37,0.0,True
6,0.31388410807658396,False,,0.31388410807658396,False,37,0.0,True
7,0.3115275299102658,False,,0.3115275299102658,False,37,0.0,True
8,0.31027085602694016,False,,0.31027085602694016,False,37,0.0,True
9,0.31198079460844597,False,,0.31198079460844597,False,37,0.0,True
10,0.3098120464504826,False,,0.3098120464504826,False,37,0.0,True
11,0.3101944410078264,False,,0.3101944410078264,False,37,0.0,True
12,0.3102064581429727,False,,0.3102064581429727,False,37,0.0,True
13,0.30939544117241574,False,,0.30939544117241574,False,37,0.0,True
14,0.31115085886409666,False,,0.31115085886409666,False,37,0.0,True
15,0.31246309396554794,False,,0.31246309396554794,False,37,0.0,True
16,0.30864407883836414,False,,0.30864407883836414,False,37,0.0,True
17,0.311699482291885,False,,0.311699482291885,False,37,0.0,True
18,0.31055349952723177,False,,0.31055349952723177,False,37,0.0,True
19,0.3120748137674826,False,,0.3120748137674826,False,37,0.0,True
20,0.3113280596434979,False,,0.3113280596434979,False,37,0.0,True
21,0.3151562370043655,False,,0.3151562370043655,False,37,0.0,True
22,0.3102067745886068,False,,0.3102067745886068,False,37,0.0,True
23,0.30921874630276425,False,,0.30921874630276425,False,37,0.0,True
24,0.3125714230005273,False,,0.3125714230005273,False,37,0.0,True
25,0.3111518193125619,False,,0.3111518193125619,False,37,0.0,True
26,0.31100628008864795,False,,0.31100628008864795,False,37,0.0,True
27,0.31251488753693246,False,,0.31251488753693246,False,37,0.0,True
28,0.313205185580832,False,,0.313205185580832,False,37,0.0,True
29,0.3107972926907958,False,,0.3107972926907958,False,37,0.0,True
30,0.31131515090903367,False,,0.31131515090903367,False,37,0.0,True
31,0.3116368850995963,False,,0.3116368850995963,False,37,0.0,True
32,0.310469677850173,False,,0.310469677850173,False,37,0.0,True
33,0.3116382144368175,False,,0.3116382144368175,False,37,0.0,True
34,0.31209622540766285,False,,0.31209622540766285,False,37,0.0,True
35,0.3127599344920329,False,,0.3127599344920329,False,37,0.0,True
36,0.3109177845570904,False,,0.3109177845570904,False,37,0.0,True
37,0.30945038343475706,False,,0.30945038343475706,False,37,0.0,True
38,0.3095057840037051,False,,0.3095057840037051,False,37,0.0,True
39,0.3117417265208256,False,,0.3117417265208256,False,37,0.0,True
40,0.3115002414767907,False,,0.3115002414767907,False,37,0.0,True
41,0.3115983856997765,False,,0.3115983856997765,False,37,0.0,True
42,0.3120444262298488,False,,0.3120444262298488,False,37,0.0,True
43,0.31275053038985207,False,,0.31275053038985207,False,37,0.0,True
44,0.31183512884096987,False,,0.31183512884096987,False,37,0.0,True
45,0.31199758772705444,False,,0.31199758772705444,False,37,0.0,True
46,0.3110140694312203,False,,0.3110140694312203,False,37,0.0,True
47,0.3111032641858149,False,,0.3111032641858149,False,37,0.0,True
48,0.3099945321929497,False,,0.3099945321929497,False,37,0.0,True
49,0.3097006475690203,False,,0.3097006475690203,False,37,0.0,True
50,0.311821400863045,False,,0.311821400863045,False,37,0.0,True
51,0.3106558685439114,False,,0.3106558685439114,False,37,0.0,True
52,0.311498658688039,False,,0.311498658688039,False,37,0.0,True
53,0.31149782511630886,False,,0.31149782511630886,False,37,0.0,True
54,0.3095745779927468,False,,0.3095745779927468,False,37,0.0,True
55,0.31173405690217426,False,,0.31173405690217426,False,37,0.0,True
56,0.3095909919105501,False,,0.3095909919105501,False,37,0.0,True
57,0.3109762714983265,False,,0.3109762714983265,False,37,0.0,True
58,0.3121069792887105,False,,0.3121069792887105,False,37,0.0,True
59,0.3114433099492797,False,,0.3114433099492797,False,37,0.0,True
60,0.31316157683258783,False,,0.31316157683258783,False,37,0.0,True
61,0.3127552026215317,False,,0.3127552026215317,False,37,0.0,True
62,0.3108697824315875,False,,0.3108697824315875,False,37,0.0,True
63,0.31220538395283,False,,0.31220538395283,False,37,0.0,True
0,0.05887152013179919,True,,0.05887152013179919,True,38,0.0,True
1,0.29113047170552997,False,,0.29113047170552997,False,38,0.0,True
2,0.2952607380611142,False,,0.2952607380611142,False,38,0.0,True
3,0.29073593201740994,False,,0.29073593201740994,False,38,0.0,True
4,0.2981912545533222,False,,0.2981912545533222,False,38,0.0,True
5,0.29471117805808517,False,,0.29471117805808517,False,38,0.0,True
6,0.29718227278257814,False,,0.29718227278257814,False,38,0.0,True
7,0.168796927975374,False,,0.168796927975374,False,38,0.0,True
8,0.2984418278848212,False,,0.2984418278848212,False,38,0.0,True
9,0.22643576617272465,False,,0.22643576617272465,False,38,0.0,True
10,0.29239056368296473,False,,0.29239056368296473,False,38,0.0,True
11,0.2960888327457325,False,,0.2960888327457325,False,38,0.0,True
12,0.2918937603273252,False,,0.2918937603273252,False,38,0.0,True
13,0.29265097686140373,False,,0.29265097686140373,False,38,0.0,True
14,0.250098527138187,False,,0.250098527138187,False,38,0.0,True
15,0.23855592687479,False,,0.23855592687479,False,38,0.0,True
16,0.2905745897053488,False,,0.2905745897053488,False,38,0.0,True
17,0.29291018621483705,False,,0.29291018621483705,False,38,0.0,True
18,0.2864458076461367,False,,0.2864458076461367,False,38,0.0,True
19,0.29695354496634896,False,,0.29695354496634896,False,38,0.0,True
20,0.2947692904310168,False,,0.2947692904310168,False,38,0.0,True
21,0.2893115578728051,False,,0.2893115578728051,False,38,0.0,True
22,0.29795216684423587,False,,0.29795216684423587,False,38,0.0,True
23,0.29040947613810036,False,,0.29040947613810036,False,38,0.0,True
24,0.26328317537043,False,,0.26328317537043,False,38,0.0,True
25,0.29852450734262176,False,,0.29852450734262176,False,38,0.0,True
26,0.2909508644092352,False,,0.2909508644092352,False,38,0.0,True
27,0.29547187124107543,False,,0.29547187124107543,False,38,0.0,True
28,0.29343950353649506,False,,0.29343950353649506,False,38,0.0,True
29,0.2925573927124061,False,,0.2925573927124061,False,38,0.0,True
30,0.2943767833612013,False,,0.2943767833612013,False,38,0.0,True
31,0.297740023178585,False,,0.297740023178585,False,38,0.0,True
32,0.29156699030759575,False,,0.29156699030759575,False,38,0.0,True
33,0.23848436721255023,False,,0.23848436721255023,False,38,0.0,True
34,0.1559854620099927,False,,0.1559854620099927,False,38,0.0,True
35,0.2913461359545795,False,,0.2913461359545795,False,38,0.0,True
36,0.17861090729001444,False,,0.17861090729001444,False,38,0.0,True
37,0.29503000334512264,False,,0.29503000334512264,False,38,0.0,True
38,0.29180642981145016,False,,0.29180642981145016,False,38,0.0,True
39,0.26189738474842783,False,,0.26189738474842783,False,38,0.0,True
40,0.29357058293282645,False,,0.29357058293282645,False,38,0.0,True
41,0.2946841114332985,False,,0.2946841114332985,False,38,0.0,True
42,0.2964637163960393,False,,0.2964637163960393,False,38,0.0,True
43,0.2877580169437332,False,,0.2877580169437332,False,38,0.0,True
44,0.29358036553106187,False,,0.29358036553106187,False,38,0.0,True
45,0.23635733079376964,False,,0.23635733079376964,False,38,0.0,True
46,0.29856271998287315,False,,0.29856271998287315,False,38,0.0,True
47,0.29089897428782424,False,,0.29089897428782424,False,38,0.0,True
48,0.2975594519115375,False,,0.2975594519115375,False,38,0.0,True
49,0.2941917169141155,False,,0.2941917169141155,False,38,0.0,True
50,0.26593283555385533,False,,0.26593283555385533,False,38,0.0,True
51,0.2879508320024843,False,,0.2879508320024843,False,38,0.0,True
52,0.2921398732430131,False,,0.2921398732430131,False,38,0.0,True
53,0.2946922334160491,False,,0.2946922334160491,False,38,0.0,True
54,0.29736777645103096,False,,0.29736777645103096,False,38,0.0,True
55,0.2985797759578916,False,,0.2985797759578916,False,38,0.0,True
56,0.1785842504099182,False,,0.1785842504099182,False,38,0.0,True
57,0.29381604623838853,False,,0.29381604623838853,False,38,0.0,True
58,0.2936643162948702,False,,0.2936643162948702,False,38,0.0,True
59,0.29363467397287485,False,,0.29363467397287485,False,38,0.0,True
60,0.26514253216038774,False,,0.26514253216038774,False,38,0.0,True
61,0.295727889491077,False,,0.295727889491077,False,38,0.0,True
62,0.2945308952265193,False,,0.2945308952265193,False,38,0.0,True
63,0.2932839713768619,False,,0.2932839713768619,False,38,0.0,True
0,0.30456873184770095,True,,0.30456873184770095,True,39,0.0,True
1,0.0899977708427196,False,,0.0899977708427196,False,39,0.0,True
2,0.30659776020780394,False,,0.30659776020780394,False,39,0.0,True
3,0.306350140534363,False,,0.306350140534363,False,39,0.0,True
4,0.3063938205113248,False,,0.3063938205113248,False,39,0.0,True
5,0.30604083661370024,False,,0.30604083661370024,False,39,0.0,True
6,0.30634699565699075,False,,0.30634699565699075,False,39,0.0,True
7,0.3075317611611812,False,,0.3075317611611812,False,39,0.0,True
8,0.3074804623755431,False,,0.3074804623755431,False,39,0.0,True
9,0.3062573670635217,False,,0.3062573670635217,False,39,0.0,True
10,0.3072619387228273,False,,0.3072619387228273,False,39,0.0,True
11,0.306586289530033,False,,0.306586289530033,False,39,0.0,True
12,0.30841283005062436,False,,0.30841283005062436,False,39,0.0,True
13,0.308428691711833,False,,0.308428691711833,False,39,0.0,True
14,0.30619380178550326,False,,0.30619380178550326,False,39,0.0,True
15,0.3082732000738883,False,,0.3082732000738883,False,39,0.0,True
16,0.3071290531973661,False,,0.3071290531973661,False,39,0.0,True
17,0.3044410168613806,False,,0.3044410168613806,False,39,0.0,True
18,0.3056277405762289,False,,0.3056277405762289,False,39,0.0,True
19,0.30729646137952416,False,,0.30729646137952416,False,39,0.0,True
20,0.30555179948603134,False,,0.30555179948603134,False,39,0.0,True
21,0.30721313772164494,False,,0.30721313772164494,False,39,0.0,True
22,0.3056490692969973,False,,0.3056490692969973,False,39,0.0,True
23,0.3074563826221114,False,,0.3074563826221114,False,39,0.0,True
24,0.30755323954127517,False,,0.30755323954127517,False,39,0.0,True
25,0.30665428485615004,False,,0.30665428485615004,False,39,0.0,True
26,0.3079064580058596,False,,0.3079064580058596,False,39,0.0,True
27,0.3059048902346765,False,,0.3059048902346765,False,39,0.0,True
28,0.3061487304443967,False,,0.3061487304443967,False,39,0.0,True
29,0.3075138237767868,False,,0.3075138237767868,False,39,0.0,True
30,0.3052992203243003,False,,0.3052992203243003,False,39,0.0,True
31,0.30714007125641263,False,,0.30714007125641263,False,39,0.0,True
32,0.30724368070774305,False,,0.30724368070774305,False,39,0.0,True
33,0.3067694479568992,False,,0.3067694479568992,False,39,0.0,True
34,0.3067313621120471,False,,0.3067313621120471,False,39,0.0,True
35,0.3083961331087895,False,,0.3083961331087895,False,39,0.0,True
36,0.3067838140823512,False,,0.3067838140823512,False,39,0.0,True
37,0.3062011287759075,False,,0.3062011287759075,False,39,0.0,True
38,0.3044966970009851,False,,0.3044966970009851,False,39,0.0,True
39,0.3071604276449603,False,,0.3071604276449603,False,39,0.0,True
40,0.30741324315274354,False,,0.30741324315274354,False,39,0.0,True
41,0.30552131061719523,False,,0.30552131061719523,False,39,0.0,True
42,0.3046112603340122,False,,0.3046112603340122,False,39,0.0,True
43,0.30743997473034906,False,,0.30743997473034906,False,39,0.0,True
44,0.3063358920813903,False,,0.3063358920813903,False,39,0.0,True
45,0.3070340532511835,False,,0.3070340532511835,False,39,0.0,True
46,0.307105934162913,False,,0.307105934162913,False,39,0.0,True
47,0.3064450180469381,False,,0.3064450180469381,False,39,0.0,True
48,0.3060256549491356,False,,0.3060256549491356,False,39,0.0,True
49,0.3067054048363707,False,,0.3067054048363707,False,39,0.0,True
50,0.30686859651623444,False,,0.30686859651623444,False,39,0.0,True
51,0.30781066903445503,False,,0.30781066903445503,False,39,0.0,True
52,0.30716474346108336,False,,0.30716474346108336,False,39,0.0,True
53,0.30613516040791205,False,,0.30613516040791205,False,39,0.0,True
54,0.3071985956967762,False,,0.3071985956967762,False,39,0.0,True
55,0.30612711089426636,False,,0.30612711089426636,False,39,0.0,True
56,0.3063666961059937,False,,0.3063666961059937,False,39,0.0,True
57,0.3064050460996534,False,,0.3064050460996534,False,39,0.0,True
58,0.30639772482415717,False,,0.30639772482415717,False,39,0.0,True
59,0.3079666366315133,False,,0.3079666366315133,False,39,0.0,True
60,0.3087683760015621,False,,0.3087683760015621,False,39,0.0,True
61,0.3044673242393995,False,,0.3044673242393995,False,39,0.0,True
62,0.3061168022327559,False,,0.3061168022327559,False,39,0.0,True
63,0.3079461364431033,False,,0.3079461364431033,False,39,0.0,True
0,-0.07297647823518054,True,,-0.07297647823518054,True,40,0.0,True
1,-0.07242352877926127,False,,-0.07242352877926127,False,40,0.0,True
2,-0.06657533800913479,False,,-0.06657533800913479,False,40,0.0,True
3,-0.06879117860334147,False,,-0.06879117860334147,False,40,0.0,True
4,-0.06797608011350907,False,,-0.06797608011350907,False,40,0.0,True
5,-0.07016924987113454,False,,-0.07016924987113454,False,40,0.0,True
6,-0.0680017977809439,False,,-0.0680017977809439,False,40,0.0,True
7,-0.07004879974217454,False,,-0.07004879974217454,False,40,0.0,True
8,-0.07551936580395413,False,,-0.07551936580395413,False,40,0.0,True
9,-0.07001285604411114,False,,-0.07001285604411114,False,40,0.0,True
10,-0.06447932720236219,False,,-0.06447932720236219,False,40,0.0,True
11,-0.06885600218432344,False,,-0.06885600218432344,False,40,0.0,True
12,-0.07055246648055057,False,,-0.07055246648055057,False,40,0.0,True
13,-0.0699274408635292,False,,-0.0699274408635292,False,40,0.0,True
14,-0.06727643466220563,False,,-0.06727643466220563,False,40,0.0,True
15,-0.07197786649991726,False,,-0.07197786649991726,False,40,0.0,True
16,-0.0677912382254274,False,,-0.0677912382254274,False,40,0.0,True
17,-0.06911083998567999,False,,-0.06911083998567999,False,40,0.0,True
18,-0.06910576181458332,False,,-0.06910576181458332,False,40,0.0,True
19,-0.06797827746442281,False,,-0.06797827746442281,False,40,0.0,True
20,-0.07015093719995669,False,,-0.07015093719995669,False,40,0.0,True
21,-0.06878799079440008,False,,-0.06878799079440008,False,40,0.0,True
22,-0.06983456967105331,False,,-0.06983456967105331,False,40,0.0,True
23,-0.06857902896984748,False,,-0.06857902896984748,False,40,0.0,True
24,-0.07034451717900256,False,,-0.07034451717900256,False,40,0.0,True
25,-0.06988465221530914,False,,-0.06988465221530914,False,40,0.0,True
26,-0.06884500051475911,False,,-0.06884500051475911,False,40,0.0,True
27,-0.06865243370527914,False,,-0.06865243370527914,False,40,0.0,True
28,-0.06605727810898054,False,,-0.06605727810898054,False,40,0.0,True
29,-0.06873475819921979,False,,-0.06873475819921979,False,40,0.0,True
30,-0.07146817370634875,False,,-0.07146817370634875,False,40,0.0,True
31,-0.06746902172680477,False,,-0.06746902172680477,False,40,0.0,True
32,-0.07134273131677427,False,,-0.07134273131677427,False,40,0.0,True
33,-0.07013781332097588,False,,-0.07013781332097588,False,40,0.0,True
34,-0.07021198526897957,False,,-0.07021198526897957,False,40,0.0,True
35,-0.06808181759949503,False,,-0.06808181759949503,False,40,0.0,True
36,-0.07190368644702799,False,,-0.07190368644702799,False,40,0.0,True
37,-0.0666044277649009,False,,-0.0666044277649009,False,40,0.0,True
38,-0.07011183717051933,False,,-0.07011183717051933,False,40,0.0,True
39,-0.0649120410162153,False,,-0.0649120410162153,False,40,0.0,True
40,-0.0680202976126984,False,,-0.0680202976126984,False,40,0.0,True
41,-0.06455359129692603,False,,-0.06455359129692603,False,40,0.0,True
42,-0.06627177977614927,False,,-0.06627177977614927,False,40,0.0,True
43,-0.0652321413213183,False,,-0.0652321413213183,False,40,0.0,True
44,-0.06491772365085265,False,,-0.06491772365085265,False,40,0.0,True
45,-0.07088678424240849,False,,-0.07088678424240849,False,40,0.0,True
46,-0.06788013171306313,False,,-0.06788013171306313,False,40,0.0,True
47,-0.0659289562904555,False,,-0.0659289562904555,False,40,0.0,True
48,-0.0678255429428403,False,,-0.0678255429428403,False,40,0.0,True
49,-0.07134150052913672,False,,-0.07134150052913672,False,40,0.0,True
50,-0.07042507603594562,False,,-0.07042507603594562,False,40,0.0,True
51,-0.0688970028499379,False,,-0.0688970028499379,False,40,0.0,True
52,-0.06763267806591831,False,,-0.06763267806591831,False,40,0.0,True
53,-0.06566020489489255,False,,-0.06566020489489255,False,40,0.0,True
54,-0.06957687972546447,False,,-0.06957687972546447,False,40,0.0,True
55,-0.06619341493870061,False,,-0.06619341493870061,False,40,0.0,True
56,-0.07031037225266934,False,,-0.07031037225266934,False,40,0.0,True
57,-0.06837713047600194,False,,-0.06837713047600194,False,40,0.0,True
58,-0.06836003383012021,False,,-0.06836003383012021,False,40,0.0,True
59,-0.06457552700183652,False,,-0.06457552700183652,False,40,0.0,True
60,-0.06888507786503181,False,,-0.06888507786503181,False,40,0.0,True
61,-0.06850353692617367,False,,-0.06850353692617367,False,40,0.0,True
62,-0.06975832082699732,False,,-0.06975832082699732,False,40,0.0,True
63,-0.06598599156503508,False,,-0.06598599156503508,False,40,0.0,True
0,-0.09489342421867973,True,,-0.09489342421867973,True,41,0.0,True
1,-0.09432943244445305,False,,-0.09432943244445305,False,41,0.0,True
2,-0.0927127237992811,False,,-0.0927127237992811,False,41,0.0,True
3,-0.08879256430934998,False,,-0.08879256430934998,False,41,0.0,True
4,-0.09183418333630912,False,,-0.09183418333630912,False,41,0.0,True
5,-0.09312546674312921,False,,-0.09312546674312921,False,41,0.0,True
6,-0.09102145183100877,False,,-0.09102145183100877,False,41,0.0,True
7,-0.08886446482735444,False,,-0.08886446482735444,False,41,0.0,True
8,-0.09143789580958661,False,,-0.09143789580958661,False,41,0.0,True
9,-0.09165513675817835,False,,-0.09165513675817835,False,41,0.0,True
10,-0.08928571776934821,False,,-0.08928571776934821,False,41,0.0,True
11,-0.08974928953388352,False,,-0.08974928953388352,False,41,0.0,True
12,-0.09116822487459184,False,,-0.09116822487459184,False,41,0.0,True
13,-0.09042048235725741,False,,-0.09042048235725741,False,41,0.0,True
14,-0.09203158622689446,False,,-0.09203158622689446,False,41,0.0,True
15,-0.09165141244505438,False,,-0.09165141244505438,False,41,0.0,True
16,-0.09047025273277134,False,,-0.09047025273277134,False,41,0.0,True
17,-0.09436543407530912,False,,-0.09436543407530912,False,41,0.0,True
18,-0.09163431236031011,False,,-0.09163431236031011,False,41,0.0,True
19,-0.09211818177145496,False,,-0.09211818177145496,False,41,0.0,True
20,-0.0921059422444248,False,,-0.0921059422444248,False,41,0.0,True
21,-0.09336586000003799,False,,-0.09336586000003799,False,41,0.0,True
22,-0.09176200324259684,False,,-0.09176200324259684,False,41,0.0,True
23,-0.09291835260994215,False,,-0.09291835260994215,False,41,0.0,True
24,-0.09304609878094579,False,,-0.09304609878094579,False,41,0.0,True
25,-0.09143096358665062,False,,-0.09143096358665062,False,41,0.0,True
26,-0.09368474736772031,False,,-0.09368474736772031,False,41,0.0,True
27,-0.0892137065076489,False,,-0.0892137065076489,False,41,0.0,True
28,-0.09196492959565725,False,,-0.09196492959565725,False,41,0.0,True
29,-0.09290374379278696,False,,-0.09290374379278696,False,41,0.0,True
30,-0.1595553991574711,False,,-0.1595553991574711,False,41,0.0,True
31,-0.0912153777733549,False,,-0.0912153777733549,False,41,0.0,True
32,-0.09150662920539687,False,,-0.09150662920539687,False,41,0.0,True
33,-0.0925954933995459,False,,-0.0925954933995459,False,41,0.0,True
34,-0.09287759992777093,False,,-0.09287759992777093,False,41,0.0,True
35,-0.09216332544929862,False,,-0.09216332544929862,False,41,0.0,True
36,-0.08772690047226256,False,,-0.08772690047226256,False,41,0.0,True
37,-0.09235438128765541,False,,-0.09235438128765541,False,41,0.0,True
38,-0.08672374211573751,False,,-0.08672374211573751,False,41,0.0,True
39,-0.0940948969114501,False,,-0.0940948969114501,False,41,0.0,True
40,-0.09271596081512909,False,,-0.09271596081512909,False,41,0.0,True
41,-0.09330116863027987,False,,-0.09330116863027987,False,41,0.0,True
42,-0.09221742366901005,False,,-0.09221742366901005,False,41,0.0,True
43,-0.09434896243199978,False,,-0.09434896243199978,False,41,0.0,True
44,-0.09266479902495203,False,,-0.09266479902495203,False,41,0.0,True
45,-0.09326451302038624,False,,-0.09326451302038624,False,41,0.0,True
46,-0.0924298179963321,False,,-0.0924298179963321,False,41,0.0,True
47,-0.09081234617289383,False,,-0.09081234617289383,False,41,0.0,True
48,-0.09309156740376934,False,,-0.09309156740376934,False,41,0.0,True
49,-0.09217111441996087,False,,-0.09217111441996087,False,41,0.0,True
50,-0.09328965017275796,False,,-0.09328965017275796,False,41,0.0,True
51,-0.09246430570513155,False,,-0.09246430570513155,False,41,0.0,True
52,-0.09227947637497463,False,,-0.09227947637497463,False,41,0.0,True
53,-0.09336731231383928,False,,-0.09336731231383928,False,41,0.0,True
54,-0.09171146193723814,False,,-0.09171146193723814,False,41,0.0,True
55,-0.09226086874095982,False,,-0.09226086874095982,False,41,0.0,True
56,-0.09209438409779996,False,,-0.09209438409779996,False,41,0.0,True
57,-0.09265323850391884,False,,-0.09265323850391884,False,41,0.0,True
58,-0.0918701227336126,False,,-0.0918701227336126,False,41,0.0,True
59,-0.09182305275685902,False,,-0.09182305275685902,False,41,0.0,True
60,-0.09291323281978978,False,,-0.09291323281978978,False,41,0.0,True
61,-0.09088633402610585,False,,-0.09088633402610585,False,41,0.0,True
62,-0.09336560757063334,False,,-0.09336560757063334,False,41,0.0,True
63,-0.09152959924011199,False,,-0.09152959924011199,False,41,0.0,True
0,-0.1727769813217827,True,,-0.1727769813217827,True,42,0.0,True
1,-0.17397500428377716,False,,-0.17397500428377716,False,42,0.0,True
2,-0.17125064492054318,False,,-0.17125064492054318,False,42,0.0,True
3,-0.17195302138721852,False,,-0.17195302138721852,False,42,0.0,True
4,-0.17198860929773824,False,,-0.17198860929773824,False,42,0.0,True
5,-0.17197604499992025,False,,-0.17197604499992025,False,42,0.0,True
6,-0.17179043220541754,False,,-0.17179043220541754,False,42,0.0,True
7,-0.17202640740137068,False,,-0.17202640740137068,False,42,0.0,True
8,-0.17180920608616784,False,,-0.17180920608616784,False,42,0.0,True
9,-0.17241859319723407,False,,-0.17241859319723407,False,42,0.0,True
10,-0.17229701876358589,False,,-0.17229701876358589,False,42,0.0,True
11,-0.17190395172128586,False,,-0.17190395172128586,False,42,0.0,True
12,-0.1716849651694926,False,,-0.1716849651694926,False,42,0.0,True
13,-0.17230480667789472,False,,-0.17230480667789472,False,42,0.0,True
14,-0.1725713540449685,False,,-0.1725713540449685,False,42,0.0,True
15,-0.1718523450954621,False,,-0.1718523450954621,False,42,0.0,True
16,-0.1726540417421355,False,,-0.1726540417421355,False,42,0.0,True
17,-0.17133654385399302,False,,-0.17133654385399302,False,42,0.0,True
18,-0.1719396907043307,False,,-0.1719396907043307,False,42,0.0,True
19,-0.17169576705373074,False,,-0.17169576705373074,False,42,0.0,True
20,-0.1727805905737102,False,,-0.1727805905737102,False,42,0.0,True
21,-0.17133392707634879,False,,-0.17133392707634879,False,42,0.0,True
22,-0.17133680750525065,False,,-0.17133680750525065,False,42,0.0,True
23,-0.17189850664401624,False,,-0.17189850664401624,False,42,0.0,True
24,-0.17122295905105972,False,,-0.17122295905105972,False,42,0.0,True
25,-0.17293595120173783,False,,-0.17293595120173783,False,42,0.0,True
26,-0.17191241003382052,False,,-0.17191241003382052,False,42,0.0,True
27,-0.17224230909818716,False,,-0.17224230909818716,False,42,0.0,True
28,-0.17179639750101755,False,,-0.17179639750101755,False,42,0.0,True
29,-0.17161684510106653,False,,-0.17161684510106653,False,42,0.0,True
30,-0.17214027655743178,False,,-0.17214027655743178,False,42,0.0,True
31,-0.1720527750997558,False,,-0.1720527750997558,False,42,0.0,True
32,-0.17349608499057567,False,,-0.17349608499057567,False,42,0.0,True
33,-0.17230034865243898,False,,-0.17230034865243898,False,42,0.0,True
34,-0.17120534901015416,False,,-0.17120534901015416,False,42,0.0,True
35,-0.17162737616552898,False,,-0.17162737616552898,False,42,0.0,True
36,-0.17164200608094748,False,,-0.17164200608094748,False,42,0.0,True
37,-0.17170024295829206,False,,-0.17170024295829206,False,42,0.0,True
38,-0.1718357094916736,False,,-0.1718357094916736,False,42,0.0,True
39,-0.1721081415145028,False,,-0.1721081415145028,False,42,0.0,True
40,-0.17189975111074324,False,,-0.17189975111074324,False,42,0.0,True
41,-0.17140479132790545,False,,-0.17140479132790545,False,42,0.0,True
42,-0.17188990712997315,False,,-0.17188990712997315,False,42,0.0,True
43,-0.17159820796765968,False,,-0.17159820796765968,False,42,0.0,True
44,-0.17303098668872766,False,,-0.17303098668872766,False,42,0.0,True
45,-0.1708710755453648,False,,-0.1708710755453648,False,42,0.0,True
46,-0.1727665276870824,False,,-0.1727665276870824,False,42,0.0,True
47,-0.17180494366580307,False,,-0.17180494366580307,False,42,0.0,True
48,-0.17221117982463927,False,,-0.17221117982463927,False,42,0.0,True
49,-0.1722962605409616,False,,-0.1722962605409616,False,42,0.0,True
50,-0.1731574629585943,False,,-0.1731574629585943,False,42,0.0,True
51,-0.17192911264040486,False,,-0.17192911264040486,False,42,0.0,True
52,-0.17179413446211056,False,,-0.17179413446211056,False,42,0.0,True
53,-0.17250470376210383,False,,-0.17250470376210383,False,42,0.0,True
54,-0.1715060535227856,False,,-0.1715060535227856,False,42,0.0,True
55,-0.1713392874229125,False,,-0.1713392874229125,False,42,0.0,True
56,-0.1729639703278016,False,,-0.1729639703278016,False,42,0.0,True
57,-0.1718967359523631,False,,-0.1718967359523631,False,42,0.0,True
58,-0.17239508785421173,False,,-0.17239508785421173,False,42,0.0,True
59,-0.17127173882980812,False,,-0.17127173882980812,False,42,0.0,True
60,-0.17155527177635133,False,,-0.17155527177635133,False,42,0.0,True
61,-0.17168836486143552,False,,-0.17168836486143552,False,42,0.0,True
62,-0.17264235503415298,False,,-0.17264235503415298,False,42,0.0,True
63,-0.17176532086993343,False,,-0.17176532086993343,False,42,0.0,True
0,-0.232819964069383,True,,-0.232819964069383,True,43,0.0,True
1,-0.23318452337761164,False,,-0.23318452337761164,False,43,0.0,True
2,-0.23222386704778508,False,,-0.23222386704778508,False,43,0.0,True
3,-0.2320602607354666,False,,-0.2320602607354666,False,43,0.0,True
4,-0.23207093733133458,False,,-0.23207093733133458,False,43,0.0,True
5,-0.2329548689033801,False,,-0.2329548689033801,False,43,0.0,True
6,-0.23322647113956385,False,,-0.23322647113956385,False,43,0.0,True
7,-0.23313060854302356,False,,-0.23313060854302356,False,43,0.0,True
8,-0.23489805148749193,False,,-0.23489805148749193,False,43,0.0,True
9,-0.23160043352970983,False,,-0.23160043352970983,False,43,0.0,True
10,-0.23261632370628443,False,,-0.23261632370628443,False,43,0.0,True
11,-0.2318554232979592,False,,-0.2318554232979592,False,43,0.0,True
12,-0.23327957931479504,False,,-0.23327957931479504,False,43,0.0,True
13,-0.23347617652256053,False,,-0.23347617652256053,False,43,0.0,True
14,-0.2334548447931456,False,,-0.2334548447931456,False,43,0.0,True
15,-0.23207024876056517,False,,-0.23207024876056517,False,43,0.0,True
16,-0.23318810685857128,False,,-0.23318810685857128,False,43,0.0,True
17,-0.23363860815491738,False,,-0.23363860815491738,False,43,0.0,True
18,-0.23452600559029207,False,,-0.23452600559029207,False,43,0.0,True
19,-0.23306249317408972,False,,-0.23306249317408972,False,43,0.0,True
20,-0.2325689802896182,False,,-0.2325689802896182,False,43,0.0,True
21,-0.23533357679407582,False,,-0.23533357679407582,False,43,0.0,True
22,-0.23291837002775245,False,,-0.23291837002775245,False,43,0.0,True
23,-0.23300908137837917,False,,-0.23300908137837917,False,43,0.0,True
24,-0.23410093296207407,False,,-0.23410093296207407,False,43,0.0,True
25,-0.23361142159933324,False,,-0.23361142159933324,False,43,0.0,True
26,-0.23253904730242358,False,,-0.23253904730242358,False,43,0.0,True
27,-0.23297331197359927,False,,-0.23297331197359927,False,43,0.0,True
28,-0.2327602774700039,False,,-0.2327602774700039,False,43,0.0,True
29,-0.23336916075326833,False,,-0.23336916075326833,False,43,0.0,True
30,-0.2315508034264131,False,,-0.2315508034264131,False,43,0.0,True
31,-0.2328074885392358,False,,-0.2328074885392358,False,43,0.0,True
32,-0.23211103529833088,False,,-0.23211103529833088,False,43,0.0,True
33,-0.23387494201549633,False,,-0.23387494201549633,False,43,0.0,True
34,-0.2344750074317326,False,,-0.2344750074317326,False,43,0.0,True
35,-0.2321012113827125,False,,-0.2321012113827125,False,43,0.0,True
36,-0.23239826579890407,False,,-0.23239826579890407,False,43,0.0,True
37,-0.23221272596498127,False,,-0.23221272596498127,False,43,0.0,True
38,-0.23262495970055824,False,,-0.23262495970055824,False,43,0.0,True
39,-0.23303208937593783,False,,-0.23303208937593783,False,43,0.0,True
40,-0.23327027046822274,False,,-0.23327027046822274,False,43,0.0,True
41,-0.23311494994358412,False,,-0.23311494994358412,False,43,0.0,True
42,-0.23185587347821343,False,,-0.23185587347821343,False,43,0.0,True
43,-0.2328852184545786,False,,-0.2328852184545786,False,43,0.0,True
44,-0.23314523688322958,False,,-0.23314523688322958,False,43,0.0,True
45,-0.2321959166898156,False,,-0.2321959166898156,False,43,0.0,True
46,-0.2330162726681818,False,,-0.2330162726681818,False,43,0.0,True
47,-0.23280363109272856,False,,-0.23280363109272856,False,43,0.0,True
48,-0.23337584591211408,False,,-0.23337584591211408,False,43,0.0,True
49,-0.23294173074021546,False,,-0.23294173074021546,False,43,0.0,True
50,-0.23249949915669071,False,,-0.23249949915669071,False,43,0.0,True
51,-0.2332585841294073,False,,-0.2332585841294073,False,43,0.0,True
52,-0.2342845995058434,False,,-0.2342845995058434,False,43,0.0,True
53,-0.23376075886819056,False,,-0.23376075886819056,False,43,0.0,True
54,-0.23271829694298596,False,,-0.23271829694298596,False,43,0.0,True
55,-0.23221381183877032,False,,-0.23221381183877032,False,43,0.0,True
56,-0.23288759424346306,False,,-0.23288759424346306,False,43,0.0,True
57,-0.2327306847539442,False,,-0.2327306847539442,False,43,0.0,True
58,-0.23208653430486736,False,,-0.23208653430486736,False,43,0.0,True
59,-0.23309087574090914,False,,-0.23309087574090914,False,43,0.0,True
60,-0.23221163509678427,False,,-0.23221163509678427,False,43,0.0,True
61,-0.2330954525970883,False,,-0.2330954525970883,False,43,0.0,True
62,-0.23243377505927254,False,,-0.23243377505927254,False,43,0.0,True
63,-0.2325807809169739,False,,-0.2325807809169739,False,43,0.0,True
0,-0.3009737592667283,True,,-0.3009737592667283,True,44,0.0,True
1,-0.2985127444748182,False,,-0.2985127444748182,False,44,0.0,True
2,-0.2999957758635724,False,,-0.2999957758635724,False,44,0.0,True
3,-0.29914692049944047,False,,-0.29914692049944047,False,44,0.0,True
4,-0.29792100207841765,False,,-0.29792100207841765,False,44,0.0,True
5,-0.2993452132307807,False,,-0.2993452132307807,False,44,0.0,True
6,-0.30153726325976493,False,,-0.30153726325976493,False,44,0.0,True
7,-0.299378221473264,False,,-0.299378221473264,False,44,0.0,True
8,-0.2995643240477954,False,,-0.2995643240477954,False,44,0.0,True
9,-0.29932309623429515,False,,-0.29932309623429515,False,44,0.0,True
10,-0.3000017909634417,False,,-0.3000017909634417,False,44,0.0,True
11,-0.3014376845791851,False,,-0.3014376845791851,False,44,0.0,True
12,-0.2993571109479857,False,,-0.2993571109479857,False,44,0.0,True
13,-0.30006436297826145,False,,-0.30006436297826145,False,44,0.0,True
14,-0.30031068269334515,False,,-0.30031068269334515,False,44,0.0,True
15,-0.2994562622040857,False,,-0.2994562622040857,False,44,0.0,True
16,-0.29977282136802397,False,,-0.29977282136802397,False,44,0.0,True
17,-0.29902947276263225,False,,-0.29902947276263225,False,44,0.0,True
18,-0.3006187156208688,False,,-0.3006187156208688,False,44,0.0,True
19,-0.2993883797748621,False,,-0.2993883797748621,False,44,0.0,True
20,-0.29889468420099274,False,,-0.29889468420099274,False,44,0.0,True
21,-0.29964960161490395,False,,-0.29964960161490395,False,44,0.0,True
22,-0.2993985594428985,False,,-0.2993985594428985,False,44,0.0,True
23,-0.30059073642572187,False,,-0.30059073642572187,False,44,0.0,True
24,-0.29875698402697476,False,,-0.29875698402697476,False,44,0.0,True
25,-0.2989237259563696,False,,-0.2989237259563696,False,44,0.0,True
26,-0.29910840810358164,False,,-0.29910840810358164,False,44,0.0,True
27,-0.29902837007966887,False,,-0.29902837007966887,False,44,0.0,True
28,-0.30021477946372865,False,,-0.30021477946372865,False,44,0.0,True
29,-0.29889503273353424,False,,-0.29889503273353424,False,44,0.0,True
30,-0.2999545325274092,False,,-0.2999545325274092,False,44,0.0,True
31,-0.29931546806383047,False,,-0.29931546806383047,False,44,0.0,True
32,-0.3001010992712636,False,,-0.3001010992712636,False,44,0.0,True
33,-0.2993222039293993,False,,-0.2993222039293993,False,44,0.0,True
34,-0.29909792637466615,False,,-0.29909792637466615,False,44,0.0,True
35,-0.2995086323964965,False,,-0.2995086323964965,False,44,0.0,True
36,-0.30056117095223506,False,,-0.30056117095223506,False,44,0.0,True
37,-0.3009014987496304,False,,-0.3009014987496304,False,44,0.0,True
38,-0.30093762090528076,False,,-0.30093762090528076,False,44,0.0,True
39,-0.29866501537509366,False,,-0.29866501537509366,False,44,0.0,True
40,-0.2996641953863402,False,,-0.2996641953863402,False,44,0.0,True
41,-0.29996213399463734,False,,-0.29996213399463734,False,44,0.0,True
42,-0.30159569564684185,False,,-0.30159569564684185,False,44,0.0,True
43,-0.2996154630019907,False,,-0.2996154630019907,False,44,0.0,True
44,-0.29903893799347914,False,,-0.29903893799347914,False,44,0.0,True
45,-0.3000522715518391,False,,-0.3000522715518391,False,44,0.0,True
46,-0.3002416346119694,False,,-0.3002416346119694,False,44,0.0,True
47,-0.2993626003495411,False,,-0.2993626003495411,False,44,0.0,True
48,-0.30131704398430725,False,,-0.30131704398430725,False,44,0.0,True
49,-0.29911095475168087,False,,-0.29911095475168087,False,44,0.0,True
50,-0.2990871820409545,False,,-0.2990871820409545,False,44,0.0,True
51,-0.3000656481177806,False,,-0.3000656481177806,False,44,0.0,True
52,-0.299036959897637,False,,-0.299036959897637,False,44,0.0,True
53,-0.3014554812923009,False,,-0.3014554812923009,False,44,0.0,True
54,-0.3001542036068468,False,,-0.3001542036068468,False,44,0.0,True
55,-0.2995148903935041,False,,-0.2995148903935041,False,44,0.0,True
56,-0.29944961597187625,False,,-0.29944961597187625,False,44,0.0,True
57,-0.3001519863691879,False,,-0.3001519863691879,False,44,0.0,True
58,-0.30115688955081954,False,,-0.30115688955081954,False,44,0.0,True
59,-0.30036885430679994,False,,-0.30036885430679994,False,44,0.0,True
60,-0.30111964806666147,False,,-0.30111964806666147,False,44,0.0,True
61,-0.2999665576812039,False,,-0.2999665576812039,False,44,0.0,True
62,-0.2998423362051983,False,,-0.2998423362051983,False,44,0.0,True
63,-0.29851894004106033,False,,-0.29851894004106033,False,44,0.0,True
0,-0.29741402482681467,True,,-0.29741402482681467,True,45,0.0,True
1,-0.2969067423503625,False,,-0.2969067423503625,False,45,0.0,True
2,-0.2952142740055912,False,,-0.2952142740055912,False,45,0.0,True
3,-0.2941886088154545,False,,-0.2941886088154545,False,45,0.0,True
4,-0.2951946544652204,False,,-0.2951946544652204,False,45,0.0,True
5,-0.2962056992099087,False,,-0.2962056992099087,False,45,0.0,True
6,-0.2940080052238132,False,,-0.2940080052238132,False,45,0.0,True
7,-0.2948350770917646,False,,-0.2948350770917646,False,45,0.0,True
8,-0.2951182518281033,False,,-0.2951182518281033,False,45,0.0,True
9,-0.29443885057143077,False,,-0.29443885057143077,False,45,0.0,True
10,-0.29674887881201745,False,,-0.29674887881201745,False,45,0.0,True
11,-0.29359604951680074,False,,-0.29359604951680074,False,45,0.0,True
12,-0.2940281449497189,False,,-0.2940281449497189,False,45,0.0,True
13,-0.29450100766414533,False,,-0.29450100766414533,False,45,0.0,True
14,-0.2946093286500536,False,,-0.2946093286500536,False,45,0.0,True
15,-0.29528620248495807,False,,-0.29528620248495807,False,45,0.0,True
16,-0.2946638530409988,False,,-0.2946638530409988,False,45,0.0,True
17,-0.29386671333598524,False,,-0.29386671333598524,False,45,0.0,True
18,-0.29564960546820795,False,,-0.29564960546820795,False,45,0.0,True
19,-0.2940942355505631,False,,-0.2940942355505631,False,45,0.0,True
20,-0.29614201568732684,False,,-0.29614201568732684,False,45,0.0,True
21,-0.29363568403912726,False,,-0.29363568403912726,False,45,0.0,True
22,-0.2948647157845443,False,,-0.2948647157845443,False,45,0.0,True
23,-0.2950029540947878,False,,-0.2950029540947878,False,45,0.0,True
24,-0.29465701922214693,False,,-0.29465701922214693,False,45,0.0,True
25,-0.2969281354377392,False,,-0.2969281354377392,False,45,0.0,True
26,-0.2954615515005688,False,,-0.2954615515005688,False,45,0.0,True
27,-0.2954220472591712,False,,-0.2954220472591712,False,45,0.0,True
28,-0.29542201209123703,False,,-0.29542201209123703,False,45,0.0,True
29,-0.2947911909570908,False,,-0.2947911909570908,False,45,0.0,True
30,-0.2960913489972242,False,,-0.2960913489972242,False,45,0.0,True
31,-0.295854387706812,False,,-0.295854387706812,False,45,0.0,True
32,-0.29484924635843657,False,,-0.29484924635843657,False,45,0.0,True
33,-0.293497447321518,False,,-0.293497447321518,False,45,0.0,True
34,-0.2947862752199058,False,,-0.2947862752199058,False,45,0.0,True
35,-0.2944557019835437,False,,-0.2944557019835437,False,45,0.0,True
36,-0.2949512321389449,False,,-0.2949512321389449,False,45,0.0,True
37,-0.2938804882855356,False,,-0.2938804882855356,False,45,0.0,True
38,-0.2939561507656376,False,,-0.2939561507656376,False,45,0.0,True
39,-0.2962045522328265,False,,-0.2962045522328265,False,45,0.0,True
40,-0.29513061889436876,False,,-0.29513061889436876,False,45,0.0,True
41,-0.2961166908111539,False,,-0.2961166908111539,False,45,0.0,True
42,-0.2947432150228109,False,,-0.2947432150228109,False,45,0.0,True
43,-0.2955091996575073,False,,-0.2955091996575073,False,45,0.0,True
44,-0.2963085977077749,False,,-0.2963085977077749,False,45,0.0,True
45,-0.2950976300384723,False,,-0.2950976300384723,False,45,0.0,True
46,-0.29616764314130634,False,,-0.29616764314130634,False,45,0.0,True
47,-0.29404677685890923,False,,-0.29404677685890923,False,45,0.0,True
48,-0.29481694157345006,False,,-0.29481694157345006,False,45,0.0,True
49,-0.29402531973266227,False,,-0.29402531973266227,False,45,0.0,True
50,-0.2943326115976046,False,,-0.2943326115976046,False,45,0.0,True
51,-0.2954043175668143,False,,-0.2954043175668143,False,45,0.0,True
52,-0.2959746663949295,False,,-0.2959746663949295,False,45,0.0,True
53,-0.2972149756572337,False,,-0.2972149756572337,False,45,0.0,True
54,-0.2954069080982921,False,,-0.2954069080982921,False,45,0.0,True
55,-0.29515438640196334,False,,-0.29515438640196334,False,45,0.0,True
56,-0.29749757635314983,False,,-0.29749757635314983,False,45,0.0,True
57,-0.29376105208225245,False,,-0.29376105208225245,False,45,0.0,True
58,-0.29436743602115,False,,-0.29436743602115,False,45,0.0,True
59,-0.2944401242122389,False,,-0.2944401242122389,False,45,0.0,True
60,-0.29471011065960184,False,,-0.29471011065960184,False,45,0.0,True
61,-0.29641824015711515,False,,-0.29641824015711515,False,45,0.0,True
62,-0.29737638608714667,False,,-0.29737638608714667,False,45,0.0,True
63,-0.2941332369693065,False,,-0.2941332369693065,False,45,0.0,True
0,-0.2887449975297704,True,,-0.2887449975297704,True,46,0.0,True
1,-0.2902772474005611,False,,-0.2902772474005611,False,46,0.0,True
2,-0.2844926300200308,False,,-0.2844926300200308,False,46,0.0,True
3,-0.2852868223749422,False,,-0.2852868223749422,False,46,0.0,True
4,-0.2868758780392336,False,,-0.2868758780392336,False,46,0.0,True
5,-0.28427694046964946,False,,-0.28427694046964946,False,46,0.0,True
6,-0.28621695310429096,False,,-0.28621695310429096,False,46,0.0,True
7,-0.2846604021388404,False,,-0.2846604021388404,False,46,0.0,True
8,-0.288521075459918,False,,-0.288521075459918,False,46,0.0,True
9,-0.2853974688558035,False,,-0.2853974688558035,False,46,0.0,True
10,-0.2856762626556526,False,,-0.2856762626556526,False,46,0.0,True
11,-0.2858409803376185,False,,-0.2858409803376185,False,46,0.0,True
12,-0.2865616428555113,False,,-0.2865616428555113,False,46,0.0,True
13,-0.28679857105289336,False,,-0.28679857105289336,False,46,0.0,True
14,-0.28635715725743066,False,,-0.28635715725743066,False,46,0.0,True
15,-0.2844754169317209,False,,-0.2844754169317209,False,46,0.0,True
16,-0.28838149466947455,False,,-0.28838149466947455,False,46,0.0,True
17,-0.29041870210153553,False,,-0.29041870210153553,False,46,0.0,True
18,-0.28663859189398033,False,,-0.28663859189398033,False,46,0.0,True
19,-0.2857708299482292,False,,-0.2857708299482292,False,46,0.0,True
20,-0.28805862130353294,False,,-0.28805862130353294,False,46,0.0,True
21,-0.2863826053888938,False,,-0.2863826053888938,False,46,0.0,True
22,-0.28642118811048256,False,,-0.28642118811048256,False,46,0.0,True
23,-0.28558322603887676,False,,-0.28558322603887676,False,46,0.0,True
24,-0.28888419829529566,False,,-0.28888419829529566,False,46,0.0,True
25,-0.28808407216658183,False,,-0.28808407216658183,False,46,0.0,True
26,-0.2875603896915552,False,,-0.2875603896915552,False,46,0.0,True
27,-0.28534646708098405,False,,-0.28534646708098405,False,46,0.0,True
28,-0.28567702136730977,False,,-0.28567702136730977,False,46,0.0,True
29,-0.28901426887261994,False,,-0.28901426887261994,False,46,0.0,True
30,-0.28509521080820077,False,,-0.28509521080820077,False,46,0.0,True
31,-0.28653023191017724,False,,-0.28653023191017724,False,46,0.0,True
32,-0.28633446903516035,False,,-0.28633446903516035,False,46,0.0,True
33,-0.28607400784859405,False,,-0.28607400784859405,False,46,0.0,True
34,-0.2859745232366548,False,,-0.2859745232366548,False,46,0.0,True
35,-0.28868265313016767,False,,-0.28868265313016767,False,46,0.0,True
36,-0.28684499795878815,False,,-0.28684499795878815,False,46,0.0,True
37,-0.28451858848251205,False,,-0.28451858848251205,False,46,0.0,True
38,-0.28551419940255746,False,,-0.28551419940255746,False,46,0.0,True
39,-0.2862600827147717,False,,-0.2862600827147717,False,46,0.0,True
40,-0.2857231524465024,False,,-0.2857231524465024,False,46,0.0,True
41,-0.28779936090320873,False,,-0.28779936090320873,False,46,0.0,True
42,-0.2854968072160994,False,,-0.2854968072160994,False,46,0.0,True
43,-0.2875679653635927,False,,-0.2875679653635927,False,46,0.0,True
44,-0.2861256088287761,False,,-0.2861256088287761,False,46,0.0,True
45,-0.2854202431120807,False,,-0.2854202431120807,False,46,0.0,True
46,-0.2868164730648222,False,,-0.2868164730648222,False,46,0.0,True
47,-0.2868610268053272,False,,-0.2868610268053272,False,46,0.0,True
48,-0.2858009332074072,False,,-0.2858009332074072,False,46,0.0,True
49,-0.2857869066643739,False,,-0.2857869066643739,False,46,0.0,True
50,-0.28449645550310165,False,,-0.28449645550310165,False,46,0.0,True
51,-0.28529373099657757,False,,-0.28529373099657757,False,46,0.0,True
52,-0.2873268933659666,False,,-0.2873268933659666,False,46,0.0,True
53,-0.2881576351877855,False,,-0.2881576351877855,False,46,0.0,True
54,-0.28725898187374876,False,,-0.28725898187374876,False,46,0.0,True
55,-0.2868659639661952,False,,-0.2868659639661952,False,46,0.0,True
56,-0.28598060683720494,False,,-0.28598060683720494,False,46,0.0,True
57,-0.2856801529454983,False,,-0.2856801529454983,False,46,0.0,True
58,-0.28640420556731827,False,,-0.28640420556731827,False,46,0.0,True
59,-0.2853345913596643,False,,-0.2853345913596643,False,46,0.0,True
60,-0.28687256241799514,False,,-0.28687256241799514,False,46,0.0,True
61,-0.2855334750448365,False,,-0.2855334750448365,False,46,0.0,True
62,-0.2866763028624352,False,,-0.2866763028624352,False,46,0.0,True
63,-0.2889545595018201,False,,-0.2889545595018201,False,46,0.0,True
0,-0.28201387764628155,True,,-0.28201387764628155,True,47,0.0,True
1,-0.2817613854725396,False,,-0.2817613854725396,False,47,0.0,True
2,-0.2762173559823116,False,,-0.2762173559823116,False,47,0.0,True
3,-0.27549944670893195,False,,-0.27549944670893195,False,47,0.0,True
4,-0.275235799528284,False,,-0.275235799528284,False,47,0.0,True
5,-0.2760334131653428,False,,-0.2760334131653428,False,47,0.0,True
6,-0.2745351473259678,False,,-0.2745351473259678,False,47,0.0,True
7,-0.274880251391536,False,,-0.274880251391536,False,47,0.0,True
8,-0.2746986957497002,False,,-0.2746986957497002,False,47,0.0,True
9,-0.2760072247168917,False,,-0.2760072247168917,False,47,0.0,True
10,-0.2756685019685621,False,,-0.2756685019685621,False,47,0.0,True
11,-0.2747964278131291,False,,-0.2747964278131291,False,47,0.0,True
12,-0.2773940399314649,False,,-0.2773940399314649,False,47,0.0,True
13,-0.275393442377533,False,,-0.275393442377533,False,47,0.0,True
14,-0.27484365198877925,False,,-0.27484365198877925,False,47,0.0,True
15,-0.2749388523601828,False,,-0.2749388523601828,False,47,0.0,True
16,-0.27471331706140734,False,,-0.27471331706140734,False,47,0.0,True
17,-0.27456076486205183,False,,-0.27456076486205183,False,47,0.0,True
18,-0.2782307289739641,False,,-0.2782307289739641,False,47,0.0,True
19,-0.27445194039978965,False,,-0.27445194039978965,False,47,0.0,True
20,-0.27450376031919554,False,,-0.27450376031919554,False,47,0.0,True
21,-0.2778407990999474,False,,-0.2778407990999474,False,47,0.0,True
22,-0.27612166510171376,False,,-0.27612166510171376,False,47,0.0,True
23,-0.2760627716331866,False,,-0.2760627716331866,False,47,0.0,True
24,-0.27478575145251605,False,,-0.27478575145251605,False,47,0.0,True
25,-0.27479200039425555,False,,-0.27479200039425555,False,47,0.0,True
26,-0.2754721179788688,False,,-0.2754721179788688,False,47,0.0,True
27,-0.2759510336993371,False,,-0.2759510336993371,False,47,0.0,True
28,-0.27732012835147746,False,,-0.27732012835147746,False,47,0.0,True
29,-0.27507551930647134,False,,-0.27507551930647134,False,47,0.0,True
30,-0.2748757488637009,False,,-0.2748757488637009,False,47,0.0,True
31,-0.2747124617470946,False,,-0.2747124617470946,False,47,0.0,True
32,-0.2754081479602103,False,,-0.2754081479602103,False,47,0.0,True
33,-0.2759148932796124,False,,-0.2759148932796124,False,47,0.0,True
34,-0.2752227333807402,False,,-0.2752227333807402,False,47,0.0,True
35,-0.2755042678143581,False,,-0.2755042678143581,False,47,0.0,True
36,-0.27498406453738655,False,,-0.27498406453738655,False,47,0.0,True
37,-0.2765500538335565,False,,-0.2765500538335565,False,47,0.0,True
38,-0.27575258132758307,False,,-0.27575258132758307,False,47,0.0,True
39,-0.2762794464684912,False,,-0.2762794464684912,False,47,0.0,True
40,-0.275430800323891,False,,-0.275430800323891,False,47,0.0,True
41,-0.2772165851253447,False,,-0.2772165851253447,False,47,0.0,True
42,-0.27511347093491056,False,,-0.27511347093491056,False,47,0.0,True
43,-0.27553231540236495,False,,-0.27553231540236495,False,47,0.0,True
44,-0.2771479953942324,False,,-0.2771479953942324,False,47,0.0,True
45,-0.27483713841792556,False,,-0.27483713841792556,False,47,0.0,True
46,-0.27655678864365024,False,,-0.27655678864365024,False,47,0.0,True
47,-0.2762282633459883,False,,-0.2762282633459883,False,47,0.0,True
48,-0.2738844871252434,False,,-0.2738844871252434,False,47,0.0,True
49,-0.28006100751735474,False,,-0.28006100751735474,False,47,0.0,True
50,-0.2755265828766681,False,,-0.2755265828766681,False,47,0.0,True
51,-0.27396435864376806,False,,-0.27396435864376806,False,47,0.0,True
52,-0.27453193905542295,False,,-0.27453193905542295,False,47,0.0,True
53,-0.2757640291341055,False,,-0.2757640291341055,False,47,0.0,True
54,-0.2758053417217793,False,,-0.2758053417217793,False,47,0.0,True
55,-0.2776863414981304,False,,-0.2776863414981304,False,47,0.0,True
56,-0.2775699508377477,False,,-0.2775699508377477,False,47,0.0,True
57,-0.2770259322666262,False,,-0.2770259322666262,False,47,0.0,True
58,-0.27480220744459494,False,,-0.27480220744459494,False,47,0.0,True
59,-0.27547285648096753,False,,-0.27547285648096753,False,47,0.0,True
60,-0.27553859647205536,False,,-0.27553859647205536,False,47,0.0,True
61,-0.2758304144451645,False,,-0.2758304144451645,False,47,0.0,True
62,-0.2763368642223729,False,,-0.2763368642223729,False,47,0.0,True
63,-0.27674308622099975,False,,-0.27674308622099975,False,47,0.0,True
0,-0.2843422496629965,True,,-0.2843422496629965,True,48,0.0,True
1,-0.2835638599663221,False,,-0.2835638599663221,False,48,0.0,True
2,-0.2822981425538829,False,,-0.2822981425538829,False,48,0.0,True
3,-0.2766642554394736,False,,-0.2766642554394736,False,48,0.0,True
4,-0.27445970815531606,False,,-0.27445970815531606,False,48,0.0,True
5,-0.2750337518783963,False,,-0.2750337518783963,False,48,0.0,True
6,-0.277749811506834,False,,-0.277749811506834,False,48,0.0,True
7,-0.2759720003143968,False,,-0.2759720003143968,False,48,0.0,True
8,-0.2758706655865118,False,,-0.2758706655865118,False,48,0.0,True
9,-0.2756583538573013,False,,-0.2756583538573013,False,48,0.0,True
10,-0.28500711672595314,False,,-0.28500711672595314,False,48,0.0,True
11,-0.27686077079798654,False,,-0.27686077079798654,False,48,0.0,True
12,-0.2754684171508939,False,,-0.2754684171508939,False,48,0.0,True
13,-0.27725289539144815,False,,-0.27725289539144815,False,48,0.0,True
14,-0.277748809291763,False,,-0.277748809291763,False,48,0.0,True
15,-0.277276422074309,False,,-0.277276422074309,False,48,0.0,True
16,-0.28072300316840915,False,,-0.28072300316840915,False,48,0.0,True
17,-0.2785274769763362,False,,-0.2785274769763362,False,48,0.0,True
18,-0.27897756011454267,False,,-0.27897756011454267,False,48,0.0,True
19,-0.2753598849776136,False,,-0.2753598849776136,False,48,0.0,True
20,-0.2785727939168485,False,,-0.2785727939168485,False,48,0.0,True
21,-0.27618478212331593,False,,-0.27618478212331593,False,48,0.0,True
22,-0.2750911539077987,False,,-0.2750911539077987,False,48,0.0,True
23,-0.2804781673376662,False,,-0.2804781673376662,False,48,0.0,True
24,-0.27467179747795534,False,,-0.27467179747795534,False,48,0.0,True
25,-0.2745079468802164,False,,-0.2745079468802164,False,48,0.0,True
26,-0.27820690435474255,False,,-0.27820690435474255,False,48,0.0,True
27,-0.27888914508472273,False,,-0.27888914508472273,False,48,0.0,True
28,-0.2765936456421506,False,,-0.2765936456421506,False,48,0.0,True
29,-0.27500688598835926,False,,-0.27500688598835926,False,48,0.0,True
30,-0.2768513151872394,False,,-0.2768513151872394,False,48,0.0,True
31,-0.27762240979857394,False,,-0.27762240979857394,False,48,0.0,True
32,-0.2773351922778666,False,,-0.2773351922778666,False,48,0.0,True
33,-0.2795483847026182,False,,-0.2795483847026182,False,48,0.0,True
34,-0.27502888890897,False,,-0.27502888890897,False,48,0.0,True
35,-0.2739971290191694,False,,-0.2739971290191694,False,48,0.0,True
36,-0.2733835823952771,False,,-0.2733835823952771,False,48,0.0,True
37,-0.2758798804504401,False,,-0.2758798804504401,False,48,0.0,True
38,-0.27720672428201815,False,,-0.27720672428201815,False,48,0.0,True
39,-0.2760484601226714,False,,-0.2760484601226714,False,48,0.0,True
40,-0.28072037240011105,False,,-0.28072037240011105,False,48,0.0,True
41,-0.27796040286620416,False,,-0.27796040286620416,False,48,0.0,True
42,-0.277956739740826,False,,-0.277956739740826,False,48,0.0,True
43,-0.27548920272891175,False,,-0.27548920272891175,False,48,0.0,True
44,-0.27749441423168625,False,,-0.27749441423168625,False,48,0.0,True
45,-0.281507500653119,False,,-0.281507500653119,False,48,0.0,True
46,-0.27512091076359163,False,,-0.27512091076359163,False,48,0.0,True
47,-0.27839305313951435,False,,-0.27839305313951435,False,48,0.0,True
48,-0.27515740052858717,False,,-0.27515740052858717,False,48,0.0,True
49,-0.27651033773728406,False,,-0.27651033773728406,False,48,0.0,True
50,-0.27753731138830395,False,,-0.27753731138830395,False,48,0.0,True
51,-0.276733518837734,False,,-0.276733518837734,False,48,0.0,True
52,-0.2756297531204207,False,,-0.2756297531204207,False,48,0.0,True
53,-0.27648553954825805,False,,-0.27648553954825805,False,48,0.0,True
54,-0.2784949679929696,False,,-0.2784949679929696,False,48,0.0,True
55,-0.27651103954929035,False,,-0.27651103954929035,False,48,0.0,True
56,-0.2757327410116371,False,,-0.2757327410116371,False,48,0.0,True
57,-0.274305219846751,False,,-0.274305219846751,False,48,0.0,True
58,-0.27638328356212116,False,,-0.27638328356212116,False,48,0.0,True
59,-0.2755169611632773,False,,-0.2755169611632773,False,48,0.0,True
60,-0.27673054256548785,False,,-0.27673054256548785,False,48,0.0,True
61,-0.2757249476272587,False,,-0.2757249476272587,False,48,0.0,True
62,-0.27780199374093206,False,,-0.27780199374093206,False,48,0.0,True
63,-0.2742565320912612,False,,-0.2742565320912612,False,48,0.0,True
0,-0.27046661290432394,True,,-0.27046661290432394,True,49,0.0,True
1,-0.2734385005382147,False,,-0.2734385005382147,False,49,0.0,True
2,-0.26200516925286976,False,,-0.26200516925286976,False,49,0.0,True
3,-0.264296018600913,False,,-0.264296018600913,False,49,0.0,True
4,-0.2671969216943034,False,,-0.2671969216943034,False,49,0.0,True
5,-0.2647240234805409,False,,-0.2647240234805409,False,49,0.0,True
6,-0.2643785987080513,False,,-0.2643785987080513,False,49,0.0,True
7,-0.26292307964886397,False,,-0.26292307964886397,False,49,0.0,True
8,-0.2630121169865689,False,,-0.2630121169865689,False,49,0.0,True
9,-0.2630905277039284,False,,-0.2630905277039284,False,49,0.0,True
10,-0.26495141134318867,False,,-0.26495141134318867,False,49,0.0,True
11,-0.26292253970387736,False,,-0.26292253970387736,False,49,0.0,True
12,-0.26392209067481576,False,,-0.26392209067481576,False,49,0.0,True
13,-0.26331310230316113,False,,-0.26331310230316113,False,49,0.0,True
14,-0.26248781360842005,False,,-0.26248781360842005,False,49,0.0,True
15,-0.2623237259333614,False,,-0.2623237259333614,False,49,0.0,True
16,-0.2612706013193353,False,,-0.2612706013193353,False,49,0.0,True
17,-0.26628582349573793,False,,-0.26628582349573793,False,49,0.0,True
18,-0.2626393765026387,False,,-0.2626393765026387,False,49,0.0,True
19,-0.2616908648022328,False,,-0.2616908648022328,False,49,0.0,True
20,-0.2602954793959318,False,,-0.2602954793959318,False,49,0.0,True
21,-0.2607265816463017,False,,-0.2607265816463017,False,49,0.0,True
22,-0.26525302059367345,False,,-0.26525302059367345,False,49,0.0,True
23,-0.26249560427615626,False,,-0.26249560427615626,False,49,0.0,True
24,-0.26289785905185414,False,,-0.26289785905185414,False,49,0.0,True
25,-0.26221778380910754,False,,-0.26221778380910754,False,49,0.0,True
26,-0.26094716206287133,False,,-0.26094716206287133,False,49,0.0,True
27,-0.26221537262811756,False,,-0.26221537262811756,False,49,0.0,True
28,-0.2655627179363217,False,,-0.2655627179363217,False,49,0.0,True
29,-0.2616075774496289,False,,-0.2616075774496289,False,49,0.0,True
30,-0.2621404753145139,False,,-0.2621404753145139,False,49,0.0,True
31,-0.2627189478811376,False,,-0.2627189478811376,False,49,0.0,True
32,-0.26507479511609083,False,,-0.26507479511609083,False,49,0.0,True
33,-0.2613931558931216,False,,-0.2613931558931216,False,49,0.0,True
34,-0.2676944944197289,False,,-0.2676944944197289,False,49,0.0,True
35,-0.26255298553384887,False,,-0.26255298553384887,False,49,0.0,True
36,-0.2623513947017254,False,,-0.2623513947017254,False,49,0.0,True
37,-0.26503827579734623,False,,-0.26503827579734623,False,49,0.0,True
38,-0.2596784061929607,False,,-0.2596784061929607,False,49,0.0,True
39,-0.26223289653475623,False,,-0.26223289653475623,False,49,0.0,True
40,-0.26138034188600545,False,,-0.26138034188600545,False,49,0.0,True
41,-0.26599565962357735,False,,-0.26599565962357735,False,49,0.0,True
42,-0.26191420257630693,False,,-0.26191420257630693,False,49,0.0,True
43,-0.260749752447232,False,,-0.260749752447232,False,49,0.0,True
44,-0.2584684080717,False,,-0.2584684080717,False,49,0.0,True
45,-0.2595073699824567,False,,-0.2595073699824567,False,49,0.0,True
46,-0.26457598979432795,False,,-0.26457598979432795,False,49,0.0,True
47,-0.2627197795543236,False,,-0.2627197795543236,False,49,0.0,True
48,-0.2657431039428644,False,,-0.2657431039428644,False,49,0.0,True
49,-0.2607638776824126,False,,-0.2607638776824126,False,49,0.0,True
50,-0.2594791706451248,False,,-0.2594791706451248,False,49,0.0,True
51,-0.2629230764117655,False,,-0.2629230764117655,False,49,0.0,True
52,-0.26208059169496667,False,,-0.26208059169496667,False,49,0.0,True
53,-0.26134114396430275,False,,-0.26134114396430275,False,49,0.0,True
54,-0.2619425819437096,False,,-0.2619425819437096,False,49,0.0,True
55,-0.2637814163544273,False,,-0.2637814163544273,False,49,0.0,True
56,-0.26457566192791704,False,,-0.26457566192791704,False,49,0.0,True
57,-0.2621034897245804,False,,-0.2621034897245804,False,49,0.0,True
58,-0.26655484770836113,False,,-0.26655484770836113,False,49,0.0,True
59,-0.2629972803444098,False,,-0.2629972803444098,False,49,0.0,True
60,-0.2633374554448652,False,,-0.2633374554448652,False,49,0.0,True
61,-0.26416449981767887,False,,-0.26416449981767887,False,49,0.0,True
62,-0.2635934294759018,False,,-0.2635934294759018,False,49,0.0,True
63,-0.2646186327437876,False,,-0.2646186327437876,False,49,0.0,True
0,-0.2512612356093632,True,,-0.2512612356093632,True,50,0.0,True
1,-0.2594999792436987,False,,-0.2594999792436987,False,50,0.0,True
2,-0.250021601972222,False,,-0.250021601972222,False,50,0.0,True
3,-0.2497083340625079,False,,-0.2497083340625079,False,50,0.0,True
4,-0.2467168311068005,False,,-0.2467168311068005,False,50,0.0,True
5,-0.24386578683022445,False,,-0.24386578683022445,False,50,0.0,True
6,-0.23948589829054978,False,,-0.23948589829054978,False,50,0.0,True
7,-0.24334976102172512,False,,-0.24334976102172512,False,50,0.0,True
8,-0.24251570705839445,False,,-0.24251570705839445,False,50,0.0,True
9,-0.24298134193569823,False,,-0.24298134193569823,False,50,0.0,True
10,-0.24323116637779038,False,,-0.24323116637779038,False,50,0.0,True
11,-0.24616573781379336,False,,-0.24616573781379336,False,50,0.0,True
12,-0.2431630558531809,False,,-0.2431630558531809,False,50,0.0,True
13,-0.2478969864283327,False,,-0.2478969864283327,False,50,0.0,True
14,-0.24711171275021432,False,,-0.24711171275021432,False,50,0.0,True
15,-0.24247981046932748,False,,-0.24247981046932748,False,50,0.0,True
16,-0.244913316925141,False,,-0.244913316925141,False,50,0.0,True
17,-0.24532957912615216,False,,-0.24532957912615216,False,50,0.0,True
18,-0.24691733864692045,False,,-0.24691733864692045,False,50,0.0,True
19,-0.24660361410583162,False,,-0.24660361410583162,False,50,0.0,True
20,-0.2442182908007221,False,,-0.2442182908007221,False,50,0.0,True
21,-0.24564855764311536,False,,-0.24564855764311536,False,50,0.0,True
22,-0.24917835502047547,False,,-0.24917835502047547,False,50,0.0,True
23,-0.2424075608079455,False,,-0.2424075608079455,False,50,0.0,True
24,-0.24363889016084517,False,,-0.24363889016084517,False,50,0.0,True
25,-0.24470067146205365,False,,-0.24470067146205365,False,50,0.0,True
26,-0.24482936878638728,False,,-0.24482936878638728,False,50,0.0,True
27,-0.2471791642429252,False,,-0.2471791642429252,False,50,0.0,True
28,-0.2441034975561922,False,,-0.2441034975561922,False,50,0.0,True
29,-0.24970744121375196,False,,-0.24970744121375196,False,50,0.0,True
30,-0.24291318738668038,False,,-0.24291318738668038,False,50,0.0,True
31,-0.24936574822354374,False,,-0.24936574822354374,False,50,0.0,True
32,-0.24475528538795083,False,,-0.24475528538795083,False,50,0.0,True
33,-0.2460356749250611,False,,-0.2460356749250611,False,50,0.0,True
34,-0.24471047694277942,False,,-0.24471047694277942,False,50,0.0,True
35,-0.24761281382565137,False,,-0.24761281382565137,False,50,0.0,True
36,-0.246534274948002,False,,-0.246534274948002,False,50,0.0,True
37,-0.24810333044464464,False,,-0.24810333044464464,False,50,0.0,True
38,-0.2460852075576277,False,,-0.2460852075576277,False,50,0.0,True
39,-0.24396950970646816,False,,-0.24396950970646816,False,50,0.0,True
40,-0.24554598026767854,False,,-0.24554598026767854,False,50,0.0,True
41,-0.24461854375755054,False,,-0.24461854375755054,False,50,0.0,True
42,-0.24664438745208656,False,,-0.24664438745208656,False,50,0.0,True
43,-0.24509859983643145,False,,-0.24509859983643145,False,50,0.0,True
44,-0.2466737636017879,False,,-0.2466737636017879,False,50,0.0,True
45,-0.2419837774579661,False,,-0.2419837774579661,False,50,0.0,True
46,-0.24284474172945683,False,,-0.24284474172945683,False,50,0.0,True
47,-0.242061539079115,False,,-0.242061539079115,False,50,0.0,True
48,-0.24413275951832875,False,,-0.24413275951832875,False,50,0.0,True
49,-0.24418530399622432,False,,-0.24418530399622432,False,50,0.0,True
50,-0.2437332093622656,False,,-0.2437332093622656,False,50,0.0,True
51,-0.24773245520259016,False,,-0.24773245520259016,False,50,0.0,True
52,-0.2410731827952615,False,,-0.2410731827952615,False,50,0.0,True
53,-0.2493282138849643,False,,-0.2493282138849643,False,50,0.0,True
54,-0.24597694657146324,False,,-0.24597694657146324,False,50,0.0,True
55,-0.24114175086702,False,,-0.24114175086702,False,50,0.0,True
56,-0.24356169540219125,False,,-0.24356169540219125,False,50,0.0,True
57,-0.24323924547432707,False,,-0.24323924547432707,False,50,0.0,True
58,-0.24634903664045882,False,,-0.24634903664045882,False,50,0.0,True
59,-0.24670093525311665,False,,-0.24670093525311665,False,50,0.0,True
60,-0.24751936838396177,False,,-0.24751936838396177,False,50,0.0,True
61,-0.24719556212269062,False,,-0.24719556212269062,False,50,0.0,True
62,-0.24487834919766427,False,,-0.24487834919766427,False,50,0.0,True
63,-0.24963173656854074,False,,-0.24963173656854074,False,50,0.0,True
0,-0.25604478563414146,True,,-0.25604478563414146,True,51,0.0,True
1,-0.2557450993302265,False,,-0.2557450993302265,False,51,0.0,True
2,-0.24446395743085025,False,,-0.24446395743085025,False,51,0.0,True
3,-0.2460001830580227,False,,-0.2460001830580227,False,51,0.0,True
4,-0.24633618373492316,False,,-0.24633618373492316,False,51,0.0,True
5,-0.24706938454700722,False,,-0.24706938454700722,False,51,0.0,True
6,-0.2469867508440575,False,,-0.2469867508440575,False,51,0.0,True
7,-0.2467454379093779,False,,-0.2467454379093779,False,51,0.0,True
8,-0.24844971234116783,False,,-0.24844971234116783,False,51,0.0,True
9,-0.24551674904600843,False,,-0.24551674904600843,False,51,0.0,True
10,-0.24465723415512444,False,,-0.24465723415512444,False,51,0.0,True
11,-0.2477595646959828,False,,-0.2477595646959828,False,51,0.0,True
12,-0.24753671261793242,False,,-0.24753671261793242,False,51,0.0,True
13,-0.2460720575752651,False,,-0.2460720575752651,False,51,0.0,True
14,-0.24668003757002302,False,,-0.24668003757002302,False,51,0.0,True
15,-0.24575035352687222,False,,-0.24575035352687222,False,51,0.0,True
16,-0.24432356731900154,False,,-0.24432356731900154,False,51,0.0,True
17,-0.24455037305854804,False,,-0.24455037305854804,False,51,0.0,True
18,-0.24636358713278303,False,,-0.24636358713278303,False,51,0.0,True
19,-0.24286673674559836,False,,-0.24286673674559836,False,51,0.0,True
20,-0.24496733031125642,False,,-0.24496733031125642,False,51,0.0,True
21,-0.24784310823413572,False,,-0.24784310823413572,False,51,0.0,True
22,-0.24421878163665062,False,,-0.24421878163665062,False,51,0.0,True
23,-0.24535906092865978,False,,-0.24535906092865978,False,51,0.0,True
24,-0.24945058260872766,False,,-0.24945058260872766,False,51,0.0,True
25,-0.24598341542714433,False,,-0.24598341542714433,False,51,0.0,True
26,-0.24679855865576328,False,,-0.24679855865576328,False,51,0.0,True
27,-0.24355563366540647,False,,-0.24355563366540647,False,51,0.0,True
28,-0.24694695583005213,False,,-0.24694695583005213,False,51,0.0,True
29,-0.24374171065658465,False,,-0.24374171065658465,False,51,0.0,True
30,-0.24650648979185774,False,,-0.24650648979185774,False,51,0.0,True
31,-0.24394167985175846,False,,-0.24394167985175846,False,51,0.0,True
32,-0.2522313159754806,False,,-0.2522313159754806,False,51,0.0,True
33,-0.25234032150466496,False,,-0.25234032150466496,False,51,0.0,True
34,-0.24558024992331173,False,,-0.24558024992331173,False,51,0.0,True
35,-0.24615424636561786,False,,-0.24615424636561786,False,51,0.0,True
36,-0.24471178136446858,False,,-0.24471178136446858,False,51,0.0,True
37,-0.24363962303192294,False,,-0.24363962303192294,False,51,0.0,True
38,-0.24449975524815426,False,,-0.24449975524815426,False,51,0.0,True
39,-0.24350911500547112,False,,-0.24350911500547112,False,51,0.0,True
40,-0.24612868440789015,False,,-0.24612868440789015,False,51,0.0,True
41,-0.2441287644753521,False,,-0.2441287644753521,False,51,0.0,True
42,-0.246662814453101,False,,-0.246662814453101,False,51,0.0,True
43,-0.24436391268120738,False,,-0.24436391268120738,False,51,0.0,True
44,-0.24799222001006413,False,,-0.24799222001006413,False,51,0.0,True
45,-0.24952304034902031,False,,-0.24952304034902031,False,51,0.0,True
46,-0.24574585764867388,False,,-0.24574585764867388,False,51,0.0,True
47,-0.24508240421782593,False,,-0.24508240421782593,False,51,0.0,True
48,-0.24361200423791382,False,,-0.24361200423791382,False,51,0.0,True
49,-0.2478100957057036,False,,-0.2478100957057036,False,51,0.0,True
50,-0.24747651611646,False,,-0.24747651611646,False,51,0.0,True
51,-0.24934264856241548,False,,-0.24934264856241548,False,51,0.0,True
52,-0.24638683840754122,False,,-0.24638683840754122,False,51,0.0,True
53,-0.24569525945348158,False,,-0.24569525945348158,False,51,0.0,True
54,-0.2492370742648548,False,,-0.2492370742648548,False,51,0.0,True
55,-0.24302836799693583,False,,-0.24302836799693583,False,51,0.0,True
56,-0.24646574373072005,False,,-0.24646574373072005,False,51,0.0,True
57,-0.24631577240813532,False,,-0.24631577240813532,False,51,0.0,True
58,-0.24620935264151733,False,,-0.24620935264151733,False,51,0.0,True
59,-0.2479056196549486,False,,-0.2479056196549486,False,51,0.0,True
60,-0.24504520739684377,False,,-0.24504520739684377,False,51,0.0,True
61,-0.24684475649124205,False,,-0.24684475649124205,False,51,0.0,True
62,-0.24606773365138712,False,,-0.24606773365138712,False,51,0.0,True
63,-0.24747310648203058,False,,-0.24747310648203058,False,51,0.0,True
0,-0.248699035181836,True,,-0.248699035181836,True,52,0.0,True
1,-0.24950103736962115,False,,-0.24950103736962115,False,52,0.0,True
2,-0.2444046887145712,False,,-0.2444046887145712,False,52,0.0,True
3,-0.23475204545817066,False,,-0.23475204545817066,False,52,0.0,True
4,-0.24159657110887695,False,,-0.24159657110887695,False,52,0.0,True
5,-0.24161561915598298,False,,-0.24161561915598298,False,52,0.0,True
6,-0.2365441488258534,False,,-0.2365441488258534,False,52,0.0,True
7,-0.2423366539223164,False,,-0.2423366539223164,False,52,0.0,True
8,-0.23491996597399795,False,,-0.23491996597399795,False,52,0.0,True
9,-0.23663764117770986,False,,-0.23663764117770986,False,52,0.0,True
10,-0.23971518278188983,False,,-0.23971518278188983,False,52,0.0,True
11,-0.23854636249613903,False,,-0.23854636249613903,False,52,0.0,True
12,-0.23289695176079242,False,,-0.23289695176079242,False,52,0.0,True
13,-0.23988333429821834,False,,-0.23988333429821834,False,52,0.0,True
14,-0.23368201037892844,False,,-0.23368201037892844,False,52,0.0,True
15,-0.23607758828557798,False,,-0.23607758828557798,False,52,0.0,True
16,-0.23464171451742794,False,,-0.23464171451742794,False,52,0.0,True
17,-0.2405654802720616,False,,-0.2405654802720616,False,52,0.0,True
18,-0.23599297900771998,False,,-0.23599297900771998,False,52,0.0,True
19,-0.23970230146203775,False,,-0.23970230146203775,False,52,0.0,True
20,-0.2331898802464167,False,,-0.2331898802464167,False,52,0.0,True
21,-0.23868277983642272,False,,-0.23868277983642272,False,52,0.0,True
22,-0.24003801512331813,False,,-0.24003801512331813,False,52,0.0,True
23,-0.2358258849832265,False,,-0.2358258849832265,False,52,0.0,True
24,-0.23789879205443787,False,,-0.23789879205443787,False,52,0.0,True
25,-0.23669649914296148,False,,-0.23669649914296148,False,52,0.0,True
26,-0.2380261835928229,False,,-0.2380261835928229,False,52,0.0,True
27,-0.23697445495448452,False,,-0.23697445495448452,False,52,0.0,True
28,-0.23999363793287842,False,,-0.23999363793287842,False,52,0.0,True
29,-0.23736300132862012,False,,-0.23736300132862012,False,52,0.0,True
30,-0.2355734621571782,False,,-0.2355734621571782,False,52,0.0,True
31,-0.24168910097675544,False,,-0.24168910097675544,False,52,0.0,True
32,-0.23811290758303894,False,,-0.23811290758303894,False,52,0.0,True
33,-0.23609052468206881,False,,-0.23609052468206881,False,52,0.0,True
34,-0.24129559997012556,False,,-0.24129559997012556,False,52,0.0,True
35,-0.23896433768445374,False,,-0.23896433768445374,False,52,0.0,True
36,-0.23791775976752505,False,,-0.23791775976752505,False,52,0.0,True
37,-0.2338195300034525,False,,-0.2338195300034525,False,52,0.0,True
38,-0.23980213130442174,False,,-0.23980213130442174,False,52,0.0,True
39,-0.23633393580627615,False,,-0.23633393580627615,False,52,0.0,True
40,-0.23394166263526545,False,,-0.23394166263526545,False,52,0.0,True
41,-0.2378510616784465,False,,-0.2378510616784465,False,52,0.0,True
42,-0.23486338455991612,False,,-0.23486338455991612,False,52,0.0,True
43,-0.23769671484624755,False,,-0.23769671484624755,False,52,0.0,True
44,-0.23877160567829625,False,,-0.23877160567829625,False,52,0.0,True
45,-0.23920864957432791,False,,-0.23920864957432791,False,52,0.0,True
46,-0.23675728726490036,False,,-0.23675728726490036,False,52,0.0,True
47,-0.24324939991157446,False,,-0.24324939991157446,False,52,0.0,True
48,-0.2401898035864033,False,,-0.2401898035864033,False,52,0.0,True
49,-0.23578738909601263,False,,-0.23578738909601263,False,52,0.0,True
50,-0.2388196335556997,False,,-0.2388196335556997,False,52,0.0,True
51,-0.23992187651908264,False,,-0.23992187651908264,False,52,0.0,True
52,-0.2369969124564888,False,,-0.2369969124564888,False,52,0.0,True
53,-0.23850863692788996,False,,-0.23850863692788996,False,52,0.0,True
54,-0.23470667411772028,False,,-0.23470667411772028,False,52,0.0,True
55,-0.23274614368886584,False,,-0.23274614368886584,False,52,0.0,True
56,-0.23992132459876792,False,,-0.23992132459876792,False,52,0.0,True
57,-0.24185114973733599,False,,-0.24185114973733599,False,52,0.0,True
58,-0.2366335839211844,False,,-0.2366335839211844,False,52,0.0,True
59,-0.23743086589822662,False,,-0.23743086589822662,False,52,0.0,True
60,-0.23954998185202414,False,,-0.23954998185202414,False,52,0.0,True
61,-0.23990171925750448,False,,-0.23990171925750448,False,52,0.0,True
62,-0.23904113428782153,False,,-0.23904113428782153,False,52,0.0,True
63,-0.23617958279004303,False,,-0.23617958279004303,False,52,0.0,True
0,-0.22825576979575565,True,,-0.22825576979575565,True,53,0.0,True
1,-0.2325242482687016,False,,-0.2325242482687016,False,53,0.0,True
2,-0.220706589995802,False,,-0.220706589995802,False,53,0.0,True
3,-0.22083592285957684,False,,-0.22083592285957684,False,53,0.0,True
4,-0.21761526492403804,False,,-0.21761526492403804,False,53,0.0,True
5,-0.22019961156165077,False,,-0.22019961156165077,False,53,0.0,True
6,-0.21228110735299763,False,,-0.21228110735299763,False,53,0.0,True
7,-0.2204487108248953,False,,-0.2204487108248953,False,53,0.0,True
8,-0.2209012142514616,False,,-0.2209012142514616,False,53,0.0,True
9,-0.21854074385216563,False,,-0.21854074385216563,False,53,0.0,True
10,-0.21877954058960836,False,,-0.21877954058960836,False,53,0.0,True
11,-0.21464032945893619,False,,-0.21464032945893619,False,53,0.0,True
12,-0.21280795057114882,False,,-0.21280795057114882,False,53,0.0,True
13,-0.2187674785917261,False,,-0.2187674785917261,False,53,0.0,True
14,-0.21855321096104924,False,,-0.21855321096104924,False,53,0.0,True
15,-0.21577880101508357,False,,-0.21577880101508357,False,53,0.0,True
16,-0.21456587356315251,False,,-0.21456587356315251,False,53,0.0,True
17,-0.21485035457707113,False,,-0.21485035457707113,False,53,0.0,True
18,-0.21410245554481744,False,,-0.21410245554481744,False,53,0.0,True
19,-0.21443644337116052,False,,-0.21443644337116052,False,53,0.0,True
20,-0.21493685377088712,False,,-0.21493685377088712,False,53,0.0,True
21,-0.22333258390751295,False,,-0.22333258390751295,False,53,0.0,True
22,-0.2229479182757672,False,,-0.2229479182757672,False,53,0.0,True
23,-0.22150784496174153,False,,-0.22150784496174153,False,53,0.0,True
24,-0.21434264661361413,False,,-0.21434264661361413,False,53,0.0,True
25,-0.21813550982665686,False,,-0.21813550982665686,False,53,0.0,True
26,-0.21451317574038078,False,,-0.21451317574038078,False,53,0.0,True
27,-0.21628107475365174,False,,-0.21628107475365174,False,53,0.0,True
28,-0.21699601914090727,False,,-0.21699601914090727,False,53,0.0,True
29,-0.21451960519410598,False,,-0.21451960519410598,False,53,0.0,True
30,-0.21521875782442904,False,,-0.21521875782442904,False,53,0.0,True
31,-0.21629167785528775,False,,-0.21629167785528775,False,53,0.0,True
32,-0.22496181104632984,False,,-0.22496181104632984,False,53,0.0,True
33,-0.2119316112466751,False,,-0.2119316112466751,False,53,0.0,True
34,-0.22018370775393567,False,,-0.22018370775393567,False,53,0.0,True
35,-0.21713692808742335,False,,-0.21713692808742335,False,53,0.0,True
36,-0.2161539420667365,False,,-0.2161539420667365,False,53,0.0,True
37,-0.2133422839718925,False,,-0.2133422839718925,False,53,0.0,True
38,-0.21904599852427115,False,,-0.21904599852427115,False,53,0.0,True
39,-0.21381832373446058,False,,-0.21381832373446058,False,53,0.0,True
40,-0.22029888018398466,False,,-0.22029888018398466,False,53,0.0,True
41,-0.22234503804731542,False,,-0.22234503804731542,False,53,0.0,True
42,-0.2175166230306892,False,,-0.2175166230306892,False,53,0.0,True
43,-0.2195629279539526,False,,-0.2195629279539526,False,53,0.0,True
44,-0.21513390198648927,False,,-0.21513390198648927,False,53,0.0,True
45,-0.22155307834454468,False,,-0.22155307834454468,False,53,0.0,True
46,-0.21728748725551322,False,,-0.21728748725551322,False,53,0.0,True
47,-0.21819689622333868,False,,-0.21819689622333868,False,53,0.0,True
48,-0.2191958599624143,False,,-0.2191958599624143,False,53,0.0,True
49,-0.21147809058767644,False,,-0.21147809058767644,False,53,0.0,True
50,-0.2189213500982601,False,,-0.2189213500982601,False,53,0.0,True
51,-0.21949457223435126,False,,-0.21949457223435126,False,53,0.0,True
52,-0.21267938831512206,False,,-0.21267938831512206,False,53,0.0,True
53,-0.22072947389225067,False,,-0.22072947389225067,False,53,0.0,True
54,-0.2134939178411586,False,,-0.2134939178411586,False,53,0.0,True
55,-0.2129739712763271,False,,-0.2129739712763271,False,53,0.0,True
56,-0.21208843458690085,False,,-0.21208843458690085,False,53,0.0,True
57,-0.21551210493631198,False,,-0.21551210493631198,False,53,0.0,True
58,-0.21467773904296739,False,,-0.21467773904296739,False,53,0.0,True
59,-0.21398531404978882,False,,-0.21398531404978882,False,53,0.0,True
60,-0.2176043402193767,False,,-0.2176043402193767,False,53,0.0,True
61,-0.21927679956365898,False,,-0.21927679956365898,False,53,0.0,True
62,-0.21605888150267635,False,,-0.21605888150267635,False,53,0.0,True
63,-0.21170324432944815,False,,-0.21170324432944815,False,53,0.0,True
0,-0.2030644452580051,True,,-0.2030644452580051,True,54,0.0,True
1,-0.20628899226073721,False,,-0.20628899226073721,False,54,0.0,True
2,-0.19566663499079323,False,,-0.19566663499079323,False,54,0.0,True
3,-0.19317128745860468,False,,-0.19317128745860468,False,54,0.0,True
4,-0.1922200948263692,False,,-0.1922200948263692,False,54,0.0,True
5,-0.19907273817975107,False,,-0.19907273817975107,False,54,0.0,True
6,-0.19559444995153624,False,,-0.19559444995153624,False,54,0.0,True
7,-0.19921586929655072,False,,-0.19921586929655072,False,54,0.0,True
8,-0.19692710383493064,False,,-0.19692710383493064,False,54,0.0,True
9,-0.19442833196027232,False,,-0.19442833196027232,False,54,0.0,True
10,-0.19541995103554727,False,,-0.19541995103554727,False,54,0.0,True
11,-0.19291826244498148,False,,-0.19291826244498148,False,54,0.0,True
12,-0.19592950828522848,False,,-0.19592950828522848,False,54,0.0,True
13,-0.19796996693369545,False,,-0.19796996693369545,False,54,0.0,True
14,-0.20040730843264598,False,,-0.20040730843264598,False,54,0.0,True
15,-0.19536416016041458,False,,-0.19536416016041458,False,54,0.0,True
16,-0.1940421440933969,False,,-0.1940421440933969,False,54,0.0,True
17,-0.19748031791244527,False,,-0.19748031791244527,False,54,0.0,True
18,-0.19791542084871117,False,,-0.19791542084871117,False,54,0.0,True
19,-0.1990532436132281,False,,-0.1990532436132281,False,54,0.0,True
20,-0.1954340170374396,False,,-0.1954340170374396,False,54,0.0,True
21,-0.19647113195207144,False,,-0.19647113195207144,False,54,0.0,True
22,-0.19643218162891218,False,,-0.19643218162891218,False,54,0.0,True
23,-0.19341066589445807,False,,-0.19341066589445807,False,54,0.0,True
24,-0.19467351031115449,False,,-0.19467351031115449,False,54,0.0,True
25,-0.1989239828592846,False,,-0.1989239828592846,False,54,0.0,True
26,-0.1943216424919017,False,,-0.1943216424919017,False,54,0.0,True
27,-0.19534377725470897,False,,-0.19534377725470897,False,54,0.0,True
28,-0.19034102645992534,False,,-0.19034102645992534,False,54,0.0,True
29,-0.19989974751570477,False,,-0.19989974751570477,False,54,0.0,True
30,-0.1955448436058932,False,,-0.1955448436058932,False,54,0.0,True
31,-0.19311373638060364,False,,-0.19311373638060364,False,54,0.0,True
32,-0.19257144877543944,False,,-0.19257144877543944,False,54,0.0,True
33,-0.19315157955461998,False,,-0.19315157955461998,False,54,0.0,True
34,-0.1951269553438903,False,,-0.1951269553438903,False,54,0.0,True
35,-0.19681144978238757,False,,-0.19681144978238757,False,54,0.0,True
36,-0.19712337275881775,False,,-0.19712337275881775,False,54,0.0,True
37,-0.1911145214660448,False,,-0.1911145214660448,False,54,0.0,True
38,-0.19299188877968376,False,,-0.19299188877968376,False,54,0.0,True
39,-0.19421552750053328,False,,-0.19421552750053328,False,54,0.0,True
40,-0.19683705742625768,False,,-0.19683705742625768,False,54,0.0,True
41,-0.19237588975384387,False,,-0.19237588975384387,False,54,0.0,True
42,-0.19512097704637998,False,,-0.19512097704637998,False,54,0.0,True
43,-0.19473902516647046,False,,-0.19473902516647046,False,54,0.0,True
44,-0.1980936291943109,False,,-0.1980936291943109,False,54,0.0,True
45,-0.1937233308800576,False,,-0.1937233308800576,False,54,0.0,True
46,-0.19778533395263398,False,,-0.19778533395263398,False,54,0.0,True
47,-0.19776533181353378,False,,-0.19776533181353378,False,54,0.0,True
48,-0.1950146243961938,False,,-0.1950146243961938,False,54,0.0,True
49,-0.19647165397543617,False,,-0.19647165397543617,False,54,0.0,True
50,-0.19156839849495594,False,,-0.19156839849495594,False,54,0.0,True
51,-0.1953537429078173,False,,-0.1953537429078173,False,54,0.0,True
52,-0.19374889148910315,False,,-0.19374889148910315,False,54,0.0,True
53,-0.19469678265648954,False,,-0.19469678265648954,False,54,0.0,True
54,-0.199167761668391,False,,-0.199167761668391,False,54,0.0,True
55,-0.19762617604654747,False,,-0.19762617604654747,False,54,0.0,True
56,-0.19150132232256267,False,,-0.19150132232256267,False,54,0.0,True
57,-0.19863300078217336,False,,-0.19863300078217336,False,54,0.0,True
58,-0.1979993325471665,False,,-0.1979993325471665,False,54,0.0,True
59,-0.1948801384872452,False,,-0.1948801384872452,False,54,0.0,True
60,-0.19552417599191238,False,,-0.19552417599191238,False,54,0.0,True
61,-0.19275899606153754,False,,-0.19275899606153754,False,54,0.0,True
62,-0.19508917717599644,False,,-0.19508917717599644,False,54,0.0,True
63,-0.19858997731834277,False,,-0.19858997731834277,False,54,0.0,True
0,-0.20775130924340596,True,,-0.20775130924340596,True,55,0.0,True
1,-0.20054385878056552,False,,-0.20054385878056552,False,55,0.0,True
2,-0.187562500775025,False,,-0.187562500775025,False,55,0.0,True
3,-0.19145068116427622,False,,-0.19145068116427622,False,55,0.0,True
4,-0.18731089614221572,False,,-0.18731089614221572,False,55,0.0,True
5,-0.19092610976566848,False,,-0.19092610976566848,False,55,0.0,True
6,-0.18952295444170017,False,,-0.18952295444170017,False,55,0.0,True
7,-0.18769709582669517,False,,-0.18769709582669517,False,55,0.0,True
8,-0.18754406655510378,False,,-0.18754406655510378,False,55,0.0,True
9,-0.18685134633906914,False,,-0.18685134633906914,False,55,0.0,True
10,-0.18635940255330352,False,,-0.18635940255330352,False,55,0.0,True
11,-0.19428469466680548,False,,-0.19428469466680548,False,55,0.0,True
12,-0.19254710072898798,False,,-0.19254710072898798,False,55,0.0,True
13,-0.18959938843929636,False,,-0.18959938843929636,False,55,0.0,True
14,-0.191268037009513,False,,-0.191268037009513,False,55,0.0,True
15,-0.18550539105944988,False,,-0.18550539105944988,False,55,0.0,True
16,-0.18808602826720044,False,,-0.18808602826720044,False,55,0.0,True
17,-0.20024829563914054,False,,-0.20024829563914054,False,55,0.0,True
18,-0.19071372577859236,False,,-0.19071372577859236,False,55,0.0,True
19,-0.18558867669826068,False,,-0.18558867669826068,False,55,0.0,True
20,-0.18877298268015147,False,,-0.18877298268015147,False,55,0.0,True
21,-0.19315863457491028,False,,-0.19315863457491028,False,55,0.0,True
22,-0.18908916502305928,False,,-0.18908916502305928,False,55,0.0,True
23,-0.19467926200614039,False,,-0.19467926200614039,False,55,0.0,True
24,-0.19778250527886487,False,,-0.19778250527886487,False,55,0.0,True
25,-0.1963549334406266,False,,-0.1963549334406266,False,55,0.0,True
26,-0.19742908503912937,False,,-0.19742908503912937,False,55,0.0,True
27,-0.18977269885008446,False,,-0.18977269885008446,False,55,0.0,True
28,-0.1873006397670557,False,,-0.1873006397670557,False,55,0.0,True
29,-0.19038210720756932,False,,-0.19038210720756932,False,55,0.0,True
30,-0.19427078595799252,False,,-0.19427078595799252,False,55,0.0,True
31,-0.18655002032419957,False,,-0.18655002032419957,False,55,0.0,True
32,-0.19195814834194572,False,,-0.19195814834194572,False,55,0.0,True
33,-0.18789406537762476,False,,-0.18789406537762476,False,55,0.0,True
34,-0.19074797023195733,False,,-0.19074797023195733,False,55,0.0,True
35,-0.19172811079560462,False,,-0.19172811079560462,False,55,0.0,True
36,-0.1874993503336386,False,,-0.1874993503336386,False,55,0.0,True
37,-0.1872146946759874,False,,-0.1872146946759874,False,55,0.0,True
38,-0.1871741522456165,False,,-0.1871741522456165,False,55,0.0,True
39,-0.1956613679018478,False,,-0.1956613679018478,False,55,0.0,True
40,-0.18582554770611515,False,,-0.18582554770611515,False,55,0.0,True
41,-0.18815999052978058,False,,-0.18815999052978058,False,55,0.0,True
42,-0.1920191372919715,False,,-0.1920191372919715,False,55,0.0,True
43,-0.18877955114140466,False,,-0.18877955114140466,False,55,0.0,True
44,-0.19701649549369837,False,,-0.19701649549369837,False,55,0.0,True
45,-0.18848250485130968,False,,-0.18848250485130968,False,55,0.0,True
46,-0.18785747504286782,False,,-0.18785747504286782,False,55,0.0,True
47,-0.19062821256257148,False,,-0.19062821256257148,False,55,0.0,True
48,-0.18757910472557218,False,,-0.18757910472557218,False,55,0.0,True
49,-0.1948456683958718,False,,-0.1948456683958718,False,55,0.0,True
50,-0.18621311805608143,False,,-0.18621311805608143,False,55,0.0,True
51,-0.19136358365637446,False,,-0.19136358365637446,False,55,0.0,True
52,-0.18960015895879115,False,,-0.18960015895879115,False,55,0.0,True
53,-0.18916229372520144,False,,-0.18916229372520144,False,55,0.0,True
54,-0.19241807933051142,False,,-0.19241807933051142,False,55,0.0,True
55,-0.19048943088431325,False,,-0.19048943088431325,False,55,0.0,True
56,-0.18985803201344215,False,,-0.18985803201344215,False,55,0.0,True
57,-0.1889919890203546,False,,-0.1889919890203546,False,55,0.0,True
58,-0.18916810374673382,False,,-0.18916810374673382,False,55,0.0,True
59,-0.1882831978154701,False,,-0.1882831978154701,False,55,0.0,True
60,-0.18947294375201745,False,,-0.18947294375201745,False,55,0.0,True
61,-0.19448419478830753,False,,-0.19448419478830753,False,55,0.0,True
62,-0.18728489122359473,False,,-0.18728489122359473,False,55,0.0,True
63,-0.19246601081763143,False,,-0.19246601081763143,False,55,0.0,True
0,-0.20305121408797117,True,,-0.20305121408797117,True,56,0.0,True
1,-0.20524550338738856,False,,-0.20524550338738856,False,56,0.0,True
2,-0.1884825695055625,False,,-0.1884825695055625,False,56,0.0,True
3,-0.18782305966286061,False,,-0.18782305966286061,False,56,0.0,True
4,-0.18514843860469968,False,,-0.18514843860469968,False,56,0.0,True
5,-0.18541902133419025,False,,-0.18541902133419025,False,56,0.0,True
6,-0.1885706122462537,False,,-0.1885706122462537,False,56,0.0,True
7,-0.1854783033975295,False,,-0.1854783033975295,False,56,0.0,True
8,-0.1882147664635653,False,,-0.1882147664635653,False,56,0.0,True
9,-0.1892105990923914,False,,-0.1892105990923914,False,56,0.0,True
10,-0.18772121143042583,False,,-0.18772121143042583,False,56,0.0,True
11,-0.18918525779103584,False,,-0.18918525779103584,False,56,0.0,True
12,-0.19146976951197764,False,,-0.19146976951197764,False,56,0.0,True
13,-0.1866698876157937,False,,-0.1866698876157937,False,56,0.0,True
14,-0.18838167012816637,False,,-0.18838167012816637,False,56,0.0,True
15,-0.19289217957096408,False,,-0.19289217957096408,False,56,0.0,True
16,-0.1877942649957641,False,,-0.1877942649957641,False,56,0.0,True
17,-0.1849725501322873,False,,-0.1849725501322873,False,56,0.0,True
18,-0.18415359835369807,False,,-0.18415359835369807,False,56,0.0,True
19,-0.19008904599386267,False,,-0.19008904599386267,False,56,0.0,True
20,-0.18760851328430125,False,,-0.18760851328430125,False,56,0.0,True
21,-0.19461066534975469,False,,-0.19461066534975469,False,56,0.0,True
22,-0.1887648421529136,False,,-0.1887648421529136,False,56,0.0,True
23,-0.18820090343800755,False,,-0.18820090343800755,False,56,0.0,True
24,-0.18665819536137795,False,,-0.18665819536137795,False,56,0.0,True
25,-0.190545326000794,False,,-0.190545326000794,False,56,0.0,True
26,-0.18478910834585913,False,,-0.18478910834585913,False,56,0.0,True
27,-0.1873981532711679,False,,-0.1873981532711679,False,56,0.0,True
28,-0.18867882854499857,False,,-0.18867882854499857,False,56,0.0,True
29,-0.1952477969810035,False,,-0.1952477969810035,False,56,0.0,True
30,-0.18722822950124854,False,,-0.18722822950124854,False,56,0.0,True
31,-0.18625371143213618,False,,-0.18625371143213618,False,56,0.0,True
32,-0.18993851910717158,False,,-0.18993851910717158,False,56,0.0,True
33,-0.19143276238626783,False,,-0.19143276238626783,False,56,0.0,True
34,-0.18680951307694066,False,,-0.18680951307694066,False,56,0.0,True
35,-0.18876566498676461,False,,-0.18876566498676461,False,56,0.0,True
36,-0.1883153747632992,False,,-0.1883153747632992,False,56,0.0,True
37,-0.19746362163566897,False,,-0.19746362163566897,False,56,0.0,True
38,-0.1933574408816953,False,,-0.1933574408816953,False,56,0.0,True
39,-0.1972438494005804,False,,-0.1972438494005804,False,56,0.0,True
40,-0.19365385706394828,False,,-0.19365385706394828,False,56,0.0,True
41,-0.188348149530853,False,,-0.188348149530853,False,56,0.0,True
42,-0.19077945901827498,False,,-0.19077945901827498,False,56,0.0,True
43,-0.18587368336387278,False,,-0.18587368336387278,False,56,0.0,True
44,-0.18713973191568978,False,,-0.18713973191568978,False,56,0.0,True
45,-0.19620231051897397,False,,-0.19620231051897397,False,56,0.0,True
46,-0.18321083734021382,False,,-0.18321083734021382,False,56,0.0,True
47,-0.19159636223639956,False,,-0.19159636223639956,False,56,0.0,True
48,-0.18906532025848047,False,,-0.18906532025848047,False,56,0.0,True
49,-0.19026372853518017,False,,-0.19026372853518017,False,56,0.0,True
50,-0.18927895329066774,False,,-0.18927895329066774,False,56,0.0,True
51,-0.19075164233816014,False,,-0.19075164233816014,False,56,0.0,True
52,-0.18751444168297038,False,,-0.18751444168297038,False,56,0.0,True
53,-0.18687992268527498,False,,-0.18687992268527498,False,56,0.0,True
54,-0.18661835683413266,False,,-0.18661835683413266,False,56,0.0,True
55,-0.18940774743392824,False,,-0.18940774743392824,False,56,0.0,True
56,-0.19566740222884135,False,,-0.19566740222884135,False,56,0.0,True
57,-0.19108296145606643,False,,-0.19108296145606643,False,56,0.0,True
58,-0.1889518221186158,False,,-0.1889518221186158,False,56,0.0,True
59,-0.18837497163732458,False,,-0.18837497163732458,False,56,0.0,True
60,-0.19207502128526965,False,,-0.19207502128526965,False,56,0.0,True
61,-0.18702969901191968,False,,-0.18702969901191968,False,56,0.0,True
62,-0.18773606389208117,False,,-0.18773606389208117,False,56,0.0,True
63,-0.18601978117599968,False,,-0.18601978117599968,False,56,0.0,True
0,-0.18163028930595265,True,,-0.18163028930595265,True,57,0.0,True
1,-0.19326257979075673,False,,-0.19326257979075673,False,57,0.0,True
2,-0.16478650615748464,False,,-0.16478650615748464,False,57,0.0,True
3,-0.16853403310844833,False,,-0.16853403310844833,False,57,0.0,True
4,-0.17170745181735755,False,,-0.17170745181735755,False,57,0.0,True
5,-0.16592556298155434,False,,-0.16592556298155434,False,57,0.0,True
6,-0.16744081288308924,False,,-0.16744081288308924,False,57,0.0,True
7,-0.16582129005759882,False,,-0.16582129005759882,False,57,0.0,True
8,-0.1664688325952759,False,,-0.1664688325952759,False,57,0.0,True
9,-0.16661855806009987,False,,-0.16661855806009987,False,57,0.0,True
10,-0.16611811669078436,False,,-0.16611811669078436,False,57,0.0,True
11,-0.16719027423381513,False,,-0.16719027423381513,False,57,0.0,True
12,-0.16804472161841313,False,,-0.16804472161841313,False,57,0.0,True
13,-0.1671223972394822,False,,-0.1671223972394822,False,57,0.0,True
14,-0.1656134497296835,False,,-0.1656134497296835,False,57,0.0,True
15,-0.16442552726591095,False,,-0.16442552726591095,False,57,0.0,True
16,-0.1654916694825156,False,,-0.1654916694825156,False,57,0.0,True
17,-0.1668815987040764,False,,-0.1668815987040764,False,57,0.0,True
18,-0.16658891809488663,False,,-0.16658891809488663,False,57,0.0,True
19,-0.1659756668875495,False,,-0.1659756668875495,False,57,0.0,True
20,-0.16396721945844628,False,,-0.16396721945844628,False,57,0.0,True
21,-0.16633842837428034,False,,-0.16633842837428034,False,57,0.0,True
22,-0.16625585916182384,False,,-0.16625585916182384,False,57,0.0,True
23,-0.16544976052389324,False,,-0.16544976052389324,False,57,0.0,True
24,-0.16752868711218422,False,,-0.16752868711218422,False,57,0.0,True
25,-0.16444899689090228,False,,-0.16444899689090228,False,57,0.0,True
26,-0.16435126806296235,False,,-0.16435126806296235,False,57,0.0,True
27,-0.16532502078928868,False,,-0.16532502078928868,False,57,0.0,True
28,-0.1680720114302734,False,,-0.1680720114302734,False,57,0.0,True
29,-0.16861666671504083,False,,-0.16861666671504083,False,57,0.0,True
30,-0.16678544879270601,False,,-0.16678544879270601,False,57,0.0,True
31,-0.16715138834267343,False,,-0.16715138834267343,False,57,0.0,True
32,-0.1684656766203862,False,,-0.1684656766203862,False,57,0.0,True
33,-0.17599244181908458,False,,-0.17599244181908458,False,57,0.0,True
34,-0.1663431699964855,False,,-0.1663431699964855,False,57,0.0,True
35,-0.16470185840795987,False,,-0.16470185840795987,False,57,0.0,True
36,-0.16548827934428578,False,,-0.16548827934428578,False,57,0.0,True
37,-0.1667999264722887,False,,-0.1667999264722887,False,57,0.0,True
38,-0.16645362112453305,False,,-0.16645362112453305,False,57,0.0,True
39,-0.16629375041661965,False,,-0.16629375041661965,False,57,0.0,True
40,-0.1677449878409123,False,,-0.1677449878409123,False,57,0.0,True
41,-0.16729236712994772,False,,-0.16729236712994772,False,57,0.0,True
42,-0.16461783712257855,False,,-0.16461783712257855,False,57,0.0,True
43,-0.1682865006419681,False,,-0.1682865006419681,False,57,0.0,True
44,-0.1687179503844088,False,,-0.1687179503844088,False,57,0.0,True
45,-0.16591648739183693,False,,-0.16591648739183693,False,57,0.0,True
46,-0.16554413967103077,False,,-0.16554413967103077,False,57,0.0,True
47,-0.1660518329076084,False,,-0.1660518329076084,False,57,0.0,True
48,-0.1664217070815446,False,,-0.1664217070815446,False,57,0.0,True
49,-0.16661894832117286,False,,-0.16661894832117286,False,57,0.0,True
50,-0.16593908939872687,False,,-0.16593908939872687,False,57,0.0,True
51,-0.17026123315389113,False,,-0.17026123315389113,False,57,0.0,True
52,-0.1670518675813646,False,,-0.1670518675813646,False,57,0.0,True
53,-0.1669753867723101,False,,-0.1669753867723101,False,57,0.0,True
54,-0.16546426476437867,False,,-0.16546426476437867,False,57,0.0,True
55,-0.17025848266615504,False,,-0.17025848266615504,False,57,0.0,True
56,-0.1639975719750552,False,,-0.1639975719750552,False,57,0.0,True
57,-0.16393076688725863,False,,-0.16393076688725863,False,57,0.0,True
58,-0.16631913871333048,False,,-0.16631913871333048,False,57,0.0,True
59,-0.16894545098176308,False,,-0.16894545098176308,False,57,0.0,True
60,-0.16693675553904883,False,,-0.16693675553904883,False,57,0.0,True
61,-0.1687000190160004,False,,-0.1687000190160004,False,57,0.0,True
62,-0.16489304108522143,False,,-0.16489304108522143,False,57,0.0,True
63,-0.16714191465750317,False,,-0.16714191465750317,False,57,0.0,True
0,-0.1527531531163581,True,,-0.1527531531163581,True,58,0.0,True
1,-0.15004297666940664,False,,-0.15004297666940664,False,58,0.0,True
2,-0.1390820362327287,False,,-0.1390820362327287,False,58,0.0,True
3,-0.1375368024109419,False,,-0.1375368024109419,False,58,0.0,True
4,-0.13706081930815167,False,,-0.13706081930815167,False,58,0.0,True
5,-0.13658776243282258,False,,-0.13658776243282258,False,58,0.0,True
6,-0.13499524787482767,False,,-0.13499524787482767,False,58,0.0,True
7,-0.13655417499088066,False,,-0.13655417499088066,False,58,0.0,True
8,-0.13736875714185312,False,,-0.13736875714185312,False,58,0.0,True
9,-0.13908200449779723,False,,-0.13908200449779723,False,58,0.0,True
10,-0.13855726276184455,False,,-0.13855726276184455,False,58,0.0,True
11,-0.13639157243303243,False,,-0.13639157243303243,False,58,0.0,True
12,-0.13754237299861038,False,,-0.13754237299861038,False,58,0.0,True
13,-0.13735404256684935,False,,-0.13735404256684935,False,58,0.0,True
14,-0.13848009680400203,False,,-0.13848009680400203,False,58,0.0,True
15,-0.13560354739961694,False,,-0.13560354739961694,False,58,0.0,True
16,-0.144453369769391,False,,-0.144453369769391,False,58,0.0,True
17,-0.1403283252329306,False,,-0.1403283252329306,False,58,0.0,True
18,-0.13827925646484251,False,,-0.13827925646484251,False,58,0.0,True
19,-0.1397178737672033,False,,-0.1397178737672033,False,58,0.0,True
20,-0.1374483825598095,False,,-0.1374483825598095,False,58,0.0,True
21,-0.14231324321026517,False,,-0.14231324321026517,False,58,0.0,True
22,-0.13981533540428662,False,,-0.13981533540428662,False,58,0.0,True
23,-0.1394180321609514,False,,-0.1394180321609514,False,58,0.0,True
24,-0.14111380597231948,False,,-0.14111380597231948,False,58,0.0,True
25,-0.13747877201499464,False,,-0.13747877201499464,False,58,0.0,True
26,-0.13839354845361956,False,,-0.13839354845361956,False,58,0.0,True
27,-0.13536016742771972,False,,-0.13536016742771972,False,58,0.0,True
28,-0.13872889560297497,False,,-0.13872889560297497,False,58,0.0,True
29,-0.13657283344008758,False,,-0.13657283344008758,False,58,0.0,True
30,-0.13747795142172486,False,,-0.13747795142172486,False,58,0.0,True
31,-0.13646391430440755,False,,-0.13646391430440755,False,58,0.0,True
32,-0.1359013265380576,False,,-0.1359013265380576,False,58,0.0,True
33,-0.13893065319138959,False,,-0.13893065319138959,False,58,0.0,True
34,-0.13736639438354936,False,,-0.13736639438354936,False,58,0.0,True
35,-0.13665230933769046,False,,-0.13665230933769046,False,58,0.0,True
36,-0.1403146310209658,False,,-0.1403146310209658,False,58,0.0,True
37,-0.1382570184508255,False,,-0.1382570184508255,False,58,0.0,True
38,-0.13988935666550095,False,,-0.13988935666550095,False,58,0.0,True
39,-0.13771305830071257,False,,-0.13771305830071257,False,58,0.0,True
40,-0.13548373068316413,False,,-0.13548373068316413,False,58,0.0,True
41,-0.13682848503593137,False,,-0.13682848503593137,False,58,0.0,True
42,-0.13579807020543516,False,,-0.13579807020543516,False,58,0.0,True
43,-0.14491463153195222,False,,-0.14491463153195222,False,58,0.0,True
44,-0.13678000522863942,False,,-0.13678000522863942,False,58,0.0,True
45,-0.1392048188093937,False,,-0.1392048188093937,False,58,0.0,True
46,-0.1390311617032145,False,,-0.1390311617032145,False,58,0.0,True
47,-0.13813732817170965,False,,-0.13813732817170965,False,58,0.0,True
48,-0.13479647083326415,False,,-0.13479647083326415,False,58,0.0,True
49,-0.1376503718968679,False,,-0.1376503718968679,False,58,0.0,True
50,-0.14063342782652538,False,,-0.14063342782652538,False,58,0.0,True
51,-0.1410841713912201,False,,-0.1410841713912201,False,58,0.0,True
52,-0.1401960040186001,False,,-0.1401960040186001,False,58,0.0,True
53,-0.1395132257572955,False,,-0.1395132257572955,False,58,0.0,True
54,-0.13568121315568984,False,,-0.13568121315568984,False,58,0.0,True
55,-0.1382629541797077,False,,-0.1382629541797077,False,58,0.0,True
56,-0.1394877556852008,False,,-0.1394877556852008,False,58,0.0,True
57,-0.1372251835736712,False,,-0.1372251835736712,False,58,0.0,True
58,-0.13568259174953842,False,,-0.13568259174953842,False,58,0.0,True
59,-0.14119636452644466,False,,-0.14119636452644466,False,58,0.0,True
60,-0.1389801439094949,False,,-0.1389801439094949,False,58,0.0,True
61,-0.13910834226203872,False,,-0.13910834226203872,False,58,0.0,True
62,-0.1402661395384533,False,,-0.1402661395384533,False,58,0.0,True
63,-0.1361641975312037,False,,-0.1361641975312037,False,58,0.0,True
0,-0.13962658901694758,True,,-0.13962658901694758,True,59,0.0,True
1,-0.14310139347523582,False,,-0.14310139347523582,False,59,0.0,True
2,-0.1297204474785693,False,,-0.1297204474785693,False,59,0.0,True
3,-0.13199191064826557,False,,-0.13199191064826557,False,59,0.0,True
4,-0.1337755465527785,False,,-0.1337755465527785,False,59,0.0,True
5,-0.1304135573951635,False,,-0.1304135573951635,False,59,0.0,True
6,-0.1330669244610094,False,,-0.1330669244610094,False,59,0.0,True
7,-0.13222493989798134,False,,-0.13222493989798134,False,59,0.0,True
8,-0.13041666579483596,False,,-0.13041666579483596,False,59,0.0,True
9,-0.1321480830230412,False,,-0.1321480830230412,False,59,0.0,True
10,-0.12896132992620765,False,,-0.12896132992620765,False,59,0.0,True
11,-0.129364900859116,False,,-0.129364900859116,False,59,0.0,True
12,-0.12909042074552562,False,,-0.12909042074552562,False,59,0.0,True
13,-0.12848074325589345,False,,-0.12848074325589345,False,59,0.0,True
14,-0.13018903393526599,False,,-0.13018903393526599,False,59,0.0,True
15,-0.1298335002597371,False,,-0.1298335002597371,False,59,0.0,True
16,-0.12888091548612185,False,,-0.12888091548612185,False,59,0.0,True
17,-0.12932195168664518,False,,-0.12932195168664518,False,59,0.0,True
18,-0.13046020643803186,False,,-0.13046020643803186,False,59,0.0,True
19,-0.12939075640661704,False,,-0.12939075640661704,False,59,0.0,True
20,-0.13505753842975152,False,,-0.13505753842975152,False,59,0.0,True
21,-0.13296573761825853,False,,-0.13296573761825853,False,59,0.0,True
22,-0.13204569169403424,False,,-0.13204569169403424,False,59,0.0,True
23,-0.13281994949794473,False,,-0.13281994949794473,False,59,0.0,True
24,-0.13036359383240326,False,,-0.13036359383240326,False,59,0.0,True
25,-0.13055603798920237,False,,-0.13055603798920237,False,59,0.0,True
26,-0.13099047301354433,False,,-0.13099047301354433,False,59,0.0,True
27,-0.12893801628476242,False,,-0.12893801628476242,False,59,0.0,True
28,-0.13116800428707662,False,,-0.13116800428707662,False,59,0.0,True
29,-0.13268197955126143,False,,-0.13268197955126143,False,59,0.0,True
30,-0.1315163541333826,False,,-0.1315163541333826,False,59,0.0,True
31,-0.1293944806543617,False,,-0.1293944806543617,False,59,0.0,True
32,-0.13246377167726336,False,,-0.13246377167726336,False,59,0.0,True
33,-0.13004165918478444,False,,-0.13004165918478444,False,59,0.0,True
34,-0.13202007884054323,False,,-0.13202007884054323,False,59,0.0,True
35,-0.13301741509872667,False,,-0.13301741509872667,False,59,0.0,True
36,-0.13199759258863378,False,,-0.13199759258863378,False,59,0.0,True
37,-0.13225057118840094,False,,-0.13225057118840094,False,59,0.0,True
38,-0.1297913605493296,False,,-0.1297913605493296,False,59,0.0,True
39,-0.1336511050442819,False,,-0.1336511050442819,False,59,0.0,True
40,-0.12907835141151436,False,,-0.12907835141151436,False,59,0.0,True
41,-0.12972119955654504,False,,-0.12972119955654504,False,59,0.0,True
42,-0.13373138234239657,False,,-0.13373138234239657,False,59,0.0,True
43,-0.13000048353294988,False,,-0.13000048353294988,False,59,0.0,True
44,-0.13137281479134416,False,,-0.13137281479134416,False,59,0.0,True
45,-0.13256217974639833,False,,-0.13256217974639833,False,59,0.0,True
46,-0.13331725445788317,False,,-0.13331725445788317,False,59,0.0,True
47,-0.13409993083719443,False,,-0.13409993083719443,False,59,0.0,True
48,-0.13133860802806427,False,,-0.13133860802806427,False,59,0.0,True
49,-0.1292139323771958,False,,-0.1292139323771958,False,59,0.0,True
50,-0.13042770883277705,False,,-0.13042770883277705,False,59,0.0,True
51,-0.13246420286669722,False,,-0.13246420286669722,False,59,0.0,True
52,-0.13213891951243334,False,,-0.13213891951243334,False,59,0.0,True
53,-0.13297799661510412,False,,-0.13297799661510412,False,59,0.0,True
54,-0.1319881983955335,False,,-0.1319881983955335,False,59,0.0,True
55,-0.13097671198701905,False,,-0.13097671198701905,False,59,0.0,True
56,-0.1311046479538598,False,,-0.1311046479538598,False,59,0.0,True
57,-0.13210114746322316,False,,-0.13210114746322316,False,59,0.0,True
58,-0.13182426346283116,False,,-0.13182426346283116,False,59,0.0,True
59,-0.13190201586168232,False,,-0.13190201586168232,False,59,0.0,True
60,-0.13237027762119016,False,,-0.13237027762119016,False,59,0.0,True
61,-0.12990740245735083,False,,-0.12990740245735083,False,59,0.0,True
62,-0.13170724553211705,False,,-0.13170724553211705,False,59,0.0,True
63,-0.1332907362813575,False,,-0.1332907362813575,False,59,0.0,True
0,-0.12627169314515557,True,,-0.12627169314515557,True,60,0.0,True
1,-0.1260037745883583,False,,-0.1260037745883583,False,60,0.0,True
2,-0.12125239656614763,False,,-0.12125239656614763,False,60,0.0,True
3,-0.12140778795809921,False,,-0.12140778795809921,False,60,0.0,True
4,-0.11974945927549446,False,,-0.11974945927549446,False,60,0.0,True
5,-0.11751771473852504,False,,-0.11751771473852504,False,60,0.0,True
6,-0.1200108954845098,False,,-0.1200108954845098,False,60,0.0,True
7,-0.12092350107603592,False,,-0.12092350107603592,False,60,0.0,True
8,-0.1206898426971272,False,,-0.1206898426971272,False,60,0.0,True
9,-0.12040155972001224,False,,-0.12040155972001224,False,60,0.0,True
10,-0.11633895963378456,False,,-0.11633895963378456,False,60,0.0,True
11,-0.12013917672499691,False,,-0.12013917672499691,False,60,0.0,True
12,-0.11872659287052495,False,,-0.11872659287052495,False,60,0.0,True
13,-0.11883330921961069,False,,-0.11883330921961069,False,60,0.0,True
14,-0.11811318393947981,False,,-0.11811318393947981,False,60,0.0,True
15,-0.11986522196709604,False,,-0.11986522196709604,False,60,0.0,True
16,-0.12172013895228292,False,,-0.12172013895228292,False,60,0.0,True
17,-0.1184128770877217,False,,-0.1184128770877217,False,60,0.0,True
18,-0.11829012340514326,False,,-0.11829012340514326,False,60,0.0,True
19,-0.11950297847961908,False,,-0.11950297847961908,False,60,0.0,True
20,-0.11812508373688897,False,,-0.11812508373688897,False,60,0.0,True
21,-0.11671476128068828,False,,-0.11671476128068828,False,60,0.0,True
22,-0.11860207512997878,False,,-0.11860207512997878,False,60,0.0,True
23,-0.12010806932849084,False,,-0.12010806932849084,False,60,0.0,True
24,-0.11780444097544604,False,,-0.11780444097544604,False,60,0.0,True
25,-0.11912070771355288,False,,-0.11912070771355288,False,60,0.0,True
26,-0.12164307895175984,False,,-0.12164307895175984,False,60,0.0,True
27,-0.1214467825583884,False,,-0.1214467825583884,False,60,0.0,True
28,-0.11867556937313596,False,,-0.11867556937313596,False,60,0.0,True
29,-0.11776490529143022,False,,-0.11776490529143022,False,60,0.0,True
30,-0.11978785781144702,False,,-0.11978785781144702,False,60,0.0,True
31,-0.1196736884509989,False,,-0.1196736884509989,False,60,0.0,True
32,-0.1185853342282125,False,,-0.1185853342282125,False,60,0.0,True
33,-0.11747606596764704,False,,-0.11747606596764704,False,60,0.0,True
34,-0.11783279326467329,False,,-0.11783279326467329,False,60,0.0,True
35,-0.11926376168946667,False,,-0.11926376168946667,False,60,0.0,True
36,-0.11768358401589302,False,,-0.11768358401589302,False,60,0.0,True
37,-0.12008051913019238,False,,-0.12008051913019238,False,60,0.0,True
38,-0.1203890769564549,False,,-0.1203890769564549,False,60,0.0,True
39,-0.11828779273077814,False,,-0.11828779273077814,False,60,0.0,True
40,-0.12089987183946926,False,,-0.12089987183946926,False,60,0.0,True
41,-0.12071043233395629,False,,-0.12071043233395629,False,60,0.0,True
42,-0.11859912775660605,False,,-0.11859912775660605,False,60,0.0,True
43,-0.12090494799164321,False,,-0.12090494799164321,False,60,0.0,True
44,-0.12201547546022959,False,,-0.12201547546022959,False,60,0.0,True
45,-0.11879726931564111,False,,-0.11879726931564111,False,60,0.0,True
46,-0.12211614456328307,False,,-0.12211614456328307,False,60,0.0,True
47,-0.11989522338169131,False,,-0.11989522338169131,False,60,0.0,True
48,-0.11878963605442266,False,,-0.11878963605442266,False,60,0.0,True
49,-0.12145289166047377,False,,-0.12145289166047377,False,60,0.0,True
50,-0.11927231065109645,False,,-0.11927231065109645,False,60,0.0,True
51,-0.11730457819629153,False,,-0.11730457819629153,False,60,0.0,True
52,-0.11862933964174349,False,,-0.11862933964174349,False,60,0.0,True
53,-0.12002698327655725,False,,-0.12002698327655725,False,60,0.0,True
54,-0.11755884408005705,False,,-0.11755884408005705,False,60,0.0,True
55,-0.11869547435812805,False,,-0.11869547435812805,False,60,0.0,True
56,-0.12293581037439817,False,,-0.12293581037439817,False,60,0.0,True
57,-0.12066334520861083,False,,-0.12066334520861083,False,60,0.0,True
58,-0.11774392796805132,False,,-0.11774392796805132,False,60,0.0,True
59,-0.11879380198640116,False,,-0.11879380198640116,False,60,0.0,True
60,-0.11930647032612013,False,,-0.11930647032612013,False,60,0.0,True
61,-0.12006463816969563,False,,-0.12006463816969563,False,60,0.0,True
62,-0.1218407103691345,False,,-0.1218407103691345,False,60,0.0,True
63,-0.11962352189670233,False,,-0.11962352189670233,False,60,0.0,True
0,-0.10167480311978569,True,,-0.10167480311978569,True,61,0.0,True
1,-0.1032922959274283,False,,-0.1032922959274283,False,61,0.0,True
2,-0.0999094695971901,False,,-0.0999094695971901,False,61,0.0,True
3,-0.0993171912638052,False,,-0.0993171912638052,False,61,0.0,True
4,-0.09880164342535025,False,,-0.09880164342535025,False,61,0.0,True
5,-0.10107851347631111,False,,-0.10107851347631111,False,61,0.0,True
6,-0.09791213074548752,False,,-0.09791213074548752,False,61,0.0,True
7,-0.09877912010447545,False,,-0.09877912010447545,False,61,0.0,True
8,-0.09840283363688786,False,,-0.09840283363688786,False,61,0.0,True
9,-0.09606354317676104,False,,-0.09606354317676104,False,61,0.0,True
10,-0.09677872032449059,False,,-0.09677872032449059,False,61,0.0,True
11,-0.099558544563544,False,,-0.099558544563544,False,61,0.0,True
12,-0.09946823458090395,False,,-0.09946823458090395,False,61,0.0,True
13,-0.09740430697113926,False,,-0.09740430697113926,False,61,0.0,True
14,-0.09691781807437799,False,,-0.09691781807437799,False,61,0.0,True
15,-0.09750909166673921,False,,-0.09750909166673921,False,61,0.0,True
16,-0.09761505421405414,False,,-0.09761505421405414,False,61,0.0,True
17,-0.09752746943697828,False,,-0.09752746943697828,False,61,0.0,True
18,-0.09973356302274652,False,,-0.09973356302274652,False,61,0.0,True
19,-0.09753096526162378,False,,-0.09753096526162378,False,61,0.0,True
20,-0.09817632337202853,False,,-0.09817632337202853,False,61,0.0,True
21,-0.0981481328942387,False,,-0.0981481328942387,False,61,0.0,True
22,-0.09931032059312872,False,,-0.09931032059312872,False,61,0.0,True
23,-0.09785843338448115,False,,-0.09785843338448115,False,61,0.0,True
24,-0.09905120498456654,False,,-0.09905120498456654,False,61,0.0,True
25,-0.09807294066664135,False,,-0.09807294066664135,False,61,0.0,True
26,-0.09754711609695713,False,,-0.09754711609695713,False,61,0.0,True
27,-0.09897981674250148,False,,-0.09897981674250148,False,61,0.0,True
28,-0.10108265547444667,False,,-0.10108265547444667,False,61,0.0,True
29,-0.09823190555285406,False,,-0.09823190555285406,False,61,0.0,True
30,-0.10100554631943658,False,,-0.10100554631943658,False,61,0.0,True
31,-0.09686046505783273,False,,-0.09686046505783273,False,61,0.0,True
32,-0.09977447551969089,False,,-0.09977447551969089,False,61,0.0,True
33,-0.09876851742981661,False,,-0.09876851742981661,False,61,0.0,True
34,-0.09919271423936003,False,,-0.09919271423936003,False,61,0.0,True
35,-0.09939155904914335,False,,-0.09939155904914335,False,61,0.0,True
36,-0.09777590375612216,False,,-0.09777590375612216,False,61,0.0,True
37,-0.09906139622433202,False,,-0.09906139622433202,False,61,0.0,True
38,-0.09715472466153718,False,,-0.09715472466153718,False,61,0.0,True
39,-0.09946134107792279,False,,-0.09946134107792279,False,61,0.0,True
40,-0.09733866667190386,False,,-0.09733866667190386,False,61,0.0,True
41,-0.10017693994462246,False,,-0.10017693994462246,False,61,0.0,True
42,-0.09720854068451053,False,,-0.09720854068451053,False,61,0.0,True
43,-0.0988162469591432,False,,-0.0988162469591432,False,61,0.0,True
44,-0.09682813419026479,False,,-0.09682813419026479,False,61,0.0,True
45,-0.10065651810160968,False,,-0.10065651810160968,False,61,0.0,True
46,-0.09889561264954196,False,,-0.09889561264954196,False,61,0.0,True
47,-0.09719563353838985,False,,-0.09719563353838985,False,61,0.0,True
48,-0.09756207882623888,False,,-0.09756207882623888,False,61,0.0,True
49,-0.09955062858560083,False,,-0.09955062858560083,False,61,0.0,True
50,-0.09755089418841628,False,,-0.09755089418841628,False,61,0.0,True
51,-0.09834820877252398,False,,-0.09834820877252398,False,61,0.0,True
52,-0.09848245704427694,False,,-0.09848245704427694,False,61,0.0,True
53,-0.09726647790866719,False,,-0.09726647790866719,False,61,0.0,True
54,-0.09856205660772323,False,,-0.09856205660772323,False,61,0.0,True
55,-0.09831035712527071,False,,-0.09831035712527071,False,61,0.0,True
56,-0.0983137411115644,False,,-0.0983137411115644,False,61,0.0,True
57,-0.0996547583182548,False,,-0.0996547583182548,False,61,0.0,True
58,-0.09865408183048216,False,,-0.09865408183048216,False,61,0.0,True
59,-0.09792340863561394,False,,-0.09792340863561394,False,61,0.0,True
60,-0.09980763033133612,False,,-0.09980763033133612,False,61,0.0,True
61,-0.09771800866303533,False,,-0.09771800866303533,False,61,0.0,True
62,-0.09719639899280427,False,,-0.09719639899280427,False,61,0.0,True
63,-0.10031015273920939,False,,-0.10031015273920939,False,61,0.0,True
0,-0.09891361670672082,True,,-0.09891361670672082,True,62,0.0,True
1,-0.09851740396147698,False,,-0.09851740396147698,False,62,0.0,True
2,-0.09619112773261954,False,,-0.09619112773261954,False,62,0.0,True
3,-0.09430898917438853,False,,-0.09430898917438853,False,62,0.0,True
4,-0.09556865803809472,False,,-0.09556865803809472,False,62,0.0,True
5,-0.09398768070962124,False,,-0.09398768070962124,False,62,0.0,True
6,-0.09993744576002325,False,,-0.09993744576002325,False,62,0.0,True
7,-0.09755510173187264,False,,-0.09755510173187264,False,62,0.0,True
8,-0.09473649121921712,False,,-0.09473649121921712,False,62,0.0,True
9,-0.09795390388053657,False,,-0.09795390388053657,False,62,0.0,True
10,-0.09713100496015317,False,,-0.09713100496015317,False,62,0.0,True
11,-0.09404427365616799,False,,-0.09404427365616799,False,62,0.0,True
12,-0.09634487229765186,False,,-0.09634487229765186,False,62,0.0,True
13,-0.09748107138914705,False,,-0.09748107138914705,False,62,0.0,True
14,-0.0996010319096518,False,,-0.0996010319096518,False,62,0.0,True
15,-0.09502735652110704,False,,-0.09502735652110704,False,62,0.0,True
16,-0.09727334857554355,False,,-0.09727334857554355,False,62,0.0,True
17,-0.09592995311263178,False,,-0.09592995311263178,False,62,0.0,True
18,-0.09721712184385278,False,,-0.09721712184385278,False,62,0.0,True
19,-0.09593399866405723,False,,-0.09593399866405723,False,62,0.0,True
20,-0.09599543500659746,False,,-0.09599543500659746,False,62,0.0,True
21,-0.10022151204098026,False,,-0.10022151204098026,False,62,0.0,True
22,-0.09784404570959417,False,,-0.09784404570959417,False,62,0.0,True
23,-0.096042464444906,False,,-0.096042464444906,False,62,0.0,True
24,-0.09504922227139939,False,,-0.09504922227139939,False,62,0.0,True
25,-0.09532297680855678,False,,-0.09532297680855678,False,62,0.0,True
26,-0.09639795827047878,False,,-0.09639795827047878,False,62,0.0,True
27,-0.09804612610211853,False,,-0.09804612610211853,False,62,0.0,True
28,-0.09413672837443576,False,,-0.09413672837443576,False,62,0.0,True
29,-0.09528289248642874,False,,-0.09528289248642874,False,62,0.0,True
30,-0.09829625909461256,False,,-0.09829625909461256,False,62,0.0,True
31,-0.09718916378640033,False,,-0.09718916378640033,False,62,0.0,True
32,-0.09678470876507785,False,,-0.09678470876507785,False,62,0.0,True
33,-0.09540109514379627,False,,-0.09540109514379627,False,62,0.0,True
34,-0.09796383549674041,False,,-0.09796383549674041,False,62,0.0,True
35,-0.09690829367568225,False,,-0.09690829367568225,False,62,0.0,True
36,-0.09419503205851572,False,,-0.09419503205851572,False,62,0.0,True
37,-0.09570126432719175,False,,-0.09570126432719175,False,62,0.0,True
38,-0.10075211588342158,False,,-0.10075211588342158,False,62,0.0,True
39,-0.09574098993606836,False,,-0.09574098993606836,False,62,0.0,True
40,-0.09868622464364189,False,,-0.09868622464364189,False,62,0.0,True
41,-0.09658997535472183,False,,-0.09658997535472183,False,62,0.0,True
42,-0.09553673087300024,False,,-0.09553673087300024,False,62,0.0,True
43,-0.09452962313888313,False,,-0.09452962313888313,False,62,0.0,True
44,-0.09664476617118498,False,,-0.09664476617118498,False,62,0.0,True
45,-0.09636812166875798,False,,-0.09636812166875798,False,62,0.0,True
46,-0.09835559644191275,False,,-0.09835559644191275,False,62,0.0,True
47,-0.09882952079736917,False,,-0.09882952079736917,False,62,0.0,True
48,-0.0969354199256818,False,,-0.0969354199256818,False,62,0.0,True
49,-0.09379999009764113,False,,-0.09379999009764113,False,62,0.0,True
50,-0.09615415676256639,False,,-0.09615415676256639,False,62,0.0,True
51,-0.09299361612477197,False,,-0.09299361612477197,False,62,0.0,True
52,-0.0976412633182529,False,,-0.0976412633182529,False,62,0.0,True
53,-0.0947225610180122,False,,-0.0947225610180122,False,62,0.0,True
54,-0.09530076978111618,False,,-0.09530076978111618,False,62,0.0,True
55,-0.09438333095735837,False,,-0.09438333095735837,False,62,0.0,True
56,-0.09504934420020228,False,,-0.09504934420020228,False,62,0.0,True
57,-0.09475125508041335,False,,-0.09475125508041335,False,62,0.0,True
58,-0.09587337029699239,False,,-0.09587337029699239,False,62,0.0,True
59,-0.09767508253390647,False,,-0.09767508253390647,False,62,0.0,True
60,-0.09924962759477929,False,,-0.09924962759477929,False,62,0.0,True
61,-0.09453798113470194,False,,-0.09453798113470194,False,62,0.0,True
62,-0.09724160460953869,False,,-0.09724160460953869,False,62,0.0,True
63,-0.0952154535907183,False,,-0.0952154535907183,False,62,0.0,True
0,-0.0703561435730454,True,,-0.0703561435730454,True,63,0.0,True
1,-0.0715974438913826,False,,-0.0715974438913826,False,63,0.0,True
2,-0.0672346578371023,False,,-0.0672346578371023,False,63,0.0,True
3,-0.06886830475254091,False,,-0.06886830475254091,False,63,0.0,True
4,-0.06725282118714082,False,,-0.06725282118714082,False,63,0.0,True
5,-0.06724245784263047,False,,-0.06724245784263047,False,63,0.0,True
6,-0.06742293279355505,False,,-0.06742293279355505,False,63,0.0,True
7,-0.06762682053536405,False,,-0.06762682053536405,False,63,0.0,True
8,-0.06720544480469362,False,,-0.06720544480469362,False,63,0.0,True
9,-0.06835196509625202,False,,-0.06835196509625202,False,63,0.0,True
10,-0.06900617691751842,False,,-0.06900617691751842,False,63,0.0,True
11,-0.06833407533209103,False,,-0.06833407533209103,False,63,0.0,True
12,-0.0684774276102243,False,,-0.0684774276102243,False,63,0.0,True
13,-0.06806589361835821,False,,-0.06806589361835821,False,63,0.0,True
14,-0.06695851811072076,False,,-0.06695851811072076,False,63,0.0,True
15,-0.0677624010713759,False,,-0.0677624010713759,False,63,0.0,True
16,-0.06938719236798584,False,,-0.06938719236798584,False,63,0.0,True
17,-0.06765878201412855,False,,-0.06765878201412855,False,63,0.0,True
18,-0.06782368219403309,False,,-0.06782368219403309,False,63,0.0,True
19,-0.0669215152192,False,,-0.0669215152192,False,63,0.0,True
20,-0.06904371762315076,False,,-0.06904371762315076,False,63,0.0,True
21,-0.06741729639085295,False,,-0.06741729639085295,False,63,0.0,True
22,-0.0668490485791732,False,,-0.0668490485791732,False,63,0.0,True
23,-0.06922798121492207,False,,-0.06922798121492207,False,63,0.0,True
24,-0.06710491814071856,False,,-0.06710491814071856,False,63,0.0,True
25,-0.06901392362560141,False,,-0.06901392362560141,False,63,0.0,True
26,-0.06720695921039518,False,,-0.06720695921039518,False,63,0.0,True
27,-0.06803686111063204,False,,-0.06803686111063204,False,63,0.0,True
28,-0.07009212305033845,False,,-0.07009212305033845,False,63,0.0,True
29,-0.06718654354977338,False,,-0.06718654354977338,False,63,0.0,True
30,-0.06638781522947737,False,,-0.06638781522947737,False,63,0.0,True
31,-0.06669573710264305,False,,-0.06669573710264305,False,63,0.0,True
32,-0.0673253177989332,False,,-0.0673253177989332,False,63,0.0,True
33,-0.0674585822552306,False,,-0.0674585822552306,False,63,0.0,True
34,-0.06874490252493431,False,,-0.06874490252493431,False,63,0.0,True
35,-0.06668663966016647,False,,-0.06668663966016647,False,63,0.0,True
36,-0.06908375444105504,False,,-0.06908375444105504,False,63,0.0,True
37,-0.06851432293467583,False,,-0.06851432293467583,False,63,0.0,True
38,-0.06802008183412711,False,,-0.06802008183412711,False,63,0.0,True
39,-0.06772536310649327,False,,-0.06772536310649327,False,63,0.0,True
40,-0.06780657944959942,False,,-0.06780657944959942,False,63,0.0,True
41,-0.06738437466302455,False,,-0.06738437466302455,False,63,0.0,True
42,-0.0683094108017539,False,,-0.0683094108017539,False,63,0.0,True
43,-0.06853252015072422,False,,-0.06853252015072422,False,63,0.0,True
44,-0.06893664647082509,False,,-0.06893664647082509,False,63,0.0,True
45,-0.06857798355133067,False,,-0.06857798355133067,False,63,0.0,True
46,-0.06675711551466204,False,,-0.06675711551466204,False,63,0.0,True
47,-0.06966042327301566,False,,-0.06966042327301566,False,63,0.0,True
48,-0.06698740790707298,False,,-0.06698740790707298,False,63,0.0,True
49,-0.0680166503058107,False,,-0.0680166503058107,False,63,0.0,True
50,-0.06714304965574572,False,,-0.06714304965574572,False,63,0.0,True
51,-0.06704167846356193,False,,-0.06704167846356193,False,63,0.0,True
52,-0.06776694978783859,False,,-0.06776694978783859,False,63,0.0,True
53,-0.06737119403904801,False,,-0.06737119403904801,False,63,0.0,True
54,-0.0692654378337907,False,,-0.0692654378337907,False,63,0.0,True
55,-0.06788902868945956,False,,-0.06788902868945956,False,63,0.0,True
56,-0.06770810046024757,False,,-0.06770810046024757,False,63,0.0,True
57,-0.06764173066947582,False,,-0.06764173066947582,False,63,0.0,True
58,-0.06818271364092908,False,,-0.06818271364092908,False,63,0.0,True
59,-0.06750879619709996,False,,-0.06750879619709996,False,63,0.0,True
60,-0.06700705206512794,False,,-0.06700705206512794,False,63,0.0,True
61,-0.06724254146092148,False,,-0.06724254146092148,False,63,0.0,True
62,-0.06738288756627317,False,,-0.06738288756627317,False,63,0.0,True
63,-0.06809209736479917,False,,-0.06809209736479917,False,63,0.0,True
0,-0.07412320605478248,True,,-0.07412320605478248,True,64,0.0,True
1,-0.07239654386805351,False,,-0.07239654386805351,False,64,0.0,True
2,-0.07023630131679165,False,,-0.07023630131679165,False,64,0.0,True
3,-0.06976266022802374,False,,-0.06976266022802374,False,64,0.0,True
4,-0.0701638494700261,False,,-0.0701638494700261,False,64,0.0,True
5,-0.07059189073046648,False,,-0.07059189073046648,False,64,0.0,True
6,-0.07012068311897673,False,,-0.07012068311897673,False,64,0.0,True
7,-0.07146789639526521,False,,-0.07146789639526521,False,64,0.0,True
8,-0.06965734073974271,False,,-0.06965734073974271,False,64,0.0,True
9,-0.07015606802080873,False,,-0.07015606802080873,False,64,0.0,True
10,-0.06953525379091233,False,,-0.06953525379091233,False,64,0.0,True
11,-0.06998156534795916,False,,-0.06998156534795916,False,64,0.0,True
12,-0.07081282157864074,False,,-0.07081282157864074,False,64,0.0,True
13,-0.069283996254878,False,,-0.069283996254878,False,64,0.0,True
14,-0.07123308862736001,False,,-0.07123308862736001,False,64,0.0,True
15,-0.07091202615844405,False,,-0.07091202615844405,False,64,0.0,True
16,-0.07064298186909507,False,,-0.07064298186909507,False,64,0.0,True
17,-0.06977297605552069,False,,-0.06977297605552069,False,64,0.0,True
18,-0.0689422506511079,False,,-0.0689422506511079,False,64,0.0,True
19,-0.07125896458730524,False,,-0.07125896458730524,False,64,0.0,True
20,-0.07028662593603732,False,,-0.07028662593603732,False,64,0.0,True
21,-0.07000456186440027,False,,-0.07000456186440027,False,64,0.0,True
22,-0.07143607654251577,False,,-0.07143607654251577,False,64,0.0,True
23,-0.06991688543553073,False,,-0.06991688543553073,False,64,0.0,True
24,-0.06992892195235192,False,,-0.06992892195235192,False,64,0.0,True
25,-0.07219916861318272,False,,-0.07219916861318272,False,64,0.0,True
26,-0.06902968356757641,False,,-0.06902968356757641,False,64,0.0,True
27,-0.07146659714259333,False,,-0.07146659714259333,False,64,0.0,True
28,-0.06941272119160795,False,,-0.06941272119160795,False,64,0.0,True
29,-0.07041931265171944,False,,-0.07041931265171944,False,64,0.0,True
30,-0.06967168974911017,False,,-0.06967168974911017,False,64,0.0,True
31,-0.06989879171015603,False,,-0.06989879171015603,False,64,0.0,True
32,-0.06983253525340337,False,,-0.06983253525340337,False,64,0.0,True
33,-0.06936910618141884,False,,-0.06936910618141884,False,64,0.0,True
34,-0.07088789204240337,False,,-0.07088789204240337,False,64,0.0,True
35,-0.07110095321148177,False,,-0.07110095321148177,False,64,0.0,True
36,-0.06956287041343241,False,,-0.06956287041343241,False,64,0.0,True
37,-0.06957734308912908,False,,-0.06957734308912908,False,64,0.0,True
38,-0.07095485705032402,False,,-0.07095485705032402,False,64,0.0,True
39,-0.06987172865534273,False,,-0.06987172865534273,False,64,0.0,True
40,-0.07023687482216663,False,,-0.07023687482216663,False,64,0.0,True
41,-0.0697129375314274,False,,-0.0697129375314274,False,64,0.0,True
42,-0.06908525109551451,False,,-0.06908525109551451,False,64,0.0,True
43,-0.07063840080630053,False,,-0.07063840080630053,False,64,0.0,True
44,-0.07139146549635236,False,,-0.07139146549635236,False,64,0.0,True
45,-0.06992573220178423,False,,-0.06992573220178423,False,64,0.0,True
46,-0.0700006226568885,False,,-0.0700006226568885,False,64,0.0,True
47,-0.07059034267233702,False,,-0.07059034267233702,False,64,0.0,True
48,-0.06969490253623395,False,,-0.06969490253623395,False,64,0.0,True
49,-0.06993298930551876,False,,-0.06993298930551876,False,64,0.0,True
50,-0.07003363570613828,False,,-0.07003363570613828,False,64,0.0,True
51,-0.06956707911386424,False,,-0.06956707911386424,False,64,0.0,True
52,-0.06902556549957362,False,,-0.06902556549957362,False,64,0.0,True
53,-0.0699694408089585,False,,-0.0699694408089585,False,64,0.0,True
54,-0.06972770890090972,False,,-0.06972770890090972,False,64,0.0,True
55,-0.07165826457591778,False,,-0.07165826457591778,False,64,0.0,True
56,-0.07062381578279373,False,,-0.07062381578279373,False,64,0.0,True
57,-0.07084547205874045,False,,-0.07084547205874045,False,64,0.0,True
58,-0.0715312742729447,False,,-0.0715312742729447,False,64,0.0,True
59,-0.07037183571900771,False,,-0.07037183571900771,False,64,0.0,True
60,-0.06946618226778503,False,,-0.06946618226778503,False,64,0.0,True
61,-0.07018472926258412,False,,-0.07018472926258412,False,64,0.0,True
62,-0.06994617325245461,False,,-0.06994617325245461,False,64,0.0,True
63,-0.07149243430391233,False,,-0.07149243430391233,False,64,0.0,True
0,-0.061883704354091205,True,,-0.061883704354091205,True,65,0.0,True
1,-0.06224550095810424,False,,-0.06224550095810424,False,65,0.0,True
2,-0.059276239656184754,False,,-0.059276239656184754,False,65,0.0,True
3,-0.05797221481606474,False,,-0.05797221481606474,False,65,0.0,True
4,-0.060089552126122756,False,,-0.060089552126122756,False,65,0.0,True
5,-0.05984918882686603,False,,-0.05984918882686603,False,65,0.0,True
6,-0.060013616294836085,False,,-0.060013616294836085,False,65,0.0,True
7,-0.061076453081946036,False,,-0.061076453081946036,False,65,0.0,True
8,-0.05955233946382753,False,,-0.05955233946382753,False,65,0.0,True
9,-0.059260241577563544,False,,-0.059260241577563544,False,65,0.0,True
10,-0.05937419832992126,False,,-0.05937419832992126,False,65,0.0,True
11,-0.05883793941395048,False,,-0.05883793941395048,False,65,0.0,True
12,-0.05908230844138957,False,,-0.05908230844138957,False,65,0.0,True
13,-0.060291057531731876,False,,-0.060291057531731876,False,65,0.0,True
14,-0.060455495995806484,False,,-0.060455495995806484,False,65,0.0,True
15,-0.06105718365347765,False,,-0.06105718365347765,False,65,0.0,True
16,-0.05795003619789212,False,,-0.05795003619789212,False,65,0.0,True
17,-0.05896823982890491,False,,-0.05896823982890491,False,65,0.0,True
18,-0.059556401117994345,False,,-0.059556401117994345,False,65,0.0,True
19,-0.059589450888212714,False,,-0.059589450888212714,False,65,0.0,True
20,-0.05919094613542186,False,,-0.05919094613542186,False,65,0.0,True
21,-0.061492658343960116,False,,-0.061492658343960116,False,65,0.0,True
22,-0.062063336271090966,False,,-0.062063336271090966,False,65,0.0,True
23,-0.05995394985332889,False,,-0.05995394985332889,False,65,0.0,True
24,-0.06063969957359314,False,,-0.06063969957359314,False,65,0.0,True
25,-0.06006416918480824,False,,-0.06006416918480824,False,65,0.0,True
26,-0.05990005683600707,False,,-0.05990005683600707,False,65,0.0,True
27,-0.05914222239107893,False,,-0.05914222239107893,False,65,0.0,True
28,-0.059730456160167006,False,,-0.059730456160167006,False,65,0.0,True
29,-0.06046151163066445,False,,-0.06046151163066445,False,65,0.0,True
30,-0.059773673403255796,False,,-0.059773673403255796,False,65,0.0,True
31,-0.05923699832690655,False,,-0.05923699832690655,False,65,0.0,True
32,-0.06092705831643236,False,,-0.06092705831643236,False,65,0.0,True
33,-0.05851412341865693,False,,-0.05851412341865693,False,65,0.0,True
34,-0.06024916863629497,False,,-0.06024916863629497,False,65,0.0,True
35,-0.05877623516210782,False,,-0.05877623516210782,False,65,0.0,True
36,-0.059000192441885126,False,,-0.059000192441885126,False,65,0.0,True
37,-0.05944087163949191,False,,-0.05944087163949191,False,65,0.0,True
38,-0.05894491201743643,False,,-0.05894491201743643,False,65,0.0,True
39,-0.05909788205243227,False,,-0.05909788205243227,False,65,0.0,True
40,-0.05944861082887066,False,,-0.05944861082887066,False,65,0.0,True
41,-0.06012951686119977,False,,-0.06012951686119977,False,65,0.0,True
42,-0.059889746032935384,False,,-0.059889746032935384,False,65,0.0,True
43,-0.060250484875585444,False,,-0.060250484875585444,False,65,0.0,True
44,-0.0602015910757633,False,,-0.0602015910757633,False,65,0.0,True
45,-0.06272110786230789,False,,-0.06272110786230789,False,65,0.0,True
46,-0.0604894458412781,False,,-0.0604894458412781,False,65,0.0,True
47,-0.05881744743337586,False,,-0.05881744743337586,False,65,0.0,True
48,-0.05937511056563917,False,,-0.05937511056563917,False,65,0.0,True
49,-0.061955678038938464,False,,-0.061955678038938464,False,65,0.0,True
50,-0.05891873608808913,False,,-0.05891873608808913,False,65,0.0,True
51,-0.06042529117591647,False,,-0.06042529117591647,False,65,0.0,True
52,-0.05942075389322002,False,,-0.05942075389322002,False,65,0.0,True
53,-0.06060155179744586,False,,-0.06060155179744586,False,65,0.0,True
54,-0.0593147376889252,False,,-0.0593147376889252,False,65,0.0,True
55,-0.06049843201177338,False,,-0.06049843201177338,False,65,0.0,True
56,-0.06206612213280852,False,,-0.06206612213280852,False,65,0.0,True
57,-0.05898344437638917,False,,-0.05898344437638917,False,65,0.0,True
58,-0.05973476395304579,False,,-0.05973476395304579,False,65,0.0,True
59,-0.059322004396005754,False,,-0.059322004396005754,False,65,0.0,True
60,-0.059249094704327786,False,,-0.059249094704327786,False,65,0.0,True
61,-0.0590602278983859,False,,-0.0590602278983859,False,65,0.0,True
62,-0.05968636563749133,False,,-0.05968636563749133,False,65,0.0,True
63,-0.05946283539108303,False,,-0.05946283539108303,False,65,0.0,True
0,-0.04711271182537494,True,,-0.04711271182537494,True,66,0.0,True
1,-0.04724504347083554,False,,-0.04724504347083554,False,66,0.0,True
2,-0.041848174139236125,False,,-0.041848174139236125,False,66,0.0,True
3,-0.041473205401869474,False,,-0.041473205401869474,False,66,0.0,True
4,-0.044072875586685566,False,,-0.044072875586685566,False,66,0.0,True
5,-0.04337225836839771,False,,-0.04337225836839771,False,66,0.0,True
6,-0.04145794606989531,False,,-0.04145794606989531,False,66,0.0,True
7,-0.0433163956374501,False,,-0.0433163956374501,False,66,0.0,True
8,-0.042598294680076323,False,,-0.042598294680076323,False,66,0.0,True
9,-0.044119392914400146,False,,-0.044119392914400146,False,66,0.0,True
10,-0.041781677499206624,False,,-0.041781677499206624,False,66,0.0,True
11,-0.04299785404999951,False,,-0.04299785404999951,False,66,0.0,True
12,-0.04269975674957816,False,,-0.04269975674957816,False,66,0.0,True
13,-0.042422951656755296,False,,-0.042422951656755296,False,66,0.0,True
14,-0.04162629135607515,False,,-0.04162629135607515,False,66,0.0,True
15,-0.04339327286608356,False,,-0.04339327286608356,False,66,0.0,True
16,-0.0426795731637127,False,,-0.0426795731637127,False,66,0.0,True
17,-0.04124716996954238,False,,-0.04124716996954238,False,66,0.0,True
18,-0.04112917427739491,False,,-0.04112917427739491,False,66,0.0,True
19,-0.042288819826960346,False,,-0.042288819826960346,False,66,0.0,True
20,-0.04266603624918787,False,,-0.04266603624918787,False,66,0.0,True
21,-0.041161332126062836,False,,-0.041161332126062836,False,66,0.0,True
22,-0.045545305419963676,False,,-0.045545305419963676,False,66,0.0,True
23,-0.04383879824017051,False,,-0.04383879824017051,False,66,0.0,True
24,-0.043352048508907656,False,,-0.043352048508907656,False,66,0.0,True
25,-0.04095031972296424,False,,-0.04095031972296424,False,66,0.0,True
26,-0.04262291706198439,False,,-0.04262291706198439,False,66,0.0,True
27,-0.041734634187677935,False,,-0.041734634187677935,False,66,0.0,True
28,-0.04120193289716373,False,,-0.04120193289716373,False,66,0.0,True
29,-0.04155633783953233,False,,-0.04155633783953233,False,66,0.0,True
30,-0.042331491290027876,False,,-0.042331491290027876,False,66,0.0,True
31,-0.04302297959322317,False,,-0.04302297959322317,False,66,0.0,True
32,-0.041584495874673444,False,,-0.041584495874673444,False,66,0.0,True
33,-0.04045143146862746,False,,-0.04045143146862746,False,66,0.0,True
34,-0.044107654759350676,False,,-0.044107654759350676,False,66,0.0,True
35,-0.044122011631863065,False,,-0.044122011631863065,False,66,0.0,True
36,-0.04474745951096785,False,,-0.04474745951096785,False,66,0.0,True
37,-0.0420471825804108,False,,-0.0420471825804108,False,66,0.0,True
38,-0.04344801127434646,False,,-0.04344801127434646,False,66,0.0,True
39,-0.04296488326054844,False,,-0.04296488326054844,False,66,0.0,True
40,-0.04331012505748092,False,,-0.04331012505748092,False,66,0.0,True
41,-0.04229893279476938,False,,-0.04229893279476938,False,66,0.0,True
42,-0.04052966395761676,False,,-0.04052966395761676,False,66,0.0,True
43,-0.042335348257935126,False,,-0.042335348257935126,False,66,0.0,True
44,-0.04272381100173747,False,,-0.04272381100173747,False,66,0.0,True
45,-0.04329847041448241,False,,-0.04329847041448241,False,66,0.0,True
46,-0.045355885842892824,False,,-0.045355885842892824,False,66,0.0,True
47,-0.04145076158823949,False,,-0.04145076158823949,False,66,0.0,True
48,-0.04328295910844221,False,,-0.04328295910844221,False,66,0.0,True
49,-0.0425035635938075,False,,-0.0425035635938075,False,66,0.0,True
50,-0.041470607566158016,False,,-0.041470607566158016,False,66,0.0,True
51,-0.04374060738746055,False,,-0.04374060738746055,False,66,0.0,True
52,-0.041372275287885646,False,,-0.041372275287885646,False,66,0.0,True
53,-0.04327975040426587,False,,-0.04327975040426587,False,66,0.0,True
54,-0.042634402629629094,False,,-0.042634402629629094,False,66,0.0,True
55,-0.0426625988504403,False,,-0.0426625988504403,False,66,0.0,True
56,-0.042505545491387305,False,,-0.042505545491387305,False,66,0.0,True
57,-0.041373239258406566,False,,-0.041373239258406566,False,66,0.0,True
58,-0.043086683696350166,False,,-0.043086683696350166,False,66,0.0,True
59,-0.041625930212941004,False,,-0.041625930212941004,False,66,0.0,True
60,-0.041027710765326304,False,,-0.041027710765326304,False,66,0.0,True
61,-0.04396225297790206,False,,-0.04396225297790206,False,66,0.0,True
62,-0.04152646151729137,False,,-0.04152646151729137,False,66,0.0,True
63,-0.04248357324382727,False,,-0.04248357324382727,False,66,0.0,True
0,-0.04072097778848484,True,,-0.04072097778848484,True,67,0.0,True
1,-0.04210438058231483,False,,-0.04210438058231483,False,67,0.0,True
2,-0.03643355329899775,False,,-0.03643355329899775,False,67,0.0,True
3,-0.035333832733006665,False,,-0.035333832733006665,False,67,0.0,True
4,-0.03664743956891181,False,,-0.03664743956891181,False,67,0.0,True
5,-0.03745544145026493,False,,-0.03745544145026493,False,67,0.0,True
6,-0.03730497019853836,False,,-0.03730497019853836,False,67,0.0,True
7,-0.034720893509573685,False,,-0.034720893509573685,False,67,0.0,True
8,-0.03809719248125205,False,,-0.03809719248125205,False,67,0.0,True
9,-0.035485428903809714,False,,-0.035485428903809714,False,67,0.0,True
10,-0.0393470596500733,False,,-0.0393470596500733,False,67,0.0,True
11,-0.03656894391280123,False,,-0.03656894391280123,False,67,0.0,True
12,-0.035841469770308165,False,,-0.035841469770308165,False,67,0.0,True
13,-0.03753864465198206,False,,-0.03753864465198206,False,67,0.0,True
14,-0.03601619098638828,False,,-0.03601619098638828,False,67,0.0,True
15,-0.03667658668591005,False,,-0.03667658668591005,False,67,0.0,True
16,-0.03508741217306281,False,,-0.03508741217306281,False,67,0.0,True
17,-0.0364439457008011,False,,-0.0364439457008011,False,67,0.0,True
18,-0.03823508439806286,False,,-0.03823508439806286,False,67,0.0,True
19,-0.03582807292072842,False,,-0.03582807292072842,False,67,0.0,True
20,-0.03700839717309093,False,,-0.03700839717309093,False,67,0.0,True
21,-0.03589555561882125,False,,-0.03589555561882125,False,67,0.0,True
22,-0.036533055988515716,False,,-0.036533055988515716,False,67,0.0,True
23,-0.037628627208197145,False,,-0.037628627208197145,False,67,0.0,True
24,-0.03576112323144422,False,,-0.03576112323144422,False,67,0.0,True
25,-0.0366667196871899,False,,-0.0366667196871899,False,67,0.0,True
26,-0.03597041281735541,False,,-0.03597041281735541,False,67,0.0,True
27,-0.03619591143843716,False,,-0.03619591143843716,False,67,0.0,True
28,-0.034306356834286685,False,,-0.034306356834286685,False,67,0.0,True
29,-0.03762123780479476,False,,-0.03762123780479476,False,67,0.0,True
30,-0.03370466826096169,False,,-0.03370466826096169,False,67,0.0,True
31,-0.0361768054280196,False,,-0.0361768054280196,False,67,0.0,True
32,-0.0386334706047899,False,,-0.0386334706047899,False,67,0.0,True
33,-0.03559987291950096,False,,-0.03559987291950096,False,67,0.0,True
34,-0.034634744445780234,False,,-0.034634744445780234,False,67,0.0,True
35,-0.03676268507927072,False,,-0.03676268507927072,False,67,0.0,True
36,-0.03705922601584656,False,,-0.03705922601584656,False,67,0.0,True
37,-0.03630719775401667,False,,-0.03630719775401667,False,67,0.0,True
38,-0.03608489366926824,False,,-0.03608489366926824,False,67,0.0,True
39,-0.03981693859601933,False,,-0.03981693859601933,False,67,0.0,True
40,-0.036531175834996314,False,,-0.036531175834996314,False,67,0.0,True
41,-0.03576770726341521,False,,-0.03576770726341521,False,67,0.0,True
42,-0.03540781083264502,False,,-0.03540781083264502,False,67,0.0,True
43,-0.03513055614191329,False,,-0.03513055614191329,False,67,0.0,True
44,-0.03684032579274081,False,,-0.03684032579274081,False,67,0.0,True
45,-0.03646985257263738,False,,-0.03646985257263738,False,67,0.0,True
46,-0.03974622965969657,False,,-0.03974622965969657,False,67,0.0,True
47,-0.03646110247104463,False,,-0.03646110247104463,False,67,0.0,True
48,-0.03719066290891148,False,,-0.03719066290891148,False,67,0.0,True
49,-0.03628675449822713,False,,-0.03628675449822713,False,67,0.0,True
50,-0.03819052190793741,False,,-0.03819052190793741,False,67,0.0,True
51,-0.03972070873773521,False,,-0.03972070873773521,False,67,0.0,True
52,-0.03609655749934283,False,,-0.03609655749934283,False,67,0.0,True
53,-0.038029430366676886,False,,-0.038029430366676886,False,67,0.0,True
54,-0.035570906476331716,False,,-0.035570906476331716,False,67,0.0,True
55,-0.03621146242135502,False,,-0.03621146242135502,False,67,0.0,True
56,-0.0378756722668772,False,,-0.0378756722668772,False,67,0.0,True
57,-0.035789119247991066,False,,-0.035789119247991066,False,67,0.0,True
58,-0.03626597380304179,False,,-0.03626597380304179,False,67,0.0,True
59,-0.03459060719808271,False,,-0.03459060719808271,False,67,0.0,True
60,-0.03700173620942075,False,,-0.03700173620942075,False,67,0.0,True
61,-0.037893654753923,False,,-0.037893654753923,False,67,0.0,True
62,-0.03749191570959952,False,,-0.03749191570959952,False,67,0.0,True
63,-0.036746937854667955,False,,-0.036746937854667955,False,67,0.0,True
0,-0.04228072392722562,True,,-0.04228072392722562,True,68,0.0,True
1,-0.0403958271919965,False,,-0.0403958271919965,False,68,0.0,True
2,-0.03871866541367703,False,,-0.03871866541367703,False,68,0.0,True
3,-0.03552038419454787,False,,-0.03552038419454787,False,68,0.0,True
4,-0.03688942785076175,False,,-0.03688942785076175,False,68,0.0,True
5,-0.0388154279326529,False,,-0.0388154279326529,False,68,0.0,True
6,-0.035279509216121066,False,,-0.035279509216121066,False,68,0.0,True
7,-0.036107810591312337,False,,-0.036107810591312337,False,68,0.0,True
8,-0.03599449827682605,False,,-0.03599449827682605,False,68,0.0,True
9,-0.03690669521038982,False,,-0.03690669521038982,False,68,0.0,True
10,-0.03790283128686588,False,,-0.03790283128686588,False,68,0.0,True
11,-0.03883661580460655,False,,-0.03883661580460655,False,68,0.0,True
12,-0.03581306926653324,False,,-0.03581306926653324,False,68,0.0,True
13,-0.03793640365011747,False,,-0.03793640365011747,False,68,0.0,True
14,-0.03834393758161744,False,,-0.03834393758161744,False,68,0.0,True
15,-0.03526626594034985,False,,-0.03526626594034985,False,68,0.0,True
16,-0.036756578671866755,False,,-0.036756578671866755,False,68,0.0,True
17,-0.03985922029873448,False,,-0.03985922029873448,False,68,0.0,True
18,-0.03567571233819715,False,,-0.03567571233819715,False,68,0.0,True
19,-0.04052440965889713,False,,-0.04052440965889713,False,68,0.0,True
20,-0.0356697541815049,False,,-0.0356697541815049,False,68,0.0,True
21,-0.036191408787216044,False,,-0.036191408787216044,False,68,0.0,True
22,-0.037657518848694026,False,,-0.037657518848694026,False,68,0.0,True
23,-0.03741602695754383,False,,-0.03741602695754383,False,68,0.0,True
24,-0.039620578153829654,False,,-0.039620578153829654,False,68,0.0,True
25,-0.03849344770033486,False,,-0.03849344770033486,False,68,0.0,True
26,-0.036399568612403815,False,,-0.036399568612403815,False,68,0.0,True
27,-0.0362110044623695,False,,-0.0362110044623695,False,68,0.0,True
28,-0.03774944939806556,False,,-0.03774944939806556,False,68,0.0,True
29,-0.03485237241959868,False,,-0.03485237241959868,False,68,0.0,True
30,-0.03650513823932674,False,,-0.03650513823932674,False,68,0.0,True
31,-0.03539544514081194,False,,-0.03539544514081194,False,68,0.0,True
32,-0.03527512952803402,False,,-0.03527512952803402,False,68,0.0,True
33,-0.03943086492845009,False,,-0.03943086492845009,False,68,0.0,True
34,-0.036491409241118905,False,,-0.036491409241118905,False,68,0.0,True
35,-0.03903380040036286,False,,-0.03903380040036286,False,68,0.0,True
36,-0.0346625234987267,False,,-0.0346625234987267,False,68,0.0,True
37,-0.037989977773983975,False,,-0.037989977773983975,False,68,0.0,True
38,-0.03657538886598046,False,,-0.03657538886598046,False,68,0.0,True
39,-0.03517071069980107,False,,-0.03517071069980107,False,68,0.0,True
40,-0.035701557758751466,False,,-0.035701557758751466,False,68,0.0,True
41,-0.034688057111255485,False,,-0.034688057111255485,False,68,0.0,True
42,-0.03935962174950774,False,,-0.03935962174950774,False,68,0.0,True
43,-0.0353797760162919,False,,-0.0353797760162919,False,68,0.0,True
44,-0.034554239393064415,False,,-0.034554239393064415,False,68,0.0,True
45,-0.03747892845720213,False,,-0.03747892845720213,False,68,0.0,True
46,-0.03509225653305905,False,,-0.03509225653305905,False,68,0.0,True
47,-0.03689371618914787,False,,-0.03689371618914787,False,68,0.0,True
48,-0.0372206958374095,False,,-0.0372206958374095,False,68,0.0,True
49,-0.0371632802067436,False,,-0.0371632802067436,False,68,0.0,True
50,-0.03636457522070537,False,,-0.03636457522070537,False,68,0.0,True
51,-0.03627257007706027,False,,-0.03627257007706027,False,68,0.0,True
52,-0.03830082556972683,False,,-0.03830082556972683,False,68,0.0,True
53,-0.03700271049941763,False,,-0.03700271049941763,False,68,0.0,True
54,-0.03898162676000433,False,,-0.03898162676000433,False,68,0.0,True
55,-0.03857920643562274,False,,-0.03857920643562274,False,68,0.0,True
56,-0.03463954364806654,False,,-0.03463954364806654,False,68,0.0,True
57,-0.03798874297804844,False,,-0.03798874297804844,False,68,0.0,True
58,-0.037538023220288375,False,,-0.037538023220288375,False,68,0.0,True
59,-0.03790724349806381,False,,-0.03790724349806381,False,68,0.0,True
60,-0.03771285425339172,False,,-0.03771285425339172,False,68,0.0,True
61,-0.039343912355149765,False,,-0.039343912355149765,False,68,0.0,True
62,-0.03727841889967425,False,,-0.03727841889967425,False,68,0.0,True
63,-0.03862466058678843,False,,-0.03862466058678843,False,68,0.0,True
0,-0.018222330847121132,True,,-0.018222330847121132,True,69,0.0,True
1,-0.02291924166680701,False,,-0.02291924166680701,False,69,0.0,True
2,-0.012301849977313166,False,,-0.012301849977313166,False,69,0.0,True
3,-0.013171675403282507,False,,-0.013171675403282507,False,69,0.0,True
4,-0.01083594873077202,False,,-0.01083594873077202,False,69,0.0,True
5,-0.012647258434857218,False,,-0.012647258434857218,False,69,0.0,True
6,-0.013179513132415714,False,,-0.013179513132415714,False,69,0.0,True
7,-0.014298018353395031,False,,-0.014298018353395031,False,69,0.0,True
8,-0.014750591583108498,False,,-0.014750591583108498,False,69,0.0,True
9,-0.012523144568873146,False,,-0.012523144568873146,False,69,0.0,True
10,-0.01190298115057268,False,,-0.01190298115057268,False,69,0.0,True
11,-0.011732168066461685,False,,-0.011732168066461685,False,69,0.0,True
12,-0.015097587329495598,False,,-0.015097587329495598,False,69,0.0,True
13,-0.01432516465595183,False,,-0.01432516465595183,False,69,0.0,True
14,-0.012998595272603098,False,,-0.012998595272603098,False,69,0.0,True
15,-0.016686740521333822,False,,-0.016686740521333822,False,69,0.0,True
16,-0.014652252886591426,False,,-0.014652252886591426,False,69,0.0,True
17,-0.014251644803897628,False,,-0.014251644803897628,False,69,0.0,True
18,-0.012511213969677124,False,,-0.012511213969677124,False,69,0.0,True
19,-0.012931510390276034,False,,-0.012931510390276034,False,69,0.0,True
20,-0.011212985073673229,False,,-0.011212985073673229,False,69,0.0,True
21,-0.013899031935969927,False,,-0.013899031935969927,False,69,0.0,True
22,-0.01164514627090206,False,,-0.01164514627090206,False,69,0.0,True
23,-0.01101647853989722,False,,-0.01101647853989722,False,69,0.0,True
24,-0.013695803551883632,False,,-0.013695803551883632,False,69,0.0,True
25,-0.01665085567595729,False,,-0.01665085567595729,False,69,0.0,True
26,-0.01266463028565379,False,,-0.01266463028565379,False,69,0.0,True
27,-0.015026945721263134,False,,-0.015026945721263134,False,69,0.0,True
28,-0.013552910752433051,False,,-0.013552910752433051,False,69,0.0,True
29,-0.01283870861446792,False,,-0.01283870861446792,False,69,0.0,True
30,-0.013240295166395903,False,,-0.013240295166395903,False,69,0.0,True
31,-0.016463456508243476,False,,-0.016463456508243476,False,69,0.0,True
32,-0.013344630536069506,False,,-0.013344630536069506,False,69,0.0,True
33,-0.012610651542034472,False,,-0.012610651542034472,False,69,0.0,True
34,-0.015186814409637265,False,,-0.015186814409637265,False,69,0.0,True
35,-0.012286572130081455,False,,-0.012286572130081455,False,69,0.0,True
36,-0.01129167582346179,False,,-0.01129167582346179,False,69,0.0,True
37,-0.011481700636233317,False,,-0.011481700636233317,False,69,0.0,True
38,-0.011758813813446546,False,,-0.011758813813446546,False,69,0.0,True
39,-0.013767953920739207,False,,-0.013767953920739207,False,69,0.0,True
40,-0.014565201679358073,False,,-0.014565201679358073,False,69,0.0,True
41,-0.013310113657951032,False,,-0.013310113657951032,False,69,0.0,True
42,-0.01283158761146691,False,,-0.01283158761146691,False,69,0.0,True
43,-0.011910570446490461,False,,-0.011910570446490461,False,69,0.0,True
44,-0.013169998445264515,False,,-0.013169998445264515,False,69,0.0,True
45,-0.014178976770030051,False,,-0.014178976770030051,False,69,0.0,True
46,-0.013083924069459338,False,,-0.013083924069459338,False,69,0.0,True
47,-0.013620712192887846,False,,-0.013620712192887846,False,69,0.0,True
48,-0.015607505140004311,False,,-0.015607505140004311,False,69,0.0,True
49,-0.012888809812903457,False,,-0.012888809812903457,False,69,0.0,True
50,-0.019450056030450167,False,,-0.019450056030450167,False,69,0.0,True
51,-0.013724388457186628,False,,-0.013724388457186628,False,69,0.0,True
52,-0.011590274332404175,False,,-0.011590274332404175,False,69,0.0,True
53,-0.01595817036879659,False,,-0.01595817036879659,False,69,0.0,True
54,-0.01339161638917254,False,,-0.01339161638917254,False,69,0.0,True
55,-0.01484945928633466,False,,-0.01484945928633466,False,69,0.0,True
56,-0.010396833956561245,False,,-0.010396833956561245,False,69,0.0,True
57,-0.013350437895820955,False,,-0.013350437895820955,False,69,0.0,True
58,-0.01284060799756029,False,,-0.01284060799756029,False,69,0.0,True
59,-0.012822552875668155,False,,-0.012822552875668155,False,69,0.0,True
60,-0.012591354955667104,False,,-0.012591354955667104,False,69,0.0,True
61,-0.011491554673624,False,,-0.011491554673624,False,69,0.0,True
62,-0.015551059471528326,False,,-0.015551059471528326,False,69,0.0,True
63,-0.013780641288822662,False,,-0.013780641288822662,False,69,0.0,True
0,-0.031008710097975057,True,,-0.031008710097975057,True,70,0.0,True
1,-0.030197620073201488,False,,-0.030197620073201488,False,70,0.0,True
2,-0.0306396645037066,False,,-0.0306396645037066,False,70,0.0,True
3,-0.0258025233371732,False,,-0.0258025233371732,False,70,0.0,True
4,-0.023587782000456466,False,,-0.023587782000456466,False,70,0.0,True
5,-0.026040517255288675,False,,-0.026040517255288675,False,70,0.0,True
6,-0.028420386442670174,False,,-0.028420386442670174,False,70,0.0,True
7,-0.024809158551392985,False,,-0.024809158551392985,False,70,0.0,True
8,-0.026118489564110597,False,,-0.026118489564110597,False,70,0.0,True
9,-0.02621594836377343,False,,-0.02621594836377343,False,70,0.0,True
10,-0.025013301433671607,False,,-0.025013301433671607,False,70,0.0,True
11,-0.025714622520466586,False,,-0.025714622520466586,False,70,0.0,True
12,-0.02535478946343911,False,,-0.02535478946343911,False,70,0.0,True
13,-0.02558961695815571,False,,-0.02558961695815571,False,70,0.0,True
14,-0.02834988868868284,False,,-0.02834988868868284,False,70,0.0,True
15,-0.027053357900996312,False,,-0.027053357900996312,False,70,0.0,True
16,-0.024401906887378186,False,,-0.024401906887378186,False,70,0.0,True
17,-0.025445180112878153,False,,-0.025445180112878153,False,70,0.0,True
18,-0.025226287984321638,False,,-0.025226287984321638,False,70,0.0,True
19,-0.026435382829606363,False,,-0.026435382829606363,False,70,0.0,True
20,-0.02499388979821189,False,,-0.02499388979821189,False,70,0.0,True
21,-0.02506592272588521,False,,-0.02506592272588521,False,70,0.0,True
22,-0.027531929478158933,False,,-0.027531929478158933,False,70,0.0,True
23,-0.024610976936358678,False,,-0.024610976936358678,False,70,0.0,True
24,-0.026122035551853568,False,,-0.026122035551853568,False,70,0.0,True
25,-0.024456597267305265,False,,-0.024456597267305265,False,70,0.0,True
26,-0.02529215906147777,False,,-0.02529215906147777,False,70,0.0,True
27,-0.025121922971472962,False,,-0.025121922971472962,False,70,0.0,True
28,-0.030794882639457496,False,,-0.030794882639457496,False,70,0.0,True
29,-0.025892268778269764,False,,-0.025892268778269764,False,70,0.0,True
30,-0.026526797227272476,False,,-0.026526797227272476,False,70,0.0,True
31,-0.025964476400587737,False,,-0.025964476400587737,False,70,0.0,True
32,-0.026000282348687266,False,,-0.026000282348687266,False,70,0.0,True
33,-0.024716582955428643,False,,-0.024716582955428643,False,70,0.0,True
34,-0.02542396711539459,False,,-0.02542396711539459,False,70,0.0,True
35,-0.025728652447269938,False,,-0.025728652447269938,False,70,0.0,True
36,-0.02642890602061939,False,,-0.02642890602061939,False,70,0.0,True
37,-0.026050707435235652,False,,-0.026050707435235652,False,70,0.0,True
38,-0.026640876461905348,False,,-0.026640876461905348,False,70,0.0,True
39,-0.026131779127774816,False,,-0.026131779127774816,False,70,0.0,True
40,-0.024035043553483106,False,,-0.024035043553483106,False,70,0.0,True
41,-0.025631785594904317,False,,-0.025631785594904317,False,70,0.0,True
42,-0.025450404815101597,False,,-0.025450404815101597,False,70,0.0,True
43,-0.025642538372795107,False,,-0.025642538372795107,False,70,0.0,True
44,-0.024617041726740986,False,,-0.024617041726740986,False,70,0.0,True
45,-0.026824475602524094,False,,-0.026824475602524094,False,70,0.0,True
46,-0.02559630062030441,False,,-0.02559630062030441,False,70,0.0,True
47,-0.02520940010906548,False,,-0.02520940010906548,False,70,0.0,True
48,-0.027649782876423362,False,,-0.027649782876423362,False,70,0.0,True
49,-0.027256318535844155,False,,-0.027256318535844155,False,70,0.0,True
50,-0.026821694537019235,False,,-0.026821694537019235,False,70,0.0,True
51,-0.02611412498722219,False,,-0.02611412498722219,False,70,0.0,True
52,-0.026751290180265043,False,,-0.026751290180265043,False,70,0.0,True
53,-0.02606719791809248,False,,-0.02606719791809248,False,70,0.0,True
54,-0.026523676315106416,False,,-0.026523676315106416,False,70,0.0,True
55,-0.025616529636063742,False,,-0.025616529636063742,False,70,0.0,True
56,-0.026881865977732275,False,,-0.026881865977732275,False,70,0.0,True
57,-0.030086933697512475,False,,-0.030086933697512475,False,70,0.0,True
58,-0.02704892802029047,False,,-0.02704892802029047,False,70,0.0,True
59,-0.02708698502655887,False,,-0.02708698502655887,False,70,0.0,True
60,-0.025080918664205355,False,,-0.025080918664205355,False,70,0.0,True
61,-0.026485751940919202,False,,-0.026485751940919202,False,70,0.0,True
62,-0.026617133847383394,False,,-0.026617133847383394,False,70,0.0,True
63,-0.027251631108027658,False,,-0.027251631108027658,False,70,0.0,True
0,-0.048554855053974756,True,,-0.048554855053974756,True,71,0.0,True
1,-0.043609199918381476,False,,-0.043609199918381476,False,71,0.0,True
2,-0.04837504842563194,False,,-0.04837504842563194,False,71,0.0,True
3,-0.03931043641098318,False,,-0.03931043641098318,False,71,0.0,True
4,-0.041310586400569504,False,,-0.041310586400569504,False,71,0.0,True
5,-0.045290868047866605,False,,-0.045290868047866605,False,71,0.0,True
6,-0.038283151838144694,False,,-0.038283151838144694,False,71,0.0,True
7,-0.043862378417103554,False,,-0.043862378417103554,False,71,0.0,True
8,-0.03978203020159853,False,,-0.03978203020159853,False,71,0.0,True
9,-0.03913729665292372,False,,-0.03913729665292372,False,71,0.0,True
10,-0.04197595033502596,False,,-0.04197595033502596,False,71,0.0,True
11,-0.047331770444666584,False,,-0.047331770444666584,False,71,0.0,True
12,-0.04683776572231827,False,,-0.04683776572231827,False,71,0.0,True
13,-0.0471292380538268,False,,-0.0471292380538268,False,71,0.0,True
14,-0.039199129144798464,False,,-0.039199129144798464,False,71,0.0,True
15,-0.041380547628028494,False,,-0.041380547628028494,False,71,0.0,True
16,-0.04042611086947752,False,,-0.04042611086947752,False,71,0.0,True
17,-0.03884891380353522,False,,-0.03884891380353522,False,71,0.0,True
18,-0.0415384700390334,False,,-0.0415384700390334,False,71,0.0,True
19,-0.04126096463802531,False,,-0.04126096463802531,False,71,0.0,True
20,-0.04132807313744476,False,,-0.04132807313744476,False,71,0.0,True
21,-0.037544031856068395,False,,-0.037544031856068395,False,71,0.0,True
22,-0.0376574098021225,False,,-0.0376574098021225,False,71,0.0,True
23,-0.040305123783083666,False,,-0.040305123783083666,False,71,0.0,True
24,-0.03732194858873676,False,,-0.03732194858873676,False,71,0.0,True
25,-0.041605501498441104,False,,-0.041605501498441104,False,71,0.0,True
26,-0.04204825932351695,False,,-0.04204825932351695,False,71,0.0,True
27,-0.04802931192198636,False,,-0.04802931192198636,False,71,0.0,True
28,-0.039723799989897265,False,,-0.039723799989897265,False,71,0.0,True
29,-0.0442386694179947,False,,-0.0442386694179947,False,71,0.0,True
30,-0.04772265417141004,False,,-0.04772265417141004,False,71,0.0,True
31,-0.042819711497305124,False,,-0.042819711497305124,False,71,0.0,True
32,-0.048822942898594415,False,,-0.048822942898594415,False,71,0.0,True
33,-0.03881456325481862,False,,-0.03881456325481862,False,71,0.0,True
34,-0.03752994253292147,False,,-0.03752994253292147,False,71,0.0,True
35,-0.04987089562106668,False,,-0.04987089562106668,False,71,0.0,True
36,-0.042915538102950096,False,,-0.042915538102950096,False,71,0.0,True
37,-0.03687464680093363,False,,-0.03687464680093363,False,71,0.0,True
38,-0.04168439410638282,False,,-0.04168439410638282,False,71,0.0,True
39,-0.03367581095503143,False,,-0.03367581095503143,False,71,0.0,True
40,-0.041380423731642094,False,,-0.041380423731642094,False,71,0.0,True
41,-0.04725708040621683,False,,-0.04725708040621683,False,71,0.0,True
42,-0.04094195863113442,False,,-0.04094195863113442,False,71,0.0,True
43,-0.05112135676929512,False,,-0.05112135676929512,False,71,0.0,True
44,-0.04098025322192465,False,,-0.04098025322192465,False,71,0.0,True
45,-0.04188590993205141,False,,-0.04188590993205141,False,71,0.0,True
46,-0.043058981126294395,False,,-0.043058981126294395,False,71,0.0,True
47,-0.04239261067957675,False,,-0.04239261067957675,False,71,0.0,True
48,-0.03880911880106275,False,,-0.03880911880106275,False,71,0.0,True
49,-0.04920579994090757,False,,-0.04920579994090757,False,71,0.0,True
50,-0.039720638536683686,False,,-0.039720638536683686,False,71,0.0,True
51,-0.03922995034940972,False,,-0.03922995034940972,False,71,0.0,True
52,-0.0424269269058334,False,,-0.0424269269058334,False,71,0.0,True
53,-0.040042939085190264,False,,-0.040042939085190264,False,71,0.0,True
54,-0.04364127092582292,False,,-0.04364127092582292,False,71,0.0,True
55,-0.042886840528177275,False,,-0.042886840528177275,False,71,0.0,True
56,-0.04569550953228521,False,,-0.04569550953228521,False,71,0.0,True
57,-0.05197322052881978,False,,-0.05197322052881978,False,71,0.0,True
58,-0.04354460577850661,False,,-0.04354460577850661,False,71,0.0,True
59,-0.041480988278930035,False,,-0.041480988278930035,False,71,0.0,True
60,-0.037388829340517696,False,,-0.037388829340517696,False,71,0.0,True
61,-0.03959862199331213,False,,-0.03959862199331213,False,71,0.0,True
62,-0.04217614156757338,False,,-0.04217614156757338,False,71,0.0,True
63,-0.044173321550991275,False,,-0.044173321550991275,False,71,0.0,True
0,-0.04545027856880005,True,,-0.04545027856880005,True,72,0.0,True
1,-0.0427338465102218,False,,-0.0427338465102218,False,72,0.0,True
2,-0.03177311543298415,False,,-0.03177311543298415,False,72,0.0,True
3,-0.040045757261937126,False,,-0.040045757261937126,False,72,0.0,True
4,-0.033716398613970994,False,,-0.033716398613970994,False,72,0.0,True
5,-0.03712513597472971,False,,-0.03712513597472971,False,72,0.0,True
6,-0.04004940548639454,False,,-0.04004940548639454,False,72,0.0,True
7,-0.031482489702544886,False,,-0.031482489702544886,False,72,0.0,True
8,-0.032619860501169495,False,,-0.032619860501169495,False,72,0.0,True
9,-0.031338463607467726,False,,-0.031338463607467726,False,72,0.0,True
10,-0.03153873510538556,False,,-0.03153873510538556,False,72,0.0,True
11,-0.03823714266301249,False,,-0.03823714266301249,False,72,0.0,True
12,-0.04260775186750422,False,,-0.04260775186750422,False,72,0.0,True
13,-0.037171552117240686,False,,-0.037171552117240686,False,72,0.0,True
14,-0.040077508190415397,False,,-0.040077508190415397,False,72,0.0,True
15,-0.039577307974371895,False,,-0.039577307974371895,False,72,0.0,True
16,-0.041030712819168216,False,,-0.041030712819168216,False,72,0.0,True
17,-0.0324178592395445,False,,-0.0324178592395445,False,72,0.0,True
18,-0.03595882022334239,False,,-0.03595882022334239,False,72,0.0,True
19,-0.03330292287728278,False,,-0.03330292287728278,False,72,0.0,True
20,-0.028818778506492664,False,,-0.028818778506492664,False,72,0.0,True
21,-0.038732254249731604,False,,-0.038732254249731604,False,72,0.0,True
22,-0.032028810638034075,False,,-0.032028810638034075,False,72,0.0,True
23,-0.03670400218500638,False,,-0.03670400218500638,False,72,0.0,True
24,-0.032739489961391186,False,,-0.032739489961391186,False,72,0.0,True
25,-0.037825274110170504,False,,-0.037825274110170504,False,72,0.0,True
26,-0.03288540887572446,False,,-0.03288540887572446,False,72,0.0,True
27,-0.0284878891571952,False,,-0.0284878891571952,False,72,0.0,True
28,-0.03569351060350067,False,,-0.03569351060350067,False,72,0.0,True
29,-0.030432920306328434,False,,-0.030432920306328434,False,72,0.0,True
30,-0.04088723049082674,False,,-0.04088723049082674,False,72,0.0,True
31,-0.03298561222266355,False,,-0.03298561222266355,False,72,0.0,True
32,-0.0320664556591012,False,,-0.0320664556591012,False,72,0.0,True
33,-0.03621632279000961,False,,-0.03621632279000961,False,72,0.0,True
34,-0.03347241732765628,False,,-0.03347241732765628,False,72,0.0,True
35,-0.03487782505553635,False,,-0.03487782505553635,False,72,0.0,True
36,-0.04401634007868115,False,,-0.04401634007868115,False,72,0.0,True
37,-0.04152455281770753,False,,-0.04152455281770753,False,72,0.0,True
38,-0.035136167310154745,False,,-0.035136167310154745,False,72,0.0,True
39,-0.03459684334441501,False,,-0.03459684334441501,False,72,0.0,True
40,-0.03621365490644467,False,,-0.03621365490644467,False,72,0.0,True
41,-0.03394195976111217,False,,-0.03394195976111217,False,72,0.0,True
42,-0.03298575935914262,False,,-0.03298575935914262,False,72,0.0,True
43,-0.038555964449564745,False,,-0.038555964449564745,False,72,0.0,True
44,-0.035286552686132726,False,,-0.035286552686132726,False,72,0.0,True
45,-0.032426805946918075,False,,-0.032426805946918075,False,72,0.0,True
46,-0.050558054687862154,False,,-0.050558054687862154,False,72,0.0,True
47,-0.0339252180045073,False,,-0.0339252180045073,False,72,0.0,True
48,-0.037507708357324525,False,,-0.037507708357324525,False,72,0.0,True
49,-0.03708442306366137,False,,-0.03708442306366137,False,72,0.0,True
50,-0.03829360111733328,False,,-0.03829360111733328,False,72,0.0,True
51,-0.039541960339155385,False,,-0.039541960339155385,False,72,0.0,True
52,-0.0329673318830732,False,,-0.0329673318830732,False,72,0.0,True
53,-0.0330878071160247,False,,-0.0330878071160247,False,72,0.0,True
54,-0.04090102882996688,False,,-0.04090102882996688,False,72,0.0,True
55,-0.033778188037338036,False,,-0.033778188037338036,False,72,0.0,True
56,-0.043240018771930115,False,,-0.043240018771930115,False,72,0.0,True
57,-0.0298045581863194,False,,-0.0298045581863194,False,72,0.0,True
58,-0.03376456605348662,False,,-0.03376456605348662,False,72,0.0,True
59,-0.03747050231100324,False,,-0.03747050231100324,False,72,0.0,True
60,-0.039501827637198665,False,,-0.039501827637198665,False,72,0.0,True
61,-0.038868675898245,False,,-0.038868675898245,False,72,0.0,True
62,-0.03556922857964227,False,,-0.03556922857964227,False,72,0.0,True
63,-0.03354408977767229,False,,-0.03354408977767229,False,72,0.0,True
0,-0.04718523648111014,True,,-0.04718523648111014,True,73,0.0,True
1,-0.049069721403102,False,,-0.049069721403102,False,73,0.0,True
2,-0.03096820080784637,False,,-0.03096820080784637,False,73,0.0,True
3,-0.039545135033080374,False,,-0.039545135033080374,False,73,0.0,True
4,-0.03835520801675943,False,,-0.03835520801675943,False,73,0.0,True
5,-0.03804321232369321,False,,-0.03804321232369321,False,73,0.0,True
6,-0.04619391430518477,False,,-0.04619391430518477,False,73,0.0,True
7,-0.04222109263388776,False,,-0.04222109263388776,False,73,0.0,True
8,-0.04164893512808972,False,,-0.04164893512808972,False,73,0.0,True
9,-0.03097158763182433,False,,-0.03097158763182433,False,73,0.0,True
10,-0.03915868703052938,False,,-0.03915868703052938,False,73,0.0,True
11,-0.03921977407471766,False,,-0.03921977407471766,False,73,0.0,True
12,-0.048419122965179154,False,,-0.048419122965179154,False,73,0.0,True
13,-0.033101764047636054,False,,-0.033101764047636054,False,73,0.0,True
14,-0.041359995988866416,False,,-0.041359995988866416,False,73,0.0,True
15,-0.04444285363726889,False,,-0.04444285363726889,False,73,0.0,True
16,-0.03931651209615905,False,,-0.03931651209615905,False,73,0.0,True
17,-0.03432134577719028,False,,-0.03432134577719028,False,73,0.0,True
18,-0.04021087528562745,False,,-0.04021087528562745,False,73,0.0,True
19,-0.03799338247652615,False,,-0.03799338247652615,False,73,0.0,True
20,-0.035654424852099804,False,,-0.035654424852099804,False,73,0.0,True
21,-0.035318464440930605,False,,-0.035318464440930605,False,73,0.0,True
22,-0.038999596227383304,False,,-0.038999596227383304,False,73,0.0,True
23,-0.03557182343921349,False,,-0.03557182343921349,False,73,0.0,True
24,-0.034494892943581934,False,,-0.034494892943581934,False,73,0.0,True
25,-0.042810789627757126,False,,-0.042810789627757126,False,73,0.0,True
26,-0.03390889695576439,False,,-0.03390889695576439,False,73,0.0,True
27,-0.028725749114941457,False,,-0.028725749114941457,False,73,0.0,True
28,-0.03662095044697848,False,,-0.03662095044697848,False,73,0.0,True
29,-0.03444546186904082,False,,-0.03444546186904082,False,73,0.0,True
30,-0.034595744283755836,False,,-0.034595744283755836,False,73,0.0,True
31,-0.036653215372924534,False,,-0.036653215372924534,False,73,0.0,True
32,-0.03304825685265077,False,,-0.03304825685265077,False,73,0.0,True
33,-0.037186451215745125,False,,-0.037186451215745125,False,73,0.0,True
34,-0.04308596048351274,False,,-0.04308596048351274,False,73,0.0,True
35,-0.03536979346958269,False,,-0.03536979346958269,False,73,0.0,True
36,-0.03648971753145469,False,,-0.03648971753145469,False,73,0.0,True
37,-0.03364081997068933,False,,-0.03364081997068933,False,73,0.0,True
38,-0.029796928471329427,False,,-0.029796928471329427,False,73,0.0,True
39,-0.037720516431268655,False,,-0.037720516431268655,False,73,0.0,True
40,-0.036593943828647564,False,,-0.036593943828647564,False,73,0.0,True
41,-0.03705328699234589,False,,-0.03705328699234589,False,73,0.0,True
42,-0.027280048064790598,False,,-0.027280048064790598,False,73,0.0,True
43,-0.035254076367859245,False,,-0.035254076367859245,False,73,0.0,True
44,-0.0352993282399055,False,,-0.0352993282399055,False,73,0.0,True
45,-0.03779472132609996,False,,-0.03779472132609996,False,73,0.0,True
46,-0.03863197450810102,False,,-0.03863197450810102,False,73,0.0,True
47,-0.03248884211137085,False,,-0.03248884211137085,False,73,0.0,True
48,-0.03428241850355246,False,,-0.03428241850355246,False,73,0.0,True
49,-0.04199090829216945,False,,-0.04199090829216945,False,73,0.0,True
50,-0.031223971714597502,False,,-0.031223971714597502,False,73,0.0,True
51,-0.038213811197637546,False,,-0.038213811197637546,False,73,0.0,True
52,-0.038693185613014214,False,,-0.038693185613014214,False,73,0.0,True
53,-0.03177676960384239,False,,-0.03177676960384239,False,73,0.0,True
54,-0.037265596836166426,False,,-0.037265596836166426,False,73,0.0,True
55,-0.03382220243318064,False,,-0.03382220243318064,False,73,0.0,True
56,-0.03529925091815336,False,,-0.03529925091815336,False,73,0.0,True
57,-0.031744342066702666,False,,-0.031744342066702666,False,73,0.0,True
58,-0.03316326583478858,False,,-0.03316326583478858,False,73,0.0,True
59,-0.035202052702124925,False,,-0.035202052702124925,False,73,0.0,True
60,-0.04123096317104501,False,,-0.04123096317104501,False,73,0.0,True
61,-0.032711230987780004,False,,-0.032711230987780004,False,73,0.0,True
62,-0.033388796812773354,False,,-0.033388796812773354,False,73,0.0,True
63,-0.03177174107800938,False,,-0.03177174107800938,False,73,0.0,True
0,-0.0481010409832791,True,,-0.0481010409832791,True,74,0.0,True
1,-0.04900548512154419,False,,-0.04900548512154419,False,74,0.0,True
2,-0.030745082795259226,False,,-0.030745082795259226,False,74,0.0,True
3,-0.030374912150385153,False,,-0.030374912150385153,False,74,0.0,True
4,-0.029256979020925153,False,,-0.029256979020925153,False,74,0.0,True
5,-0.048433423849903165,False,,-0.048433423849903165,False,74,0.0,True
6,-0.03053903560729585,False,,-0.03053903560729585,False,74,0.0,True
7,-0.04526180712450949,False,,-0.04526180712450949,False,74,0.0,True
8,-0.02770864399415178,False,,-0.02770864399415178,False,74,0.0,True
9,-0.026727690877339304,False,,-0.026727690877339304,False,74,0.0,True
10,-0.028424731253646286,False,,-0.028424731253646286,False,74,0.0,True
11,-0.040002537473465716,False,,-0.040002537473465716,False,74,0.0,True
12,-0.030243826911261342,False,,-0.030243826911261342,False,74,0.0,True
13,-0.031023019342796394,False,,-0.031023019342796394,False,74,0.0,True
14,-0.042933406691951614,False,,-0.042933406691951614,False,74,0.0,True
15,-0.030408326614957355,False,,-0.030408326614957355,False,74,0.0,True
16,-0.03372750195498303,False,,-0.03372750195498303,False,74,0.0,True
17,-0.03474481708863532,False,,-0.03474481708863532,False,74,0.0,True
18,-0.04445733325432073,False,,-0.04445733325432073,False,74,0.0,True
19,-0.030352544714240155,False,,-0.030352544714240155,False,74,0.0,True
20,-0.03143631552377983,False,,-0.03143631552377983,False,74,0.0,True
21,-0.030150400692874543,False,,-0.030150400692874543,False,74,0.0,True
22,-0.03179148346436955,False,,-0.03179148346436955,False,74,0.0,True
23,-0.030613637661358523,False,,-0.030613637661358523,False,74,0.0,True
24,-0.034575355987759945,False,,-0.034575355987759945,False,74,0.0,True
25,-0.039610118353887086,False,,-0.039610118353887086,False,74,0.0,True
26,-0.030718972074961243,False,,-0.030718972074961243,False,74,0.0,True
27,-0.026068141673054435,False,,-0.026068141673054435,False,74,0.0,True
28,-0.029655755685300503,False,,-0.029655755685300503,False,74,0.0,True
29,-0.03865827822100064,False,,-0.03865827822100064,False,74,0.0,True
30,-0.03658057511120087,False,,-0.03658057511120087,False,74,0.0,True
31,-0.02777830924966591,False,,-0.02777830924966591,False,74,0.0,True
32,-0.03659979933640758,False,,-0.03659979933640758,False,74,0.0,True
33,-0.027903542198446516,False,,-0.027903542198446516,False,74,0.0,True
34,-0.02222308262283488,False,,-0.02222308262283488,False,74,0.0,True
35,-0.03279096213388388,False,,-0.03279096213388388,False,74,0.0,True
36,-0.03858613117386625,False,,-0.03858613117386625,False,74,0.0,True
37,-0.03652826212938977,False,,-0.03652826212938977,False,74,0.0,True
38,-0.034443871399061195,False,,-0.034443871399061195,False,74,0.0,True
39,-0.029259969111141215,False,,-0.029259969111141215,False,74,0.0,True
40,-0.04855432269460881,False,,-0.04855432269460881,False,74,0.0,True
41,-0.03456508127186224,False,,-0.03456508127186224,False,74,0.0,True
42,-0.03131615996708714,False,,-0.03131615996708714,False,74,0.0,True
43,-0.03183229052844532,False,,-0.03183229052844532,False,74,0.0,True
44,-0.04035170305682166,False,,-0.04035170305682166,False,74,0.0,True
45,-0.030798599237002858,False,,-0.030798599237002858,False,74,0.0,True
46,-0.034955148478044505,False,,-0.034955148478044505,False,74,0.0,True
47,-0.038786407464237664,False,,-0.038786407464237664,False,74,0.0,True
48,-0.0366234370851497,False,,-0.0366234370851497,False,74,0.0,True
49,-0.03059528496938827,False,,-0.03059528496938827,False,74,0.0,True
50,-0.034415165186883034,False,,-0.034415165186883034,False,74,0.0,True
51,-0.03964612959256893,False,,-0.03964612959256893,False,74,0.0,True
52,-0.03919473860361783,False,,-0.03919473860361783,False,74,0.0,True
53,-0.039922347616040174,False,,-0.039922347616040174,False,74,0.0,True
54,-0.028117931795141538,False,,-0.028117931795141538,False,74,0.0,True
55,-0.031229355685293912,False,,-0.031229355685293912,False,74,0.0,True
56,-0.049799687934371145,False,,-0.049799687934371145,False,74,0.0,True
57,-0.03299810283809832,False,,-0.03299810283809832,False,74,0.0,True
58,-0.03275875950821221,False,,-0.03275875950821221,False,74,0.0,True
59,-0.04012200851281675,False,,-0.04012200851281675,False,74,0.0,True
60,-0.035096136498153525,False,,-0.035096136498153525,False,74,0.0,True
61,-0.029452080041244805,False,,-0.029452080041244805,False,74,0.0,True
62,-0.03363288093097217,False,,-0.03363288093097217,False,74,0.0,True
63,-0.05003546593953922,False,,-0.05003546593953922,False,74,0.0,True
0,-0.03214756419811486,True,,-0.03214756419811486,True,75,0.0,True
1,-0.031979531418691524,False,,-0.031979531418691524,False,75,0.0,True
2,-0.024973301465268646,False,,-0.024973301465268646,False,75,0.0,True
3,-0.021774891004690537,False,,-0.021774891004690537,False,75,0.0,True
4,-0.017906540655494314,False,,-0.017906540655494314,False,75,0.0,True
5,-0.01562352090169199,False,,-0.01562352090169199,False,75,0.0,True
6,-0.03536423696539687,False,,-0.03536423696539687,False,75,0.0,True
7,-0.014732709403014653,False,,-0.014732709403014653,False,75,0.0,True
8,-0.02629330315173177,False,,-0.02629330315173177,False,75,0.0,True
9,-0.026701647679787874,False,,-0.026701647679787874,False,75,0.0,True
10,-0.01571566830294798,False,,-0.01571566830294798,False,75,0.0,True
11,-0.019163278488570787,False,,-0.019163278488570787,False,75,0.0,True
12,-0.012898490149171557,False,,-0.012898490149171557,False,75,0.0,True
13,-0.021255399404851494,False,,-0.021255399404851494,False,75,0.0,True
14,-0.013936721073945824,False,,-0.013936721073945824,False,75,0.0,True
15,-0.02160444231106808,False,,-0.02160444231106808,False,75,0.0,True
16,-0.016755136396360965,False,,-0.016755136396360965,False,75,0.0,True
17,-0.015514588182208997,False,,-0.015514588182208997,False,75,0.0,True
18,-0.018149380115565748,False,,-0.018149380115565748,False,75,0.0,True
19,-0.018701966840351206,False,,-0.018701966840351206,False,75,0.0,True
20,-0.021571127867624624,False,,-0.021571127867624624,False,75,0.0,True
21,-0.017962220199564463,False,,-0.017962220199564463,False,75,0.0,True
22,-0.01523873699526003,False,,-0.01523873699526003,False,75,0.0,True
23,-0.012793531416411383,False,,-0.012793531416411383,False,75,0.0,True
24,-0.014123907042535236,False,,-0.014123907042535236,False,75,0.0,True
25,-0.020242229231693908,False,,-0.020242229231693908,False,75,0.0,True
26,-0.015612857995059558,False,,-0.015612857995059558,False,75,0.0,True
27,-0.02062969158847985,False,,-0.02062969158847985,False,75,0.0,True
28,-0.017818117516846543,False,,-0.017818117516846543,False,75,0.0,True
29,-0.024937371245010293,False,,-0.024937371245010293,False,75,0.0,True
30,-0.02113891099970714,False,,-0.02113891099970714,False,75,0.0,True
31,-0.012566232745861175,False,,-0.012566232745861175,False,75,0.0,True
32,-0.02799964238350512,False,,-0.02799964238350512,False,75,0.0,True
33,-0.011451740288536374,False,,-0.011451740288536374,False,75,0.0,True
34,-0.0266141132361394,False,,-0.0266141132361394,False,75,0.0,True
35,-0.016904892093617355,False,,-0.016904892093617355,False,75,0.0,True
36,-0.028266606403207217,False,,-0.028266606403207217,False,75,0.0,True
37,-0.025031910059925964,False,,-0.025031910059925964,False,75,0.0,True
38,-0.012934345292682527,False,,-0.012934345292682527,False,75,0.0,True
39,-0.014036332395947825,False,,-0.014036332395947825,False,75,0.0,True
40,-0.021960425757854618,False,,-0.021960425757854618,False,75,0.0,True
41,-0.014449744145652694,False,,-0.014449744145652694,False,75,0.0,True
42,-0.015402712320103581,False,,-0.015402712320103581,False,75,0.0,True
43,-0.027762970337346475,False,,-0.027762970337346475,False,75,0.0,True
44,-0.02504500034282383,False,,-0.02504500034282383,False,75,0.0,True
45,-0.013481236435129414,False,,-0.013481236435129414,False,75,0.0,True
46,-0.02120667515699453,False,,-0.02120667515699453,False,75,0.0,True
47,-0.02193279668387728,False,,-0.02193279668387728,False,75,0.0,True
48,-0.017123293666493213,False,,-0.017123293666493213,False,75,0.0,True
49,-0.021828778912392263,False,,-0.021828778912392263,False,75,0.0,True
50,-0.02233869631957601,False,,-0.02233869631957601,False,75,0.0,True
51,-0.015233993616495928,False,,-0.015233993616495928,False,75,0.0,True
52,-0.024853275277960028,False,,-0.024853275277960028,False,75,0.0,True
53,-0.017394248588369885,False,,-0.017394248588369885,False,75,0.0,True
54,-0.02005852660641518,False,,-0.02005852660641518,False,75,0.0,True
55,-0.022579222758764804,False,,-0.022579222758764804,False,75,0.0,True
56,-0.024773014886087602,False,,-0.024773014886087602,False,75,0.0,True
57,-0.016494341081006475,False,,-0.016494341081006475,False,75,0.0,True
58,-0.018608727998533976,False,,-0.018608727998533976,False,75,0.0,True
59,-0.025278279403180594,False,,-0.025278279403180594,False,75,0.0,True
60,-0.023879682382749845,False,,-0.023879682382749845,False,75,0.0,True
61,-0.017433807779436622,False,,-0.017433807779436622,False,75,0.0,True
62,-0.027108136998609703,False,,-0.027108136998609703,False,75,0.0,True
63,-0.017848280578628375,False,,-0.017848280578628375,False,75,0.0,True
0,-0.01645611312119197,True,,-0.01645611312119197,True,76,0.0,True
1,-0.014945883640465944,False,,-0.014945883640465944,False,76,0.0,True
2,-0.011755856284201336,False,,-0.011755856284201336,False,76,0.0,True
3,-0.007867092376650169,False,,-0.007867092376650169,False,76,0.0,True
4,-0.006383907044311651,False,,-0.006383907044311651,False,76,0.0,True
5,-0.008179834040491381,False,,-0.008179834040491381,False,76,0.0,True
6,-0.007651207427829738,False,,-0.007651207427829738,False,76,0.0,True
7,-0.013213282978324286,False,,-0.013213282978324286,False,76,0.0,True
8,-0.0069670388972006905,False,,-0.0069670388972006905,False,76,0.0,True
9,-0.00543170146425915,False,,-0.00543170146425915,False,76,0.0,True
10,-0.010378423161531876,False,,-0.010378423161531876,False,76,0.0,True
11,-0.013309518219229842,False,,-0.013309518219229842,False,76,0.0,True
12,-0.011114656111633713,False,,-0.011114656111633713,False,76,0.0,True
13,-0.008791250211635418,False,,-0.008791250211635418,False,76,0.0,True
14,-0.007401456662838984,False,,-0.007401456662838984,False,76,0.0,True
15,-0.005308138622325716,False,,-0.005308138622325716,False,76,0.0,True
16,-0.00782732858038653,False,,-0.00782732858038653,False,76,0.0,True
17,-0.00806835795099305,False,,-0.00806835795099305,False,76,0.0,True
18,-0.004619005544293891,False,,-0.004619005544293891,False,76,0.0,True
19,-0.006764853421252213,False,,-0.006764853421252213,False,76,0.0,True
20,-0.007241063962311153,False,,-0.007241063962311153,False,76,0.0,True
21,-0.00608331773645511,False,,-0.00608331773645511,False,76,0.0,True
22,-0.005351849022152614,False,,-0.005351849022152614,False,76,0.0,True
23,-0.008094173894008797,False,,-0.008094173894008797,False,76,0.0,True
24,-0.010955496022943866,False,,-0.010955496022943866,False,76,0.0,True
25,-0.008269026501999012,False,,-0.008269026501999012,False,76,0.0,True
26,-0.011059574820277345,False,,-0.011059574820277345,False,76,0.0,True
27,-0.006231309402719521,False,,-0.006231309402719521,False,76,0.0,True
28,-0.010398373089460854,False,,-0.010398373089460854,False,76,0.0,True
29,-0.004058318687549306,False,,-0.004058318687549306,False,76,0.0,True
30,-0.005993471642472329,False,,-0.005993471642472329,False,76,0.0,True
31,-0.00873717524480536,False,,-0.00873717524480536,False,76,0.0,True
32,-0.008083509952761563,False,,-0.008083509952761563,False,76,0.0,True
33,-0.0067421077724376085,False,,-0.0067421077724376085,False,76,0.0,True
34,-0.0033647718400243304,False,,-0.0033647718400243304,False,76,0.0,True
35,-0.01056145852830901,False,,-0.01056145852830901,False,76,0.0,True
36,-0.006887811077874775,False,,-0.006887811077874775,False,76,0.0,True
37,-0.00809391213314738,False,,-0.00809391213314738,False,76,0.0,True
38,-0.007409854827326441,False,,-0.007409854827326441,False,76,0.0,True
39,-0.007890085432578596,False,,-0.007890085432578596,False,76,0.0,True
40,-0.007755665293492058,False,,-0.007755665293492058,False,76,0.0,True
41,-0.011865037409494447,False,,-0.011865037409494447,False,76,0.0,True
42,-0.00886360686937493,False,,-0.00886360686937493,False,76,0.0,True
43,-0.00602135265798192,False,,-0.00602135265798192,False,76,0.0,True
44,-0.0030322888957049327,False,,-0.0030322888957049327,False,76,0.0,True
45,-0.007592105492977659,False,,-0.007592105492977659,False,76,0.0,True
46,-0.008324312387531134,False,,-0.008324312387531134,False,76,0.0,True
47,-0.001839510835978532,False,,-0.001839510835978532,False,76,0.0,True
48,-0.010543263588194733,False,,-0.010543263588194733,False,76,0.0,True
49,-0.011079128021548925,False,,-0.011079128021548925,False,76,0.0,True
50,-0.008257177085346765,False,,-0.008257177085346765,False,76,0.0,True
51,-0.003093029377148435,False,,-0.003093029377148435,False,76,0.0,True
52,-0.006402293050699729,False,,-0.006402293050699729,False,76,0.0,True
53,-0.006835045662508251,False,,-0.006835045662508251,False,76,0.0,True
54,-0.014200184295983898,False,,-0.014200184295983898,False,76,0.0,True
55,-0.008820310611889228,False,,-0.008820310611889228,False,76,0.0,True
56,-0.01086968765459079,False,,-0.01086968765459079,False,76,0.0,True
57,-0.01238014403170247,False,,-0.01238014403170247,False,76,0.0,True
58,-0.008280797094007237,False,,-0.008280797094007237,False,76,0.0,True
59,-0.008601854934200197,False,,-0.008601854934200197,False,76,0.0,True
60,-0.013047122241306218,False,,-0.013047122241306218,False,76,0.0,True
61,-0.005746335406793033,False,,-0.005746335406793033,False,76,0.0,True
62,-0.006499336498156408,False,,-0.006499336498156408,False,76,0.0,True
63,-0.007059086799223057,False,,-0.007059086799223057,False,76,0.0,True
0,-0.012032915732578305,True,,-0.012032915732578305,True,77,0.0,True
1,-0.01362921104766691,False,,-0.01362921104766691,False,77,0.0,True
2,-9.073435237622052e-06,False,,-9.073435237622052e-06,False,77,0.0,True
3,0.0021991477466082755,False,,0.0021991477466082755,False,77,0.0,True
4,-0.004833502499039344,False,,-0.004833502499039344,False,77,0.0,True
5,-0.004776158036410045,False,,-0.004776158036410045,False,77,0.0,True
6,0.001677618878065392,False,,0.001677618878065392,False,77,0.0,True
7,-0.002606836365488382,False,,-0.002606836365488382,False,77,0.0,True
8,-0.0005692420068990171,False,,-0.0005692420068990171,False,77,0.0,True
9,-0.0015682892837568635,False,,-0.0015682892837568635,False,77,0.0,True
10,0.0013917053394769167,False,,0.0013917053394769167,False,77,0.0,True
11,-0.004606010047367039,False,,-0.004606010047367039,False,77,0.0,True
12,0.00023552063670400757,False,,0.00023552063670400757,False,77,0.0,True
13,0.0009214828901681913,False,,0.0009214828901681913,False,77,0.0,True
14,0.002151552056452344,False,,0.002151552056452344,False,77,0.0,True
15,0.0011170597255038797,False,,0.0011170597255038797,False,77,0.0,True
16,0.001106903071825093,False,,0.001106903071825093,False,77,0.0,True
17,-0.0002572816092701396,False,,-0.0002572816092701396,False,77,0.0,True
18,0.0010335181603635009,False,,0.0010335181603635009,False,77,0.0,True
19,-0.0010418764287609098,False,,-0.0010418764287609098,False,77,0.0,True
20,0.0016573595410296212,False,,0.0016573595410296212,False,77,0.0,True
21,0.001142656134537956,False,,0.001142656134537956,False,77,0.0,True
22,0.00026041179380487263,False,,0.00026041179380487263,False,77,0.0,True
23,5.5090931309693036e-05,False,,5.5090931309693036e-05,False,77,0.0,True
24,-0.004746946513465973,False,,-0.004746946513465973,False,77,0.0,True
25,-1.5505861068421285e-05,False,,-1.5505861068421285e-05,False,77,0.0,True
26,-0.0005597264443485484,False,,-0.0005597264443485484,False,77,0.0,True
27,-0.0017324171012148746,False,,-0.0017324171012148746,False,77,0.0,True
28,0.0006621847745159762,False,,0.0006621847745159762,False,77,0.0,True
29,0.00030501457377094237,False,,0.00030501457377094237,False,77,0.0,True
30,-0.007919306042108148,False,,-0.007919306042108148,False,77,0.0,True
31,-0.0012333309544806745,False,,-0.0012333309544806745,False,77,0.0,True
32,-0.0028054037365612215,False,,-0.0028054037365612215,False,77,0.0,True
33,0.0006076067980550353,False,,0.0006076067980550353,False,77,0.0,True
34,-0.0016017449567710994,False,,-0.0016017449567710994,False,77,0.0,True
35,0.0013775139897504744,False,,0.0013775139897504744,False,77,0.0,True
36,-1.267329780596689e-05,False,,-1.267329780596689e-05,False,77,0.0,True
37,-0.0019061923249491454,False,,-0.0019061923249491454,False,77,0.0,True
38,-0.0008101053870933671,False,,-0.0008101053870933671,False,77,0.0,True
39,-0.00374715747580486,False,,-0.00374715747580486,False,77,0.0,True
40,-0.0027566775842508334,False,,-0.0027566775842508334,False,77,0.0,True
41,-0.0011691507101114693,False,,-0.0011691507101114693,False,77,0.0,True
42,-0.0019072401837069513,False,,-0.0019072401837069513,False,77,0.0,True
43,0.0015432940512606513,False,,0.0015432940512606513,False,77,0.0,True
44,0.00014132774507011987,False,,0.00014132774507011987,False,77,0.0,True
45,-0.00011388705679917866,False,,-0.00011388705679917866,False,77,0.0,True
46,-0.0012593530700248266,False,,-0.0012593530700248266,False,77,0.0,True
47,8.684169788561414e-05,False,,8.684169788561414e-05,False,77,0.0,True
48,0.0012954428542781547,False,,0.0012954428542781547,False,77,0.0,True
49,-0.003494134050942326,False,,-0.003494134050942326,False,77,0.0,True
50,-0.0008145902850684866,False,,-0.0008145902850684866,False,77,0.0,True
51,-0.0022993395100034315,False,,-0.0022993395100034315,False,77,0.0,True
52,-0.007210268585338302,False,,-0.007210268585338302,False,77,0.0,True
53,0.001680926252204219,False,,0.001680926252204219,False,77,0.0,True
54,-0.0017995361095108167,False,,-0.0017995361095108167,False,77,0.0,True
55,-0.00293139984192741,False,,-0.00293139984192741,False,77,0.0,True
56,0.0015559635523263635,False,,0.0015559635523263635,False,77,0.0,True
57,-8.962565532773958e-05,False,,-8.962565532773958e-05,False,77,0.0,True
58,-0.0041261722713534996,False,,-0.0041261722713534996,False,77,0.0,True
59,-0.002995661597011439,False,,-0.002995661597011439,False,77,0.0,True
60,-0.000757346034070296,False,,-0.000757346034070296,False,77,0.0,True
61,0.0030931388407690963,False,,0.0030931388407690963,False,77,0.0,True
62,-0.003451020121295607,False,,-0.003451020121295607,False,77,0.0,True
63,-0.0010355128763761994,False,,-0.0010355128763761994,False,77,0.0,True
0,-0.014011943577359156,True,,-0.014011943577359156,True,78,0.0,True
1,-0.012777158149459122,False,,-0.012777158149459122,False,78,0.0,True
2,-0.01001031247666477,False,,-0.01001031247666477,False,78,0.0,True
3,-0.0034318578198109396,False,,-0.0034318578198109396,False,78,0.0,True
4,-0.0026909083341412434,False,,-0.0026909083341412434,False,78,0.0,True
5,-0.005234547342818098,False,,-0.005234547342818098,False,78,0.0,True
6,-0.006603186365985521,False,,-0.006603186365985521,False,78,0.0,True
7,-0.004057918717678844,False,,-0.004057918717678844,False,78,0.0,True
8,-0.007799522426750865,False,,-0.007799522426750865,False,78,0.0,True
9,-0.006928080968545077,False,,-0.006928080968545077,False,78,0.0,True
10,-0.0038981711908983915,False,,-0.0038981711908983915,False,78,0.0,True
11,-0.002213771667661357,False,,-0.002213771667661357,False,78,0.0,True
12,-0.0018706986614604616,False,,-0.0018706986614604616,False,78,0.0,True
13,-0.004991486891256649,False,,-0.004991486891256649,False,78,0.0,True
14,-0.014813394059411325,False,,-0.014813394059411325,False,78,0.0,True
15,-0.00542751984346934,False,,-0.00542751984346934,False,78,0.0,True
16,-0.0049656887110990835,False,,-0.0049656887110990835,False,78,0.0,True
17,-0.004500389003102428,False,,-0.004500389003102428,False,78,0.0,True
18,-0.0014458637121006713,False,,-0.0014458637121006713,False,78,0.0,True
19,-0.007848725244605233,False,,-0.007848725244605233,False,78,0.0,True
20,-0.0023437185224536193,False,,-0.0023437185224536193,False,78,0.0,True
21,-0.0026407045563947027,False,,-0.0026407045563947027,False,78,0.0,True
22,-0.0033346481228109293,False,,-0.0033346481228109293,False,78,0.0,True
23,-0.005357227908579041,False,,-0.005357227908579041,False,78,0.0,True
24,-0.005078173186944798,False,,-0.005078173186944798,False,78,0.0,True
25,-0.005062688997080303,False,,-0.005062688997080303,False,78,0.0,True
26,-0.006183355032833599,False,,-0.006183355032833599,False,78,0.0,True
27,-0.006386923179759045,False,,-0.006386923179759045,False,78,0.0,True
28,-0.0035197494809345664,False,,-0.0035197494809345664,False,78,0.0,True
29,-0.008984293655313936,False,,-0.008984293655313936,False,78,0.0,True
30,-0.003418224336567917,False,,-0.003418224336567917,False,78,0.0,True
31,-0.002939316264739703,False,,-0.002939316264739703,False,78,0.0,True
32,-0.0019671107945984606,False,,-0.0019671107945984606,False,78,0.0,True
33,-0.002695026964909429,False,,-0.002695026964909429,False,78,0.0,True
34,-0.0025269399683531452,False,,-0.0025269399683531452,False,78,0.0,True
35,-0.0045813520013889605,False,,-0.0045813520013889605,False,78,0.0,True
36,-0.005502477723917111,False,,-0.005502477723917111,False,78,0.0,True
37,-0.004045480089842398,False,,-0.004045480089842398,False,78,0.0,True
38,-0.004722178656773893,False,,-0.004722178656773893,False,78,0.0,True
39,-0.001495935080049525,False,,-0.001495935080049525,False,78,0.0,True
40,-0.005182466988813494,False,,-0.005182466988813494,False,78,0.0,True
41,-0.0047568690691247055,False,,-0.0047568690691247055,False,78,0.0,True
42,-0.0037143472631593873,False,,-0.0037143472631593873,False,78,0.0,True
43,-0.005367521088243821,False,,-0.005367521088243821,False,78,0.0,True
44,-0.0004144355809904991,False,,-0.0004144355809904991,False,78,0.0,True
45,-0.009419331945765793,False,,-0.009419331945765793,False,78,0.0,True
46,-0.003985705627581413,False,,-0.003985705627581413,False,78,0.0,True
47,-0.007689170169296969,False,,-0.007689170169296969,False,78,0.0,True
48,-0.004822165166713514,False,,-0.004822165166713514,False,78,0.0,True
49,-0.003453518255995333,False,,-0.003453518255995333,False,78,0.0,True
50,-0.0034705795329413843,False,,-0.0034705795329413843,False,78,0.0,True
51,-0.003474444965294576,False,,-0.003474444965294576,False,78,0.0,True
52,-0.0007539394599621815,False,,-0.0007539394599621815,False,78,0.0,True
53,-0.00979241654837816,False,,-0.00979241654837816,False,78,0.0,True
54,-0.008866729918680165,False,,-0.008866729918680165,False,78,0.0,True
55,-0.00603545035846033,False,,-0.00603545035846033,False,78,0.0,True
56,-0.0013834865005497906,False,,-0.0013834865005497906,False,78,0.0,True
57,-0.006898718453811602,False,,-0.006898718453811602,False,78,0.0,True
58,-0.0023505672988193816,False,,-0.0023505672988193816,False,78,0.0,True
59,-0.0067950623215999335,False,,-0.0067950623215999335,False,78,0.0,True
60,-0.0021602309053240956,False,,-0.0021602309053240956,False,78,0.0,True
61,-0.0020500962241068363,False,,-0.0020500962241068363,False,78,0.0,True
62,-0.006659619296021553,False,,-0.006659619296021553,False,78,0.0,True
63,-0.010236319793832232,False,,-0.010236319793832232,False,78,0.0,True
0,-0.01167692977845576,True,,-0.01167692977845576,True,79,0.0,True
1,-0.002221492399050437,False,,-0.002221492399050437,False,79,0.0,True
2,0.0028756255569141274,False,,0.0028756255569141274,False,79,0.0,True
3,0.004576279030260371,False,,0.004576279030260371,False,79,0.0,True
4,0.0045052953921104685,False,,0.0045052953921104685,False,79,0.0,True
5,-0.005084543820861408,False,,-0.005084543820861408,False,79,0.0,True
6,0.0021918446088789283,False,,0.0021918446088789283,False,79,0.0,True
7,0.0010647837110592598,False,,0.0010647837110592598,False,79,0.0,True
8,-0.0005269309840837946,False,,-0.0005269309840837946,False,79,0.0,True
9,-0.0005476413522009643,False,,-0.0005476413522009643,False,79,0.0,True
10,-0.009534654546668192,False,,-0.009534654546668192,False,79,0.0,True
11,0.0005916252332241363,False,,0.0005916252332241363,False,79,0.0,True
12,0.004767052058038639,False,,0.004767052058038639,False,79,0.0,True
13,-0.003128335098061078,False,,-0.003128335098061078,False,79,0.0,True
14,0.0017249166955934491,False,,0.0017249166955934491,False,79,0.0,True
15,0.001981540542244438,False,,0.001981540542244438,False,79,0.0,True
16,0.0014297801908839738,False,,0.0014297801908839738,False,79,0.0,True
17,0.0030344138846837877,False,,0.0030344138846837877,False,79,0.0,True
18,0.0024055071156350756,False,,0.0024055071156350756,False,79,0.0,True
19,0.00041175811842398755,False,,0.00041175811842398755,False,79,0.0,True
20,2.650359298705593e-05,False,,2.650359298705593e-05,False,79,0.0,True
21,0.0053510569605211625,False,,0.0053510569605211625,False,79,0.0,True
22,0.0015320756495991721,False,,0.0015320756495991721,False,79,0.0,True
23,0.006512222852722837,False,,0.006512222852722837,False,79,0.0,True
24,0.0020428102678993146,False,,0.0020428102678993146,False,79,0.0,True
25,0.0032004082095631933,False,,0.0032004082095631933,False,79,0.0,True
26,0.0008424817392733742,False,,0.0008424817392733742,False,79,0.0,True
27,-0.0006311567066579699,False,,-0.0006311567066579699,False,79,0.0,True
28,0.003229285031616038,False,,0.003229285031616038,False,79,0.0,True
29,0.00048115957543107615,False,,0.00048115957543107615,False,79,0.0,True
30,0.005414346223557784,False,,0.005414346223557784,False,79,0.0,True
31,0.0026130850011183947,False,,0.0026130850011183947,False,79,0.0,True
32,0.004004730347860823,False,,0.004004730347860823,False,79,0.0,True
33,0.0018928223846660418,False,,0.0018928223846660418,False,79,0.0,True
34,0.0026090573539019717,False,,0.0026090573539019717,False,79,0.0,True
35,-0.0022484020051596817,False,,-0.0022484020051596817,False,79,0.0,True
36,0.0013019613183120528,False,,0.0013019613183120528,False,79,0.0,True
37,-0.005472986578910363,False,,-0.005472986578910363,False,79,0.0,True
38,-0.004650106595020378,False,,-0.004650106595020378,False,79,0.0,True
39,0.001641515618767804,False,,0.001641515618767804,False,79,0.0,True
40,0.002752421487949989,False,,0.002752421487949989,False,79,0.0,True
41,-0.0033351020203576413,False,,-0.0033351020203576413,False,79,0.0,True
42,-0.0027298327447098925,False,,-0.0027298327447098925,False,79,0.0,True
43,0.007318645822489278,False,,0.007318645822489278,False,79,0.0,True
44,-0.0004766758729368298,False,,-0.0004766758729368298,False,79,0.0,True
45,0.0027685838143067035,False,,0.0027685838143067035,False,79,0.0,True
46,-0.001907744001658944,False,,-0.001907744001658944,False,79,0.0,True
47,-0.004096228320054357,False,,-0.004096228320054357,False,79,0.0,True
48,0.001181331225880401,False,,0.001181331225880401,False,79,0.0,True
49,-0.003663596571723769,False,,-0.003663596571723769,False,79,0.0,True
50,0.0026229492366345152,False,,0.0026229492366345152,False,79,0.0,True
51,0.003339312203927614,False,,0.003339312203927614,False,79,0.0,True
52,0.0033359091365112066,False,,0.0033359091365112066,False,79,0.0,True
53,0.003953756764540394,False,,0.003953756764540394,False,79,0.0,True
54,-0.0030791356820409135,False,,-0.0030791356820409135,False,79,0.0,True
55,-0.0010649467967299379,False,,-0.0010649467967299379,False,79,0.0,True
56,-0.0014135725834189157,False,,-0.0014135725834189157,False,79,0.0,True
57,-0.0010080131677771085,False,,-0.0010080131677771085,False,79,0.0,True
58,0.005042345849429066,False,,0.005042345849429066,False,79,0.0,True
59,0.0065907666868565366,False,,0.0065907666868565366,False,79,0.0,True
60,0.0005800969994653651,False,,0.0005800969994653651,False,79,0.0,True
61,0.0037412868207149282,False,,0.0037412868207149282,False,79,0.0,True
62,-0.0003317083881315755,False,,-0.0003317083881315755,False,79,0.0,True
63,-0.00910479534863327,False,,-0.00910479534863327,False,79,0.0,True
0,-0.035412497438764616,True,,-0.035412497438764616,True,80,0.0,True
1,-0.02860335971808226,False,,-0.02860335971808226,False,80,0.0,True
2,-0.029650265707679035,False,,-0.029650265707679035,False,80,0.0,True
3,-0.02682574185839563,False,,-0.02682574185839563,False,80,0.0,True
4,-0.021986735212108685,False,,-0.021986735212108685,False,80,0.0,True
5,-0.029300657495528785,False,,-0.029300657495528785,False,80,0.0,True
6,-0.025289349574697608,False,,-0.025289349574697608,False,80,0.0,True
7,-0.024696690482004815,False,,-0.024696690482004815,False,80,0.0,True
8,-0.029424226919812814,False,,-0.029424226919812814,False,80,0.0,True
9,-0.031022113926273243,False,,-0.031022113926273243,False,80,0.0,True
10,-0.03309280444764104,False,,-0.03309280444764104,False,80,0.0,True
11,-0.029791393896836528,False,,-0.029791393896836528,False,80,0.0,True
12,-0.026234292162830842,False,,-0.026234292162830842,False,80,0.0,True
13,-0.029310640221399217,False,,-0.029310640221399217,False,80,0.0,True
14,-0.03100908739294643,False,,-0.03100908739294643,False,80,0.0,True
15,-0.030653612774473857,False,,-0.030653612774473857,False,80,0.0,True
16,-0.03358263299108892,False,,-0.03358263299108892,False,80,0.0,True
17,-0.024241225409825602,False,,-0.024241225409825602,False,80,0.0,True
18,-0.025372139453896294,False,,-0.025372139453896294,False,80,0.0,True
19,-0.02903970593607839,False,,-0.02903970593607839,False,80,0.0,True
20,-0.03422629520624655,False,,-0.03422629520624655,False,80,0.0,True
21,-0.02270299241971116,False,,-0.02270299241971116,False,80,0.0,True
22,-0.03026237725685138,False,,-0.03026237725685138,False,80,0.0,True
23,-0.02629942924881933,False,,-0.02629942924881933,False,80,0.0,True
24,-0.030481594321172076,False,,-0.030481594321172076,False,80,0.0,True
25,-0.02912357610378337,False,,-0.02912357610378337,False,80,0.0,True
26,-0.026132849136849576,False,,-0.026132849136849576,False,80,0.0,True
27,-0.027614421937622976,False,,-0.027614421937622976,False,80,0.0,True
28,-0.02600733140460006,False,,-0.02600733140460006,False,80,0.0,True
29,-0.023153623240826163,False,,-0.023153623240826163,False,80,0.0,True
30,-0.02826506461992287,False,,-0.02826506461992287,False,80,0.0,True
31,-0.0246056029484491,False,,-0.0246056029484491,False,80,0.0,True
32,-0.026393003113988144,False,,-0.026393003113988144,False,80,0.0,True
33,-0.028292976226498005,False,,-0.028292976226498005,False,80,0.0,True
34,-0.031808878492100234,False,,-0.031808878492100234,False,80,0.0,True
35,-0.024723049535078825,False,,-0.024723049535078825,False,80,0.0,True
36,-0.03419049836925214,False,,-0.03419049836925214,False,80,0.0,True
37,-0.035331300448911494,False,,-0.035331300448911494,False,80,0.0,True
38,-0.022829357002168815,False,,-0.022829357002168815,False,80,0.0,True
39,-0.024883297764590112,False,,-0.024883297764590112,False,80,0.0,True
40,-0.029957759610209925,False,,-0.029957759610209925,False,80,0.0,True
41,-0.0292824214409855,False,,-0.0292824214409855,False,80,0.0,True
42,-0.02835098445714325,False,,-0.02835098445714325,False,80,0.0,True
43,-0.02730238548597705,False,,-0.02730238548597705,False,80,0.0,True
44,-0.02493130986302248,False,,-0.02493130986302248,False,80,0.0,True
45,-0.027601680530702145,False,,-0.027601680530702145,False,80,0.0,True
46,-0.020923569551133198,False,,-0.020923569551133198,False,80,0.0,True
47,-0.02806890203081685,False,,-0.02806890203081685,False,80,0.0,True
48,-0.027801415741936973,False,,-0.027801415741936973,False,80,0.0,True
49,-0.03128076944214926,False,,-0.03128076944214926,False,80,0.0,True
50,-0.028868866804161775,False,,-0.028868866804161775,False,80,0.0,True
51,-0.023031856265729775,False,,-0.023031856265729775,False,80,0.0,True
52,-0.023221376049472386,False,,-0.023221376049472386,False,80,0.0,True
53,-0.026232273699108244,False,,-0.026232273699108244,False,80,0.0,True
54,-0.02583434956208023,False,,-0.02583434956208023,False,80,0.0,True
55,-0.029913913426465953,False,,-0.029913913426465953,False,80,0.0,True
56,-0.02672890649541848,False,,-0.02672890649541848,False,80,0.0,True
57,-0.03309853767307289,False,,-0.03309853767307289,False,80,0.0,True
58,-0.0309162288121156,False,,-0.0309162288121156,False,80,0.0,True
59,-0.031281380962066827,False,,-0.031281380962066827,False,80,0.0,True
60,-0.02524955937318145,False,,-0.02524955937318145,False,80,0.0,True
61,-0.025614773504674802,False,,-0.025614773504674802,False,80,0.0,True
62,-0.02632628562443625,False,,-0.02632628562443625,False,80,0.0,True
63,-0.027320638546968257,False,,-0.027320638546968257,False,80,0.0,True
0,-0.030626169629429822,True,,-0.030626169629429822,True,81,0.0,True
1,-0.029105565655847168,False,,-0.029105565655847168,False,81,0.0,True
2,-0.017927678205067334,False,,-0.017927678205067334,False,81,0.0,True
3,-0.021690319576712698,False,,-0.021690319576712698,False,81,0.0,True
4,-0.017003555063441665,False,,-0.017003555063441665,False,81,0.0,True
5,-0.02220631791021585,False,,-0.02220631791021585,False,81,0.0,True
6,-0.015161200472140693,False,,-0.015161200472140693,False,81,0.0,True
7,-0.015077400124308898,False,,-0.015077400124308898,False,81,0.0,True
8,-0.01721588469625079,False,,-0.01721588469625079,False,81,0.0,True
9,-0.022926692491691048,False,,-0.022926692491691048,False,81,0.0,True
10,-0.02013496986426826,False,,-0.02013496986426826,False,81,0.0,True
11,-0.01687608093101379,False,,-0.01687608093101379,False,81,0.0,True
12,-0.020564409356133143,False,,-0.020564409356133143,False,81,0.0,True
13,-0.016783356043560065,False,,-0.016783356043560065,False,81,0.0,True
14,-0.025678910383246066,False,,-0.025678910383246066,False,81,0.0,True
15,-0.01702412132215709,False,,-0.01702412132215709,False,81,0.0,True
16,-0.021641509849106927,False,,-0.021641509849106927,False,81,0.0,True
17,-0.0289565169349715,False,,-0.0289565169349715,False,81,0.0,True
18,-0.020601553750200053,False,,-0.020601553750200053,False,81,0.0,True
19,-0.01830786774145093,False,,-0.01830786774145093,False,81,0.0,True
20,-0.020961025157341787,False,,-0.020961025157341787,False,81,0.0,True
21,-0.018816164494589185,False,,-0.018816164494589185,False,81,0.0,True
22,-0.01854179273667895,False,,-0.01854179273667895,False,81,0.0,True
23,-0.02434535378455575,False,,-0.02434535378455575,False,81,0.0,True
24,-0.022733475309267042,False,,-0.022733475309267042,False,81,0.0,True
25,-0.015735412859686118,False,,-0.015735412859686118,False,81,0.0,True
26,-0.017597159821658267,False,,-0.017597159821658267,False,81,0.0,True
27,-0.028551951773331207,False,,-0.028551951773331207,False,81,0.0,True
28,-0.013805116634661267,False,,-0.013805116634661267,False,81,0.0,True
29,-0.021276701364855783,False,,-0.021276701364855783,False,81,0.0,True
30,-0.02676066224336336,False,,-0.02676066224336336,False,81,0.0,True
31,-0.016700062426702265,False,,-0.016700062426702265,False,81,0.0,True
32,-0.017363674535826414,False,,-0.017363674535826414,False,81,0.0,True
33,-0.01612157890035783,False,,-0.01612157890035783,False,81,0.0,True
34,-0.015109330407965063,False,,-0.015109330407965063,False,81,0.0,True
35,-0.01566219010456938,False,,-0.01566219010456938,False,81,0.0,True
36,-0.017887868052985423,False,,-0.017887868052985423,False,81,0.0,True
37,-0.016315781197118302,False,,-0.016315781197118302,False,81,0.0,True
38,-0.02482361162941721,False,,-0.02482361162941721,False,81,0.0,True
39,-0.022396910825856018,False,,-0.022396910825856018,False,81,0.0,True
40,-0.023797248120908495,False,,-0.023797248120908495,False,81,0.0,True
41,-0.016959742803394802,False,,-0.016959742803394802,False,81,0.0,True
42,-0.028606939972960856,False,,-0.028606939972960856,False,81,0.0,True
43,-0.017676394536380004,False,,-0.017676394536380004,False,81,0.0,True
44,-0.016104101420924243,False,,-0.016104101420924243,False,81,0.0,True
45,-0.017526168836768958,False,,-0.017526168836768958,False,81,0.0,True
46,-0.024189869441634766,False,,-0.024189869441634766,False,81,0.0,True
47,-0.022465092019545517,False,,-0.022465092019545517,False,81,0.0,True
48,-0.02092881644621106,False,,-0.02092881644621106,False,81,0.0,True
49,-0.019643235450021126,False,,-0.019643235450021126,False,81,0.0,True
50,-0.015214297721263407,False,,-0.015214297721263407,False,81,0.0,True
51,-0.01816259910327172,False,,-0.01816259910327172,False,81,0.0,True
52,-0.030160411287763873,False,,-0.030160411287763873,False,81,0.0,True
53,-0.022475458048676105,False,,-0.022475458048676105,False,81,0.0,True
54,-0.016031990788775236,False,,-0.016031990788775236,False,81,0.0,True
55,-0.018677600766361088,False,,-0.018677600766361088,False,81,0.0,True
56,-0.01940998528807831,False,,-0.01940998528807831,False,81,0.0,True
57,-0.020042299196160056,False,,-0.020042299196160056,False,81,0.0,True
58,-0.02072859652454192,False,,-0.02072859652454192,False,81,0.0,True
59,-0.017605079040963194,False,,-0.017605079040963194,False,81,0.0,True
60,-0.01967395866126536,False,,-0.01967395866126536,False,81,0.0,True
61,-0.01721168584005007,False,,-0.01721168584005007,False,81,0.0,True
62,-0.015954358399418656,False,,-0.015954358399418656,False,81,0.0,True
63,-0.02114641410130524,False,,-0.02114641410130524,False,81,0.0,True
0,-0.06273396676403177,True,,-0.06273396676403177,True,82,0.0,True
1,-0.0743779049981935,False,,-0.0743779049981935,False,82,0.0,True
2,-0.05644087221127378,False,,-0.05644087221127378,False,82,0.0,True
3,-0.059050277485169805,False,,-0.059050277485169805,False,82,0.0,True
4,-0.05738017191897686,False,,-0.05738017191897686,False,82,0.0,True
5,-0.05683076794997302,False,,-0.05683076794997302,False,82,0.0,True
6,-0.0534593479642122,False,,-0.0534593479642122,False,82,0.0,True
7,-0.05341306504251647,False,,-0.05341306504251647,False,82,0.0,True
8,-0.053466018264563306,False,,-0.053466018264563306,False,82,0.0,True
9,-0.05427526469472792,False,,-0.05427526469472792,False,82,0.0,True
10,-0.059596631578608214,False,,-0.059596631578608214,False,82,0.0,True
11,-0.05346051447088892,False,,-0.05346051447088892,False,82,0.0,True
12,-0.05468010851431447,False,,-0.05468010851431447,False,82,0.0,True
13,-0.06139442819327096,False,,-0.06139442819327096,False,82,0.0,True
14,-0.055568345121812524,False,,-0.055568345121812524,False,82,0.0,True
15,-0.06127688199245435,False,,-0.06127688199245435,False,82,0.0,True
16,-0.06372188219155822,False,,-0.06372188219155822,False,82,0.0,True
17,-0.059751144703772976,False,,-0.059751144703772976,False,82,0.0,True
18,-0.05695533715250539,False,,-0.05695533715250539,False,82,0.0,True
19,-0.05993033615739948,False,,-0.05993033615739948,False,82,0.0,True
20,-0.05371898443501197,False,,-0.05371898443501197,False,82,0.0,True
21,-0.05258812975079301,False,,-0.05258812975079301,False,82,0.0,True
22,-0.05538506039985066,False,,-0.05538506039985066,False,82,0.0,True
23,-0.05287112318593991,False,,-0.05287112318593991,False,82,0.0,True
24,-0.0581746883603072,False,,-0.0581746883603072,False,82,0.0,True
25,-0.054224029847486824,False,,-0.054224029847486824,False,82,0.0,True
26,-0.052073495091813554,False,,-0.052073495091813554,False,82,0.0,True
27,-0.060710498532998834,False,,-0.060710498532998834,False,82,0.0,True
28,-0.05765476786245013,False,,-0.05765476786245013,False,82,0.0,True
29,-0.06373484416864679,False,,-0.06373484416864679,False,82,0.0,True
30,-0.055741367099534034,False,,-0.055741367099534034,False,82,0.0,True
31,-0.05852395159779954,False,,-0.05852395159779954,False,82,0.0,True
32,-0.057944946904429424,False,,-0.057944946904429424,False,82,0.0,True
33,-0.05150326533193578,False,,-0.05150326533193578,False,82,0.0,True
34,-0.05297687524882501,False,,-0.05297687524882501,False,82,0.0,True
35,-0.053842108220517354,False,,-0.053842108220517354,False,82,0.0,True
36,-0.06277088146830728,False,,-0.06277088146830728,False,82,0.0,True
37,-0.05912176130346035,False,,-0.05912176130346035,False,82,0.0,True
38,-0.05789770442876675,False,,-0.05789770442876675,False,82,0.0,True
39,-0.054289110821506704,False,,-0.054289110821506704,False,82,0.0,True
40,-0.05455425536458661,False,,-0.05455425536458661,False,82,0.0,True
41,-0.05731775266387547,False,,-0.05731775266387547,False,82,0.0,True
42,-0.054637458844877224,False,,-0.054637458844877224,False,82,0.0,True
43,-0.05884612038978987,False,,-0.05884612038978987,False,82,0.0,True
44,-0.05554451597698501,False,,-0.05554451597698501,False,82,0.0,True
45,-0.060047017778506004,False,,-0.060047017778506004,False,82,0.0,True
46,-0.0599380552583199,False,,-0.0599380552583199,False,82,0.0,True
47,-0.05715551315812327,False,,-0.05715551315812327,False,82,0.0,True
48,-0.05479160475360555,False,,-0.05479160475360555,False,82,0.0,True
49,-0.054956791612517236,False,,-0.054956791612517236,False,82,0.0,True
50,-0.05906332358471575,False,,-0.05906332358471575,False,82,0.0,True
51,-0.05920675570331613,False,,-0.05920675570331613,False,82,0.0,True
52,-0.05798468343915902,False,,-0.05798468343915902,False,82,0.0,True
53,-0.05654519129438731,False,,-0.05654519129438731,False,82,0.0,True
54,-0.06030007037652782,False,,-0.06030007037652782,False,82,0.0,True
55,-0.06177999331630803,False,,-0.06177999331630803,False,82,0.0,True
56,-0.06164361595407854,False,,-0.06164361595407854,False,82,0.0,True
57,-0.05706207527195962,False,,-0.05706207527195962,False,82,0.0,True
58,-0.05703322642052247,False,,-0.05703322642052247,False,82,0.0,True
59,-0.06290588269609271,False,,-0.06290588269609271,False,82,0.0,True
60,-0.05333014417245971,False,,-0.05333014417245971,False,82,0.0,True
61,-0.056624105478991965,False,,-0.056624105478991965,False,82,0.0,True
62,-0.05113695158944573,False,,-0.05113695158944573,False,82,0.0,True
63,-0.055764907918085804,False,,-0.055764907918085804,False,82,0.0,True
0,-0.08319131561572193,True,,-0.08319131561572193,True,83,0.0,True
1,-0.08197634200850151,False,,-0.08197634200850151,False,83,0.0,True
2,-0.0708794436208238,False,,-0.0708794436208238,False,83,0.0,True
3,-0.06667150537879953,False,,-0.06667150537879953,False,83,0.0,True
4,-0.06700196508117029,False,,-0.06700196508117029,False,83,0.0,True
5,-0.07127751389750613,False,,-0.07127751389750613,False,83,0.0,True
6,-0.06465204551950299,False,,-0.06465204551950299,False,83,0.0,True
7,-0.07197623806619982,False,,-0.07197623806619982,False,83,0.0,True
8,-0.0741872196976287,False,,-0.0741872196976287,False,83,0.0,True
9,-0.07778861245046242,False,,-0.07778861245046242,False,83,0.0,True
10,-0.06523915905435515,False,,-0.06523915905435515,False,83,0.0,True
11,-0.06850110581474739,False,,-0.06850110581474739,False,83,0.0,True
12,-0.06667202093095209,False,,-0.06667202093095209,False,83,0.0,True
13,-0.07399416804272291,False,,-0.07399416804272291,False,83,0.0,True
14,-0.06786738078315398,False,,-0.06786738078315398,False,83,0.0,True
15,-0.07027149600036309,False,,-0.07027149600036309,False,83,0.0,True
16,-0.06856245785653536,False,,-0.06856245785653536,False,83,0.0,True
17,-0.06499948028022465,False,,-0.06499948028022465,False,83,0.0,True
18,-0.0694728087420335,False,,-0.0694728087420335,False,83,0.0,True
19,-0.06586939739092298,False,,-0.06586939739092298,False,83,0.0,True
20,-0.06500008272433123,False,,-0.06500008272433123,False,83,0.0,True
21,-0.07262017755535605,False,,-0.07262017755535605,False,83,0.0,True
22,-0.07000149509982398,False,,-0.07000149509982398,False,83,0.0,True
23,-0.06883776887040063,False,,-0.06883776887040063,False,83,0.0,True
24,-0.0696720159014584,False,,-0.0696720159014584,False,83,0.0,True
25,-0.06888143739048333,False,,-0.06888143739048333,False,83,0.0,True
26,-0.06896303534233428,False,,-0.06896303534233428,False,83,0.0,True
27,-0.07003574092131795,False,,-0.07003574092131795,False,83,0.0,True
28,-0.06910291317577691,False,,-0.06910291317577691,False,83,0.0,True
29,-0.07338632328135092,False,,-0.07338632328135092,False,83,0.0,True
30,-0.06710624718988585,False,,-0.06710624718988585,False,83,0.0,True
31,-0.07326116732873816,False,,-0.07326116732873816,False,83,0.0,True
32,-0.07283664754232394,False,,-0.07283664754232394,False,83,0.0,True
33,-0.06546331057578847,False,,-0.06546331057578847,False,83,0.0,True
34,-0.07258601289864942,False,,-0.07258601289864942,False,83,0.0,True
35,-0.0740146388644166,False,,-0.0740146388644166,False,83,0.0,True
36,-0.06978973266437533,False,,-0.06978973266437533,False,83,0.0,True
37,-0.07018244521336245,False,,-0.07018244521336245,False,83,0.0,True
38,-0.06989423907855684,False,,-0.06989423907855684,False,83,0.0,True
39,-0.07061755528123739,False,,-0.07061755528123739,False,83,0.0,True
40,-0.07136037884548393,False,,-0.07136037884548393,False,83,0.0,True
41,-0.06384665433167802,False,,-0.06384665433167802,False,83,0.0,True
42,-0.07405907643680656,False,,-0.07405907643680656,False,83,0.0,True
43,-0.075127596276895,False,,-0.075127596276895,False,83,0.0,True
44,-0.07258846566544086,False,,-0.07258846566544086,False,83,0.0,True
45,-0.07038199560883017,False,,-0.07038199560883017,False,83,0.0,True
46,-0.07797667061709165,False,,-0.07797667061709165,False,83,0.0,True
47,-0.06939668358107873,False,,-0.06939668358107873,False,83,0.0,True
48,-0.07018623248693602,False,,-0.07018623248693602,False,83,0.0,True
49,-0.07197715386976655,False,,-0.07197715386976655,False,83,0.0,True
50,-0.06348713765260164,False,,-0.06348713765260164,False,83,0.0,True
51,-0.07065555690504617,False,,-0.07065555690504617,False,83,0.0,True
52,-0.07097718418496328,False,,-0.07097718418496328,False,83,0.0,True
53,-0.06722469897897405,False,,-0.06722469897897405,False,83,0.0,True
54,-0.06947956777173234,False,,-0.06947956777173234,False,83,0.0,True
55,-0.06573246872950159,False,,-0.06573246872950159,False,83,0.0,True
56,-0.07895299516792793,False,,-0.07895299516792793,False,83,0.0,True
57,-0.06907471081242515,False,,-0.06907471081242515,False,83,0.0,True
58,-0.06980094851500226,False,,-0.06980094851500226,False,83,0.0,True
59,-0.07494073742695184,False,,-0.07494073742695184,False,83,0.0,True
60,-0.06512218820825427,False,,-0.06512218820825427,False,83,0.0,True
61,-0.0682214032101847,False,,-0.0682214032101847,False,83,0.0,True
62,-0.06678956329811903,False,,-0.06678956329811903,False,83,0.0,True
63,-0.07581977966973188,False,,-0.07581977966973188,False,83,0.0,True
0,-0.11588889534750824,True,,-0.11588889534750824,True,84,0.0,True
1,-0.11454564202402095,False,,-0.11454564202402095,False,84,0.0,True
2,-0.10024563811983643,False,,-0.10024563811983643,False,84,0.0,True
3,-0.11021335614438024,False,,-0.11021335614438024,False,84,0.0,True
4,-0.104358456127611,False,,-0.104358456127611,False,84,0.0,True
5,-0.10240090100452814,False,,-0.10240090100452814,False,84,0.0,True
6,-0.10829528643271064,False,,-0.10829528643271064,False,84,0.0,True
7,-0.10143693752827579,False,,-0.10143693752827579,False,84,0.0,True
8,-0.10533766927653267,False,,-0.10533766927653267,False,84,0.0,True
9,-0.10644038702404657,False,,-0.10644038702404657,False,84,0.0,True
10,-0.10688366337983556,False,,-0.10688366337983556,False,84,0.0,True
11,-0.09589693135060418,False,,-0.09589693135060418,False,84,0.0,True
12,-0.0988545622688544,False,,-0.0988545622688544,False,84,0.0,True
13,-0.10005386794945155,False,,-0.10005386794945155,False,84,0.0,True
14,-0.10116837098461877,False,,-0.10116837098461877,False,84,0.0,True
15,-0.1088427107100268,False,,-0.1088427107100268,False,84,0.0,True
16,-0.11093112193251961,False,,-0.11093112193251961,False,84,0.0,True
17,-0.10176587369770365,False,,-0.10176587369770365,False,84,0.0,True
18,-0.09545246286998732,False,,-0.09545246286998732,False,84,0.0,True
19,-0.10341513290968371,False,,-0.10341513290968371,False,84,0.0,True
20,-0.10920594464882612,False,,-0.10920594464882612,False,84,0.0,True
21,-0.10731807998761819,False,,-0.10731807998761819,False,84,0.0,True
22,-0.09985416574569278,False,,-0.09985416574569278,False,84,0.0,True
23,-0.10511612519665359,False,,-0.10511612519665359,False,84,0.0,True
24,-0.09913865290754789,False,,-0.09913865290754789,False,84,0.0,True
25,-0.10295686393581209,False,,-0.10295686393581209,False,84,0.0,True
26,-0.10246982202030358,False,,-0.10246982202030358,False,84,0.0,True
27,-0.10396810061355682,False,,-0.10396810061355682,False,84,0.0,True
28,-0.10374714177765931,False,,-0.10374714177765931,False,84,0.0,True
29,-0.09962404855341601,False,,-0.09962404855341601,False,84,0.0,True
30,-0.10260829054903897,False,,-0.10260829054903897,False,84,0.0,True
31,-0.10414100592852849,False,,-0.10414100592852849,False,84,0.0,True
32,-0.1058078092544753,False,,-0.1058078092544753,False,84,0.0,True
33,-0.10235765631476496,False,,-0.10235765631476496,False,84,0.0,True
34,-0.10308727325564339,False,,-0.10308727325564339,False,84,0.0,True
35,-0.09910023404333285,False,,-0.09910023404333285,False,84,0.0,True
36,-0.10560175174085532,False,,-0.10560175174085532,False,84,0.0,True
37,-0.10893416539536281,False,,-0.10893416539536281,False,84,0.0,True
38,-0.10996263187125133,False,,-0.10996263187125133,False,84,0.0,True
39,-0.10273296605156448,False,,-0.10273296605156448,False,84,0.0,True
40,-0.09919100340137521,False,,-0.09919100340137521,False,84,0.0,True
41,-0.11135552579025775,False,,-0.11135552579025775,False,84,0.0,True
42,-0.10678649565999622,False,,-0.10678649565999622,False,84,0.0,True
43,-0.09972547437263643,False,,-0.09972547437263643,False,84,0.0,True
44,-0.0994049271856575,False,,-0.0994049271856575,False,84,0.0,True
45,-0.10172970605078474,False,,-0.10172970605078474,False,84,0.0,True
46,-0.10446715694180558,False,,-0.10446715694180558,False,84,0.0,True
47,-0.10051450665117062,False,,-0.10051450665117062,False,84,0.0,True
48,-0.11189214486916918,False,,-0.11189214486916918,False,84,0.0,True
49,-0.11209501309040439,False,,-0.11209501309040439,False,84,0.0,True
50,-0.11007577316562744,False,,-0.11007577316562744,False,84,0.0,True
51,-0.10241626094683828,False,,-0.10241626094683828,False,84,0.0,True
52,-0.10388348859721071,False,,-0.10388348859721071,False,84,0.0,True
53,-0.1028711407179666,False,,-0.1028711407179666,False,84,0.0,True
54,-0.100834975249883,False,,-0.100834975249883,False,84,0.0,True
55,-0.10088671700411977,False,,-0.10088671700411977,False,84,0.0,True
56,-0.10320617369914696,False,,-0.10320617369914696,False,84,0.0,True
57,-0.09653871954182905,False,,-0.09653871954182905,False,84,0.0,True
58,-0.10661246545902148,False,,-0.10661246545902148,False,84,0.0,True
59,-0.09324911718666001,False,,-0.09324911718666001,False,84,0.0,True
60,-0.1018060737579587,False,,-0.1018060737579587,False,84,0.0,True
61,-0.0999665154117807,False,,-0.0999665154117807,False,84,0.0,True
62,-0.10580943851152591,False,,-0.10580943851152591,False,84,0.0,True
63,-0.09963069776388861,False,,-0.09963069776388861,False,84,0.0,True
0,-0.19091441614266988,True,,-0.19091441614266988,True,85,0.0,True
1,-0.1903218517645665,False,,-0.1903218517645665,False,85,0.0,True
2,-0.1708054022652295,False,,-0.1708054022652295,False,85,0.0,True
3,-0.17960259079374677,False,,-0.17960259079374677,False,85,0.0,True
4,-0.17174464906324238,False,,-0.17174464906324238,False,85,0.0,True
5,-0.172628917529349,False,,-0.172628917529349,False,85,0.0,True
6,-0.1761263167076657,False,,-0.1761263167076657,False,85,0.0,True
7,-0.1933789521435219,False,,-0.1933789521435219,False,85,0.0,True
8,-0.17138077422770026,False,,-0.17138077422770026,False,85,0.0,True
9,-0.17962564477545426,False,,-0.17962564477545426,False,85,0.0,True
10,-0.18710565945786617,False,,-0.18710565945786617,False,85,0.0,True
11,-0.17262272279845653,False,,-0.17262272279845653,False,85,0.0,True
12,-0.18830968416712046,False,,-0.18830968416712046,False,85,0.0,True
13,-0.17543891949902504,False,,-0.17543891949902504,False,85,0.0,True
14,-0.1786590942322725,False,,-0.1786590942322725,False,85,0.0,True
15,-0.17366188745305972,False,,-0.17366188745305972,False,85,0.0,True
16,-0.1916973414055272,False,,-0.1916973414055272,False,85,0.0,True
17,-0.18002870776099933,False,,-0.18002870776099933,False,85,0.0,True
18,-0.17985402307835036,False,,-0.17985402307835036,False,85,0.0,True
19,-0.17534378055175665,False,,-0.17534378055175665,False,85,0.0,True
20,-0.17678549233436575,False,,-0.17678549233436575,False,85,0.0,True
21,-0.166147567760131,False,,-0.166147567760131,False,85,0.0,True
22,-0.18916135284818106,False,,-0.18916135284818106,False,85,0.0,True
23,-0.19548231905427008,False,,-0.19548231905427008,False,85,0.0,True
24,-0.1874849452183816,False,,-0.1874849452183816,False,85,0.0,True
25,-0.1708629635110097,False,,-0.1708629635110097,False,85,0.0,True
26,-0.1783454768305064,False,,-0.1783454768305064,False,85,0.0,True
27,-0.18493921653978315,False,,-0.18493921653978315,False,85,0.0,True
28,-0.17037805099422837,False,,-0.17037805099422837,False,85,0.0,True
29,-0.17001007731044737,False,,-0.17001007731044737,False,85,0.0,True
30,-0.18452566283297453,False,,-0.18452566283297453,False,85,0.0,True
31,-0.17571921817421832,False,,-0.17571921817421832,False,85,0.0,True
32,-0.17096947260815903,False,,-0.17096947260815903,False,85,0.0,True
33,-0.18006383353206973,False,,-0.18006383353206973,False,85,0.0,True
34,-0.1789478299324774,False,,-0.1789478299324774,False,85,0.0,True
35,-0.18133953753657067,False,,-0.18133953753657067,False,85,0.0,True
36,-0.1759979574930907,False,,-0.1759979574930907,False,85,0.0,True
37,-0.1690309128992837,False,,-0.1690309128992837,False,85,0.0,True
38,-0.17344589209636124,False,,-0.17344589209636124,False,85,0.0,True
39,-0.17468909770410707,False,,-0.17468909770410707,False,85,0.0,True
40,-0.17227102588105897,False,,-0.17227102588105897,False,85,0.0,True
41,-0.17526446504199072,False,,-0.17526446504199072,False,85,0.0,True
42,-0.17748698211964126,False,,-0.17748698211964126,False,85,0.0,True
43,-0.1778878426795138,False,,-0.1778878426795138,False,85,0.0,True
44,-0.19408585982435927,False,,-0.19408585982435927,False,85,0.0,True
45,-0.17878653247579485,False,,-0.17878653247579485,False,85,0.0,True
46,-0.16939091606250584,False,,-0.16939091606250584,False,85,0.0,True
47,-0.18651173012546873,False,,-0.18651173012546873,False,85,0.0,True
48,-0.1767473265445916,False,,-0.1767473265445916,False,85,0.0,True
49,-0.1846432570053756,False,,-0.1846432570053756,False,85,0.0,True
50,-0.17274612578550017,False,,-0.17274612578550017,False,85,0.0,True
51,-0.17070468042810788,False,,-0.17070468042810788,False,85,0.0,True
52,-0.17671458129338538,False,,-0.17671458129338538,False,85,0.0,True
53,-0.19735941625768144,False,,-0.19735941625768144,False,85,0.0,True
54,-0.17273638200211056,False,,-0.17273638200211056,False,85,0.0,True
55,-0.1730539629637719,False,,-0.1730539629637719,False,85,0.0,True
56,-0.19188701561867239,False,,-0.19188701561867239,False,85,0.0,True
57,-0.16499389368344647,False,,-0.16499389368344647,False,85,0.0,True
58,-0.18121087543150768,False,,-0.18121087543150768,False,85,0.0,True
59,-0.17959656599862064,False,,-0.17959656599862064,False,85,0.0,True
60,-0.16847479842444385,False,,-0.16847479842444385,False,85,0.0,True
61,-0.17544925329986505,False,,-0.17544925329986505,False,85,0.0,True
62,-0.1734542237266165,False,,-0.1734542237266165,False,85,0.0,True
63,-0.18477357217199664,False,,-0.18477357217199664,False,85,0.0,True
0,-0.20837324899883203,True,,-0.20837324899883203,True,86,0.0,True
1,-0.20921091457602897,False,,-0.20921091457602897,False,86,0.0,True
2,-0.18813529090505754,False,,-0.18813529090505754,False,86,0.0,True
3,-0.19079592519627123,False,,-0.19079592519627123,False,86,0.0,True
4,-0.19052306486717677,False,,-0.19052306486717677,False,86,0.0,True
5,-0.18994994932645023,False,,-0.18994994932645023,False,86,0.0,True
6,-0.181743371341108,False,,-0.181743371341108,False,86,0.0,True
7,-0.18700600010248086,False,,-0.18700600010248086,False,86,0.0,True
8,-0.1828560541592527,False,,-0.1828560541592527,False,86,0.0,True
9,-0.18654887177342633,False,,-0.18654887177342633,False,86,0.0,True
10,-0.18427058061292936,False,,-0.18427058061292936,False,86,0.0,True
11,-0.19397687570697264,False,,-0.19397687570697264,False,86,0.0,True
12,-0.1929127978048749,False,,-0.1929127978048749,False,86,0.0,True
13,-0.20271248403295736,False,,-0.20271248403295736,False,86,0.0,True
14,-0.19427284953273574,False,,-0.19427284953273574,False,86,0.0,True
15,-0.19229819906035175,False,,-0.19229819906035175,False,86,0.0,True
16,-0.18591858159781685,False,,-0.18591858159781685,False,86,0.0,True
17,-0.18553305367356882,False,,-0.18553305367356882,False,86,0.0,True
18,-0.19156253936942425,False,,-0.19156253936942425,False,86,0.0,True
19,-0.1931350546047418,False,,-0.1931350546047418,False,86,0.0,True
20,-0.18285857722151885,False,,-0.18285857722151885,False,86,0.0,True
21,-0.198243556240544,False,,-0.198243556240544,False,86,0.0,True
22,-0.19384691928358708,False,,-0.19384691928358708,False,86,0.0,True
23,-0.1950349855182919,False,,-0.1950349855182919,False,86,0.0,True
24,-0.18248891127413144,False,,-0.18248891127413144,False,86,0.0,True
25,-0.19550995169296875,False,,-0.19550995169296875,False,86,0.0,True
26,-0.19396919896314402,False,,-0.19396919896314402,False,86,0.0,True
27,-0.19866280053010063,False,,-0.19866280053010063,False,86,0.0,True
28,-0.19212067784859965,False,,-0.19212067784859965,False,86,0.0,True
29,-0.18243953801789675,False,,-0.18243953801789675,False,86,0.0,True
30,-0.1866622618279527,False,,-0.1866622618279527,False,86,0.0,True
31,-0.18985232692285697,False,,-0.18985232692285697,False,86,0.0,True
32,-0.18220119442698296,False,,-0.18220119442698296,False,86,0.0,True
33,-0.1907843976095797,False,,-0.1907843976095797,False,86,0.0,True
34,-0.1856337929325861,False,,-0.1856337929325861,False,86,0.0,True
35,-0.1868335102608177,False,,-0.1868335102608177,False,86,0.0,True
36,-0.18809650700001979,False,,-0.18809650700001979,False,86,0.0,True
37,-0.18566970097527438,False,,-0.18566970097527438,False,86,0.0,True
38,-0.18954975572535276,False,,-0.18954975572535276,False,86,0.0,True
39,-0.1971023730217113,False,,-0.1971023730217113,False,86,0.0,True
40,-0.18768066569159195,False,,-0.18768066569159195,False,86,0.0,True
41,-0.1840452344783527,False,,-0.1840452344783527,False,86,0.0,True
42,-0.18232309546396813,False,,-0.18232309546396813,False,86,0.0,True
43,-0.18137074002346548,False,,-0.18137074002346548,False,86,0.0,True
44,-0.18678068621552393,False,,-0.18678068621552393,False,86,0.0,True
45,-0.2083806751418375,False,,-0.2083806751418375,False,86,0.0,True
46,-0.1795258531209611,False,,-0.1795258531209611,False,86,0.0,True
47,-0.1907358475599998,False,,-0.1907358475599998,False,86,0.0,True
48,-0.19411642813796465,False,,-0.19411642813796465,False,86,0.0,True
49,-0.1841601037467428,False,,-0.1841601037467428,False,86,0.0,True
50,-0.1825294474131033,False,,-0.1825294474131033,False,86,0.0,True
51,-0.19651535056557795,False,,-0.19651535056557795,False,86,0.0,True
52,-0.19141118562012466,False,,-0.19141118562012466,False,86,0.0,True
53,-0.18586948151730878,False,,-0.18586948151730878,False,86,0.0,True
54,-0.18709025711830826,False,,-0.18709025711830826,False,86,0.0,True
55,-0.18945376755475185,False,,-0.18945376755475185,False,86,0.0,True
56,-0.18590208340469772,False,,-0.18590208340469772,False,86,0.0,True
57,-0.19075084810569698,False,,-0.19075084810569698,False,86,0.0,True
58,-0.19361387471764585,False,,-0.19361387471764585,False,86,0.0,True
59,-0.18439270230684374,False,,-0.18439270230684374,False,86,0.0,True
60,-0.1808598546101562,False,,-0.1808598546101562,False,86,0.0,True
61,-0.18339591518064166,False,,-0.18339591518064166,False,86,0.0,True
62,-0.19023855915483473,False,,-0.19023855915483473,False,86,0.0,True
63,-0.1868799039200586,False,,-0.1868799039200586,False,86,0.0,True
0,-1.6478078130954723,True,,-1.6478078130954723,True,87,0.0,True
1,-1.63373834384414,False,,-1.63373834384414,False,87,0.0,True
2,-1.6193293490045513,False,,-1.6193293490045513,False,87,0.0,True
3,-1.632098683309081,False,,-1.632098683309081,False,87,0.0,True
4,-1.6255425784847,False,,-1.6255425784847,False,87,0.0,True
5,-1.6279311348773593,False,,-1.6279311348773593,False,87,0.0,True
6,-1.6160321656140553,False,,-1.6160321656140553,False,87,0.0,True
7,-1.6269877816984972,False,,-1.6269877816984972,False,87,0.0,True
8,-1.6293184968110364,False,,-1.6293184968110364,False,87,0.0,True
9,-1.6283781595431701,False,,-1.6283781595431701,False,87,0.0,True
10,-1.6179922380700842,False,,-1.6179922380700842,False,87,0.0,True
11,-1.626230733066079,False,,-1.626230733066079,False,87,0.0,True
12,-1.6227033814916163,False,,-1.6227033814916163,False,87,0.0,True
13,-1.639396046854968,False,,-1.639396046854968,False,87,0.0,True
14,-1.6535007663922423,False,,-1.6535007663922423,False,87,0.0,True
15,-1.6160333336976613,False,,-1.6160333336976613,False,87,0.0,True
16,-1.6305673193410226,False,,-1.6305673193410226,False,87,0.0,True
17,-1.622699328372031,False,,-1.622699328372031,False,87,0.0,True
18,-1.6235063834123133,False,,-1.6235063834123133,False,87,0.0,True
19,-1.6362750149556529,False,,-1.6362750149556529,False,87,0.0,True
20,-1.6388072621821215,False,,-1.6388072621821215,False,87,0.0,True
21,-1.6206540740961641,False,,-1.6206540740961641,False,87,0.0,True
22,-1.620331560950324,False,,-1.620331560950324,False,87,0.0,True
23,-1.6280775165288854,False,,-1.6280775165288854,False,87,0.0,True
24,-1.6389810737187103,False,,-1.6389810737187103,False,87,0.0,True
25,-1.6222914984703587,False,,-1.6222914984703587,False,87,0.0,True
26,-1.6258698039837556,False,,-1.6258698039837556,False,87,0.0,True
27,-1.6305776179106273,False,,-1.6305776179106273,False,87,0.0,True
28,-1.6162383302139138,False,,-1.6162383302139138,False,87,0.0,True
29,-1.619118109284001,False,,-1.619118109284001,False,87,0.0,True
30,-1.6453477274345256,False,,-1.6453477274345256,False,87,0.0,True
31,-1.6279030525177636,False,,-1.6279030525177636,False,87,0.0,True
32,-1.6414126418365145,False,,-1.6414126418365145,False,87,0.0,True
33,-1.6537059261320635,False,,-1.6537059261320635,False,87,0.0,True
34,-1.6312158310604727,False,,-1.6312158310604727,False,87,0.0,True
35,-1.6232075509156132,False,,-1.6232075509156132,False,87,0.0,True
36,-1.6205250460017753,False,,-1.6205250460017753,False,87,0.0,True
37,-1.6244195616008323,False,,-1.6244195616008323,False,87,0.0,True
38,-1.6236174904800282,False,,-1.6236174904800282,False,87,0.0,True
39,-1.622758535958293,False,,-1.622758535958293,False,87,0.0,True
40,-1.6214847438938476,False,,-1.6214847438938476,False,87,0.0,True
41,-1.6243444548623542,False,,-1.6243444548623542,False,87,0.0,True
42,-1.6367974240092549,False,,-1.6367974240092549,False,87,0.0,True
43,-1.6336095179948205,False,,-1.6336095179948205,False,87,0.0,True
44,-1.627179297154084,False,,-1.627179297154084,False,87,0.0,True
45,-1.6185471299454743,False,,-1.6185471299454743,False,87,0.0,True
46,-1.615935748326954,False,,-1.615935748326954,False,87,0.0,True
47,-1.632846871022384,False,,-1.632846871022384,False,87,0.0,True
48,-1.6243118189493897,False,,-1.6243118189493897,False,87,0.0,True
49,-1.6206332409599071,False,,-1.6206332409599071,False,87,0.0,True
50,-1.6272007584299222,False,,-1.6272007584299222,False,87,0.0,True
51,-1.6357612733568385,False,,-1.6357612733568385,False,87,0.0,True
52,-1.6247456957090578,False,,-1.6247456957090578,False,87,0.0,True
53,-1.6354377271911997,False,,-1.6354377271911997,False,87,0.0,True
54,-1.6252828754299669,False,,-1.6252828754299669,False,87,0.0,True
55,-1.6413515511294645,False,,-1.6413515511294645,False,87,0.0,True
56,-1.6255728271264984,False,,-1.6255728271264984,False,87,0.0,True
57,-1.6196578258522614,False,,-1.6196578258522614,False,87,0.0,True
58,-1.6237499506508248,False,,-1.6237499506508248,False,87,0.0,True
59,-1.6270568110226398,False,,-1.6270568110226398,False,87,0.0,True
60,-1.6452254977478955,False,,-1.6452254977478955,False,87,0.0,True
61,-1.620454988338317,False,,-1.620454988338317,False,87,0.0,True
62,-1.6149470536151822,False,,-1.6149470536151822,False,87,0.0,True
63,-1.633826640384273,False,,-1.633826640384273,False,87,0.0,True
0,-1.6514114456491464,True,,-1.6514114456491464,True,88,0.0,True
1,-1.6606045212595422,False,,-1.6606045212595422,False,88,0.0,True
2,-1.6311212629152327,False,,-1.6311212629152327,False,88,0.0,True
3,-1.636519647976732,False,,-1.636519647976732,False,88,0.0,True
4,-1.638792163011114,False,,-1.638792163011114,False,88,0.0,True
5,-1.64085416644208,False,,-1.64085416644208,False,88,0.0,True
6,-1.6297298676302658,False,,-1.6297298676302658,False,88,0.0,True
7,-1.6331123220623154,False,,-1.6331123220623154,False,88,0.0,True
8,-1.6304583624899747,False,,-1.6304583624899747,False,88,0.0,True
9,-1.6422524509209429,False,,-1.6422524509209429,False,88,0.0,True
10,-1.6392031837977146,False,,-1.6392031837977146,False,88,0.0,True
11,-1.6327798341190796,False,,-1.6327798341190796,False,88,0.0,True
12,-1.642426598488116,False,,-1.642426598488116,False,88,0.0,True
13,-1.6362598046617878,False,,-1.6362598046617878,False,88,0.0,True
14,-1.6330338636657187,False,,-1.6330338636657187,False,88,0.0,True
15,-1.6417357697403312,False,,-1.6417357697403312,False,88,0.0,True
16,-1.644403828069585,False,,-1.644403828069585,False,88,0.0,True
17,-1.6319308143297002,False,,-1.6319308143297002,False,88,0.0,True
18,-1.631485203344748,False,,-1.631485203344748,False,88,0.0,True
19,-1.6343696886625798,False,,-1.6343696886625798,False,88,0.0,True
20,-1.64364102112658,False,,-1.64364102112658,False,88,0.0,True
21,-1.6392614621494297,False,,-1.6392614621494297,False,88,0.0,True
22,-1.6643632753028226,False,,-1.6643632753028226,False,88,0.0,True
23,-1.6409428664303674,False,,-1.6409428664303674,False,88,0.0,True
24,-1.6491094974762888,False,,-1.6491094974762888,False,88,0.0,True
25,-1.6407716731950919,False,,-1.6407716731950919,False,88,0.0,True
26,-1.6299705022793312,False,,-1.6299705022793312,False,88,0.0,True
27,-1.6394179469127943,False,,-1.6394179469127943,False,88,0.0,True
28,-1.6321907891593757,False,,-1.6321907891593757,False,88,0.0,True
29,-1.632423970947874,False,,-1.632423970947874,False,88,0.0,True
30,-1.6528597690211508,False,,-1.6528597690211508,False,88,0.0,True
31,-1.656154360479066,False,,-1.656154360479066,False,88,0.0,True
32,-1.6444534968645907,False,,-1.6444534968645907,False,88,0.0,True
33,-1.6359522096237618,False,,-1.6359522096237618,False,88,0.0,True
34,-1.638158545440647,False,,-1.638158545440647,False,88,0.0,True
35,-1.632275885347527,False,,-1.632275885347527,False,88,0.0,True
36,-1.6322265749792784,False,,-1.6322265749792784,False,88,0.0,True
37,-1.639885747792197,False,,-1.639885747792197,False,88,0.0,True
38,-1.6364449099487508,False,,-1.6364449099487508,False,88,0.0,True
39,-1.6412706985595453,False,,-1.6412706985595453,False,88,0.0,True
40,-1.6416943629431726,False,,-1.6416943629431726,False,88,0.0,True
41,-1.641702994577782,False,,-1.641702994577782,False,88,0.0,True
42,-1.6343422755328934,False,,-1.6343422755328934,False,88,0.0,True
43,-1.6377859904468794,False,,-1.6377859904468794,False,88,0.0,True
44,-1.6383231660514874,False,,-1.6383231660514874,False,88,0.0,True
45,-1.6477518166644973,False,,-1.6477518166644973,False,88,0.0,True
46,-1.629442960537647,False,,-1.629442960537647,False,88,0.0,True
47,-1.6463793837610008,False,,-1.6463793837610008,False,88,0.0,True
48,-1.6405655921660054,False,,-1.6405655921660054,False,88,0.0,True
49,-1.6439912340008127,False,,-1.6439912340008127,False,88,0.0,True
50,-1.6414366516468277,False,,-1.6414366516468277,False,88,0.0,True
51,-1.639587693554522,False,,-1.639587693554522,False,88,0.0,True
52,-1.6514264526226152,False,,-1.6514264526226152,False,88,0.0,True
53,-1.6381364227537012,False,,-1.6381364227537012,False,88,0.0,True
54,-1.6446859892215235,False,,-1.6446859892215235,False,88,0.0,True
55,-1.6322760341167937,False,,-1.6322760341167937,False,88,0.0,True
56,-1.6349441809818108,False,,-1.6349441809818108,False,88,0.0,True
57,-1.6287602066265292,False,,-1.6287602066265292,False,88,0.0,True
58,-1.6484064273599819,False,,-1.6484064273599819,False,88,0.0,True
59,-1.653666517334574,False,,-1.653666517334574,False,88,0.0,True
60,-1.6328379019004022,False,,-1.6328379019004022,False,88,0.0,True
61,-1.6462288739608417,False,,-1.6462288739608417,False,88,0.0,True
62,-1.6265205943282632,False,,-1.6265205943282632,False,88,0.0,True
63,-1.6297362316095019,False,,-1.6297362316095019,False,88,0.0,True
0,-1.6513142525713507,True,,-1.6513142525713507,True,89,0.0,True
1,-1.6523956129489115,False,,-1.6523956129489115,False,89,0.0,True
2,-1.6242963669809374,False,,-1.6242963669809374,False,89,0.0,True
3,-1.6225744781308948,False,,-1.6225744781308948,False,89,0.0,True
4,-1.6351464715375634,False,,-1.6351464715375634,False,89,0.0,True
5,-1.6212895272662018,False,,-1.6212895272662018,False,89,0.0,True
6,-1.6233459851556635,False,,-1.6233459851556635,False,89,0.0,True
7,-1.6247265777686404,False,,-1.6247265777686404,False,89,0.0,True
8,-1.629277248817194,False,,-1.629277248817194,False,89,0.0,True
9,-1.6257540695235624,False,,-1.6257540695235624,False,89,0.0,True
10,-1.6226720355511959,False,,-1.6226720355511959,False,89,0.0,True
11,-1.6442625112915716,False,,-1.6442625112915716,False,89,0.0,True
12,-1.6381732612997357,False,,-1.6381732612997357,False,89,0.0,True
13,-1.6376041693687133,False,,-1.6376041693687133,False,89,0.0,True
14,-1.6257457917914349,False,,-1.6257457917914349,False,89,0.0,True
15,-1.6193485611967493,False,,-1.6193485611967493,False,89,0.0,True
16,-1.63881165850156,False,,-1.63881165850156,False,89,0.0,True
17,-1.6250665339795853,False,,-1.6250665339795853,False,89,0.0,True
18,-1.6204594079860952,False,,-1.6204594079860952,False,89,0.0,True
19,-1.618604615320974,False,,-1.618604615320974,False,89,0.0,True
20,-1.6335226725194025,False,,-1.6335226725194025,False,89,0.0,True
21,-1.6256567519010794,False,,-1.6256567519010794,False,89,0.0,True
22,-1.6428664187443098,False,,-1.6428664187443098,False,89,0.0,True
23,-1.6319100670958755,False,,-1.6319100670958755,False,89,0.0,True
24,-1.6342663050945274,False,,-1.6342663050945274,False,89,0.0,True
25,-1.628007729728551,False,,-1.628007729728551,False,89,0.0,True
26,-1.6461188802539017,False,,-1.6461188802539017,False,89,0.0,True
27,-1.6206203358216353,False,,-1.6206203358216353,False,89,0.0,True
28,-1.621757904532899,False,,-1.621757904532899,False,89,0.0,True
29,-1.6372936372855227,False,,-1.6372936372855227,False,89,0.0,True
30,-1.621032781406133,False,,-1.621032781406133,False,89,0.0,True
31,-1.6307618007812357,False,,-1.6307618007812357,False,89,0.0,True
32,-1.621981242879519,False,,-1.621981242879519,False,89,0.0,True
33,-1.634847726647396,False,,-1.634847726647396,False,89,0.0,True
34,-1.6578830255415056,False,,-1.6578830255415056,False,89,0.0,True
35,-1.6339438740888044,False,,-1.6339438740888044,False,89,0.0,True
36,-1.6420055496464019,False,,-1.6420055496464019,False,89,0.0,True
37,-1.6355001013793775,False,,-1.6355001013793775,False,89,0.0,True
38,-1.6235270309316454,False,,-1.6235270309316454,False,89,0.0,True
39,-1.6146634714695887,False,,-1.6146634714695887,False,89,0.0,True
40,-1.6212108518514734,False,,-1.6212108518514734,False,89,0.0,True
41,-1.6345439025754886,False,,-1.6345439025754886,False,89,0.0,True
42,-1.6385084542965507,False,,-1.6385084542965507,False,89,0.0,True
43,-1.6423631924302107,False,,-1.6423631924302107,False,89,0.0,True
44,-1.639509300673804,False,,-1.639509300673804,False,89,0.0,True
45,-1.6402147909295175,False,,-1.6402147909295175,False,89,0.0,True
46,-1.6196918619372274,False,,-1.6196918619372274,False,89,0.0,True
47,-1.6258775080475856,False,,-1.6258775080475856,False,89,0.0,True
48,-1.6258441523536202,False,,-1.6258441523536202,False,89,0.0,True
49,-1.627015950741304,False,,-1.627015950741304,False,89,0.0,True
50,-1.6352638924049747,False,,-1.6352638924049747,False,89,0.0,True
51,-1.632016315182094,False,,-1.632016315182094,False,89,0.0,True
52,-1.6294779516246058,False,,-1.6294779516246058,False,89,0.0,True
53,-1.6250123215539414,False,,-1.6250123215539414,False,89,0.0,True
54,-1.6199647507363446,False,,-1.6199647507363446,False,89,0.0,True
55,-1.6221284496827817,False,,-1.6221284496827817,False,89,0.0,True
56,-1.626844198482138,False,,-1.626844198482138,False,89,0.0,True
57,-1.6385091531379512,False,,-1.6385091531379512,False,89,0.0,True
58,-1.6519189851819136,False,,-1.6519189851819136,False,89,0.0,True
59,-1.6291260586777758,False,,-1.6291260586777758,False,89,0.0,True
60,-1.6251971018568174,False,,-1.6251971018568174,False,89,0.0,True
61,-1.6588027236824894,False,,-1.6588027236824894,False,89,0.0,True
62,-1.6333404767133297,False,,-1.6333404767133297,False,89,0.0,True
63,-1.6151148459359381,False,,-1.6151148459359381,False,89,0.0,True
0,-1.6167818322410596,True,,-1.6167818322410596,True,90,0.0,True
1,-1.6477932137579343,False,,-1.6477932137579343,False,90,0.0,True
2,-1.6095521241105417,False,,-1.6095521241105417,False,90,0.0,True
3,-1.6043933831505488,False,,-1.6043933831505488,False,90,0.0,True
4,-1.6113602706013515,False,,-1.6113602706013515,False,90,0.0,True
5,-1.6195787963140813,False,,-1.6195787963140813,False,90,0.0,True
6,-1.6199706871389925,False,,-1.6199706871389925,False,90,0.0,True
7,-1.6068060366522832,False,,-1.6068060366522832,False,90,0.0,True
8,-1.614037292245845,False,,-1.614037292245845,False,90,0.0,True
9,-1.6017508363956166,False,,-1.6017508363956166,False,90,0.0,True
10,-1.611883991219138,False,,-1.611883991219138,False,90,0.0,True
11,-1.6076266883453458,False,,-1.6076266883453458,False,90,0.0,True
12,-1.616232442397466,False,,-1.616232442397466,False,90,0.0,True
13,-1.6062943033045474,False,,-1.6062943033045474,False,90,0.0,True
14,-1.6081682490973737,False,,-1.6081682490973737,False,90,0.0,True
15,-1.6073550027864725,False,,-1.6073550027864725,False,90,0.0,True
16,-1.6110165742465408,False,,-1.6110165742465408,False,90,0.0,True
17,-1.6242638544133714,False,,-1.6242638544133714,False,90,0.0,True
18,-1.62567278261744,False,,-1.62567278261744,False,90,0.0,True
19,-1.608392638309358,False,,-1.608392638309358,False,90,0.0,True
20,-1.6140548056616228,False,,-1.6140548056616228,False,90,0.0,True
21,-1.6190836890047475,False,,-1.6190836890047475,False,90,0.0,True
22,-1.6224966822956939,False,,-1.6224966822956939,False,90,0.0,True
23,-1.6087932192283467,False,,-1.6087932192283467,False,90,0.0,True
24,-1.6142569120354422,False,,-1.6142569120354422,False,90,0.0,True
25,-1.6146795389067,False,,-1.6146795389067,False,90,0.0,True
26,-1.6111994816946076,False,,-1.6111994816946076,False,90,0.0,True
27,-1.61121416935334,False,,-1.61121416935334,False,90,0.0,True
28,-1.6064690883619213,False,,-1.6064690883619213,False,90,0.0,True
29,-1.629404968148262,False,,-1.629404968148262,False,90,0.0,True
30,-1.6059651392191931,False,,-1.6059651392191931,False,90,0.0,True
31,-1.6119061665562688,False,,-1.6119061665562688,False,90,0.0,True
32,-1.6260375729649426,False,,-1.6260375729649426,False,90,0.0,True
33,-1.6260085428550104,False,,-1.6260085428550104,False,90,0.0,True
34,-1.606026381946557,False,,-1.606026381946557,False,90,0.0,True
35,-1.6078804830557625,False,,-1.6078804830557625,False,90,0.0,True
36,-1.608465142117595,False,,-1.608465142117595,False,90,0.0,True
37,-1.6148828852591885,False,,-1.6148828852591885,False,90,0.0,True
38,-1.6134818347587851,False,,-1.6134818347587851,False,90,0.0,True
39,-1.6283248907464074,False,,-1.6283248907464074,False,90,0.0,True
40,-1.6044610500565688,False,,-1.6044610500565688,False,90,0.0,True
41,-1.6078010483224798,False,,-1.6078010483224798,False,90,0.0,True
42,-1.6124171418853317,False,,-1.6124171418853317,False,90,0.0,True
43,-1.6103766253350495,False,,-1.6103766253350495,False,90,0.0,True
44,-1.6049451580395684,False,,-1.6049451580395684,False,90,0.0,True
45,-1.6248062942278954,False,,-1.6248062942278954,False,90,0.0,True
46,-1.6159453657457785,False,,-1.6159453657457785,False,90,0.0,True
47,-1.6053953315925285,False,,-1.6053953315925285,False,90,0.0,True
48,-1.6121715874625817,False,,-1.6121715874625817,False,90,0.0,True
49,-1.6095660809278785,False,,-1.6095660809278785,False,90,0.0,True
50,-1.6081219905445308,False,,-1.6081219905445308,False,90,0.0,True
51,-1.6244407393090448,False,,-1.6244407393090448,False,90,0.0,True
52,-1.628830698722004,False,,-1.628830698722004,False,90,0.0,True
53,-1.6276659418213952,False,,-1.6276659418213952,False,90,0.0,True
54,-1.635119758452586,False,,-1.635119758452586,False,90,0.0,True
55,-1.6180120525276565,False,,-1.6180120525276565,False,90,0.0,True
56,-1.633870353114588,False,,-1.633870353114588,False,90,0.0,True
57,-1.6086133433487975,False,,-1.6086133433487975,False,90,0.0,True
58,-1.6124195436372277,False,,-1.6124195436372277,False,90,0.0,True
59,-1.6117917808109006,False,,-1.6117917808109006,False,90,0.0,True
60,-1.6100988094195092,False,,-1.6100988094195092,False,90,0.0,True
61,-1.6121228310943319,False,,-1.6121228310943319,False,90,0.0,True
62,-1.6184392386390791,False,,-1.6184392386390791,False,90,0.0,True
63,-1.6075980286374931,False,,-1.6075980286374931,False,90,0.0,True
0,-1.643451735289675,True,,-1.643451735289675,True,91,0.0,True
1,-1.6249056780391022,False,,-1.6249056780391022,False,91,0.0,True
2,-1.6187255874863842,False,,-1.6187255874863842,False,91,0.0,True
3,-1.6294686626695825,False,,-1.6294686626695825,False,91,0.0,True
4,-1.6179813689100617,False,,-1.6179813689100617,False,91,0.0,True
5,-1.6285603713434866,False,,-1.6285603713434866,False,91,0.0,True
6,-1.6128953972618894,False,,-1.6128953972618894,False,91,0.0,True
7,-1.6275279859032372,False,,-1.6275279859032372,False,91,0.0,True
8,-1.653828755976041,False,,-1.653828755976041,False,91,0.0,True
9,-1.6171214905103604,False,,-1.6171214905103604,False,91,0.0,True
10,-1.6226817297990563,False,,-1.6226817297990563,False,91,0.0,True
11,-1.6394841705909835,False,,-1.6394841705909835,False,91,0.0,True
12,-1.623194272618618,False,,-1.623194272618618,False,91,0.0,True
13,-1.6260543774103675,False,,-1.6260543774103675,False,91,0.0,True
14,-1.6348652027073836,False,,-1.6348652027073836,False,91,0.0,True
15,-1.6146247270617826,False,,-1.6146247270617826,False,91,0.0,True
16,-1.6358384381127202,False,,-1.6358384381127202,False,91,0.0,True
17,-1.6344048880797075,False,,-1.6344048880797075,False,91,0.0,True
18,-1.6207376692923678,False,,-1.6207376692923678,False,91,0.0,True
19,-1.6291104911856793,False,,-1.6291104911856793,False,91,0.0,True
20,-1.6374744224147082,False,,-1.6374744224147082,False,91,0.0,True
21,-1.6200461019974035,False,,-1.6200461019974035,False,91,0.0,True
22,-1.6288667973951998,False,,-1.6288667973951998,False,91,0.0,True
23,-1.6263745089730068,False,,-1.6263745089730068,False,91,0.0,True
24,-1.6234929715794706,False,,-1.6234929715794706,False,91,0.0,True
25,-1.6353160210294142,False,,-1.6353160210294142,False,91,0.0,True
26,-1.6158512488548604,False,,-1.6158512488548604,False,91,0.0,True
27,-1.6186784294171417,False,,-1.6186784294171417,False,91,0.0,True
28,-1.6264385861582014,False,,-1.6264385861582014,False,91,0.0,True
29,-1.6186587924084324,False,,-1.6186587924084324,False,91,0.0,True
30,-1.628324647222196,False,,-1.628324647222196,False,91,0.0,True
31,-1.6273119748415654,False,,-1.6273119748415654,False,91,0.0,True
32,-1.631279408565712,False,,-1.631279408565712,False,91,0.0,True
33,-1.6205811435563178,False,,-1.6205811435563178,False,91,0.0,True
34,-1.618883762174078,False,,-1.618883762174078,False,91,0.0,True
35,-1.6133222249425416,False,,-1.6133222249425416,False,91,0.0,True
36,-1.6183335263451883,False,,-1.6183335263451883,False,91,0.0,True
37,-1.6175455524358138,False,,-1.6175455524358138,False,91,0.0,True
38,-1.6220619412782225,False,,-1.6220619412782225,False,91,0.0,True
39,-1.6212119458118213,False,,-1.6212119458118213,False,91,0.0,True
40,-1.6188478378663542,False,,-1.6188478378663542,False,91,0.0,True
41,-1.6178286997900972,False,,-1.6178286997900972,False,91,0.0,True
42,-1.6245970522414368,False,,-1.6245970522414368,False,91,0.0,True
43,-1.6184817788393497,False,,-1.6184817788393497,False,91,0.0,True
44,-1.62204275729727,False,,-1.62204275729727,False,91,0.0,True
45,-1.6227346284299404,False,,-1.6227346284299404,False,91,0.0,True
46,-1.637072364442684,False,,-1.637072364442684,False,91,0.0,True
47,-1.6179242628364665,False,,-1.6179242628364665,False,91,0.0,True
48,-1.6221350016932068,False,,-1.6221350016932068,False,91,0.0,True
49,-1.615508141184061,False,,-1.615508141184061,False,91,0.0,True
50,-1.6539731735935892,False,,-1.6539731735935892,False,91,0.0,True
51,-1.625295447514122,False,,-1.625295447514122,False,91,0.0,True
52,-1.6195574956988998,False,,-1.6195574956988998,False,91,0.0,True
53,-1.624476166087037,False,,-1.624476166087037,False,91,0.0,True
54,-1.6367273836239102,False,,-1.6367273836239102,False,91,0.0,True
55,-1.6147036783537807,False,,-1.6147036783537807,False,91,0.0,True
56,-1.6284666166098696,False,,-1.6284666166098696,False,91,0.0,True
57,-1.6212457784976984,False,,-1.6212457784976984,False,91,0.0,True
58,-1.6227090410138996,False,,-1.6227090410138996,False,91,0.0,True
59,-1.6204211170436729,False,,-1.6204211170436729,False,91,0.0,True
60,-1.618588708502837,False,,-1.618588708502837,False,91,0.0,True
61,-1.6172193906101673,False,,-1.6172193906101673,False,91,0.0,True
62,-1.618612020678477,False,,-1.618612020678477,False,91,0.0,True
63,-1.621232624902564,False,,-1.621232624902564,False,91,0.0,True
0,-1.6263600787429289,True,,-1.6263600787429289,True,92,0.0,True
1,-1.6481572555877513,False,,-1.6481572555877513,False,92,0.0,True
2,-1.6179243641021037,False,,-1.6179243641021037,False,92,0.0,True
3,-1.6140460624673776,False,,-1.6140460624673776,False,92,0.0,True
4,-1.6173942705456055,False,,-1.6173942705456055,False,92,0.0,True
5,-1.6398931516839352,False,,-1.6398931516839352,False,92,0.0,True
6,-1.6155683577564655,False,,-1.6155683577564655,False,92,0.0,True
7,-1.6176504423807554,False,,-1.6176504423807554,False,92,0.0,True
8,-1.632608869855695,False,,-1.632608869855695,False,92,0.0,True
9,-1.6243717686431187,False,,-1.6243717686431187,False,92,0.0,True
10,-1.612066704395294,False,,-1.612066704395294,False,92,0.0,True
11,-1.623413832327595,False,,-1.623413832327595,False,92,0.0,True
12,-1.6152777464185988,False,,-1.6152777464185988,False,92,0.0,True
13,-1.6234683353855555,False,,-1.6234683353855555,False,92,0.0,True
14,-1.6230688563433668,False,,-1.6230688563433668,False,92,0.0,True
15,-1.6192886515988882,False,,-1.6192886515988882,False,92,0.0,True
16,-1.6085862675064626,False,,-1.6085862675064626,False,92,0.0,True
17,-1.616227259488272,False,,-1.616227259488272,False,92,0.0,True
18,-1.613303437741278,False,,-1.613303437741278,False,92,0.0,True
19,-1.6265602815893905,False,,-1.6265602815893905,False,92,0.0,True
20,-1.6144454917512885,False,,-1.6144454917512885,False,92,0.0,True
21,-1.6141938890872871,False,,-1.6141938890872871,False,92,0.0,True
22,-1.6094541513061171,False,,-1.6094541513061171,False,92,0.0,True
23,-1.6134349539187096,False,,-1.6134349539187096,False,92,0.0,True
24,-1.6090066606777376,False,,-1.6090066606777376,False,92,0.0,True
25,-1.6170601633680404,False,,-1.6170601633680404,False,92,0.0,True
26,-1.629164443678291,False,,-1.629164443678291,False,92,0.0,True
27,-1.6268702886674276,False,,-1.6268702886674276,False,92,0.0,True
28,-1.6200618648543381,False,,-1.6200618648543381,False,92,0.0,True
29,-1.6168958759157774,False,,-1.6168958759157774,False,92,0.0,True
30,-1.6411418669634026,False,,-1.6411418669634026,False,92,0.0,True
31,-1.6134756706684494,False,,-1.6134756706684494,False,92,0.0,True
32,-1.6259698682626822,False,,-1.6259698682626822,False,92,0.0,True
33,-1.6161860218867705,False,,-1.6161860218867705,False,92,0.0,True
34,-1.6177374757540806,False,,-1.6177374757540806,False,92,0.0,True
35,-1.6214226420485576,False,,-1.6214226420485576,False,92,0.0,True
36,-1.631204023633775,False,,-1.631204023633775,False,92,0.0,True
37,-1.6136153983242085,False,,-1.6136153983242085,False,92,0.0,True
38,-1.6198190966725488,False,,-1.6198190966725488,False,92,0.0,True
39,-1.6258470460246457,False,,-1.6258470460246457,False,92,0.0,True
40,-1.629517229520634,False,,-1.629517229520634,False,92,0.0,True
41,-1.6217321287423232,False,,-1.6217321287423232,False,92,0.0,True
42,-1.623996792339018,False,,-1.623996792339018,False,92,0.0,True
43,-1.6279634248726713,False,,-1.6279634248726713,False,92,0.0,True
44,-1.6130592270583983,False,,-1.6130592270583983,False,92,0.0,True
45,-1.610016715016441,False,,-1.610016715016441,False,92,0.0,True
46,-1.6285225898203133,False,,-1.6285225898203133,False,92,0.0,True
47,-1.6451892370614978,False,,-1.6451892370614978,False,92,0.0,True
48,-1.6213217544809484,False,,-1.6213217544809484,False,92,0.0,True
49,-1.6320082079386398,False,,-1.6320082079386398,False,92,0.0,True
50,-1.6546878840406356,False,,-1.6546878840406356,False,92,0.0,True
51,-1.6207980009743026,False,,-1.6207980009743026,False,92,0.0,True
52,-1.61534789932595,False,,-1.61534789932595,False,92,0.0,True
53,-1.6218942704097268,False,,-1.6218942704097268,False,92,0.0,True
54,-1.6123772521049426,False,,-1.6123772521049426,False,92,0.0,True
55,-1.6396499253187078,False,,-1.6396499253187078,False,92,0.0,True
56,-1.6177245536446332,False,,-1.6177245536446332,False,92,0.0,True
57,-1.6186169877574654,False,,-1.6186169877574654,False,92,0.0,True
58,-1.6200797095733697,False,,-1.6200797095733697,False,92,0.0,True
59,-1.6206891218522084,False,,-1.6206891218522084,False,92,0.0,True
60,-1.6194362682241374,False,,-1.6194362682241374,False,92,0.0,True
61,-1.6128277186396347,False,,-1.6128277186396347,False,92,0.0,True
62,-1.6316898330105782,False,,-1.6316898330105782,False,92,0.0,True
63,-1.623212455711467,False,,-1.623212455711467,False,92,0.0,True
0,-1.668421986131022,True,,-1.668421986131022,True,93,0.0,True
1,-1.6267669527247146,False,,-1.6267669527247146,False,93,0.0,True
2,-1.6252273690567904,False,,-1.6252273690567904,False,93,0.0,True
3,-1.6269559549086567,False,,-1.6269559549086567,False,93,0.0,True
4,-1.6242265670697262,False,,-1.6242265670697262,False,93,0.0,True
5,-1.6212332235018585,False,,-1.6212332235018585,False,93,0.0,True
6,-1.6322890949646767,False,,-1.6322890949646767,False,93,0.0,True
7,-1.6290345875969445,False,,-1.6290345875969445,False,93,0.0,True
8,-1.633129184635475,False,,-1.633129184635475,False,93,0.0,True
9,-1.6200938585024645,False,,-1.6200938585024645,False,93,0.0,True
10,-1.6119723105126817,False,,-1.6119723105126817,False,93,0.0,True
11,-1.6199733274759527,False,,-1.6199733274759527,False,93,0.0,True
12,-1.6381981415616589,False,,-1.6381981415616589,False,93,0.0,True
13,-1.6287689666224858,False,,-1.6287689666224858,False,93,0.0,True
14,-1.6201086550255863,False,,-1.6201086550255863,False,93,0.0,True
15,-1.6160898130499382,False,,-1.6160898130499382,False,93,0.0,True
16,-1.6335428539335282,False,,-1.6335428539335282,False,93,0.0,True
17,-1.6291235287457275,False,,-1.6291235287457275,False,93,0.0,True
18,-1.6147719558886713,False,,-1.6147719558886713,False,93,0.0,True
19,-1.6282523444736432,False,,-1.6282523444736432,False,93,0.0,True
20,-1.6180133568680377,False,,-1.6180133568680377,False,93,0.0,True
21,-1.6513292380826383,False,,-1.6513292380826383,False,93,0.0,True
22,-1.6228984674924498,False,,-1.6228984674924498,False,93,0.0,True
23,-1.6181689303443154,False,,-1.6181689303443154,False,93,0.0,True
24,-1.6340586304957359,False,,-1.6340586304957359,False,93,0.0,True
25,-1.6448484972008772,False,,-1.6448484972008772,False,93,0.0,True
26,-1.6190592377503457,False,,-1.6190592377503457,False,93,0.0,True
27,-1.623039881042229,False,,-1.623039881042229,False,93,0.0,True
28,-1.633484628953603,False,,-1.633484628953603,False,93,0.0,True
29,-1.627962709178134,False,,-1.627962709178134,False,93,0.0,True
30,-1.6216693258356971,False,,-1.6216693258356971,False,93,0.0,True
31,-1.6430311695258362,False,,-1.6430311695258362,False,93,0.0,True
32,-1.6279617663904118,False,,-1.6279617663904118,False,93,0.0,True
33,-1.6166969675001637,False,,-1.6166969675001637,False,93,0.0,True
34,-1.6417815647294982,False,,-1.6417815647294982,False,93,0.0,True
35,-1.6137624460382805,False,,-1.6137624460382805,False,93,0.0,True
36,-1.6227852000545147,False,,-1.6227852000545147,False,93,0.0,True
37,-1.6226587121388028,False,,-1.6226587121388028,False,93,0.0,True
38,-1.6182599933912456,False,,-1.6182599933912456,False,93,0.0,True
39,-1.626675786975842,False,,-1.626675786975842,False,93,0.0,True
40,-1.6341543614604521,False,,-1.6341543614604521,False,93,0.0,True
41,-1.6314101147869478,False,,-1.6314101147869478,False,93,0.0,True
42,-1.6171278868033396,False,,-1.6171278868033396,False,93,0.0,True
43,-1.626430086414065,False,,-1.626430086414065,False,93,0.0,True
44,-1.625124278473547,False,,-1.625124278473547,False,93,0.0,True
45,-1.6211393249797013,False,,-1.6211393249797013,False,93,0.0,True
46,-1.6225367995707418,False,,-1.6225367995707418,False,93,0.0,True
47,-1.616273506201692,False,,-1.616273506201692,False,93,0.0,True
48,-1.6355181732056603,False,,-1.6355181732056603,False,93,0.0,True
49,-1.6151755868267956,False,,-1.6151755868267956,False,93,0.0,True
50,-1.6189820243136248,False,,-1.6189820243136248,False,93,0.0,True
51,-1.6214290033596543,False,,-1.6214290033596543,False,93,0.0,True
52,-1.6395172108564284,False,,-1.6395172108564284,False,93,0.0,True
53,-1.6356426421678452,False,,-1.6356426421678452,False,93,0.0,True
54,-1.620113629756403,False,,-1.620113629756403,False,93,0.0,True
55,-1.6189392499530766,False,,-1.6189392499530766,False,93,0.0,True
56,-1.6400031967817286,False,,-1.6400031967817286,False,93,0.0,True
57,-1.6299650953549707,False,,-1.6299650953549707,False,93,0.0,True
58,-1.620310875768871,False,,-1.620310875768871,False,93,0.0,True
59,-1.6313110317297597,False,,-1.6313110317297597,False,93,0.0,True
60,-1.6348511454783128,False,,-1.6348511454783128,False,93,0.0,True
61,-1.6382319309275677,False,,-1.6382319309275677,False,93,0.0,True
62,-1.617696516084583,False,,-1.617696516084583,False,93,0.0,True
63,-1.6152721193029387,False,,-1.6152721193029387,False,93,0.0,True
0,-1.6591705765253848,True,,-1.6591705765253848,True,94,0.0,True
1,-1.6716124091341793,False,,-1.6716124091341793,False,94,0.0,True
2,-1.6257310242836809,False,,-1.6257310242836809,False,94,0.0,True
3,-1.627821663049776,False,,-1.627821663049776,False,94,0.0,True
4,-1.6343927122626318,False,,-1.6343927122626318,False,94,0.0,True
5,-1.6619558385520392,False,,-1.6619558385520392,False,94,0.0,True
6,-1.6348855342861655,False,,-1.6348855342861655,False,94,0.0,True
7,-1.645939313525869,False,,-1.645939313525869,False,94,0.0,True
8,-1.6239135717310957,False,,-1.6239135717310957,False,94,0.0,True
9,-1.6650199090811735,False,,-1.6650199090811735,False,94,0.0,True
10,-1.6372512727630704,False,,-1.6372512727630704,False,94,0.0,True
11,-1.6408973927694965,False,,-1.6408973927694965,False,94,0.0,True
12,-1.6429759525959913,False,,-1.6429759525959913,False,94,0.0,True
13,-1.6201391172929689,False,,-1.6201391172929689,False,94,0.0,True
14,-1.6417361443614498,False,,-1.6417361443614498,False,94,0.0,True
15,-1.628906363023304,False,,-1.628906363023304,False,94,0.0,True
16,-1.6326549010108669,False,,-1.6326549010108669,False,94,0.0,True
17,-1.6230304151094193,False,,-1.6230304151094193,False,94,0.0,True
18,-1.6207753708831576,False,,-1.6207753708831576,False,94,0.0,True
19,-1.621553392794679,False,,-1.621553392794679,False,94,0.0,True
20,-1.6592212552962549,False,,-1.6592212552962549,False,94,0.0,True
21,-1.6242043136184345,False,,-1.6242043136184345,False,94,0.0,True
22,-1.6263519792582593,False,,-1.6263519792582593,False,94,0.0,True
23,-1.6237804146782016,False,,-1.6237804146782016,False,94,0.0,True
24,-1.6162993818342233,False,,-1.6162993818342233,False,94,0.0,True
25,-1.6161749542370407,False,,-1.6161749542370407,False,94,0.0,True
26,-1.6285877027681466,False,,-1.6285877027681466,False,94,0.0,True
27,-1.618195698478718,False,,-1.618195698478718,False,94,0.0,True
28,-1.6358501712129727,False,,-1.6358501712129727,False,94,0.0,True
29,-1.6240718093663264,False,,-1.6240718093663264,False,94,0.0,True
30,-1.630445405034109,False,,-1.630445405034109,False,94,0.0,True
31,-1.6229359425341623,False,,-1.6229359425341623,False,94,0.0,True
32,-1.6648331064768362,False,,-1.6648331064768362,False,94,0.0,True
33,-1.6177922032090517,False,,-1.6177922032090517,False,94,0.0,True
34,-1.632030908832802,False,,-1.632030908832802,False,94,0.0,True
35,-1.6235625226020542,False,,-1.6235625226020542,False,94,0.0,True
36,-1.6443216822241093,False,,-1.6443216822241093,False,94,0.0,True
37,-1.6375568983525564,False,,-1.6375568983525564,False,94,0.0,True
38,-1.633521361912164,False,,-1.633521361912164,False,94,0.0,True
39,-1.6250103204735318,False,,-1.6250103204735318,False,94,0.0,True
40,-1.6319085052477607,False,,-1.6319085052477607,False,94,0.0,True
41,-1.6218433110574764,False,,-1.6218433110574764,False,94,0.0,True
42,-1.6200516879960536,False,,-1.6200516879960536,False,94,0.0,True
43,-1.625063392871747,False,,-1.625063392871747,False,94,0.0,True
44,-1.6367963354400277,False,,-1.6367963354400277,False,94,0.0,True
45,-1.6415222333696087,False,,-1.6415222333696087,False,94,0.0,True
46,-1.620264576936138,False,,-1.620264576936138,False,94,0.0,True
47,-1.634317904182911,False,,-1.634317904182911,False,94,0.0,True
48,-1.6254267356570165,False,,-1.6254267356570165,False,94,0.0,True
49,-1.6257013536853713,False,,-1.6257013536853713,False,94,0.0,True
50,-1.6259939901118423,False,,-1.6259939901118423,False,94,0.0,True
51,-1.6296224282513967,False,,-1.6296224282513967,False,94,0.0,True
52,-1.6404368852252733,False,,-1.6404368852252733,False,94,0.0,True
53,-1.6270654312608879,False,,-1.6270654312608879,False,94,0.0,True
54,-1.6446264136248354,False,,-1.6446264136248354,False,94,0.0,True
55,-1.6352747705408441,False,,-1.6352747705408441,False,94,0.0,True
56,-1.622072540300884,False,,-1.622072540300884,False,94,0.0,True
57,-1.6191126970967333,False,,-1.6191126970967333,False,94,0.0,True
58,-1.630916206543318,False,,-1.630916206543318,False,94,0.0,True
59,-1.6244993762081488,False,,-1.6244993762081488,False,94,0.0,True
60,-1.652142279429431,False,,-1.652142279429431,False,94,0.0,True
61,-1.6309371754825384,False,,-1.6309371754825384,False,94,0.0,True
62,-1.643745418370194,False,,-1.643745418370194,False,94,0.0,True
63,-1.6685459646581937,False,,-1.6685459646581937,False,94,0.0,True
0,-0.08929730154720414,True,,-0.08929730154720414,True,95,0.0,True
1,-0.09051570573548831,False,,-0.09051570573548831,False,95,0.0,True
2,-0.05197321561474548,False,,-0.05197321561474548,False,95,0.0,True
3,-0.04684034180110143,False,,-0.04684034180110143,False,95,0.0,True
4,-0.04123463176920379,False,,-0.04123463176920379,False,95,0.0,True
5,-0.06565223773735579,False,,-0.06565223773735579,False,95,0.0,True
6,-0.05477538715667482,False,,-0.05477538715667482,False,95,0.0,True
7,-0.08107768363926751,False,,-0.08107768363926751,False,95,0.0,True
8,-0.057483467904619744,False,,-0.057483467904619744,False,95,0.0,True
9,-0.06049288491844708,False,,-0.06049288491844708,False,95,0.0,True
10,-0.05232557689122819,False,,-0.05232557689122819,False,95,0.0,True
11,-0.04396653841870417,False,,-0.04396653841870417,False,95,0.0,True
12,-0.05239027868386755,False,,-0.05239027868386755,False,95,0.0,True
13,-0.043205292134634504,False,,-0.043205292134634504,False,95,0.0,True
14,-0.05706936930525676,False,,-0.05706936930525676,False,95,0.0,True
15,-0.06728333260505495,False,,-0.06728333260505495,False,95,0.0,True
16,-0.053205442715286405,False,,-0.053205442715286405,False,95,0.0,True
17,-0.05347955379501038,False,,-0.05347955379501038,False,95,0.0,True
18,-0.04817255146473604,False,,-0.04817255146473604,False,95,0.0,True
19,-0.05136656699762858,False,,-0.05136656699762858,False,95,0.0,True
20,-0.0746681298571307,False,,-0.0746681298571307,False,95,0.0,True
21,-0.07779163959089908,False,,-0.07779163959089908,False,95,0.0,True
22,-0.06962089002217922,False,,-0.06962089002217922,False,95,0.0,True
23,-0.05239188922408126,False,,-0.05239188922408126,False,95,0.0,True
24,-0.0524257602974982,False,,-0.0524257602974982,False,95,0.0,True
25,-0.060917285604916584,False,,-0.060917285604916584,False,95,0.0,True
26,-0.048950466529834064,False,,-0.048950466529834064,False,95,0.0,True
27,-0.04835592440770732,False,,-0.04835592440770732,False,95,0.0,True
28,-0.05996342602568579,False,,-0.05996342602568579,False,95,0.0,True
29,-0.06727902900246052,False,,-0.06727902900246052,False,95,0.0,True
30,-0.048743339914617524,False,,-0.048743339914617524,False,95,0.0,True
31,-0.05194333280384843,False,,-0.05194333280384843,False,95,0.0,True
32,-0.04259673276700897,False,,-0.04259673276700897,False,95,0.0,True
33,-0.06628554803839262,False,,-0.06628554803839262,False,95,0.0,True
34,-0.053278790798054323,False,,-0.053278790798054323,False,95,0.0,True
35,-0.04462181347831759,False,,-0.04462181347831759,False,95,0.0,True
36,-0.07959643151836363,False,,-0.07959643151836363,False,95,0.0,True
37,-0.058514228634733295,False,,-0.058514228634733295,False,95,0.0,True
38,-0.06832827318922989,False,,-0.06832827318922989,False,95,0.0,True
39,-0.05848648484665543,False,,-0.05848648484665543,False,95,0.0,True
40,-0.05964773446896609,False,,-0.05964773446896609,False,95,0.0,True
41,-0.0492755546467885,False,,-0.0492755546467885,False,95,0.0,True
42,-0.04300679540506776,False,,-0.04300679540506776,False,95,0.0,True
43,-0.05319471692842742,False,,-0.05319471692842742,False,95,0.0,True
44,-0.05658002798763126,False,,-0.05658002798763126,False,95,0.0,True
45,-0.04947284813558435,False,,-0.04947284813558435,False,95,0.0,True
46,-0.08441463953966244,False,,-0.08441463953966244,False,95,0.0,True
47,-0.045930948495114185,False,,-0.045930948495114185,False,95,0.0,True
48,-0.05592935710194902,False,,-0.05592935710194902,False,95,0.0,True
49,-0.0547768137024241,False,,-0.0547768137024241,False,95,0.0,True
50,-0.048732153313763626,False,,-0.048732153313763626,False,95,0.0,True
51,-0.054443590545636036,False,,-0.054443590545636036,False,95,0.0,True
52,-0.044516574956718194,False,,-0.044516574956718194,False,95,0.0,True
53,-0.04557390675928924,False,,-0.04557390675928924,False,95,0.0,True
54,-0.0502089031549553,False,,-0.0502089031549553,False,95,0.0,True
55,-0.044738190966424916,False,,-0.044738190966424916,False,95,0.0,True
56,-0.04647201153202077,False,,-0.04647201153202077,False,95,0.0,True
57,-0.04513381442444124,False,,-0.04513381442444124,False,95,0.0,True
58,-0.049103124000410975,False,,-0.049103124000410975,False,95,0.0,True
59,-0.06365097302317776,False,,-0.06365097302317776,False,95,0.0,True
60,-0.05831589999613569,False,,-0.05831589999613569,False,95,0.0,True
61,-0.06906229778522391,False,,-0.06906229778522391,False,95,0.0,True
62,-0.05943322669253573,False,,-0.05943322669253573,False,95,0.0,True
63,-0.05740520152574129,False,,-0.05740520152574129,False,95,0.0,True
0,-0.08303450209897756,True,,-0.08303450209897756,True,96,0.0,True
1,-0.08309571513979969,False,,-0.08309571513979969,False,96,0.0,True
2,-0.053565503291494475,False,,-0.053565503291494475,False,96,0.0,True
3,-0.05830825991704029,False,,-0.05830825991704029,False,96,0.0,True
4,-0.049309422029590835,False,,-0.049309422029590835,False,96,0.0,True
5,-0.05483927550611776,False,,-0.05483927550611776,False,96,0.0,True
6,-0.05005378757153771,False,,-0.05005378757153771,False,96,0.0,True
7,-0.0592403173901231,False,,-0.0592403173901231,False,96,0.0,True
8,-0.06834240984376545,False,,-0.06834240984376545,False,96,0.0,True
9,-0.05490678360714944,False,,-0.05490678360714944,False,96,0.0,True
10,-0.044017960378158846,False,,-0.044017960378158846,False,96,0.0,True
11,-0.0619535177190369,False,,-0.0619535177190369,False,96,0.0,True
12,-0.07128375672467846,False,,-0.07128375672467846,False,96,0.0,True
13,-0.0654158096046254,False,,-0.0654158096046254,False,96,0.0,True
14,-0.05708056942218925,False,,-0.05708056942218925,False,96,0.0,True
15,-0.07074518888722015,False,,-0.07074518888722015,False,96,0.0,True
16,-0.059353390063292905,False,,-0.059353390063292905,False,96,0.0,True
17,-0.04994920214709947,False,,-0.04994920214709947,False,96,0.0,True
18,-0.07481471811445589,False,,-0.07481471811445589,False,96,0.0,True
19,-0.05175290430613513,False,,-0.05175290430613513,False,96,0.0,True
20,-0.046452077236895914,False,,-0.046452077236895914,False,96,0.0,True
21,-0.050622407074250655,False,,-0.050622407074250655,False,96,0.0,True
22,-0.04772787581922918,False,,-0.04772787581922918,False,96,0.0,True
23,-0.051261525802018176,False,,-0.051261525802018176,False,96,0.0,True
24,-0.044864234246237374,False,,-0.044864234246237374,False,96,0.0,True
25,-0.054943057659034615,False,,-0.054943057659034615,False,96,0.0,True
26,-0.05750137946052617,False,,-0.05750137946052617,False,96,0.0,True
27,-0.05336273302562122,False,,-0.05336273302562122,False,96,0.0,True
28,-0.06216006265486823,False,,-0.06216006265486823,False,96,0.0,True
29,-0.04864533897498999,False,,-0.04864533897498999,False,96,0.0,True
30,-0.058384930653778616,False,,-0.058384930653778616,False,96,0.0,True
31,-0.08830808006231086,False,,-0.08830808006231086,False,96,0.0,True
32,-0.06391850343299843,False,,-0.06391850343299843,False,96,0.0,True
33,-0.060635142402806305,False,,-0.060635142402806305,False,96,0.0,True
34,-0.0642805854809658,False,,-0.0642805854809658,False,96,0.0,True
35,-0.06642709721736499,False,,-0.06642709721736499,False,96,0.0,True
36,-0.08658916239919352,False,,-0.08658916239919352,False,96,0.0,True
37,-0.05044544183767479,False,,-0.05044544183767479,False,96,0.0,True
38,-0.0790672803610475,False,,-0.0790672803610475,False,96,0.0,True
39,-0.05836864481896421,False,,-0.05836864481896421,False,96,0.0,True
40,-0.05464359676604069,False,,-0.05464359676604069,False,96,0.0,True
41,-0.058129489105198266,False,,-0.058129489105198266,False,96,0.0,True
42,-0.07739017558975382,False,,-0.07739017558975382,False,96,0.0,True
43,-0.05392521401349388,False,,-0.05392521401349388,False,96,0.0,True
44,-0.0784777955845225,False,,-0.0784777955845225,False,96,0.0,True
45,-0.06141801017376303,False,,-0.06141801017376303,False,96,0.0,True
46,-0.052047651609565,False,,-0.052047651609565,False,96,0.0,True
47,-0.06176687030847326,False,,-0.06176687030847326,False,96,0.0,True
48,-0.06696506205812895,False,,-0.06696506205812895,False,96,0.0,True
49,-0.06388149154539893,False,,-0.06388149154539893,False,96,0.0,True
50,-0.06330363391727832,False,,-0.06330363391727832,False,96,0.0,True
51,-0.06250129003850646,False,,-0.06250129003850646,False,96,0.0,True
52,-0.05413462572308013,False,,-0.05413462572308013,False,96,0.0,True
53,-0.06469415309112483,False,,-0.06469415309112483,False,96,0.0,True
54,-0.0559571586730226,False,,-0.0559571586730226,False,96,0.0,True
55,-0.04826774902758883,False,,-0.04826774902758883,False,96,0.0,True
56,-0.06053369888548025,False,,-0.06053369888548025,False,96,0.0,True
57,-0.06203681938280932,False,,-0.06203681938280932,False,96,0.0,True
58,-0.06274544723078677,False,,-0.06274544723078677,False,96,0.0,True
59,-0.04331445693457031,False,,-0.04331445693457031,False,96,0.0,True
60,-0.05859024455079503,False,,-0.05859024455079503,False,96,0.0,True
61,-0.0489793843030157,False,,-0.0489793843030157,False,96,0.0,True
62,-0.04617866922357221,False,,-0.04617866922357221,False,96,0.0,True
63,-0.06047292292505223,False,,-0.06047292292505223,False,96,0.0,True
0,-0.10531587350921698,True,,-0.10531587350921698,True,97,0.0,True
1,-0.10314097608367499,False,,-0.10314097608367499,False,97,0.0,True
2,-0.07880650189210274,False,,-0.07880650189210274,False,97,0.0,True
3,-0.08894340464414134,False,,-0.08894340464414134,False,97,0.0,True
4,-0.04835837919401071,False,,-0.04835837919401071,False,97,0.0,True
5,-0.09194279925404047,False,,-0.09194279925404047,False,97,0.0,True
6,-0.1126620473865656,False,,-0.1126620473865656,False,97,0.0,True
7,-0.049814292145623586,False,,-0.049814292145623586,False,97,0.0,True
8,-0.05922456150392017,False,,-0.05922456150392017,False,97,0.0,True
9,-0.06568334622898515,False,,-0.06568334622898515,False,97,0.0,True
10,-0.08180360247146369,False,,-0.08180360247146369,False,97,0.0,True
11,-0.07680412173872328,False,,-0.07680412173872328,False,97,0.0,True
12,-0.05975439678860222,False,,-0.05975439678860222,False,97,0.0,True
13,-0.08187373638875717,False,,-0.08187373638875717,False,97,0.0,True
14,-0.05811478103009832,False,,-0.05811478103009832,False,97,0.0,True
15,-0.09192605851809724,False,,-0.09192605851809724,False,97,0.0,True
16,-0.06874407767030255,False,,-0.06874407767030255,False,97,0.0,True
17,-0.045890391209053374,False,,-0.045890391209053374,False,97,0.0,True
18,-0.0570506828745022,False,,-0.0570506828745022,False,97,0.0,True
19,-0.07452349676475689,False,,-0.07452349676475689,False,97,0.0,True
20,-0.06170544772773998,False,,-0.06170544772773998,False,97,0.0,True
21,-0.07125292104555424,False,,-0.07125292104555424,False,97,0.0,True
22,-0.07038671001803937,False,,-0.07038671001803937,False,97,0.0,True
23,-0.06324875474640779,False,,-0.06324875474640779,False,97,0.0,True
24,-0.06037030043445673,False,,-0.06037030043445673,False,97,0.0,True
25,-0.07644625400510571,False,,-0.07644625400510571,False,97,0.0,True
26,-0.1304386769242039,False,,-0.1304386769242039,False,97,0.0,True
27,-0.0876763467294526,False,,-0.0876763467294526,False,97,0.0,True
28,-0.07833826287713029,False,,-0.07833826287713029,False,97,0.0,True
29,-0.06126248122811632,False,,-0.06126248122811632,False,97,0.0,True
30,-0.06353042953251822,False,,-0.06353042953251822,False,97,0.0,True
31,-0.07208428526567826,False,,-0.07208428526567826,False,97,0.0,True
32,-0.06297989254851742,False,,-0.06297989254851742,False,97,0.0,True
33,-0.07689071171038059,False,,-0.07689071171038059,False,97,0.0,True
34,-0.06403164166235072,False,,-0.06403164166235072,False,97,0.0,True
35,-0.06732103526249883,False,,-0.06732103526249883,False,97,0.0,True
36,-0.058805735519305444,False,,-0.058805735519305444,False,97,0.0,True
37,-0.05346280604847985,False,,-0.05346280604847985,False,97,0.0,True
38,-0.08327622339604465,False,,-0.08327622339604465,False,97,0.0,True
39,-0.0704627042367682,False,,-0.0704627042367682,False,97,0.0,True
40,-0.04507877935597686,False,,-0.04507877935597686,False,97,0.0,True
41,-0.09559774742087601,False,,-0.09559774742087601,False,97,0.0,True
42,-0.07794737648366723,False,,-0.07794737648366723,False,97,0.0,True
43,-0.05595873578088962,False,,-0.05595873578088962,False,97,0.0,True
44,-0.08342802494897103,False,,-0.08342802494897103,False,97,0.0,True
45,-0.06898531125390511,False,,-0.06898531125390511,False,97,0.0,True
46,-0.07510321344166598,False,,-0.07510321344166598,False,97,0.0,True
47,-0.06943621748701177,False,,-0.06943621748701177,False,97,0.0,True
48,-0.07446592532045541,False,,-0.07446592532045541,False,97,0.0,True
49,-0.06301448304779463,False,,-0.06301448304779463,False,97,0.0,True
50,-0.11193384872096585,False,,-0.11193384872096585,False,97,0.0,True
51,-0.04313251599603378,False,,-0.04313251599603378,False,97,0.0,True
52,-0.07607116607887843,False,,-0.07607116607887843,False,97,0.0,True
53,-0.0625508986982955,False,,-0.0625508986982955,False,97,0.0,True
54,-0.07379831943320364,False,,-0.07379831943320364,False,97,0.0,True
55,-0.09340185912335959,False,,-0.09340185912335959,False,97,0.0,True
56,-0.07730548932341554,False,,-0.07730548932341554,False,97,0.0,True
57,-0.06947200417715518,False,,-0.06947200417715518,False,97,0.0,True
58,-0.06420639279667226,False,,-0.06420639279667226,False,97,0.0,True
59,-0.06883601651764804,False,,-0.06883601651764804,False,97,0.0,True
60,-0.06156737186626318,False,,-0.06156737186626318,False,97,0.0,True
61,-0.09514567622330994,False,,-0.09514567622330994,False,97,0.0,True
62,-0.07491976220967467,False,,-0.07491976220967467,False,97,0.0,True
63,-0.06168098962140264,False,,-0.06168098962140264,False,97,0.0,True
0,-0.1515380090352738,True,,-0.1515380090352738,True,98,0.0,True
1,-0.15226131577107943,False,,-0.15226131577107943,False,98,0.0,True
2,-0.08179875220182478,False,,-0.08179875220182478,False,98,0.0,True
3,-0.07423100628075688,False,,-0.07423100628075688,False,98,0.0,True
4,-0.0760169192363721,False,,-0.0760169192363721,False,98,0.0,True
5,-0.0743621787897287,False,,-0.0743621787897287,False,98,0.0,True
6,-0.08869368319839847,False,,-0.08869368319839847,False,98,0.0,True
7,-0.07507028574070976,False,,-0.07507028574070976,False,98,0.0,True
8,-0.08997334708864436,False,,-0.08997334708864436,False,98,0.0,True
9,-0.06605114150923803,False,,-0.06605114150923803,False,98,0.0,True
10,-0.07530046192861461,False,,-0.07530046192861461,False,98,0.0,True
11,-0.07524182899271238,False,,-0.07524182899271238,False,98,0.0,True
12,-0.06958671055197217,False,,-0.06958671055197217,False,98,0.0,True
13,-0.0859287347810635,False,,-0.0859287347810635,False,98,0.0,True
14,-0.10599571339868151,False,,-0.10599571339868151,False,98,0.0,True
15,-0.08850989315955117,False,,-0.08850989315955117,False,98,0.0,True
16,-0.07528235884680361,False,,-0.07528235884680361,False,98,0.0,True
17,-0.0698273862987325,False,,-0.0698273862987325,False,98,0.0,True
18,-0.09520984389993248,False,,-0.09520984389993248,False,98,0.0,True
19,-0.0714007640684208,False,,-0.0714007640684208,False,98,0.0,True
20,-0.06288907735013541,False,,-0.06288907735013541,False,98,0.0,True
21,-0.07385964016607766,False,,-0.07385964016607766,False,98,0.0,True
22,-0.07927049118424973,False,,-0.07927049118424973,False,98,0.0,True
23,-0.08307308994266105,False,,-0.08307308994266105,False,98,0.0,True
24,-0.09421888818581861,False,,-0.09421888818581861,False,98,0.0,True
25,-0.11407285422224236,False,,-0.11407285422224236,False,98,0.0,True
26,-0.09743871828007739,False,,-0.09743871828007739,False,98,0.0,True
27,-0.08610752940650096,False,,-0.08610752940650096,False,98,0.0,True
28,-0.09331417821015449,False,,-0.09331417821015449,False,98,0.0,True
29,-0.0741715869651197,False,,-0.0741715869651197,False,98,0.0,True
30,-0.0867017175466408,False,,-0.0867017175466408,False,98,0.0,True
31,-0.0972136139628964,False,,-0.0972136139628964,False,98,0.0,True
32,-0.08307111119244924,False,,-0.08307111119244924,False,98,0.0,True
33,-0.07725120014587224,False,,-0.07725120014587224,False,98,0.0,True
34,-0.08185279774793466,False,,-0.08185279774793466,False,98,0.0,True
35,-0.09204599808678507,False,,-0.09204599808678507,False,98,0.0,True
36,-0.07403136399828969,False,,-0.07403136399828969,False,98,0.0,True
37,-0.08531273568519204,False,,-0.08531273568519204,False,98,0.0,True
38,-0.079005502984521,False,,-0.079005502984521,False,98,0.0,True
39,-0.08077706724702649,False,,-0.08077706724702649,False,98,0.0,True
40,-0.0765111827970974,False,,-0.0765111827970974,False,98,0.0,True
41,-0.10978811194925564,False,,-0.10978811194925564,False,98,0.0,True
42,-0.07892404221002387,False,,-0.07892404221002387,False,98,0.0,True
43,-0.08784417707693934,False,,-0.08784417707693934,False,98,0.0,True
44,-0.0666297272079257,False,,-0.0666297272079257,False,98,0.0,True
45,-0.08548930752834202,False,,-0.08548930752834202,False,98,0.0,True
46,-0.08022617240357771,False,,-0.08022617240357771,False,98,0.0,True
47,-0.09588971282378371,False,,-0.09588971282378371,False,98,0.0,True
48,-0.07433978538606974,False,,-0.07433978538606974,False,98,0.0,True
49,-0.08450412698399465,False,,-0.08450412698399465,False,98,0.0,True
50,-0.10459611273821613,False,,-0.10459611273821613,False,98,0.0,True
51,-0.08931179769338829,False,,-0.08931179769338829,False,98,0.0,True
52,-0.07795001431470128,False,,-0.07795001431470128,False,98,0.0,True
53,-0.06246426701631452,False,,-0.06246426701631452,False,98,0.0,True
54,-0.06606677111756251,False,,-0.06606677111756251,False,98,0.0,True
55,-0.08931746346566231,False,,-0.08931746346566231,False,98,0.0,True
56,-0.0697151004781581,False,,-0.0697151004781581,False,98,0.0,True
57,-0.07005523079655396,False,,-0.07005523079655396,False,98,0.0,True
58,-0.06729053919249797,False,,-0.06729053919249797,False,98,0.0,True
59,-0.10272791013555843,False,,-0.10272791013555843,False,98,0.0,True
60,-0.07642073348808111,False,,-0.07642073348808111,False,98,0.0,True
61,-0.09486874594717742,False,,-0.09486874594717742,False,98,0.0,True
62,-0.07148911786623816,False,,-0.07148911786623816,False,98,0.0,True
63,-0.10181321015445179,False,,-0.10181321015445179,False,98,0.0,True
0,-0.1803552344641962,True,,-0.1803552344641962,True,99,0.0,True
1,-0.181695214666271,False,,-0.181695214666271,False,99,0.0,True
2,-0.09089058571843539,False,,-0.09089058571843539,False,99,0.0,True
3,-0.10279473082102193,False,,-0.10279473082102193,False,99,0.0,True
4,-0.08774617412933616,False,,-0.08774617412933616,False,99,0.0,True
5,-0.08425381812474385,False,,-0.08425381812474385,False,99,0.0,True
6,-0.10752472712767593,False,,-0.10752472712767593,False,99,0.0,True
7,-0.08914187835989629,False,,-0.08914187835989629,False,99,0.0,True
8,-0.08511399468985431,False,,-0.08511399468985431,False,99,0.0,True
9,-0.09435047391399978,False,,-0.09435047391399978,False,99,0.0,True
10,-0.09613631483252355,False,,-0.09613631483252355,False,99,0.0,True
11,-0.07617157653362665,False,,-0.07617157653362665,False,99,0.0,True
12,-0.11996383494323838,False,,-0.11996383494323838,False,99,0.0,True
13,-0.09338061681623944,False,,-0.09338061681623944,False,99,0.0,True
14,-0.09834550799116304,False,,-0.09834550799116304,False,99,0.0,True
15,-0.1031793027364045,False,,-0.1031793027364045,False,99,0.0,True
16,-0.08220359720312059,False,,-0.08220359720312059,False,99,0.0,True
17,-0.09765725819150844,False,,-0.09765725819150844,False,99,0.0,True
18,-0.09373272158587719,False,,-0.09373272158587719,False,99,0.0,True
19,-0.10491889097802648,False,,-0.10491889097802648,False,99,0.0,True
20,-0.09022277198469764,False,,-0.09022277198469764,False,99,0.0,True
21,-0.09776011798280981,False,,-0.09776011798280981,False,99,0.0,True
22,-0.09981327351407357,False,,-0.09981327351407357,False,99,0.0,True
23,-0.11441008024464056,False,,-0.11441008024464056,False,99,0.0,True
24,-0.08128724285844105,False,,-0.08128724285844105,False,99,0.0,True
25,-0.09972201680980085,False,,-0.09972201680980085,False,99,0.0,True
26,-0.10831131783657169,False,,-0.10831131783657169,False,99,0.0,True
27,-0.08955645383854408,False,,-0.08955645383854408,False,99,0.0,True
28,-0.09270781037674591,False,,-0.09270781037674591,False,99,0.0,True
29,-0.09940916361317355,False,,-0.09940916361317355,False,99,0.0,True
30,-0.08945883881509978,False,,-0.08945883881509978,False,99,0.0,True
31,-0.09087652463253064,False,,-0.09087652463253064,False,99,0.0,True
32,-0.0912278051993833,False,,-0.0912278051993833,False,99,0.0,True
33,-0.09214880727324984,False,,-0.09214880727324984,False,99,0.0,True
34,-0.098662110330906,False,,-0.098662110330906,False,99,0.0,True
35,-0.11029947490193374,False,,-0.11029947490193374,False,99,0.0,True
36,-0.09555100464735554,False,,-0.09555100464735554,False,99,0.0,True
37,-0.0908058886205274,False,,-0.0908058886205274,False,99,0.0,True
38,-0.11392695635555398,False,,-0.11392695635555398,False,99,0.0,True
39,-0.09109278036302072,False,,-0.09109278036302072,False,99,0.0,True
40,-0.089107845114315,False,,-0.089107845114315,False,99,0.0,True
41,-0.10500595104178488,False,,-0.10500595104178488,False,99,0.0,True
42,-0.09839987440148462,False,,-0.09839987440148462,False,99,0.0,True
43,-0.09231616675537363,False,,-0.09231616675537363,False,99,0.0,True
44,-0.09099670076029676,False,,-0.09099670076029676,False,99,0.0,True
45,-0.1010969871496849,False,,-0.1010969871496849,False,99,0.0,True
46,-0.09564567571706414,False,,-0.09564567571706414,False,99,0.0,True
47,-0.08274109760726238,False,,-0.08274109760726238,False,99,0.0,True
48,-0.0911286405129755,False,,-0.0911286405129755,False,99,0.0,True
49,-0.08587232915936913,False,,-0.08587232915936913,False,99,0.0,True
50,-0.0884193088211333,False,,-0.0884193088211333,False,99,0.0,True
51,-0.08704547845080911,False,,-0.08704547845080911,False,99,0.0,True
52,-0.07512390958010559,False,,-0.07512390958010559,False,99,0.0,True
53,-0.08778130179534771,False,,-0.08778130179534771,False,99,0.0,True
54,-0.087610909020239,False,,-0.087610909020239,False,99,0.0,True
55,-0.09879105319146106,False,,-0.09879105319146106,False,99,0.0,True
56,-0.09004408351319515,False,,-0.09004408351319515,False,99,0.0,True
57,-0.08702642976985464,False,,-0.08702642976985464,False,99,0.0,True
58,-0.08732782691408734,False,,-0.08732782691408734,False,99,0.0,True
59,-0.09674574381051586,False,,-0.09674574381051586,False,99,0.0,True
60,-0.08755713242676053,False,,-0.08755713242676053,False,99,0.0,True
61,-0.08735764922355478,False,,-0.08735764922355478,False,99,0.0,True
62,-0.09071889163668252,False,,-0.09071889163668252,False,99,0.0,True
63,-0.08369421158911614,False,,-0.08369421158911614,False,99,0.0,True
0,-0.2256577504577122,True,,-0.2256577504577122,True,100,0.0,True
1,-0.22162848848841488,False,,-0.22162848848841488,False,100,0.0,True
2,-0.09225102398192231,False,,-0.09225102398192231,False,100,0.0,True
3,-0.10729372853536061,False,,-0.10729372853536061,False,100,0.0,True
4,-0.11739509303098944,False,,-0.11739509303098944,False,100,0.0,True
5,-0.10946124178846603,False,,-0.10946124178846603,False,100,0.0,True
6,-0.11209620517443658,False,,-0.11209620517443658,False,100,0.0,True
7,-0.08993235986085343,False,,-0.08993235986085343,False,100,0.0,True
8,-0.12888892481447808,False,,-0.12888892481447808,False,100,0.0,True
9,-0.10103493908350998,False,,-0.10103493908350998,False,100,0.0,True
10,-0.10355045324844372,False,,-0.10355045324844372,False,100,0.0,True
11,-0.1327552710295612,False,,-0.1327552710295612,False,100,0.0,True
12,-0.13785948790098806,False,,-0.13785948790098806,False,100,0.0,True
13,-0.11363273680837258,False,,-0.11363273680837258,False,100,0.0,True
14,-0.11270861885516464,False,,-0.11270861885516464,False,100,0.0,True
15,-0.10995822150311622,False,,-0.10995822150311622,False,100,0.0,True
16,-0.14541441811662628,False,,-0.14541441811662628,False,100,0.0,True
17,-0.11541363094123736,False,,-0.11541363094123736,False,100,0.0,True
18,-0.14218405414960247,False,,-0.14218405414960247,False,100,0.0,True
19,-0.11567048799629258,False,,-0.11567048799629258,False,100,0.0,True
20,-0.07912648826876817,False,,-0.07912648826876817,False,100,0.0,True
21,-0.12627101446621428,False,,-0.12627101446621428,False,100,0.0,True
22,-0.11198054960652144,False,,-0.11198054960652144,False,100,0.0,True
23,-0.11673609191544082,False,,-0.11673609191544082,False,100,0.0,True
24,-0.11542383716672569,False,,-0.11542383716672569,False,100,0.0,True
25,-0.11576548340271262,False,,-0.11576548340271262,False,100,0.0,True
26,-0.1058466287101209,False,,-0.1058466287101209,False,100,0.0,True
27,-0.09889505807681913,False,,-0.09889505807681913,False,100,0.0,True
28,-0.10121971885084999,False,,-0.10121971885084999,False,100,0.0,True
29,-0.10707745869925935,False,,-0.10707745869925935,False,100,0.0,True
30,-0.11383490064077384,False,,-0.11383490064077384,False,100,0.0,True
31,-0.0981137695718734,False,,-0.0981137695718734,False,100,0.0,True
32,-0.115431134348565,False,,-0.115431134348565,False,100,0.0,True
33,-0.11210528565933572,False,,-0.11210528565933572,False,100,0.0,True
34,-0.10491175662415844,False,,-0.10491175662415844,False,100,0.0,True
35,-0.11613061527834723,False,,-0.11613061527834723,False,100,0.0,True
36,-0.11791387258108454,False,,-0.11791387258108454,False,100,0.0,True
37,-0.10935423402106555,False,,-0.10935423402106555,False,100,0.0,True
38,-0.07718026226313543,False,,-0.07718026226313543,False,100,0.0,True
39,-0.12667792460723717,False,,-0.12667792460723717,False,100,0.0,True
40,-0.1280037334297704,False,,-0.1280037334297704,False,100,0.0,True
41,-0.16513924906190747,False,,-0.16513924906190747,False,100,0.0,True
42,-0.11444063656321395,False,,-0.11444063656321395,False,100,0.0,True
43,-0.10791078227232179,False,,-0.10791078227232179,False,100,0.0,True
44,-0.09038519618591982,False,,-0.09038519618591982,False,100,0.0,True
45,-0.09366836887442732,False,,-0.09366836887442732,False,100,0.0,True
46,-0.10939833571579577,False,,-0.10939833571579577,False,100,0.0,True
47,-0.10880914708283655,False,,-0.10880914708283655,False,100,0.0,True
48,-0.10249354847774624,False,,-0.10249354847774624,False,100,0.0,True
49,-0.1307185254882937,False,,-0.1307185254882937,False,100,0.0,True
50,-0.12389602269848177,False,,-0.12389602269848177,False,100,0.0,True
51,-0.11001072089166111,False,,-0.11001072089166111,False,100,0.0,True
52,-0.0964304595237073,False,,-0.0964304595237073,False,100,0.0,True
53,-0.10913339017898899,False,,-0.10913339017898899,False,100,0.0,True
54,-0.13894758112324396,False,,-0.13894758112324396,False,100,0.0,True
55,-0.11810622725685095,False,,-0.11810622725685095,False,100,0.0,True
56,-0.13264276304836473,False,,-0.13264276304836473,False,100,0.0,True
57,-0.13090617630073625,False,,-0.13090617630073625,False,100,0.0,True
58,-0.09396826552777444,False,,-0.09396826552777444,False,100,0.0,True
59,-0.1339224560025058,False,,-0.1339224560025058,False,100,0.0,True
60,-0.11791475462908813,False,,-0.11791475462908813,False,100,0.0,True
61,-0.15239674897059202,False,,-0.15239674897059202,False,100,0.0,True
62,-0.1099560410461556,False,,-0.1099560410461556,False,100,0.0,True
63,-0.1128924395425566,False,,-0.1128924395425566,False,100,0.0,True
0,13.463404063290435,True,,13.463404063290435,True,101,0.0,True
1,13.463719350917582,False,,13.463719350917582,False,101,0.0,True
2,13.470879676120504,False,,13.470879676120504,False,101,0.0,True
3,13.46862895525781,False,,13.46862895525781,False,101,0.0,True
4,13.471954362714495,False,,13.471954362714495,False,101,0.0,True
5,13.470833757766162,False,,13.470833757766162,False,101,0.0,True
6,13.474500505470479,False,,13.474500505470479,False,101,0.0,True
7,13.473078468206472,False,,13.473078468206472,False,101,0.0,True
8,13.470595764368625,False,,13.470595764368625,False,101,0.0,True
9,13.469330663452626,False,,13.469330663452626,False,101,0.0,True
10,13.470635231728883,False,,13.470635231728883,False,101,0.0,True
11,13.467684613417443,False,,13.467684613417443,False,101,0.0,True
12,13.47033055274362,False,,13.47033055274362,False,101,0.0,True
13,13.470087576725069,False,,13.470087576725069,False,101,0.0,True
14,13.470972783019677,False,,13.470972783019677,False,101,0.0,True
15,13.472039534085974,False,,13.472039534085974,False,101,0.0,True
16,13.471123088347877,False,,13.471123088347877,False,101,0.0,True
17,13.468050524558828,False,,13.468050524558828,False,101,0.0,True
18,13.471975741461128,False,,13.471975741461128,False,101,0.0,True
19,13.471415898946782,False,,13.471415898946782,False,101,0.0,True
20,13.469817329211972,False,,13.469817329211972,False,101,0.0,True
21,13.472208517023837,False,,13.472208517023837,False,101,0.0,True
22,13.471670597750641,False,,13.471670597750641,False,101,0.0,True
23,13.471264181261363,False,,13.471264181261363,False,101,0.0,True
24,13.468189174048526,False,,13.468189174048526,False,101,0.0,True
25,13.474395243720705,False,,13.474395243720705,False,101,0.0,True
26,13.472513381263566,False,,13.472513381263566,False,101,0.0,True
27,13.469693086422646,False,,13.469693086422646,False,101,0.0,True
28,13.472283368572564,False,,13.472283368572564,False,101,0.0,True
29,13.473712759960051,False,,13.473712759960051,False,101,0.0,True
30,13.471788094785927,False,,13.471788094785927,False,101,0.0,True
31,13.467207215771017,False,,13.467207215771017,False,101,0.0,True
32,13.472532417542824,False,,13.472532417542824,False,101,0.0,True
33,13.471706783083885,False,,13.471706783083885,False,101,0.0,True
34,13.467868793524877,False,,13.467868793524877,False,101,0.0,True
35,13.472824229079622,False,,13.472824229079622,False,101,0.0,True
36,13.47060373199752,False,,13.47060373199752,False,101,0.0,True
37,13.471656550675323,False,,13.471656550675323,False,101,0.0,True
38,13.4714688817728,False,,13.4714688817728,False,101,0.0,True
39,13.47137547772383,False,,13.47137547772383,False,101,0.0,True
40,13.469590428678945,False,,13.469590428678945,False,101,0.0,True
41,13.470130851730396,False,,13.470130851730396,False,101,0.0,True
42,13.471948617343982,False,,13.471948617343982,False,101,0.0,True
43,13.473718770576328,False,,13.473718770576328,False,101,0.0,True
44,13.47364963188556,False,,13.47364963188556,False,101,0.0,True
45,13.468993662599424,False,,13.468993662599424,False,101,0.0,True
46,13.470677906714357,False,,13.470677906714357,False,101,0.0,True
47,13.47042257757615,False,,13.47042257757615,False,101,0.0,True
48,13.466046274187963,False,,13.466046274187963,False,101,0.0,True
49,13.470299513157832,False,,13.470299513157832,False,101,0.0,True
50,13.471618671372518,False,,13.471618671372518,False,101,0.0,True
51,13.470695279081498,False,,13.470695279081498,False,101,0.0,True
52,13.472743449067469,False,,13.472743449067469,False,101,0.0,True
53,13.470990315735065,False,,13.470990315735065,False,101,0.0,True
54,13.472938349362773,False,,13.472938349362773,False,101,0.0,True
55,13.471808490582177,False,,13.471808490582177,False,101,0.0,True
56,13.470851529373467,False,,13.470851529373467,False,101,0.0,True
57,13.468814855614424,False,,13.468814855614424,False,101,0.0,True
58,13.473718339545897,False,,13.473718339545897,False,101,0.0,True
59,13.47058405714015,False,,13.47058405714015,False,101,0.0,True
60,13.467177854713597,False,,13.467177854713597,False,101,0.0,True
61,13.471851343736605,False,,13.471851343736605,False,101,0.0,True
62,13.466373100602889,False,,13.466373100602889,False,101,0.0,True
63,13.472847563187441,False,,13.472847563187441,False,101,0.0,True
0,13.6208288689196,True,,13.6208288689196,True,102,0.0,True
1,13.619379608241331,False,,13.619379608241331,False,102,0.0,True
2,13.628629050237794,False,,13.628629050237794,False,102,0.0,True
3,13.6256882668385,False,,13.6256882668385,False,102,0.0,True
4,13.627393650701391,False,,13.627393650701391,False,102,0.0,True
5,13.628438003568103,False,,13.628438003568103,False,102,0.0,True
6,13.628743755914913,False,,13.628743755914913,False,102,0.0,True
7,13.629816593722376,False,,13.629816593722376,False,102,0.0,True
8,13.62825078139459,False,,13.62825078139459,False,102,0.0,True
9,13.627352840467562,False,,13.627352840467562,False,102,0.0,True
10,13.628280782078587,False,,13.628280782078587,False,102,0.0,True
11,13.626838543301544,False,,13.626838543301544,False,102,0.0,True
12,13.626808081517348,False,,13.626808081517348,False,102,0.0,True
13,13.629344167557106,False,,13.629344167557106,False,102,0.0,True
14,13.629367845590343,False,,13.629367845590343,False,102,0.0,True
15,13.627977357898088,False,,13.627977357898088,False,102,0.0,True
16,13.629676212608535,False,,13.629676212608535,False,102,0.0,True
17,13.62991391556983,False,,13.62991391556983,False,102,0.0,True
18,13.625192958312617,False,,13.625192958312617,False,102,0.0,True
19,13.627180131620527,False,,13.627180131620527,False,102,0.0,True
20,13.630111562318598,False,,13.630111562318598,False,102,0.0,True
21,13.62965749418969,False,,13.62965749418969,False,102,0.0,True
22,13.628616861696202,False,,13.628616861696202,False,102,0.0,True
23,13.626204552996889,False,,13.626204552996889,False,102,0.0,True
24,13.629888453595568,False,,13.629888453595568,False,102,0.0,True
25,13.627470110716185,False,,13.627470110716185,False,102,0.0,True
26,13.622300833079912,False,,13.622300833079912,False,102,0.0,True
27,13.62845908866753,False,,13.62845908866753,False,102,0.0,True
28,13.626626332308838,False,,13.626626332308838,False,102,0.0,True
29,13.627747413868818,False,,13.627747413868818,False,102,0.0,True
30,13.628971741153006,False,,13.628971741153006,False,102,0.0,True
31,13.628476784313234,False,,13.628476784313234,False,102,0.0,True
32,13.628134727479159,False,,13.628134727479159,False,102,0.0,True
33,13.627137428005451,False,,13.627137428005451,False,102,0.0,True
34,13.62717834721153,False,,13.62717834721153,False,102,0.0,True
35,13.628632859603162,False,,13.628632859603162,False,102,0.0,True
36,13.626898220204446,False,,13.626898220204446,False,102,0.0,True
37,13.628587512173537,False,,13.628587512173537,False,102,0.0,True
38,13.628450633792358,False,,13.628450633792358,False,102,0.0,True
39,13.628645586095068,False,,13.628645586095068,False,102,0.0,True
40,13.629329520955949,False,,13.629329520955949,False,102,0.0,True
41,13.628086870345154,False,,13.628086870345154,False,102,0.0,True
42,13.625199180755583,False,,13.625199180755583,False,102,0.0,True
43,13.624856244295257,False,,13.624856244295257,False,102,0.0,True
44,13.62846911993373,False,,13.62846911993373,False,102,0.0,True
45,13.62844383434846,False,,13.62844383434846,False,102,0.0,True
46,13.629272268294331,False,,13.629272268294331,False,102,0.0,True
47,13.627334660314839,False,,13.627334660314839,False,102,0.0,True
48,13.629435958625137,False,,13.629435958625137,False,102,0.0,True
49,13.623157471574514,False,,13.623157471574514,False,102,0.0,True
50,13.629724827169518,False,,13.629724827169518,False,102,0.0,True
51,13.628744649502002,False,,13.628744649502002,False,102,0.0,True
52,13.627247522486574,False,,13.627247522486574,False,102,0.0,True
53,13.625277929568616,False,,13.625277929568616,False,102,0.0,True
54,13.628296671621877,False,,13.628296671621877,False,102,0.0,True
55,13.628779901849924,False,,13.628779901849924,False,102,0.0,True
56,13.628861691952453,False,,13.628861691952453,False,102,0.0,True
57,13.62829588322921,False,,13.62829588322921,False,102,0.0,True
58,13.629266812530638,False,,13.629266812530638,False,102,0.0,True
59,13.626140474134832,False,,13.626140474134832,False,102,0.0,True
60,13.62997276571092,False,,13.62997276571092,False,102,0.0,True
61,13.626961774888928,False,,13.626961774888928,False,102,0.0,True
62,13.626986878660254,False,,13.626986878660254,False,102,0.0,True
63,13.628849169435576,False,,13.628849169435576,False,102,0.0,True
0,13.755632065699569,True,,13.755632065699569,True,103,0.0,True
1,13.75673878442789,False,,13.75673878442789,False,103,0.0,True
2,13.766243776559953,False,,13.766243776559953,False,103,0.0,True
3,13.767252204164649,False,,13.767252204164649,False,103,0.0,True
4,13.76429677133194,False,,13.76429677133194,False,103,0.0,True
5,13.76860267182965,False,,13.76860267182965,False,103,0.0,True
6,13.766881006204082,False,,13.766881006204082,False,103,0.0,True
7,13.764948367781574,False,,13.764948367781574,False,103,0.0,True
8,13.765776247598085,False,,13.765776247598085,False,103,0.0,True
9,13.764080637889473,False,,13.764080637889473,False,103,0.0,True
10,13.766153266407532,False,,13.766153266407532,False,103,0.0,True
11,13.766418228262202,False,,13.766418228262202,False,103,0.0,True
12,13.766090692824072,False,,13.766090692824072,False,103,0.0,True
13,13.762983580452664,False,,13.762983580452664,False,103,0.0,True
14,13.76697372335793,False,,13.76697372335793,False,103,0.0,True
15,13.765417532459658,False,,13.765417532459658,False,103,0.0,True
16,13.763498470310072,False,,13.763498470310072,False,103,0.0,True
17,13.764149033137034,False,,13.764149033137034,False,103,0.0,True
18,13.76631222723451,False,,13.76631222723451,False,103,0.0,True
19,13.764923363467553,False,,13.764923363467553,False,103,0.0,True
20,13.764827437525499,False,,13.764827437525499,False,103,0.0,True
21,13.763002189970384,False,,13.763002189970384,False,103,0.0,True
22,13.764827262050325,False,,13.764827262050325,False,103,0.0,True
23,13.762415882496255,False,,13.762415882496255,False,103,0.0,True
24,13.762361248057115,False,,13.762361248057115,False,103,0.0,True
25,13.761609937560802,False,,13.761609937560802,False,103,0.0,True
26,13.765753047164804,False,,13.765753047164804,False,103,0.0,True
27,13.76757679524392,False,,13.76757679524392,False,103,0.0,True
28,13.76544991537708,False,,13.76544991537708,False,103,0.0,True
29,13.761390806210532,False,,13.761390806210532,False,103,0.0,True
30,13.762696256153554,False,,13.762696256153554,False,103,0.0,True
31,13.764355731193065,False,,13.764355731193065,False,103,0.0,True
32,13.762589943212799,False,,13.762589943212799,False,103,0.0,True
33,13.767418836013215,False,,13.767418836013215,False,103,0.0,True
34,13.767284492576639,False,,13.767284492576639,False,103,0.0,True
35,13.76680419696095,False,,13.76680419696095,False,103,0.0,True
36,13.767515826124997,False,,13.767515826124997,False,103,0.0,True
37,13.764990576417295,False,,13.764990576417295,False,103,0.0,True
38,13.76143987853123,False,,13.76143987853123,False,103,0.0,True
39,13.765474359460677,False,,13.765474359460677,False,103,0.0,True
40,13.76490449789629,False,,13.76490449789629,False,103,0.0,True
41,13.761767590322586,False,,13.761767590322586,False,103,0.0,True
42,13.76585714451134,False,,13.76585714451134,False,103,0.0,True
43,13.764841040784473,False,,13.764841040784473,False,103,0.0,True
44,13.767735298571607,False,,13.767735298571607,False,103,0.0,True
45,13.764863784144332,False,,13.764863784144332,False,103,0.0,True
46,13.766077749364035,False,,13.766077749364035,False,103,0.0,True
47,13.762996496144488,False,,13.762996496144488,False,103,0.0,True
48,13.766701663883392,False,,13.766701663883392,False,103,0.0,True
49,13.763812554977454,False,,13.763812554977454,False,103,0.0,True
50,13.766463333848113,False,,13.766463333848113,False,103,0.0,True
51,13.76399192145181,False,,13.76399192145181,False,103,0.0,True
52,13.766778998010222,False,,13.766778998010222,False,103,0.0,True
53,13.76580053725074,False,,13.76580053725074,False,103,0.0,True
54,13.76487380017082,False,,13.76487380017082,False,103,0.0,True
55,13.766331747547282,False,,13.766331747547282,False,103,0.0,True
56,13.76746751069615,False,,13.76746751069615,False,103,0.0,True
57,13.765532658102183,False,,13.765532658102183,False,103,0.0,True
58,13.764720425934819,False,,13.764720425934819,False,103,0.0,True
59,13.766500035733527,False,,13.766500035733527,False,103,0.0,True
60,13.76708290905064,False,,13.76708290905064,False,103,0.0,True
61,13.762306797349535,False,,13.762306797349535,False,103,0.0,True
62,13.767053362301805,False,,13.767053362301805,False,103,0.0,True
63,13.765684989878494,False,,13.765684989878494,False,103,0.0,True
0,13.929495248446708,True,,13.929495248446708,True,104,0.0,True
1,13.92963977062154,False,,13.92963977062154,False,104,0.0,True
2,13.937861870040974,False,,13.937861870040974,False,104,0.0,True
3,13.938121224699717,False,,13.938121224699717,False,104,0.0,True
4,13.934924666837938,False,,13.934924666837938,False,104,0.0,True
5,13.93479001087415,False,,13.93479001087415,False,104,0.0,True
6,13.935534993512702,False,,13.935534993512702,False,104,0.0,True
7,13.93667791981787,False,,13.93667791981787,False,104,0.0,True
8,13.936757472639107,False,,13.936757472639107,False,104,0.0,True
9,13.936929377762981,False,,13.936929377762981,False,104,0.0,True
10,13.936822630496044,False,,13.936822630496044,False,104,0.0,True
11,13.936444233168404,False,,13.936444233168404,False,104,0.0,True
12,13.939240102875958,False,,13.939240102875958,False,104,0.0,True
13,13.93864568902069,False,,13.93864568902069,False,104,0.0,True
14,13.93795814435546,False,,13.93795814435546,False,104,0.0,True
15,13.938148365561739,False,,13.938148365561739,False,104,0.0,True
16,13.93770249074991,False,,13.93770249074991,False,104,0.0,True
17,13.937119176196234,False,,13.937119176196234,False,104,0.0,True
18,13.936224915766184,False,,13.936224915766184,False,104,0.0,True
19,13.935782053543146,False,,13.935782053543146,False,104,0.0,True
20,13.937880855114166,False,,13.937880855114166,False,104,0.0,True
21,13.93507251215075,False,,13.93507251215075,False,104,0.0,True
22,13.93862939580353,False,,13.93862939580353,False,104,0.0,True
23,13.935018184629525,False,,13.935018184629525,False,104,0.0,True
24,13.938595129807162,False,,13.938595129807162,False,104,0.0,True
25,13.936009661207613,False,,13.936009661207613,False,104,0.0,True
26,13.936812793407366,False,,13.936812793407366,False,104,0.0,True
27,13.935816815589648,False,,13.935816815589648,False,104,0.0,True
28,13.936512524175455,False,,13.936512524175455,False,104,0.0,True
29,13.937847798070969,False,,13.937847798070969,False,104,0.0,True
30,13.935994639721606,False,,13.935994639721606,False,104,0.0,True
31,13.934269998826354,False,,13.934269998826354,False,104,0.0,True
32,13.93517216664669,False,,13.93517216664669,False,104,0.0,True
33,13.937132434396268,False,,13.937132434396268,False,104,0.0,True
34,13.939018370569773,False,,13.939018370569773,False,104,0.0,True
35,13.938889321792217,False,,13.938889321792217,False,104,0.0,True
36,13.936750959477886,False,,13.936750959477886,False,104,0.0,True
37,13.934058434105937,False,,13.934058434105937,False,104,0.0,True
38,13.939502597058656,False,,13.939502597058656,False,104,0.0,True
39,13.936778885171151,False,,13.936778885171151,False,104,0.0,True
40,13.936579157290883,False,,13.936579157290883,False,104,0.0,True
41,13.938796313795223,False,,13.938796313795223,False,104,0.0,True
42,13.937656548341236,False,,13.937656548341236,False,104,0.0,True
43,13.938677741715702,False,,13.938677741715702,False,104,0.0,True
44,13.93455497766094,False,,13.93455497766094,False,104,0.0,True
45,13.9370371241825,False,,13.9370371241825,False,104,0.0,True
46,13.934618286939891,False,,13.934618286939891,False,104,0.0,True
47,13.93642337140005,False,,13.93642337140005,False,104,0.0,True
48,13.935228793611257,False,,13.935228793611257,False,104,0.0,True
49,13.936533864001067,False,,13.936533864001067,False,104,0.0,True
50,13.935966250257726,False,,13.935966250257726,False,104,0.0,True
51,13.937701991706238,False,,13.937701991706238,False,104,0.0,True
52,13.935239436284176,False,,13.935239436284176,False,104,0.0,True
53,13.934286727459261,False,,13.934286727459261,False,104,0.0,True
54,13.93670516429338,False,,13.93670516429338,False,104,0.0,True
55,13.935546094241015,False,,13.935546094241015,False,104,0.0,True
56,13.936144727826694,False,,13.936144727826694,False,104,0.0,True
57,13.93740677483607,False,,13.93740677483607,False,104,0.0,True
58,13.93899999409676,False,,13.93899999409676,False,104,0.0,True
59,13.937221979807575,False,,13.937221979807575,False,104,0.0,True
60,13.93812896718865,False,,13.93812896718865,False,104,0.0,True
61,13.936896719635662,False,,13.936896719635662,False,104,0.0,True
62,13.937601636659757,False,,13.937601636659757,False,104,0.0,True
63,13.93705508618794,False,,13.93705508618794,False,104,0.0,True
0,14.12313447404936,False,finger_width,-1000000000.0,False,105,0.0,False
1,14.123426529268816,False,finger_width,-1000000000.0,False,105,0.0,False
2,14.132144881711453,False,,14.132144881711453,False,105,0.0,True
3,14.13158594734519,False,,14.13158594734519,False,105,0.0,True
4,14.131349653157205,False,,14.131349653157205,False,105,0.0,True
5,14.131364351605319,False,,14.131364351605319,False,105,0.0,True
6,14.128736993466825,False,,14.128736993466825,False,105,0.0,True
7,14.130934306212657,False,,14.130934306212657,False,105,0.0,True
8,14.130033642665238,False,,14.130033642665238,False,105,0.0,True
9,14.12933165544436,False,,14.12933165544436,False,105,0.0,True
10,14.12627270888055,False,,14.12627270888055,False,105,0.0,True
11,14.131674100344943,False,,14.131674100344943,False,105,0.0,True
12,14.131449019121646,False,,14.131449019121646,False,105,0.0,True
13,14.12677989416203,False,,14.12677989416203,False,105,0.0,True
14,14.130987265563064,False,,14.130987265563064,False,105,0.0,True
15,14.13019438017147,False,,14.13019438017147,False,105,0.0,True
16,14.13052644672809,False,,14.13052644672809,False,105,0.0,True
17,14.127790132572875,False,,14.127790132572875,False,105,0.0,True
18,14.130024350020289,False,,14.130024350020289,False,105,0.0,True
19,14.128860584413149,False,,14.128860584413149,False,105,0.0,True
20,14.131952302405306,False,,14.131952302405306,False,105,0.0,True
21,14.130906350015,False,,14.130906350015,False,105,0.0,True
22,14.131186315622873,False,,14.131186315622873,False,105,0.0,True
23,14.13069631884338,False,,14.13069631884338,False,105,0.0,True
24,14.1310782385358,False,,14.1310782385358,False,105,0.0,True
25,14.130314357399442,False,,14.130314357399442,False,105,0.0,True
26,14.130176899357497,False,,14.130176899357497,False,105,0.0,True
27,14.130863290083125,False,,14.130863290083125,False,105,0.0,True
28,14.129599810520224,False,,14.129599810520224,False,105,0.0,True
29,14.130121765071348,False,,14.130121765071348,False,105,0.0,True
30,14.12810685875091,False,,14.12810685875091,False,105,0.0,True
31,14.130482626026602,False,,14.130482626026602,False,105,0.0,True
32,14.13016065523898,False,,14.13016065523898,False,105,0.0,True
33,14.130978570939988,False,,14.130978570939988,False,105,0.0,True
34,14.131389612241769,False,,14.131389612241769,False,105,0.0,True
35,14.131436292438284,False,,14.131436292438284,False,105,0.0,True
36,14.130764464549603,False,,14.130764464549603,False,105,0.0,True
37,14.129890288876629,False,,14.129890288876629,False,105,0.0,True
38,14.131863492061177,False,,14.131863492061177,False,105,0.0,True
39,14.130581624312155,False,,14.130581624312155,False,105,0.0,True
40,14.130169649750712,False,,14.130169649750712,False,105,0.0,True
41,14.130598276908136,False,,14.130598276908136,False,105,0.0,True
42,14.129720392024808,False,,14.129720392024808,False,105,0.0,True
43,14.128842756039255,False,,14.128842756039255,False,105,0.0,True
44,14.130557852396795,False,,14.130557852396795,False,105,0.0,True
45,14.130886224688778,False,,14.130886224688778,False,105,0.0,True
46,14.129117115717099,False,,14.129117115717099,False,105,0.0,True
47,14.128233434703498,False,,14.128233434703498,False,105,0.0,True
48,14.13045776803991,False,,14.13045776803991,False,105,0.0,True
49,14.131580912854858,False,,14.131580912854858,False,105,0.0,True
50,14.130595143607177,False,,14.130595143607177,False,105,0.0,True
51,14.129268835127577,False,,14.129268835127577,False,105,0.0,True
52,14.13117053017994,False,,14.13117053017994,False,105,0.0,True
53,14.131305193346188,False,,14.131305193346188,False,105,0.0,True
54,14.132258687438593,True,,14.132258687438593,True,105,0.0,True
55,14.131502909879007,False,,14.131502909879007,False,105,0.0,True
56,14.13004084496563,False,,14.13004084496563,False,105,0.0,True
57,14.131180893063398,False,,14.131180893063398,False,105,0.0,True
58,14.130274940206624,False,,14.130274940206624,False,105,0.0,True
59,14.129732131565577,False,,14.129732131565577,False,105,0.0,True
60,14.129085790732256,False,,14.129085790732256,False,105,0.0,True
61,14.12998808021544,False,,14.12998808021544,False,105,0.0,True
62,14.13099793649736,False,,14.13099793649736,False,105,0.0,True
63,14.13051768624881,False,,14.13051768624881,False,105,0.0,True
0,14.29886172608435,False,finger_width,-1000000000.0,False,106,0.0,False
1,14.305648312599212,False,,14.305648312599212,False,106,0.0,True
2,14.299257888679206,False,finger_width,-1000000000.0,False,106,0.0,False
3,14.30140562300086,False,finger_width,-1000000000.0,False,106,0.0,False
4,14.295744856992362,False,finger_width,-1000000000.0,False,106,0.0,False
5,14.299570341300964,False,finger_width,-1000000000.0,False,106,0.0,False
6,14.29981848757714,False,finger_width,-1000000000.0,False,106,0.0,False
7,14.30160775656253,False,finger_width,-1000000000.0,False,106,0.0,False
8,14.298821278567612,False,finger_width,-1000000000.0,False,106,0.0,False
9,14.298480706177653,False,finger_width,-1000000000.0,False,106,0.0,False
10,14.296737671922147,False,finger_width,-1000000000.0,False,106,0.0,False
11,14.297816687081752,False,finger_width,-1000000000.0,False,106,0.0,False
12,14.298304314908385,False,finger_width,-1000000000.0,False,106,0.0,False
13,14.297883566868306,False,finger_width,-1000000000.0,False,106,0.0,False
14,14.29789784850031,False,finger_width,-1000000000.0,False,106,0.0,False
15,14.294242962440848,False,finger_width,-1000000000.0,False,106,0.0,False
16,14.296678117002546,False,finger_width,-1000000000.0,False,106,0.0,False
17,14.298855980648101,False,finger_width,-1000000000.0,False,106,0.0,False
18,14.300852182471006,False,finger_width,-1000000000.0,False,106,0.0,False
19,14.29701293826252,False,finger_width,-1000000000.0,False,106,0.0,False
20,14.297285107219219,False,finger_width,-1000000000.0,False,106,0.0,False
21,14.299635512502492,False,finger_width,-1000000000.0,False,106,0.0,False
22,14.296399596130847,False,finger_width,-1000000000.0,False,106,0.0,False
23,14.300409357154368,False,finger_width,-1000000000.0,False,106,0.0,False
24,14.297555483107269,False,finger_width,-1000000000.0,False,106,0.0,False
25,14.296775442929567,False,finger_width,-1000000000.0,False,106,0.0,False
26,14.302430414722858,False,finger_width,-1000000000.0,False,106,0.0,False
27,14.297331897845865,False,finger_width,-1000000000.0,False,106,0.0,False
28,14.303041441070288,False,finger_width,-1000000000.0,False,106,0.0,False
29,14.296287090562284,False,finger_width,-1000000000.0,False,106,0.0,False
30,14.297237982748449,False,finger_width,-1000000000.0,False,106,0.0,False
31,14.297191472876072,False,finger_width,-1000000000.0,False,106,0.0,False
32,14.298321510320902,False,finger_width,-1000000000.0,False,106,0.0,False
33,14.297805487242341,False,finger_width,-1000000000.0,False,106,0.0,False
34,14.296628755186498,False,finger_width,-1000000000.0,False,106,0.0,False
35,14.30014248006493,False,finger_width,-1000000000.0,False,106,0.0,False
36,14.297753334067762,False,finger_width,-1000000000.0,False,106,0.0,False
37,14.298227274803818,False,finger_width,-1000000000.0,False,106,0.0,False
38,14.299050672337412,False,finger_width,-1000000000.0,False,106,0.0,False
39,14.298235784067213,False,finger_width,-1000000000.0,False,106,0.0,False
40,14.30278092624545,False,,14.30278092624545,False,106,0.0,True
41,14.295608914771675,False,finger_width,-1000000000.0,False,106,0.0,False
42,14.306044363246858,True,,14.306044363246858,True,106,0.0,True
43,14.30159948258251,False,finger_width,-1000000000.0,False,106,0.0,False
44,14.297568558821082,False,finger_width,-1000000000.0,False,106,0.0,False
45,14.298659351453185,False,finger_width,-1000000000.0,False,106,0.0,False
46,14.298084490163623,False,finger_width,-1000000000.0,False,106,0.0,False
47,14.296327866765857,False,finger_width,-1000000000.0,False,106,0.0,False
48,14.298737459422647,False,finger_width,-1000000000.0,False,106,0.0,False
49,14.299108835554124,False,finger_width,-1000000000.0,False,106,0.0,False
50,14.296230595983566,False,finger_width,-1000000000.0,False,106,0.0,False
51,14.30245769941956,False,finger_width,-1000000000.0,False,106,0.0,False
52,14.297113829192519,False,finger_width,-1000000000.0,False,106,0.0,False
53,14.296724262656271,False,finger_width,-1000000000.0,False,106,0.0,False
54,14.296441326884924,False,finger_width,-1000000000.0,False,106,0.0,False
55,14.297681302176416,False,finger_width,-1000000000.0,False,106,0.0,False
56,14.295669488631189,False,finger_width,-1000000000.0,False,106,0.0,False
57,14.299758881926536,False,finger_width,-1000000000.0,False,106,0.0,False
58,14.300024193050712,False,finger_width,-1000000000.0,False,106,0.0,False
59,14.295403877881169,False,finger_width,-1000000000.0,False,106,0.0,False
60,14.299156789299845,False,finger_width,-1000000000.0,False,106,0.0,False
61,14.29849474993646,False,finger_width,-1000000000.0,False,106,0.0,False
62,14.30021489687115,False,finger_width,-1000000000.0,False,106,0.0,False
63,14.298099162638186,False,finger_width,-1000000000.0,False,106,0.0,False
0,14.469373638629913,True,,14.469373638629913,True,107,0.0,True
1,14.474077887311578,False,,14.474077887311578,False,107,0.0,True
2,14.472000395134092,False,,14.472000395134092,False,107,0.0,True
3,14.47376598291099,False,,14.47376598291099,False,107,0.0,True
4,14.472624287605285,False,,14.472624287605285,False,107,0.0,True
5,14.472423690706492,False,,14.472423690706492,False,107,0.0,True
6,14.472237394601107,False,,14.472237394601107,False,107,0.0,True
7,14.473730521574616,False,,14.473730521574616,False,107,0.0,True
8,14.473387065455317,False,,14.473387065455317,False,107,0.0,True
9,14.474087000936269,False,,14.474087000936269,False,107,0.0,True
10,14.47264569312334,False,,14.47264569312334,False,107,0.0,True
11,14.474020676836371,False,,14.474020676836371,False,107,0.0,True
12,14.472188305556774,False,,14.472188305556774,False,107,0.0,True
13,14.473594086542725,False,,14.473594086542725,False,107,0.0,True
14,14.473075406104327,False,,14.473075406104327,False,107,0.0,True
15,14.473906593769788,False,,14.473906593769788,False,107,0.0,True
16,14.473729074671864,False,,14.473729074671864,False,107,0.0,True
17,14.472554270029068,False,,14.472554270029068,False,107,0.0,True
18,14.47314394414425,False,,14.47314394414425,False,107,0.0,True
19,14.473264670893549,False,,14.473264670893549,False,107,0.0,True
20,14.471942989230156,False,,14.471942989230156,False,107,0.0,True
21,14.472044159770011,False,,14.472044159770011,False,107,0.0,True
22,14.473157006204127,False,,14.473157006204127,False,107,0.0,True
23,14.472840657755732,False,,14.472840657755732,False,107,0.0,True
24,14.473536267504096,False,,14.473536267504096,False,107,0.0,True
25,14.473747298270464,False,,14.473747298270464,False,107,0.0,True
26,14.471863483563066,False,,14.471863483563066,False,107,0.0,True
27,14.473091500401496,False,,14.473091500401496,False,107,0.0,True
28,14.473357827365398,False,,14.473357827365398,False,107,0.0,True
29,14.473735513612628,False,,14.473735513612628,False,107,0.0,True
30,14.473012770190834,False,,14.473012770190834,False,107,0.0,True
31,14.473685769885778,False,,14.473685769885778,False,107,0.0,True
32,14.473454298824072,False,,14.473454298824072,False,107,0.0,True
33,14.47303721792996,False,,14.47303721792996,False,107,0.0,True
34,14.473729641586543,False,,14.473729641586543,False,107,0.0,True
35,14.473316024020313,False,,14.473316024020313,False,107,0.0,True
36,14.473390774056316,False,,14.473390774056316,False,107,0.0,True
37,14.473128882944584,False,,14.473128882944584,False,107,0.0,True
38,14.473528371155261,False,,14.473528371155261,False,107,0.0,True
39,14.473480439931155,False,,14.473480439931155,False,107,0.0,True
40,14.473428202867508,False,,14.473428202867508,False,107,0.0,True
41,14.473987127393483,False,,14.473987127393483,False,107,0.0,True
42,14.473853817135096,False,,14.473853817135096,False,107,0.0,True
43,14.471953215003014,False,,14.471953215003014,False,107,0.0,True
44,14.47334566578269,False,,14.47334566578269,False,107,0.0,True
45,14.473101216480135,False,,14.473101216480135,False,107,0.0,True
46,14.471581116840243,False,,14.471581116840243,False,107,0.0,True
47,14.472173355817795,False,,14.472173355817795,False,107,0.0,True
48,14.473292374834418,False,,14.473292374834418,False,107,0.0,True
49,14.47351557046175,False,,14.47351557046175,False,107,0.0,True
50,14.473562503010035,False,,14.473562503010035,False,107,0.0,True
51,14.474088191017508,False,,14.474088191017508,False,107,0.0,True
52,14.47269873201847,False,,14.47269873201847,False,107,0.0,True
53,14.47252385802567,False,,14.47252385802567,False,107,0.0,True
54,14.473962640091777,False,,14.473962640091777,False,107,0.0,True
55,14.4738156337291,False,,14.4738156337291,False,107,0.0,True
56,14.472961680814624,False,,14.472961680814624,False,107,0.0,True
57,14.47396343164146,False,,14.47396343164146,False,107,0.0,True
58,14.473337146788836,False,,14.473337146788836,False,107,0.0,True
59,14.47335931673646,False,,14.47335931673646,False,107,0.0,True
60,14.473315079286694,False,,14.473315079286694,False,107,0.0,True
61,14.472836427688598,False,,14.472836427688598,False,107,0.0,True
62,14.473366749659181,False,,14.473366749659181,False,107,0.0,True
63,14.472212305292487,False,,14.472212305292487,False,107,0.0,True
0,14.641403198242188,True,,14.641403198242188,True,108,0.0,True
1,14.64137077331543,False,,14.64137077331543,False,108,0.0,True
2,14.64344310760498,False,,14.64344310760498,False,108,0.0,True
3,14.643241882324219,False,,14.643241882324219,False,108,0.0,True
4,14.643102645874023,False,,14.643102645874023,False,108,0.0,True
5,14.643291473388672,False,,14.643291473388672,False,108,0.0,True
6,14.643341064453125,False,,14.643341064453125,False,108,0.0,True
7,14.6434326171875,False,,14.6434326171875,False,108,0.0,True
8,14.643603324890137,False,,14.643603324890137,False,108,0.0,True
9,14.643636703491211,False,,14.643636703491211,False,108,0.0,True
10,14.643255233764648,False,,14.643255233764648,False,108,0.0,True
11,14.643134117126465,False,,14.643134117126465,False,108,0.0,True
12,14.64345645904541,False,,14.64345645904541,False,108,0.0,True
13,14.64320182800293,False,,14.64320182800293,False,108,0.0,True
14,14.643560409545898,False,,14.643560409545898,False,108,0.0,True
15,14.64357852935791,False,,14.64357852935791,False,108,0.0,True
16,14.64285945892334,False,,14.64285945892334,False,108,0.0,True
17,14.64348030090332,False,,14.64348030090332,False,108,0.0,True
18,14.643115997314453,False,,14.643115997314453,False,108,0.0,True
19,14.643597602844238,False,,14.643597602844238,False,108,0.0,True
20,14.643097877502441,False,,14.643097877502441,False,108,0.0,True
21,14.643424987792969,False,,14.643424987792969,False,108,0.0,True
22,14.643434524536133,False,,14.643434524536133,False,108,0.0,True
23,14.643569946289062,False,,14.643569946289062,False,108,0.0,True
24,14.643179893493652,False,,14.643179893493652,False,108,0.0,True
25,14.643662452697754,False,,14.643662452697754,False,108,0.0,True
26,14.643513679504395,False,,14.643513679504395,False,108,0.0,True
27,14.643624305725098,False,,14.643624305725098,False,108,0.0,True
28,14.643576622009277,False,,14.643576622009277,False,108,0.0,True
29,14.643413543701172,False,,14.643413543701172,False,108,0.0,True
30,14.643394470214844,False,,14.643394470214844,False,108,0.0,True
31,14.64344596862793,False,,14.64344596862793,False,108,0.0,True
32,14.643523216247559,False,,14.643523216247559,False,108,0.0,True
33,14.643326759338379,False,,14.643326759338379,False,108,0.0,True
34,14.64367961883545,False,,14.64367961883545,False,108,0.0,True
35,14.643362998962402,False,,14.643362998962402,False,108,0.0,True
36,14.643115043640137,False,,14.643115043640137,False,108,0.0,True
37,14.643463134765625,False,,14.643463134765625,False,108,0.0,True
38,14.643596649169922,False,,14.643596649169922,False,108,0.0,True
39,14.643404006958008,False,,14.643404006958008,False,108,0.0,True
40,14.643553733825684,False,,14.643553733825684,False,108,0.0,True
41,14.64320182800293,False,,14.64320182800293,False,108,0.0,True
42,14.643563270568848,False,,14.643563270568848,False,108,0.0,True
43,14.643583297729492,False,,14.643583297729492,False,108,0.0,True
44,14.643424987792969,False,,14.643424987792969,False,108,0.0,True
45,14.643269538879395,False,,14.643269538879395,False,108,0.0,True
46,14.643556594848633,False,,14.643556594848633,False,108,0.0,True
47,14.643707275390625,False,,14.643707275390625,False,108,0.0,True
48,14.643041610717773,False,,14.643041610717773,False,108,0.0,True
49,14.643796920776367,False,,14.643796920776367,False,108,0.0,True
50,14.643712997436523,False,,14.643712997436523,False,108,0.0,True
51,14.643754005432129,False,,14.643754005432129,False,108,0.0,True
52,14.64350414276123,False,,14.64350414276123,False,108,0.0,True
53,14.643478393554688,False,,14.643478393554688,False,108,0.0,True
54,14.643359184265137,False,,14.643359184265137,False,108,0.0,True
55,14.643333435058594,False,,14.643333435058594,False,108,0.0,True
56,14.643524169921875,False,,14.643524169921875,False,108,0.0,True
57,14.643247604370117,False,,14.643247604370117,False,108,0.0,True
58,14.643304824829102,False,,14.643304824829102,False,108,0.0,True
59,14.643054008483887,False,,14.643054008483887,False,108,0.0,True
60,14.643341064453125,False,,14.643341064453125,False,108,0.0,True
61,14.643439292907715,False,,14.643439292907715,False,108,0.0,True
62,14.642868995666504,False,,14.642868995666504,False,108,0.0,True
63,14.64315414428711,False,,14.64315414428711,False,108,0.0,True
