D_Q_one_step_height_mae_cm,D_Q_one_step_xyz_mae_cm,D_one_step_ee_mae_cm,D_one_step_latent_normalized_mse,Q_actual_observation_held_probability,Q_actual_observation_x,Q_actual_observation_xyz_mae_cm,Q_actual_observation_y,Q_actual_observation_z,Q_observed_supported_reward,action_dx,action_dy,action_dyaw,action_dz,action_gripper,actual_goal_distance_cm,actual_held,actual_lift_cm,actual_object_x,actual_object_y,actual_object_z,best_candidate_score,control_component_goal,control_component_penalties,control_component_progress,control_component_time,control_reward,decision_seconds,guide_score,kept_guide,obstacle_contact,planner_fallback_to_RL_Q,predicted_first_supported_reward,predicted_penalty_sum,predicted_score,step,table_contact,task_success,time_s,true_component_action,true_component_collision,true_component_drop,true_component_fail,true_component_grasp,true_component_lift,true_component_place,true_component_proximity,true_component_reach,true_component_success,true_component_table_hit,true_component_transport,true_original_reward,valid_candidates
0.08496642112731934,0.2925172448158264,0.14376260340213776,0.04221607372164726,6.144064741420152e-07,0.17913293838500977,0.26715296506881714,-0.23622506856918335,0.7716577053070068,-0.0013354325294494618,0.9969000816345215,-0.9883632659912109,0.0011693239212036133,-0.982266366481781,1.0,51.207637786865234,False,0.0,0.17260895669460297,-0.23690249025821686,0.7724708914756775,-0.14826115586866076,0.0,-0.0073388004302978515,0.016628357470035552,-0.01,-0.0007104429602622997,0.3761416650013416,-0.17364020581394088,True,False,False,-0.011824757792055607,-0.09118500351905823,-0.17364020581394088,1,False,False,0.6000000000000004,-0.7338800430297852,-0.0,0.0,0.0,0.0,0.0,0.0,-0.0,0.03359262809603847,0.0,-0.0,0.0,0.009457513617721382,64
0.06328225135803223,0.4867950975894928,0.04275621473789215,0.037647128105163574,9.999180861086643e-08,0.18125613033771515,0.42037567496299744,-0.23374758660793304,0.7716616988182068,-0.01447048217058182,0.9992902278900146,-0.9946787357330322,-0.006065487861633301,-0.9918119311332703,1.0,51.207637786865234,False,0.0,0.17260895669460297,-0.23690249025821686,0.7724708914756775,-0.14753736752258434,0.0,-0.007429236173629761,0.003055115938186647,-0.01,-0.014374120235443114,0.3762757379990944,-0.17229544357206084,True,False,False,-0.02694384753704071,-0.07858018577098846,-0.17229544357206084,2,False,False,0.7000000000000005,-0.7429236173629761,-0.0,0.0,0.0,0.0,0.0,0.0,-0.0,0.04010391199019536,0.0,-0.0,0.0,0.012622719821467919,64
0.06083250045776367,0.5980640649795532,0.058300916105508804,0.03530743718147278,4.635970540789458e-08,0.18152014911174774,0.6144747138023376,-0.22795116901397705,0.7718991637229919,-0.01316850811243057,0.9993671178817749,-0.9942034482955933,-0.0007582306861877441,-0.9921246767044067,1.0,51.207637786865234,False,0.0,0.17260895669460297,-0.23690249025821686,0.7724708914756775,-0.13187248978762686,0.0,-0.007428717613220215,0.0037036368250846843,-0.01,-0.01372508078813553,0.3790886579990911,-0.15688095383695486,True,False,False,-0.024089837446808815,-0.07122895866632462,-0.15688095383695486,3,False,False,0.8000000000000006,-0.7428717613220215,-0.0,0.0,0.0,0.0,0.0,0.0,-0.0,0.04799110614764779,0.0,-0.0,0.0,0.01656683546060368,64
0.03181099891662598,0.6409108638763428,0.08016719669103622,0.04054941236972809,1.1729648008440563e-07,0.17578677833080292,0.6275316476821899,-0.22125835716724396,0.7724668979644775,-0.011093642115592958,0.999394416809082,-0.9932499527931213,-0.00901263952255249,-0.9920014142990112,1.0,51.207637786865234,False,0.0,0.17260895669460297,-0.23690249025821686,0.7724708914756775,-0.12197074586028685,0.0,-0.007423706650733948,0.004362184107303619,-0.01,-0.01306152254343033,0.37669634700068855,-0.144287435831976,True,False,False,-0.020686548203229904,-0.06439775228500366,-0.144287435831976,4,False,False,0.9000000000000007,-0.7423706650733948,-0.0,0.0,0.0,0.0,0.0,0.0,-0.0,0.05728830725854317,0.0,-0.0,0.0,0.021220446978537637,64
0.06473064422607422,0.6778016686439514,0.0321706160902977,0.055612482130527496,2.534610921145486e-08,0.18217237293720245,0.7268622517585754,-0.2255071997642517,0.7716237306594849,-0.014247979223728178,0.9992294311523438,-0.991653561592102,-0.0032051801681518555,-0.9914472103118896,1.0,51.207637786865234,False,0.0,0.17260895669460297,-0.23690249025821686,0.7724708914756775,-0.11571798498994014,0.0,-0.007412035465240479,0.005051446557044981,-0.01,-0.012360588908195498,0.3893559880016255,-0.13870599155025137,True,False,False,-0.0249618012458086,-0.06198086589574814,-0.13870599155025137,5,False,False,1.0000000000000007,-0.7412035465240479,-0.0,0.0,0.0,0.0,0.0,0.0,-0.0,0.06807194575012687,0.0,-0.0,0.0,0.026623937409822957,64
0.08450150489807129,0.6602942943572998,0.044257752597332,0.05552823841571808,2.796060272203249e-08,0.17528969049453735,0.4412353038787842,-0.22710195183753967,0.7717151045799255,-0.010559332072734833,0.9992775917053223,-0.9927037358283997,-0.0036954283714294434,-0.9956629872322083,1.0,51.207637786865234,False,0.0,0.17260895669460297,-0.23690249025821686,0.7724708914756775,-0.10982545022068436,0.0,-0.007438437342643738,0.005700291395187379,-0.01,-0.011738145947456358,0.3047941330005415,-0.13322097653724413,True,False,False,-0.01875665783882141,-0.0661802589893341,-0.13322097653724413,6,False,False,1.1000000000000008,-0.7438437342643738,-0.0,0.0,0.0,0.0,0.0,0.0,-0.0,0.08027529494833052,0.0,-0.0,0.0,0.03269921013152152,64
0.08125901222229004,0.5558376908302307,0.09443715959787369,0.057310380041599274,1.9377534243858463e-08,0.18659457564353943,0.7450917959213257,-0.22942429780960083,0.7715819478034973,-0.014334979057312012,0.9986898899078369,-0.9918762445449829,-0.008290469646453857,-0.9953016042709351,1.0,51.207637786865234,False,0.0,0.17260895669460297,-0.23690249025821686,0.7724708914756775,-0.10465723047610334,0.0,-0.0074297344684600836,0.0061982041597366325,-0.01,-0.011231530308723451,0.3410184539989132,-0.12880306140760261,True,False,False,-0.02156181074678898,-0.0717955157160759,-0.12880306140760261,7,False,False,1.2000000000000008,-0.7429734468460083,-0.0,0.0,0.0,0.0,0.0,0.0,-0.0,0.09360776951425898,0.0,-0.0,0.0,0.039374150288669404,64
0.06763339042663574,0.7791861891746521,0.1232042908668518,0.05361144617199898,2.5321222452134862e-08,0.1818000227212906,0.4713604748249054,-0.23271013796329498,0.7717134952545166,-0.01039676457643509,0.9989023208618164,-0.9934377074241638,-0.012583911418914795,-0.9970296025276184,1.0,51.207637786865234,False,0.0,0.17260895669460297,-0.23690249025821686,0.7724708914756775,-0.10349104026082771,0.0,-0.0074473762512207034,0.006721332669258118,-0.01,-0.010726043581962587,0.3777787159997388,-0.12528154880735065,True,False,False,-0.020261399447917938,-0.0801917314529419,-0.12528154880735065,8,False,False,1.300000000000001,-0.7447376251220703,-0.0,0.0,0.0,0.0,0.0,0.0,-0.0,0.10813180840495729,0.0,-0.0,0.0,0.04661852795125794,64
0.06492733955383301,0.39986422657966614,0.055791810154914856,0.05008532851934433,2.1304801478549962e-08,0.18195727467536926,0.40035346150398254,-0.2350156009197235,0.7716954946517944,-0.010825321078300476,0.9982030391693115,-0.9928699135780334,-0.007750570774078369,-0.9966405630111694,1.0,51.207637786865234,False,0.0,0.17260895669460297,-0.23690249025821686,0.7724708914756775,-0.0864203413578801,0.0,-0.007438880801200867,0.007439575493335723,-0.01,-0.009999305307865143,0.3594088809986715,-0.1105799321278979,True,False,False,-0.018062006682157516,-0.07463999092578888,-0.1105799321278979,9,False,False,1.400000000000001,-0.7438880801200867,-0.0,0.0,0.0,0.0,0.0,0.0,-0.0,0.1242534762720151,0.0,-0.0,0.0,0.05468785733480669,64
0.07922649383544922,0.5984097719192505,0.037956736981868744,0.04561588168144226,2.9395158307465863e-08,0.17691385746002197,0.3356263041496277,-0.23196746408939362,0.7716420292854309,-0.0069316786527633695,0.997788667678833,-0.9921250939369202,-0.005440950393676758,-0.9967401623725891,1.0,51.207637786865234,False,0.0,0.17260895669460297,-0.23690249025821686,0.7724708914756775,-0.08915513239168901,0.0,-0.007433537244796753,0.008430592715740204,-0.01,-0.00900294452905655,0.3333955500002048,-0.10963225863805859,True,False,False,-0.017001036554574966,-0.08545979857444763,-0.10963225863805859,10,False,False,1.500000000000001,-0.7433537244796753,-0.0,0.0,0.0,0.0,0.0,0.0,-0.0,0.14254011898407282,0.0,-0.0,0.0,0.06383652224723965,64
0.05527138710021973,0.39970725774765015,0.05798116326332092,0.05750957876443863,1.8395441614416086e-08,0.1853683590888977,0.6244311332702637,-0.23152828216552734,0.7718715667724609,-0.010685099959373476,0.9969274997711182,-0.9892421364784241,-0.0030549168586730957,-0.9965272545814514,1.0,51.207637786865234,False,0.0,0.17260895669460297,-0.23690249025821686,0.7724708914756775,-0.07793680891411434,0.0,-0.007413850426673889,0.009705621898174283,-0.01,-0.007708228528499607,0.3695645970001351,-0.09847514078116634,True,False,False,-0.015957463532686234,-0.09079357981681824,-0.09847514078116634,11,False,False,1.6000000000000012,-0.7413850426673889,-0.0,0.0,0.0,0.0,0.0,0.0,-0.0,0.1635871653540748,0.0,-0.0,0.0,0.07437973225036351,64
0.06430745124816895,0.5935907363891602,0.061856459826231,0.055610060691833496,5.474680975225965e-08,0.18479588627815247,0.6643121838569641,-0.22991780936717987,0.771713137626648,-0.006078164279460903,0.9973962306976318,-0.9870193004608154,-0.00525355339050293,-0.9971188902854919,1.0,51.207637786865234,False,0.0,0.17260895669460297,-0.23690249025821686,0.7724708914756775,-0.07495227502559276,0.0,-0.007408199906349182,0.011222768723964688,-0.01,-0.006185431182384495,0.3384612030004064,-0.09349915304262732,True,False,False,-0.016708163544535637,-0.0994129478931427,-0.09349915304262732,12,False,False,1.7000000000000013,-0.7408199906349182,-0.0,0.0,0.0,0.0,0.0,0.0,-0.0,0.1879118364494241,0.0,-0.0,0.0,0.08654771831836287,64
0.06962418556213379,0.7467126250267029,0.07520417869091034,0.052213624119758606,1.00611039499654e-08,0.1860855221748352,0.6879786252975464,-0.23075148463249207,0.7714591026306152,-0.00595880001783371,0.9965612888336182,-0.9801257252693176,-0.012436389923095703,-0.9962527751922607,1.0,51.207637786865234,False,0.0,0.17260895669460297,-0.23690249025821686,0.7724708914756775,-0.05789023273561234,0.0,-0.007366138100624085,0.012930441498756412,-0.01,-0.004435696601867673,0.3788680960005877,-0.08567480195196764,True,False,False,-0.013664069585502148,-0.10280764102935791,-0.08567480195196764,13,False,False,1.8000000000000014,-0.7366138100624084,-0.0,0.0,0.0,0.0,0.0,0.0,-0.0,0.2159320445764531,0.0,-0.0,0.0,0.10059988418760246,64
0.07462501525878906,0.7297312617301941,0.05797843262553215,0.05618461221456528,2.6936366026575342e-08,0.18395529687404633,0.5409101247787476,-0.23267020285129547,0.7718222141265869,-0.0023211082816123945,0.9960470199584961,-0.9689540266990662,-0.017616689205169678,-0.9949948191642761,1.0,51.207637786865234,False,0.0,0.17260895669460297,-0.23690249025821686,0.7724708914756775,-0.05697275135918974,0.0,-0.0073032665252685544,0.014814718961715698,-0.01,-0.002488547563552857,0.3566385080011969,-0.09169505300666136,True,False,False,-0.010641336441040039,-0.10571309924125671,-0.09169505300666136,14,False,False,1.9000000000000015,-0.7303266525268555,-0.0,0.0,0.0,0.0,0.0,0.0,-0.0,0.2480418574118235,0.0,-0.0,0.0,0.1167176621806432,64
0.04298090934753418,0.4168594777584076,0.04625742882490158,0.05208709090948105,2.3242886726393408e-08,0.18336468935012817,0.5145887136459351,-0.23258498311042786,0.7721064686775208,-0.00023800104856491755,0.9942988157272339,-0.9386528134346008,-0.02195119857788086,-0.9901130199432373,1.0,51.207637786865234,False,0.0,0.17260895669460297,-0.23690249025821686,0.7724708914756775,-0.06086538064224797,0.0,-0.0071262621879577635,0.016879885494709007,-0.01,-0.00024637669324875655,0.38091271800112736,-0.10701615926950661,True,False,False,-0.01000386755913496,-0.11990106850862503,-0.10701615926950661,15,False,False,2.0000000000000013,-0.7126262187957764,-0.0,0.0,0.0,0.0,0.0,0.0,-0.0,0.2846481336027664,0.0,-0.0,0.0,0.13519780461342545,64
0.051331520080566406,0.5867600440979004,0.0475861132144928,0.05989572033286095,6.941158758877464e-09,0.17980898916721344,0.46340078115463257,-0.2305198609828949,0.772151529788971,0.0046023914217948785,0.989815354347229,-0.8485351204872131,-0.03602880239486694,-0.9716116786003113,1.0,51.207637786865234,False,0.0,0.17260895669460297,-0.23690249025821686,0.7724708914756775,-0.06540490474106939,0.0,-0.006612684130668641,0.019068999886512755,-0.01,0.0024563157558441144,0.3803120859993214,-0.11917226519753515,True,False,False,-0.00977703183889389,-0.11224844306707382,-0.11917226519753515,16,False,False,2.0999999999999903,-0.661268413066864,-0.0,0.0,0.0,0.0,0.0,0.0,-0.0,0.32604669259163044,0.0,-0.0,0.0,0.15641066216514657,64
0.03772377967834473,0.4238307476043701,0.07945720851421356,0.056564949452877045,5.0623514269432235e-09,0.18472367525100708,0.4321674406528473,-0.23719990253448486,0.771917998790741,-2.5854706764213628e-05,0.9768593311309814,-0.6214677691459656,-0.011973679065704346,-0.8428700566291809,1.0,51.207637786865234,False,0.0,0.17260895669460297,-0.23690249025821686,0.7724708914756775,-0.050250891419887325,0.0,-0.005127623677253723,0.020938520133495342,-0.01,0.0058108964562416186,0.3981206080006814,-0.12943878407391973,True,False,False,-0.006426545325666666,-0.11292285472154617,-0.12943878407391973,17,False,False,2.1999999999999793,-0.5127623677253723,-0.0,0.0,0.0,0.0,0.0,0.0,-0.0,0.3716400091489427,0.0,-0.0,0.0,0.18069238089721762,64
0.022143125534057617,0.5964229106903076,0.06548862159252167,0.0628691241145134,1.845413066803303e-08,0.18443027138710022,0.5471915006637573,-0.2327711284160614,0.7720078229904175,0.009081688821315754,0.96669602394104,-0.5303225517272949,-0.04545062780380249,-0.6321840882301331,1.0,51.207637786865234,False,0.0,0.17260895669460297,-0.23690249025821686,0.7724708914756775,-0.0616434591034704,0.0,-0.0040436646342277525,0.022194766700267793,-0.01,0.00815110206604004,0.3599290309994103,-0.16759340501659387,True,False,False,-0.005618139170110226,-0.12527728080749512,-0.16759340501659387,18,False,False,2.2999999999999683,-0.40436646342277527,-0.0,0.0,0.0,0.0,0.0,0.0,-0.0,0.4202320402407199,0.0,-0.0,0.0,0.2060723554861322,64
0.04901289939880371,0.6662046313285828,0.0990450382232666,0.07774865627288818,2.2791153853063406e-08,0.18478892743587494,0.5746796727180481,-0.23253080248832703,0.7717821598052979,0.008184488415718089,0.9514024257659912,-0.3726472854614258,-0.03557932376861572,-0.3968465328216553,1.0,51.207637786865234,False,0.0,0.17260895669460297,-0.23690249025821686,0.7724708914756775,-0.07604657561962488,0.0,-0.0030069640278816223,0.022174417376518235,-0.01,0.009167453348636612,0.3391362910006137,-0.18951221069570412,True,False,False,-0.006645224988460541,-0.13311974704265594,-0.18951221069570412,19,False,False,2.3999999999999573,-0.30069640278816223,-0.0,0.0,0.0,0.0,0.0,0.0,-0.0,0.46927346060760067,0.0,-0.0,0.0,0.23162976627591872,64
0.044530630111694336,0.5635117888450623,0.0616515688598156,0.09411357343196869,1.1197158755749115e-08,0.1847521960735321,0.5971217751502991,-0.23147670924663544,0.7721262574195862,0.006824509352445609,0.9302723407745361,-0.29821038246154785,-0.03774911165237427,-0.14672189950942993,1.0,51.207637786865234,False,0.0,0.17260895669460297,-0.23690249025821686,0.7724708914756775,-0.09836048911443818,0.0,-0.0024432207643985747,0.01828994274139406,-0.01,0.005846721976995485,0.3675236320013937,-0.20447962054020083,True,False,False,-0.010501394979655743,-0.13360907137393951,-0.20447962054020083,20,False,False,2.4999999999999463,-0.24432207643985748,-0.0,0.0,0.0,0.0,0.0,0.0,-0.0,0.5109629930101736,0.0,-0.0,0.0,0.2530382757406882,64
0.06451606750488281,0.7731457948684692,0.07973362505435944,0.08867615461349487,2.3930981640774007e-08,0.18239544332027435,0.4038582146167755,-0.23517708480358124,0.771867036819458,0.0003516037762164824,0.8882584571838379,-0.2284529209136963,-0.02621251344680786,0.048763394355773926,1.0,51.207637786865234,False,0.0,0.17260895669460297,-0.23690249025821686,0.7724708914756775,-0.12257849031140311,0.0,-0.0021106469631195068,0.010865761488676073,-0.01,-0.0012448854744434336,0.37590414700025576,-0.23768585849697715,True,False,False,-0.017213867977261543,-0.13040541112422943,-0.23768585849697715,21,False,False,2.5999999999999353,-0.21106469631195068,-0.0,0.0,0.0,0.0,0.0,0.0,-0.0,0.5380753481938323,0.0,-0.0,0.0,0.2669270271337966,64
0.05983114242553711,0.5726709961891174,0.050796568393707275,0.11416266858577728,3.198674747295627e-08,0.18228505551815033,0.588737428188324,-0.22979873418807983,0.7715886235237122,-0.006889875382184974,0.7358558177947998,-0.23382484912872314,-0.03284841775894165,0.13841938972473145,1.0,51.207637786865234,False,0.0,0.17260895669460297,-0.23690249025821686,0.7724708914756775,-0.08490021579939087,0.0,-0.0015409918129444123,0.0028128099441528387,-0.01,-0.008728181868791573,0.3690090419986518,-0.20048859141412317,True,False,False,-0.024607978761196136,-0.1321847140789032,-0.20048859141412317,22,False,False,2.6999999999999242,-0.15409918129444122,-0.0,0.0,0.0,0.0,0.0,0.0,-0.0,0.5491928503982308,0.0,-0.0,0.0,0.273055433386171,64
0.07333159446716309,0.7528448700904846,0.15008053183555603,0.10631435364484787,2.732404702499025e-08,0.18848371505737305,0.6557157039642334,-0.23345530033111572,0.7721213698387146,-0.014554478004574753,0.6045491695404053,-0.11816781759262085,0.03575289249420166,0.11736428737640381,1.0,51.207637786865234,False,0.0,0.17260895669460297,-0.23690249025821686,0.7724708914756775,-0.08243603464895105,0.0,-0.0009862399846315385,-0.003375851213932024,-0.01,-0.014362091198563562,0.34142525700008264,-0.20012515894752192,True,False,False,-0.028359822928905487,-0.14632876217365265,-0.20012515894752192,23,False,False,2.7999999999999132,-0.09862399846315384,-0.0,0.0,0.0,0.0,0.0,0.0,-0.0,0.5479203156967709,0.0,-0.0,0.0,0.2729739178637539,64
0.016260147094726562,0.8488873839378357,0.052980583161115646,0.10868231952190399,2.8446245892155275e-07,0.1900067925453186,0.6979936957359314,-0.2343655675649643,0.7714658379554749,-0.015934043303132084,0.48898637294769287,-0.10089480876922607,0.043980956077575684,0.16140484809875488,1.0,51.207637786865234,False,0.0,0.17260895669460297,-0.23690249025821686,0.7724708914756775,-0.10546765797049007,0.0,-0.0006931831687688828,-0.005818257033824936,-0.01,-0.01651144020259382,0.35063644900037616,-0.2161827680627629,True,False,False,-0.030998779460787773,-0.1532777100801468,-0.2161827680627629,24,False,False,2.899999999999902,-0.06931831687688828,-0.0,0.0,0.0,0.0,0.0,0.0,-0.0,0.541700943957719,0.0,-0.0,0.0,0.2701572888100906,64
0.11549592018127441,0.9116406440734863,0.05488147214055061,0.12762486934661865,3.4573923812786234e-07,0.19078075885772705,0.7947032451629639,-0.2313714176416397,0.7726091146469116,-0.013244984783232201,0.38075947761535645,-0.09471368789672852,0.019296884536743164,0.10867834091186523,1.0,51.207637786865234,False,0.0,0.17260895669460297,-0.23690249025821686,0.7724708914756775,-0.06994440372474751,0.0,-0.00041532952338457107,-0.007031429558992386,-0.01,-0.01744675908237696,0.3385769689994049,-0.15690800759166024,True,False,False,-0.02983563020825386,-0.12740486860275269,-0.15690800759166024,25,False,False,2.999999999999891,-0.04153295233845711,-0.0,0.0,0.0,0.0,0.0,0.0,-0.0,0.5329676309992482,0.0,-0.0,0.0,0.2660684859762395,64
0.0076830387115478516,0.8297726511955261,0.10838061571121216,0.11374896764755249,1.5148707461776212e-06,0.18991175293922424,0.8447170257568359,-0.22915518283843994,0.7721794843673706,-0.01597392868250611,0.29538607597351074,-0.023142755031585693,0.0028219223022460938,0.09800660610198975,1.0,51.207637786865234,False,0.0,0.17260895669460297,-0.23690249025821686,0.7724708914756775,-0.0750365664195795,0.0,-0.00024350445717573167,-0.006451095193624523,-0.01,-0.016694599650800255,0.3269043629989028,-0.12324047788137996,True,False,False,-0.03401532024145126,-0.14887018501758575,-0.12324047788137996,26,False,False,3.09999999999988,-0.024350445717573166,-0.0,0.0,0.0,0.0,0.0,0.0,-0.0,0.5253186866596342,0.0,-0.0,0.0,0.26241583887264136,64
0.05043745040893555,1.0691885948181152,0.054388243705034256,0.125444695353508,1.1502594361445517e-06,0.19307950139045715,0.8420984148979187,-0.2416926920413971,0.7724686861038208,-0.01404383411630989,0.22648799419403076,0.0026892423629760742,0.04278910160064697,-0.11130934953689575,1.0,51.207637786865234,False,0.0,0.17260895669460297,-0.23690249025821686,0.7724708914756775,-0.05776890104944643,0.0,-0.00016381179913878442,-0.0044738128781318665,-0.01,-0.014637624677270651,0.3593044560002454,-0.09656896539948913,True,False,False,-0.03227394074201584,-0.14233067631721497,-0.09656896539948913,27,False,False,3.199999999999869,-0.01638117991387844,-0.0,0.0,0.0,0.0,0.0,0.0,-0.0,0.5215869788604954,0.0,-0.0,0.0,0.26062967763110895,64
0.004172325134277344,0.679805338382721,0.08320610225200653,0.13771986961364746,2.621361090859864e-06,0.18623965978622437,0.5421554446220398,-0.2343374341726303,0.7725397944450378,-0.009414097955450432,0.02652454376220703,-0.12977814674377441,-0.03473985195159912,-0.05730628967285156,1.0,51.207637786865234,False,0.0,0.17260895669460297,-0.23690249025821686,0.7724708914756775,-0.045317663625087476,0.0,-5.509196780622006e-05,-0.001103362441062905,-0.01,-0.011158454408869126,0.3550535049998871,-0.07794507062063447,True,False,False,-0.025936074554920197,-0.13880610466003418,-0.07794507062063447,28,False,False,3.299999999999858,-0.0055091967806220055,-0.0,0.0,0.0,0.0,0.0,0.0,-0.0,0.5246263782145582,0.0,-0.0,0.0,0.26225809713947285,64
0.004094839096069336,0.6536001563072205,0.15819668769836426,0.1277094930410385,1.065835022018291e-06,0.18685981631278992,0.5408456325531006,-0.23865944147109985,0.7726884484291077,-0.007756164669990549,-0.02945411205291748,-0.03316497802734375,0.2747046947479248,-0.543850302696228,1.0,51.207637786865234,False,0.0,0.17260895669460297,-0.23690249025821686,0.7724708914756775,-0.03681941254572725,0.0,-0.0009330081939697266,0.003059012591838828,-0.01,-0.007873995602130899,0.3510222650002106,-0.06158642534021593,True,False,False,-0.019611109048128128,-0.13353091478347778,-0.06158642534021593,29,False,False,3.399999999999847,-0.09330081939697266,-0.0,0.0,0.0,0.0,0.0,0.0,-0.0,0.5361054717007196,0.0,-0.0,0.0,0.2671197276563901,64
0.03517866134643555,0.7549186944961548,0.06883491575717926,0.12478657811880112,6.37152993476775e-07,0.1931910514831543,0.9062454104423523,-0.2303437739610672,0.7725174427032471,0.0018215151131152903,-0.08958441019058228,-0.026742100715637207,0.43478822708129883,-0.8745872974395752,1.0,51.207637786865234,False,0.0,0.17260895669460297,-0.23690249025821686,0.7724708914756775,-0.048316181928813956,0.0,-0.0024067105352878573,0.014557226747274388,-0.01,0.00215051621198653,0.3543079629998829,-0.08327201761883347,True,False,False,-0.010334163904190063,-0.12346687912940979,-0.08327201761883347,30,False,False,3.499999999999836,-0.2406710535287857,-0.0,0.0,0.0,0.0,0.0,0.0,-0.0,0.5709293348200378,0.0,-0.0,0.0,0.28305795687473106,64
0.005853176116943359,0.9296963810920715,0.04960149526596069,0.12729787826538086,2.626443347253371e-07,0.1929360032081604,1.1537630558013916,-0.22301223874092102,0.7728664875030518,0.009397937059402485,0.09303498268127441,0.039398908615112305,0.10605323314666748,-0.9415494799613953,1.0,51.207637786865234,False,0.0,0.17260895669460297,-0.23690249025821686,0.7724708914756775,-0.076150268026647,0.0,-0.0022699262201786043,0.02207234144210818,-0.01,0.009802415221929574,0.36348487800023577,-0.12792156236963015,True,False,False,-0.007063812576234341,-0.14803871512413025,-0.12792156236963015,31,False,False,3.599999999999825,-0.2269926220178604,-0.0,0.0,0.0,0.0,0.0,0.0,-0.0,0.6212868061087484,0.0,-0.0,0.0,0.3083734768341956,64
0.020182132720947266,1.101479411125183,0.15799203515052795,0.1295461654663086,2.617526320136676e-07,0.1960037797689438,0.9890909194946289,-0.23063966631889343,0.7724558115005493,0.012898254394531253,0.21991503238677979,0.09879767894744873,0.01285254955291748,-0.9408892393112183,1.0,51.207637786865234,False,0.0,0.17260895669460297,-0.23690249025821686,0.7724708914756775,-0.0854303786351853,0.0,-0.0023589032888412477,0.023522597700357417,-0.01,0.01116369441151617,0.3781322660015576,-0.13729103114830887,True,False,False,-0.005768357776105404,-0.13104578852653503,-0.13729103114830887,32,False,False,3.699999999999814,-0.23589032888412476,-0.0,0.0,0.0,0.0,0.0,0.0,-0.0,0.675082802664475,0.0,-0.0,0.0,0.3351824980433962,64
0.0715494155883789,1.0392297506332397,0.15747347474098206,0.11929001659154892,6.216482688614633e-07,0.19599193334579468,0.9436081051826477,-0.23233747482299805,0.772110641002655,0.013078899830579742,0.19425582885742188,-0.032866835594177246,-0.0376887321472168,-0.8696844577789307,1.0,51.207637786865234,False,0.0,0.17260895669460297,-0.23690249025821686,0.7724708914756775,-0.11303965729136825,0.0,-0.0019914676249027253,0.022192849516868562,-0.01,0.010201381891965837,0.36369699699935154,-0.19347430999879722,True,False,False,-0.004969445057213306,-0.12545102834701538,-0.19347430999879722,33,False,False,3.799999999999803,-0.19914676249027252,-0.0,0.0,0.0,0.0,0.0,0.0,-0.0,0.7267357988662346,0.0,-0.0,0.0,0.3613764318082146,64
0.07545948028564453,1.1060540676116943,0.07725059986114502,0.1161380335688591,2.5365052351844497e-06,0.19143134355545044,0.8812482357025146,-0.22942624986171722,0.7726097106933594,0.013345241472125064,0.13298237323760986,-0.0640338659286499,-0.009574949741363525,-0.7542969584465027,1.0,51.207637786865234,False,0.0,0.17260895669460297,-0.23690249025821686,0.7724708914756775,-0.13077671672727137,0.0,-0.0014771005511283876,0.019190750792622557,-0.01,0.007713650241494169,0.37045307500011404,-0.19190632641437552,True,False,False,-0.00639931857585907,-0.12881337106227875,-0.19190632641437552,34,False,False,3.899999999999792,-0.14771005511283875,-0.0,0.0,0.0,0.0,0.0,0.0,-0.0,0.7728458100218616,0.0,-0.0,0.0,0.3849458044598024,64
0.031685829162597656,0.8851513266563416,0.03139624744653702,0.13164003193378448,7.752187229925767e-07,0.19118845462799072,0.999276340007782,-0.22596688568592072,0.772934079170227,0.008378290832042674,0.04250502586364746,-5.0902366638183594e-05,0.09531223773956299,-0.6731753945350647,1.0,51.207637786865234,False,0.0,0.17260895669460297,-0.23690249025821686,0.7724708914756775,0.4019698269929928,0.0,-0.0011601405590772628,0.015368937700986851,-0.01,0.0042087971419095885,0.37479346199870633,0.21536289514029455,True,False,False,-0.008348865434527397,-0.1285332888364792,0.21536289514029455,35,False,False,3.999999999999781,-0.11601405590772629,-0.0,0.0,0.0,0.0,0.0,0.0,-0.0,0.8117006237057768,0.0,-0.0,0.0,0.40469017129381113,64
0.14055967330932617,1.0763932466506958,0.29793781042099,0.15542572736740112,2.198466427216772e-05,0.18871286511421204,0.713193416595459,-0.23435427248477936,0.7728460431098938,-0.010697302669286753,0.024028539657592773,0.03804337978363037,0.08025610446929932,-0.5425712466239929,1.0,51.25359344482422,False,-0.16748309135437012,0.17240819334983826,-0.23739542067050934,0.7707960605621338,-0.17401930772390906,0.0,-0.0007571232318878174,-0.007488068342208887,-0.01,-0.018245191574096705,0.37122339000052307,-0.20663883226787055,True,False,False,-0.013883230276405811,-0.12444362044334412,-0.20663883226787055,36,False,False,4.0999999999997705,-0.07571232318878174,-0.0,0.0,0.0,0.0,0.0,0.0,-0.0,0.8047722721596829,0.0,-0.0,0.0,0.40162901284795366,64
0.2716243267059326,0.8729885220527649,0.23377041518688202,0.10887156426906586,5.131134457769804e-06,0.1894722878932953,0.790459930896759,-0.2332155704498291,0.772146999835968,-0.014775160457938908,-0.1855751872062683,0.01764380931854248,-0.018748879432678223,-0.29364609718322754,1.0,51.28919982910156,False,-0.23896098136901855,0.17236925661563873,-0.23776061832904816,0.7700812816619873,-0.18819049809774707,0.0,-0.00030332250520586967,-0.00661916270852092,-0.01,-0.01692248521372679,0.38035764699998253,-0.24629745809771572,True,False,False,-0.01882673054933548,-0.12924152612686157,-0.24629745809771572,37,False,False,4.1999999999997595,-0.030332250520586967,-0.0,0.0,0.0,0.0,0.0,0.0,-0.0,0.7995292307946105,0.0,-0.0,0.0,0.39946129289209936,64
0.29811859130859375,0.8924742341041565,0.17871707677841187,0.1274576336145401,4.134526989219012e-06,0.19443601369857788,1.287682294845581,-0.22592732310295105,0.7730730772018433,-0.01227107010781765,-0.8222994804382324,-0.3412021994590759,0.7609868049621582,-0.712958037853241,1.0,51.36178207397461,False,-0.29030442237854004,0.17193835973739624,-0.238554909825325,0.7695678472518921,-0.2562884085083529,0.0,-0.0047000133991241455,-0.0003751967847347437,-0.01,-0.015075210183858889,0.3789042599983077,-1000000000.0,False,False,False,-0.021717790514230728,-0.12653125822544098,-0.2562884085083529,38,False,False,4.2999999999997485,-0.47000133991241455,-0.0,0.0,0.0,0.0,0.0,0.0,-0.0,0.8068473535364542,0.0,-0.0,0.0,0.398723663369103,6
0.4403233528137207,1.4347742795944214,0.19404789805412292,0.13550297915935516,4.016366347059375e-06,0.20059236884117126,1.5584791898727417,-0.22495508193969727,0.7722681164741516,-0.015409773066639923,-0.09281665086746216,0.08862936496734619,-0.14468622207641602,-0.6135317087173462,0.9999990463256836,51.418121337890625,False,-0.40773749351501465,0.17188844084739685,-0.2391309291124344,0.7683935165405273,-0.5794890785820823,0.0,-0.0010345634073019028,-0.0009649559110402883,-0.01,-0.011999519318342191,0.3748453270000027,-0.7620519924894082,True,False,False,-0.02312500961124897,-0.13361409306526184,-0.7620519924894082,39,False,False,4.3999999999997375,-0.10345634073019028,-0.0,0.0,0.0,0.0,0.0,0.0,-0.0,0.8130478022920538,0.0,-0.0,0.0,0.405489337738725,64
0.4181861877441406,1.559192419052124,0.08020748198032379,0.16586536169052124,0.0004974962794221938,0.19717520475387573,1.023810625076294,-0.23739872872829437,0.771824836730957,-0.013119998723268512,0.16146481037139893,0.06093478202819824,-0.04104173183441162,-0.021216511726379395,1.0,51.48795700073242,False,-0.3957211971282959,0.17216986417770386,-0.23979654908180237,0.7685136795043945,-0.20098106657568468,0.0,-7.979623973369598e-05,-0.005592758059501657,-0.01,-0.015672554299235354,0.360856392999267,-0.28042470416770376,True,False,False,-0.03002016805112362,-0.12884216010570526,-0.28042470416770376,40,False,False,4.499999999999726,-0.007979623973369598,-0.0,0.0,0.0,0.0,0.0,0.0,-0.0,0.809962019423828,0.0,-0.0,0.0,0.4049012134721803,64
0.42185187339782715,1.299311637878418,0.2782682776451111,0.1360805630683899,0.004330124240368605,0.19768258929252625,1.0606105327606201,-0.23687054216861725,0.7716498970985413,-0.013510060720145697,0.016344904899597168,-0.07403922080993652,0.08335864543914795,0.3091135025024414,0.9999985694885254,51.53666687011719,False,-0.38172006607055664,0.1722649484872818,-0.24027501046657562,0.7686536908149719,-0.18033622673719024,0.0,-0.00027062196284532547,-0.0028728169947862536,-0.01,-0.013143438957631579,0.3808768010003405,-0.2445509097276647,True,False,False,-0.036004502326250076,-0.11417989432811737,-0.2445509097276647,41,False,False,4.599999999999715,-0.027062196284532547,-0.0,0.0,0.0,0.0,0.0,0.0,-0.0,0.8123397237427321,0.0,-0.0,0.0,0.4058992399085207,64
0.35546422004699707,1.354113221168518,0.3722965717315674,0.1441846787929535,0.0009377434034831822,0.1947695016860962,1.0756235122680664,-0.23388125002384186,0.7719960808753967,-0.012212049067020399,0.07865190505981445,-0.07162988185882568,0.1580110788345337,0.2536616325378418,0.999997615814209,51.59815979003906,False,-0.3423452377319336,0.17243953049182892,-0.2408713400363922,0.7690474390983582,-0.1831348607639403,0.0,-0.0002515717223286629,-0.0009289764612913087,-0.01,-0.011180548183619972,0.3687330070006283,-0.24317036265201944,True,False,False,-0.04085440933704376,-0.12320113182067871,-0.24317036265201944,42,False,False,4.699999999999704,-0.025157172232866287,-0.0,0.0,0.0,0.0,0.0,0.0,-0.0,0.8186683702048811,0.0,-0.0,0.0,0.4090826133801119,64
0.2880275249481201,1.2873132228851318,0.2395351678133011,0.13366439938545227,0.014008368365466595,0.19655579328536987,1.2159730195999146,-0.22990430891513824,0.7705113291740417,-0.018100228682160397,0.04918038845062256,-0.047162771224975586,0.2767525911331177,0.09209966659545898,0.9998230934143066,51.65513229370117,False,-0.2850174903869629,0.17250098288059235,-0.24143807590007782,0.7696207165718079,-0.1957993720502741,0.0,-0.00022429347038269043,-0.0011515719443559447,-0.01,-0.011375865414738635,0.3637119860013627,-0.2279062186211518,True,False,False,-0.03531919792294502,-0.12592819333076477,-0.2279062186211518,43,False,False,4.799999999999693,-0.022429347038269043,-0.0,0.0,0.0,0.0,0.0,0.0,-0.0,0.8246114152341206,0.0,-0.0,0.0,0.41208141414667765,64
0.28400421142578125,1.401443362236023,0.09840080887079239,0.15592148900032043,0.00010458764882059768,0.1939995288848877,1.1916618347167969,-0.23025645315647125,0.7717428803443909,-0.010191129148006448,0.14226233959197998,0.011486411094665527,0.37632012367248535,-0.073924720287323,0.9999977350234985,51.70433044433594,False,-0.3294527530670166,0.17249545454978943,-0.24193571507930756,0.7691763639450073,-0.20633830991357183,0.0,-0.00041863054037094116,-0.004835187718272238,-0.01,-0.015253818258643179,0.3658109490006609,-0.24635883424848945,True,False,False,-0.02975326217710972,-0.13295140862464905,-0.24635883424848945,44,False,False,4.899999999999682,-0.041863054037094116,-0.0,0.0,0.0,0.0,0.0,0.0,-0.0,0.8231729325633586,0.0,-0.0,0.0,0.41116783574130833,64
0.4029572010040283,1.35443913936615,0.0808914452791214,0.1115170493721962,7.333323992497753e-06,0.1988367736339569,1.347386360168457,-0.23238272964954376,0.7725511193275452,-0.010450629736296822,0.08284604549407959,0.010247945785522461,-0.015009760856628418,-0.15326404571533203,1.0,51.76111602783203,False,-0.4036366939544678,0.17263804376125336,-0.24248899519443512,0.7684345245361328,-0.20566786083934405,0.0,-7.67091242596507e-05,-0.006118372380733483,-0.01,-0.016195081504993134,0.3814215210004477,-0.24866650055004993,True,False,False,-0.024776998907327652,-0.13319309055805206,-0.24866650055004993,45,False,False,4.999999999999671,-0.007670912425965071,-0.0,0.0,0.0,0.0,0.0,0.0,-0.0,0.8191273747206524,0.0,-0.0,0.0,0.40948697823606656,64
0.28414130210876465,1.3745020627975464,0.20727764070034027,0.13446423411369324,5.7394052419112995e-05,0.19280150532722473,1.030747652053833,-0.2361164093017578,0.7733946442604065,-0.017397553026676157,0.04093003273010254,-0.010626673698425293,-0.33138924837112427,0.01561892032623291,1.0,51.862037658691406,False,-0.29326677322387695,0.17306660115718842,-0.24344751238822937,0.7695382237434387,-0.22534746271436717,0.0,-0.0002796274423599243,-0.006332040354609492,-0.01,-0.016611667796969418,0.3343326430003799,-0.3137343159117615,True,False,False,-0.030367596074938774,-0.12953084707260132,-0.3137343159117615,46,False,False,5.09999999999966,-0.02796274423599243,-0.0,0.0,0.0,0.0,0.0,0.0,-0.0,0.8146093026328929,0.0,-0.0,0.0,0.4070250238740865,64
0.34741759300231934,1.1109322309494019,0.14017969369888306,0.12065846472978592,1.8545610146247782e-05,0.19295278191566467,1.2207363843917847,-0.2311277985572815,0.773799479007721,-0.016149688586592704,-0.11275851726531982,-0.0011402368545532227,-0.210219144821167,-0.1550384759902954,0.9999971389770508,51.88888168334961,False,-0.2874612808227539,0.173117533326149,-0.2437114417552948,0.76959627866745,-0.2096709183051817,0.0,-0.00020236201584339142,-0.004706769511103659,-0.01,-0.014909131526947051,0.3487261940008466,-0.28047415755865635,True,False,False,-0.0283651202917099,-0.1354282796382904,-0.28047415755865635,47,False,False,5.199999999999649,-0.020236201584339142,-0.0,0.0,0.0,0.0,0.0,0.0,-0.0,0.8133291024326739,0.0,-0.0,0.0,0.40646218920049354,64
0.3170788288116455,1.2640868425369263,0.18233755230903625,0.17329582571983337,7.869126420700923e-05,0.19764769077301025,1.13162100315094,-0.23749083280563354,0.7729803919792175,-0.016555953621864312,-0.015904247760772705,0.0852576494216919,-0.03689002990722656,-0.3530982732772827,0.999988317489624,51.91063690185547,False,-0.2723991870880127,0.1733410805463791,-0.2438993602991104,0.7697468996047974,-0.21549040690227694,0.0,-0.00033390268683433535,-0.004480863660573986,-0.01,-0.014814766347408321,0.3495438580011978,-0.2522267274532498,True,False,False,-0.026003632694482803,-0.14503712952136993,-0.2522267274532498,48,False,False,5.299999999999638,-0.03339026868343353,-0.0,0.0,0.0,0.0,0.0,0.0,-0.0,0.8124922482970615,0.0,-0.0,0.0,0.4059122214616964,64
0.3705918788909912,1.2455384731292725,0.08817464113235474,0.13077497482299805,0.002726451028138399,0.19511334598064423,0.924957275390625,-0.2410886585712433,0.7730364203453064,-0.015644227578304713,-0.03305935859680176,0.016269207000732422,-0.0744016170501709,-0.07283997535705566,1.0,51.90989303588867,False,-0.26950836181640625,0.17341747879981995,-0.24388089776039124,0.7697758078575134,-0.21150856522421402,0.0,-3.049717750400305e-05,-0.004342944025993334,-0.01,-0.014373441203497338,0.36789838500044425,-0.28920224663633654,True,False,False,-0.028508640825748444,-0.13454888761043549,-0.28920224663633654,49,False,False,5.399999999999627,-0.003049717750400305,-0.0,0.0,0.0,0.0,0.0,0.0,-0.0,0.8119256335158941,0.0,-0.0,0.0,0.405932319580443,64
0.3729104995727539,1.3549734354019165,0.08756767213344574,0.1683882772922516,0.0011836765334010124,0.19808271527290344,1.2220401763916016,-0.23289275169372559,0.7707838416099548,-0.01980430009774865,-0.06471908092498779,-0.032465457916259766,-0.001404881477355957,-0.023097336292266846,0.9999970197677612,51.90892028808594,False,-0.26414990425109863,0.17336221039295197,-0.24387900531291962,0.7698293924331665,-0.19677886568912123,0.0,-1.4445064589381218e-05,-0.002729013860225671,-0.01,-0.012743458924815052,0.3737698810000438,-0.2748109541127744,True,False,False,-0.03444816917181015,-0.126590758562088,-0.2748109541127744,50,False,False,5.499999999999616,-0.0014445064589381218,-0.0,0.0,0.0,0.0,0.0,0.0,-0.0,0.8146136844921035,0.0,-0.0,0.0,0.4072923971814624,64
0.22177696228027344,1.2839938402175903,0.05284051224589348,0.11687563359737396,0.006094574928283691,0.1974179744720459,1.0585755109786987,-0.2376806139945984,0.7712435126304626,-0.011736871842294936,0.14929652214050293,0.03323566913604736,0.195531964302063,-0.07735496759414673,0.9999988079071045,51.92403030395508,False,-0.26633143424987793,0.1734369397163391,-0.24402090907096863,0.7698075771331787,-0.20376290415930584,0.0,-0.0001690264977514744,-0.0037253532558679803,-0.01,-0.013894379753619455,0.3669881690002512,-0.2689225353916508,True,False,False,-0.03035038709640503,-0.13734473288059235,-0.2689225353916508,51,False,False,5.599999999999605,-0.016902649775147438,-0.0,0.0,0.0,0.0,0.0,0.0,-0.0,0.8153161400119607,0.0,-0.0,0.0,0.4074890435082289,64
0.29920339584350586,1.1114388704299927,0.1016174778342247,0.13388632237911224,0.001146142603829503,0.1907373070716858,0.9743407368659973,-0.23436877131462097,0.7720304727554321,-0.0154630330950022,0.10659754276275635,-0.024818778038024902,0.14656543731689453,0.10993325710296631,1.0,51.94709777832031,False,-0.26763081550598145,0.17360422015190125,-0.2442300170660019,0.7697945833206177,-0.1906814981102138,0.0,-0.00011386439204216004,-0.005236896649003009,-0.01,-0.01535076104104517,0.368415286000527,-0.2236424202545541,True,False,False,-0.031085176393389702,-0.13423925638198853,-0.2236424202545541,52,False,False,5.699999999999594,-0.011386439204216003,-0.0,0.0,0.0,0.0,0.0,0.0,-0.0,0.8129720839985901,0.0,-0.0,0.0,0.4063721776072529,64
0.35324692726135254,1.116513729095459,0.11043548583984375,0.12418658286333084,0.002008015988394618,0.19474272429943085,1.18953537940979,-0.23242221772670746,0.772339403629303,-0.01208654573187232,0.04584193229675293,0.008969545364379883,0.27065610885620117,-0.12797701358795166,0.9999899864196777,51.985572814941406,False,-0.2747476100921631,0.17383593320846558,-0.24458549916744232,0.7697234153747559,-0.18981132070927667,0.0,-0.00022953694686293603,-0.00481148175895213,-0.01,-0.015041018705815066,0.35945131500011485,-0.22922678380411743,True,False,False,-0.03354255110025406,-0.13648515939712524,-0.22922678380411743,53,False,False,5.799999999999583,-0.022953694686293602,-0.0,0.0,0.0,0.0,0.0,0.0,-0.0,0.8114638613862851,0.0,-0.0,0.0,0.4055023937462796,64
0.34047961235046387,1.3013110160827637,0.06961275637149811,0.12504057586193085,0.0005537872202694416,0.1924152374267578,0.8505284786224365,-0.23987562954425812,0.7718391418457031,-0.016899621244519956,0.06387877464294434,0.04243111610412598,0.09169042110443115,-0.14898020029067993,0.9999995231628418,52.029685974121094,False,-0.28211474418640137,0.17419300973415375,-0.2449798583984375,0.7696497440338135,-0.18930968418473482,0.0,-9.120782837271691e-05,-0.005723795667290699,-0.01,-0.015815003495663414,0.36080115899858356,-0.22569054347979714,True,False,False,-0.03210233151912689,-0.12989825010299683,-0.22569054347979714,54,False,False,5.899999999999572,-0.00912078283727169,-0.0,0.0,0.0,0.0,0.0,0.0,-0.0,0.8080973467922657,0.0,-0.0,0.0,0.40395746556776013,64
0.25708675384521484,1.058161735534668,0.08983065187931061,0.12388092279434204,0.0016132694436237216,0.19605867564678192,1.0169814825057983,-0.23956294357776642,0.7728804349899292,-0.010930834393948319,-0.1254030466079712,-0.042192935943603516,-0.2362496256828308,-0.22686386108398438,1.0,52.062870025634766,False,-0.282365083694458,0.1744915097951889,-0.24527202546596527,0.7696472406387329,-0.19313240515209695,0.0,-0.0003119681589305401,-0.004958062320947643,-0.01,-0.015270030479878183,0.3705698370013124,-0.23989817562655,True,False,False,-0.02564685046672821,-0.13661189377307892,-0.23989817562655,55,False,False,5.999999999999561,-0.03119681589305401,-0.0,0.0,0.0,0.0,0.0,0.0,-0.0,0.8062435663639702,0.0,-0.0,0.0,0.4028098150230546,59
0.360870361328125,1.1889528036117554,0.15451708436012268,0.1130031943321228,0.0013465560041368008,0.19548822939395905,1.1392046213150024,-0.2346961349248886,0.7722676992416382,-0.016567543037235764,-0.1317758560180664,-0.014845192432403564,-0.2778724431991577,-0.2544577121734619,0.9999997615814209,52.07883834838867,False,-0.2760767936706543,0.17459231615066528,-0.24541878700256348,0.769710123538971,-0.1963249644659168,0.0,-0.00039886768907308577,-0.0032202918827533566,-0.01,-0.013619159571826443,0.35059461000128067,-0.25176412368708423,True,False,False,-0.02239883691072464,-0.12055890262126923,-0.25176412368708423,56,False,False,6.09999999999955,-0.03988676890730858,-0.0,0.0,0.0,0.0,0.0,0.0,-0.0,0.8078816749252598,0.0,-0.0,0.0,0.4035419697735568,63
0.33777952194213867,1.2654870748519897,0.2076268196105957,0.120773084461689,0.0010777930729091167,0.18908369541168213,0.9911735653877258,-0.23260198533535004,0.7722544074058533,-0.020781941004097443,-0.0699121356010437,0.04452061653137207,-0.08943939208984375,-0.3824172019958496,0.9999992847442627,52.08381271362305,False,-0.270766019821167,0.17469225823879242,-0.2454545795917511,0.7697632312774658,-0.19654775783102985,0.0,-0.0004027802869677544,-0.0036826132237911535,-0.01,-0.014085393510758909,0.3515354600003775,-0.23615912811328177,True,False,False,-0.023510189726948738,-0.13112258911132812,-0.23615912811328177,57,False,False,6.199999999999539,-0.040278028696775436,-0.0,0.0,0.0,0.0,0.0,0.0,-0.0,0.808602426325321,0.0,-0.0,0.0,0.4038984328756927,64
0.2532064914703369,1.1991262435913086,0.1961534172296524,0.14543762803077698,0.0022174096666276455,0.19236066937446594,1.1014695167541504,-0.23287035524845123,0.7727065086364746,-0.012697160989046106,-0.11105477809906006,0.09536397457122803,0.11520230770111084,-0.5076957941055298,0.999997615814209,52.09035110473633,False,-0.2690732479095459,0.17486776411533356,-0.24549518525600433,0.769780158996582,0.3792976999720209,0.0,-0.0007311350852251053,-0.004837902784347536,-0.01,-0.015569037869572642,0.4026381350013253,0.18892554304411474,True,False,False,-0.019151512533426285,-0.1250067949295044,0.18892554304411474,58,False,False,6.299999999999528,-0.07311350852251053,-0.0,0.0,0.0,0.0,0.0,0.0,-0.0,0.8069966971358694,0.0,-0.0,0.0,0.4027672134827096,64
0.3904283046722412,1.2831335067749023,0.1544172465801239,0.1279955506324768,0.029024124145507812,0.19340255856513977,1.1372268199920654,-0.23243218660354614,0.7724646925926208,-0.016087031774222868,-0.06941139698028564,0.09001541137695312,0.038959503173828125,-0.4297032952308655,0.9999992847442627,52.09992980957031,False,-0.2681136131286621,0.17508842051029205,-0.2455599159002304,0.7697897553443909,-0.1950045544157356,0.0,-0.0004977087303996087,-0.005098119303584114,-0.01,-0.015595828033983723,0.3931858039995859,-0.23594047228266674,True,False,False,-0.025761278346180916,-0.13534994423389435,-0.23594047228266674,59,False,False,6.399999999999517,-0.04977087303996086,-0.0,0.0,0.0,0.0,0.0,0.0,-0.0,0.8048490024269574,0.0,-0.0,0.0,0.4019267924830791,64
0.3681302070617676,1.247535228729248,0.0743369311094284,0.19728165864944458,0.006775591988116503,0.1859799027442932,0.9491339325904846,-0.23141537606716156,0.7734038233757019,-0.021550788935273915,0.0017764568328857422,0.07697272300720215,0.06489419937133789,-0.31998181343078613,0.9999992847442627,52.11447525024414,False,-0.2690732479095459,0.1753786951303482,-0.24566452205181122,0.769780158996582,-0.1828275341927839,0.0,-0.00028131892904639246,-0.00520598784089088,-0.01,-0.015487306769937273,0.36224842500087107,-0.21907499680596138,True,False,False,-0.032082125544548035,-0.12772440910339355,-0.21907499680596138,60,False,False,6.499999999999506,-0.028131892904639244,-0.0,0.0,0.0,0.0,0.0,0.0,-0.0,0.8024615759316072,0.0,-0.0,0.0,0.4009494690367572,64
0.35065412521362305,1.1366193294525146,0.06544142961502075,0.15737472474575043,0.015299398452043533,0.20123390853405,0.9567325115203857,-0.24463222920894623,0.7717663645744324,-0.005788003653287888,-0.09305465221405029,0.06452000141143799,0.020127177238464355,-0.2760659456253052,0.9998863935470581,52.126739501953125,False,-0.2687692642211914,0.17563396692276,-0.24575109779834747,0.7697831988334656,0.38399966359126836,0.0,-0.00022359877824783327,-0.004608700498938578,-0.01,-0.014832299277186411,0.35571592599990254,0.37444295196071714,True,False,False,-0.020122259855270386,-0.12767156958580017,0.37444295196071714,61,False,False,6.599999999999495,-0.022359877824783325,-0.0,0.0,0.0,0.0,0.0,0.0,-0.0,0.8012567621630038,0.0,-0.0,0.0,0.40040478230325405,64
0.35303235054016113,1.226070523262024,0.0919143408536911,0.14349864423274994,0.05694948881864548,0.19830277562141418,1.3245563507080078,-0.23099929094314575,0.7721877694129944,-0.015023070117458693,-0.04944586753845215,-0.0721428394317627,-0.06765305995941162,0.07682836055755615,0.9999997615814209,52.12913131713867,False,-0.262296199798584,0.17567571997642517,-0.24576908349990845,0.7698479294776917,-0.18156613959183387,0.0,-4.532254301011562e-05,-0.0027359688282013184,-0.01,-0.012781291371211435,0.3719655259992578,-0.2592302872563567,True,False,False,-0.026786865666508675,-0.11346007883548737,-0.2592302872563567,62,False,False,6.699999999999484,-0.004532254301011562,-0.0,0.0,0.0,0.0,0.0,0.0,-0.0,0.8038228402714163,0.0,-0.0,0.0,0.40186609759269803,63
0.39595961570739746,1.3741503953933716,0.07039159536361694,0.11211717128753662,0.0030152704566717148,0.1970752477645874,1.0276566743850708,-0.23892365396022797,0.7723618745803833,-0.010917723849415787,0.1287992000579834,0.042046189308166504,0.36471593379974365,-0.07130163908004761,0.9999350309371948,52.149166107177734,False,-0.2645730972290039,0.17581044137477875,-0.2459518313407898,0.7698251605033875,-0.18386964936671554,0.0,-0.0003911469131708145,-0.003123586028814296,-0.01,-0.013514732941985111,0.3717224770007306,-0.26072589305302213,True,False,False,-0.027575254440307617,-0.11682150512933731,-0.26072589305302213,63,False,False,6.799999999999473,-0.03911469131708145,-0.0,0.0,0.0,0.0,0.0,0.0,-0.0,0.805632058363047,0.0,-0.0,0.0,0.40242488226835266,64
0.36589503288269043,1.150381088256836,0.11060933023691177,0.15256279706954956,0.0005411660531535745,0.1940724402666092,1.101165533065796,-0.2353910207748413,0.7740908861160278,-0.012507290034554908,0.016396760940551758,-0.02585291862487793,0.045166730880737305,0.12886357307434082,0.999998927116394,52.167320251464844,False,-0.26552677154541016,0.17602548003196716,-0.24610376358032227,0.7698156237602234,-0.1959301864674409,0.0,-4.895770456641912e-05,-0.004406649544835106,-0.01,-0.014455607249401526,0.36382636000053026,-0.25161982085981016,True,False,False,-0.03460816666483879,-0.1288524866104126,-0.25161982085981016,64,False,False,6.899999999999462,-0.0048957704566419125,-0.0,0.0,0.0,0.0,0.0,0.0,-0.0,0.8048675247852195,0.0,-0.0,0.0,0.40238480468804333,64
0.35626888275146484,1.3599902391433716,0.03854036331176758,0.1254008263349533,0.0010655405931174755,0.19167368113994598,1.1959959268569946,-0.2297644317150116,0.7736198902130127,-0.01973713632673026,-0.009918689727783203,0.012033700942993164,0.20949876308441162,-0.19856029748916626,0.9997910261154175,52.194862365722656,False,-0.2701699733734131,0.1762317717075348,-0.2463517040014267,0.7697691917419434,-0.19783954427472517,0.0,-0.00020889777690172195,-0.003699687346816083,-0.01,-0.013908585123717804,0.38001508799970907,-0.2499720574332934,True,False,False,-0.03570873290300369,-0.13383716344833374,-0.2499720574332934,65,False,False,6.999999999999451,-0.020889777690172195,-0.0,0.0,0.0,0.0,0.0,0.0,-0.0,0.8055233674734882,0.0,-0.0,0.0,0.4025527859598424,63
0.3867149353027344,1.2249659299850464,0.07498711347579956,0.13849185407161713,0.017547233030200005,0.19522784650325775,0.9751652479171753,-0.23949621617794037,0.7732188701629639,-0.010812069885432714,-0.034282028675079346,0.09586167335510254,0.030609130859375,-0.32334089279174805,0.9999877214431763,52.22449493408203,False,-0.2754390239715576,0.17657895386219025,-0.24659991264343262,0.7697165012359619,-0.18587001456604185,0.0,-0.00028962742537260057,-0.00526748374104502,-0.01,-0.015557111166417621,0.3650008530003106,-0.21865107418228816,True,False,False,-0.024725422263145447,-0.1348070502281189,-0.21865107418228816,66,False,False,7.09999999999944,-0.028962742537260056,-0.0,0.0,0.0,0.0,0.0,0.0,-0.0,0.8030185585476604,0.0,-0.0,0.0,0.4012196518484576,64
0.38573741912841797,1.3340781927108765,0.15285611152648926,0.11707967519760132,0.016573550179600716,0.19394910335540771,1.2481521368026733,-0.2294626384973526,0.7728741765022278,-0.01995634377002716,-0.17406147718429565,0.009038329124450684,-0.3417288064956665,-0.3120161294937134,0.9999997615814209,52.23121643066406,False,-0.269925594329834,0.17678211629390717,-0.24663767218589783,0.7697716355323792,-0.2016122543893467,0.0,-0.000611279308795929,-0.004613927304744747,-0.01,-0.015225206613540676,0.39108888400005526,-0.2661610334658789,True,False,False,-0.025860212743282318,-0.13191811740398407,-0.2661610334658789,67,False,False,7.199999999999429,-0.061127930879592896,-0.0,0.0,0.0,0.0,0.0,0.0,-0.0,0.8018089688984317,0.0,-0.0,0.0,0.4002932051404199,63
0.3889799118041992,1.283044695854187,0.2781893014907837,0.1356714367866516,0.07016491144895554,0.19558513164520264,1.40371572971344,-0.22935038805007935,0.7762498259544373,-0.010057647973299059,0.03313049301505089,0.20075605809688568,-0.5841609835624695,-0.6502479314804077,1.0,52.21635818481445,False,-0.264209508895874,0.17699940502643585,-0.2464551031589508,0.7698287963867188,0.3332169743806166,0.0,-0.0020136676728725435,-0.005089801698923091,-0.01,-0.017103469371795636,0.3687001899997995,-0.6265351981959323,False,False,False,-0.024590089917182922,-0.13575781881809235,0.3332169743806166,68,False,False,7.299999999999418,-0.20136676728725433,-0.0,0.0,0.0,0.0,0.0,0.0,-0.0,0.7996253787968074,0.0,-0.0,0.0,0.39779902172553117,64
0.4537642002105713,1.4146353006362915,0.13001760840415955,0.15069717168807983,0.0005046023288741708,0.2011105716228485,1.2400131225585938,-0.23474350571632385,0.7720604538917542,-0.02006856005638836,-0.11390477418899536,0.20752787590026855,0.07162237167358398,-0.13779902458190918,0.9999961853027344,52.160037994384766,False,-0.25379061698913574,0.17715634405612946,-0.2458622008562088,0.7699329853057861,-0.18985744676969613,0.0,-0.00020040113478899004,-0.0055698291212320505,-0.01,-0.01577023025602104,0.3736156809991371,-0.2578203906583797,True,False,False,-0.033034831285476685,-0.13058853149414062,-0.2578203906583797,69,False,False,7.399999999999407,-0.020040113478899002,-0.0,0.0,0.0,0.0,0.0,0.0,-0.0,0.7964503265494266,0.0,-0.0,0.0,0.3980247621399243,64
0.22227764129638672,1.3384793996810913,0.06959736347198486,0.1680559366941452,0.0006936348509043455,0.19434094429016113,1.305012822151184,-0.22583752870559692,0.7724920511245728,-0.02378239516168835,-0.01604902744293213,0.09475219249725342,0.17330288887023926,-0.2123878002166748,0.9999809265136719,52.106422424316406,False,-0.24619698524475098,0.17715628445148468,-0.245320126414299,0.77000892162323,-0.19177993419007638,0.0,-0.0002109450474381447,-0.0026450876146554836,-0.01,-0.012856032662093628,0.37073087399949145,-0.265618156161502,True,False,False,-0.028476722538471222,-0.13396942615509033,-0.265618156161502,70,False,False,7.499999999999396,-0.02109450474381447,-0.0,0.0,0.0,0.0,0.0,0.0,-0.0,0.7991517016114715,0.0,-0.0,0.0,0.39936490575829764,64
0.20012855529785156,1.3445138931274414,0.03527949005365372,0.14000332355499268,0.0001451119314879179,0.1993650197982788,1.3892357349395752,-0.22780896723270416,0.7723308801651001,-0.009300821572542202,0.09063935279846191,0.1287301778793335,0.30732178688049316,-0.20350509881973267,0.9998111724853516,52.08877944946289,False,-0.24983882904052734,0.1773500144481659,-0.24511265754699707,0.7699725031852722,-0.16801640712795296,0.0,-0.0004016198962926865,-0.0045769859850406935,-0.01,-0.01497860588133338,0.37280892899980245,-0.19925245912129672,True,False,False,-0.024776488542556763,-0.12754668295383453,-0.19925245912129672,71,False,False,7.599999999999385,-0.040161989629268646,-0.0,0.0,0.0,0.0,0.0,0.0,-0.0,0.7979774979735417,0.0,-0.0,0.0,0.39858712909047816,64
0.24113059043884277,1.361525058746338,0.11626233905553818,0.1484690010547638,0.0018632147694006562,0.19651441276073456,1.11014986038208,-0.2336425632238388,0.7729763388633728,-0.011197483092546468,0.17249131202697754,0.08955550193786621,0.3319612741470337,0.018692851066589355,0.9999954700469971,52.09242630004883,False,-0.2557694911956787,0.17772381007671356,-0.24509331583976746,0.7699131965637207,-0.1785075726157982,0.0,-0.0003708028793334961,-0.005971477553248394,-0.01,-0.01634228043258189,0.3093801260001783,-0.24235680144673444,True,False,False,-0.029801584780216217,-0.12603189051151276,-0.24235680144673444,72,False,False,7.699999999999374,-0.03708028793334961,-0.0,0.0,0.0,0.0,0.0,0.0,-0.0,0.7939742646903848,0.0,-0.0,0.0,0.3966163294658589,62
0.3345370292663574,1.1825705766677856,0.08757561445236206,0.15794417262077332,0.0006374712102115154,0.20088401436805725,0.9798874258995056,-0.23980984091758728,0.7709172368049622,-0.018871316760778446,-0.048999909311532974,-0.04843641445040703,0.7476812601089478,-0.4079528748989105,1.0,52.14474105834961,False,-0.27024149894714355,0.17835338413715363,-0.24552707374095917,0.769768476486206,-0.18632509235923816,0.0,-0.0018254996836185456,-0.006382209509611159,-0.01,-0.018207709193229706,0.3793918669998675,-1000000000.0,False,False,False,-0.03368409723043442,-0.13554956018924713,-0.18632509235923816,73,False,False,7.799999999999363,-0.18254996836185455,-0.0,0.0,0.0,0.0,0.0,0.0,-0.0,0.7891011116664034,0.0,-0.0,0.0,0.39272505614958314,56
,,,,2.6166275347350165e-05,0.19224046170711517,0.764988362789154,-0.23954857885837555,0.7727990746498108,-0.0190280156955123,-0.12246733903884888,-0.05245262384414673,-0.21171945333480835,-0.031997621059417725,1.0,52.20160675048828,False,-0.2768218517303467,0.17886322736740112,-0.24602459371089935,0.769702672958374,-1000000000.0,0.0,-0.00015899624675512315,-0.0048337388783693536,-0.01,-0.014992735125124477,0.3809571439996944,-1000000000.0,True,False,True,,-0.13165250420570374,-1000000000.0,74,False,False,7.899999999999352,-0.015899624675512314,-0.0,0.0,0.0,0.0,0.0,0.0,-0.0,0.7873064123248326,0.0,-0.0,0.0,0.39349420991566114,0
,,,,5.26977310073562e-05,0.19893307983875275,1.0699529647827148,-0.23539161682128906,0.7710850238800049,-0.009771683216094996,-0.2211446762084961,-0.06617933511734009,-0.11822479963302612,-0.42507386207580566,0.9999903440475464,52.23828125,False,-0.2775132656097412,0.17917929589748383,-0.24634715914726257,0.7696957588195801,-1000000000.0,0.0,-0.0006198739260435105,-0.0027251376211643308,-0.01,-0.013345011547207842,0.3591397979998874,-1000000000.0,True,False,True,,-0.12627552449703217,-1000000000.0,75,False,False,7.999999999999341,-0.061987392604351044,-0.0,0.0,0.0,0.0,0.0,0.0,-0.0,0.7897537555799715,0.0,-0.0,0.0,0.39425700386394225,0
,,,,0.003918114583939314,0.19682440161705017,0.9139533042907715,-0.23786024749279022,0.7711156606674194,-0.017874874919652926,-0.16766858100891113,-0.0190047025680542,-0.40750056505203247,-0.5056189894676208,1.0,52.25681686401367,False,-0.2742946147918701,0.1794295758008957,-0.2464963048696518,0.7697279453277588,-1000000000.0,0.0,-0.0011254529654979705,-0.003315215632319457,-0.01,-0.014440668597817428,0.3975236730002507,-1000000000.0,True,False,True,,-0.14559729397296906,-1000000000.0,76,False,False,8.099999999999374,-0.11254529654979706,-0.0,0.0,0.0,0.0,0.0,0.0,-0.0,0.79103372737541,0.0,-0.0,0.0,0.394391410722207,0
0.19010305404663086,1.0280643701553345,0.3080219030380249,0.2386009693145752,0.020803261548280716,0.1961866319179535,0.8837372064590454,-0.236711785197258,0.7702151536941528,-0.019239381924271607,0.10051915794610977,0.2642700672149658,-0.013924255967140198,-0.5235379338264465,1.0,52.25304412841797,False,-0.27243494987487793,0.17982801795005798,-0.24639667570590973,0.7697465419769287,-0.22197679161289163,0.0,-0.0008855715394020081,-0.0054983095824718276,-0.01,-0.016383881121873837,0.3688259629998356,-1000000000.0,False,False,False,-0.017936429008841515,-0.12339432537555695,-0.22197679161289163,77,False,False,8.199999999999408,-0.0885571539402008,-0.0,0.0,0.0,0.0,0.0,0.0,-0.0,0.78791612071721,0.0,-0.0,0.0,0.393072488819203,29
0.030630826950073242,0.9883756637573242,0.18040338158607483,0.18711230158805847,0.0013924191007390618,0.1996728628873825,0.9829322695732117,-0.23698937892913818,0.7707539200782776,-0.012905419170856507,0.2729804515838623,-0.27841153740882874,-0.23063915967941284,0.5574229955673218,1.0,52.233070373535156,False,-0.2619445323944092,0.18023018538951874,-0.24613219499588013,0.7698514461517334,-0.5771595924759181,0.0,-0.0012898652255535126,-0.0054295481741428175,-0.01,-0.01671941339969633,0.3782415059995401,-1000000000.0,False,False,False,-0.037920862436294556,-0.13036376237869263,-0.5771595924759181,78,False,False,8.299999999999441,-0.12898652255535126,-0.0,0.0,0.0,0.0,0.0,0.0,-0.0,0.7849061397855066,0.0,-0.0,0.0,0.3911632046671998,46
,,,,0.002046828158199787,0.19760993123054504,0.7860541343688965,-0.24118001759052277,0.7711704969406128,-0.014777610693126917,0.03228151798248291,-0.10404062271118164,0.14502489566802979,0.12000894546508789,0.9999549388885498,52.24319839477539,False,-0.2617061138153076,0.18037685751914978,-0.24621190130710602,0.7698538303375244,-1000000000.0,0.0,-0.00011825228109955787,-0.0020626915991306394,-0.01,-0.012180943880230197,0.37754755499918247,-1000000000.0,True,False,True,,-0.12485527992248535,-1000000000.0,79,False,False,8.399999999999475,-0.011825228109955788,-0.0,0.0,0.0,0.0,0.0,0.0,-0.0,0.7886674993009373,0.0,-0.0,0.0,0.39421549736936906,0
0.15317201614379883,1.0304346084594727,0.5651002526283264,0.20335343480110168,0.0022134906612336636,0.1921488493680954,1.011053204536438,-0.22889049351215363,0.7727494835853577,-0.018370568156242367,-0.7421557903289795,0.2512792944908142,0.2019365429878235,0.6434887051582336,1.0,52.13743591308594,False,-0.13370513916015625,0.1797770857810974,-0.2452346831560135,0.7711338400840759,0.35869204326213233,0.0,-0.002671981453895569,0.0029402074217796392,-0.01,-0.00973177403211593,0.3833138369991502,-1000000000.0,False,False,False,-0.04586341977119446,-0.1335543841123581,0.35869204326213233,80,False,False,8.499999999999508,-0.2671981453895569,-0.0,0.0,0.0,0.0,0.0,0.0,-0.0,0.8025736474321388,0.0,-0.0,0.0,0.3986148422621738,22
0.7775187492370605,1.211164951324463,0.21774272620677948,0.20011135935783386,0.9576374292373657,0.19575819373130798,1.1412601470947266,-0.24451039731502533,0.790294349193573,0.6392156313365541,0.07998859882354736,-0.24089933931827545,0.5131809115409851,-0.012416723184287548,-1.0,52.0521354675293,False,-0.03662109375,0.1798621267080307,-0.24435833096504211,0.7721046805381775,-0.6134568362600692,0.0,-0.0008198487758636475,0.003020388856530165,-0.01,-0.0077994599193334825,0.35052504899977066,-1.2566156638587986,False,False,False,0.5005873441696167,-0.11494039744138718,-0.6134568362600692,81,False,False,8.599999999999541,-0.08198487758636475,-0.0,0.0,0.0,0.0,0.0,0.0,-0.0,0.8167823550287088,0.0,-0.0,0.0,0.4075713287384907,64
1.6222655773162842,1.4860703945159912,0.17776936292648315,0.15606024861335754,0.0015259729698300362,0.19717954099178314,1.1504888534545898,-0.22783781588077545,0.7713330388069153,-1.6761936341849082,-0.10523110628128052,-0.06234186887741089,0.09029293060302734,0.5641412734985352,0.4765409231185913,51.988548278808594,False,0.01952648162841797,0.17987331748008728,-0.2437131404876709,0.7726661562919617,-0.2650658988109421,0.0,-0.0008534206449985505,-0.002598008215427383,-0.01,-0.013451428860425933,0.3604928460008523,-0.26748072825074193,True,False,False,-0.050451137125492096,-0.10225149989128113,-0.26748072825074193,82,False,False,8.699999999999575,-0.08534206449985504,-0.0,0.0,0.0,0.0,0.0,0.0,-0.0,0.8197841435804851,0.0,-0.0,0.0,0.409038651145244,64
0.2743244171142578,1.2491543292999268,0.14184513688087463,0.14744560420513153,0.0005526424502022564,0.1961354911327362,0.8473386168479919,-0.23577280342578888,0.7706647515296936,-0.01573687963187693,-0.0611458420753479,-0.05320459604263306,0.4615955352783203,-0.42786532640457153,0.13646817207336426,51.96976089477539,False,-0.0009059906005859375,0.18021006882190704,-0.2434704601764679,0.7724618315696716,-0.18447544322834453,0.0,-0.0010067717730998993,-0.0019893112033605442,-0.01,-0.012996082976460443,0.31511774499995227,-0.27356714447801855,True,False,False,-0.041982706636190414,-0.11617598682641983,-0.27356714447801855,83,False,False,8.799999999999608,-0.10067717730998993,-0.0,0.0,0.0,0.0,0.0,0.0,-0.0,0.8240457145331379,0.0,-0.0,0.0,0.4110160854934691,64
0.06451606750488281,1.043748378753662,0.31927376985549927,0.16546370089054108,0.001254896866157651,0.19319121539592743,0.7963235378265381,-0.23393969237804413,0.7708854079246521,-0.011635373979806922,-0.03439611196517944,-0.08356112241744995,-0.567562997341156,-0.6005535125732422,1.0,52.066688537597656,False,-0.1212775707244873,0.18018926680088043,-0.2444547414779663,0.7712581157684326,0.37829562189490873,0.0,-0.001727394610643387,-0.005927323475480084,-0.01,-0.017654718086123473,0.29720403300052567,0.3729405319285972,True,False,False,-0.01223338209092617,-0.12488758563995361,0.3729405319285972,84,False,False,8.899999999999642,-0.17273946106433868,-0.0,0.0,0.0,0.0,0.0,0.0,-0.0,0.8203952938956247,0.0,-0.0,0.0,0.408470252337169,64
0.2886474132537842,0.9865686297416687,0.38775455951690674,0.15900763869285583,0.00486996304243803,0.19508370757102966,1.0356788635253906,-0.23026955127716064,0.7708204984664917,-0.013207437619566918,-0.041635870933532715,-0.028929173946380615,-0.5307775735855103,-0.7136836051940918,1.0,52.16329574584961,False,-0.23846030235290527,0.17994797229766846,-0.24546997249126434,0.7700862884521484,0.3871614048089263,0.0,-0.0019840988516807555,-0.008602303564548497,-0.01,-0.020586402416229253,0.3021599730000162,0.3808516701294239,True,False,False,-0.009643866680562496,-0.10942808538675308,0.3808516701294239,85,False,False,8.999999999999675,-0.19840988516807556,-0.0,0.0,0.0,0.0,0.0,0.0,-0.0,0.8113036379664157,0.0,-0.0,0.0,0.4036677201315271,64
0.26436448097229004,1.1939560174942017,0.43847858905792236,0.15889880061149597,9.537234291201457e-05,0.19062864780426025,0.79384446144104,-0.23453794419765472,0.7719303369522095,-0.01894585855305198,0.04759562015533447,0.06155586242675781,-0.2640190124511719,-0.6630292534828186,1.0,52.231632232666016,False,-0.2963542938232422,0.1807369738817215,-0.24603861570358276,0.7695073485374451,0.37253115244178986,0.0,-0.001288420706987381,-0.006988227516412759,-0.01,-0.01827664822340014,0.2987445859998843,0.3683341343644476,True,False,False,-0.013014808297157288,-0.12049242109060287,0.3683341343644476,86,False,False,9.099999999999708,-0.1288420706987381,-0.0,0.0,0.0,0.0,0.0,0.0,-0.0,0.8053811627928796,0.0,-0.0,0.0,0.40140216068945245,64
0.21726489067077637,0.8038997650146484,0.15246421098709106,0.13908028602600098,0.0004951879382133484,0.19485321640968323,0.7688060402870178,-0.23793239891529083,0.7708824872970581,-0.014895517528057081,-0.30553653836250305,-0.09317135065793991,-0.19339300692081451,-0.06923973560333252,1.0,52.23115158081055,False,-0.2661168575286865,0.18093250691890717,-0.24600310623645782,0.7698097229003906,-0.5567317358796596,0.0,-0.00036057122051715853,-0.004303234741091733,-0.01,-0.014663805961608892,0.29470603200024925,-1.2263584918616004,False,False,False,-0.02484450489282608,-0.11022049188613892,-0.5567317358796596,87,False,False,9.199999999999742,-0.03605712205171585,-0.0,0.0,0.0,0.0,0.0,0.0,-0.0,0.8048228715705559,0.0,-0.0,0.0,0.4020508645647608,64
0.15990734100341797,0.871001660823822,0.10600735992193222,0.11968318372964859,0.0005136961699463427,0.19535791873931885,0.7480407357215881,-0.23892344534397125,0.7706578373908997,-0.01253820726647976,-0.014876604080200195,0.0425567626953125,0.23607313632965088,-0.1719565987586975,0.9643063545227051,52.221214294433594,False,-0.2568662166595459,0.18068952858448029,-0.2459406703710556,0.769902229309082,-0.17631692984851247,0.0,-0.00021832996979355814,-0.0004121973365545095,-0.01,-0.010630527306348067,0.29072742000062135,-0.2692980095549039,True,False,False,-0.0257892869412899,-0.12532800436019897,-0.2692980095549039,88,False,False,9.299999999999775,-0.021832996979355812,-0.0,0.0,0.0,0.0,0.0,0.0,-0.0,0.8121194248651025,0.0,-0.0,0.0,0.4058413824627577,64
0.14914274215698242,0.8977805376052856,0.1756042242050171,0.12464843690395355,0.0004772522661369294,0.19201087951660156,0.5363970994949341,-0.2433384656906128,0.772049605846405,-0.014373870138078917,0.08405566215515137,0.03481638431549072,0.18449795246124268,0.09727823734283447,0.996272087097168,52.22060775756836,False,-0.25397539138793945,0.18064101040363312,-0.24594204127788544,0.7699311375617981,-0.17623704526267397,0.0,-0.00012945020571351052,-0.0032756136357784404,-0.01,-0.01340506384149195,0.2878435350012296,-0.21564498274263008,True,False,False,-0.03334622085094452,-0.12820269167423248,-0.21564498274263008,89,False,False,9.399999999999809,-0.012945020571351051,-0.0,0.0,0.0,0.0,0.0,0.0,-0.0,0.8137054211830002,0.0,-0.0,0.0,0.40672326038578654,64
0.0647127628326416,0.7132276892662048,0.3037368059158325,0.1359950304031372,0.00039230758557096124,0.19082635641098022,0.6584331393241882,-0.2393367439508438,0.7727140188217163,-0.01167163863778113,-0.026958465576171875,-0.11557459831237793,0.0353245735168457,0.2696075439453125,0.6996791362762451,52.2236328125,False,-0.2500474452972412,0.18047833442687988,-0.24599811434745789,0.7699704170227051,-0.16368736109819565,0.0,-0.00022005073726177215,-0.002437322586774815,-0.01,-0.012657373324036587,0.2932617120004579,-0.20904403935109034,True,False,False,-0.039466775953769684,-0.11356885731220245,-0.20904403935109034,90,False,False,9.499999999999842,-0.022005073726177216,-0.0,0.0,0.0,0.0,0.0,0.0,-0.0,0.817000866871906,0.0,-0.0,0.0,0.4082803826986912,64
1.02347731590271,0.9101848006248474,0.29305267333984375,0.14031827449798584,0.4992533028125763,0.19294214248657227,0.5325233340263367,-0.24411748349666595,0.7714212536811829,-0.014331162013113494,0.10250044614076614,-0.07440540194511414,0.14647549390792847,0.10671231150627136,-1.0,52.248878479003906,False,-0.2542078495025635,0.1805792599916458,-0.2462378591299057,0.7699288129806519,-0.6125103272962873,0.0,-0.0001222127303481102,-0.00140133678913118,-0.01,-0.01152354951947929,0.29790998399948876,-1.2438765768009699,False,False,False,0.4950069785118103,-0.10421457886695862,-0.6125103272962873,91,False,False,9.599999999999875,-0.01222127303481102,-0.0,0.0,0.0,0.0,0.0,0.0,-0.0,0.8224221330092931,0.0,-0.0,0.0,0.41108885377429843,64
1.1043548583984375,1.0783637762069702,0.28016072511672974,0.14768892526626587,0.0010701034916564822,0.18930059671401978,0.62067711353302,-0.23796138167381287,0.7719913125038147,-0.015021674707531943,-0.015796303749084473,-0.026822447776794434,-0.15269523859024048,0.6291453838348389,0.9730093479156494,52.22382354736328,False,-0.2211451530456543,0.18045447766780853,-0.24600370228290558,0.770259439945221,0.3870077583695353,0.0,-0.0010502718389034272,-0.0020461391657590755,-0.01,-0.013096411004662504,0.30262523599958513,0.3865276972267793,True,False,False,0.5096951723098755,-0.09827305376529694,0.3865276972267793,92,False,False,9.699999999999909,-0.10502718389034271,-0.0,0.0,0.0,0.0,0.0,0.0,-0.0,0.8265957618180259,0.0,-0.0,0.0,0.4122476090701095,64
0.5767703056335449,0.7117053270339966,0.23142893612384796,0.1436706930398941,0.5545082688331604,0.18284940719604492,0.5298718810081482,-0.23621954023838043,0.7749698162078857,0.4507307615040168,-0.0654369592666626,-0.09802275896072388,0.21808147430419922,0.054352760314941406,-0.9999268651008606,52.214080810546875,False,-0.178450345993042,0.18085895478725433,-0.24584181606769562,0.7706863880157471,-1.1513432765602145,0.0,-0.00016101052984595298,-0.00035817757248879367,-0.01,-0.010519188102334747,0.292497991998971,-1.218094221845082,True,False,False,0.4511743187904358,-0.11012852191925049,-1.218094221845082,93,False,False,9.799999999999942,-0.0161010529845953,-0.0,0.0,0.0,0.0,0.0,0.0,-0.0,0.83422184958312,0.0,-0.0,0.0,0.416949914261714,64
1.5643119812011719,1.020277976989746,0.17896690964698792,0.1576547920703888,0.05542939156293869,0.1810481697320938,0.538577139377594,-0.23175716400146484,0.7736257314682007,-1.4899032868782,-0.25157785415649414,0.11433005332946777,0.1218409538269043,0.5023784637451172,0.44631314277648926,52.14235305786133,False,-0.09273886680603027,0.18040312826633453,-0.2451872080564499,0.7715435028076172,-0.08925143332192734,0.0,-0.0008589803427457809,-0.0008398597687482856,-0.01,-0.011698840111494066,0.2973438379995059,-0.08977429682264595,True,False,False,0.11566710472106934,-0.10479354858398438,-0.08977429682264595,94,False,False,9.899999999999975,-0.0858980342745781,-0.0,0.0,0.0,0.0,0.0,0.0,-0.0,0.8409515912859834,0.0,-0.0,0.0,0.4196168153002459,64
0.4587888717651367,0.7055496573448181,0.13840249180793762,0.14958834648132324,0.9282276034355164,0.19051288068294525,0.6098563075065613,-0.2408638745546341,0.7756001353263855,0.45772856551118557,1.0,0.044679656624794006,0.2805783152580261,-0.3293938934803009,-1.0,52.174766540527344,False,-0.12689828872680664,0.18114973604679108,-0.24539819359779358,0.7712019085884094,0.3558810531937213,0.0,-0.002973051965236664,-0.0055711611360311775,-0.01,-0.01854421310126784,0.29658625299998675,-0.7261793058488937,False,False,False,-0.027932854369282722,-0.11424027383327484,0.3558810531937213,95,False,False,10.000000000000009,-0.2973051965236664,-0.0,0.0,0.0,0.0,0.0,0.0,-0.0,0.8381911816474084,0.0,-0.0,0.0,0.4161225388584675,64
0.013434886932373047,0.5673542618751526,0.17111054062843323,0.2134067416191101,0.000646730070002377,0.20560908317565918,1.0512168407440186,-0.24043866991996765,0.7726799845695496,-1.4895937829431596,0.36556053161621094,0.03187835216522217,0.07632660865783691,0.23842108249664307,1.0,52.218788146972656,False,-0.1517772674560547,0.18119719624519348,-0.24583642184734344,0.7709531188011169,-1.078297740159003,0.0,-0.0004933027550578118,-0.019281180575489998,-0.01,-0.02977448333054781,0.3042644079996535,-1.0799543492681916,True,False,False,-1.5062522888183594,-0.09096938371658325,-1.0799543492681916,96,False,False,10.100000000000042,-0.049330275505781174,-0.0,0.0,0.0,0.0,0.0,0.0,-0.0,0.8077059153635142,0.0,-0.0,0.0,0.4033596549266993,64
0.16033053398132324,1.1742066144943237,0.15501132607460022,0.1793363392353058,0.00010212090273853391,0.19643008708953857,0.9926552772521973,-0.2315918356180191,0.772375762462616,-0.019688917547464397,0.12628424167633057,-0.0908774733543396,-0.18514156341552734,0.38803863525390625,0.9999998807907104,52.22345733642578,False,-0.10271072387695312,0.18178188800811768,-0.24579131603240967,0.771443784236908,-0.1847021758629113,0.0,-0.0005226445198059082,-0.006882434114813818,-0.01,-0.017405078634619726,0.3590682800004288,-0.30431848880706247,True,False,False,-0.038735080510377884,-0.10594527423381805,-0.30431848880706247,97,False,False,10.200000000000076,-0.05226445198059082,-0.0,0.0,0.0,0.0,0.0,0.0,-0.0,0.8019605673844404,0.0,-0.0,0.0,0.40045763917241434,64
0.016373395919799805,0.9957239031791687,0.11140009015798569,0.16603967547416687,0.00275220675393939,0.19305309653282166,1.0146230459213257,-0.22742386162281036,0.7707920074462891,-0.02284307263791559,0.007909297943115234,-0.04158121347427368,0.08220088481903076,0.1737675666809082,0.9338442087173462,52.20322036743164,False,-0.05161762237548828,0.18191801011562347,-0.2455647587776184,0.7719547152519226,-0.16406599240925424,0.0,-9.685926139354705e-05,-0.0029612793773412527,-0.01,-0.0130581386387348,0.34263012199880905,-0.24116830068997636,True,False,False,-0.03426408767700195,-0.11993453651666641,-0.24116830068997636,98,False,False,10.300000000000109,-0.009685926139354706,-0.0,0.0,0.0,0.0,0.0,0.0,-0.0,0.8040788589982644,0.0,-0.0,0.0,0.40194257023773866,64
0.017952919006347656,0.9390880465507507,0.08350808918476105,0.16435456275939941,0.0020932515617460012,0.19167226552963257,0.9081716537475586,-0.22902502119541168,0.772516131401062,-0.010598552189767392,0.029493331909179688,0.04656398296356201,0.09065568447113037,-0.4019526243209839,0.998694658279419,52.2233772277832,False,-0.08150935173034668,0.1820157766342163,-0.24575334787368774,0.771655797958374,0.38262851063717995,0.0,-0.00043205607682466506,-0.0038043417036533467,-0.01,-0.014236397780478012,0.3046798600007605,0.37961861915509865,True,False,False,-0.021109580993652344,-0.126679465174675,0.37961861915509865,99,False,False,10.400000000000142,-0.04320560768246651,-0.0,0.0,0.0,0.0,0.0,0.0,-0.0,0.8045151750436017,0.0,-0.0,0.0,0.4018255314449762,64
0.18756389617919922,0.9282599091529846,0.2226317971944809,0.19385391473770142,4.985815758118406e-05,0.19862890243530273,0.9156525135040283,-0.23696358501911163,0.7723310589790344,-0.00908825233578682,-0.029295682907104492,0.0820232629776001,-0.37613391876220703,-0.6377426385879517,0.9999998807907104,52.28025817871094,False,-0.18336176872253418,0.18219096958637238,-0.24630144238471985,0.7706372737884521,0.40333862544186316,0.0,-0.00138944610953331,-0.006665726676583272,-0.01,-0.018055172786116583,0.2682821779999358,0.39675429508283444,True,False,False,-0.017980976030230522,-0.10241696238517761,0.39675429508283444,100,False,False,10.500000000000176,-0.138944610953331,-0.0,0.0,0.0,0.0,0.0,0.0,-0.0,0.7991756035475794,0.0,-0.0,0.0,0.39819835566425643,64
0.24196505546569824,1.0452077388763428,0.31139999628067017,0.19615525007247925,0.0012701136292889714,0.19434872269630432,0.8697832822799683,-0.23438571393489838,0.7713057994842529,-0.02121969223022464,-0.08596742153167725,0.017403602600097656,-0.4803902506828308,-0.5942087173461914,1.0,52.33585739135742,False,-0.27408599853515625,0.18229341506958008,-0.24684813618659973,0.7697300314903259,0.3794652366596403,0.0,-0.0014788801968097687,-0.006218997612595589,-0.01,-0.01769787780940536,0.3081296710006427,0.37274723426998224,True,False,False,-0.01865452155470848,-0.11573357880115509,0.37274723426998224,101,False,False,10.60000000000021,-0.14788801968097687,-0.0,0.0,0.0,0.0,0.0,0.0,-0.0,0.7946843701485136,0.0,-0.0,0.0,0.39586330487744703,64
0.20473003387451172,0.9011621475219727,0.28801214694976807,0.15472152829170227,2.9890095902374014e-05,0.2021312713623047,0.9250367879867554,-0.2397066056728363,0.770815372467041,-0.01173770066350697,0.13439606130123138,0.037418048828840256,0.1299460232257843,-0.44452783465385437,1.0,52.36703872680664,False,-0.2810478210449219,0.18289613723754883,-0.2470676153898239,0.7696604132652283,0.3800580860526961,0.0,-0.0005848834291100502,-0.006772251874208435,-0.01,-0.017357135303318484,0.2954505950001476,-1000000000.0,False,False,False,-0.019693031907081604,-0.11788713932037354,0.3800580860526961,102,False,False,10.700000000000243,-0.05848834291100502,-0.0,0.0,0.0,0.0,0.0,0.0,-0.0,0.7890303795667599,0.0,-0.0,0.0,0.3939303063542699,54
0.1828014850616455,1.0683859586715698,0.06348688900470734,0.1852717101573944,4.725163307739422e-06,0.1938316822052002,0.7039000988006592,-0.2404044270515442,0.7727166414260864,-0.0219786164909601,-0.4326000511646271,-0.8298512697219849,0.6659009456634521,-0.10633236169815063,1.0,52.466129302978516,False,-0.280606746673584,0.18335896730422974,-0.24799689650535583,0.7696648240089417,-0.2551354336571505,0.0,-0.003326316475868225,-0.00241378977894785,-0.01,-0.015740106254816075,0.2904850880004233,-1000000000.0,False,False,False,-0.02586747333407402,-0.11631189286708832,-0.2551354336571505,103,False,False,10.800000000000276,-0.3326316475868225,-0.0,0.0,0.0,0.0,0.0,0.0,-0.0,0.7921238888274784,0.0,-0.0,0.0,0.392735627937871,30
0.557553768157959,1.14223313331604,0.3567923903465271,0.20354114472866058,0.007804980501532555,0.20195546746253967,1.3106331825256348,-0.23265963792800903,0.7711600065231323,0.0017158218473196049,-0.40231844782829285,-0.3488461375236511,0.24222952127456665,-0.10222776979207993,1.0,52.540077209472656,False,-0.5589663982391357,0.18305085599422455,-0.24879524111747742,0.7668812274932861,0.373139661229471,0.0,-0.0008816985785961151,0.006978777796030067,-0.01,-0.0039029207825660487,0.2926624230003654,-1000000000.0,False,False,False,-0.029657773673534393,-0.12577104568481445,0.373139661229471,104,False,False,10.90000000000031,-0.08816985785961151,-0.0,0.0,0.0,0.0,0.0,0.0,-0.0,0.8142238376530301,0.0,-0.0,0.0,0.40623022024791894,53
0.5278587341308594,1.5025187730789185,0.10798424482345581,0.25810953974723816,0.0009772945195436478,0.1921239197254181,0.7113084197044373,-0.24247905611991882,0.7718112468719482,-0.01804903224110601,-0.033261001110076904,0.061388492584228516,0.2910546064376831,-0.2803974151611328,0.9844944477081299,52.674461364746094,False,-0.5755722522735596,0.18348784744739532,-0.2500861585140228,0.7667151689529419,0.38742285758195494,0.0,-0.0004205258190631867,-0.0018904338032007528,-0.01,-0.01231095962226394,0.29317542299941124,0.3848742601462761,True,False,False,-0.022272400557994843,-0.10167761892080307,0.3848742601462761,105,False,False,11.000000000000343,-0.042052581906318665,-0.0,0.0,0.0,0.0,0.0,0.0,-0.0,0.8186290534332259,0.0,-0.0,0.0,0.40889400089754974,64
0.5327284336090088,0.9390105605125427,0.18796971440315247,0.20580044388771057,0.00039876694791018963,0.20375166833400726,1.287846326828003,-0.23707769811153412,0.7712357044219971,-0.0070985925197601584,-0.16565710306167603,0.020073294639587402,-0.007666409015655518,-0.4887450933456421,0.9979665279388428,52.776180267333984,False,-0.5757033824920654,0.18365074694156647,-0.25109031796455383,0.7667138576507568,0.3635607147443828,0.0,-0.0006669393926858902,-0.004051175937056561,-0.01,-0.014718115329742452,0.31720101800056,0.3585164991215397,True,False,False,-0.017454860731959343,-0.12714225053787231,0.3585164991215397,106,False,False,11.100000000000376,-0.06669393926858902,-0.0,0.0,0.0,0.0,0.0,0.0,-0.0,0.8187141012657149,0.0,-0.0,0.0,0.4086901112401715,64
0.5555808544158936,1.431093692779541,0.27384161949157715,0.21338342130184174,0.021205337718129158,0.199489563703537,1.0323256254196167,-0.23984099924564362,0.7702481150627136,-0.018892271071672417,0.07329666614532471,0.09775328636169434,-0.22981184720993042,-0.5241802334785461,0.9999957084655762,52.861915588378906,False,-0.5929112434387207,0.184247687458992,-0.2518625557422638,0.7665417790412903,0.3668192495231659,0.0,-0.0008562663197517395,-0.0043055138736963205,-0.01,-0.01516178019344806,0.29789630899904296,0.3619621110612967,True,False,False,-0.018301649019122124,-0.11035677790641785,0.3619621110612967,107,False,False,11.20000000000041,-0.08562663197517395,-0.0,0.0,0.0,0.0,0.0,0.0,-0.0,0.8182857758853925,0.0,-0.0,0.0,0.40828662162294455,64
0.6315290927886963,1.1285628080368042,0.21685461699962616,0.20059248805046082,0.00033526893821544945,0.20071586966514587,1.1921947002410889,-0.2377636581659317,0.7723363637924194,-0.01311281770467759,0.09299218654632568,0.0812985897064209,-0.1789582371711731,-0.34764885902404785,0.9999943971633911,52.93746566772461,False,-0.5638420581817627,0.1851687729358673,-0.2524785101413727,0.7668324708938599,0.369339791374718,0.0,-0.00042035698890686036,-0.005665328353643417,-0.01,-0.01608568534255028,0.2961760289999802,0.3657325637268747,True,False,False,-0.0214392002671957,-0.11161185055971146,0.3657325637268747,108,False,False,11.300000000000443,-0.042035698890686035,-0.0,0.0,0.0,0.0,0.0,0.0,-0.0,0.8151061870662859,0.0,-0.0,0.0,0.4071327365442361,64
0.5189180374145508,1.173996925354004,0.10060817003250122,0.17334669828414917,0.008526317775249481,0.20647570490837097,1.2208952903747559,-0.24008265137672424,0.7703045010566711,-0.01551518377847969,0.14022326469421387,0.1325443983078003,-0.04955798387527466,0.07189404964447021,0.9983601570129395,52.95128631591797,False,-0.5657613277435303,0.18577657639980316,-0.2525191605091095,0.7668132781982422,0.37225331363756414,0.0,-0.00011213832534849644,-0.005320973768830284,-0.01,-0.01543311209417878,0.30437173200152756,0.3703569920282113,True,False,False,-0.028048425912857056,-0.1044558584690094,0.3703569920282113,109,False,False,11.400000000000476,-0.011213832534849644,-0.0,0.0,0.0,0.0,0.0,0.0,-0.0,0.8125900779916966,0.0,-0.0,0.0,0.4061829006704998,64
0.3641963005065918,1.0806069374084473,0.10117640346288681,0.18168801069259644,0.0001265236787730828,0.20739136636257172,1.2834047079086304,-0.23871980607509613,0.7716765403747559,-0.018590437658131113,0.14924836158752441,0.07320058345794678,0.1284235715866089,0.33066892623901367,0.38985490798950195,53.00568771362305,False,-0.3742814064025879,0.18613021075725555,-0.2530123293399811,0.7687280774116516,0.3614801939193197,0.0,-0.0003836699202656746,-0.006328504681587244,-0.01,-0.016712174601852918,0.2998719860006531,0.3558450301759027,True,False,False,-0.036759309470653534,-0.11778517812490463,0.3558450301759027,110,False,False,11.50000000000051,-0.03836699202656746,-0.0,0.0,0.0,0.0,0.0,0.0,-0.0,0.8080133107602009,0.0,-0.0,0.0,0.40362298545983477,64
0.764167308807373,1.505798578262329,0.2835313677787781,0.18172124028205872,0.9267724752426147,0.20768317580223083,1.2104476690292358,-0.2438364177942276,0.7754901051521301,0.4451227136027794,0.001181658124551177,-0.11231538653373718,0.2189728021621704,0.6412620544433594,-1.0,53.02907180786133,False,-0.23826956748962402,0.18617689609527588,-0.2532416582107544,0.7700881958007812,0.3660609349716323,0.0,-0.0011794555932283402,-0.0028962362557649612,-0.01,-0.014075691848993302,0.3157244809990516,-0.6240798766946778,False,False,False,0.45871761441230774,-0.11083796620368958,0.3660609349716323,111,False,False,11.600000000000543,-0.11794555932283401,-0.0,0.0,0.0,0.0,0.0,0.0,-0.0,0.8103241242581027,0.0,-0.0,0.0,0.403982606535823,64
1.3946235179901123,1.500458002090454,0.3372271656990051,0.16390901803970337,0.955222487449646,0.20870494842529297,1.5343278646469116,-0.23884807527065277,0.7805706262588501,0.04523724948904994,0.023133516311645508,0.031894564628601074,0.23880469799041748,0.5266728401184082,-0.7549041509628296,52.96522903442383,False,-0.1719057559967041,0.18623141944408417,-0.25258558988571167,0.7707518339157104,-0.09499064528336233,0.0,-0.0008399109542369843,-0.00011055387556552221,-0.01,-0.010950464829802506,0.30773529699945357,-0.09638004496116406,True,False,False,0.07850029319524765,-0.11140698194503784,-0.09638004496116406,112,False,False,11.700000000000577,-0.08399109542369843,-0.0,0.0,0.0,0.0,0.0,0.0,-0.0,0.8182858000192432,0.0,-0.0,0.0,0.40830298905538465,64
2.5309383869171143,2.1351828575134277,0.4021460711956024,0.14936086535453796,0.9887680411338806,0.20792177319526672,1.408103108406067,-0.24339550733566284,0.7844939827919006,0.025504954448610832,0.020461201667785645,0.05343890190124512,0.20526540279388428,0.7022720575332642,-0.9843232035636902,52.86006164550781,False,-0.05755424499511719,0.18637731671333313,-0.25149551033973694,0.7718953490257263,-0.16229004670766,0.0,-0.0013464857637882233,0.0002160733938217363,-0.01,-0.011130412369966487,0.3163288180003292,-0.16553130946578887,True,False,False,0.07851278781890869,-0.11448963731527328,-0.16553130946578887,113,False,False,11.80000000000061,-0.13464857637882233,-0.0,0.0,0.0,0.0,0.0,0.0,-0.0,0.8269876794963904,0.0,-0.0,0.0,0.412147353984407,64
2.819812297821045,1.7291054725646973,0.34367042779922485,0.17038941383361816,0.9965572357177734,0.20036977529525757,1.2456272840499878,-0.24385622143745422,0.7901439070701599,0.04680069389386248,-0.05995619297027588,0.028253555297851562,0.21240508556365967,0.7926449775695801,-0.9926791787147522,52.74490737915039,False,0.08712410926818848,0.18628935515880585,-0.25034284591674805,0.7733421325683594,-0.2017028380130767,0.0,-0.0016944874823093415,-0.005794843509793313,-0.01,-0.017489330992102654,0.3050394399997458,-0.20371134399659074,True,False,False,0.03178060054779053,-0.10824480652809143,-0.20371134399659074,114,False,False,11.900000000000643,-0.16944874823093414,-0.0,0.0,0.0,0.0,0.0,0.0,-0.0,0.823634221125602,0.0,-0.0,0.0,0.4101226230804917,64
2.912706136703491,1.643175482749939,0.07991741597652435,0.16261523962020874,0.9954467415809631,0.18243303894996643,1.3978774547576904,-0.24212999641895294,0.8006351590156555,-0.020568180127864686,-0.1605331301689148,0.015236139297485352,0.15770137310028076,0.8784215450286865,-0.9999349117279053,52.85684585571289,False,-0.0009119510650634766,0.18695992231369019,-0.2513660490512848,0.7724617719650269,-0.2658282447088339,0.0,-0.002056242823600769,-0.025688145831227305,-0.01,-0.03774438865482807,0.31471314700138464,-0.26809592367236884,True,False,False,-0.03849537670612335,-0.10145963728427887,-0.26809592367236884,115,False,False,12.000000000000677,-0.2056242823600769,-0.0,0.0,0.0,0.0,0.0,0.0,-0.0,0.7800586410893285,0.0,-0.0,0.0,0.3879730777210635,64
3.781437873840332,1.4771307706832886,0.15079131722450256,0.1608983725309372,0.0,0.18179580569267273,1.7847412824630737,-0.24333810806274414,0.8128337860107422,-1.6482894652211681,-0.2087078094482422,0.1877124309539795,-0.11728525161743164,0.7429859638214111,-1.0,52.85604476928711,False,0.0,0.18695445358753204,-0.2513588070869446,0.7724708914756775,-0.2740458455114444,0.0,-0.0016114471852779388,-0.02904569417238234,-0.01,-0.04065714135766028,0.3406300820006436,-0.2763162816151363,True,False,False,-0.04049256071448326,-0.11578431725502014,-0.2763162816151363,116,False,False,12.10000000000071,-0.16114471852779388,-0.0,0.0,0.0,0.0,0.0,0.0,-0.0,0.729259921337859,0.0,-0.0,0.0,0.36301851348365155,64
4.934388160705566,1.8809685707092285,0.1489192247390747,0.16343867778778076,0.0,0.1785479485988617,2.058422565460205,-0.24329863488674164,0.8177569508552551,-0.022980702072381985,-0.2519418001174927,0.2417464256286621,-0.23209989070892334,0.21432030200958252,-1.0,52.85603332519531,False,0.0,0.18695442378520966,-0.2513587772846222,0.7724708914756775,-0.22499397370228544,0.0,-0.0005542989075183869,-0.022338866591453566,-0.01,-0.032893165498971956,0.2949744979996467,-0.27335573641659366,True,False,False,-0.03361824154853821,-0.1131519079208374,-0.27335573641659366,117,False,False,12.200000000000744,-0.055429890751838684,-0.0,0.0,0.0,0.0,0.0,0.0,-0.0,0.6914971968176613,0.0,-0.0,0.0,0.34519429950131225,64
4.95755672454834,2.287839412689209,0.07019937038421631,0.15139281749725342,0.0,0.16850633919239044,3.0930821895599365,-0.23394767940044403,0.8294041752815247,-0.009917719140648833,-0.8514161705970764,0.8876198530197144,-0.238153874874115,-0.014035046100616455,-1.0,52.85603332519531,False,0.0,0.18695442378520966,-0.2513587772846222,0.7724708914756775,-0.21293014528432125,0.0,-0.003924231827259064,-0.013895974308252346,-0.01,-0.027820206135511408,0.29406062300040503,-0.24658744454561873,True,False,False,-0.03664596378803253,-0.12165836989879608,-0.24658744454561873,118,False,False,12.300000000000777,-0.39242318272590637,-0.0,0.0,0.0,0.0,0.0,0.0,-0.0,0.6704093904525061,0.0,-0.0,0.0,0.33128046339899403,64
6.033360958099365,3.443361759185791,0.09733636677265167,0.1379459798336029,0.0,0.16141095757484436,3.6696224212646484,-0.2311580926179886,0.8368154168128967,-0.0253010342642665,-0.7675387263298035,0.9013943672180176,-0.06971555948257446,-0.22307872772216797,-1.0,52.85603332519531,False,0.0,0.18695442378520966,-0.2513587772846222,0.7724708914756775,-0.2242160411192167,0.0,-0.0036406299471855165,-0.019590873718261737,-0.01,-0.033231503665447255,0.3156528020008409,-0.2715424107344367,True,False,False,-0.04641054570674896,-0.12839451432228088,-0.2715424107344367,119,False,False,12.40000000000081,-0.36406299471855164,-0.0,0.0,0.0,0.0,0.0,0.0,-0.0,0.6376038158901929,0.0,-0.0,0.0,0.31516127799791094,64
6.659352779388428,3.8449082374572754,0.023107726126909256,0.1182238757610321,0.0,0.15549498796463013,4.266193866729736,-0.2281779944896698,0.8458164930343628,-0.03059283643960952,-0.9934529066085815,0.9985054731369019,-0.0838932991027832,-0.20537525415420532,-1.0,52.85603332519531,False,0.0,0.18695442378520966,-0.2513587772846222,0.7724708914756775,-0.21066829450850738,0.0,-0.005082947611808777,-0.020055419504642513,-0.01,-0.03513836711645129,0.2929827169991768,-0.25836022653932333,True,False,False,-0.044359222054481506,-0.1306367814540863,-0.25836022653932333,120,False,False,12.500000000000844,-0.5082947611808777,-0.0,0.0,0.0,0.0,0.0,0.0,-0.0,0.6035281667072487,0.0,-0.0,0.0,0.2966811357418156,64
7.320749759674072,4.410356521606445,0.11123418807983398,0.11959987878799438,0.0,0.14987070858478546,4.657967567443848,-0.22526532411575317,0.8490327596664429,-0.03341168060898781,-0.9355782270431519,0.9760518074035645,-0.18450158834457397,-0.00732731819152832,-1.0,52.85603332519531,False,0.0,0.18695442378520966,-0.2513587772846222,0.7724708914756775,-0.22348103789573456,0.0,-0.004655195474624634,-0.02527584597468374,-0.01,-0.039931041449308376,0.29510365900023316,-0.2715029543003273,True,False,False,-0.05946044623851776,-0.1309444159269333,-0.2715029543003273,121,False,False,12.600000000000877,-0.4655195474624634,-0.0,0.0,0.0,0.0,0.0,0.0,-0.0,0.5585620700825285,0.0,-0.0,0.0,0.2746258395666396,64
7.761657238006592,4.841365337371826,0.030915936455130577,0.15080350637435913,0.0,0.1476210057735443,4.927404403686523,-0.2220754474401474,0.8516762852668762,-0.02994147926568985,-0.6145782470703125,0.7829172611236572,-0.0911063551902771,0.04156148433685303,-1.0,52.85603332519531,False,0.0,0.18695442378520966,-0.2513587772846222,0.7724708914756775,-0.1910740338442689,0.0,-0.002501733899116516,-0.02476504519581796,-0.01,-0.03726677909493448,0.2925541050008178,-0.24659795632044273,True,False,False,-0.05978018045425415,-0.12631523609161377,-0.24659795632044273,122,False,False,12.70000000000091,-0.2501733899116516,-0.0,0.0,0.0,0.0,0.0,0.0,-0.0,0.5141736594877258,0.0,-0.0,0.0,0.25458509584474637,64
7.524818420410156,4.930783271789551,0.1702418029308319,0.14387169480323792,0.0,0.14282874763011932,5.627747058868408,-0.20547625422477722,0.8512951135635376,-0.002254718318581588,-0.6584151387214661,0.8247299194335938,-0.29246366024017334,0.22945713996887207,-1.0,52.85603332519531,False,0.0,0.18695442378520966,-0.2513587772846222,0.7724708914756775,-0.21588239837401518,0.0,-0.003129688501358032,-0.023364952504634856,-0.01,-0.03649464100599289,0.29557284800102934,-0.2613636628726905,True,False,False,-0.05422353744506836,-0.1432109773159027,-0.2613636628726905,123,False,False,12.800000000000944,-0.3129688501358032,-0.0,0.0,0.0,0.0,0.0,0.0,-0.0,0.4721654242590775,0.0,-0.0,0.0,0.2329530236281807,64
7.843774795532227,5.699949264526367,0.1604234278202057,0.13424429297447205,0.0,0.1446518898010254,6.03092622756958,-0.195307657122612,0.8550450205802917,-0.01959222704172134,-0.5405260920524597,0.7000958919525146,-0.5445743203163147,0.33587849140167236,-1.0,52.85603332519531,False,0.0,0.18695442378520966,-0.2513587772846222,0.7724708914756775,-0.1839811582799364,0.0,-0.0029791957139968872,-0.024525754749774947,-0.01,-0.037504950463771836,0.3009132210008829,-0.22917610339216152,True,False,False,-0.052960027009248734,-0.13234305381774902,-0.22917610339216152,124,False,False,12.900000000000977,-0.2979195713996887,-0.0,0.0,0.0,0.0,0.0,0.0,-0.0,0.42738767928652766,0.0,-0.0,0.0,0.21071464392926695,64
8.348494529724121,6.193124771118164,0.11416921764612198,0.1366211175918579,0.0,0.14274267852306366,6.179416656494141,-0.18620391190052032,0.8484867811203003,-0.029794485270977007,-0.5196336507797241,0.7718586921691895,-0.8254972100257874,0.36815619468688965,-1.0,52.85603332519531,False,0.0,0.18695442378520966,-0.2513587772846222,0.7724708914756775,-0.19507606139423683,0.0,-0.004206923842430115,-0.02299872070550918,-0.01,-0.037205644547939294,0.3258470529999613,-0.22655044001300495,True,False,False,-0.056320205330848694,-0.14058387279510498,-0.22655044001300495,125,False,False,13.00000000000101,-0.4206923842430115,-0.0,0.0,0.0,0.0,0.0,0.0,-0.0,0.3852427636394212,0.0,-0.0,0.0,0.1884144579772805,64
7.86513090133667,6.588865280151367,0.12543922662734985,0.1324121505022049,0.0,0.13136844336986542,7.549051761627197,-0.1650170236825943,0.8570147156715393,0.006994105130434007,-0.4621826410293579,0.908381462097168,-0.8946613073348999,0.48362934589385986,-1.0,52.85603332519531,False,0.0,0.18695442378520966,-0.2513587772846222,0.7724708914756775,-0.1870595945332334,0.0,-0.005182714462280274,-0.022966172099113474,-0.01,-0.03814888656139375,0.2958395669993479,-0.22255508496353854,True,False,False,-0.0481535941362381,-0.11962972581386566,-0.22255508496353854,126,False,False,13.100000000001044,-0.5182714462280273,-0.0,0.0,0.0,0.0,0.0,0.0,-0.0,0.3427378277226467,0.0,-0.0,0.0,0.16618619939904308,64
8.97197151184082,8.484373092651367,0.23386900126934052,0.12768590450286865,0.0,0.11891835182905197,8.795344352722168,-0.14485490322113037,0.8617912530899048,-0.001992084346711647,-0.4824365973472595,0.920586109161377,-0.8757847547531128,0.40738630294799805,-1.0,52.85603332519531,False,0.0,0.18695442378520966,-0.2513587772846222,0.7724708914756775,-0.21010247896630344,0.0,-0.005032966136932373,-0.022229060828685754,-0.01,-0.03726202696561813,0.31476232599925424,-0.2324744571908267,True,False,False,-0.03383570536971092,-0.1108986958861351,-0.2324744571908267,127,False,False,13.200000000001078,-0.5032966136932373,-0.0,0.0,0.0,0.0,0.0,0.0,-0.0,0.3012926226036724,0.0,-0.0,0.0,0.14561334516490382,64
9.336984634399414,9.384881973266602,0.22242988646030426,0.13793519139289856,0.0,0.11782117933034897,9.235831260681152,-0.13787560164928436,0.8669294118881226,-0.03497663602232931,-0.4434518814086914,0.9601004123687744,-0.8500004410743713,0.239906907081604,-1.0,52.85603332519531,False,0.0,0.18695442378520966,-0.2513587772846222,0.7724708914756775,-0.24296371811926668,0.0,-0.004746246337890625,-0.019429764151573187,-0.01,-0.03417601048946381,0.307452203000139,-0.2666004273648761,True,False,False,-0.044071778655052185,-0.11502881348133087,-0.2666004273648761,128,False,False,13.300000000001111,-0.4746246337890625,-0.0,0.0,0.0,0.0,0.0,0.0,-0.0,0.26508392541031955,0.0,-0.0,0.0,0.12779571636726916,63
9.556472778320312,9.711837768554688,0.11492470651865005,0.14389866590499878,0.0,0.11333779990673065,9.046854972839355,-0.13727417588233948,0.8561753034591675,-0.0634442526102066,-0.30206334590911865,0.9889826774597168,-0.8710156679153442,0.3542577028274536,-1.0,52.85603332519531,False,0.0,0.18695442378520966,-0.2513587772846222,0.7724708914756775,-0.22288090385912734,0.0,-0.004883739650249482,-0.016947060823440552,-0.01,-0.03183080047369003,0.2906877669993264,-0.2491522001478698,True,False,False,-0.05482493340969086,-0.10845459997653961,-0.2491522001478698,129,False,False,13.400000000001144,-0.4883739650249481,-0.0,0.0,0.0,0.0,0.0,0.0,-0.0,0.23352499898749823,0.0,-0.0,0.0,0.11187875984349964,64
8.31286907196045,9.22025203704834,0.19582535326480865,0.11087614297866821,0.0,0.11130083352327347,9.657133102416992,-0.12218280881643295,0.8573553562164307,-0.026202046275138877,-0.3998805284500122,0.9960842132568359,-0.9479849338531494,0.5453922748565674,-1.0,52.85603332519531,False,0.0,0.18695442378520966,-0.2513587772846222,0.7724708914756775,-0.2811194384850017,0.0,-0.005870540738105774,-0.016042099595069886,-0.01,-0.03191264033317566,0.35464625300119224,-0.33767983127905943,True,False,False,-0.06061471998691559,-0.20326602458953857,-0.33767983127905943,130,False,False,13.500000000001178,-0.5870540738105774,-0.0,0.0,0.0,0.0,0.0,0.0,-0.0,0.20347562200441527,0.0,-0.0,0.0,0.09586727026410186,64
8.358925819396973,9.693229675292969,0.10735119134187698,0.1503707766532898,0.0,0.1128227561712265,9.353806495666504,-0.12282218784093857,0.8504168391227722,-0.06873601168394088,-0.34132254123687744,0.9949495792388916,-0.9617915153503418,0.5482707023620605,-1.0,52.85603332519531,False,0.0,0.18695442378520966,-0.2513587772846222,0.7724708914756775,-0.24410320741400127,0.0,-0.005830173492431641,-0.014951402842998507,-0.01,-0.030781576335430147,0.3668391930004873,-0.2895296202758907,True,False,False,-0.07037470489740372,-0.12808853387832642,-0.2895296202758907,131,False,False,13.600000000001211,-0.5830173492431641,-0.0,0.0,0.0,0.0,0.0,0.0,-0.0,0.17532605952599334,0.0,-0.0,0.0,0.08183285627056502,64
8.320850372314453,10.056500434875488,0.16325414180755615,0.13798755407333374,0.0,0.09918256103992462,10.756760597229004,-0.10780501365661621,0.863848090171814,-0.0062116917967796155,-0.6056731343269348,0.9973891973495483,-0.9840377569198608,0.7130579948425293,-1.0,52.85603332519531,False,0.0,0.18695442378520966,-0.2513587772846222,0.7724708914756775,-0.20461907942471586,0.0,-0.007096018195152283,-0.013512997031211851,-0.01,-0.030609015226364136,0.30009689799953776,-0.27624752543341424,True,False,False,-0.03622155264019966,-0.10510337352752686,-0.27624752543341424,132,False,False,13.700000000001245,-0.7096018195152283,-0.0,0.0,0.0,0.0,0.0,0.0,-0.0,0.14979807599883266,0.0,-0.0,0.0,0.06780301980426405,64
9.002679824829102,10.455723762512207,0.09000077843666077,0.1311519742012024,0.0,0.09459731727838516,10.602936744689941,-0.11378787457942963,0.860630989074707,-0.0658042347431183,-0.4369313716888428,0.9971909523010254,-0.9733887314796448,0.5095195770263672,-1.0,52.85603332519531,False,0.0,0.18695442378520966,-0.2513587772846222,0.7724708914756775,-0.23918080846874878,0.0,-0.00598098635673523,-0.011455687284469607,-0.01,-0.027436673641204837,0.2739391590002924,-0.33013928169424367,True,False,False,-0.08247078955173492,-0.1280444860458374,-0.33013928169424367,133,False,False,13.800000000001278,-0.598098635673523,-0.0,0.0,0.0,0.0,0.0,0.0,-0.0,0.1281683771646499,0.0,-0.0,0.0,0.05810320222558972,64
7.658964157104492,9.774840354919434,0.10325399786233902,0.12579621374607086,0.0,0.10161648690700531,10.656408309936523,-0.10441259294748306,0.8598790168762207,-0.044765260964632035,-0.6846238970756531,0.9983325004577637,-0.9867896437644958,0.6289725303649902,-1.0,52.85603332519531,False,0.0,0.18695442378520966,-0.2513587772846222,0.7724708914756775,-0.1798954198070734,0.0,-0.007086844444274903,-0.01009307503700256,-0.01,-0.027179919481277463,0.29989682899940817,-0.26906250316964936,True,False,False,-0.09482110291719437,-0.12163430452346802,-0.26906250316964936,134,False,False,13.900000000001311,-0.7086844444274902,-0.0,0.0,0.0,0.0,0.0,0.0,-0.0,0.10907291372315153,0.0,-0.0,0.0,0.04744961241730086,64
8.162135124206543,10.22092056274414,0.1165442168712616,0.12627902626991272,0.0,0.10989394783973694,9.03748607635498,-0.12147603183984756,0.8366522789001465,-0.10218036204576492,-0.7249168753623962,0.9983015060424805,-0.9889767169952393,0.7264546155929565,-1.0,52.85603332519531,False,0.0,0.18695442378520966,-0.2513587772846222,0.7724708914756775,-0.2642209214225224,0.0,-0.007569804191589356,-0.00885672569274902,-0.01,-0.026426529884338378,0.37430346899964206,-0.3802454609306838,True,False,False,-0.08336494863033295,-0.15465810894966125,-0.3802454609306838,135,False,False,14.000000000001345,-0.7569804191589355,-0.0,0.0,0.0,0.0,0.0,0.0,-0.0,0.09228226718649635,0.0,-0.0,0.0,0.03857132940165882,64
3.0009686946868896,6.324880599975586,0.2978798747062683,0.12330008298158646,0.0,0.10938681662082672,9.727720260620117,-0.10171020030975342,0.8370863199234009,-0.025470201075077057,-0.7151548266410828,0.9719171524047852,-0.9914276599884033,0.9026310443878174,-0.0009015202522277832,52.85603332519531,False,0.0,0.18695442378520966,-0.2513587772846222,0.7724708914756775,-0.41178041503678875,0.0,-0.008134351968765259,-0.007675861716270445,-0.01,-0.025810213685035704,0.3669655160010734,-0.4656601048600974,True,False,False,-0.12425830215215683,-0.25088024139404297,-0.4656601048600974,136,False,False,14.100000000001378,-0.8134351968765259,-0.0,0.0,0.0,0.0,0.0,0.0,-0.0,0.07770759401609761,0.0,-0.0,0.0,0.030719445039283547,64
0.29671192169189453,4.780063629150391,0.37293100357055664,0.1251836121082306,8.634635378257371e-06,0.10983365029096603,7.778802394866943,-0.10232894122600555,0.7796843647956848,-0.09241081982851028,-0.5750406980514526,0.949134349822998,-0.9904569983482361,0.8981344699859619,0.7989245653152466,52.85603332519531,False,0.0,0.18695442378520966,-0.2513587772846222,0.7724708914756775,-0.4251663874017986,0.0,-0.0075479459762573245,-0.006509736180305481,-0.01,-0.024057682156562805,0.3869262089992844,-0.45396472720872383,True,False,False,-0.1609737128019333,-0.24934379756450653,-0.45396472720872383,137,False,False,14.200000000001411,-0.7547945976257324,-0.0,0.0,0.0,0.0,0.0,0.0,-0.0,0.06534153456770164,0.0,-0.0,0.0,0.025122821307593496,64
0.1732468605041504,5.871633052825928,0.24131909012794495,0.1218986064195633,1.2372034063901083e-07,0.1259697526693344,5.453799247741699,-0.14936086535453796,0.7731022834777832,-0.05613745421171188,0.12002825736999512,-0.041608452796936035,-0.9402283430099487,0.4099959135055542,1.0,52.85603332519531,False,0.0,0.18695442378520966,-0.2513587772846222,0.7724708914756775,-0.321650164226846,0.0,-0.0026706600189208983,-0.0038111361861228946,-0.01,-0.016481796205043794,0.3781334989998868,-0.3469756179319408,True,False,False,-0.07680586725473404,-0.24201661348342896,-0.3469756179319408,138,False,False,14.300000000001445,-0.26706600189208984,-0.0,0.0,0.0,0.0,0.0,0.0,-0.0,0.05830230509796286,0.0,-0.0,0.0,0.02648049253006053,64
0.07070302963256836,4.392151355743408,0.1723567545413971,0.15183025598526,4.042437495854756e-09,0.1331966668367386,4.375488758087158,-0.17426243424415588,0.7728814482688904,-0.02616400420665741,0.7611448764801025,-0.6773325204849243,-0.6766800284385681,0.08549630641937256,1.0,52.85603332519531,False,0.0,0.18695442378520966,-0.2513587772846222,0.7724708914756775,-0.3053221945440825,0.0,-0.0037583160400390626,0.00028037011623382666,-0.01,-0.013477945923805235,0.3758994359995995,-0.3200799260752672,True,False,False,-0.05880753695964813,-0.2572386860847473,-0.3200799260752672,139,False,False,14.400000000001478,-0.37583160400390625,-0.0,0.0,0.0,0.0,0.0,0.0,-0.0,0.05945763115660563,0.0,-0.0,0.0,0.02597049953826375,64
0.037550926208496094,4.3096022605896,0.21136362850666046,0.13878437876701355,5.407306158389247e-09,0.14699473977088928,3.3426194190979004,-0.1917489916086197,0.7731800079345703,-0.018489746451377867,0.9443486928939819,-0.8777185678482056,-0.27692651748657227,-0.49956661462783813,1.0,52.85603332519531,False,0.0,0.18695442378520966,-0.2513587772846222,0.7724708914756775,-0.32842075100130996,0.0,-0.004971098303794861,0.003656877875328063,-0.01,-0.011314220428466798,0.2974258349986485,-0.33968130095690424,True,False,False,-0.04566306620836258,-0.28001293540000916,-0.33968130095690424,140,False,False,14.500000000001512,-0.4971098303794861,-0.0,0.0,0.0,0.0,0.0,0.0,-0.0,0.06744585556050864,0.0,-0.0,0.0,0.02875182947645946,64
0.05886554718017578,3.0008912086486816,0.29004421830177307,0.14982739090919495,1.452813425117938e-09,0.14848046004772186,2.662393569946289,-0.210953950881958,0.7734639048576355,-0.013708980679512022,0.9784133434295654,-0.9196532368659973,0.052228331565856934,-0.6234721541404724,1.0,52.85603332519531,False,0.0,0.18695442378520966,-0.2513587772846222,0.7724708914756775,-0.27739348398035657,0.0,-0.005486250519752502,0.0062594008445739716,-0.01,-0.00922684967517853,0.3063796619990171,-0.2864371382808938,True,False,False,-0.040190573781728745,-0.23367539048194885,-0.2864371382808938,141,False,False,14.600000000001545,-0.5486250519752502,-0.0,0.0,0.0,0.0,0.0,0.0,-0.0,0.08077239971662054,0.0,-0.0,0.0,0.034899949338557765,64
0.09383559226989746,2.2148990631103516,0.423654168844223,0.13930773735046387,3.952560501119251e-10,0.1668233871459961,1.780994176864624,-0.21917685866355896,0.7735877633094788,-0.012194181680679324,0.9678305387496948,-0.9277210235595703,0.0347210168838501,-0.5903676748275757,1.0,52.85603332519531,False,0.0,0.18695442378520966,-0.2513587772846222,0.7724708914756775,-0.2558458463137606,0.0,-0.005367754101753235,0.007760626673698423,-0.01,-0.007607127428054812,0.3696620869995968,-0.2689711482713276,True,False,False,-0.03717540204524994,-0.22654196619987488,-0.2689711482713276,142,False,False,14.700000000001578,-0.5367754101753235,-0.0,0.0,0.0,0.0,0.0,0.0,-0.0,0.0972663372224527,0.0,-0.0,0.0,0.04326541450947312,64
0.14188289642333984,2.336141586303711,0.39017003774642944,0.1483120322227478,1.6833517912928642e-10,0.16514864563941956,1.8279662132263184,-0.21918196976184845,0.7733272910118103,-0.0031150242686271666,0.9767413139343262,-0.9160125851631165,-0.012121737003326416,-0.6091358065605164,1.0,52.85603332519531,False,0.0,0.18695442378520966,-0.2513587772846222,0.7724708914756775,-0.21687971853639187,0.0,-0.005410740375518799,0.009269914031028746,-0.01,-0.006140826344490053,0.3727828020000743,-0.23364894794790558,True,False,False,-0.025361208245158195,-0.20520839095115662,-0.23364894794790558,143,False,False,14.800000000001612,-0.5410740375518799,-0.0,0.0,0.0,0.0,0.0,0.0,-0.0,0.11697594085473251,0.0,-0.0,0.0,0.05307723005184745,64
0.14823675155639648,1.9220471382141113,0.33741843700408936,0.17350050806999207,2.7905697197461166e-10,0.16594943404197693,1.6497293710708618,-0.22404639422893524,0.7736454010009766,-0.004584308862686157,0.9633092880249023,-0.9052342772483826,-0.2320130467414856,-0.6057223081588745,1.0,52.85603332519531,False,0.0,0.18695442378520966,-0.2513587772846222,0.7724708914756775,-0.2182632006717753,0.0,-0.0054203587770462035,0.010810742974281307,-0.01,-0.004609615802764897,0.38165378300072916,-0.2450609370664991,True,False,False,-0.032937172800302505,-0.21567988395690918,-0.2450609370664991,144,False,False,14.900000000001645,-0.5420358777046204,-0.0,0.0,0.0,0.0,0.0,0.0,-0.0,0.13999736684394304,0.0,-0.0,0.0,0.06457832464492531,64
0.12935400009155273,1.486566185951233,0.31219199299812317,0.1550317257642746,1.1723643167371733e-09,0.16876809298992157,1.8987125158309937,-0.21428801119327545,0.7741751670837402,0.006079089343547825,0.945195198059082,-0.8951662182807922,-0.4210965633392334,-0.5817383527755737,1.0,52.85603332519531,False,0.0,0.18695442378520966,-0.2513587772846222,0.7724708914756775,-0.19014219029706772,0.0,-0.0055261456966400144,0.012427213490009303,-0.01,-0.0030989322066307112,0.38362217400026566,-0.22306144174423925,True,False,False,-0.03589656203985214,-0.18364113569259644,-0.22306144174423925,145,False,False,15.000000000001679,-0.5526145696640015,-0.0,0.0,0.0,0.0,0.0,0.0,-0.0,0.16651691063718443,0.0,-0.0,0.0,0.0777323096219522,64
0.18332600593566895,1.5256952047348022,0.25313395261764526,0.13913846015930176,3.266223680409297e-10,0.1659037172794342,2.2477736473083496,-0.206736221909523,0.7742308378219604,0.009528877139091483,0.9341261386871338,-0.8563041090965271,-0.5979287624359131,-0.5708366632461548,1.0,52.85603332519531,False,0.0,0.18695442378520966,-0.2513587772846222,0.7724708914756775,-0.1806126596193029,0.0,-0.0057230544090270995,0.014074491858482363,-0.01,-0.0016485625505447367,0.360607168999195,-0.23062418685366348,True,False,False,-0.04394034668803215,-0.20035865902900696,-0.23062418685366348,146,False,False,15.100000000001712,-0.57230544090271,-0.0,0.0,0.0,0.0,0.0,0.0,-0.0,0.19663226533333822,0.0,-0.0,0.0,0.09259307825764201,64
0.1836538314819336,1.5483875274658203,0.307121604681015,0.14658218622207642,6.311116074186884e-10,0.17522865533828735,1.981178879737854,-0.20564426481723785,0.7744659781455994,0.0026169481873512136,0.8768807649612427,-0.8116539716720581,-0.7054985761642456,-0.515170693397522,1.0,52.85603332519531,False,0.0,0.18695442378520966,-0.2513587772846222,0.7724708914756775,-0.18470846275443747,0.0,-0.005477077960968017,0.015378565788269044,-0.01,-9.851217269897343e-05,0.3654828710004949,-0.25249501107781025,True,False,False,-0.05034051835536957,-0.19976457953453064,-0.25249501107781025,147,False,False,15.200000000001745,-0.5477077960968018,-0.0,0.0,0.0,0.0,0.0,0.0,-0.0,0.2296862472586827,0.0,-0.0,0.0,0.10936604566837332,64
0.1440107822418213,1.1727358102798462,0.28981220722198486,0.1346263736486435,8.797819694983389e-10,0.168412446975708,1.995965838432312,-0.21186463534832,0.774313747882843,0.002151885628700257,0.8672511577606201,-0.7344680428504944,-0.7254005670547485,-0.34740954637527466,1.0,52.85603332519531,False,0.0,0.18695442378520966,-0.2513587772846222,0.7724708914756775,-0.17921959544407287,0.0,-0.004846168160438538,0.016005279719829568,-0.01,0.00115911155939103,0.36483292899902153,-0.2532611911417626,True,False,False,-0.05682108551263809,-0.18927544355392456,-0.2532611911417626,148,False,False,15.300000000001779,-0.48461681604385376,-0.0,0.0,0.0,0.0,0.0,0.0,-0.0,0.2643402607875658,0.0,-0.0,0.0,0.12732396223334436,64
0.16290545463562012,1.4286830425262451,0.2780604064464569,0.1464812457561493,5.188096063868386e-10,0.17474792897701263,1.2539188861846924,-0.22749623656272888,0.7740194201469421,-0.01561186224222184,0.6924211978912354,-0.7090185880661011,-0.8327666521072388,-0.1489856243133545,1.0,52.85603332519531,False,0.0,0.18695442378520966,-0.2513587772846222,0.7724708914756775,-0.14027342171642385,0.0,-0.004244628846645356,0.014891353845596311,-0.01,0.0006467249989509554,0.3487636530007876,-0.22874389575638757,True,False,False,-0.05174456909298897,-0.18801578879356384,-0.22874389575638757,149,False,False,15.400000000001812,-0.4244628846645355,-0.0,0.0,0.0,0.0,0.0,0.0,-0.0,0.2970939456205506,0.0,-0.0,0.0,0.14430234396362993,64
0.18907785415649414,1.1006747484207153,0.2650720179080963,0.1761120706796646,9.48846556880767e-10,0.17227989435195923,1.4687199592590332,-0.22312821447849274,0.7736274003982544,0.005298903882503501,0.629136323928833,-0.6983800530433655,-0.8436062932014465,-0.016103923320770264,1.0,52.85603332519531,False,0.0,0.18695442378520966,-0.2513587772846222,0.7724708914756775,-0.11614010347717381,0.0,-0.00398869514465332,0.013004505038261421,-0.01,-0.000984190106391899,0.3821953129991016,-0.22016018777566862,True,False,False,-0.04056376591324806,-0.1933017522096634,-0.22016018777566862,150,False,False,15.500000000001846,-0.39886951446533203,-0.0,0.0,0.0,0.0,0.0,0.0,-0.0,0.3263666412094075,0.0,-0.0,0.0,0.15919462546005042,64
0.11203885078430176,1.417282223701477,0.31226128339767456,0.1458430141210556,4.957318999743165e-10,0.1683436781167984,1.2776046991348267,-0.23278209567070007,0.7736116051673889,-0.013327155411243446,0.4167177677154541,-0.6755451560020447,-0.8581652641296387,0.10600221157073975,1.0,52.85603332519531,False,0.0,0.18695442378520966,-0.2513587772846222,0.7724708914756775,-0.12616202942150417,0.0,-0.003444247841835022,0.010806766748428343,-0.01,-0.0026374810934066796,0.368120748000365,-0.2359611869630817,True,False,False,-0.04964148625731468,-0.20095214247703552,-0.2359611869630817,151,False,False,15.600000000001879,-0.3444247841835022,-0.0,0.0,0.0,0.0,0.0,0.0,-0.0,0.3514950715058236,0.0,-0.0,0.0,0.17230328791107677,64
0.07873177528381348,0.8508409261703491,0.24578720331192017,0.1406702846288681,6.029797772200141e-10,0.17768973112106323,1.2786939144134521,-0.22423455119132996,0.7744427919387817,0.0030702278017997794,0.05843830108642578,-0.6560433506965637,-0.8967868685722351,0.13642454147338867,1.0,52.85603332519531,False,0.0,0.18695442378520966,-0.2513587772846222,0.7724708914756775,-0.05894333814517204,0.0,-0.003141615688800812,0.00808684080839156,-0.01,-0.005054774880409252,0.34474640900043596,-0.17308998740407316,True,False,False,-0.053237251937389374,-0.1447734385728836,-0.17308998740407316,152,False,False,15.700000000001912,-0.3141615688800812,-0.0,0.0,0.0,0.0,0.0,0.0,-0.0,0.37138246782921336,0.0,-0.0,0.0,0.18254961822580587,64
0.18530488014221191,1.100650429725647,0.2191091626882553,0.13173362612724304,9.975570369746833e-10,0.16983705759048462,0.8854706883430481,-0.24279101192951202,0.7733498811721802,-0.028296544253826144,-0.003721952438354492,-0.5537852048873901,-0.8786107897758484,0.16366195678710938,1.0,52.85603332519531,False,0.0,0.18695442378520966,-0.2513587772846222,0.7724708914756775,-0.1345562362047228,0.0,-0.0027635851502418518,0.005625761151313774,-0.01,-0.007137823998928078,0.3730427200007398,-0.24722826399139738,True,False,False,-0.05091598629951477,-0.18462136387825012,-0.24722826399139738,153,False,False,15.800000000001946,-0.2763585150241852,-0.0,0.0,0.0,0.0,0.0,0.0,-0.0,0.38649902661781954,0.0,-0.0,0.0,0.1904859281586679,64
0.1305222511291504,0.9249235391616821,0.23292799293994904,0.12506674230098724,1.6074431785639831e-09,0.17022956907749176,1.2481118440628052,-0.23248688876628876,0.7743175029754639,0.004346192181110373,-0.13498663902282715,-0.5842455625534058,-0.8647682666778564,-0.09789276123046875,1.0,52.85603332519531,False,0.0,0.18695442378520966,-0.2513587772846222,0.7724708914756775,-0.07454027874203707,0.0,-0.0027924284338951113,0.0050270673632621665,-0.01,-0.007765361070632945,0.3579955430013797,-0.19290053347791636,True,False,False,-0.030189061537384987,-0.15774179995059967,-0.19290053347791636,154,False,False,15.90000000000198,-0.2792428433895111,-0.0,0.0,0.0,0.0,0.0,0.0,-0.0,0.4005588738448702,0.0,-0.0,0.0,0.19748700848854,64
0.20262598991394043,1.1639132499694824,0.23381014168262482,0.15182039141654968,3.3452380865384157e-09,0.16597618162631989,1.413536548614502,-0.23062174022197723,0.7731617093086243,-0.0033662085235118835,-0.0466122031211853,-0.5042019486427307,-0.7498201131820679,-0.2691417932510376,1.0,52.85603332519531,False,0.0,0.18695442378520966,-0.2513587772846222,0.7724708914756775,-0.09963505925782189,0.0,-0.002227649539709091,0.007843852937221535,-0.01,-0.004383796602487557,0.3783889320002345,-0.2217586708164233,True,False,False,-0.030888943001627922,-0.1639537811279297,-0.2217586708164233,155,False,False,16.00000000000201,-0.22276495397090912,-0.0,0.0,0.0,0.0,0.0,0.0,-0.0,0.42045094575276243,0.0,-0.0,0.0,0.20799782333667213,64
0.12176036834716797,1.2894089221954346,0.21630872786045074,0.12140286713838577,3.5197760261951316e-09,0.17952412366867065,1.3503074645996094,-0.2192203551530838,0.7734113931655884,0.005616558045148823,0.01687467098236084,-0.49707019329071045,-0.5854007005691528,-0.4158506393432617,1.0,52.85603332519531,False,0.0,0.18695442378520966,-0.2513587772846222,0.7724708914756775,-0.08617590987690574,0.0,-0.0019074732065200806,0.010348146259784696,-0.01,-0.0015593269467353845,0.36979087999861804,-0.2055374475356768,True,False,False,-0.01867755688726902,-0.1388339400291443,-0.2055374475356768,156,False,False,16.100000000001955,-0.19074732065200806,-0.0,0.0,0.0,0.0,0.0,0.0,-0.0,0.4456033990379912,0.0,-0.0,0.0,0.22089422631247552,64
0.09121298789978027,1.0331625938415527,0.20743359625339508,0.11895419657230377,9.779291154643488e-09,0.17121294140815735,1.7581695318222046,-0.21519899368286133,0.7733147144317627,0.005075559467077275,0.2689206600189209,-0.4276278614997864,-0.21830999851226807,-0.1164059042930603,1.0,52.85603332519531,False,0.0,0.18695442378520966,-0.2513587772846222,0.7724708914756775,-0.12185994343602984,0.0,-0.0007909837365150452,0.010805861651897425,-0.01,1.4877915382379434e-05,0.3319815770009882,-0.21777923206862992,True,False,False,-0.022663496434688568,-0.14267598092556,-0.21777923206862992,157,False,False,16.2000000000019,-0.07909837365150452,-0.0,0.0,0.0,0.0,0.0,0.0,-0.0,0.47193435538165707,0.0,-0.0,0.0,0.2351761939543135,64
0.12778639793395996,1.7134463787078857,0.0401814803481102,0.13670778274536133,1.3861527925485007e-08,0.17211541533470154,1.4330248832702637,-0.22407101094722748,0.7733348608016968,-0.013364735059440165,0.2189096212387085,-0.3799569010734558,-0.02850174903869629,0.07615435123443604,1.0,52.85603332519531,False,0.0,0.18695442378520966,-0.2513587772846222,0.7724708914756775,-0.13243947215662377,0.0,-0.0004972512647509575,0.006228173971176143,-0.01,-0.004269077293574815,0.3624040689992398,-0.2570199411421064,True,False,False,-0.027430066838860512,-0.15921634435653687,-0.2570199411421064,158,False,False,16.300000000001845,-0.04972512647509575,-0.0,0.0,0.0,0.0,0.0,0.0,-0.0,0.4892835770389736,0.0,-0.0,0.0,0.24414453725473587,64
0.10562539100646973,1.286767840385437,0.16261786222457886,0.13135288655757904,1.9656001271073364e-09,0.17047218978405,1.381359577178955,-0.2271369993686676,0.7732076644897461,-0.012033767364919207,0.1398698091506958,-0.3864414691925049,-0.12767159938812256,-0.003555774688720703,1.0,52.85603332519531,False,0.0,0.18695442378520966,-0.2513587772846222,0.7724708914756775,-0.13890458445185677,0.0,-0.0004630331322550774,0.0031881067156791787,-0.01,-0.007274926416575899,0.37863696400017943,-0.2585987006679308,True,False,False,-0.027247991412878036,-0.16555356979370117,-0.2585987006679308,159,False,False,16.40000000000179,-0.046303313225507736,-0.0,0.0,0.0,0.0,0.0,0.0,-0.0,0.5006665890140207,0.0,-0.0,0.0,0.2498702613747553,64
0.07792115211486816,1.3516675233840942,0.11496096849441528,0.13963279128074646,8.770159043436365e-10,0.17458297312259674,0.85591721534729,-0.2381265014410019,0.7725446820259094,-0.017376906685531154,0.07017731666564941,-0.35365724563598633,0.11498868465423584,-0.24830448627471924,1.0,52.85603332519531,False,0.0,0.18695442378520966,-0.2513587772846222,0.7724708914756775,-0.13084236420319031,0.0,-0.0005121895298361779,0.004922044277191173,-0.01,-0.005590145252645005,0.3076352850002877,-0.24044428923279737,True,False,False,-0.02242276445031166,-0.15527841448783875,-0.24044428923279737,160,False,False,16.500000000001734,-0.05121895298361778,-0.0,0.0,0.0,0.0,0.0,0.0,-0.0,0.5156672319523786,0.0,-0.0,0.0,0.25732142644635314,64
0.0034093856811523438,0.8115723729133606,0.12356042861938477,0.13413003087043762,1.3730643289022737e-08,0.16275690495967865,1.5499060153961182,-0.2304214984178543,0.7738332748413086,0.004866988211870213,0.039978981018066406,-0.3675929307937622,0.4861944913864136,-0.2370537519454956,1.0,52.85603332519531,False,0.0,0.18695442378520966,-0.2513587772846222,0.7724708914756775,-0.14674012374350537,0.0,-0.0010732561349868774,0.007506248205900179,-0.01,-0.0035670079290866987,0.3356211660011468,-0.2868851878105757,True,False,False,-0.022990556433796883,-0.16981655359268188,-0.2868851878105757,161,False,False,16.60000000000168,-0.10732561349868774,-0.0,0.0,0.0,0.0,0.0,0.0,-0.0,0.5360401898362313,0.0,-0.0,0.0,0.26694683878312875,64
0.06312727928161621,1.0015428066253662,0.10173618793487549,0.146027609705925,4.015097143650337e-09,0.18361735343933105,1.2535889148712158,-0.21832670271396637,0.7737094163894653,-0.0059558846056461355,-0.06464731693267822,-0.2347242832183838,0.8974044322967529,-0.21425271034240723,1.0,52.85603332519531,False,0.0,0.18695442378520966,-0.2513587772846222,0.7724708914756775,-0.13571737567948633,0.0,-0.002276284247636795,0.0064683745801448755,-0.01,-0.005807909667491919,0.38241936399936094,-0.2638794245380847,True,False,False,-0.03239225968718529,-0.15667025744915009,-0.2638794245380847,162,False,False,16.700000000001623,-0.2276284247636795,-0.0,0.0,0.0,0.0,0.0,0.0,-0.0,0.5545220497362082,0.0,-0.0,0.0,0.2749847406204673,64
0.09331703186035156,1.1438672542572021,0.147090345621109,0.10847271978855133,3.365097001051254e-08,0.1680719554424286,1.3644461631774902,-0.23006901144981384,0.7732320427894592,-0.013697429001331314,0.1995854377746582,-0.16601359844207764,0.8984582424163818,0.2150503396987915,1.0,52.85603332519531,False,0.0,0.18695442378520966,-0.2513587772846222,0.7724708914756775,-0.17413555012261434,0.0,-0.0023021717369556428,0.0013145464658737005,-0.01,-0.010987625271081942,0.3731614280004578,-0.3150035933849982,True,False,False,-0.03456500172615051,-0.14246496558189392,-0.3150035933849982,163,False,False,16.800000000001567,-0.23021717369556427,-0.0,0.0,0.0,0.0,0.0,0.0,-0.0,0.5627790817405495,0.0,-0.0,0.0,0.2790873691333191,64
0.024396181106567383,1.0654468536376953,0.11869370937347412,0.11766529828310013,1.1810461941763606e-08,0.17352411150932312,1.5086184740066528,-0.22009654343128204,0.7730368971824646,-0.016030879318714122,-0.001621544361114502,-0.22785454988479614,0.9101598262786865,-0.0004105567932128906,1.0,52.85603332519531,False,0.0,0.18695442378520966,-0.2513587772846222,0.7724708914756775,-0.1636201882547781,0.0,-0.0022007784247398375,-0.003406414836645111,-0.01,-0.015607193261384949,0.384183344000121,-0.2857303409107631,True,False,False,-0.039712876081466675,-0.15507006645202637,-0.2857303409107631,164,False,False,16.900000000001512,-0.22007784247398376,-0.0,0.0,0.0,0.0,0.0,0.0,-0.0,0.5615819908709926,0.0,-0.0,0.0,0.2785902170107565,64
0.023382902145385742,1.3530839681625366,0.13924837112426758,0.12136323750019073,4.215057742840145e-07,0.17471721768379211,1.939932107925415,-0.205591082572937,0.77227783203125,-0.017331277579069156,0.09553682804107666,-0.10355067253112793,0.9129337072372437,-0.12818264961242676,1.0,52.85603332519531,False,0.0,0.18695442378520966,-0.2513587772846222,0.7724708914756775,-0.14329572231161536,0.0,-0.002174321860074997,-0.0003488886356353693,-0.01,-0.012523210495710367,0.3970802170006209,-0.2567968987682429,True,False,False,-0.030102301388978958,-0.13257759809494019,-0.2567968987682429,165,False,False,17.000000000001457,-0.2174321860074997,-0.0,0.0,0.0,0.0,0.0,0.0,-0.0,0.5665496001464789,0.0,-0.0,0.0,0.2811004782131645,64
0.002104043960571289,1.5600388050079346,0.08212576806545258,0.1322752833366394,1.1924179865729911e-08,0.1725812554359436,2.0444796085357666,-0.20487844944000244,0.7729517817497253,-0.009587256461381926,0.30926191806793213,0.1364610195159912,0.9127647876739502,-0.2711280584335327,1.0,52.85603332519531,False,0.0,0.18695442378520966,-0.2513587772846222,0.7724708914756775,-0.14576751951747008,0.0,-0.0025522863864898683,0.00209469094872472,-0.01,-0.010457595437765149,0.3672809049985517,-0.2584746407254028,True,False,False,-0.02541344240307808,-0.13338127732276917,-0.2584746407254028,166,False,False,17.1000000000014,-0.2552286386489868,-0.0,0.0,0.0,0.0,0.0,0.0,-0.0,0.5765041084629594,0.0,-0.0,0.0,0.28569976784498985,64
0.014024972915649414,1.9603246450424194,0.11209646612405777,0.11341606825590134,2.43779982866954e-08,0.1739790141582489,1.6701734066009521,-0.21464574337005615,0.772887647151947,-0.004627506881952279,0.3094947338104248,0.1646890640258789,0.8666490316390991,-0.4989204406738281,1.0,52.85603332519531,False,0.0,0.18695442378520966,-0.2513587772846222,0.7724708914756775,-0.1102596547424758,0.0,-0.0028072792291641236,0.005135184377431878,-0.01,-0.0076720948517322455,0.37397302700082946,-0.1569972413376007,True,False,False,-0.02210530824959278,-0.13164803385734558,-0.1569972413376007,167,False,False,17.200000000001346,-0.28072792291641235,-0.0,0.0,0.0,0.0,0.0,0.0,-0.0,0.5927014315387227,0.0,-0.0,0.0,0.2935434365401972,64
0.02110600471496582,1.5606086254119873,0.10368277877569199,0.11572008579969406,1.4493213740252031e-08,0.17754431068897247,1.751287817955017,-0.2090412974357605,0.7732819318771362,0.0010902777314186003,0.14467620849609375,-0.015674293041229248,0.7195053100585938,-0.6556149125099182,1.0,52.85603332519531,False,0.0,0.18695442378520966,-0.2513587772846222,0.7724708914756775,-0.1229915144159501,0.0,-0.0024217392504215242,0.009903730601072303,-0.01,-0.002518008649349222,0.3633393279997108,-0.16723445694876532,True,False,False,-0.016930893063545227,-0.13221658766269684,-0.16723445694876532,168,False,False,17.30000000000129,-0.2421739250421524,-0.0,0.0,0.0,0.0,0.0,0.0,-0.0,0.6186959872314648,0.0,-0.0,0.0,0.30692625436531085,64
0.04277229309082031,1.5856584310531616,0.14171451330184937,0.11308678239583969,1.8415171609831305e-08,0.17757897078990936,1.451111912727356,-0.2173033356666565,0.7725733518600464,0.0036056447029113657,0.1660466194152832,0.0018913745880126953,0.6096489429473877,-0.8083832263946533,1.0,52.85603332519531,False,0.0,0.18695442378520966,-0.2513587772846222,0.7724708914756775,-0.10882547501128143,0.0,-0.002631825804710388,0.014720965623855609,-0.01,0.0020891398191452202,0.35314315899995563,-0.1302870100711272,True,False,False,-0.012783925049006939,-0.10708925127983093,-0.1302870100711272,169,False,False,17.400000000001235,-0.2631825804710388,-0.0,0.0,0.0,0.0,0.0,0.0,-0.0,0.6546847968740493,0.0,-0.0,0.0,0.3247105726323143,64
0.027769804000854492,1.400960922241211,0.098302461206913,0.12151007354259491,6.214663983428181e-08,0.19165518879890442,1.4152631759643555,-0.21380925178527832,0.7722632884979248,0.006410652622580514,0.0943293571472168,-0.1230313777923584,0.4210472106933594,-0.8681371808052063,1.0,52.85603332519531,False,0.0,0.18695442378520966,-0.2513587772846222,0.7724708914756775,0.4625641735322668,0.0,-0.0023874440789222718,0.017639076411724075,-0.01,0.005251632332801803,0.38046482400022796,0.2231071722703529,True,False,False,-0.010036373510956764,-0.11797238141298294,0.2231071722703529,170,False,False,17.50000000000118,-0.23874440789222717,-0.0,0.0,0.0,0.0,0.0,0.0,-0.0,0.6969320898722468,0.0,-0.0,0.0,0.3460786008572011,64
0.03883242607116699,1.2081880569458008,0.10568251460790634,0.11753375828266144,1.6033261829306866e-07,0.18602584302425385,1.178779125213623,-0.21709993481636047,0.7726468443870544,0.015026799440383909,0.27394604682922363,-0.11942028999328613,0.30150318145751953,-0.795403003692627,1.0,52.85603332519531,False,0.0,0.18695442378520966,-0.2513587772846222,0.7724708914756775,-0.12783764143774684,0.0,-0.002032194435596466,0.0185943652689457,-0.01,0.006562170833349234,0.3346246829987649,-0.20234532383583276,True,False,False,-0.004259679466485977,-0.11252675205469131,-0.20234532383583276,171,False,False,17.600000000001124,-0.2032194435596466,-0.0,0.0,0.0,0.0,0.0,0.0,-0.0,0.7415363049414203,0.0,-0.0,0.0,0.36873595803511366,64
0.009119510650634766,1.1641144752502441,0.15022605657577515,0.10905374586582184,4.868622127673916e-08,0.18689383566379547,1.442082166671753,-0.20999032258987427,0.7724377512931824,0.0030817504972219245,0.21634232997894287,-0.10447931289672852,0.19560611248016357,-0.7120375037193298,1.0,52.901363372802734,False,-0.006520748138427734,0.18856757879257202,-0.2515469789505005,0.7724056839942932,0.402241635430264,0.0,-0.0015074478089809418,0.013463688194751744,-0.01,0.001956240385770802,0.3789887209986773,0.39724246360595283,True,False,False,-0.006449255160987377,-0.12024259567260742,0.39724246360595283,172,False,False,17.70000000000107,-0.15074478089809418,-0.0,0.0,0.0,0.0,0.0,0.0,-0.0,0.7762258937750455,0.0,-0.0,0.0,0.3866054990785418,64
0.1010894775390625,1.367114543914795,0.4192074239253998,0.11224064230918884,1.91723393072607e-06,0.19643613696098328,1.5245403051376343,-0.21192465722560883,0.7713751196861267,-0.012698888704180747,0.24847757816314697,-0.01872318983078003,0.2194920778274536,-0.7029784321784973,1.0,52.911155700683594,False,0.07938146591186523,0.1917591691017151,-0.2510943114757538,0.7732647061347961,0.3905430216257349,0.0,-0.0015111178159713746,0.010241236239671714,-0.01,-0.001269881576299661,0.37626043999989633,0.15236966441391514,True,False,False,-0.012092272751033306,-0.11400803923606873,0.15236966441391514,173,False,False,17.800000000001013,-0.15111178159713745,-0.0,0.0,0.0,0.0,0.0,0.0,-0.0,0.8047558247568045,0.0,-0.0,0.0,0.4008667945624309,64
0.49944519996643066,1.309723138809204,0.6624996662139893,0.1272854208946228,6.75265994232177e-07,0.19003427028656006,1.3781994581222534,-0.21914012730121613,0.7711352705955505,-0.019756651148200032,0.3059743642807007,-0.003149688243865967,0.20591092109680176,-0.7864985466003418,1.0,52.651214599609375,False,0.4091322422027588,0.19773121178150177,-0.24736222624778748,0.7765622138977051,0.38853161386741264,0.0,-0.001886523813009262,0.010740488991141328,-0.01,-0.0011460348218679342,0.3719847690008464,0.3679422313145036,True,False,False,-0.00971553660929203,-0.11524222046136856,0.3679422313145036,174,False,False,17.900000000000958,-0.1886523813009262,-0.0,0.0,0.0,0.0,0.0,0.0,-0.0,0.8345827753528667,0.0,-0.0,0.0,0.4154048638634241,64
0.82244873046875,1.531375527381897,0.7566273212432861,0.15596464276313782,7.051543775560276e-07,0.2035621702671051,1.1324882507324219,-0.22128939628601074,0.7706894874572754,-0.00935589015483854,-0.07134842872619629,-0.22621917724609375,0.15998601913452148,-0.9984488487243652,1.0,52.358375549316406,False,0.7302939891815186,0.20726299285888672,-0.2424788773059845,0.7797738313674927,0.39552217739644446,0.0,-0.002696903347969055,0.00573742568492891,-0.01,-0.006959477663040146,0.3774854029998096,0.3852713436593069,True,False,False,-0.008102457970380783,-0.10951342433691025,0.3852713436593069,175,False,False,18.000000000000902,-0.2696903347969055,-0.0,0.0,0.0,0.0,0.0,0.0,-0.0,0.8546036466646472,0.0,-0.0,0.0,0.4246049199843545,64
0.47448277473449707,2.0547666549682617,0.6853619813919067,0.14071354269981384,8.718128583495854e-07,0.19613763689994812,1.9237478971481323,-0.22350214421749115,0.7722929120063782,-0.001099291816353785,-0.10651063919067383,-0.22186458110809326,0.2267223596572876,-0.9961318373680115,1.0,54.186161041259766,False,0.426715612411499,0.21294791996479034,-0.2599591612815857,0.7767380475997925,-0.2680805595402435,0.0,-0.002760625183582306,-0.021825243532657634,-0.01,-0.03458586871623994,0.3699659040012193,-0.3119338027040744,True,False,False,-0.03897491842508316,-0.12674473226070404,-0.3119338027040744,176,False,False,18.100000000000847,-0.2760625183582306,-0.0,0.0,0.0,0.0,0.0,0.0,-0.0,0.8191445259688438,0.0,-0.0,0.0,0.40681163780083957,64
0.17015933990478516,1.3878662586212158,0.8087729215621948,0.14241990447044373,0.34656378626823425,0.19706887006759644,0.8462260365486145,-0.23720699548721313,0.7696352005004883,-0.016680283732712298,0.12003564834594727,0.03919100761413574,-0.3952997922897339,0.2914687395095825,-1.0,53.52962112426758,False,-0.03070235252380371,0.20156046748161316,-0.2555735111236572,0.7721638679504395,0.36941135619780796,0.0,-0.0006429010629653931,0.004779834300279617,-0.01,-0.005863066762685776,0.3602996930003428,0.3651748971511981,True,False,False,0.36103931069374084,-0.10580815374851227,0.3651748971511981,177,False,False,18.20000000000079,-0.0642901062965393,-0.0,0.0,0.0,0.0,0.0,0.0,-0.0,0.8370748922349962,0.0,-0.0,0.0,0.4178945450545327,64
0.6531715393066406,1.830475926399231,0.5328580737113953,0.17201745510101318,0.9738327264785767,0.18987274169921875,1.2216801643371582,-0.23388534784317017,0.779036283493042,0.48008650624174765,0.05025506019592285,0.10572588443756104,-0.40467357635498047,0.9966764450073242,-1.0,53.4378662109375,False,0.0893712043762207,0.19975082576274872,-0.2549859881401062,0.7733646035194397,0.3746444295077209,0.0,-0.002927070260047913,0.002254270389676072,-0.01,-0.01067279987037184,0.38325858899952436,0.36952053206814145,True,False,False,0.48462116718292236,-0.10130267590284348,0.36952053206814145,178,False,False,18.300000000000736,-0.29270702600479126,-0.0,0.0,0.0,0.0,0.0,0.0,-0.0,0.8500844019217879,0.0,-0.0,0.0,0.42211513070084605,64
1.7383575439453125,1.875147819519043,0.22665560245513916,0.1386878788471222,0.0,0.189162477850914,1.3316010236740112,-0.23367522656917572,0.7838053703308105,-1.5357563743493863,0.07360184192657471,0.2775455713272095,-0.42617344856262207,0.9998818635940552,-1.0,53.54853439331055,False,0.30309557914733887,0.19805015623569489,-0.25643205642700195,0.7755018472671509,-0.136235055164498,0.0,-0.0031595906615257264,-0.01429536692798139,-0.01,-0.027454957589507115,0.30975220600157627,-0.14218571700131896,True,False,False,0.10179071128368378,-0.10989611595869064,-0.14218571700131896,179,False,False,18.40000000000068,-0.31595906615257263,-0.0,0.0,0.0,1.0,0.6375461025046963,0.0,-0.0,0.0,0.0,-0.0,0.07736539830090705,0.8929788588917295,64
2.131044864654541,1.9943952560424805,0.23674368858337402,0.15185318887233734,0.0,0.1872725486755371,2.079042911529541,-0.2250821739435196,0.7951573729515076,-0.021676602438092225,0.07604682445526123,0.2353358268737793,-0.4045654535293579,0.997206449508667,-1.0,53.39793395996094,False,0.1108705997467041,0.19829367101192474,-0.25485455989837646,0.7735795974731445,0.3890109316958107,0.0,-0.0030481499433517457,-0.02371790535748003,-0.01,-0.036766055300831775,0.39124326899946027,0.3852955822201548,True,False,False,-0.04721473902463913,-0.10668110847473145,0.3852955822201548,180,False,False,18.500000000000625,-0.30481499433517456,-0.0,0.0,0.0,1.0,0.5894906735836231,0.0,-0.0,0.0,0.0,-0.0,0.07804023417539141,0.8697374210238512,64
3.215855360031128,2.5509676933288574,0.11993596702814102,0.1539333015680313,0.0,0.1901637613773346,2.343710422515869,-0.22946618497371674,0.8084291815757751,-0.016024975553154967,0.0621873140335083,0.27349627017974854,-0.3424200415611267,0.9951367378234863,-1.0,53.36901092529297,False,-0.020551681518554688,0.19943173229694366,-0.25434571504592896,0.7722653746604919,0.393552720379037,0.0,-0.0029655402898788453,-0.031853735893964785,-0.01,-0.04481927618384363,0.38405460200010566,0.39117086374389737,True,False,False,-0.044142208993434906,-0.11602338403463364,0.39117086374389737,181,False,False,18.60000000000057,-0.2965540289878845,-0.0,-1.0,0.0,0.0,0.0,0.0,-0.0,0.7338897731489777,0.0,-0.0,0.0,-0.63602065371539,64
4.138612747192383,2.6323258876800537,0.07740657031536102,0.1609286516904831,0.0,0.19017788767814636,2.7168965339660645,-0.22746621072292328,0.8179983496665955,-0.021206632554531084,0.12060553580522537,0.07125671207904816,-0.2959900498390198,0.92097008228302,-1.0,53.37023162841797,False,-8.940696716308594e-05,0.19922536611557007,-0.25439727306365967,0.7724699974060059,0.38325669003818563,0.0,-0.002388548105955124,-0.031970990300178526,-0.01,-0.04435953840613365,0.3661412609999388,-0.2577769602937048,False,False,False,-0.044878095388412476,-0.13275346159934998,0.38325669003818563,182,False,False,18.700000000000514,-0.2388548105955124,-0.0,0.0,0.0,0.0,0.0,0.0,-0.0,0.6767148238792084,0.0,-0.0,0.0,0.3359688638336491,64
5.638182163238525,3.2549891471862793,0.07674495875835419,0.164467453956604,0.0,0.1898622363805771,3.4326846599578857,-0.22217503190040588,0.8338667750358582,-0.016084845215082175,0.01913823001086712,0.45533210039138794,-0.18623365461826324,0.9206624627113342,-1.0,53.3702392578125,False,0.0,0.19922444224357605,-0.2543974816799164,0.7724708914756775,0.39293509052378506,0.0,-0.002724989950656891,-0.030594592988491043,-0.01,-0.043319582939147935,0.37183993799953896,-0.24399642322955103,False,False,False,-0.04197319597005844,-0.1405908465385437,0.39293509052378506,183,False,False,18.80000000000046,-0.2724989950656891,-0.0,0.0,0.0,0.0,0.0,0.0,-0.0,0.6217432297263887,0.0,-0.0,0.0,0.30814662491253747,64
7.0542755126953125,3.4970011711120605,0.14127245545387268,0.16728779673576355,0.0,0.1911848783493042,3.356092691421509,-0.21891790628433228,0.8296345472335815,-0.026947191730141623,-0.1482648253440857,0.1059122085571289,-0.6447766423225403,0.5373387336730957,-1.0,53.3702392578125,False,0.0,0.19922442734241486,-0.2543974816799164,0.7724708914756775,-0.19917522524361753,0.0,-0.0018441742658615113,-0.027515704631805415,-0.01,-0.03935987889766693,0.3832193839989486,-0.2395688369982365,True,False,False,-0.03301878273487091,-0.13754519820213318,-0.2395688369982365,184,False,False,18.900000000000404,-0.18441742658615112,-0.0,0.0,0.0,0.0,0.0,0.0,-0.0,0.5724360504747696,0.0,-0.0,0.0,0.2843738509715233,64
6.284218788146973,3.46260929107666,0.06133417412638664,0.16297200322151184,0.0,0.19273994863033295,3.5416316986083984,-0.21802720427513123,0.8358650803565979,-0.006959684938192377,-0.4738175868988037,0.36938023567199707,-0.5817767381668091,-0.07261514663696289,-1.0,53.3702392578125,False,0.0,0.19922442734241486,-0.2543974816799164,0.7724708914756775,-0.1984141842021132,0.0,-0.001761704981327057,-0.013372187167406069,-0.01,-0.025133892148733124,0.38301471100021445,-0.25175774187512107,True,False,False,-0.03975974768400192,-0.1426868438720703,-0.25175774187512107,185,False,False,19.000000000000348,-0.1761704981327057,-0.0,0.0,0.0,0.0,0.0,0.0,-0.0,0.5512037940679666,0.0,-0.0,0.0,0.27384019205265625,64
6.313711166381836,3.4104812145233154,0.15817037224769592,0.15420544147491455,0.0,0.18737611174583435,3.898958921432495,-0.21409016847610474,0.8372840285301208,-0.017804788425564745,-0.999565839767456,0.9999041557312012,-0.2283840775489807,-0.2700216770172119,-1.0,53.3702392578125,False,0.0,0.19922442734241486,-0.2543974816799164,0.7724708914756775,-0.19845150672730422,0.0,-0.005310028195381165,-0.009195228815078726,-0.01,-0.024505257010459892,0.37243253999986337,-0.26151400502616695,True,False,False,-0.05197886377573013,-0.14257793128490448,-0.26151400502616695,186,False,False,19.100000000000293,-0.5310028195381165,-0.0,0.0,0.0,0.0,0.0,0.0,-0.0,0.5381952471497276,0.0,-0.0,0.0,0.2637875953794826,64
6.112593650817871,3.5486180782318115,0.29326826333999634,0.19665515422821045,0.0,0.17298106849193573,5.29163932800293,-0.19928739964962006,0.8498666286468506,-0.02394058473408221,-0.9999613761901855,0.9999955892562866,0.026050448417663574,-0.44256120920181274,-1.0,53.3702392578125,False,0.0,0.19922442734241486,-0.2543974816799164,0.7724708914756775,-0.2557046275997302,0.0,-0.005491132140159607,-0.021446578949689876,-0.01,-0.03693771108984949,0.34443210900099075,-0.30848682624567875,True,False,False,-0.06648311764001846,-0.16810131072998047,-0.30848682624567875,187,False,False,19.200000000000237,-0.5491132140159607,-0.0,0.0,0.0,0.0,0.0,0.0,-0.0,0.5003051226656312,0.0,-0.0,0.0,0.244661429192656,64
6.991762161254883,4.682219982147217,0.29060494899749756,0.16321423649787903,0.0,0.17735479772090912,4.606900215148926,-0.20346732437610626,0.8378781080245972,-0.04198013886809349,-0.9999787211418152,0.9999980926513672,0.17949271202087402,-0.5417791604995728,-1.0,53.3702392578125,False,0.0,0.19922442734241486,-0.2543974816799164,0.7724708914756775,-0.23704918427547797,0.0,-0.005814239978790283,-0.01907797038555145,-0.01,-0.03489221036434174,0.392064298999685,-0.269843183236332,True,False,False,-0.056430213153362274,-0.1317271590232849,-0.269843183236332,188,False,False,19.300000000000182,-0.5814239978790283,-0.0,0.0,0.0,0.0,0.0,0.0,-0.0,0.4668175002720435,0.0,-0.0,0.0,0.22759451015723148,64
6.230747699737549,4.345569133758545,0.0428711399435997,0.16012470424175262,0.0,0.16481968760490417,5.970712184906006,-0.18933428823947906,0.8521243333816528,-0.008049376085400607,-0.9999723434448242,0.9999985694885254,0.0658571720123291,-0.6945902109146118,-1.0,53.3702392578125,False,0.0,0.19922442734241486,-0.2543974816799164,0.7724708914756775,-0.25954535026376835,0.0,-0.0062168359756469725,-0.015764355361461646,-0.01,-0.03198119133710862,0.3735124660015572,-0.29050792938172776,True,False,False,-0.07020512968301773,-0.16060607135295868,-0.29050792938172776,189,False,False,19.400000000000126,-0.6216835975646973,-0.0,0.0,0.0,0.0,0.0,0.0,-0.0,0.43968554852571096,0.0,-0.0,0.0,0.2136259382872085,64
7.995862007141113,6.1682047843933105,0.26953619718551636,0.16774462163448334,0.0,0.16466718912124634,5.412283897399902,-0.19537895917892456,0.8412636518478394,-0.053022749796509755,-0.9999304413795471,0.999993085861206,-0.10423386096954346,-0.547931969165802,-1.0,53.3702392578125,False,0.0,0.19922442734241486,-0.2543974816799164,0.7724708914756775,-0.22782260956410472,0.0,-0.0057773530483245855,-0.015735885202884686,-0.01,-0.031513238251209275,0.3816991790008615,-0.2618820477919901,True,False,False,-0.051560282707214355,-0.1453770399093628,-0.2618820477919901,190,False,False,19.50000000000007,-0.5777353048324585,-0.0,0.0,0.0,0.0,0.0,0.0,-0.0,0.4123372206342033,0.0,-0.0,0.0,0.20039125726877707,64
7.389551162719727,6.303103446960449,0.3031889796257019,0.16920951008796692,0.0,0.1515190601348877,6.988321304321289,-0.17485472559928894,0.8548724055290222,-0.0017226503789425102,-0.9946742057800293,0.9996452331542969,-0.3629125952720642,-0.18305271863937378,-1.0,53.3702392578125,False,0.0,0.19922442734241486,-0.2543974816799164,0.7724708914756775,-0.2767092631676392,0.0,-0.005384702682495118,-0.019711127877235418,-0.01,-0.035095830559730534,0.35902191899913305,-0.3055817479268388,True,False,False,-0.04302564263343811,-0.1662653088569641,-0.3055817479268388,191,False,False,19.600000000000016,-0.5384702682495117,-0.0,0.0,0.0,0.0,0.0,0.0,-0.0,0.376681714052966,0.0,-0.0,0.0,0.1829561543439879,64
8.28866958618164,7.4372358322143555,0.05468055605888367,0.1514756977558136,0.0,0.14731912314891815,7.662320137023926,-0.15671586990356445,0.8527535796165466,-0.0013373103737831073,-0.7147407531738281,0.9070773124694824,-0.3524056673049927,0.14562106132507324,-1.0,53.3702392578125,False,0.0,0.19922442734241486,-0.2543974816799164,0.7724708914756775,-0.2502431963140831,0.0,-0.00369759738445282,-0.021995043456554425,-0.01,-0.03569264084100725,0.37378269500004535,-0.27715421879387203,True,False,False,-0.06233856827020645,-0.1488194465637207,-0.27715421879387203,192,False,False,19.69999999999996,-0.369759738445282,-0.0,0.0,0.0,0.0,0.0,0.0,-0.0,0.3360521326261954,0.0,-0.0,0.0,0.16432846892864486,64
8.484959602355957,8.63910961151123,0.06109898164868355,0.16226035356521606,0.0,0.14037463068962097,8.463597297668457,-0.14400765299797058,0.8571391701698303,-0.016377791985869392,-0.5863107442855835,0.8250811100006104,-0.7041359543800354,0.24984383583068848,-1.0,53.3702392578125,False,0.0,0.19922442734241486,-0.2543974816799164,0.7724708914756775,-0.23390025373409445,0.0,-0.003956871032714844,-0.020441778898239144,-0.01,-0.034398649930953984,0.3554723739998735,-0.2717538811894531,True,False,False,-0.04759212210774422,-0.1399545520544052,-0.2717538811894531,193,False,False,19.799999999999905,-0.3956871032714844,-0.0,0.0,0.0,0.0,0.0,0.0,-0.0,0.29815008824671874,0.0,-0.0,0.0,0.14511817309064454,64
8.69472599029541,9.077033996582031,0.05028719827532768,0.15322628617286682,0.0,0.13405108451843262,9.131433486938477,-0.13208818435668945,0.8589312434196472,-0.016461404412984854,-0.5396152138710022,0.8359260559082031,-0.7947869300842285,0.3413492441177368,-1.0,53.3702392578125,False,0.0,0.19922442734241486,-0.2543974816799164,0.7724708914756775,-0.19582690467271952,0.0,-0.004345406293869019,-0.018301090300083173,-0.01,-0.03264649659395219,0.3660530959987227,-0.23749301678603224,True,False,False,-0.051238059997558594,-0.11043760180473328,-0.23749301678603224,194,False,False,19.89999999999985,-0.43454062938690186,-0.0,0.0,0.0,0.0,0.0,0.0,-0.0,0.26418971357241106,0.0,-0.0,0.0,0.12774945049233652,64
9.24515151977539,9.594282150268555,0.12623170018196106,0.1609412431716919,0.0,0.12616150081157684,9.664499282836914,-0.12491446733474731,0.8598599433898926,-0.029374845176935175,-0.5150033235549927,0.8856568336486816,-0.8464767932891846,0.3677797317504883,-1.0,53.3702392578125,False,0.0,0.19922442734241486,-0.2543974816799164,0.7724708914756775,-0.22109678082169817,0.0,-0.004753503203392029,-0.016980178654193878,-0.01,-0.031733681857585905,0.3734962920007092,-0.25903848056494094,True,False,False,-0.05948300287127495,-0.09365638345479965,-0.25903848056494094,195,False,False,19.999999999999794,-0.4753503203392029,-0.0,0.0,0.0,0.0,0.0,0.0,-0.0,0.23255497188890906,0.0,-0.0,0.0,0.1115239827410625,64
8.781814575195312,9.262872695922852,0.2117733210325241,0.17232590913772583,0.0,0.125714972615242,9.79365348815918,-0.1180439367890358,0.8564174771308899,-0.03584729693830015,-0.4453189969062805,0.9499164819717407,-0.8879359364509583,0.3864016532897949,-1.0,53.3702392578125,False,0.0,0.19922442734241486,-0.2543974816799164,0.7724708914756775,-0.2121412905398662,0.0,-0.005095967054367065,-0.015678565502166744,-0.01,-0.03077453255653381,0.3777497239989316,-0.2527140690189667,True,False,False,-0.08678185194730759,-0.0885954201221466,-0.2527140690189667,196,False,False,20.09999999999974,-0.5095967054367065,-0.0,0.0,0.0,0.0,0.0,0.0,-0.0,0.20323012813963237,0.0,-0.0,0.0,0.09651909701544913,64
8.902263641357422,9.611860275268555,0.1976744532585144,0.1413394808769226,0.0,0.11826504021883011,10.267353057861328,-0.11185286194086075,0.856987476348877,-0.03752719834446909,-0.3042525053024292,0.9791524410247803,-0.9366860389709473,0.5426853895187378,-1.0,53.3702392578125,False,0.0,0.19922442734241486,-0.2543974816799164,0.7724708914756775,-0.2222534324251575,0.0,-0.005557993650436402,-0.01425207436084748,-0.01,-0.029810068011283882,0.425461216000258,-0.2514928510966914,True,False,False,-0.08829672634601593,-0.07303553819656372,-0.2514928510966914,197,False,False,20.199999999999683,-0.5557993650436401,-0.0,0.0,0.0,0.0,0.0,0.0,-0.0,0.1764908690495559,0.0,-0.0,0.0,0.08268744087434156,64
8.168947219848633,10.026494026184082,0.19448237121105194,0.12288437783718109,0.0,0.12433755397796631,9.954283714294434,-0.1133793443441391,0.8551943898200989,-0.06083086818456652,-0.2568413019180298,0.9840137958526611,-0.9572371244430542,0.5585174560546875,-1.0,53.3702392578125,False,0.0,0.19922442734241486,-0.2543974816799164,0.7724708914756775,-0.19530280770528513,0.0,-0.005656238198280335,-0.012615930736064915,-0.01,-0.02827216893434525,0.35757359200033534,-0.22891656350292333,True,False,False,-0.07956886291503906,-0.07688228785991669,-0.22891656350292333,198,False,False,20.299999999999628,-0.5656238198280334,-0.0,0.0,0.0,0.0,0.0,0.0,-0.0,0.15278690340628787,0.0,-0.0,0.0,0.0707372135048636,64
8.69736099243164,10.2730131149292,0.1891493797302246,0.14420342445373535,0.0,0.12666282057762146,9.464749336242676,-0.11684402823448181,0.8462982773780823,-0.06697504028677938,-0.509853720664978,1.0,-0.41800323128700256,0.7301163673400879,-1.0,53.3702392578125,False,0.0,0.19922442734241486,-0.2543974816799164,0.7724708914756775,0.6814599825977468,0.0,-0.004919368624687195,-0.011435846090316767,-0.01,-0.02635521471500396,0.39017505400079244,-0.22143819162901932,False,False,False,-0.04979206621646881,-0.10081206262111664,0.6814599825977468,199,False,False,20.399999999999572,-0.4919368624687195,-0.0,0.0,0.0,0.0,0.0,0.0,-0.0,0.13122756395830493,0.0,-0.0,0.0,0.060694413354465265,64
7.424521446228027,10.121562004089355,0.17584437131881714,0.14953836798667908,0.0,0.11326929926872253,10.587316513061523,-0.10374898463487625,0.8534867763519287,-0.018048484027385722,-0.6622375845909119,0.9922432899475098,-0.9911909699440002,0.7892522811889648,-1.0,53.3702392578125,False,0.0,0.19922442734241486,-0.2543974816799164,0.7724708914756775,0.7562882436001355,0.0,-0.007571210265159607,-0.010235711336135864,-0.01,-0.02780692160129547,0.3690002410003217,0.7249084538907384,True,False,False,-0.048024632036685944,-0.09513287246227264,0.7249084538907384,200,False,False,20.499999999999517,-0.7571210265159607,-0.0,0.0,0.0,0.0,0.0,0.0,-0.0,0.11187486160388138,0.0,-0.0,0.0,0.048366220536781086,64
8.278965950012207,11.021437644958496,0.14762341976165771,0.13275361061096191,0.0,0.11270426958799362,11.169021606445312,-0.08666291832923889,0.8532868027687073,-0.022967698872089375,-0.6183212995529175,0.994429349899292,-0.988380491733551,0.6882637739181519,-1.0,53.3702392578125,False,0.0,0.19922442734241486,-0.2543974816799164,0.7724708914756775,0.7752290533311179,0.0,-0.0070545351505279545,-0.008654675185680388,-0.01,-0.025709210336208342,0.3659282170010556,0.7180494639627646,True,False,False,-0.05193965137004852,-0.10435546934604645,0.7180494639627646,201,False,False,20.59999999999946,-0.7054535150527954,-0.0,0.0,0.0,0.0,0.0,0.0,-0.0,0.09552072041869997,0.0,-0.0,0.0,0.04070582505882203,64
7.766490936279297,11.401927947998047,0.09671866148710251,0.11965514719486237,0.0,0.10350509732961655,12.005061149597168,-0.07322420924901962,0.8557301163673401,-0.023642428517341607,-0.6701341867446899,0.9936938285827637,-0.9861526489257812,0.7686967849731445,-1.0,53.3702392578125,False,0.0,0.19922442734241486,-0.2543974816799164,0.7724708914756775,0.758447892407135,0.0,-0.007499747276306153,-0.0075233775377273535,-0.01,-0.025023124814033508,0.3967192439995415,0.6523718323251179,True,False,False,-0.07201309502124786,-0.19599059224128723,0.6523718323251179,202,False,False,20.699999999999406,-0.7499747276306152,-0.0,0.0,0.0,0.0,0.0,0.0,-0.0,0.08128676856770312,0.0,-0.0,0.0,0.033143637007545405,64
7.619875907897949,11.476690292358398,0.14311037957668304,0.12425976246595383,0.0,0.10666842758655548,11.29050064086914,-0.0806954950094223,0.8449279069900513,-0.07396439075469971,-0.6792181730270386,0.9939451217651367,-0.9810924530029297,0.748845100402832,-1.0,53.3702392578125,False,0.0,0.19922442734241486,-0.2543974816799164,0.7724708914756775,0.6840034855330199,0.0,-0.007431439161300659,-0.006462309360504154,-0.01,-0.023893748521804814,0.3695841079988895,0.5798158448538246,True,False,False,-0.09653808176517487,-0.21087276935577393,0.5798158448538246,203,False,False,20.79999999999935,-0.7431439161300659,-0.0,0.0,0.0,0.0,0.0,0.0,-0.0,0.06905268166716771,0.0,-0.0,0.0,0.0270949016722832,64
6.203132629394531,10.512835502624512,0.1458180546760559,0.10942167043685913,0.0,0.11813083291053772,9.38288688659668,-0.11031518876552582,0.8287816047668457,-0.09677604526281355,-0.7719893455505371,0.9765689373016357,-0.9740374088287354,0.884238600730896,-0.9998689889907837,53.3702392578125,False,0.0,0.19922442734241486,-0.2543974816799164,0.7724708914756775,-0.4249481851370459,0.0,-0.008200703263282776,-0.005606086552143098,-0.01,-0.023806789815425874,0.37059141700046894,-0.4590882863160975,True,False,False,-0.0911826640367508,-0.2532150149345398,-0.4590882863160975,204,False,False,20.899999999999295,-0.8200703263282776,-0.0,0.0,0.0,0.0,0.0,0.0,-0.0,0.0584247362615985,0.0,-0.0,0.0,0.021011664867516475,64
0.22719502449035645,4.590240001678467,0.37448590993881226,0.14276346564292908,4.5637401058229443e-07,0.14457166194915771,5.843142032623291,-0.1370246410369873,0.7757395505905151,-0.08947353839874267,-0.6783820390701294,0.8407435417175293,-0.9430363774299622,0.9541175365447998,0.999584436416626,53.3702392578125,False,0.0,0.19922442734241486,-0.2543974816799164,0.7724708914756775,-0.4048775288870381,0.0,-0.0074167740345001225,-0.004636189341545104,-0.01,-0.022052963376045225,0.3730743910000456,-0.44676087992286956,True,False,False,-0.13223358988761902,-0.29358869791030884,-0.44676087992286956,205,False,False,20.99999999999924,-0.7416774034500122,-0.0,0.0,0.0,0.0,0.0,0.0,-0.0,0.04964884563175942,0.0,-0.0,0.0,0.017407648781379587,64
0.1943647861480713,4.925332069396973,0.2183026373386383,0.13247454166412354,3.5541422249707466e-08,0.14924860000610352,5.076530456542969,-0.15305979549884796,0.7734532952308655,-0.026942029148340225,0.320493221282959,-0.4185558557510376,-0.2712818384170532,0.683260440826416,1.0,53.3702392578125,False,0.0,0.19922442734241486,-0.2543974816799164,0.7724708914756775,-0.2615693882138461,0.0,-0.002045858949422836,-0.0021563169360160825,-0.01,-0.01420217588543892,0.3458840479997889,-0.2873364225745614,True,False,False,-0.056419722735881805,-0.24706342816352844,-0.2873364225745614,206,False,False,21.099999999999184,-0.20458589494228363,-0.0,0.0,0.0,0.0,0.0,0.0,-0.0,0.04579417968996058,0.0,-0.0,0.0,0.020851230895557453,64
0.20018219947814941,4.672749042510986,0.37694188952445984,0.14287403225898743,4.588027291418939e-09,0.1518479287624359,5.477816104888916,-0.13943016529083252,0.774461567401886,-0.007041353881359102,0.7989239692687988,-0.8227102756500244,0.06953561305999756,0.10597670078277588,1.0,53.3702392578125,False,0.0,0.19922442734241486,-0.2543974816799164,0.7724708914756775,-0.2894051821868364,0.0,-0.0033279949426651,0.000928984284400941,-0.01,-0.012399010658264159,0.34609510700101964,-0.30025553788653403,True,False,False,-0.04874102398753166,-0.2948138117790222,-0.30025553788653403,207,False,False,21.19999999999913,-0.33279949426651,-0.0,0.0,0.0,0.0,0.0,0.0,-0.0,0.04813342891074357,0.0,-0.0,0.0,0.020738719512706685,64
0.2601027488708496,5.225839138031006,0.582203209400177,0.1553899496793747,7.229650211826311e-09,0.16434800624847412,3.987239360809326,-0.17123690247535706,0.7740510702133179,-0.023862198889255525,0.9490232467651367,-0.8701044321060181,0.3003408908843994,-0.4056996703147888,1.0,53.3702392578125,False,0.0,0.19922442734241486,-0.2543974816799164,0.7724708914756775,-0.22549786709759373,0.0,-0.004781309366226196,0.0030286449193954457,-0.01,-0.01175266444683075,0.37984897999922396,-0.23518504709150787,True,False,False,-0.04003935679793358,-0.2515775263309479,-0.23518504709150787,208,False,False,21.299999999999073,-0.47813093662261963,-0.0,0.0,0.0,0.0,0.0,0.0,-0.0,0.05473813411856698,0.0,-0.0,0.0,0.022587757693057296,64
0.21224021911621094,4.383091449737549,0.5693110227584839,0.1272813081741333,1.7312777877975805e-09,0.1636958122253418,4.883879661560059,-0.14593468606472015,0.7749958634376526,0.005504304766654974,0.9733703136444092,-0.9290943741798401,0.5333765745162964,-0.53300541639328,1.0,53.3702392578125,False,0.0,0.19922442734241486,-0.2543974816799164,0.7724708914756775,-0.283421728481937,0.0,-0.005948128700256348,0.004933404922485354,-0.01,-0.011014723777770994,0.40091278399995645,-0.2898717675056521,True,False,False,-0.03687475621700287,-0.30891603231430054,-0.2898717675056521,209,False,False,21.399999999999018,-0.5948128700256348,-0.0,0.0,0.0,0.0,0.0,0.0,-0.0,0.06525749010605786,0.0,-0.0,0.0,0.02668061635277258,64
0.27658939361572266,5.042364597320557,0.5854784250259399,0.12846364080905914,2.547545285835895e-09,0.1668863147497177,4.269963264465332,-0.16104286909103394,0.7748770713806152,-0.010836239457130435,0.9776324033737183,-0.8927382826805115,0.5032973289489746,-0.6438640356063843,1.0,53.3702392578125,False,0.0,0.19922442734241486,-0.2543974816799164,0.7724708914756775,-0.2924273144678218,0.0,-0.006051539778709412,0.0063880351185798614,-0.01,-0.009663504660129552,0.37521259100140014,-0.3063567248538826,True,False,False,-0.03843756020069122,-0.3190579116344452,-0.3063567248538826,210,False,False,21.499999999998963,-0.6051539778709412,-0.0,0.0,0.0,0.0,0.0,0.0,-0.0,0.0788217775868485,0.0,-0.0,0.0,0.03335934901471484,64
0.2658665180206299,4.097622871398926,0.485000342130661,0.1269947588443756,6.438721777968226e-10,0.16933028399944305,4.289616584777832,-0.15860725939273834,0.775475025177002,-7.57211446762102e-05,0.9596641063690186,-0.9314397573471069,0.4024322032928467,-0.75098717212677,1.0,53.3702392578125,False,0.0,0.19922442734241486,-0.2543974816799164,0.7724708914756775,-0.2841782854978805,0.0,-0.006286171674728394,0.007652568817138675,-0.01,-0.008633602857589719,0.37306485999943106,-0.3176485175888486,True,False,False,-0.04528205841779709,-0.3191937208175659,-0.3176485175888486,211,False,False,21.599999999998907,-0.6286171674728394,-0.0,0.0,0.0,0.0,0.0,0.0,-0.0,0.09507777709805454,0.0,-0.0,0.0,0.04125271687429888,64
0.290149450302124,4.305144786834717,0.4111414849758148,0.1420484483242035,3.900733902550968e-10,0.17422115802764893,3.919268846511841,-0.16537757217884064,0.7760257720947266,-0.004295461475849153,0.9295985698699951,-0.9496864080429077,0.43397343158721924,-0.7401043176651001,1.0,53.3702392578125,False,0.0,0.19922442734241486,-0.2543974816799164,0.7724708914756775,-0.26054138132435345,0.0,-0.00625536322593689,0.009197890758514404,-0.01,-0.007057472467422486,0.37096158800159174,-0.2919188653769953,True,False,False,-0.03814306855201721,-0.2916860580444336,-0.2919188653769953,212,False,False,21.69999999999885,-0.625536322593689,-0.0,0.0,0.0,0.0,0.0,0.0,-0.0,0.11461978141847884,0.0,-0.0,0.0,0.05105452748330253,64
0.28948187828063965,3.5807292461395264,0.3767094314098358,0.13437457382678986,6.360105220259982e-10,0.18366722762584686,3.2954182624816895,-0.17460434138774872,0.7759830951690674,-0.006631420254707333,0.9072592258453369,-0.9379628300666809,0.33696460723876953,-0.7296693921089172,1.0,53.3702392578125,False,0.0,0.19922442734241486,-0.2543974816799164,0.7724708914756775,-0.17432187332011662,0.0,-0.005872140526771545,0.010834178030490874,-0.01,-0.005037962496280672,0.3805288309995376,-0.22380750963253304,True,False,False,-0.03522110730409622,-0.23787251114845276,-0.22380750963253304,213,False,False,21.799999999998796,-0.5872140526771545,-0.0,0.0,0.0,0.0,0.0,0.0,-0.0,0.1376647647202378,0.0,-0.0,0.0,0.06296024183334736,64
0.2996385097503662,3.0051395893096924,0.2837374806404114,0.14253777265548706,1.3266523435362387e-09,0.1855311393737793,3.2591521739959717,-0.17268399894237518,0.7748386859893799,0.005620957314968105,0.8940837383270264,-0.9293882846832275,0.24208438396453857,-0.7411637306213379,1.0,53.3702392578125,False,0.0,0.19922442734241486,-0.2543974816799164,0.7724708914756775,-0.21408966627603365,0.0,-0.005677692294120788,0.012552822232246394,-0.01,-0.0031248700618743946,0.37094597299983434,-0.2690186207177372,True,False,False,-0.04328359290957451,-0.2641279697418213,-0.2690186207177372,214,False,False,21.89999999999874,-0.5677692294120789,-0.0,0.0,0.0,0.0,0.0,0.0,-0.0,0.1644145015912093,0.0,-0.0,0.0,0.07652955850148385,64
0.21246671676635742,3.227114200592041,0.1545729637145996,0.15054339170455933,3.309463592060524e-09,0.1813744753599167,3.929887294769287,-0.15799832344055176,0.7761183977127075,0.02602589905261994,0.8675439357757568,-0.9032109379768372,0.1903221607208252,-0.7072562575340271,1.0,53.3702392578125,False,0.0,0.19922442734241486,-0.2543974816799164,0.7724708914756775,-0.13940364830398536,0.0,-0.005262141227722168,0.014316671788692475,-0.01,-0.0009454694390296928,0.371078699001373,-0.19462621064595792,True,False,False,-0.017956169322133064,-0.18750707805156708,-0.19462621064595792,215,False,False,21.999999999998685,-0.5262141227722168,-0.0,0.0,0.0,0.0,0.0,0.0,-0.0,0.19499781510620573,0.0,-0.0,0.0,0.09223676632538069,64
0.29512643814086914,3.48653244972229,0.18443763256072998,0.15194576978683472,1.4792369551486217e-09,0.18912115693092346,2.606661558151245,-0.18903455138206482,0.7752045392990112,-0.02481090307235717,0.7888686656951904,-0.7920855283737183,0.21030771732330322,-0.509048581123352,1.0,53.3702392578125,False,0.0,0.19922442734241486,-0.2543974816799164,0.7724708914756775,-0.16790554486127818,0.0,-0.0038826829195022583,0.01526975333690643,-0.01,0.0013870704174041718,0.3696871789998113,-0.24371706310704339,True,False,False,-0.02577104978263378,-0.2023352086544037,-0.24371706310704339,216,False,False,22.09999999999863,-0.38826829195022583,-0.0,0.0,0.0,0.0,0.0,0.0,-0.0,0.22781550021132857,0.0,-0.0,0.0,0.11002506718616202,64
0.2962470054626465,2.828873634338379,0.22876039147377014,0.15489938855171204,9.38756739010671e-10,0.1915581226348877,2.8315939903259277,-0.1800898164510727,0.775444746017456,0.018305878937244405,0.7372534275054932,-0.8044193387031555,0.1882385015487671,-0.32701653242111206,1.0,53.3702392578125,False,0.0,0.19922442734241486,-0.2543974816799164,0.7724708914756775,-0.17546806903331147,0.0,-0.003332516551017761,0.015195122063159955,-0.01,0.0018626055121421935,0.37827946499965037,-0.27553469424157045,True,False,False,-0.013949904590845108,-0.2213689386844635,-0.27553469424157045,217,False,False,22.199999999998575,-0.3332516551017761,-0.0,0.0,0.0,0.0,0.0,0.0,-0.0,0.26081385198304785,0.0,-0.0,0.0,0.12707440944050616,64
0.26932358741760254,2.692366123199463,0.3656816780567169,0.15212909877300262,3.6027021366180634e-09,0.18384744226932526,3.2224953174591064,-0.17742159962654114,0.7767928838729858,0.015287127196788791,0.6199712753295898,-0.6780763268470764,0.21336722373962402,0.11803197860717773,1.0,53.3702392578125,False,0.0,0.19922442734241486,-0.2543974816799164,0.7724708914756775,-0.11731288479994165,0.0,-0.00225902259349823,0.013624692857265475,-0.01,0.0013656702637672444,0.3676315290013008,-0.24035713000025075,True,False,False,-0.015443706884980202,-0.17626512050628662,-0.24035713000025075,218,False,False,22.29999999999852,-0.225902259349823,-0.0,0.0,0.0,0.0,0.0,0.0,-0.0,0.29097297711179937,0.0,-0.0,0.0,0.14322746596240146,64
0.42107105255126953,3.3881471157073975,0.4223967492580414,0.14143213629722595,5.2701207842176245e-09,0.1869181990623474,3.6200497150421143,-0.16147994995117188,0.7758486270904541,0.007672730982303597,0.249059796333313,-0.49083566665649414,0.2757375240325928,0.5616610050201416,1.0,53.3702392578125,False,0.0,0.19922442734241486,-0.2543974816799164,0.7724708914756775,-0.12939623481815687,0.0,-0.0017361119389533997,0.007471188604831702,-0.01,-0.004264923334121698,0.379631731999325,-0.2522126383761152,True,False,False,-0.017730455845594406,-0.159563809633255,-0.2522126383761152,219,False,False,22.399999999998464,-0.17361119389533997,-0.0,0.0,0.0,0.0,0.0,0.0,-0.0,0.30900544021862386,0.0,-0.0,0.0,0.15276660817035853,64
0.36159753799438477,3.824089765548706,0.3954462707042694,0.13202068209648132,3.1109106402027464e-09,0.18757033348083496,2.456390380859375,-0.19533932209014893,0.7754503488540649,-0.05234131254255773,0.032410502433776855,-0.3414044976234436,0.24683284759521484,0.4235844612121582,1.0,53.3702392578125,False,0.0,0.19922442734241486,-0.2543974816799164,0.7724708914756775,-0.17825542754247078,0.0,-0.0008948943763971329,0.0009625136852264293,-0.01,-0.009932380691170703,0.36472434700044687,-0.29605004669761587,True,False,False,-0.03266841918230057,-0.2033509612083435,-0.29605004669761587,220,False,False,22.49999999999841,-0.08948943763971329,-0.0,0.0,0.0,0.0,0.0,0.0,-0.0,0.3140711965851821,0.0,-0.0,0.0,0.15614070391619392,64
0.31902194023132324,2.6192641258239746,0.2617843449115753,0.13513940572738647,9.806313538973654e-10,0.19039082527160645,1.6574889421463013,-0.2158653885126114,0.7748298645019531,-0.037912060990929614,-0.0983847975730896,-0.4285929203033447,0.06464111804962158,0.24076879024505615,1.0,53.3702392578125,False,0.0,0.19922442734241486,-0.2543974816799164,0.7724708914756775,-0.10051047346754238,0.0,-0.0006387988477945328,-0.0002035397291183516,-0.01,-0.010842338576912885,0.37235093299932487,-0.2251394981623745,True,False,False,-0.028413809835910797,-0.16074427962303162,-0.2251394981623745,221,False,False,22.599999999998353,-0.06387988477945328,-0.0,0.0,0.0,0.0,0.0,0.0,-0.0,0.3168324052741742,0.0,-0.0,0.0,0.1577774037892926,64
0.2853274345397949,1.9021087884902954,0.27770447731018066,0.12240930646657944,1.0300540864704999e-08,0.1866062730550766,2.0831844806671143,-0.20693600177764893,0.7748867869377136,-0.0005323737859725876,-0.057839274406433105,-0.5053180456161499,0.03950357437133789,0.21205604076385498,1.0,53.3702392578125,False,0.0,0.19922442734241486,-0.2543974816799164,0.7724708914756775,-0.12230928205657368,0.0,-0.0007630500197410583,0.0015170347690582342,-0.01,-0.009246015250682825,0.3399547810004151,-0.2229725458159201,True,False,False,-0.019230356439948082,-0.16750812530517578,-0.2229725458159201,222,False,False,22.699999999998298,-0.07630500197410583,-0.0,0.0,0.0,0.0,0.0,0.0,-0.0,0.3230974597832923,0.0,-0.0,0.0,0.1607856798719051,64
0.3580808639526367,2.5375590324401855,0.3418465256690979,0.13625121116638184,1.7746679681351907e-09,0.1744033247232437,3.2200124263763428,-0.18570561707019806,0.7755582928657532,0.012274235412478454,-0.0460890531539917,-0.48568201065063477,0.0624232292175293,0.10253715515136719,1.0,53.3702392578125,False,0.0,0.19922442734241486,-0.2543974816799164,0.7724708914756775,-0.11789903862508103,0.0,-0.0006310544162988663,0.002626021206378948,-0.01,-0.008005033209919918,0.37299193299986655,-0.2006530090882877,True,False,False,-0.010838070884346962,-0.14054352045059204,-0.2006530090882877,223,False,False,22.799999999998242,-0.06310544162988663,-0.0,0.0,0.0,0.0,0.0,0.0,-0.0,0.33166616721502906,0.0,-0.0,0.0,0.16520202919121565,64
0.310593843460083,2.9794909954071045,0.3436282277107239,0.13926143944263458,7.300667625997903e-09,0.181880921125412,2.807812452316284,-0.18969815969467163,0.774662435054779,-0.01679071731865407,-0.09818565845489502,-0.4027366638183594,0.3692694902420044,-0.04202312231063843,1.0,53.3702392578125,False,0.0,0.19922442734241486,-0.2543974816799164,0.7724708914756775,-0.12962546598995706,0.0,-0.0007749078422784805,0.003282606601715088,-0.01,-0.007492301240563393,0.36782351399961044,-0.21852798208105084,True,False,False,-0.025269754230976105,-0.14325833320617676,-0.21852798208105084,224,False,False,22.899999999998187,-0.07749078422784805,-0.0,0.0,0.0,0.0,0.0,0.0,-0.0,0.3416479352141072,0.0,-0.0,0.0,0.1700490597647751,64
0.28345584869384766,3.119692325592041,0.39672204852104187,0.14843595027923584,4.208716930520495e-09,0.17773708701133728,2.63081431388855,-0.1986050009727478,0.7741155028343201,-0.016277302205562588,0.0016984939575195312,-0.3910176157951355,0.3955075740814209,0.11955010890960693,1.0,53.3702392578125,False,0.0,0.19922442734241486,-0.2543974816799164,0.7724708914756775,-0.12824054207623423,0.0,-0.000809040367603302,0.0028677889704704362,-0.01,-0.007941251397132866,0.35252527199918404,-0.234693991984479,True,False,False,-0.018302300944924355,-0.15542328357696533,-0.234693991984479,225,False,False,22.99999999999813,-0.0809040367603302,-0.0,0.0,0.0,0.0,0.0,0.0,-0.0,0.35089241809292426,0.0,-0.0,0.0,0.17463716867885884,64
0.23396015167236328,2.784313917160034,0.16098371148109436,0.1279953420162201,2.575240909408194e-09,0.17765475809574127,2.9338479042053223,-0.18890133500099182,0.773420512676239,-0.006990575343370448,-0.03712797164916992,-0.43572354316711426,0.3933199644088745,0.04718935489654541,1.0,53.3702392578125,False,0.0,0.19922442734241486,-0.2543974816799164,0.7724708914756775,-0.12174284736199503,0.0,-0.0008704023063182831,0.0020544251799583524,-0.01,-0.00881597712635993,0.329149110999424,-0.2457885281774443,True,False,False,-0.02242889255285263,-0.14787305891513824,-0.2457885281774443,226,False,False,23.099999999998076,-0.08704023063182831,-0.0,0.0,0.0,0.0,0.0,0.0,-0.0,0.3585870868073109,0.0,-0.0,0.0,0.17842314109733715,64
0.12962818145751953,2.72102952003479,0.20678292214870453,0.1361026018857956,1.47878287393155e-09,0.1747889369726181,3.0994534492492676,-0.187832772731781,0.7744542956352234,-0.008837438151240358,0.06848776340484619,-0.3697843551635742,0.582538366317749,-0.007219195365905762,1.0,53.3702392578125,False,0.0,0.19922442734241486,-0.2543974816799164,0.7724708914756775,-0.11329860433657143,0.0,-0.0012020852416753768,0.002831892967224109,-0.01,-0.008370192274451268,0.3684450820001075,-0.2384157043799412,True,False,False,-0.026880484074354172,-0.136493518948555,-0.2384157043799412,227,False,False,23.19999999999802,-0.12020852416753769,-0.0,0.0,0.0,0.0,0.0,0.0,-0.0,0.36793024943625197,0.0,-0.0,0.0,0.18276303947645062,64
0.17908215522766113,3.261587142944336,0.15157312154769897,0.13058707118034363,2.7412527359160777e-08,0.17094993591308594,3.412574529647827,-0.18284235894680023,0.7750185132026672,-0.00849748030304908,0.09003305435180664,-0.3077082633972168,0.683509111404419,0.0035811662673950195,1.0,53.3702392578125,False,0.0,0.19922442734241486,-0.2543974816799164,0.7724708914756775,-0.13020282274002365,0.0,-0.001424969583749771,0.0027474415302276567,-0.01,-0.008677528053522114,0.3769002280005225,-0.25168508146845625,True,False,False,-0.023079322651028633,-0.1257026493549347,-0.25168508146845625,228,False,False,23.299999999997965,-0.1424969583749771,-0.0,0.0,0.0,0.0,0.0,0.0,-0.0,0.3771970506959086,0.0,-0.0,0.0,0.18717355576420452,64
0.21058917045593262,2.9249792098999023,0.16998052597045898,0.15282337367534637,1.0121139837337978e-07,0.19017887115478516,2.1157660484313965,-0.2000514715909958,0.7725523114204407,-0.02946691006422043,0.08405530452728271,-0.18724316358566284,0.7615453004837036,-0.05121719837188721,1.0,53.3702392578125,False,0.0,0.19922442734241486,-0.2543974816799164,0.7724708914756775,-0.1289889110759837,0.0,-0.001561749279499054,0.0019517570734023937,-0.01,-0.00960999220609666,0.37185670800135995,-0.25501887043310023,True,False,False,-0.02807794138789177,-0.1246042549610138,-0.25501887043310023,229,False,False,23.39999999999791,-0.1561749279499054,-0.0,0.0,0.0,0.0,0.0,0.0,-0.0,0.38495013550969015,0.0,-0.0,0.0,0.190913318475346,64
0.015288591384887695,2.389643430709839,0.19075921177864075,0.140959233045578,2.2680357147919494e-08,0.1822129189968109,2.735692262649536,-0.19012506306171417,0.7732577323913574,-0.007290260493755334,0.21193623542785645,-0.3781319856643677,0.693777322769165,0.394747257232666,1.0,53.3702392578125,False,0.0,0.19922442734241486,-0.2543974816799164,0.7724708914756775,-0.12354414885895518,0.0,-0.002062632739543915,-9.878814220429244e-05,-0.01,-0.012161420881748208,0.3995761580008548,-0.24311966600239593,True,False,False,-0.027726667001843452,-0.13256065547466278,-0.24311966600239593,230,False,False,23.499999999997854,-0.20626327395439148,-0.0,0.0,0.0,0.0,0.0,0.0,-0.0,0.3886388674333765,0.0,-0.0,0.0,0.19225680097714434,64
0.10118484497070312,2.525660514831543,0.2273281365633011,0.11925047636032104,8.990959976529211e-09,0.17741145193576813,2.9233946800231934,-0.18998055160045624,0.7739428281784058,-0.017947728335857404,0.23892438411712646,-0.2684839963912964,0.7233102321624756,0.21033835411071777,1.0,53.3702392578125,False,0.0,0.19922442734241486,-0.2543974816799164,0.7724708914756775,-0.11343821863086681,0.0,-0.001741470992565155,-0.0024486914277076777,-0.01,-0.014190162420272833,0.3846052859989868,-0.2414701067420523,True,False,False,-0.02974197268486023,-0.1273835003376007,-0.2414701067420523,231,False,False,23.5999999999978,-0.1741470992565155,-0.0,0.0,0.0,0.0,0.0,0.0,-0.0,0.3876177449949475,0.0,-0.0,0.0,0.19206740150490859,64
0.13170838356018066,2.3406803607940674,0.189952552318573,0.12140347063541412,1.7417575159939247e-09,0.1896813064813614,1.9745618104934692,-0.2054288387298584,0.7731959819793701,-0.025526011288166037,0.17130398750305176,-0.1951809525489807,0.7330892086029053,0.08181262016296387,1.0,53.3702392578125,False,0.0,0.19922442734241486,-0.2543974816799164,0.7724708914756775,-0.12196145280027987,0.0,-0.001528884470462799,-0.0015317845344543501,-0.01,-0.013060669004917149,0.3556701779998548,-0.23365270812099123,True,False,False,-0.029949963092803955,-0.11736887693405151,-0.23365270812099123,232,False,False,23.699999999997743,-0.1528884470462799,-0.0,0.0,0.0,0.0,0.0,0.0,-0.0,0.38843842614812807,0.0,-0.0,0.0,0.19269032860360125,64
0.05532503128051758,2.0523722171783447,0.04730025678873062,0.10974767059087753,6.064819313422731e-09,0.1891087293624878,1.9205385446548462,-0.2073177695274353,0.772891640663147,-0.01587373048067094,0.18862056732177734,-0.34880733489990234,0.6247680187225342,0.16468191146850586,1.0,53.3702392578125,False,0.0,0.19922442734241486,-0.2543974816799164,0.7724708914756775,-0.12122326485519193,0.0,-0.0014367488026618958,-0.0008549293875694253,-0.01,-0.01229167819023132,0.3010485199993127,-0.23896433389193908,True,False,False,-0.03095475398004055,-0.13518428802490234,-0.23896433389193908,233,False,False,23.799999999997688,-0.14367488026618958,-0.0,0.0,0.0,0.0,0.0,0.0,-0.0,0.3906349315717619,0.0,-0.0,0.0,0.19388071698321904,64
0.0009179115295410156,1.6909857988357544,0.12378046661615372,0.11381344497203827,9.668677414254034e-09,0.17885123193264008,1.8844687938690186,-0.21984229981899261,0.7740765810012817,-0.015484111905097974,0.18472087383270264,-0.356412410736084,0.6117708683013916,0.07188165187835693,1.0,53.3702392578125,False,0.0,0.19922442734241486,-0.2543974816799164,0.7724708914756775,-0.09343339486785208,0.0,-0.0013514554500579834,-0.00030633330345153365,-0.01,-0.011657788753509517,0.36266594100015936,-0.21358396756403122,True,False,False,-0.031772494316101074,-0.12393873929977417,-0.21358396756403122,234,False,False,23.899999999997632,-0.13514554500579834,-0.0,0.0,0.0,0.0,0.0,0.0,-0.0,0.3939619020621883,0.0,-0.0,0.0,0.19562949558103615,64
0.0832676887512207,1.518404483795166,0.10838160663843155,0.1064477488398552,6.149373454888973e-09,0.19095569849014282,1.7046993970870972,-0.2120359241962433,0.772981584072113,-0.012611430883407585,-0.01264047622680664,-0.3581616282463074,0.6023519039154053,-0.22977536916732788,1.0,53.3702392578125,False,0.0,0.19922442734241486,-0.2543974816799164,0.7724708914756775,-0.08256129644762722,0.0,-0.0013601601123809815,0.0021956074237823586,-0.01,-0.009164552688598624,0.38535652800055686,-0.14632170426600838,True,False,False,-0.031182534992694855,-0.13725480437278748,-0.14632170426600838,235,False,False,23.999999999997577,-0.13601601123809814,-0.0,0.0,0.0,0.0,0.0,0.0,-0.0,0.4023768719385209,0.0,-0.0,0.0,0.19982827585687946,64
0.0023424625396728516,1.6507545709609985,0.09435515105724335,0.11562619358301163,1.1060461879708328e-08,0.18937000632286072,1.5974348783493042,-0.2171303629875183,0.7732723951339722,-0.00730916529893875,0.16078412532806396,-0.2673739194869995,0.5975899696350098,-0.29291754961013794,1.0,53.3702392578125,False,0.0,0.19922442734241486,-0.2543974816799164,0.7724708914756775,-0.11858612791561399,0.0,-0.0013506370782852173,0.005787252485752098,-0.01,-0.005563384592533119,0.36555251899881114,-0.24607210770367774,True,False,False,-0.02488059364259243,-0.13906031847000122,-0.24607210770367774,236,False,False,24.09999999999752,-0.13506370782852173,-0.0,0.0,0.0,0.0,0.0,0.0,-0.0,0.4181326865335444,0.0,-0.0,0.0,0.20771570618848698,64
0.04342198371887207,1.3165175914764404,0.09374122321605682,0.11419423669576645,1.118914738640342e-09,0.197906494140625,1.346940279006958,-0.21555903553962708,0.7727227210998535,-0.007536151260137572,0.15237510204315186,-0.2765966057777405,0.5364798307418823,-0.3999248147010803,1.0,53.3702392578125,False,0.0,0.19922442734241486,-0.2543974816799164,0.7724708914756775,-0.12664154460765248,0.0,-0.0013686858117580413,0.007594889700412749,-0.01,-0.0037737961113452926,0.35819441599960555,-0.24320471670851962,True,False,False,-0.0228181853890419,-0.13454163074493408,-0.24320471670851962,237,False,False,24.199999999997466,-0.13686858117580414,-0.0,0.0,0.0,0.0,0.0,0.0,-0.0,0.4376995038209225,0.0,-0.0,0.0,0.2174810660987032,64
0.01901984214782715,1.3901084661483765,0.06257940828800201,0.12930084764957428,4.410663834164552e-09,0.19567309319972992,1.4374535083770752,-0.2150246500968933,0.772670328617096,-0.0016561630368232797,0.2841017246246338,-0.27510446310043335,0.4762849807739258,-0.4251587390899658,1.0,53.3702392578125,False,0.0,0.19922442734241486,-0.2543974816799164,0.7724708914756775,-0.06983285521935045,0.0,-0.00141000896692276,0.009755137860775004,-0.01,-0.0016548711061477564,0.35200633599924913,-0.11651025674462298,True,False,False,-0.016914503648877144,-0.1350753903388977,-0.11651025674462298,238,False,False,24.29999999999741,-0.141000896692276,-0.0,0.0,0.0,0.0,0.0,0.0,-0.0,0.461828079801205,0.0,-0.0,0.0,0.22950403093367974,64
0.010794401168823242,1.4083807468414307,0.10020782798528671,0.1011909544467926,5.481396669893002e-09,0.1996658742427826,1.1898224353790283,-0.21931007504463196,0.7723050713539124,-0.0028909195959567983,0.30159735679626465,-0.236672043800354,0.4267556667327881,-0.5722417831420898,1.0,53.3702392578125,False,0.0,0.19922442734241486,-0.2543974816799164,0.7724708914756775,-0.06522247014589605,0.0,-0.0016413891315460206,0.011891928017139425,-0.01,0.00025053888559340397,0.3553247839990945,-0.10351091637174559,True,False,False,-0.017932292073965073,-0.1489732265472412,-0.10351091637174559,239,False,False,24.399999999997355,-0.16413891315460205,-0.0,0.0,0.0,0.0,0.0,0.0,-0.0,0.4905171458104388,0.0,-0.0,0.0,0.2436171837736734,64
0.030249357223510742,1.1977214813232422,0.16017606854438782,0.10276336967945099,5.284252591053473e-09,0.19804605841636658,1.2038941383361816,-0.21956053376197815,0.77257239818573,0.004282254129648217,-0.4302319288253784,-0.6006917953491211,0.12858572602272034,-1.0,1.0,53.3702392578125,False,0.0,0.19922442734241486,-0.2543974816799164,0.7724708914756775,0.29192689700714636,0.0,-0.003906161189079285,0.017867320477962467,-0.01,0.003961159288883182,0.3629458830000658,-0.11603133918814565,False,False,False,-0.011683916673064232,-0.14337411522865295,0.29192689700714636,240,False,False,24.4999999999973,-0.39061611890792847,-0.0,0.0,0.0,0.0,0.0,0.0,-0.0,0.5315675239178124,0.0,-0.0,0.0,0.2618776007698269,64
0.016826391220092773,1.2485076189041138,0.17644962668418884,0.12137818336486816,1.9283985519535918e-09,0.20076298713684082,1.2487099170684814,-0.21861958503723145,0.7723260521888733,0.008788318037986728,0.17662131786346436,-0.20629143714904785,0.05869913101196289,-0.9560394883155823,1.0,53.3702392578125,False,0.0,0.19922442734241486,-0.2543974816799164,0.7724708914756775,-0.09273217458955184,0.0,-0.0024780206382274627,0.024906185716390583,-0.01,0.01242816507816312,0.3946226390016818,-0.1892307989437362,True,False,False,-0.00540360901504755,-0.12791073322296143,-0.1892307989437362,241,False,False,24.599999999997245,-0.24780206382274628,-0.0,0.0,0.0,0.0,0.0,0.0,-0.0,0.5872522480674889,0.0,-0.0,0.0,0.291148103395517,64
0.03318190574645996,1.1852647066116333,0.08226980268955231,0.1179354190826416,2.0921351318037296e-09,0.20296043157577515,1.291860580444336,-0.21971973776817322,0.7721288204193115,0.011261701583862324,0.44752299785614014,-0.14134860038757324,-0.04370170831680298,-0.904194176197052,1.0,53.3702392578125,False,0.0,0.19922442734241486,-0.2543974816799164,0.7724708914756775,-0.1259633316617829,0.0,-0.002599333226680756,0.02490673914551733,-0.01,0.012307405918836575,0.38581032100046286,-0.24941693490442232,True,False,False,-0.00781997200101614,-0.14100706577301025,-0.24941693490442232,242,False,False,24.69999999999719,-0.25993332266807556,-0.0,0.0,0.0,0.0,0.0,0.0,-0.0,0.64350073812877,0.0,-0.0,0.0,0.3191510358377042,64
0.07202625274658203,1.3970956802368164,0.08101910352706909,0.11311158537864685,1.290310081003554e-08,0.20145152509212494,1.131706953048706,-0.22358037531375885,0.7715638875961304,0.014192823022603968,0.564448356628418,-0.08985006809234619,-0.08095383644104004,-0.8028087615966797,1.0,53.3702392578125,False,0.0,0.19922442734241486,-0.2543974816799164,0.7724708914756775,-0.11773914448792044,0.0,-0.0024443259835243225,0.02424604192376134,-0.01,0.011801715940237018,0.2956035610004619,-0.23589612292169565,True,False,False,-0.007480373606085777,-0.12875236570835114,-0.23589612292169565,243,False,False,24.799999999997134,-0.24443259835243225,-0.0,0.0,0.0,0.0,0.0,0.0,-0.0,0.6989826656052706,0.0,-0.0,0.0,0.34704700681911094,64
0.08681416511535645,1.0836158990859985,0.06875742971897125,0.11286771297454834,7.89985321603126e-09,0.2021353840827942,1.1429880857467651,-0.22414752840995789,0.7713421583175659,0.01135610654950143,0.49393510818481445,-0.09416568279266357,-0.08171749114990234,-0.6696346402168274,1.0,53.3702392578125,False,0.0,0.19922442734241486,-0.2543974816799164,0.7724708914756775,-0.13709555267420087,0.0,-0.001769818365573883,0.020173140317201632,-0.01,0.008403321951627749,0.29227078599978995,-0.2650240746935559,True,False,False,-0.006504989229142666,-0.13861972093582153,-0.2650240746935559,244,False,False,24.89999999999708,-0.1769818365573883,-0.0,0.0,0.0,0.0,0.0,0.0,-0.0,0.7467969761038029,0.0,-0.0,0.0,0.3716286696863276,64
0.10710954666137695,1.1787607669830322,0.046266116201877594,0.11515781283378601,3.785191182714698e-08,0.20181334018707275,1.1616582870483398,-0.22351935505867004,0.771088182926178,0.009519722014665572,0.1358882486820221,-0.06230945885181427,0.16725842654705048,-0.930000364780426,1.0,53.3702392578125,False,0.0,0.19922442734241486,-0.2543974816799164,0.7724708914756775,-0.15468106103990525,0.0,-0.002288060486316681,0.01736621402204036,-0.01,0.005078153535723679,0.2923131650004507,-1.2544097582335523,False,False,False,-0.010920938104391098,-0.13665342330932617,-0.15468106103990525,245,False,False,24.999999999997023,-0.2288060486316681,-0.0,0.0,0.0,0.0,0.0,0.0,-0.0,0.7894235983091957,0.0,-0.0,0.0,0.3924237386682812,64
0.1248776912689209,1.1565015316009521,0.0741710215806961,0.11689567565917969,7.486727326977416e-08,0.19763121008872986,1.0600030422210693,-0.2258879691362381,0.7707735300064087,0.0110495348647237,0.22053956985473633,-0.021389484405517578,-0.5390400290489197,-0.7839018106460571,1.0,53.3702392578125,False,0.0,0.19922442734241486,-0.2543974816799164,0.7724708914756775,0.3749093020198606,0.0,-0.0023854035139083862,0.01562944181263448,-0.01,0.003244038298726095,0.297600103998775,0.3667446243659163,True,False,False,-0.0006665214896202087,-0.138101726770401,0.3667446243659163,246,False,False,25.099999999996967,-0.23854035139083862,-0.0,0.0,0.0,0.0,0.0,0.0,-0.0,0.8289722378809865,0.0,-0.0,0.0,0.4121007154265849,64
0.1551806926727295,1.0108803510665894,0.057930249720811844,0.08434119820594788,1.6566856686495157e-07,0.20129692554473877,0.8857424259185791,-0.2308085858821869,0.77156001329422,0.008546952195465576,0.1414175033569336,-0.010665535926818848,-0.6926510334014893,-0.7062528729438782,1.0,53.3702392578125,False,0.0,0.19922442734241486,-0.2543974816799164,0.7724708914756775,0.35990985940400405,0.0,-0.0024966779351234436,0.00649078235030176,-0.01,-0.006005895584821683,0.3009944120003638,0.3522184776160107,True,False,False,-0.010709221474826336,-0.12440396100282669,0.3522184776160107,247,False,False,25.199999999996912,-0.24966779351234436,-0.0,0.0,0.0,0.0,0.0,0.0,-0.0,0.8504583351479496,0.0,-0.0,0.0,0.42273248963885135,64
0.07115602493286133,0.9480859041213989,0.15905848145484924,0.09124257415533066,6.241194796530181e-07,0.20074307918548584,0.9563659429550171,-0.22901061177253723,0.7706854343414307,-0.004528012108057738,0.13605284690856934,0.02609395980834961,-0.7871716022491455,-0.3690335750579834,1.0,53.3702392578125,False,0.0,0.19922442734241486,-0.2543974816799164,0.7724708914756775,0.32635194793664946,0.0,-0.0019375404715538025,-0.002253788560628911,-0.01,-0.014191329032182714,0.36308866199942713,0.32020380276559796,True,False,False,-0.024335838854312897,-0.12997542321681976,0.32020380276559796,248,False,False,25.299999999996857,-0.19375404715538025,-0.0,0.0,0.0,0.0,0.0,0.0,-0.0,0.8544956602029072,0.0,-0.0,0.0,0.4253102896298998,64
0.6120800971984863,1.1442269086837769,0.2844671607017517,0.10279886424541473,0.1244906485080719,0.1984664797782898,0.8122518658638,-0.23090729117393494,0.7726224064826965,-0.025059956964105394,0.06442546844482422,0.2616088390350342,-0.3451598882675171,0.0800180435180664,-0.950400173664093,53.2859992980957,False,0.074005126953125,0.19970370829105377,-0.25344908237457275,0.7732109427452087,0.31505645561094736,0.0,-0.0004953201860189438,-0.005140318125486376,-0.01,-0.015635638311505322,0.3514939510005206,0.3116895307214701,True,False,False,0.4373931884765625,-0.12562598288059235,0.3116895307214701,249,False,False,25.3999999999968,-0.04953201860189438,-0.0,0.0,0.0,0.0,0.0,0.0,-0.0,0.8527425415825476,0.0,-0.0,0.0,0.42587595060525485,64
1.2149155139923096,1.975886583328247,0.17048567533493042,0.15272070467472076,0.9864067435264587,0.19174642860889435,1.9705921411514282,-0.2315882444381714,0.7893889546394348,0.5866832035254888,-0.05949431657791138,0.14978861808776855,-0.055462539196014404,0.5673515796661377,-1.0,53.486759185791016,False,0.015020370483398438,0.21285946667194366,-0.2528251111507416,0.7726210951805115,0.3221270566903519,0.0,-0.0008773503452539444,-0.010764571875333806,-0.01,-0.02164192222058775,0.3153258199999982,0.31876321263752394,True,False,False,0.5147877931594849,-0.13338202238082886,0.31876321263752394,250,False,False,25.499999999996746,-0.08773503452539444,-0.0,0.0,0.0,0.0,0.0,0.0,-0.0,0.8396094775838833,0.0,-0.0,0.0,0.4189273884466877,64
2.646052837371826,2.651628255844116,0.18800893425941467,0.11256642639636993,0.0,0.18927420675754547,2.3894553184509277,-0.23080472648143768,0.7959449887275696,-1.6593866371529171,-0.05917620658874512,0.2012842893600464,-0.206589937210083,0.9997541904449463,-1.0,53.379093170166016,False,-0.0010728836059570312,0.2176028937101364,-0.25067487359046936,0.7724601626396179,-0.30085014385537934,0.0,-0.0027155125141143798,-0.013400689065456384,-0.01,-0.026116201579570765,0.279331326000829,-0.3043217202531332,True,False,False,-0.03389592096209526,-0.1547141671180725,-0.3043217202531332,251,False,False,25.59999999999669,-0.271551251411438,-0.0,0.0,0.0,0.0,0.0,0.0,-0.0,0.8210181930267144,0.0,-0.0,0.0,0.4077935839992428,64
3.0762553215026855,2.9540469646453857,0.17123720049858093,0.12254166603088379,0.0,0.18762266635894775,2.637256622314453,-0.22414393723011017,0.7947378158569336,-0.006753148809075342,-0.011971712112426758,0.2829784154891968,-0.31162095069885254,0.9991323947906494,-1.0,53.34452438354492,False,-0.0007033348083496094,0.2184915840625763,-0.25011876225471497,0.772463858127594,0.36005479520932454,0.0,-0.00293898344039917,-0.025611851960420595,-0.01,-0.038550835400819765,0.30273899200074084,0.3536793551845033,True,False,False,-0.03460747376084328,-0.1356554925441742,0.3536793551845033,252,False,False,25.699999999996635,-0.293898344039917,-0.0,0.0,0.0,0.0,0.0,0.0,-0.0,0.7775702460211347,0.0,-0.0,0.0,0.38584613957016817,64
3.677856922149658,3.4156625270843506,0.16917386651039124,0.14085370302200317,0.0,0.1848033368587494,3.3532137870788574,-0.22246085107326508,0.8117341995239258,-0.02659892689436676,0.2241661250591278,0.1908826380968094,-0.22394375503063202,1.0,-1.0,53.340126037597656,False,5.9604644775390625e-06,0.21853309869766235,-0.25006425380706787,0.7724709510803223,0.34549045208639784,0.0,-0.0028420934081077576,-0.03031433582305909,-0.01,-0.043156429231166846,0.29065692299991497,-0.266132098763671,False,False,False,-0.03871616721153259,-0.14539095759391785,0.34549045208639784,253,False,False,25.79999999999658,-0.28420934081077576,-0.0,0.0,0.0,0.0,0.0,0.0,-0.0,0.7241835777217981,0.0,-0.0,0.0,0.3592496954527913,64
5.162257194519043,3.9354915618896484,0.07324814796447754,0.13014894723892212,0.0,0.18635043501853943,3.387856960296631,-0.22422988712787628,0.8160899877548218,-0.025922128856182117,-0.14113706350326538,0.17134404182434082,-0.6438217163085938,0.8792741298675537,-1.0,53.34009552001953,False,0.0,0.2185330092906952,-0.2500639259815216,0.7724708914756775,-0.23282997957082247,0.0,-0.003092269599437714,-0.03031547769904136,-0.01,-0.04340774729847907,0.2894900499995856,-0.27163788252545684,True,False,False,-0.0380621962249279,-0.15105970203876495,-0.27163788252545684,254,False,False,25.899999999996524,-0.30922695994377136,-0.0,0.0,0.0,0.0,0.0,0.0,-0.0,0.6702551989793673,0.0,-0.0,0.0,0.3320353298902459,64
6.131470203399658,4.295403003692627,0.07474322617053986,0.1251145303249359,0.0,0.18687370419502258,4.231072425842285,-0.2190273404121399,0.8367071747779846,-0.0029340112954377973,-0.23125523328781128,0.11275827884674072,-0.7020203471183777,0.47846126556396484,-1.0,53.34009552001953,False,0.0,0.2185330092906952,-0.2500639259815216,0.7724708914756775,-0.22125051533279805,0.0,-0.001969877928495407,-0.02564093232154846,-0.01,-0.03761081025004387,0.29066208400035976,-0.26833168819862013,True,False,False,-0.026076551526784897,-0.16326838731765747,-0.26833168819862013,255,False,False,25.99999999999647,-0.1969877928495407,-0.0,0.0,0.0,0.0,0.0,0.0,-0.0,0.6252254739069525,0.0,-0.0,0.0,0.31064285902498084,64
6.351810455322266,3.8797764778137207,0.11408577114343643,0.13047575950622559,0.0,0.18520784378051758,3.79064679145813,-0.2223009467124939,0.8251021504402161,-0.03506906256079675,-0.20569837093353271,0.18786442279815674,-0.6760605573654175,0.2749617099761963,-1.0,53.34009552001953,False,0.0,0.2185330092906952,-0.2500639259815216,0.7724708914756775,-0.23066795499577555,0.0,-0.0015256667137145997,-0.017611026763916016,-0.01,-0.029136693477630614,0.2954035650000151,-0.27539574742951634,True,False,False,-0.05026642605662346,-0.15532180666923523,-0.27539574742951634,256,False,False,26.099999999996413,-0.15256667137145996,-0.0,0.0,0.0,0.0,0.0,0.0,-0.0,0.5959629719317017,0.0,-0.0,0.0,0.2964558192521362,64
4.622852802276611,3.221620559692383,0.09010334312915802,0.14742398262023926,0.0,0.1822134256362915,4.511655807495117,-0.2126472145318985,0.8340842723846436,0.000405110567808131,-0.5501537322998047,0.6034966707229614,-0.7259369492530823,0.1357429027557373,-1.0,53.34009552001953,False,0.0,0.2185330092906952,-0.2500639259815216,0.7724708914756775,-0.2348282927855839,0.0,-0.003030719757080078,-0.016530918329954125,-0.01,-0.029561638087034204,0.3106824530004815,-0.26781040641879406,True,False,False,-0.07019878923892975,-0.17071139812469482,-0.26781040641879406,257,False,False,26.199999999996358,-0.3030719757080078,-0.0,0.0,0.0,0.0,0.0,0.0,-0.0,0.5685871205210473,0.0,-0.0,0.0,0.2812628405034436,64
5.9021830558776855,4.3041815757751465,0.15243342518806458,0.14224602282047272,0.0,0.16749341785907745,5.87671422958374,-0.19498488306999207,0.8426536917686462,-0.015651676580309894,-0.9439350366592407,0.9748592376708984,-0.4678715467453003,-0.049025535583496094,-1.0,53.34009552001953,False,0.0,0.2185330092906952,-0.2500639259815216,0.7724708914756775,-0.24687729206572018,0.0,-0.005156677961349487,-0.02195304676890375,-0.01,-0.03710972473025324,0.2892628310000873,-0.2723329582829542,True,False,False,-0.06237761676311493,-0.16440388560295105,-0.2723329582829542,258,False,False,26.299999999996302,-0.5156677961349487,-0.0,0.0,0.0,0.0,0.0,0.0,-0.0,0.5299808811632032,0.0,-0.0,0.0,0.2598337626202521,64
6.959378719329834,5.799491882324219,0.3434598445892334,0.12326138466596603,0.0,0.1632564663887024,6.692173480987549,-0.18465286493301392,0.8525484800338745,-0.013453461639583093,-0.9457749724388123,0.986603856086731,-0.1083364486694336,-0.07991790771484375,-1.0,53.34009552001953,False,0.0,0.2185330092906952,-0.2500639259815216,0.7724708914756775,-0.24755474930340274,0.0,-0.0047150027751922605,-0.026309386491775527,-0.01,-0.04102438926696779,0.29082250200008275,-0.2685959412030701,True,False,False,-0.0449901819229126,-0.16929130256175995,-0.2685959412030701,259,False,False,26.399999999996247,-0.4715002775192261,-0.0,0.0,0.0,0.0,0.0,0.0,-0.0,0.4821838777848132,0.0,-0.0,0.0,0.23637693611721433,64
7.465571403503418,6.210661888122559,0.31859976053237915,0.14967137575149536,0.0,0.16358709335327148,6.784533500671387,-0.18790771067142487,0.8589047789573669,-0.0339857014641166,-0.9815672636032104,0.996845006942749,-0.10927420854568481,-0.048241496086120605,-1.0,53.34009552001953,False,0.0,0.2185330092906952,-0.2500639259815216,0.7724708914756775,-0.24710766460636693,0.0,-0.004928605854511261,-0.0257191973924637,-0.01,-0.040647803246974964,0.3025785790014197,-0.27418032703296047,True,False,False,-0.061559610068798065,-0.16010114550590515,-0.27418032703296047,260,False,False,26.49999999999619,-0.4928605854511261,-0.0,0.0,0.0,0.0,0.0,0.0,-0.0,0.43509653962160266,0.0,-0.0,0.0,0.21261966395629006,64
8.773458480834961,7.099755764007568,0.23328711092472076,0.12121599912643433,0.0,0.155409038066864,7.341950416564941,-0.17571905255317688,0.8552605509757996,-0.02155329558998347,-0.9896445870399475,0.9977781772613525,-0.40256834030151367,-0.0757179856300354,-1.0,53.34009552001953,False,0.0,0.2185330092906952,-0.2500639259815216,0.7724708914756775,-0.26686970543834876,0.0,-0.005356880426406861,-0.024662331044673913,-0.01,-0.04001921147108077,0.29538079899975855,-0.2972786366988617,True,False,False,-0.05656605213880539,-0.16359582543373108,-0.2972786366988617,261,False,False,26.599999999996136,-0.535688042640686,-0.0,0.0,0.0,0.0,0.0,0.0,-0.0,0.3896684827885215,0.0,-0.0,0.0,0.1894773609678539,64
8.351648330688477,7.42695426940918,0.07857382297515869,0.1220327839255333,0.0,0.14508122205734253,8.240869522094727,-0.16588547825813293,0.8620667457580566,-0.025174308940768275,-0.9198252558708191,0.9822778701782227,-0.5785552263259888,-0.086112380027771,-1.0,53.34009552001953,False,0.0,0.2185330092906952,-0.2500639259815216,0.7724708914756775,-0.21701339653121887,0.0,-0.005382724404335022,-0.023061116933822623,-0.01,-0.03844384133815765,0.2945801850000862,-0.24647920082870084,True,False,False,-0.06423866003751755,-0.12058068811893463,-0.24647920082870084,262,False,False,26.69999999999608,-0.5382724404335022,-0.0,0.0,0.0,0.0,0.0,0.0,-0.0,0.3470164356497851,0.0,-0.0,0.0,0.16812549342055755,64
9.11262035369873,8.563755989074707,0.07369716465473175,0.11652188748121262,0.0,0.13756416738033295,8.825862884521484,-0.1520632803440094,0.8582772612571716,-0.015730585530400278,-0.737013578414917,0.9342281818389893,-0.6366187334060669,-0.030650556087493896,-1.0,53.34009552001953,False,0.0,0.2185330092906952,-0.2500639259815216,0.7724708914756775,-0.2618048575820846,0.0,-0.004555485546588898,-0.02084619641304017,-0.01,-0.03540168195962907,0.2943839330000628,-0.295309791884774,True,False,False,-0.060613639652729034,-0.14513152837753296,-0.295309791884774,263,False,False,26.799999999996025,-0.45554855465888977,-0.0,0.0,0.0,0.0,0.0,0.0,-0.0,0.30840810721290346,0.0,-0.0,0.0,0.14964856805986282,64
8.570307731628418,9.12377643585205,0.039886437356472015,0.11567138135433197,0.0,0.1391383409500122,8.668410301208496,-0.15257760882377625,0.8556421995162964,-0.050952724292874334,-0.5931259393692017,0.9330729246139526,-0.7684758901596069,0.06299757957458496,-1.0,53.34009552001953,False,0.0,0.2185330092906952,-0.2500639259815216,0.7724708914756775,-0.26030791000503906,0.0,-0.004542368352413177,-0.018715932071208946,-0.01,-0.03325830042362212,0.2922050209999725,-0.2952309736291858,True,False,False,-0.05804269760847092,-0.12173937261104584,-0.2952309736291858,264,False,False,26.89999999999597,-0.45423683524131775,-0.0,0.0,0.0,0.0,0.0,0.0,-0.0,0.2737132275292006,0.0,-0.0,0.0,0.13231424541218711,64
8.444833755493164,9.085536003112793,0.09464919567108154,0.13249585032463074,0.0,0.12928254902362823,9.99216079711914,-0.13142582774162292,0.8643471598625183,0.002387455925345396,-0.3936053514480591,0.9705657958984375,-0.9029629230499268,0.5377950668334961,-1.0,53.34009552001953,False,0.0,0.2185330092906952,-0.2500639259815216,0.7724708914756775,-0.2329915047745321,0.0,-0.005503721833229065,-0.0178197506070137,-0.01,-0.033323472440242766,0.296450128998913,-0.2707912076847267,True,False,False,-0.05601584166288376,-0.12370775640010834,-0.2707912076847267,265,False,False,26.999999999995914,-0.5503721833229065,-0.0,0.0,0.0,0.0,0.0,0.0,-0.0,0.24047854933043689,0.0,-0.0,0.0,0.11473555283198938,64
9.587102890014648,10.6372652053833,0.21935850381851196,0.16811561584472656,0.0,0.13092121481895447,10.046146392822266,-0.13035812973976135,0.8665376901626587,-0.05236621387302875,-0.4700814485549927,0.9124405384063721,-0.9076924920082092,0.438676118850708,-1.0,53.34009552001953,False,0.0,0.2185330092906952,-0.2500639259815216,0.7724708914756775,-0.22168182740120046,0.0,-0.0051746666431427,-0.01678331822156906,-0.01,-0.03195798486471176,0.31147911099833436,-0.25067621358295966,True,False,False,-0.038468919694423676,-0.08950188755989075,-0.25067621358295966,266,False,False,27.09999999999586,-0.51746666431427,-0.0,0.0,0.0,0.0,0.0,0.0,-0.0,0.20900195214228956,0.0,-0.0,0.0,0.09932630942800208,64
9.512842178344727,10.111875534057617,0.09095121920108795,0.14959943294525146,0.0,0.12217733263969421,10.383538246154785,-0.12437888234853745,0.8619363307952881,-0.040318152457475664,-0.3432942032814026,0.9718228578567505,-0.9418817758560181,0.6008446216583252,-1.0,53.34009552001953,False,0.0,0.2185330092906952,-0.2500639259815216,0.7724708914756775,-0.21386711512599169,0.0,-0.0057761150598526,-0.014768491983413692,-0.01,-0.030544607043266295,0.29908064499977627,-0.24777390017095705,True,False,False,-0.07007013261318207,-0.08851394057273865,-0.24777390017095705,267,False,False,27.199999999995804,-0.57761150598526,-0.0,0.0,0.0,0.0,0.0,0.0,-0.0,0.1812778023963193,0.0,-0.0,0.0,0.08486278613830706,64
9.0482177734375,10.382338523864746,0.10660439729690552,0.1432226300239563,0.0,0.11874032020568848,10.518896102905273,-0.11987157166004181,0.8580527305603027,-0.0489382418990135,-0.28708767890930176,0.9829835891723633,-0.9628657698631287,0.6216052770614624,-1.0,53.34009552001953,False,0.0,0.2185330092906952,-0.2500639259815216,0.7724708914756775,-0.22594473287013803,0.0,-0.0059054487943649295,-0.013155098557472225,-0.01,-0.029060547351837156,0.32701457800067146,-0.26227750314379816,True,False,False,-0.07386338710784912,-0.08997341990470886,-0.26227750314379816,268,False,False,27.299999999995748,-0.5905448794364929,-0.0,0.0,0.0,0.0,0.0,0.0,-0.0,0.15653289007518978,0.0,-0.0,0.0,0.07236099624322996,64
8.421606063842773,10.304003715515137,0.11573657393455505,0.11120855808258057,0.0,0.12495503574609756,9.893009185791016,-0.1263226866722107,0.8519419431686401,-0.0757749639451504,-0.48119205236434937,0.991830587387085,-0.9785548448562622,0.6715812683105469,-1.0,53.34009552001953,False,0.0,0.2185330092906952,-0.2500639259815216,0.7724708914756775,-0.1934999786411196,0.0,-0.006559661626815796,-0.011780185401439672,-0.01,-0.02833984702825547,0.2669479249998403,-0.24474700078122552,True,False,False,-0.07555649429559708,-0.0923076868057251,-0.24474700078122552,269,False,False,27.399999999995693,-0.6559661626815796,-0.0,0.0,0.0,0.0,0.0,0.0,-0.0,0.1343156784843813,0.0,-0.0,0.0,0.06059817761537486,64
7.979911804199219,10.008430480957031,0.12743832170963287,0.12509776651859283,0.0,0.11928533762693405,10.68618106842041,-0.11254818737506866,0.8562929034233093,-0.02426013708114627,-0.7317176461219788,0.9941304922103882,-0.9909271001815796,0.821671724319458,-1.0,53.34009552001953,False,0.0,0.2185330092906952,-0.2500639259815216,0.7724708914756775,-0.1708598762309091,0.0,-0.007951967716217041,-0.010628689229488376,-0.01,-0.02858065694570542,0.30112322900095023,-0.25482048198209817,True,False,False,-0.05607433617115021,-0.09627018123865128,-0.25482048198209817,270,False,False,27.499999999995637,-0.7951967716217041,-0.0,0.0,0.0,0.0,0.0,0.0,-0.0,0.11420030296177264,0.0,-0.0,0.0,0.04914818376466928,64
8.691226959228516,11.652735710144043,0.174690842628479,0.10243566334247589,0.0,0.11684850603342056,11.189749717712402,-0.1019676998257637,0.8583826422691345,-0.03289265006780623,-0.7102586627006531,0.995773434638977,-0.989922046661377,0.7846999168395996,-1.0,53.34009552001953,False,0.0,0.2185330092906952,-0.2500639259815216,0.7724708914756775,0.7020926879813849,0.0,-0.0077293294668197635,-0.009154303669929503,-0.01,-0.02688363313674927,0.31551680299889995,0.6783389188301903,True,False,False,-0.03169402480125427,-0.1044851690530777,0.6783389188301903,271,False,False,27.599999999995582,-0.7729329466819763,-0.0,0.0,0.0,0.0,0.0,0.0,-0.0,0.09686030227434095,0.0,-0.0,0.0,0.04070082167035071,64
8.152514457702637,10.928753852844238,0.17010237276554108,0.12069069594144821,0.0,0.1276707649230957,9.912064552307129,-0.10652872920036316,0.8354353904724121,-0.08712537854909896,-0.7228993773460388,0.9949562549591064,-0.9892717003822327,0.8391833305358887,-1.0,53.34009552001953,False,0.0,0.2185330092906952,-0.2500639259815216,0.7724708914756775,0.7249478431821127,0.0,-0.007988521456718444,-0.007920151948928832,-0.01,-0.025908673405647276,0.29873196500011545,0.6824503810709306,True,False,False,-0.0715898722410202,-0.10621802508831024,0.6824503810709306,272,False,False,27.699999999995526,-0.7988521456718445,-0.0,0.0,0.0,0.0,0.0,0.0,-0.0,0.08183834017076363,0.0,-0.0,0.0,0.03293064862866337,64
5.5471954345703125,9.354838371276855,0.3174544870853424,0.10928894579410553,0.0,0.116693876683712,11.285263061523438,-0.09186898171901703,0.8509947061538696,-0.009606656730175024,-0.700581967830658,0.9523725509643555,-0.9888612627983093,0.9458019733428955,-0.06753349304199219,53.34009552001953,False,0.0,0.2185330092906952,-0.2500639259815216,0.7724708914756775,-0.3636446165294097,0.0,-0.008175541162490845,-0.006787696778774263,-0.01,-0.024963237941265107,0.2958421149996866,-0.43252483226451727,True,False,False,-0.08096467703580856,-0.23363250494003296,-0.43252483226451727,273,False,False,27.79999999999547,-0.8175541162490845,-0.0,0.0,0.0,0.0,0.0,0.0,-0.0,0.06895250488289262,0.0,-0.0,0.0,0.026300711278955464,64
8.5892915725708,12.121935844421387,0.20624138414859772,0.11350257694721222,0.0,0.1198616623878479,10.40235710144043,-0.10563405603170395,0.8414403796195984,-0.07143255263566972,-0.7198677659034729,0.9756157398223877,-0.9855377674102783,0.9405661821365356,-0.9984861016273499,53.34009552001953,False,0.0,0.2185330092906952,-0.2500639259815216,0.7724708914756775,-0.1595876820895808,0.0,-0.008314962387084962,-0.005797156989574434,-0.01,-0.024112119376659396,0.2962270030002401,-0.2880690298453019,True,False,False,-0.03809727728366852,-0.11855335533618927,-0.2880690298453019,274,False,False,27.899999999995416,-0.8314962387084961,-0.0,0.0,0.0,0.0,0.0,0.0,-0.0,0.057937572081347755,0.0,-0.0,0.0,0.020653823653588914,64
0.28171539306640625,5.724678039550781,0.338265597820282,0.10268603265285492,2.7928461321380382e-08,0.15277191996574402,6.080751419067383,-0.13625568151474,0.7753241062164307,-0.10837878108024597,-0.6153897047042847,0.9014866352081299,-0.9635241627693176,0.9480631351470947,0.9920496940612793,53.34009552001953,False,0.0,0.2185330092906952,-0.2500639259815216,0.7724708914756775,-0.34605673837933604,0.0,-0.0075464630126953125,-0.004881589412689208,-0.01,-0.02242805242538452,0.29705876099978923,-0.3736029835812573,True,False,False,-0.1336747109889984,-0.20973414182662964,-0.3736029835812573,275,False,False,27.99999999999536,-0.7546463012695312,-0.0,0.0,0.0,0.0,0.0,0.0,-0.0,0.04866097838677752,0.0,-0.0,0.0,0.016784026180693447,64
0.25806427001953125,5.950741291046143,0.4689362347126007,0.12127001583576202,1.0007839890135983e-08,0.15734048187732697,5.295763969421387,-0.15261879563331604,0.772706151008606,-0.02702491194009781,0.6073821783065796,-0.4022918939590454,-0.2511180639266968,0.5455421209335327,1.0,53.34009552001953,False,0.0,0.2185330092906952,-0.2500639259815216,0.7724708914756775,-0.20920503420030626,0.0,-0.002228570878505707,-0.0022947978973388676,-0.01,-0.014523368775844574,0.3014023289997567,-0.2262189347611977,True,False,False,-0.03570976480841637,-0.18948309123516083,-0.2262189347611977,276,False,False,28.099999999995305,-0.22285708785057068,-0.0,0.0,0.0,0.0,0.0,0.0,-0.0,0.04451655285425027,0.0,-0.0,0.0,0.020029705548619426,64
0.15099644660949707,5.20314884185791,0.3671264946460724,0.13663555681705475,1.928560422470582e-09,0.15443246066570282,4.94031286239624,-0.1677055060863495,0.7742213010787964,-0.01552859216928482,0.9359498023986816,-0.8423098921775818,0.0795745849609375,-0.3007792830467224,1.0,53.34009552001953,False,0.0,0.2185330092906952,-0.2500639259815216,0.7724708914756775,-0.23202837752093736,0.0,-0.004205720722675324,0.001553162932395935,-0.01,-0.012652557790279389,0.318313935000333,-0.23684824539592042,True,False,False,-0.03964603319764137,-0.19913344085216522,-0.23684824539592042,277,False,False,28.19999999999525,-0.42057207226753235,-0.0,0.0,0.0,0.0,0.0,0.0,-0.0,0.04810390903565909,0.0,-0.0,0.0,0.019846233795154218,64
0.20197033882141113,4.719278335571289,0.8123925924301147,0.15102264285087585,8.396219275397243e-10,0.18071936070919037,3.1733930110931396,-0.19387425482273102,0.7736693620681763,-0.022311599850654604,0.9712902307510376,-0.9148785471916199,0.288358211517334,-0.4454403519630432,1.0,53.34009552001953,False,0.0,0.2185330092906952,-0.2500639259815216,0.7724708914756775,-0.23865419800196902,0.0,-0.005154937505722046,0.004055188298225404,-0.01,-0.011099749207496642,0.3009662460008258,-0.24215386561935448,True,False,False,-0.03801747038960457,-0.2314741313457489,-0.24215386561935448,278,False,False,28.299999999995194,-0.5154937505722046,-0.0,0.0,0.0,0.0,0.0,0.0,-0.0,0.056782079491279336,0.0,-0.0,0.0,0.023236102239917622,64
0.16159415245056152,3.441617012023926,0.5523455739021301,0.1350812166929245,2.643116558953551e-10,0.17706555128097534,3.008697986602783,-0.20320646464824677,0.774406909942627,-0.008930141031742098,0.9852802753448486,-0.935808002948761,0.31784725189208984,-0.5500634908676147,1.0,53.34009552001953,False,0.0,0.2185330092906952,-0.2500639259815216,0.7724708914756775,-0.1797476019834751,0.0,-0.00562527596950531,0.005543837547302248,-0.01,-0.010081438422203062,0.29420110099999874,-0.18333052736774258,True,False,False,-0.025276655331254005,-0.16814598441123962,-0.18333052736774258,279,False,False,28.39999999999514,-0.562527596950531,-0.0,0.0,0.0,0.0,0.0,0.0,-0.0,0.06855534491095261,0.0,-0.0,0.0,0.028652396485970996,64
0.24440884590148926,3.6819982528686523,0.5243868231773376,0.11194905638694763,3.2059888077640153e-10,0.19238048791885376,3.1670894622802734,-0.18270085752010345,0.773967981338501,2.7393400669100884e-05,0.9798018932342529,-0.9253638386726379,0.3378410339355469,-0.4710308313369751,1.0,53.34009552001953,False,0.0,0.2185330092906952,-0.2500639259815216,0.7724708914756775,-0.2434456443442328,0.0,-0.0053807908296585084,0.006844027936458587,-0.01,-0.008536762893199922,0.29547925900078553,-0.2470779093220085,True,False,False,-0.030537951737642288,-0.23260825872421265,-0.2470779093220085,280,False,False,28.499999999995083,-0.5380790829658508,-0.0,0.0,0.0,0.0,0.0,0.0,-0.0,0.08307410092751621,0.0,-0.0,0.0,0.0361562596340996,64
0.15799999237060547,2.785320520401001,0.42245811223983765,0.13178342580795288,2.4418458921537933e-10,0.19021955132484436,2.43765926361084,-0.20759275555610657,0.7748160362243652,-0.013351478278636936,0.986944317817688,-0.8782214522361755,0.1614360809326172,-0.5913575887680054,1.0,53.34009552001953,False,0.0,0.2185330092906952,-0.2500639259815216,0.7724708914756775,-0.26498806940917025,0.0,-0.0053027433156967166,0.008107447624206544,-0.01,-0.007195295691490172,0.2678760170001624,-0.2703269361753149,True,False,False,-0.04554083198308945,-0.25217095017433167,-0.2703269361753149,281,False,False,28.599999999995028,-0.5302743315696716,-0.0,0.0,0.0,0.0,0.0,0.0,-0.0,0.10029200167014884,0.0,-0.0,0.0,0.044843257519377705,64
0.244140625,2.6690304279327393,0.324123740196228,0.12967440485954285,2.4542051724196767e-10,0.18968549370765686,3.104400157928467,-0.1882331222295761,0.7749245762825012,0.010131334364414213,0.9803566932678223,-0.8857882618904114,0.05589008331298828,-0.4903586506843567,1.0,53.34009552001953,False,0.0,0.2185330092906952,-0.2500639259815216,0.7724708914756775,-0.23243134410032565,0.0,-0.0049732387065887455,0.009454765915870668,-0.01,-0.005518472790718078,0.4144110500001261,-0.24521386362019015,True,False,False,-0.03957117348909378,-0.2462250143289566,-0.24521386362019015,282,False,False,28.699999999994972,-0.4973238706588745,-0.0,0.0,0.0,0.0,0.0,0.0,-0.0,0.12040560900806307,0.0,-0.0,0.0,0.055229565797442794,64
0.23659467697143555,2.915759325027466,0.3054400086402893,0.14254960417747498,1.6444824668671032e-10,0.18212857842445374,3.124657154083252,-0.19586092233657837,0.775603175163269,-0.00015673607587814165,0.9744760990142822,-0.8449655175209045,-0.3289649486541748,-0.5291018486022949,1.0,53.34009552001953,False,0.0,0.2185330092906952,-0.2500639259815216,0.7724708914756775,-0.22129541323014984,0.0,-0.005129342675209045,0.010852485299110412,-0.01,-0.004276857376098633,0.3055456880010752,-0.24266970620445416,True,False,False,-0.0434085950255394,-0.22337713837623596,-0.24266970620445416,283,False,False,28.799999999994917,-0.5129342675209045,-0.0,0.0,0.0,0.0,0.0,0.0,-0.0,0.14354606505620993,0.0,-0.0,0.0,0.06664368985289591,64
0.2783656120300293,3.099306583404541,0.32836002111434937,0.15173546969890594,3.9135369944709453e-10,0.19821831583976746,2.577925205230713,-0.19503219425678253,0.7744622230529785,-0.0037945288419723635,0.9482297897338867,-0.8351958990097046,-0.501757025718689,-0.43905413150787354,1.0,53.34009552001953,False,0.0,0.2185330092906952,-0.2500639259815216,0.7724708914756775,-0.14862864169964674,0.0,-0.005103051662445068,0.01198767691850662,-0.01,-0.003115374743938448,0.29725140699883923,-0.18556147446083687,True,False,False,-0.02752739191055298,-0.15186583995819092,-0.18556147446083687,284,False,False,28.89999999999486,-0.5103051662445068,-0.0,0.0,0.0,0.0,0.0,0.0,-0.0,0.1692134919686391,0.0,-0.0,0.0,0.07950369432187449,64
0.18036365509033203,2.481351852416992,0.23374159634113312,0.13458667695522308,4.680657528233212e-10,0.18990229070186615,3.417973518371582,-0.17861293256282806,0.7749283909797668,0.023281797170639048,0.9615767002105713,-0.8131091594696045,-0.47555166482925415,-0.5203199982643127,1.0,53.34009552001953,False,0.0,0.2185330092906952,-0.2500639259815216,0.7724708914756775,-0.10803489707830505,0.0,-0.0052066463232040405,0.013546926379203794,-0.01,-0.0016597199440002465,0.2963011279989587,-0.16487372295628677,True,False,False,-0.02894970215857029,-0.14511695504188538,-0.16487372295628677,285,False,False,28.999999999994806,-0.520664632320404,-0.0,0.0,0.0,0.0,0.0,0.0,-0.0,0.19829019536568182,0.0,-0.0,0.0,0.09393845135963687,64
0.2460956573486328,3.269801616668701,0.16392642259597778,0.1327102780342102,5.78829095765343e-10,0.1956341713666916,2.939941883087158,-0.1872064471244812,0.7749128341674805,-0.0036631372570991453,0.919731616973877,-0.6828940510749817,-0.5841436982154846,-0.29925739765167236,1.0,53.34009552001953,False,0.0,0.2185330092906952,-0.2500639259815216,0.7724708914756775,-0.14557914659617394,0.0,-0.004357573688030243,0.014235127568244937,-0.01,-0.00012244611978530582,0.3913695400005963,-0.24312640231974708,True,False,False,-0.031025202944874763,-0.18010812997817993,-0.24312640231974708,286,False,False,29.09999999999475,-0.4357573688030243,-0.0,0.0,0.0,0.0,0.0,0.0,-0.0,0.229051021571834,0.0,-0.0,0.0,0.11016793709788675,64
0.1916825771331787,2.4557902812957764,0.27583688497543335,0.13617892563343048,8.405032225766718e-10,0.19120171666145325,2.4041101932525635,-0.2072131186723709,0.7744120955467224,-0.01431221067905426,0.8757277727127075,-0.6319867372512817,-0.5510075092315674,-0.1400187611579895,1.0,53.34009552001953,False,0.0,0.2185330092906952,-0.2500639259815216,0.7724708914756775,-0.1443189260364248,0.0,-0.0037238022685050966,0.013294886648654941,-0.01,-0.0004289156198501558,0.3841754330005642,-0.24294857020667424,True,False,False,-0.03773976117372513,-0.15977129340171814,-0.24294857020667424,287,False,False,29.199999999994695,-0.37238022685050964,-0.0,0.0,0.0,0.0,0.0,0.0,-0.0,0.2582229500465484,0.0,-0.0,0.0,0.1253876727547691,64
0.21593570709228516,2.3541083335876465,0.25778013467788696,0.1412172019481659,2.259933795656366e-09,0.19025525450706482,2.785794973373413,-0.19773203134536743,0.7754350900650024,0.014564205110073081,0.7245314121246338,-0.6823632717132568,-0.370563268661499,-0.04968994855880737,1.0,53.34009552001953,False,0.0,0.2185330092906952,-0.2500639259815216,0.7724708914756775,-0.11503604478140815,0.0,-0.002825879156589508,0.012572483122348793,-0.01,-0.0002533960342407152,0.37806202600040706,-0.23487508097256155,True,False,False,-0.025815006345510483,-0.17082001268863678,-0.23487508097256155,288,False,False,29.29999999999464,-0.2825879156589508,-0.0,0.0,0.0,0.0,0.0,0.0,-0.0,0.28623025035704364,0.0,-0.0,0.0,0.14028924602193232,64
0.29270052909851074,2.7532598972320557,0.35357874631881714,0.14439834654331207,9.159307090556013e-09,0.18615472316741943,3.191164493560791,-0.18943466246128082,0.7751982808113098,0.0103572705388069,0.48534107208251953,-0.6114214062690735,-0.141171395778656,0.12398302555084229,1.0,53.34009552001953,False,0.0,0.2185330092906952,-0.2500639259815216,0.7724708914756775,-0.10840026141710944,0.0,-0.0016117331385612488,0.01111965298652648,-0.01,-0.0004920801520347697,0.3647233569990931,-0.2194001428920821,True,False,False,-0.02212703414261341,-0.15793272852897644,-0.2194001428920821,289,False,False,29.399999999994584,-0.16117331385612488,-0.0,0.0,0.0,0.0,0.0,0.0,-0.0,0.31158549626497145,0.0,-0.0,0.0,0.15418101499392448,64
0.35964250564575195,3.3998403549194336,0.3334959149360657,0.1456853598356247,1.6306218597605948e-09,0.2011576145887375,2.1618902683258057,-0.20404143631458282,0.7739297151565552,-0.029152987599372876,0.1373835802078247,-0.48455291986465454,-0.06657981872558594,0.29945409297943115,1.0,53.34009552001953,False,0.0,0.2185330092906952,-0.2500639259815216,0.7724708914756775,-0.1254472203289797,0.0,-0.0008694285154342651,0.006705784499645234,-0.01,-0.004163644015789031,0.3440503729998454,-0.2442735317425794,True,False,False,-0.028970390558242798,-0.17109379172325134,-0.2442735317425794,290,False,False,29.49999999999453,-0.08694285154342651,-0.0,0.0,0.0,0.0,0.0,0.0,-0.0,0.3282798079776288,0.0,-0.0,0.0,0.16327047547338014,64
0.20461678504943848,2.2787914276123047,0.2763440012931824,0.11951851099729538,5.006848713406953e-09,0.1924957036972046,2.899923086166382,-0.1918579339981079,0.7752252817153931,0.006696502268314348,0.15563654899597168,-0.4550720453262329,-0.24065923690795898,0.18368995189666748,1.0,53.34009552001953,False,0.0,0.2185330092906952,-0.2500639259815216,0.7724708914756775,-0.1323213545643142,0.0,-0.0008074304461479187,0.003176446557044993,-0.01,-0.007630983889102926,0.3676729559992964,-0.22946511262167485,True,False,False,-0.025690006092190742,-0.16434960067272186,-0.22946511262167485,291,False,False,29.599999999994473,-0.08074304461479187,-0.0,0.0,0.0,0.0,0.0,0.0,-0.0,0.33801281462918076,0.0,-0.0,0.0,0.16819897686844246,64
0.3373265266418457,3.105046510696411,0.2243921160697937,0.13836398720741272,7.721369099655817e-10,0.19732367992401123,2.9609122276306152,-0.18415755033493042,0.7741825580596924,-0.008442975021898735,0.00037300586700439453,-0.41709232330322266,-0.1273500919342041,0.13881731033325195,1.0,53.34009552001953,False,0.0,0.2185330092906952,-0.2500639259815216,0.7724708914756775,-0.10722121117327374,0.0,-0.0005236360803246498,0.0027489167451858476,-0.01,-0.007774719335138802,0.36935609199827013,-0.22725891325883088,True,False,False,-0.02893601357936859,-0.15508729219436646,-0.22725891325883088,292,False,False,29.699999999994418,-0.05236360803246498,-0.0,0.0,0.0,0.0,0.0,0.0,-0.0,0.3469805072570735,0.0,-0.0,0.0,0.1729666175482121,64
0.22394657135009766,2.858168363571167,0.1581157147884369,0.12376242876052856,1.0018611718010106e-08,0.18774640560150146,3.082179546356201,-0.1893884688615799,0.7734742164611816,-0.012309519164264204,0.08551335334777832,-0.3786160945892334,-0.060711026191711426,-0.084774911403656,1.0,53.34009552001953,False,0.0,0.2185330092906952,-0.2500639259815216,0.7724708914756775,-9.784187271393904,0.0,-0.0004038382694125176,0.003155789375305168,-0.01,-0.00724804889410735,0.3655694000008225,-9.792316059795345,True,False,False,-0.027186401188373566,-0.1428498923778534,-9.792316059795345,293,False,False,29.799999999994363,-0.040383826941251755,-0.0,0.0,0.0,0.0,0.0,0.0,-0.0,0.35686070841038886,0.0,-0.0,0.0,0.17802651593578192,64
0.16619563102722168,2.5647356510162354,0.28351646661758423,0.14040672779083252,4.8089994209021825e-09,0.20367056131362915,2.240757703781128,-0.19773785769939423,0.7725051045417786,-0.02042077265679838,0.03332853317260742,-0.4030015468597412,0.24605560302734375,-0.10638558864593506,1.0,53.34009552001953,False,0.0,0.2185330092906952,-0.2500639259815216,0.7724708914756775,-9.855535725122634,0.0,-0.0005884557217359543,0.004867027997970591,-0.01,-0.005721427723765363,0.3310833760006062,-9.860371061227726,True,False,False,-0.031141117215156555,-0.12419231235980988,-9.860371061227726,294,False,False,29.899999999994307,-0.05884557217359543,-0.0,0.0,0.0,0.0,0.0,0.0,-0.0,0.3702977411004199,0.0,-0.0,0.0,0.184560414828474,64
0.12230873107910156,2.5625641345977783,0.3495017886161804,0.13212713599205017,2.979133739700046e-08,0.17908014357089996,3.301675319671631,-0.19120265543460846,0.7732070088386536,0.003114286661148047,0.17781198024749756,-0.41981256008148193,0.28391551971435547,0.1989971399307251,1.0,53.34009552001953,False,0.0,0.2185330092906952,-0.2500639259815216,0.7724708914756775,-9.91534632393526,0.0,-0.0008201690018177033,0.00411389738321305,-0.01,-0.006706271618604653,0.2919339319996652,-9.921472950142833,True,False,False,-0.017537375912070274,-0.10574664175510406,-9.921472950142833,295,False,False,29.99999999999425,-0.08201690018177032,-0.0,0.0,0.0,0.0,0.0,0.0,-0.0,0.3823490263540371,0.0,-0.0,0.0,0.19035434417520086,64
0.1881420612335205,3.210878372192383,0.09847631305456161,0.14536023139953613,3.123807434946002e-09,0.18482056260108948,3.185676097869873,-0.19039292633533478,0.7746577262878418,-0.01035078853368759,-0.023274660110473633,-0.36697715520858765,0.7053408622741699,-0.14941388368606567,1.0,53.34009552001953,False,0.0,0.2185330092906952,-0.2500639259815216,0.7724708914756775,-9.999506939010141,0.0,-0.0016376104950904847,0.002998124659061435,-0.01,-0.00863948583602905,0.2550910979989567,-10.007359850410847,True,False,False,-0.02472107857465744,-0.08691278845071793,-10.007359850410847,296,False,False,30.099999999994196,-0.16376104950904846,-0.0,0.0,0.0,0.0,0.0,0.0,-0.0,0.39226794683169997,0.0,-0.0,0.0,0.1944963629207595,64
0.16202926635742188,2.9701783657073975,0.1946965754032135,0.15296152234077454,1.8101475873777417e-08,0.1812826544046402,3.365064859390259,-0.18839456140995026,0.7745031118392944,-0.009358610510826102,-0.003667175769805908,-0.2529718279838562,0.8542897701263428,-0.021864771842956543,1.0,53.34009552001953,False,0.0,0.2185330092906952,-0.2500639259815216,0.7724708914756775,-10.053979837521165,0.0,-0.0019857431948184967,0.0035674417018890237,-0.01,-0.008418301492929473,0.1988297309999325,-10.06069676093635,True,False,False,-0.02607232704758644,-0.04920779913663864,-10.06069676093635,297,False,False,30.19999999999414,-0.19857431948184967,-0.0,0.0,0.0,0.0,0.0,0.0,-0.0,0.40343720672213557,0.0,-0.0,0.0,0.19973286016624928,64
0.16469955444335938,2.8356053829193115,0.13965219259262085,0.13961835205554962,5.8822866577656896e-08,0.18637610971927643,2.8278520107269287,-0.19804222881793976,0.7731278538703918,-0.019844250380992898,-0.028674066066741943,-0.16463714838027954,0.8717103004455566,-0.1062779426574707,1.0,53.34009552001953,False,0.0,0.2185330092906952,-0.2500639259815216,0.7724708914756775,-10.14040315066278,0.0,-0.00199775367975235,0.0015412983298301597,-0.01,-0.01045645534992219,0.1805073449995689,-10.145570616482198,True,False,False,-0.030535899102687836,-0.042946700006723404,-10.145570616482198,298,False,False,30.299999999994085,-0.19977536797523499,-0.0,0.0,0.0,0.0,0.0,0.0,-0.0,0.4106260041882893,0.0,-0.0,0.0,0.2033152484143923,64
0.08401870727539062,2.251709461212158,0.08967716991901398,0.12473756074905396,2.1205506239851957e-09,0.18587017059326172,2.500295639038086,-0.20971745252609253,0.7744704484939575,-0.016186578124761593,-0.028805315494537354,-0.23756378889083862,0.8795244693756104,-0.013001620769500732,1.0,53.34009552001953,False,0.0,0.2185330092906952,-0.2500639259815216,0.7724708914756775,-10.205923114567995,0.0,-0.002077496498823166,0.0010408678650855874,-0.01,-0.01103662863373758,0.09672339600001578,-10.209507824182511,True,False,False,-0.0337318480014801,-0.024630259722471237,-10.209507824182511,299,False,False,30.39999999999403,-0.2077496498823166,-0.0,0.0,0.0,0.0,0.0,0.0,-0.0,0.41687658898954805,0.0,-0.0,0.0,0.20636079799595086,64
0.1491844654083252,2.6655797958374023,0.1609121859073639,0.11962045729160309,3.659596847782609e-09,0.181877002120018,3.1482372283935547,-0.19423571228981018,0.7744337916374207,-10.271380839496851,-0.09196358919143677,-0.2914149761199951,0.8872432708740234,0.16294074058532715,1.0,53.34009552001953,False,0.0,0.2185330092906952,-0.2500639259815216,0.7724708914756775,-10.283467292785645,0.0,-10.002267825752497,-0.20843824744224548,-0.01,-10.220706073194743,0.09029537800051912,-10.285409927368164,True,False,False,-10.285409927368164,-0.01402964349836111,-10.285409927368164,300,False,False,30.499999999993975,-0.22678257524967194,-0.0,0.0,-1.0,0.0,0.0,0.0,-0.0,0.42018500108753043,0.0,-0.0,0.0,-9.792175325208731,64
