Q_actual_observation_held_probability,Q_actual_observation_x,Q_actual_observation_xyz_mae_cm,Q_actual_observation_y,Q_actual_observation_z,Q_observed_supported_reward,action_dx,action_dy,action_dyaw,action_dz,action_gripper,actual_goal_distance_cm,actual_held,actual_lift_cm,actual_object_x,actual_object_y,actual_object_z,control_component_goal,control_component_penalties,control_component_progress,control_component_time,control_reward,decision_seconds,forced_release,obstacle_contact,phase,proposed_gripper,step,table_contact,task_success,time_s,true_component_action,true_component_collision,true_component_drop,true_component_fail,true_component_grasp,true_component_lift,true_component_place,true_component_proximity,true_component_reach,true_component_success,true_component_table_hit,true_component_transport,true_original_reward
2.940451850008685e-05,0.18309900164604187,0.45205751061439514,-0.22843660414218903,0.7719538807868958,-0.0008971675646482248,0.9732998609542847,-0.9778380990028381,-0.0013592839241027832,-0.9942326545715332,0.9999971389770508,51.51496505737305,False,0.0,0.1867952048778534,-0.23778511583805084,0.7724708914756775,0.0,-0.007229951024055481,0.015231623947620392,-0.01,-0.0019983270764350903,0.0005437158979475498,False,False,approach,0.9999971389770508,1,False,False,0.6000000000000004,-0.7229951024055481,-0.0,0.0,0.0,0.0,0.0,0.0,-0.0,0.03077091945593613,0.0,-0.0,0.0,0.008155508703912583
1.4543354154739063e-05,0.18156881630420685,0.5763063430786133,-0.22628581523895264,0.771907389163971,-0.014006958968861581,0.9905548095703125,-0.9939103722572327,-0.00764840841293335,-0.9906709790229797,1.0,51.51496505737305,False,0.0,0.1867952048778534,-0.23778511583805084,0.7724708914756775,0.0,-0.0073763602972030645,0.0027890515327453624,-0.01,-0.014587308764457702,0.00048203393816947937,False,False,approach,1.0,2,False,False,0.7000000000000005,-0.7376360297203064,-0.0,0.0,0.0,0.0,0.0,0.0,-0.0,0.0367161954576537,0.0,-0.0,0.0,0.010981737431623785
1.7865419067675248e-05,0.1837550401687622,0.3798787593841553,-0.22988232970237732,0.7720174789428711,-0.014420791598859017,0.9912208318710327,-0.993736207485199,0.0001093149185180664,-0.9908890128135681,1.0,51.51496505737305,False,0.0,0.1867952048778534,-0.23778511583805084,0.7724708914756775,0.0,-0.0073797285556793215,0.00340154528617859,-0.01,-0.013978183269500732,0.00047828303650021553,False,False,approach,1.0,3,False,False,0.8000000000000006,-0.7379728555679321,-0.0,0.0,0.0,0.0,0.0,0.0,-0.0,0.04395889293874111,0.0,-0.0,0.0,0.014599717913691235
1.3834574019710999e-05,0.1825283020734787,0.4758705794811249,-0.22840115427970886,0.7718456387519836,-0.012788444914496983,0.9919192790985107,-0.9939777851104736,-0.006523549556732178,-0.9914897084236145,1.0,51.51496505737305,False,0.0,0.1867952048778534,-0.23778511583805084,0.7724708914756775,0.0,-0.007387474775314332,0.004032542109489442,-0.01,-0.01335493266582489,0.00048288609832525253,False,False,approach,1.0,4,False,False,0.9000000000000007,-0.7387474775314331,-0.0,0.0,0.0,0.0,0.0,0.0,-0.0,0.05254944941132356,0.0,-0.0,0.0,0.018887249930347447
2.167088860005606e-05,0.18212741613388062,0.42923638224601746,-0.22974252700805664,0.7726376056671143,-0.012406121838194294,0.9930918216705322,-0.9939758777618408,-0.004437804222106934,-0.9931885004043579,1.0,51.51496505737305,False,0.0,0.1867952048778534,-0.23778511583805084,0.7724708914756775,0.0,-0.00740165650844574,0.004716811180114747,-0.01,-0.012684845328330993,0.00048142019659280777,False,False,approach,1.0,5,False,False,1.0000000000000007,-0.740165650844574,-0.0,0.0,0.0,0.0,0.0,0.0,-0.0,0.06260921339079517,0.0,-0.0,0.0,0.023902950186951846
1.6802836398710497e-05,0.1827501803636551,0.41093677282333374,-0.23007769882678986,0.7718952298164368,-0.012129507532183139,0.9935641288757324,-0.9944184422492981,-0.0017740130424499512,-0.9943543672561646,1.0,51.51496505737305,False,0.0,0.1867952048778534,-0.23778511583805084,0.7724708914756775,0.0,-0.007411953806877136,0.005391197204589845,-0.01,-0.01202075660228729,0.0004728110507130623,False,False,approach,1.0,6,False,False,1.1000000000000008,-0.7411953806877136,-0.0,0.0,0.0,0.0,0.0,0.0,-0.0,0.07413289766947684,0.0,-0.0,0.0,0.029654495027861282
1.9956920368713327e-05,0.18247222900390625,0.40942081809043884,-0.22987356781959534,0.7724227905273438,-0.011033051355752194,0.9936559200286865,-0.9945472478866577,-0.00964057445526123,-0.9947018623352051,1.0,51.51496505737305,False,0.0,0.1867952048778534,-0.23778511583805084,0.7724708914756775,0.0,-0.007415002584457398,0.005915019810199734,-0.01,-0.011499982774257664,0.000471469946205616,False,False,approach,1.0,7,False,False,1.2000000000000008,-0.7415002584457397,-0.0,0.0,0.0,0.0,0.0,0.0,-0.0,0.08683122815194055,0.0,-0.0,0.0,0.03600061149151288
1.608228740224149e-05,0.18306589126586914,0.47723203897476196,-0.22771191596984863,0.7719564437866211,-0.010627447716268286,0.9928154945373535,-0.9940695762634277,-0.0063304901123046875,-0.9933141469955444,1.0,51.51496505737305,False,0.0,0.1867952048778534,-0.23778511583805084,0.7724708914756775,0.0,-0.007401424646377564,0.006399304866790773,-0.01,-0.011002119779586792,0.0004738536663353443,False,False,approach,1.0,8,False,False,1.300000000000001,-0.7401424646377563,-0.0,0.0,0.0,0.0,0.0,0.0,-0.0,0.1006362191992849,0.0,-0.0,0.0,0.04291668495326488
1.6501149730174802e-05,0.18230411410331726,0.4798799753189087,-0.22807125747203827,0.7722794413566589,-0.009837441880618636,0.993293046951294,-0.9938019514083862,-0.0010851621627807617,-0.994551956653595,1.0,51.51496505737305,False,0.0,0.1867952048778534,-0.23778511583805084,0.7724708914756775,0.0,-0.007408520579338074,0.0070499488711357125,-0.01,-0.010358571708202362,0.0004780348390340805,False,False,approach,1.0,9,False,False,1.400000000000001,-0.7408520579338074,-0.0,0.0,0.0,0.0,0.0,0.0,-0.0,0.1158951004589509,0.0,-0.0,0.0,0.05053902965013738
1.3836896869179327e-05,0.18256208300590515,0.4241620600223541,-0.2296501100063324,0.7721141576766968,-0.009703478888051491,0.9931436777114868,-0.9931977391242981,-0.00039333105087280273,-0.9950029850006104,1.0,51.51496505737305,False,0.0,0.1867952048778534,-0.23778511583805084,0.7724708914756775,0.0,-0.007407018542289734,0.00797815799713135,-0.01,-0.009428860545158384,0.0004945723339915276,False,False,approach,1.0,10,False,False,1.500000000000001,-0.7407018542289734,-0.0,0.0,0.0,0.0,0.0,0.0,-0.0,0.13318328651251743,0.0,-0.0,0.0,0.05918462471396898
1.1446956705185585e-05,0.18309883773326874,0.41480907797813416,-0.22917787730693817,0.7723302245140076,-0.00790672071123568,0.9933223724365234,-0.9922268986701965,-0.00653916597366333,-0.9947338104248047,1.0,51.51496505737305,False,0.0,0.1867952048778534,-0.23778511583805084,0.7724708914756775,0.0,-0.007401853799819946,0.0092049241065979,-0.01,-0.008196929693222046,0.0005376050248742104,False,False,approach,1.0,11,False,False,1.6000000000000012,-0.7401853799819946,-0.0,0.0,0.0,0.0,0.0,0.0,-0.0,0.15312433632547007,0.0,-0.0,0.0,0.06916031436291509
8.760294804233126e-06,0.18146191537380219,0.4355827867984772,-0.2305017113685608,0.7720201015472412,-0.006356490191823759,0.9941508769989014,-0.9895849227905273,-0.005647122859954834,-0.9946362376213074,1.0,51.51496505737305,False,0.0,0.1867952048778534,-0.23778511583805084,0.7724708914756775,0.0,-0.007392368912696838,0.010685173869132994,-0.01,-0.006707195043563844,0.00047784391790628433,False,False,approach,1.0,12,False,False,1.7000000000000013,-0.7392368912696838,-0.0,0.0,0.0,0.0,0.0,0.0,-0.0,0.17625728351853065,0.0,-0.0,0.0,0.08073627284656848
8.206599886761978e-06,0.1826346516609192,0.4242360591888428,-0.2297617644071579,0.7719277143478394,-0.005172262561631599,0.9940488338470459,-0.9856637716293335,-0.0024445056915283203,-0.9943484663963318,1.0,51.51496505737305,False,0.0,0.1867952048778534,-0.23778511583805084,0.7724708914756775,0.0,-0.007371002435684205,0.012360302209854124,-0.01,-0.005010700225830081,0.00047990307211875916,False,False,approach,1.0,13,False,False,1.8000000000000014,-0.7371002435684204,-0.0,0.0,0.0,0.0,0.0,0.0,-0.0,0.20300790964292437,0.0,-0.0,0.0,0.09413295238577798
7.13752933734213e-06,0.18159855902194977,0.42912015318870544,-0.23050840198993683,0.7720706462860107,-0.002536456017517793,0.9951877593994141,-0.9780706167221069,-0.0001640915870666504,-0.9936472177505493,1.0,51.51496505737305,False,0.0,0.1867952048778534,-0.23778511583805084,0.7724708914756775,0.0,-0.007335888743400574,0.014208588600158695,-0.01,-0.0031273001432418797,0.0004760418087244034,False,False,approach,1.0,14,False,False,1.9000000000000015,-0.7335888743400574,-0.0,0.0,0.0,0.0,0.0,0.0,-0.0,0.2337627929176478,0.0,-0.0,0.0,0.10954550771542332
7.2254724727827124e-06,0.181431844830513,0.48773735761642456,-0.22894765436649323,0.7720395922660828,-0.0003081675994572493,0.994114875793457,-0.9516918063163757,-0.0006931424140930176,-0.9892635345458984,1.0,51.51496505737305,False,0.0,0.1867952048778534,-0.23778511583805084,0.7724708914756775,0.0,-0.00718156099319458,0.016224472224712377,-0.01,-0.0009570887684822033,0.0004700850695371628,False,False,approach,1.0,15,False,False,2.0000000000000013,-0.718156099319458,-0.0,0.0,0.0,0.0,0.0,0.0,-0.0,0.2689006548535555,0.0,-0.0,0.0,0.12726876643358317
6.188792212924454e-06,0.18147766590118408,0.40038278698921204,-0.23159995675086975,0.7719621062278748,0.001027896182312608,0.9937241077423096,-0.8455802798271179,-0.009343206882476807,-0.9760345816612244,1.0,51.51496505737305,False,0.0,0.1867952048778534,-0.23778511583805084,0.7724708914756775,0.0,-0.006638060808181763,0.018369354605674737,-0.01,0.0017312937974929745,0.0006798971444368362,False,False,approach,1.0,16,False,False,2.0999999999999903,-0.6638060808181763,-0.0,0.0,0.0,0.0,0.0,0.0,-0.0,0.3087267458493783,0.0,-0.0,0.0,0.14772531211650738
6.981357728363946e-06,0.18147742748260498,0.41106393933296204,-0.23098233342170715,0.772259533405304,0.005604403679916577,0.9877822399139404,-0.6577585339546204,-0.012210667133331299,-0.8813025951385498,1.0,51.51496505737305,False,0.0,0.1867952048778534,-0.23778511583805084,0.7724708914756775,0.0,-0.005463008284568787,0.020434443652629863,-0.01,0.004971435368061076,0.0004888349212706089,False,False,approach,1.0,17,False,False,2.1999999999999793,-0.5463008284568787,-0.0,0.0,0.0,0.0,0.0,0.0,-0.0,0.35312686499885015,0.0,-0.0,0.0,0.1711004242148563
6.2648846324009355e-06,0.18209999799728394,0.3974711000919342,-0.2306206226348877,0.7725353240966797,0.007860529970900908,0.9796817302703857,-0.4694061279296875,-0.009412646293640137,-0.6555100083351135,1.0,51.51496505737305,False,0.0,0.1867952048778534,-0.23778511583805084,0.7724708914756775,0.0,-0.004024750888347626,0.02175926476716994,-0.01,0.007734513878822314,0.0004759272560477257,False,False,approach,1.0,18,False,False,2.2999999999999683,-0.4024750888347626,-0.0,0.0,0.0,0.0,0.0,0.0,-0.0,0.40065183261786574,0.0,-0.0,0.0,0.19630116542058523
5.87772819926613e-06,0.1817988157272339,0.4652182161808014,-0.2291087955236435,0.7721870541572571,0.008886486138076926,0.9654004573822021,-0.34633612632751465,-0.01633065938949585,-0.3779146075248718,1.0,51.51496505737305,False,0.0,0.1867952048778534,-0.23778511583805084,0.7724708914756775,0.0,-0.0029875820875167845,0.021785703003406515,-0.01,0.00879812091588973,0.0004915641620755196,False,False,approach,1.0,19,False,False,2.3999999999999573,-0.29875820875167847,-0.0,0.0,0.0,0.0,0.0,0.0,-0.0,0.4487104658252592,0.0,-0.0,0.0,0.2213676508251128
6.53509414405562e-06,0.18132764101028442,0.4362627863883972,-0.2302667796611786,0.7723689079284668,0.00646302475884389,0.948212742805481,-0.2529699206352234,-0.00044471025466918945,-0.1580435037612915,1.0,51.51496505737305,False,0.0,0.1867952048778534,-0.23778511583805084,0.7724708914756775,0.0,-0.0024701976776123047,0.018600232303142533,-0.01,0.0061300346255302295,0.00047464994713664055,False,False,approach,1.0,20,False,False,2.4999999999999463,-0.24701976776123047,-0.0,0.0,0.0,0.0,0.0,0.0,-0.0,0.49081911265965894,0.0,-0.0,0.0,0.24293935865221716
1.243535825778963e-05,0.18157832324504852,0.4237651824951172,-0.23041707277297974,0.772598922252655,0.0002378490668348849,0.8758816719055176,-0.21352523565292358,-0.007111012935638428,0.0366816520690918,1.0,51.51496505737305,False,0.0,0.1867952048778534,-0.23778511583805084,0.7724708914756775,0.0,-0.002035394459962845,0.01265265181660652,-0.01,0.0006172573566436742,0.0005585229955613613,False,False,approach,1.0,21,False,False,2.5999999999999353,-0.20353944599628448,-0.0,0.0,0.0,0.0,0.0,0.0,-0.0,0.5213377100746202,0.0,-0.0,0.0,0.2586334605773472
1.5404766600113362e-05,0.18060660362243652,0.34402012825012207,-0.2338228076696396,0.772640585899353,-0.007616399052934129,0.7438809871673584,-0.17771589756011963,-0.002874135971069336,0.16992104053497314,1.0,51.51496505737305,False,0.0,0.1867952048778534,-0.23778511583805084,0.7724708914756775,0.0,-0.0015345582365989686,0.004974485337734202,-0.01,-0.006560072898864767,0.00048182206228375435,False,False,approach,1.0,22,False,False,2.6999999999999242,-0.15345582365989685,-0.0,0.0,0.0,0.0,0.0,0.0,-0.0,0.5366532251161404,0.0,-0.0,0.0,0.26679205432147124
2.1390229449025355e-05,0.1819053292274475,0.494049996137619,-0.2279691845178604,0.7725865840911865,-0.014083831958338237,0.500016450881958,-0.16906309127807617,-0.02590334415435791,0.19057083129882812,1.0,51.51496505737305,False,0.0,0.1867952048778534,-0.23778511583805084,0.7724708914756775,0.0,-0.0007889674603939056,-0.002007986456155797,-0.01,-0.012796953916549702,0.0004786490462720394,False,False,approach,1.0,23,False,False,2.7999999999999132,-0.07889674603939056,-0.0,0.0,0.0,0.0,0.0,0.0,-0.0,0.5380174847683097,0.0,-0.0,0.0,0.2682197749237609
3.529988680384122e-05,0.18030601739883423,0.5722969770431519,-0.2274872213602066,0.7728527188301086,-0.015904113725298093,0.3744187355041504,-0.06693589687347412,-0.24139952659606934,0.1692126989364624,1.0,51.51496505737305,False,0.0,0.1867952048778534,-0.23778511583805084,0.7724708914756775,0.0,-0.0005789411813020706,-0.00512649312615393,-0.01,-0.015705434307456002,0.0004688156768679619,False,False,approach,1.0,24,False,False,2.899999999999902,-0.05789411813020706,-0.0,0.0,0.0,0.0,0.0,0.0,-0.0,0.5330954158269505,0.0,-0.0,0.0,0.2659687667321732
1.7304228094872087e-05,0.18140149116516113,0.5718743205070496,-0.22616499662399292,0.7723284959793091,-0.01971721963387267,0.2351665496826172,-0.007800161838531494,-0.5807530283927917,0.222723126411438,1.0,51.51496505737305,False,0.0,0.1867952048778534,-0.23778511583805084,0.7724708914756775,0.0,-0.0011056095361709594,-0.006699186712503413,-0.01,-0.017804796248674374,0.00048197899013757706,False,False,approach,1.0,25,False,False,2.999999999999891,-0.11056095361709595,-0.0,0.0,0.0,0.0,0.0,0.0,-0.0,0.5249466846621809,0.0,-0.0,0.0,0.2613677327949195
1.243170572706731e-05,0.18214809894561768,0.5483081340789795,-0.2260003238916397,0.7724535465240479,-0.018557162954966025,0.18713712692260742,0.0109330415725708,-0.7660449743270874,0.07058060169219971,1.0,51.51496505737305,False,0.0,0.1867952048778534,-0.23778511583805084,0.7724708914756775,0.0,-0.001567365825176239,-0.006840291917324048,-0.01,-0.018407657742500288,0.00048007210716605186,False,False,approach,1.0,26,False,False,3.09999999999988,-0.1567365825176239,-0.0,0.0,0.0,0.0,0.0,0.0,-0.0,0.5164303244840065,0.0,-0.0,0.0,0.256647796416827
8.549884114472661e-06,0.18297366797924042,0.49068382382392883,-0.2272006720304489,0.7721563577651978,-0.01867392222511131,0.1412820816040039,0.02686476707458496,-0.7885665893554688,0.24785149097442627,1.0,51.51496505737305,False,0.0,0.1867952048778534,-0.23778511583805084,0.7724708914756775,0.0,-0.0017598748207092285,-0.0062347094714641504,-0.01,-0.017994584292173377,0.0004760310985147953,False,False,approach,1.0,27,False,False,3.199999999999869,-0.17598748207092285,-0.0,0.0,0.0,0.0,0.0,0.0,-0.0,0.5090514461922284,0.0,-0.0,0.0,0.252765848275405
5.52839219380985e-06,0.1809244304895401,0.49645355343818665,-0.22910286486148834,0.7721303105354309,-0.01930432159368871,0.0894240140914917,-0.01684480905532837,-0.7053102850914001,0.11635386943817139,1.0,51.51496505737305,False,0.0,0.1867952048778534,-0.23778511583805084,0.7724708914756775,0.0,-0.0012982030212879182,-0.007862565517425535,-0.01,-0.019160768538713454,0.0004811407998204231,False,False,approach,1.0,28,False,False,3.299999999999858,-0.1298203021287918,-0.0,0.0,0.0,0.0,0.0,0.0,-0.0,0.49830937493522987,0.0,-0.0,0.0,0.24785648444632702
7.029580501693999e-06,0.1812053918838501,0.6403451561927795,-0.22446784377098083,0.7721676230430603,-0.017812832096720844,-0.003093898296356201,-0.038021087646484375,-0.6514462232589722,0.18850934505462646,1.0,51.51496505737305,False,0.0,0.1867952048778534,-0.23778511583805084,0.7724708914756775,0.0,-0.0011534328013658524,-0.006553196609020234,-0.01,-0.017706629410386088,0.0004905289970338345,False,False,approach,1.0,29,False,False,3.399999999999847,-0.11534328013658524,-0.0,0.0,0.0,0.0,0.0,0.0,-0.0,0.49010390770414414,0.0,-0.0,0.0,0.24389852105070622
1.2820393749279901e-05,0.1810055673122406,0.47610798478126526,-0.22933568060398102,0.772515058517456,-0.01579754479951457,-0.012212395668029785,0.025304794311523438,-0.6735426187515259,-0.071524977684021,1.0,51.51496505737305,False,0.0,0.1867952048778534,-0.23778511583805084,0.7724708914756775,0.0,-0.0011489123851060868,-0.005342884957790367,-0.01,-0.016491797342896453,0.0004795761778950691,False,False,approach,1.0,30,False,False,3.499999999999836,-0.11489123851060867,-0.0,0.0,0.0,0.0,0.0,0.0,-0.0,0.48426085389816076,0.0,-0.0,0.0,0.2409815145639743
5.387380497268168e-06,0.18121881783008575,0.6568595767021179,-0.22420735657215118,0.7719192504882812,-0.010784489093378959,-0.03493010997772217,-0.005758464336395264,-0.426582932472229,-0.3637503981590271,1.0,51.51496505737305,False,0.0,0.1867952048778534,-0.23778511583805084,0.7724708914756775,0.0,-0.0007888515293598175,0.0010946941375732377,-0.01,-0.00969415739178658,0.0006428700871765614,False,False,approach,1.0,31,False,False,3.599999999999825,-0.07888515293598175,-0.0,0.0,0.0,0.0,0.0,0.0,-0.0,0.49136394312962395,0.0,-0.0,0.0,0.24489312003545216
2.6575421543384437e-06,0.18181443214416504,0.3249948024749756,-0.23370477557182312,0.7717821598052979,-0.0021407961046602617,0.008066058158874512,0.03627943992614746,-0.3650466203689575,-0.8459452986717224,1.0,51.51496505737305,False,0.0,0.1867952048778534,-0.23778511583805084,0.7724708914756775,0.0,-0.002125659286975861,0.010316875725984553,-0.01,-0.0018087835609913085,0.00047364505007863045,False,False,approach,1.0,32,False,False,3.699999999999814,-0.21256592869758606,-0.0,0.0,0.0,0.0,0.0,0.0,-0.0,0.5171693489747435,0.0,-0.0,0.0,0.25645901520039593
1.7074007701012306e-06,0.18057629466056824,0.402715802192688,-0.2327440232038498,0.7716494202613831,0.008002095886477724,-0.03644371032714844,-0.05937814712524414,0.13914740085601807,-0.9818923473358154,1.0,51.51496505737305,False,0.0,0.1867952048778534,-0.23778511583805084,0.7724708914756775,0.0,-0.0024708211421966553,0.020449797809123982,-0.01,0.007978976666927326,0.0004978040233254433,False,False,approach,1.0,33,False,False,3.799999999999803,-0.24708211421966553,-0.0,0.0,0.0,0.0,0.0,0.0,-0.0,0.5637059260531342,0.0,-0.0,0.0,0.27938214188437044
1.700556140349363e-06,0.1805683821439743,0.3854811191558838,-0.23302733898162842,0.7718910574913025,0.012688506307371035,-0.03553426265716553,-0.05625045299530029,0.36112117767333984,-0.9931136965751648,1.0,51.51496505737305,False,0.0,0.1867952048778534,-0.23778511583805084,0.7724708914756775,0.0,-0.002802775204181671,0.02474577367305758,-0.01,0.011942998468875908,0.0004815957508981228,False,False,approach,1.0,34,False,False,3.899999999999792,-0.2802775204181671,-0.0,0.0,0.0,0.0,0.0,0.0,-0.0,0.61939139129611,0.0,-0.0,0.0,0.30689292044387334
2.0976081032131333e-06,0.18093499541282654,0.4263361394405365,-0.23172612488269806,0.7716000080108643,0.012783855564227621,-0.022778570652008057,-0.04674142599105835,0.593226432800293,-0.9927425384521484,1.0,51.51496505737305,False,0.0,0.1867952048778534,-0.23778511583805084,0.7724708914756775,0.0,-0.003350397348403931,0.026219237893819802,-0.01,0.01286884054541587,0.00048281624913215637,False,False,approach,1.0,35,False,False,3.999999999999781,-0.33503973484039307,-0.0,0.0,0.0,0.0,0.0,0.0,-0.0,0.6786161108504352,0.0,-0.0,0.0,0.33595765807681366
2.3532224986411165e-06,0.183116614818573,0.28471601009368896,-0.234254390001297,0.7711387276649475,0.011987691362893274,0.00407254695892334,-0.038026511669158936,0.7122776508331299,-0.9847356081008911,1.0,51.51496505737305,False,0.0,0.1867952048778534,-0.23778511583805084,0.7724708914756775,0.0,-0.0036962658166885378,0.026848369538784,-0.01,0.013152103722095463,0.0004958552308380604,False,False,approach,1.0,36,False,False,4.0999999999997705,-0.36962658166885376,-0.0,0.0,0.0,0.0,0.0,0.0,-0.0,0.7397099718188141,0.0,-0.0,0.0,0.36615872009271855
3.431044206081424e-06,0.18383044004440308,0.20605474710464478,-0.23647654056549072,0.7705625891685486,0.011311466282508344,0.03316795825958252,-0.07547324895858765,0.7039282321929932,-0.9204699397087097,1.0,51.51496505737305,False,0.0,0.1867952048778534,-0.23778511583805084,0.7724708914756775,0.0,-0.0033739402890205386,0.02629836872220037,-0.01,0.012924428433179832,0.0005053998902440071,False,False,approach,1.0,37,False,False,4.1999999999997595,-0.33739402890205383,-0.0,0.0,0.0,0.0,0.0,0.0,-0.0,0.8003097858236524,0.0,-0.0,0.0,0.39678095262280566
4.957507371727843e-06,0.1847294270992279,0.2873455286026001,-0.2329622209072113,0.7707391977310181,0.012383497381086463,0.059770941734313965,-0.09586435556411743,0.6243921518325806,-0.7205851078033447,1.0,51.51496505737305,False,0.0,0.1867952048778534,-0.23778511583805084,0.7724708914756775,0.0,-0.002304677367210388,0.02286513306200505,-0.01,0.010560455694794661,0.0004835170693695545,False,False,approach,1.0,38,False,False,4.2999999999997485,-0.23046773672103882,-0.0,0.0,0.0,0.0,0.0,0.0,-0.0,0.8545857612833404,0.0,-0.0,0.0,0.4249882032744598
2.5538294721627608e-05,0.18380901217460632,0.38045841455459595,-0.23031802475452423,0.7715104222297668,0.008482217674466773,0.1105114221572876,-0.06204026937484741,0.40419018268585205,-0.49497175216674805,1.0,51.51496505737305,False,0.0,0.1867952048778534,-0.23778511583805084,0.7724708914756775,0.0,-0.0010610713064670564,0.016267971694469474,-0.01,0.005206900388002417,0.0004989998415112495,False,False,approach,1.0,39,False,False,4.3999999999997375,-0.10610713064670563,-0.0,0.0,0.0,0.0,0.0,0.0,-0.0,0.8960824692430015,0.0,-0.0,0.0,0.4469801633150337
9.23193947528489e-05,0.18354953825473785,0.3140096664428711,-0.23237241804599762,0.7717089653015137,-0.00018992327706611987,0.09739100933074951,-0.05126267671585083,0.2171645164489746,-0.24426209926605225,1.0,51.51496505737305,False,0.0,0.1867952048778534,-0.23778511583805084,0.7724708914756775,0.0,-0.0002973431721329689,0.008788791894912718,-0.01,-0.0015085512772202523,0.0004800930619239807,False,False,approach,1.0,40,False,False,4.499999999999726,-0.02973431721329689,-0.0,0.0,0.0,0.0,0.0,0.0,-0.0,0.9228889273896488,0.0,-0.0,0.0,0.4611471205226914
0.0005334751913323998,0.18323597311973572,0.4495590925216675,-0.2282431572675705,0.7720853090286255,-0.007695678116922213,0.04993891716003418,-0.04688560962677002,0.18795561790466309,-0.23010075092315674,1.0,51.51496505737305,False,0.0,0.1867952048778534,-0.23778511583805084,0.7724708914756775,0.0,-0.0002324145659804344,0.0033431724645197614,-0.01,-0.0068892421014606735,0.0005837050266563892,False,False,approach,1.0,41,False,False,4.599999999999715,-0.023241456598043442,-0.0,0.0,0.0,0.0,0.0,0.0,-0.0,0.9389650496686016,0.0,-0.0,0.0,0.46925011026832036
0.014352482743561268,0.18494205176830292,0.49654045701026917,-0.22568589448928833,0.7715270519256592,-0.01459417793529972,0.05260515213012695,-0.030886530876159668,0.15423595905303955,-0.2577798366546631,1.0,51.51496505737305,False,0.0,0.1867952048778534,-0.23778511583805084,0.7724708914756775,0.0,-0.00023490116000175477,0.0020835462212562272,-0.01,-0.008151354938745527,0.00048271194100379944,False,False,approach,1.0,42,False,False,4.699999999999704,-0.023490116000175476,-0.0,0.0,0.0,0.0,0.0,0.0,-0.0,0.9526586174749816,0.0,-0.0,0.0,0.47609440757748905
0.007259753067046404,0.18508870899677277,0.4763652980327606,-0.2255089282989502,0.7721626162528992,-0.009590231741623528,0.07768523693084717,-0.018344640731811523,0.06294405460357666,-0.3926140069961548,0.9999850988388062,51.51496505737305,False,0.0,0.1867952048778534,-0.23778511583805084,0.7724708914756775,0.0,-0.0004111981019377709,0.0018945693597197666,-0.01,-0.008516628742218004,0.0004942798987030983,False,False,approach,0.9999850988388062,43,False,False,4.799999999999693,-0.041119810193777084,-0.0,0.0,0.0,0.0,0.0,0.0,-0.0,0.966108914651506,0.0,-0.0,0.0,0.4826432592238152
0.35950371623039246,0.18200424313545227,0.81586092710495,-0.21940886974334717,0.7711622714996338,-0.027885973335583653,0.10789012908935547,0.006136536598205566,-0.07607465982437134,-0.2584880590438843,0.9942967891693115,51.51496505737305,False,0.0,0.1867952048778534,-0.23778511583805084,0.7724708914756775,0.0,-0.00021070342510938646,-0.0033687927015125796,-0.01,-0.013579496126621966,0.00048715993762016296,False,False,approach,0.9942967891693115,44,False,False,4.899999999999682,-0.021070342510938644,-0.0,0.0,0.0,0.0,0.0,0.0,-0.0,0.9690618713966096,0.0,-0.0,0.0,0.48432023227319543
0.9951476454734802,0.17864270508289337,0.992409884929657,-0.21786418557167053,0.7705786228179932,0.37086246955549557,0.026711225509643555,0.10270512104034424,-0.014486551284790039,-0.35416316986083984,-1.0,51.53083038330078,False,-0.016820430755615234,0.1865706890821457,-0.23798443377017975,0.7723026871681213,0.0,-0.0003422581031918526,-0.009102886971086244,-0.01,-0.019445145074278095,0.0004902570508420467,False,False,approach,-1.0,45,False,False,4.999999999999671,-0.03422581031918526,-0.0,0.0,0.0,0.0,0.0,0.0,-0.0,0.960460769355753,0.0,-0.0,0.0,0.47988812657468466
0.9983457326889038,0.17888224124908447,1.3077244758605957,-0.20663030445575714,0.7718793153762817,0.0034109405372772707,0.05932962894439697,0.17944908142089844,0.1339571475982666,-0.34898173809051514,-1.0,51.5129280090332,False,-0.012069940567016602,0.18645009398460388,-0.23782330751419067,0.7723501920700073,0.0,-0.000438636876642704,-0.014149217847734707,-0.01,-0.02458785472437741,0.0004941597580909729,False,False,approach,-1.0,46,False,False,5.09999999999966,-0.0438636876642704,-0.0,0.0,0.0,0.0,0.0,0.0,-0.0,0.9415779861705024,0.0,-0.0,0.0,0.4703503562086085
0.998538613319397,0.17564068734645844,1.3277902603149414,-0.2038571685552597,0.7720082402229309,-0.015902963602299782,0.054340243339538574,0.3270033597946167,-0.11661386489868164,0.3701300621032715,-1.0,51.25206756591797,False,-7.748603820800781e-05,0.18313686549663544,-0.2357328236103058,0.7724701166152954,0.0,-0.0006511978060007096,-0.008274346254765974,-0.01,-0.018925544060766686,0.00048468681052327156,False,False,approach,-1.0,47,False,False,5.199999999999649,-0.06511978060007095,-0.0,0.0,0.0,0.0,0.0,0.0,-0.0,0.9343731364241412,0.0,-0.0,0.0,0.4665353704060699
0.9995715022087097,0.17587874829769135,0.9285966753959656,-0.21035829186439514,0.7777420282363892,0.045561987987704215,0.03449273109436035,0.3194161653518677,-0.09811621904373169,0.9997529983520508,-1.0,50.746883392333984,True,0.7148444652557373,0.18130424618721008,-0.23091338574886322,0.7796193361282349,0.0,-0.00278087317943573,0.484327759117247,-0.01,0.4715468859378113,0.0006001838482916355,False,False,grasp_lift,-1.0,48,False,False,5.299999999999638,-0.278087317943573,-0.0,0.0,0.0,1.0,0.740483539148018,0.0,-0.0,0.0,0.0,-0.0,0.09088389007888253,0.9583447864734558
0.9997933506965637,0.17491395771503448,0.7581263780593872,-0.21146704256534576,0.7925853133201599,0.12908329596748633,0.02573108673095703,0.15957403182983398,-0.045700669288635254,0.9999964237213135,-1.0,50.358985900878906,True,2.0809829235076904,0.18147386610507965,-0.22695551812648773,0.7932807207107544,0.0,-0.0025705182552337646,0.12086963531427086,-0.01,0.10829911705903711,0.00047779595479369164,False,False,grasp_lift,-1.0,49,False,False,5.399999999999627,-0.25705182552337646,-0.0,0.0,0.0,1.0,1.0,0.0,-0.0,0.0,0.0,-0.0,0.09292446094438167,1.090353942689148
0.9999126195907593,0.17541947960853577,0.3703072667121887,-0.21977682411670685,0.8078267574310303,-0.028236352286210534,0.03256666660308838,0.11711084842681885,0.08534550666809082,0.9999916553497314,-1.0,50.11749267578125,True,3.492248058319092,0.18134231865406036,-0.22452981770038605,0.8073933720588684,0.0,-0.002555106580257416,-0.009649813659843742,-0.01,-0.022204920240101157,0.0004978440701961517,False,False,grasp_lift,-1.0,50,False,False,5.499999999999616,-0.2555106580257416,-0.0,0.0,0.0,1.0,1.0,0.0,-0.0,0.0,0.0,-0.0,0.09421682297487421,1.091661716394617
0.9999240636825562,0.1741677224636078,0.48593035340309143,-0.22063519060611725,0.8161725997924805,-0.02384361804977931,0.010061025619506836,0.045897603034973145,0.03716087341308594,0.9999254941940308,-1.0,49.95382308959961,True,4.903173446655273,0.18114767968654633,-0.22290311753749847,0.8215026259422302,0.0,-0.0025085991621017455,-0.010065443090278015,-0.01,-0.02257404225237976,0.0005718544125556946,False,False,carry,-1.0,51,False,False,5.599999999999605,-0.25085991621017456,-0.0,0.0,0.0,1.0,1.0,0.0,-0.0,0.0,0.0,-0.0,0.09510240155225547,1.0925938023901538
0.999932050704956,0.173947274684906,0.42243003845214844,-0.21818344295024872,0.8335921764373779,-0.022109904172044115,-0.03005892038345337,-0.00978165864944458,0.0006482601165771484,0.9986519813537598,-1.0,49.876670837402344,True,6.313532829284668,0.18057416379451752,-0.2222154140472412,0.8356062173843384,0.0,-0.0024957634508609773,-0.010535038755933979,-0.01,-0.023030802206794956,0.0004984140396118164,False,False,carry,-1.0,52,False,False,5.699999999999594,-0.24957634508609772,-0.0,0.0,0.0,1.0,1.0,0.0,-0.0,0.0,0.0,-0.0,0.09552259573985789,1.0930268322889969
0.9999152421951294,0.17248477041721344,0.9090999960899353,-0.2140958607196808,0.8374658226966858,-0.021092479537473334,-0.010575950145721436,0.03877604007720947,0.0507204532623291,0.9982903003692627,-1.0,49.82990264892578,True,7.721990585327148,0.1797533482313156,-0.22187530994415283,0.8496907949447632,0.0,-0.0025019288063049317,-0.010702227416453214,-0.01,-0.023204156222758145,0.00048082321882247925,False,False,carry,-1.0,53,False,False,5.799999999999583,-0.25019288063049316,-0.0,0.0,0.0,1.0,1.0,0.0,-0.0,0.0,0.0,-0.0,0.09577815122088973,1.0932762224145849
0.9999364614486694,0.1693909764289856,0.9732295870780945,-0.21371199190616608,0.8515185117721558,-0.02264997189972111,-0.018639206886291504,-0.001734912395477295,-0.0023368000984191895,0.9195003509521484,-1.0,49.764747619628906,True,9.091753005981445,0.1791108101606369,-0.22131913900375366,0.8633884191513062,0.0,-0.002114592045545578,-0.010604233674477603,-0.01,-0.02271882572002318,0.00047572609037160873,False,False,carry,-1.0,54,False,False,5.899999999999572,-0.2114592045545578,-0.0,0.0,0.0,1.0,1.0,0.0,-0.0,0.0,0.0,-0.0,0.0961352673316046,1.094020675286059
0.999937891960144,0.1699889600276947,0.8683875203132629,-0.22138649225234985,0.8576316833496094,-0.0261468910190545,-0.01643693447113037,0.016488075256347656,-0.09549587965011597,0.5716030597686768,-1.0,49.7266960144043,True,10.229462623596191,0.17854484915733337,-0.22102458775043488,0.8747655153274536,0.0,-0.0008409788459539414,-0.010754292556646838,-0.01,-0.02159527140260078,0.00047925394028425217,False,False,carry,-1.0,55,False,False,5.999999999999561,-0.08409788459539413,-0.0,0.0,0.0,1.0,1.0,0.0,-0.0,0.0,0.0,-0.0,0.09634442465787052,1.0955034458119164
0.999954104423523,0.17211377620697021,0.963097333908081,-0.22416700422763824,0.8619779348373413,-0.022946351115399735,-0.10156786441802979,-0.013066887855529785,-0.024811625480651855,0.34131479263305664,-1.0,49.671932220458984,True,10.95396900177002,0.1774509698152542,-0.22064392268657684,0.8820105791091919,0.0,-0.0003189954534173012,-0.010664687683846985,-0.01,-0.020983683137264286,0.0004965178668498993,False,False,carry,-1.0,56,False,False,6.09999999999955,-0.03189954534173012,-0.0,0.0,0.0,1.0,1.0,0.0,-0.0,0.0,0.0,-0.0,0.09664618025911909,1.0963271848057017
0.9999370574951172,0.16410085558891296,0.9511466026306152,-0.21662935614585876,0.8683767318725586,-0.018149022620180366,-0.4135929346084595,0.7253698110580444,0.033735036849975586,0.2635154724121094,-0.9999999403953552,49.27378463745117,True,11.425006866455078,0.1737300455570221,-0.21719034016132355,0.8867209553718567,0.0,-0.0019194974005222322,-0.008767598750584416,-0.01,-0.02068709615110665,0.0004882742650806904,False,False,carry,-0.9999999403953552,57,False,False,6.199999999999539,-0.1919497400522232,-0.0,0.0,0.0,1.0,1.0,0.0,-0.0,0.0,0.0,-0.0,0.09886727936764816,1.0969477819671258
0.9999666213989258,0.15076014399528503,1.7413755655288696,-0.18785637617111206,0.8727706670761108,-0.005986800119226876,-0.657564640045166,0.9409966468811035,-0.024769186973571777,0.2551400661468506,-1.0,48.11075973510742,True,11.805468559265137,0.1666317731142044,-0.20647110044956207,0.8905255794525146,0.0,-0.003458940088748932,-0.004288252000582027,-0.01,-0.01774719208933096,0.0004856591112911701,False,False,carry,-1.0,58,False,False,6.299999999999528,-0.3458940088748932,-0.0,0.0,0.0,1.0,1.0,0.0,-0.0,0.0,0.0,-0.0,0.10563537564040137,1.1021764355516523
0.9999548196792603,0.14135588705539703,2.027040719985962,-0.168405681848526,0.8748019933700562,-0.01312400640945894,-0.7176545262336731,0.9732096195220947,-0.7214343547821045,0.6889133453369141,-1.0,46.70903015136719,True,12.234169006347656,0.15695764124393463,-0.19360455870628357,0.8948125839233398,0.0,-0.006143084764480591,-0.002405158519254602,-0.01,-0.018548243283735194,0.00048066629096865654,False,False,carry,-1.0,59,False,False,6.399999999999517,-0.6143084764480591,-0.0,0.0,0.0,1.0,1.0,0.0,-0.0,0.0,0.0,-0.0,0.11437394096633757,1.108230856201857
0.9999586343765259,0.13723503053188324,1.5705311298370361,-0.16372668743133545,0.8765167593955994,-0.023876737470292824,-0.7057228684425354,0.9886404275894165,-0.7668073177337646,0.6769804954528809,-1.0,45.24367904663086,True,12.61466121673584,0.14587152004241943,-0.18010538816452026,0.8986175060272217,0.0,-0.006304376721382141,-0.0013840546117169783,-0.01,-0.01768843133309912,0.00047620711848139763,False,False,carry,-1.0,60,False,False,6.499999999999506,-0.6304376721382141,-0.0,0.0,0.0,1.0,1.0,0.0,-0.0,0.0,0.0,-0.0,0.12423222336788287,1.1179278466465008
0.9999537467956543,0.13217894732952118,1.3610024452209473,-0.1539146900177002,0.8755677938461304,-0.017308260573236024,-0.6313984990119934,0.9956241846084595,-0.3257327675819397,0.2160179615020752,-1.0,43.75712203979492,True,12.871235847473145,0.135151207447052,-0.1661570519208908,0.9011832475662231,0.0,-0.0038567429780960085,-0.000543052281757328,-0.01,-0.014399795259853337,0.0005708662793040276,False,False,carry,-1.0,61,False,False,6.599999999999495,-0.38567429780960083,-0.0,0.0,0.0,1.0,1.0,0.0,-0.0,0.0,0.0,-0.0,0.13503955374416154,1.1311828107660655
0.9999450445175171,0.12429214268922806,1.1911568641662598,-0.14308717846870422,0.8776158690452576,-0.01559543717306668,-0.5755558013916016,0.9996457099914551,0.13168108463287354,-0.18369841575622559,-1.0,42.29568862915039,True,12.982940673828125,0.12629063427448273,-0.15213896334171295,0.9023002982139587,0.0,-0.003454102575778961,4.083865721371538e-06,-0.01,-0.01345001871005759,0.00047635380178689957,False,False,carry,-1.0,62,False,False,6.699999999999484,-0.3454102575778961,-0.0,0.0,0.0,1.0,1.0,0.0,-0.0,0.0,0.0,-0.0,0.14650874825159332,1.1430546456758144
0.9999256134033203,0.12112364172935486,1.0450698137283325,-0.13398443162441254,0.8758829832077026,-0.018171276572779425,-0.7689805626869202,0.9999790191650391,0.1503458023071289,-0.49415433406829834,-1.0,40.84719467163086,True,12.649941444396973,0.1169927641749382,-0.13811832666397095,0.8989703059196472,0.0,-0.004645203948020935,0.0006592227622379543,-0.01,-0.01398598118578298,0.0004930440336465836,False,False,carry,-1.0,63,False,False,6.799999999999473,-0.4645203948020935,-0.0,0.0,0.0,1.0,1.0,0.0,-0.0,0.0,0.0,-0.0,0.1587555100526088,1.1541103061045879
0.9999181032180786,0.11321723461151123,1.258139729499817,-0.11068177223205566,0.8756650686264038,-0.005392802442565215,-0.9414030909538269,0.999992847442627,0.11914646625518799,-0.6989580392837524,-1.0,39.46994400024414,True,12.135857582092285,0.10758226364850998,-0.12462659925222397,0.8938294649124146,0.0,-0.005972409248352051,0.0007923410829893118,-0.01,-0.015180068165362739,0.0004788520745933056,False,False,carry,-1.0,64,False,False,6.899999999999462,-0.5972409248352051,-0.0,0.0,0.0,1.0,1.0,0.0,-0.0,0.0,0.0,-0.0,0.17126047065815797,1.165288061409806
0.9999240636825562,0.11305063217878342,1.0615187883377075,-0.1131313294172287,0.8729374408721924,-0.030508272735447588,-0.978793203830719,0.9999995231628418,0.0922921895980835,-0.7288301587104797,-1.0,38.14115905761719,True,11.504679679870605,0.09751319140195847,-0.1114034578204155,0.8875176906585693,0.0,-0.00624436616897583,0.001062749943995911,-0.01,-0.015181616224979919,0.00048787984997034073,False,False,carry,-1.0,65,False,False,6.999999999999451,-0.624436616897583,-0.0,0.0,0.0,1.0,1.0,0.0,-0.0,0.0,0.0,-0.0,0.18416486849396485,1.177920502324989
0.9998844861984253,0.10553701221942902,0.8245964646339417,-0.09797169268131256,0.8743402361869812,-0.010842216897035985,-0.7440881133079529,0.9998819828033447,0.005028367042541504,-0.5680325031280518,-1.0,36.833091735839844,True,10.840010643005371,0.08747613430023193,-0.09811794757843018,0.8808709979057312,0.0,-0.004690293073654175,0.0015727221306522932,-0.01,-0.013117570943001882,0.0004880880005657673,False,False,carry,-1.0,66,False,False,7.09999999999944,-0.4690293073654175,-0.0,0.0,0.0,1.0,1.0,0.0,-0.0,0.0,0.0,-0.0,0.1977147238310606,1.1930244307574065
0.9999165534973145,0.10077019780874252,0.8753374218940735,-0.0833187848329544,0.8703421950340271,-0.008722007577361683,-0.1702193021774292,0.9995713233947754,-0.06911122798919678,-0.3427199125289917,-1.0,35.50298309326172,True,10.195058822631836,0.07972072064876556,-0.0844501480460167,0.8744214773178101,0.0,-0.0028758767247200013,0.00255733293138638,-0.01,-0.01031854379333362,0.00047466205433011055,False,False,carry,-1.0,67,False,False,7.199999999999429,-0.2875876724720001,-0.0,0.0,0.0,1.0,1.0,0.0,-0.0,0.0,0.0,-0.0,0.21239603801548013,1.2095201612907602
0.9999209642410278,0.09766484051942825,0.8807473182678223,-0.06743977963924408,0.8690783381462097,-0.005934769861954346,-0.006524622440338135,0.9990956783294678,-0.09220623970031738,0.03883719444274902,-1.0,34.14662170410156,True,9.917604446411133,0.07706643640995026,-0.0706951916217804,0.8716469407081604,0.0,-0.0025206127762794493,0.003668433331224019,-0.01,-0.00885217944505543,0.000479712150990963,False,False,carry,-1.0,68,False,False,7.299999999999418,-0.25206127762794495,-0.0,0.0,0.0,1.0,1.0,0.0,-0.0,0.0,0.0,-0.0,0.22834795559940857,1.2258273428231292
0.9999328851699829,0.09818647801876068,0.9674080610275269,-0.05246198922395706,0.8696603775024414,-0.0059615388822713295,0.07495152950286865,0.9986473321914673,-0.022476375102996826,0.198106050491333,-1.0,32.768028259277344,True,10.042179107666016,0.0767919272184372,-0.056857381016016006,0.8728926777839661,0.0,-0.002606663405895233,0.004816606364198561,-0.01,-0.007790057041696672,0.0004955441690981388,False,False,carry,-1.0,69,False,False,7.399999999999407,-0.2606663405895233,-0.0,0.0,0.0,1.0,1.0,0.0,-0.0,0.0,0.0,-0.0,0.24562075811328155,1.2430140947073864
0.9999492168426514,0.09700075536966324,1.0832644701004028,-0.03484833985567093,0.8715001344680786,-0.0012946869605598363,0.09346044063568115,0.9984066486358643,-0.033127427101135254,0.3122369050979614,-1.0,31.378040313720703,True,10.379690170288086,0.07738661766052246,-0.04296448081731796,0.8762677907943726,0.0,-0.0027603501081466674,0.00589978538416247,-0.01,-0.006860564723984197,0.00048448704183101654,False,False,carry,-1.0,70,False,False,7.499999999999396,-0.27603501081466675,-0.0,0.0,0.0,1.0,1.0,0.0,-0.0,0.0,0.0,-0.0,0.2641621586801747,1.261401808572028
0.9999223947525024,0.09783506393432617,0.9620408415794373,-0.028918767347931862,0.8714179992675781,-0.017031583182524325,0.11653387546539307,0.998997688293457,-0.02605825662612915,0.315962553024292,-1.0,29.98101043701172,True,10.823750495910645,0.07837463170289993,-0.02902916446328163,0.8807083964347839,0.0,-0.002780219614505768,0.006977680366546446,-0.01,-0.005802539247959322,0.0005721966736018658,False,False,carry,-1.0,71,False,False,7.599999999999385,-0.2780219614505768,-0.0,0.0,0.0,1.0,1.0,0.0,-0.0,0.0,0.0,-0.0,0.2839796345979728,1.2811994149834671
0.9999539852142334,0.09769654273986816,1.136350154876709,-0.01623263582587242,0.8711870312690735,-0.0067400964488401275,0.0356290340423584,0.9981423616409302,-0.036534786224365234,0.36034131050109863,-1.0,28.588462829589844,True,11.302924156188965,0.07903677970170975,-0.015114998444914818,0.8855001330375671,0.0,-0.0028218457102775576,0.007923941454956562,-0.01,-0.004897904255320995,0.0004980382509529591,False,False,carry,-1.0,72,False,False,7.699999999999374,-0.28218457102775574,-0.0,0.0,0.0,1.0,1.0,0.0,-0.0,0.0,0.0,-0.0,0.3049530850934582,1.3021312393831808
0.9999481439590454,0.09802047163248062,1.3250067234039307,0.0012925490736961365,0.8721350431442261,0.002073209711576398,0.013056039810180664,0.9982471466064453,-0.02769404649734497,0.31660354137420654,-1.0,27.20172119140625,True,11.79562759399414,0.07906538993120193,-0.0012104457709938288,0.8904271721839905,0.0,-0.002744181752204895,0.008860933384567504,-0.01,-0.0038832483676373916,0.0004686708562076092,False,False,carry,-1.0,73,False,False,7.799999999999363,-0.2744181752204895,-0.0,0.0,0.0,1.0,1.0,0.0,-0.0,0.0,0.0,-0.0,0.3270848746616358,1.3243406929094308
0.9999493360519409,0.09754577279090881,1.3867336511611938,0.014339853078126907,0.8734835386276245,-0.00397819552564795,0.03264212608337402,0.9990172386169434,-0.0006176233291625977,0.28234076499938965,-1.0,25.81637191772461,True,12.237442016601562,0.0789494514465332,0.012695936486124992,0.8948453068733215,0.0,-0.002697044014930725,0.009877058532647975,-0.01,-0.00281998548228275,0.00047729210928082466,False,False,carry,-1.0,74,False,False,7.899999999999352,-0.2697044014930725,-0.0,0.0,0.0,1.0,1.0,0.0,-0.0,0.0,0.0,-0.0,0.35046660158064846,1.3477695575657176
0.9999544620513916,0.09728418290615082,1.7728760242462158,0.014569979161024094,0.875806987285614,-0.02580111197663701,0.05131232738494873,0.9991921186447144,0.002773761749267578,0.24079573154449463,-1.0,24.42859649658203,True,12.627643585205078,0.07907974720001221,0.026611486449837685,0.8987473249435425,0.0,-0.0026475203037261965,0.010970853444343787,-0.01,-0.001676666859382411,0.00047382572665810585,False,False,carry,-1.0,75,False,False,7.999999999999341,-0.26475203037261963,-0.0,0.0,0.0,1.0,1.0,0.0,-0.0,0.0,0.0,-0.0,0.37518935784854157,1.3725418375448155
0.41573378443717957,0.09569152444601059,1.2804259061813354,0.024279702454805374,0.8599250912666321,-1.9628771642129368,0.0,0.0,0.0,0.0,1.0,22.90406608581543,False,8.299708366394043,0.07934843003749847,0.04189227148890495,0.8554679751396179,0.0,-1.0,-0.9681662198090311,-0.01,-1.978166219809031,0.0004760120064020157,True,False,forced_release,-1.0,76,False,False,8.099999999999374,-0.0,-0.0,-1.0,0.0,0.0,0.0,0.0,-0.0,0.8222690738296381,0.0,-0.0,0.0,-0.588865463085181
6.57068142118078e-07,0.0978885143995285,1.4359102249145508,0.0619003064930439,0.7855793237686157,-0.16607540458440784,0.0,0.0,0.0,0.0,1.0,21.8195743560791,False,-0.2620398998260498,0.079688660800457,0.052751682698726654,0.769850492477417,0.0,0.0,-0.18548196494579317,-0.01,-0.19548196494579317,0.0004757368005812168,True,False,forced_release,-1.0,77,False,False,8.199999999999408,-0.0,-0.0,0.0,0.0,0.0,0.0,0.0,-0.0,0.45586358976736907,0.0,-0.0,0.0,0.22793179488368454
6.889825272082817e-06,0.095396488904953,2.0764005184173584,0.029554810374975204,0.7959592938423157,0.008786846697330495,0.0,0.0,0.0,0.0,1.0,21.823654174804688,False,-0.00095367431640625,0.0797523707151413,0.052704766392707825,0.7724613547325134,0.0,0.0,0.002021080851554863,-0.01,-0.007978919148445137,0.0005161729641258717,True,False,forced_release,0.9998899698257446,78,False,False,8.299999999999441,-0.0,-0.0,0.0,0.0,0.0,0.0,0.0,-0.0,0.46455130942166567,0.0,-0.0,0.0,0.23227565471083284
6.983909202062932e-07,0.09615083783864975,1.4738104343414307,0.034667301923036575,0.7822496891021729,-0.03802374362945556,0.0,0.0,0.0,0.0,1.0,21.82366943359375,False,0.0,0.0797526091337204,0.0527045875787735,0.7724708914756775,0.0,0.0,-0.0025668457150459234,-0.01,-0.012566845715045924,0.0004854588769376278,True,False,forced_release,0.9999990463256836,79,False,False,8.399999999999475,-0.0,-0.0,0.0,0.0,0.0,0.0,0.0,-0.0,0.46405817657956683,0.0,-0.0,0.0,0.23202908828978341
1.6141747209985624e-06,0.0965600460767746,1.3895890712738037,0.04159809276461601,0.7862446308135986,-0.004873294979333856,0.0,0.0,0.0,0.0,1.0,21.82366943359375,False,0.0,0.0797526091337204,0.0527045875787735,0.7724708914756775,0.0,0.0,-0.002580725550651558,-0.01,-0.012580725550651558,0.0004924628883600235,True,False,forced_release,1.0,80,False,False,8.499999999999508,-0.0,-0.0,0.0,0.0,0.0,0.0,0.0,-0.0,0.4635321199394581,0.0,-0.0,0.0,0.23176605996972904
5.516261580851278e-07,0.09620003402233124,0.9005217552185059,0.05663255974650383,0.7791111469268799,-0.027399977743625646,0.0,0.0,0.0,0.0,1.0,21.82366943359375,False,0.0,0.0797526091337204,0.0527045875787735,0.7724708914756775,0.0,0.0,-0.002578271925449377,-0.01,-0.012578271925449377,0.0005563688464462757,True,False,forced_release,0.9999997615814209,81,False,False,8.599999999999541,-0.0,-0.0,0.0,0.0,0.0,0.0,0.0,-0.0,0.463005626730831,0.0,-0.0,0.0,0.2315028133654155
9.200962836075632e-07,0.09574629366397858,1.079572081565857,0.04444648697972298,0.7806062698364258,-0.008425991833209986,0.0,0.0,0.0,0.0,1.0,21.82366943359375,False,0.0,0.0797526091337204,0.0527045875787735,0.7724708914756775,0.0,0.0,-0.0025757575035095237,-0.01,-0.012575757503509524,0.0004797419533133507,True,False,recovery,1.0,82,False,False,8.699999999999575,-0.0,-0.0,0.0,0.0,0.0,0.0,0.0,-0.0,0.4624789439026503,0.0,-0.0,0.0,0.23123947195132516
9.179130984193762e-07,0.09645260870456696,1.5814127922058105,0.03202424570918083,0.7825329303741455,-0.0061003101341900595,0.13879215717315674,0.22323012351989746,0.3603541851043701,-0.6531957983970642,1.0,21.82366943359375,False,0.0,0.0797526091337204,0.0527045875787735,0.7724708914756775,0.0,-0.0015640370547771454,0.0031011429429054216,-0.01,-0.008462894111871724,0.000469887163490057,False,False,recovery,1.0,83,False,False,8.799999999999608,-0.15640370547771454,-0.0,0.0,0.0,0.0,0.0,0.0,-0.0,0.473415312324761,0.0,-0.0,0.0,0.23514361910760334
9.613190741220023e-07,0.09785272926092148,2.165062189102173,0.018254298716783524,0.7848723530769348,0.0005241349677599545,0.09098219871520996,0.08352470397949219,0.4230928421020508,-0.724767804145813,1.0,21.82366943359375,False,0.0,0.0797526091337204,0.0527045875787735,0.7724708914756775,0.0,-0.0017988750338554383,0.013947074860334419,-0.01,0.0021481998264789807,0.0005031288601458073,False,False,recovery,1.0,84,False,False,8.899999999999642,-0.17988750338554382,-0.0,0.0,0.0,0.0,0.0,0.0,-0.0,0.506373208047463,0.0,-0.0,0.0,0.25138772898987605
7.559367531939643e-07,0.09733647853136063,1.3951607942581177,0.03610588237643242,0.780143141746521,0.0026481398183790875,0.16849768161773682,-0.08382761478424072,0.49462199211120605,-0.7205177545547485,1.0,21.82366943359375,False,0.0,0.0797526091337204,0.0527045875787735,0.7724708914756775,0.0,-0.0019980381429195405,0.016294753551483132,-0.01,0.0042967154085635905,0.00048174383118748665,False,False,recovery,1.0,85,False,False,8.999999999999675,-0.19980381429195404,-0.0,0.0,0.0,0.0,0.0,0.0,-0.0,0.5444069210690907,0.0,-0.0,0.0,0.2702054223916258
4.735340155548329e-07,0.09750519692897797,1.3797497749328613,0.03454479202628136,0.7779510021209717,0.002193822432000638,0.1577843427658081,0.02372753620147705,0.35590648651123047,-0.8578472137451172,1.0,21.82366943359375,False,0.0,0.0797526091337204,0.0527045875787735,0.7724708914756775,0.0,-0.0022200752794742586,0.01806566268205645,-0.01,0.005845587402582191,0.0004743686877191067,False,False,recovery,1.0,86,False,False,9.099999999999708,-0.22200752794742584,-0.0,0.0,0.0,0.0,0.0,0.0,-0.0,0.5864021279303113,0.0,-0.0,0.0,0.2909809886856814
7.188901918198098e-07,0.09726874530315399,0.7757267355918884,0.053153473883867264,0.7777776718139648,0.011444205546454285,0.09064888954162598,-0.011774063110351562,0.23414397239685059,-0.9197676777839661,1.0,21.82366943359375,False,0.0,0.0797526091337204,0.0527045875787735,0.7724708914756775,0.0,-0.0022728796303272247,0.021810250431299194,-0.01,0.009537370800971967,0.00046802498400211334,False,False,recovery,1.0,87,False,False,9.199999999999742,-0.22728796303272247,-0.0,0.0,0.0,0.0,0.0,0.0,-0.0,0.6363865465244847,0.0,-0.0,0.0,0.3159203936319151
5.16813599915622e-07,0.09715777635574341,0.7987383604049683,0.054329704493284225,0.7774027585983276,0.012128573330667263,0.08347737789154053,0.1677238941192627,0.06492149829864502,-0.9731045961380005,1.0,21.82366943359375,False,0.0,0.0797526091337204,0.0527045875787735,0.7724708914756775,0.0,-0.0024656179547309877,0.024563497453927996,-0.01,0.012097879499197007,0.0005048359744250774,False,False,recovery,1.0,88,False,False,9.299999999999775,-0.24656179547309875,-0.0,0.0,0.0,0.0,0.0,0.0,-0.0,0.6924379344673861,0.0,-0.0,0.0,0.34375334927896206
1.2261987194506219e-06,0.09808047860860825,1.167987585067749,0.0631745457649231,0.7787126898765564,0.013611096300534338,0.06280124187469482,0.15165531635284424,0.029448866844177246,-0.9687461256980896,1.0,21.82366943359375,False,0.0,0.0797526091337204,0.0527045875787735,0.7724708914756775,0.0,-0.002415699064731598,0.026439709812402734,-0.01,0.014024010747671135,0.00047369860112667084,False,False,recovery,1.0,89,False,False,9.399999999999809,-0.2415699064731598,-0.0,0.0,0.0,0.0,0.0,0.0,-0.0,0.7528457849426136,0.0,-0.0,0.0,0.3740071934065752
9.425051530342898e-07,0.0993780791759491,1.2250945568084717,0.04250768944621086,0.7794013619422913,0.01815140784501148,0.10889148712158203,0.22208213806152344,0.00894010066986084,-0.8643607497215271,1.0,21.82366943359375,False,0.0,0.0797526091337204,0.0527045875787735,0.7724708914756775,0.0,-0.0020209431648254396,0.025143279656767825,-0.01,0.013122336491942386,0.00048108771443367004,False,False,recovery,1.0,90,False,False,9.499999999999842,-0.20209431648254395,-0.0,0.0,0.0,0.0,0.0,0.0,-0.0,0.8112449145285006,0.0,-0.0,0.0,0.40360151409942485
9.477266189605871e-07,0.09972307085990906,1.0676875114440918,0.04496172443032265,0.7749547958374023,-0.005071712887451301,0.08110928535461426,0.023941993713378906,-0.00688546895980835,-0.31243252754211426,1.0,21.800392150878906,False,-0.10725855827331543,0.07927106320858002,0.0529838502407074,0.7713983058929443,0.0,-0.0002620335854589939,0.009376014173030855,-0.01,-0.0008860194124281386,0.0005804207175970078,False,False,recovery,1.0,91,False,False,9.599999999999875,-0.02620335854589939,-0.0,0.0,0.0,0.0,0.0,0.0,-0.0,0.8383806417976345,0.0,-0.0,0.0,0.41892828731335824
2.1877364986266912e-07,0.09869416058063507,1.006758689880371,0.04452082887291908,0.7728074193000793,-0.015911924508607227,0.046140074729919434,-0.019533812999725342,-0.03875076770782471,-0.08127057552337646,0.9999997615814209,21.77549171447754,False,-0.1636505126953125,0.07918575406074524,0.05324215069413185,0.7708343863487244,0.0,-2.6542511768639088e-05,-0.005845021381974236,-0.01,-0.015871563893742877,0.0004740138538181782,False,False,recovery,0.9999997615814209,92,False,False,9.699999999999909,-0.0026542511768639088,-0.0,0.0,0.0,0.0,0.0,0.0,-0.0,0.8350410013954483,0.0,-0.0,0.0,0.4174939581859555
2.6191420943177945e-07,0.09893891215324402,0.870354950428009,0.05732462927699089,0.7731501460075378,-0.009634865714572354,-0.014806091785430908,-0.01618880033493042,-0.1041153073310852,-0.1203775405883789,0.9998880624771118,21.761266708374023,False,-0.18544793128967285,0.07931383699178696,0.053372789174318314,0.7706164121627808,0.0,-6.453011650592088e-05,-0.004326303601264958,-0.01,-0.01439083371777088,0.00047904206439852715,False,False,recovery,0.9998880624771118,93,False,False,9.799999999999942,-0.006453011650592089,-0.0,0.0,0.0,0.0,0.0,0.0,-0.0,0.8347357574083798,0.0,-0.0,0.0,0.417303348587684
6.505728720185289e-07,0.09963247179985046,1.5107698440551758,0.032341618090867996,0.7745215892791748,-0.02746761038957496,-0.00822216272354126,0.007528424263000488,-0.08065170049667358,-0.018816590309143066,0.9999877214431763,21.74643325805664,False,-0.18906593322753906,0.07942073792219162,0.05351162329316139,0.7705802321434021,0.0,-1.745760440826416e-05,-0.003442016094923006,-0.01,-0.01345947369933127,0.0004949169233441353,False,False,recovery,0.9999877214431763,94,False,False,9.899999999999975,-0.001745760440826416,-0.0,0.0,0.0,0.0,0.0,0.0,-0.0,0.8362139303523104,0.0,-0.0,0.0,0.41808950757174695
3.8028665585443377e-06,0.10019097477197647,0.9797688722610474,0.049824368208646774,0.7760139107704163,0.006399748351022654,-0.027761459350585938,-0.02617931365966797,-0.08669799566268921,0.10622477531433105,0.4880589246749878,21.73893928527832,False,-0.1553952693939209,0.07963695377111435,0.05356644093990326,0.7709169387817383,0.0,-5.064074881374836e-05,-0.0033785225450992384,-0.01,-0.013429163293912987,0.000472246203571558,False,False,recovery,0.4880589246749878,95,False,False,10.000000000000009,-0.005064074881374836,-0.0,0.0,0.0,0.0,0.0,0.0,-0.0,0.8378352016516278,0.0,-0.0,0.0,0.4188669600770002
4.1690018406370655e-06,0.10087139904499054,1.0631390810012817,0.04965731129050255,0.7782010436058044,-0.010729324676417804,-0.0201113224029541,-0.04150652885437012,-0.0555228590965271,-0.02587890625,0.4693937301635742,21.73904037475586,False,-0.1335442066192627,0.0799240916967392,0.05353858321905136,0.7711354494094849,0.0,-1.4699406456202269e-05,-0.0036366706341505184,-0.01,-0.01365137004060672,0.0004823543131351471,False,False,recovery,0.4693937301635742,96,False,False,10.100000000000042,-0.0014699406456202269,-0.0,0.0,0.0,0.0,0.0,0.0,-0.0,0.8389512007383169,0.0,-0.0,0.0,0.4194609009627022
1.494218668085523e-05,0.10121537744998932,0.9614439010620117,0.05145302787423134,0.7767490744590759,-0.01796928049968123,-0.016041338443756104,-0.013382017612457275,-0.11039125919342041,-0.017290055751800537,0.9349002838134766,21.734647750854492,False,-0.12540817260742188,0.08002470433712006,0.05357340723276138,0.7712168097496033,0.0,-3.230394795536995e-05,-0.003563644662499421,-0.01,-0.013595948610454791,0.0004703751765191555,False,False,recovery,0.9349002838134766,97,False,False,10.200000000000076,-0.003230394795536995,-0.0,0.0,0.0,0.0,0.0,0.0,-0.0,0.8402261215011616,0.0,-0.0,0.0,0.4200807568026254
1.576067734276876e-05,0.10228277742862701,1.4752250909805298,0.03821580484509468,0.7779710292816162,-0.021335269886624375,-0.007127106189727783,-0.0008592605590820312,-0.1023552417755127,0.0016525983810424805,0.9944767951965332,21.72857093811035,False,-0.1181185245513916,0.08011742681264877,0.053625885397195816,0.7712897062301636,0.0,-2.6327152736485007e-05,-0.003744729235768296,-0.01,-0.01377105638850478,0.0004917881451547146,False,False,recovery,0.9944767951965332,98,False,False,10.300000000000109,-0.0026327152736485004,-0.0,0.0,0.0,0.0,0.0,0.0,-0.0,0.8411480753107682,0.0,-0.0,0.0,0.4205477105026476
5.3944066166877747e-05,0.10286925733089447,1.2364845275878906,0.04516320303082466,0.7771708965301514,-0.0096964080809321,-0.01716160774230957,-0.029466867446899414,-0.09727966785430908,-0.0549355149269104,0.655441403388977,21.720184326171875,False,-0.11908411979675293,0.08020448684692383,0.05370211973786354,0.77128005027771,0.0,-3.411015262827277e-05,-0.004009198471903785,-0.01,-0.014043308624532059,0.0004780413582921028,False,False,recovery,0.655441403388977,99,False,False,10.400000000000142,-0.003411015262827277,-0.0,0.0,0.0,0.0,0.0,0.0,-0.0,0.8415453446844154,0.0,-0.0,0.0,0.42073856218957945
0.0012925650225952268,0.10307193547487259,1.4906245470046997,0.03797339275479317,0.777375340461731,-0.02026743410273383,-0.004759430885314941,-0.007293105125427246,-0.1301286220550537,-0.007541477680206299,0.992750883102417,21.710792541503906,False,-0.11671781539916992,0.08024422824382782,0.053792793303728104,0.7713037133216858,0.0,-4.2665433138608936e-05,-0.003800618946552259,-0.01,-0.013843284379690868,0.0005342313088476658,False,False,recovery,0.992750883102417,100,False,False,10.500000000000176,-0.004266543313860893,-0.0,0.0,0.0,0.0,0.0,0.0,-0.0,0.8423678873171655,0.0,-0.0,0.0,0.4211412782254441
0.01582898013293743,0.10215044021606445,1.6626784801483154,0.030890297144651413,0.7763038873672485,-0.02503122664309979,-0.024693846702575684,-0.030260801315307617,-0.10106170177459717,-0.06878560781478882,0.8611788749694824,21.70029067993164,False,-0.11977553367614746,0.08030339330434799,0.05389285460114479,0.771273136138916,0.0,-4.1176071390509606e-05,-0.0038409255445003287,-0.01,-0.01388210161589084,0.0005616121925413609,False,False,recovery,0.8611788749694824,101,False,False,10.60000000000021,-0.0041176071390509605,-0.0,0.0,0.0,0.0,0.0,0.0,-0.0,0.8431172405999237,0.0,-0.0,0.0,0.4215174442285713
0.03671640530228615,0.10180846601724625,2.009061813354492,0.021925821900367737,0.7779161930084229,-0.02620800450058241,-0.03051513433456421,-0.029961884021759033,-0.1046074628829956,-0.046387314796447754,0.8865869045257568,21.691299438476562,False,-0.12132525444030762,0.08025674521923065,0.053987402468919754,0.7712576389312744,0.0,-3.7308481987565754e-05,-0.003567206338047968,-0.01,-0.013604514820035534,0.0004758909344673157,False,False,recovery,0.8865869045257568,102,False,False,10.700000000000243,-0.0037308481987565756,-0.0,0.0,0.0,0.0,0.0,0.0,-0.0,0.8444271039425099,0.0,-0.0,0.0,0.42217624348926736
0.5840846300125122,0.10032643377780914,2.05873966217041,0.016761478036642075,0.7761698365211487,0.7514028617953517,-0.010224997997283936,-0.031157195568084717,-0.08088052272796631,0.14954304695129395,0.06532299518585205,21.69687843322754,False,-0.08884072303771973,0.08031605929136276,0.05392594635486603,0.7715824842453003,0.0,-7.495026104152202e-05,-0.003736471831798538,-0.01,-0.01381142209284006,0.0004644650034606457,False,False,recovery,0.06532299518585205,103,False,False,10.800000000000276,-0.007495026104152203,-0.0,0.0,0.0,0.0,0.0,0.0,-0.0,0.8454081293865967,0.0,-0.0,0.0,0.4226291144322568
0.6592544317245483,0.09972462058067322,2.319016456604004,0.01501380279660225,0.7844915986061096,0.07772693538476523,0.0495913028717041,-0.011727213859558105,-0.011288464069366455,0.36760663986206055,0.982600212097168,21.731853485107422,False,0.005704164505004883,0.0806487426161766,0.05354475975036621,0.7725279331207275,0.0,-0.0003446472436189652,-0.004436845481395724,-0.01,-0.01478149272501469,0.00047349510714411736,False,False,recovery,0.982600212097168,104,False,False,10.90000000000031,-0.034464724361896515,-0.0,0.0,0.0,0.0,0.0,0.0,-0.0,0.8449841833414411,0.0,-0.0,0.0,0.42214744442710156
0.8364651799201965,0.09904941916465759,2.194793224334717,0.017744503915309906,0.7856252789497375,-0.004784610983065587,0.06539392471313477,0.2085965871810913,0.06189918518066406,0.48257172107696533,0.6068291664123535,21.74399757385254,False,-0.007516145706176758,0.08199723809957504,0.05330657213926315,0.7723957300186157,0.0,-0.0007112396508455277,-0.009245151430368415,-0.01,-0.019956391081213942,0.00046566128730773926,False,False,recovery,0.6068291664123535,105,False,False,11.000000000000343,-0.07112396508455276,-0.0,0.0,0.0,0.0,0.0,0.0,-0.0,0.8348423053937704,0.0,-0.0,0.0,0.41670991304603966
0.9953590035438538,0.09494838118553162,2.3202388286590576,0.048817697912454605,0.8247202634811401,0.0882308390559064,0.022391080856323242,0.08162546157836914,0.07024979591369629,0.47712504863739014,-0.30173927545547485,21.751220703125,False,-0.0003635883331298828,0.08200960606336594,0.0532330758869648,0.7724672555923462,0.0,-0.0005993685871362686,-0.018055269047617895,-0.01,-0.028654637634754163,0.0004723179154098034,False,False,recovery,-0.30173927545547485,106,False,False,11.100000000000376,-0.05993685871362686,-0.0,0.0,0.0,0.0,0.0,0.0,-0.0,0.8067997479127482,0.0,-0.0,0.0,0.40280050536923784
0.9970300197601318,0.0944446325302124,3.0616142749786377,0.03249826654791832,0.8311465978622437,-0.05772483985679367,0.0054433345794677734,0.08626878261566162,0.025972843170166016,0.9580565690994263,-1.0,21.75119972229004,False,0.0,0.08200712502002716,0.05323348939418793,0.7724708914756775,0.0,-0.0023150472342967987,-0.02484439179301262,-0.01,-0.03715943902730942,0.0004919469356536865,False,False,recovery,-1.0,107,False,False,11.20000000000041,-0.23150472342967987,-0.0,0.0,0.0,0.0,0.0,0.0,-0.0,0.764758652989661,0.0,-0.0,0.0,0.38006427926053366
0.9974383115768433,0.09431412070989609,3.4109904766082764,0.03933938220143318,0.8485994935035706,-0.013551335569925795,-0.05110841989517212,0.09121572971343994,-0.060915231704711914,0.9974792003631592,-1.0,21.75119972229004,False,0.0,0.08200711011886597,0.05323348939418793,0.7724708914756775,0.0,-0.002524019479751587,-0.033744176626205435,-0.01,-0.046268196105957025,0.0004709940403699875,False,False,recovery,-1.0,108,False,False,11.300000000000443,-0.2524019479751587,-0.0,0.0,0.0,0.0,0.0,0.0,-0.0,0.7043135648881562,0.0,-0.0,0.0,0.34963276296432655
0.9974257349967957,0.09433013945817947,3.4669148921966553,0.0374726839363575,0.848394513130188,-0.03006770164559202,-0.02773994207382202,0.0961151123046875,-0.04620248079299927,0.9985321760177612,-1.0,21.75119972229004,False,0.0,0.08200711011886597,0.05323348939418793,0.7724708914756775,0.0,-0.002523021996021271,-0.032061975449323654,-0.01,-0.04458499744534493,0.0004721209406852722,False,False,recovery,-1.0,109,False,False,11.400000000000476,-0.2523021996021271,-0.0,0.0,0.0,0.0,0.0,0.0,-0.0,0.6466561160080544,0.0,-0.0,0.0,0.3208050360080059
0.9972330927848816,0.0946592167019844,3.557063341140747,0.04571731761097908,0.8590145111083984,-0.010505659563783692,-0.049787938594818115,0.0485987663269043,-0.006255805492401123,0.9696676731109619,-1.0,21.75119972229004,False,0.0,0.08200711011886597,0.05323348939418793,0.7724708914756775,0.0,-0.002362838089466095,-0.03133363187313082,-0.01,-0.043696469962596914,0.0005057868547737598,False,False,recovery,-1.0,110,False,False,11.50000000000051,-0.2362838089466095,-0.0,0.0,0.0,0.0,0.0,0.0,-0.0,0.5898876758568672,0.0,-0.0,0.0,0.2925809998389675
0.9974831938743591,0.09496355056762695,3.938479423522949,0.03805721923708916,0.862492561340332,-0.040269435863499216,-0.024096369743347168,0.05796957015991211,0.10344326496124268,0.7505903244018555,-1.0,21.75119972229004,False,0.0,0.08200711011886597,0.05323348939418793,0.7724708914756775,0.0,-0.0014450687170028686,-0.027884421199560194,-0.01,-0.039329489916563064,0.0005728369578719139,False,False,recovery,-1.0,111,False,False,11.600000000000543,-0.14450687170028687,-0.0,0.0,0.0,0.0,0.0,0.0,-0.0,0.5395140276868644,0.0,-0.0,0.0,0.2683119451264293
0.997089684009552,0.09572838246822357,3.66907000541687,0.055046889930963516,0.8670083284378052,0.00806427456444597,-0.15651935338974,0.13737845420837402,0.1967332363128662,0.6150918006896973,-0.9999997615814209,21.75119972229004,False,0.0,0.08200711011886597,0.05323348939418793,0.7724708914756775,0.0,-0.0011510325968265534,-0.021882371306419374,-0.01,-0.033033403903245925,0.0004843827337026596,False,False,recovery,-0.9999997615814209,112,False,False,11.700000000000577,-0.11510325968265533,-0.0,0.0,0.0,0.0,0.0,0.0,-0.0,0.5007567313011526,0.0,-0.0,0.0,0.24922733305374975
0.9969218373298645,0.09606041014194489,3.5864169597625732,0.05486668273806572,0.8643769025802612,-0.024996327249075946,-0.0839584469795227,0.2832188606262207,0.1525496244430542,0.14618098735809326,-1.0,21.75119972229004,False,0.0,0.08200711011886597,0.05323348939418793,0.7724708914756775,0.0,-0.0003297555446624756,-0.01459069192409515,-0.01,-0.02492044746875763,0.00047701504081487656,False,False,recovery,-1.0,113,False,False,11.80000000000061,-0.03297555446624756,-0.0,0.0,0.0,0.0,0.0,0.0,-0.0,0.4763387550619558,0.0,-0.0,0.0,0.23783962198631542
0.9971665740013123,0.09757697582244873,4.449465751647949,0.07608534395694733,0.8675331473350525,0.01797272001529697,0.034951210021972656,0.8692247867584229,0.12317967414855957,0.06506204605102539,-1.0,21.75119972229004,False,0.0,0.08200711011886597,0.05323348939418793,0.7724708914756775,0.0,-0.0019404491782188415,-0.007215855121612547,-0.01,-0.019156304299831388,0.000471663661301136,False,False,recovery,-1.0,114,False,False,11.900000000000643,-0.19404491782188416,-0.0,0.0,0.0,0.0,0.0,0.0,-0.0,0.4665728778035646,0.0,-0.0,0.0,0.23134598972356346
0.9976325035095215,0.09818515926599503,4.9996466636657715,0.09216001629829407,0.8673557043075562,0.008173601940703224,0.130027174949646,0.9980529546737671,0.08874428272247314,0.11228406429290771,-1.0,21.75119972229004,False,0.0,0.08200711011886597,0.05323348939418793,0.7724708914756775,0.0,-0.0025837501883506776,-0.008238385319709773,-0.01,-0.020822135508060453,0.0005864598788321018,False,False,recovery,-1.0,115,False,False,12.000000000000677,-0.25837501883506775,-0.0,0.0,0.0,0.0,0.0,0.0,-0.0,0.45464249428715675,0.0,-0.0,0.0,0.2247374969552277
0.9973821043968201,0.09902381896972656,5.468237400054932,0.10632793605327606,0.8664068579673767,0.0049445913226272165,0.19511127471923828,0.9994652271270752,0.1158064603805542,0.12405312061309814,-1.0,21.75119972229004,False,0.0,0.08200711011886597,0.05323348939418793,0.7724708914756775,0.0,-0.0026644986867904665,-0.01143296927213669,-0.01,-0.024097467958927157,0.0004712776280939579,False,False,recovery,-1.0,116,False,False,12.10000000000071,-0.26644986867904663,-0.0,0.0,0.0,0.0,0.0,0.0,-0.0,0.4361378710004191,0.0,-0.0,0.0,0.2154044368134191
0.9970607161521912,0.09881585836410522,5.726093292236328,0.11384814977645874,0.8668302893638611,-0.010241824010802647,0.20923328399658203,0.9995654821395874,0.13359606266021729,0.10504209995269775,-1.0,21.75119972229004,False,0.0,0.08200711011886597,0.05323348939418793,0.7724708914756775,0.0,-0.0026794788241386413,-0.013317736089229593,-0.01,-0.025997214913368233,0.0004939432255923748,False,False,recovery,-1.0,117,False,False,12.200000000000744,-0.26794788241386414,-0.0,0.0,0.0,0.0,0.0,0.0,-0.0,0.4136387891398712,0.0,-0.0,0.0,0.20413991574579696
0.9948374629020691,0.09986511617898941,6.6126813888549805,0.13926652073860168,0.8669602870941162,0.034823385938883004,0.1804637908935547,0.9990713596343994,0.11265707015991211,0.05015599727630615,-1.0,21.75119972229004,False,0.0,0.08200711011886597,0.05323348939418793,0.7724708914756775,0.0,-0.002614794969558716,-0.0139504012465477,-0.01,-0.026565196216106417,0.0004843831993639469,False,False,recovery,-1.0,118,False,False,12.300000000000777,-0.2614794969558716,-0.0,0.0,0.0,0.0,0.0,0.0,-0.0,0.38963440465778787,0.0,-0.0,0.0,0.19220240735933522
0.994494616985321,0.0993957668542862,7.010014533996582,0.15148694813251495,0.8671292066574097,0.002747218640480024,0.19509124755859375,0.9995981454849243,0.10646533966064453,-0.08280527591705322,-1.0,21.75119972229004,False,0.0,0.08200711011886597,0.05323348939418793,0.7724708914756775,0.0,-0.0026386216282844543,-0.013349193334579457,-0.01,-0.02598781496286391,0.0005010799504816532,False,False,recovery,-1.0,119,False,False,12.40000000000081,-0.26386216282844543,-0.0,0.0,0.0,0.0,0.0,0.0,-0.0,0.3666019693488891,0.0,-0.0,0.0,0.1806623630461601
0.9918013215065002,0.09999987483024597,7.336030006408691,0.16107314825057983,0.8667193651199341,-0.0038857781289539962,0.13193202018737793,0.9974919557571411,0.0632472038269043,-0.25208622217178345,-1.0,21.75119972229004,False,0.0,0.08200711011886597,0.05323348939418793,0.7724708914756775,0.0,-0.0026998600363731385,-0.011722673773765568,-0.01,-0.02442253381013871,0.00048675620928406715,False,False,recovery,-1.0,120,False,False,12.500000000000844,-0.26998600363731384,-0.0,0.0,0.0,0.0,0.0,0.0,-0.0,0.34662287064836883,0.0,-0.0,0.0,0.1706115752878113
0.9930925369262695,0.10003708302974701,7.7793755531311035,0.17318087816238403,0.867874801158905,0.0031136875112879984,0.03558516502380371,0.9859921932220459,0.042716383934020996,-0.37038111686706543,-1.0,21.75119972229004,False,0.0,0.08200711011886597,0.05323348939418793,0.7724708914756775,0.0,-0.00278113454580307,-0.010153877139091494,-0.01,-0.022935011684894563,0.0005733948200941086,False,False,recovery,-1.0,121,False,False,12.600000000000877,-0.278113454580307,-0.0,0.0,0.0,0.0,0.0,0.0,-0.0,0.3296111632539568,0.0,-0.0,0.0,0.16202444708117533
0.988322913646698,0.1007503867149353,7.997529983520508,0.18207170069217682,0.8648152947425842,-0.0055813434333586015,-0.009885609149932861,0.978126049041748,0.026901721954345703,-0.4383545517921448,-1.0,21.75119972229004,False,0.0,0.08200711011886597,0.05323348939418793,0.7724708914756775,0.0,-0.002874266803264618,-0.009500212073326103,-0.01,-0.02237447887659072,0.00048011913895606995,False,False,recovery,-1.0,122,False,False,12.70000000000091,-0.2874266803264618,-0.0,0.0,0.0,0.0,0.0,0.0,-0.0,0.3137482977251188,0.0,-0.0,0.0,0.1539998820592948
0.9891024827957153,0.10037291795015335,8.321410179138184,0.1942448914051056,0.8627359867095947,0.004023316178491561,-0.016107499599456787,0.9307990074157715,0.03335392475128174,-0.4235350489616394,-1.0,21.75119972229004,False,0.0,0.08200711011886597,0.05323348939418793,0.7724708914756775,0.0,-0.002617851495742798,-0.009577594697475433,-0.01,-0.022195446193218234,0.0004661679267883301,False,False,recovery,-1.0,123,False,False,12.800000000000944,-0.2617851495742798,-0.0,0.0,0.0,0.0,0.0,0.0,-0.0,0.29756876770348295,0.0,-0.0,0.0,0.1461665323559987
0.9778836965560913,0.10056550800800323,8.746919631958008,0.20528258383274078,0.8642709851264954,0.001353263558908616,0.013640761375427246,0.8703899383544922,0.03942513465881348,-0.3711090087890625,-1.0,21.75119972229004,False,0.0,0.08200711011886597,0.05323348939418793,0.7724708914756775,0.0,-0.0022426025569438936,-0.009829535186290733,-0.01,-0.022072137743234625,0.0004788050428032875,False,False,recovery,-1.0,124,False,False,12.900000000000977,-0.22426025569438934,-0.0,0.0,0.0,0.0,0.0,0.0,-0.0,0.2807168528237838,0.0,-0.0,0.0,0.138115823854948
0.9808259606361389,0.10033641010522842,8.500715255737305,0.19972272217273712,0.862673819065094,-0.04575604906482302,0.036631226539611816,0.8159873485565186,0.025531291961669922,-0.2492784857749939,-1.0,21.75119972229004,False,0.0,0.08200711011886597,0.05323348939418793,0.7724708914756775,0.0,-0.00182492196559906,-0.010045186877250672,-0.01,-0.021870108842849734,0.00048445863649249077,False,False,recovery,-1.0,125,False,False,13.00000000000101,-0.182492196559906,-0.0,0.0,0.0,0.0,0.0,0.0,-0.0,0.2632590173203989,0.0,-0.0,0.0,0.1298045866946004
0.9759712815284729,0.1001920998096466,8.724034309387207,0.20657967031002045,0.8626607656478882,-0.009817668179094304,-0.04601830244064331,0.6785833835601807,-0.003233194351196289,0.3505411148071289,-1.0,21.75119972229004,False,0.0,0.08200711011886597,0.05323348939418793,0.7724708914756775,0.0,-0.0014637064933776857,-0.010897698402404787,-0.01,-0.022361404895782474,0.0004902700893580914,False,False,recovery,-1.0,126,False,False,13.100000000001044,-0.14637064933776855,-0.0,0.0,0.0,0.0,0.0,0.0,-0.0,0.24390266223036372,0.0,-0.0,0.0,0.12048762462180418
0.9772030711174011,0.10008636116981506,8.740799903869629,0.20503483712673187,0.864814281463623,-0.03561584131582295,0.047998905181884766,0.9685509204864502,0.04670536518096924,0.5358966588973999,-1.0,21.75119972229004,False,0.0,0.08200711011886597,0.05323348939418793,0.7724708914756775,0.0,-0.003074403405189514,-0.013515223562717435,-0.01,-0.026589626967906947,0.00046440260484814644,False,False,recovery,-1.0,127,False,False,13.200000000001078,-0.3074403405189514,-0.0,0.0,0.0,0.0,0.0,0.0,-0.0,0.21906288916062178,0.0,-0.0,0.0,0.10645704117512138
0.9732143878936768,0.10047575831413269,9.442197799682617,0.22483672201633453,0.8656649589538574,0.02595090015044725,0.06002461910247803,0.9619224071502686,0.11618030071258545,0.5764017105102539,-1.0,21.75119972229004,False,0.0,0.08200711011886597,0.05323348939418793,0.7724708914756775,0.0,-0.0031865862011909484,-0.014977264106273647,-0.01,-0.028163850307464593,0.0004979493096470833,False,False,recovery,-1.0,128,False,False,13.300000000001111,-0.31865862011909485,-0.0,0.0,0.0,0.0,0.0,0.0,-0.0,0.1910185112461097,0.0,-0.0,0.0,0.0923226694218639
0.9762646555900574,0.10071258991956711,9.150398254394531,0.217406764626503,0.8641040921211243,-0.05304702492421476,0.06527018547058105,0.9321639537811279,0.1285078525543213,0.4751598834991455,-1.0,21.75119972229004,False,0.0,0.08200711011886597,0.05323348939418793,0.7724708914756775,0.0,-0.0027887025475502015,-0.013228290975093843,-0.01,-0.02601699352264404,0.0004634549841284752,False,False,recovery,-1.0,129,False,False,13.400000000001144,-0.27887025475502014,-0.0,0.0,0.0,0.0,0.0,0.0,-0.0,0.16622423044077883,0.0,-0.0,0.0,0.08032341267283921
0.9442840814590454,0.10099415481090546,9.595999717712402,0.23087789118289948,0.8637194633483887,0.008087210369305141,0.042876482009887695,0.9001765251159668,0.14211750030517578,0.5021156072616577,-1.0,21.75119972229004,False,0.0,0.08200711011886597,0.05323348939418793,0.7724708914756775,0.0,-0.002711184024810791,-0.011123607158660884,-0.01,-0.023834791183471676,0.00048683397471904755,False,False,recovery,-1.0,130,False,False,13.500000000001178,-0.2711184024810791,-0.0,0.0,0.0,0.0,0.0,0.0,-0.0,0.14543135085732395,0.0,-0.0,0.0,0.07000449140385118
0.9536241292953491,0.10135545581579208,9.33857536315918,0.22577382624149323,0.8607394695281982,-0.04588718541796799,0.005900263786315918,0.8317363262176514,0.1325697898864746,0.36577415466308594,-1.0,21.75119972229004,False,0.0,0.08200711011886597,0.05323348939418793,0.7724708914756775,0.0,-0.0021079640090465547,-0.00935943573713302,-0.01,-0.021467399746179575,0.0008408441208302975,False,False,recovery,-1.0,131,False,False,13.600000000001211,-0.21079640090465546,-0.0,0.0,0.0,0.0,0.0,0.0,-0.0,0.12799240638776332,0.0,-0.0,0.0,0.06188823918483511
0.9498571157455444,0.10128757357597351,9.523420333862305,0.23184679448604584,0.8602797389030457,-0.012159682470395481,-0.016367614269256592,0.583327054977417,0.09987974166870117,0.38137292861938477,-1.0,21.75119972229004,False,0.0,0.08200711011886597,0.05323348939418793,0.7724708914756775,0.0,-0.0012398990988731384,-0.007151737511157989,-0.01,-0.018391636610031126,0.000493521336466074,False,False,recovery,-1.0,132,False,False,13.700000000001245,-0.12398990988731384,-0.0,0.0,0.0,0.0,0.0,0.0,-0.0,0.1148372839963695,0.0,-0.0,0.0,0.05617874289931161
0.9559270739555359,0.10220470279455185,9.182394027709961,0.22181959450244904,0.859158992767334,-0.058756004498076504,-0.06343060731887817,0.3148995637893677,0.10111510753631592,0.3130357265472412,-1.0,21.75119972229004,False,0.0,0.08200711011886597,0.05323348939418793,0.7724708914756775,0.0,-0.0005285020545125008,-0.00491807460784912,-0.01,-0.01544657666236162,0.00047973496839404106,False,False,recovery,-1.0,133,False,False,13.800000000001278,-0.052850205451250076,-0.0,0.0,0.0,0.0,0.0,0.0,-0.0,0.10606170328397113,0.0,-0.0,0.0,0.05250234958747307
0.9461252689361572,0.10238232463598251,9.145326614379883,0.2231193631887436,0.8565695881843567,-0.02576381678345649,-0.1383134126663208,0.4810687303543091,0.25431859493255615,0.2576942443847656,-1.0,21.75119972229004,False,0.0,0.08200711011886597,0.05323348939418793,0.7724708914756775,0.0,-0.0009541049599647522,-0.0036904844641685516,-0.01,-0.014644589424133304,0.00047134608030319214,False,False,recovery,-1.0,134,False,False,13.900000000001311,-0.09541049599647522,-0.0,0.0,0.0,0.0,0.0,0.0,-0.0,0.0996775003460425,0.0,-0.0,0.0,0.0488846452130565
0.9614906907081604,0.10217360407114029,8.859085083007812,0.21817146241664886,0.8531389832496643,-0.04398720768670875,-0.24717336893081665,0.4898332357406616,0.24214327335357666,0.24787425994873047,-1.0,21.75119972229004,False,0.0,0.08200711011886597,0.05323348939418793,0.7724708914756775,0.0,-0.0010527657717466356,-0.003807383179664614,-0.01,-0.01486014895141125,0.00046863779425621033,False,False,recovery,-1.0,135,False,False,14.000000000001345,-0.10527657717466354,-0.0,0.0,0.0,0.0,0.0,0.0,-0.0,0.09299265038083249,0.0,-0.0,0.0,0.04544355941866961
0.8967533111572266,0.10282714664936066,8.647096633911133,0.2147989124059677,0.8494983315467834,-0.03969756771473347,-0.345473051071167,0.5182070732116699,0.23248684406280518,0.34461450576782227,-1.0,21.75119972229004,False,0.0,0.08200711011886597,0.05323348939418793,0.7724708914756775,0.0,-0.0014017488062381745,-0.003739852011203769,-0.01,-0.015141600817441944,0.0004701633006334305,False,False,recovery,-1.0,136,False,False,14.100000000001378,-0.14017488062381744,-0.0,0.0,0.0,0.0,0.0,0.0,-0.0,0.08637666220157725,0.0,-0.0,0.0,0.04178658229455045
0.9077852368354797,0.10204196721315384,8.308579444885254,0.208702951669693,0.8462239503860474,-0.04705023741468528,-0.3743964433670044,0.4243161678314209,0.17310786247253418,0.38295412063598633,-1.0,21.75119972229004,False,0.0,0.08200711011886597,0.05323348939418793,0.7724708914756775,0.0,-0.0012420926988124849,-0.003635873496532438,-0.01,-0.014877966195344924,0.00048072729259729385,False,False,recovery,-1.0,137,False,False,14.200000000001411,-0.12420926988124847,-0.0,0.0,0.0,0.0,0.0,0.0,-0.0,0.07990397857222797,0.0,-0.0,0.0,0.0387098965873015
0.8210106492042542,0.10280787199735641,8.427069664001465,0.2137279361486435,0.843987762928009,-0.014319629490073114,-0.3593296408653259,0.1802128553390503,-0.026749908924102783,0.19808650016784668,-1.0,21.75119972229004,False,0.0,0.08200711011886597,0.05323348939418793,0.7724708914756775,0.0,-0.0005038706958293915,-0.002729238569736482,-0.01,-0.013233109265565875,0.00047471607103943825,False,False,recovery,-1.0,138,False,False,14.300000000001445,-0.05038706958293915,-0.0,0.0,0.0,0.0,0.0,0.0,-0.0,0.07519748866793674,0.0,-0.0,0.0,0.03709487363813898
0.9149638414382935,0.1026698499917984,8.020853042602539,0.20294512808322906,0.8427221179008484,-0.061276892604399315,-0.5246858596801758,0.7114236354827881,-0.07869589328765869,0.18071353435516357,-1.0,21.75119972229004,False,0.0,0.08200711011886597,0.05323348939418793,0.7724708914756775,0.0,-0.0020506732165813447,-0.0024306964874267548,-0.01,-0.0144813697040081,0.0004662121646106243,False,False,recovery,-1.0,139,False,False,14.400000000001478,-0.20506732165813446,-0.0,0.0,0.0,0.0,0.0,0.0,-0.0,0.07104656052980995,0.0,-0.0,0.0,0.03347260704832363
0.8866791129112244,0.10259740799665451,7.659131050109863,0.19243991374969482,0.8424481153488159,-0.061547657168279424,-0.6176202893257141,0.9332737922668457,-0.11289912462234497,0.500098705291748,-1.0,21.75119972229004,False,0.0,0.08200711011886597,0.05323348939418793,0.7724708914756775,0.0,-0.00378824919462204,-0.003986622095108035,-0.01,-0.017774871289730074,0.00047221314162015915,False,False,recovery,-1.0,140,False,False,14.500000000001512,-0.378824919462204,-0.0,0.0,0.0,0.0,0.0,0.0,-0.0,0.06371043576770274,0.0,-0.0,0.0,0.02806696868922933
0.9043006896972656,0.10163182020187378,7.688864231109619,0.19284123182296753,0.8439043760299683,-0.03097594656444118,-0.6123108267784119,0.9000246524810791,0.1102752685546875,0.7678039073944092,-1.0,21.75119972229004,False,0.0,0.08200711011886597,0.05323348939418793,0.7724708914756775,0.0,-0.004466631114482879,-0.004613906145095825,-0.01,-0.019080537259578707,0.0006800279952585697,False,False,recovery,-1.0,141,False,False,14.600000000001545,-0.44666311144828796,-0.0,0.0,0.0,0.0,0.0,0.0,-0.0,0.0550329893189222,0.0,-0.0,0.0,0.02304986354497822
0.8995161652565002,0.10215525329113007,7.8113532066345215,0.19388489425182343,0.8460119366645813,-0.02860058563039243,-0.6205245852470398,0.7440249919891357,0.2086423635482788,0.7277252674102783,-1.0,21.75119972229004,False,0.0,0.08200711011886597,0.05323348939418793,0.7724708914756775,0.0,-0.0037793493270874023,-0.003961786031723022,-0.01,-0.017741135358810424,0.00046469829976558685,False,False,recovery,-1.0,142,False,False,14.700000000001578,-0.37793493270874023,-0.0,0.0,0.0,0.0,0.0,0.0,-0.0,0.04758522506800322,0.0,-0.0,0.0,0.020013263206914208
0.9155155420303345,0.10244828462600708,7.572287559509277,0.18598340451717377,0.8464484214782715,-0.054177320381778964,-0.6968128681182861,0.8404536247253418,0.05183851718902588,0.7098774909973145,-1.0,21.75119972229004,False,0.0,0.08200711011886597,0.05323348939418793,0.7724708914756775,0.0,-0.004246309399604797,-0.003066975474357605,-0.01,-0.0173132848739624,0.000475333072245121,False,False,recovery,-1.0,143,False,False,14.800000000001612,-0.42463093996047974,-0.0,0.0,0.0,0.0,0.0,0.0,-0.0,0.041870016508866015,0.0,-0.0,0.0,0.01668869885482821
0.9130305647850037,0.1027287021279335,8.0167236328125,0.1962173581123352,0.8492671251296997,-0.004111887669789764,-0.7707968354225159,0.9541466236114502,-0.016898393630981445,0.7817338705062866,-1.0,21.75119972229004,False,0.0,0.08200711011886597,0.05323348939418793,0.7724708914756775,0.0,-0.00528979241847992,-0.002700958549976349,-0.01,-0.017990750968456266,0.00046573299914598465,False,False,recovery,-1.0,144,False,False,14.900000000001645,-0.5289792418479919,-0.0,0.0,0.0,0.0,0.0,0.0,-0.0,0.036836404792072175,0.0,-0.0,0.0,0.013128409977556169
0.8935106992721558,0.10204139351844788,8.112093925476074,0.1989678591489792,0.8500650525093079,-0.025877980387002862,-0.756296694278717,0.997402548789978,-0.012534856796264648,0.8932644128799438,-1.0,21.75119972229004,False,0.0,0.08200711011886597,0.05323348939418793,0.7724708914756775,0.0,-0.005912187695503235,-0.002218887209892273,-0.01,-0.018131074905395506,0.0004785400815308094,False,False,recovery,-1.0,145,False,False,15.000000000001679,-0.5912187695503235,-0.0,0.0,0.0,0.0,0.0,0.0,-0.0,0.032725914701307146,0.0,-0.0,0.0,0.010450769655150339
0.8375160694122314,0.10248874127864838,7.73472785949707,0.19483965635299683,0.8424249291419983,-0.04574164522177525,-0.7763220071792603,0.9986013174057007,0.06209838390350342,0.9186761379241943,-1.0,21.75119972229004,False,0.0,0.08200711011886597,0.05323348939418793,0.7724708914756775,0.0,-0.006119256019592285,-0.001481409668922424,-0.01,-0.01760066568851471,0.0004786588251590729,False,False,recovery,-1.0,146,False,False,15.100000000001712,-0.6119256019592285,-0.0,0.0,0.0,0.0,0.0,0.0,-0.0,0.030063696919827132,0.0,-0.0,0.0,0.00891259244032128
0.8243721127510071,0.10189513862133026,7.451256275177002,0.18850411474704742,0.8408499360084534,-0.051966450997305916,-0.8511984944343567,0.9963288307189941,0.06431972980499268,0.9213225841522217,-1.0,21.75119972229004,False,0.0,0.08200711011886597,0.05323348939418793,0.7724708914756775,0.0,-0.006425455808639527,-0.0009770882129669194,-0.01,-0.017402544021606445,0.00047553470358252525,False,False,recovery,-1.0,147,False,False,15.200000000001745,-0.6425455808639526,-0.0,0.0,0.0,0.0,0.0,0.0,-0.0,0.028393516064933677,0.0,-0.0,0.0,0.007771302223827312
0.8174538612365723,0.10299818962812424,7.1418375968933105,0.1822969615459442,0.8366714715957642,-0.051511175145808365,-0.8806903958320618,0.9944148063659668,0.06666374206542969,0.9186593294143677,-1.0,21.75119972229004,False,0.0,0.08200711011886597,0.05323348939418793,0.7724708914756775,0.0,-0.006532138586044312,-0.0007183045148849484,-0.01,-0.017250443100929262,0.0004890584386885166,False,False,recovery,-1.0,148,False,False,15.300000000001779,-0.6532138586044312,-0.0,0.0,0.0,0.0,0.0,0.0,-0.0,0.027229175020807794,0.0,-0.0,0.0,0.007082448924359585
0.8286194205284119,0.10240039974451065,6.696263790130615,0.17037278413772583,0.8358262181282043,-0.06678791556622443,-0.9056320190429688,0.9903742074966431,0.06289303302764893,0.9285945892333984,-1.0,21.75119972229004,False,0.0,0.08200711011886597,0.05323348939418793,0.7724708914756775,0.0,-0.006668134927749634,-0.0006056773662567148,-0.01,-0.01727381229400635,0.00047645578160881996,False,False,recovery,-1.0,149,False,False,15.400000000001812,-0.6668134927749634,-0.0,0.0,0.0,0.0,0.0,0.0,-0.0,0.02628061763854994,0.0,-0.0,0.0,0.0064721738915253365
0.8719168305397034,0.1020369678735733,6.770930290222168,0.16879603266716003,0.840006411075592,-0.03807607187970613,-0.914029598236084,0.9865841865539551,0.09685027599334717,0.9327253103256226,-1.0,21.75119972229004,False,0.0,0.08200711011886597,0.05323348939418793,0.7724708914756775,0.0,-0.00672038733959198,-0.0005792784690856929,-0.01,-0.017299665808677672,0.0004813200794160366,False,False,recovery,-1.0,150,False,False,15.500000000001846,-0.672038733959198,-0.0,0.0,0.0,0.0,0.0,0.0,-0.0,0.02537580948964091,0.0,-0.0,0.0,0.005967517405228475
0.8159575462341309,0.10186354070901871,6.453348159790039,0.16083112359046936,0.8386172652244568,-0.05544650116535336,-0.9145848155021667,0.992090106010437,0.22973954677581787,0.953963041305542,-1.0,21.75119972229004,False,0.0,0.08200711011886597,0.05323348939418793,0.7724708914756775,0.0,-0.006958834528923034,-0.0005881494283676153,-0.01,-0.01754698395729065,0.0007081110961735249,False,False,recovery,-1.0,151,False,False,15.600000000001879,-0.6958834528923035,-0.0,0.0,0.0,0.0,0.0,0.0,-0.0,0.024443969786990483,0.0,-0.0,0.0,0.005263150364572207
0.7715976238250732,0.10209909081459045,6.137691497802734,0.15642759203910828,0.8333155512809753,-0.045584278706565735,-0.9265351295471191,0.9859715700149536,0.2745426893234253,0.949331521987915,-1.0,21.75119972229004,False,0.0,0.08200711011886597,0.05323348939418793,0.7724708914756775,0.0,-0.007018028497695923,-0.0006087753176689144,-0.01,-0.017626803815364838,0.00048274314031004906,False,False,recovery,-1.0,152,False,False,15.700000000001912,-0.7018028497695923,-0.0,0.0,0.0,0.0,0.0,0.0,-0.0,0.023461015810637087,0.0,-0.0,0.0,0.004712479407622621
0.72862309217453,0.10257352143526077,5.772519111633301,0.14687137305736542,0.8314421772956848,-0.05861015678705151,-0.9315085411071777,0.9453778266906738,0.28006863594055176,0.935983419418335,-1.0,21.75119972229004,False,0.0,0.08200711011886597,0.05323348939418793,0.7724708914756775,0.0,-0.0067898774147033695,-0.0006306505203247069,-0.01,-0.017420527935028077,0.0004827650263905525,False,False,recovery,-1.0,153,False,False,15.800000000001946,-0.6789877414703369,-0.0,0.0,0.0,0.0,0.0,0.0,-0.0,0.022423954028373383,0.0,-0.0,0.0,0.004422099599483322
0.6611485481262207,0.10155043751001358,5.712824821472168,0.14799833297729492,0.8295474648475647,-0.030049030695751718,-0.9354624152183533,0.8901867866516113,0.31445741653442383,0.9262619018554688,-1.0,21.75119972229004,False,0.0,0.08200711011886597,0.05323348939418793,0.7724708914756775,0.0,-0.006560917496681214,-0.0006283861398696904,-0.01,-0.017189303636550905,0.0004909881390631199,False,False,recovery,-1.0,154,False,False,15.90000000000198,-0.6560917496681213,-0.0,0.0,0.0,0.0,0.0,0.0,-0.0,0.021380972970868828,0.0,-0.0,0.0,0.0041295689887532
0.7107473611831665,0.10350614041090012,5.43620491027832,0.1366417109966278,0.8306497931480408,-0.06237054965646535,-0.932287871837616,0.8446002006530762,0.39080631732940674,0.9425082206726074,-1.0,21.75119972229004,False,0.0,0.08200711011886597,0.05323348939418793,0.7724708914756775,0.0,-0.006558903455734253,-0.0005475223064422604,-0.01,-0.017106425762176514,0.00047997990623116493,False,False,recovery,-1.0,155,False,False,16.00000000000201,-0.6558903455734253,-0.0,0.0,0.0,0.0,0.0,0.0,-0.0,0.020490865388440582,0.0,-0.0,0.0,0.0036865292384860382
0.6800233721733093,0.10267585515975952,5.650811195373535,0.14499588310718536,0.829564094543457,-0.010478951392218498,-0.9273058772087097,0.6302292346954346,0.4384772777557373,0.9226576089859009,-1.0,21.75119972229004,False,0.0,0.08200711011886597,0.05323348939418793,0.7724708914756775,0.0,-0.005751611590385437,-0.00038911819458007854,-0.01,-0.016140729784965516,0.0004869573749601841,False,False,recovery,-1.0,156,False,False,16.100000000001955,-0.5751611590385437,-0.0,0.0,0.0,0.0,0.0,0.0,-0.0,0.019911754793075276,0.0,-0.0,0.0,0.004204265806152201
0.7014588713645935,0.10301477462053299,5.588549613952637,0.14113549888134003,0.8312177062034607,-0.041654744583455354,-0.8934367299079895,0.43118274211883545,0.4542275667190552,0.9582219123840332,-1.0,21.75119972229004,False,0.0,0.08200711011886597,0.05323348939418793,0.7724708914756775,0.0,-0.005271649360656739,-0.00025858700275421115,-0.01,-0.01553023636341095,0.0004933108575642109,False,False,recovery,-1.0,157,False,False,16.2000000000019,-0.5271649360656738,-0.0,0.0,0.0,0.0,0.0,0.0,-0.0,0.01959045684071148,0.0,-0.0,0.0,0.004523579059699001
0.617797315120697,0.10448696464300156,5.293519496917725,0.1356935352087021,0.8263365626335144,-0.04559030631616081,-0.8923217058181763,0.4175088405609131,0.47721564769744873,0.9583644866943359,-1.0,21.75119972229004,False,0.0,0.08200711011886597,0.05323348939418793,0.7724708914756775,0.0,-0.005291872024536133,-0.00017416208982467575,-0.01,-0.015466034114360809,0.0004896679893136024,False,False,recovery,-1.0,158,False,False,16.300000000001845,-0.5291872024536133,-0.0,0.0,0.0,0.0,0.0,0.0,-0.0,0.019436490330381306,0.0,-0.0,0.0,0.00442637314065452
0.5912718176841736,0.1055125743150711,5.054018974304199,0.1283140480518341,0.8255054354667664,-0.04947171439207803,-0.8621114492416382,-0.058214008808135986,0.45539772510528564,0.9559558629989624,-1.0,21.75119972229004,False,0.0,0.08200711011886597,0.05323348939418793,0.7724708914756775,0.0,-0.004669659435749054,-9.738922119140701e-05,-0.01,-0.014767048656940462,0.00047784484922885895,False,False,recovery,-1.0,159,False,False,16.40000000000179,-0.4669659435749054,-0.0,0.0,0.0,0.0,0.0,0.0,-0.0,0.019436122610802964,0.0,-0.0,0.0,0.005048401869652428
0.4411230683326721,0.10624957829713821,4.705954551696777,0.12211973965167999,0.82052081823349,-2.595647724535628,-0.8737731575965881,-0.14770489931106567,0.4417600631713867,0.9417586326599121,-1.0,21.75119972229004,False,0.0,0.08200711011886597,0.05323348939418793,0.7724708914756775,0.0,-0.004668393731117249,5.05179166793851e-06,-0.01,-0.01466334193944931,0.000494448933750391,False,False,recovery,-1.0,160,False,False,16.500000000001734,-0.46683937311172485,-0.0,0.0,0.0,0.0,0.0,0.0,-0.0,0.019642632684368944,0.0,-0.0,0.0,0.005152922611067223
0.4130825698375702,0.10624781250953674,4.160065650939941,0.1074812263250351,0.8187844157218933,-0.01662151780890989,-0.8580594658851624,-0.7805220484733582,0.21824860572814941,0.828319787979126,-1.0,21.75119972229004,False,0.0,0.08200711011886597,0.05323348939418793,0.7724708914756775,0.0,-0.005198066830635071,0.0003194200992584235,-0.01,-0.014878646731376647,0.0007065599784255028,False,False,recovery,-1.0,161,False,False,16.60000000000168,-0.5198066830635071,-0.0,0.0,0.0,0.0,0.0,0.0,-0.0,0.0204863357750541,0.0,-0.0,0.0,0.005045101056891979
0.3377915918827057,0.10591545701026917,3.6332879066467285,0.09246629476547241,0.8183283805847168,-0.015749671239159976,-0.9280403256416321,-0.7966614961624146,0.10031497478485107,0.7222106456756592,-1.0,21.75119972229004,False,0.0,0.08200711011886597,0.05323348939418793,0.7724708914756775,0.0,-0.005068949460983276,0.0007636374235153193,-0.01,-0.014305312037467956,0.00047459499910473824,False,False,recovery,-1.0,162,False,False,16.700000000001623,-0.5068949460983276,-0.0,0.0,0.0,0.0,0.0,0.0,-0.0,0.022235938329357774,0.0,-0.0,0.0,0.0060490197036956106
0.3319481909275055,0.1061888188123703,3.41558575630188,0.08751985430717468,0.8164703845977783,-0.014799816050383222,-0.9343148469924927,-0.8215651512145996,0.08336234092712402,0.7426960468292236,-1.0,21.75119972229004,False,0.0,0.08200711011886597,0.05323348939418793,0.7724708914756775,0.0,-0.0052661502361297605,0.0008849737048149103,-0.01,-0.01438117653131485,0.0004778304137289524,False,False,recovery,-1.0,163,False,False,16.800000000001567,-0.5266150236129761,-0.0,0.0,0.0,0.0,0.0,0.0,-0.0,0.024248404055133732,0.0,-0.0,0.0,0.0068580517914371055
0.34743714332580566,0.10591401159763336,3.1971473693847656,0.08082953095436096,0.8168823719024658,-0.014774495439527203,-0.9273066520690918,-0.8123865723609924,0.10389125347137451,0.7537295818328857,-1.0,21.75119972229004,False,0.0,0.08200711011886597,0.05323348939418793,0.7724708914756775,0.0,-0.005246928334236145,0.0009635129570961,-0.01,-0.014283415377140046,0.0005030659958720207,False,False,recovery,-1.0,164,False,False,16.900000000001512,-0.5246928334236145,-0.0,0.0,0.0,0.0,0.0,0.0,-0.0,0.026439821056471025,0.0,-0.0,0.0,0.007972982193999367
0.2516798675060272,0.1069919764995575,2.942535877227783,0.07576340436935425,0.8132321834564209,-0.014940654768135185,-0.9212294816970825,-0.7999975085258484,0.1150590181350708,0.7623426914215088,-1.0,21.75119972229004,False,0.0,0.08200711011886597,0.05323348939418793,0.7724708914756775,0.0,-0.005207661986351014,0.0010133346915245055,-0.01,-0.014194327294826508,0.0004997160285711288,False,False,recovery,-1.0,165,False,False,17.000000000001457,-0.5207661986351013,-0.0,0.0,0.0,0.0,0.0,0.0,-0.0,0.028754063559991994,0.0,-0.0,0.0,0.009169369793644983
0.25256630778312683,0.1069771945476532,2.6297950744628906,0.06523200869560242,0.8143961429595947,-0.015316626989846514,-0.9045819044113159,-0.7911143898963928,0.15037178993225098,0.8077242374420166,-1.0,21.75119972229004,False,0.0,0.08200711011886597,0.05323348939418793,0.7724708914756775,0.0,-0.0052979010343551635,0.0010579103231430059,-0.01,-0.014239990711212158,0.0004843398928642273,False,False,recovery,-1.0,166,False,False,17.1000000000014,-0.5297901034355164,-0.0,0.0,0.0,0.0,0.0,0.0,-0.0,0.031181686857059465,0.0,-0.0,0.0,0.010292942394174569
0.2064734846353531,0.1069323867559433,2.685804605484009,0.06871329247951508,0.8126399517059326,-0.013732893371171154,-0.903362512588501,-0.783474862575531,0.15616464614868164,0.8209946155548096,-1.0,21.75119972229004,False,0.0,0.08200711011886597,0.05323348939418793,0.7724708914756775,0.0,-0.005320790410041809,0.001103718578815461,-0.01,-0.01421707183122635,0.0004875720478594303,False,False,recovery,-1.0,167,False,False,17.200000000001346,-0.5320790410041809,-0.0,0.0,0.0,0.0,0.0,0.0,-0.0,0.03372636531332063,0.0,-0.0,0.0,0.011542392246618505
0.23814773559570312,0.10692516714334488,2.6650092601776123,0.06407518684864044,0.8166614174842834,-0.01450556331977908,-0.8699440360069275,-0.7503435611724854,0.20502328872680664,0.9084033966064453,-1.0,21.75119972229004,False,0.0,0.08200711011886597,0.05323348939418793,0.7724708914756775,0.0,-0.005467623472213745,0.001132832169532777,-0.01,-0.014334791302680968,0.0004911459982395172,False,False,recovery,-1.0,168,False,False,17.30000000000129,-0.5467623472213745,-0.0,0.0,0.0,0.0,0.0,0.0,-0.0,0.03635559013751399,0.0,-0.0,0.0,0.012710171596543252
0.24992896616458893,0.10667506605386734,2.7692837715148926,0.06575275957584381,0.8183621764183044,-0.01373897393779644,-0.8649147152900696,-0.7151497602462769,0.23797595500946045,0.9302825927734375,-1.0,21.75119972229004,False,0.0,0.08200711011886597,0.05323348939418793,0.7724708914756775,0.0,-0.00545393705368042,0.0011296585202217116,-0.01,-0.014324278533458709,0.00048030493780970573,False,False,recovery,-1.0,169,False,False,17.400000000001235,-0.545393705368042,-0.0,0.0,0.0,0.0,0.0,0.0,-0.0,0.0390049653496386,0.0,-0.0,0.0,0.014048545621138879
0.2867233455181122,0.10793625563383102,2.611607789993286,0.05762232467532158,0.8205011487007141,-0.015330252437369234,-0.8366098999977112,-0.6650667190551758,0.28330767154693604,0.9599655866622925,-1.0,21.75119972229004,False,0.0,0.08200711011886597,0.05323348939418793,0.7724708914756775,0.0,-0.005360066890716553,0.0011025446653366092,-0.01,-0.014257522225379944,0.00048152683302760124,False,False,recovery,-1.0,170,False,False,17.50000000000118,-0.5360066890716553,-0.0,0.0,0.0,0.0,0.0,0.0,-0.0,0.04162632467321592,0.0,-0.0,0.0,0.015453095445891407
0.25720882415771484,0.10898783802986145,2.6549623012542725,0.05726954713463783,0.8211029767990112,-0.014304341215579875,-0.8310191631317139,-0.6452601552009583,0.31596922874450684,0.9650535583496094,-1.0,21.75119972229004,False,0.0,0.08200711011886597,0.05323348939418793,0.7724708914756775,0.0,-0.005345296263694763,0.0010695520043373097,-0.01,-0.014275744259357454,0.0007692230865359306,False,False,recovery,-1.0,171,False,False,17.600000000001124,-0.5345296263694763,-0.0,0.0,0.0,0.0,0.0,0.0,-0.0,0.044207500476006634,0.0,-0.0,0.0,0.016758453974308554
0.20311585068702698,0.11073478311300278,2.7145192623138428,0.04428373649716377,0.8162290453910828,-0.016868830308830136,-0.8079643249511719,-0.6034786701202393,0.3660629987716675,0.9791169166564941,-1.0,21.75119972229004,False,0.0,0.08200711011886597,0.05323348939418793,0.7724708914756775,0.0,-0.0052741622924804684,0.001043310165405275,-0.01,-0.014230852127075193,0.00047969166189432144,False,False,recovery,-1.0,172,False,False,17.70000000000107,-0.5274162292480469,-0.0,0.0,0.0,0.0,0.0,0.0,-0.0,0.0467617409774147,0.0,-0.0,0.0,0.01810670819622688
0.22563128173351288,0.10926713794469833,2.6538467407226562,0.047226447612047195,0.8188192248344421,-0.013145203643764862,-0.7723092436790466,-0.6320875287055969,0.32437658309936523,0.9780282974243164,-1.0,21.75119972229004,False,0.0,0.08200711011886597,0.05323348939418793,0.7724708914756775,0.0,-0.005144389271736145,0.0010403048992156973,-0.01,-0.014104084372520448,0.0004928996786475182,False,False,recovery,-1.0,173,False,False,17.800000000001013,-0.5144389271736145,-0.0,0.0,0.0,0.0,0.0,0.0,-0.0,0.049335665102231196,0.0,-0.0,0.0,0.01952344327937945
0.27811378240585327,0.11033123731613159,2.7637789249420166,0.047104429453611374,0.820931077003479,-0.013865777298639668,-0.761555552482605,-0.5782747864723206,0.35096848011016846,0.9831411838531494,-1.0,21.75119972229004,False,0.0,0.08200711011886597,0.05323348939418793,0.7724708914756775,0.0,-0.005010285377502441,0.0010501533746719374,-0.01,-0.013960132002830503,0.000491635873913765,False,False,recovery,-1.0,174,False,False,17.900000000000958,-0.5010285377502441,-0.0,0.0,0.0,0.0,0.0,0.0,-0.0,0.051955570687829855,0.0,-0.0,0.0,0.020967499966412485
0.24519215524196625,0.11112037301063538,2.822450637817383,0.04543424770236015,0.8202319145202637,-0.01435563397650019,-0.7446650266647339,-0.5250915884971619,0.3885626792907715,0.9867837429046631,-1.0,21.75119972229004,False,0.0,0.08200711011886597,0.05323348939418793,0.7724708914756775,0.0,-0.004887425601482392,0.0009632638096809393,-0.01,-0.013924161791801452,0.0004941150546073914,False,False,recovery,-1.0,175,False,False,18.000000000000902,-0.48874256014823914,-0.0,0.0,0.0,0.0,0.0,0.0,-0.0,0.05442640375292962,0.0,-0.0,0.0,0.022325776274982417
0.35883858799934387,0.11164228618144989,2.8719708919525146,0.047170113772153854,0.8229314684867859,-0.01322510388725463,-0.7158940434455872,-0.47994208335876465,0.3791157007217407,0.9888299703598022,-1.0,21.75119972229004,False,0.0,0.08200711011886597,0.05323348939418793,0.7724708914756775,0.0,-0.004660905301570892,0.0008665275573730459,-0.01,-0.013794377744197846,0.0005021332763135433,False,False,recovery,-1.0,176,False,False,18.100000000000847,-0.46609053015708923,-0.0,0.0,0.0,0.0,0.0,0.0,-0.0,0.05672664973555519,0.0,-0.0,0.0,0.023702419566206702
0.2740069329738617,0.11241518706083298,3.011620044708252,0.04217091575264931,0.8213488459587097,-0.014817047254528941,-0.68304842710495,-0.38512682914733887,0.4027688503265381,0.9906563758850098,-1.0,21.75119972229004,False,0.0,0.08200711011886597,0.05323348939418793,0.7724708914756775,0.0,-0.004396251738071442,0.0007305768132209768,-0.01,-0.013665674924850466,0.0004776809364557266,False,False,recovery,-1.0,177,False,False,18.20000000000079,-0.43962517380714417,-0.0,0.0,0.0,0.0,0.0,0.0,-0.0,0.058775571951219296,0.0,-0.0,0.0,0.024991534237538207
0.24247220158576965,0.1148003339767456,3.2817602157592773,0.033798445016145706,0.8186954259872437,-0.01569984907505991,-0.6389560103416443,-0.3722943067550659,0.3666931390762329,0.9907655715942383,-1.0,21.75119972229004,False,0.0,0.08200711011886597,0.05323348939418793,0.7724708914756775,0.0,-0.004157370626926422,0.0005935817956924452,-0.01,-0.013563788831233978,0.0004933150485157967,False,False,recovery,-1.0,178,False,False,18.300000000000736,-0.4157370626926422,-0.0,0.0,0.0,0.0,0.0,0.0,-0.0,0.060568421225513425,0.0,-0.0,0.0,0.02612683998583029
0.20261746644973755,0.11393879354000092,3.4909141063690186,0.026275932788848877,0.8183090686798096,-0.01460664187000221,-0.612360417842865,-0.401583731174469,0.33205318450927734,0.9899051189422607,-1.0,21.75119972229004,False,0.0,0.08200711011886597,0.05323348939418793,0.7724708914756775,0.0,-0.0040660655498504636,0.0005875384807586675,-0.01,-0.013478527069091795,0.000652696006000042,False,False,recovery,-1.0,179,False,False,18.40000000000068,-0.4066065549850464,-0.0,0.0,0.0,0.0,0.0,0.0,-0.0,0.062367157676628815,0.0,-0.0,0.0,0.027117513288463943
0.1295902132987976,0.11614268273115158,3.8855559825897217,0.01236213743686676,0.814030647277832,-0.016566084385719444,-0.6336148381233215,-0.4114046096801758,0.3160569667816162,0.9897098541259766,-1.0,21.75119972229004,False,0.0,0.08200711011886597,0.05323348939418793,0.7724708914756775,0.0,-0.00412534773349762,0.0006274628639221166,-0.01,-0.013497884869575504,0.0004882263019680977,False,False,recovery,-1.0,180,False,False,18.500000000000625,-0.41253477334976196,-0.0,0.0,0.0,0.0,0.0,0.0,-0.0,0.06426475464803316,0.0,-0.0,0.0,0.028007029590518963
0.1447163075208664,0.11597838997840881,4.0870513916015625,0.0065380968153476715,0.8144157528877258,-0.014319154113285364,-0.6183162331581116,-0.48724961280822754,0.26162612438201904,0.986781120300293,-1.0,21.75119972229004,False,0.0,0.08200711011886597,0.05323348939418793,0.7724708914756775,0.0,-0.004154780805110931,0.0007061338424682595,-0.01,-0.013448646962642672,0.000759446993470192,False,False,recovery,-1.0,181,False,False,18.60000000000057,-0.41547808051109314,-0.0,0.0,0.0,0.0,0.0,0.0,-0.0,0.06634042261255546,0.0,-0.0,0.0,0.029015430501166797
0.10720469802618027,0.11830398440361023,4.422931671142578,-0.004519009962677956,0.8111094832420349,-0.015818499536558058,-0.6334344744682312,-0.4813709259033203,0.2678626775741577,0.9854096174240112,-1.0,21.75119972229004,False,0.0,0.08200711011886597,0.05323348939418793,0.7724708914756775,0.0,-0.0041893494129180905,0.0008006432652473416,-0.01,-0.013388706147670749,0.0004880391061306,False,False,recovery,-1.0,182,False,False,18.700000000000514,-0.4189349412918091,-0.0,0.0,0.0,0.0,0.0,0.0,-0.0,0.06862796484415212,0.0,-0.0,0.0,0.03012463300915797
0.11531630158424377,0.11832600831985474,4.521450996398926,-0.006745876744389534,0.8118161559104919,-0.0136565753905891,-0.6073252558708191,-0.5269443392753601,0.23757612705230713,0.9803510904312134,-1.0,21.75119972229004,False,0.0,0.08200711011886597,0.05323348939418793,0.7724708914756775,0.0,-0.00416011244058609,0.0008398643136024453,-0.01,-0.013320248126983646,0.00048154033720493317,False,False,recovery,-1.0,183,False,False,18.80000000000046,-0.416011244058609,-0.0,0.0,0.0,0.0,0.0,0.0,-0.0,0.07101787055511777,0.0,-0.0,0.0,0.031348822836972795
0.10423126071691513,0.11941088736057281,4.867130279541016,-0.017672773450613022,0.8101747632026672,-0.01522780790299505,-0.6027870774269104,-0.49870651960372925,0.24023711681365967,0.9798729419708252,-1.0,21.75119972229004,False,0.0,0.08200711011886597,0.05323348939418793,0.7724708914756775,0.0,-0.0040748131275177004,0.000871640145778653,-0.01,-0.013203172981739047,0.00047552958130836487,False,False,recovery,-1.0,184,False,False,18.900000000000404,-0.40748131275177,-0.0,0.0,0.0,0.0,0.0,0.0,-0.0,0.07349612783749904,0.0,-0.0,0.0,0.03267325079123182
0.09222565591335297,0.12045270204544067,5.069414138793945,-0.022595524787902832,0.8102787137031555,-0.014118544657657682,-0.5808137059211731,-0.5294326543807983,0.22114348411560059,0.9741342067718506,-1.0,21.75119972229004,False,0.0,0.08200711011886597,0.05323348939418793,0.7724708914756775,0.0,-0.004038713574409485,0.000859573483467102,-0.01,-0.013179140090942383,0.00048025092110037804,False,False,recovery,-1.0,185,False,False,19.000000000000348,-0.4038713574409485,-0.0,0.0,0.0,0.0,0.0,0.0,-0.0,0.07597503844948239,0.0,-0.0,0.0,0.03394880565033171
0.05201663449406624,0.12105400860309601,5.20869779586792,-0.03048642724752426,0.805965006351471,-0.014845631822589116,-0.5734252333641052,-0.5195537209510803,0.2227461338043213,0.9735021591186523,-1.0,21.75119972229004,False,0.0,0.08200711011886597,0.05323348939418793,0.7724708914756775,0.0,-0.003990187048912048,0.000876801311969759,-0.01,-0.01311338573694229,0.0004939022473990917,False,False,recovery,-1.0,186,False,False,19.100000000000293,-0.39901870489120483,-0.0,0.0,0.0,0.0,0.0,0.0,-0.0,0.07851376939552046,0.0,-0.0,0.0,0.03526669764884818
0.044357988983392715,0.12260933220386505,5.413434982299805,-0.03597705811262131,0.8050611615180969,-0.014087203706331087,-0.51236891746521,-0.5365568399429321,0.1604163646697998,0.9680960178375244,-1.0,21.75119972229004,False,0.0,0.08200711011886597,0.05323348939418793,0.7724708914756775,0.0,-0.0037833961844444277,0.0008643436431884782,-0.01,-0.01291905254125595,0.00048418808728456497,False,False,recovery,-1.0,187,False,False,19.200000000000237,-0.37833961844444275,-0.0,0.0,0.0,0.0,0.0,0.0,-0.0,0.08105298835569275,0.0,-0.0,0.0,0.036743097993401946
0.060940831899642944,0.12361806631088257,5.5004987716674805,-0.03675723075866699,0.8058841824531555,-0.01304828915156669,-0.4813356399536133,-0.49488985538482666,0.16894614696502686,0.9759960174560547,-1.0,21.75119972229004,False,0.0,0.08200711011886597,0.05323348939418793,0.7724708914756775,0.0,-0.0036442774534225465,0.0008251231908798229,-0.01,-0.012819154262542723,0.0004894295707345009,False,False,recovery,-1.0,188,False,False,19.300000000000182,-0.36442774534225464,-0.0,0.0,0.0,0.0,0.0,0.0,-0.0,0.08353862590602856,0.0,-0.0,0.0,0.03812503549959174
0.05818270891904831,0.1220591738820076,5.467296600341797,-0.03815440461039543,0.8050498366355896,-0.012690455249391093,-0.402026891708374,-0.409212589263916,0.1821504831314087,0.983909010887146,-1.0,21.75119972229004,False,0.0,0.08200711011886597,0.05323348939418793,0.7724708914756775,0.0,-0.0033258408308029174,0.0006714874505996671,-0.01,-0.012654353380203251,0.00048588914796710014,False,False,recovery,-1.0,189,False,False,19.400000000000126,-0.33258408308029175,-0.0,0.0,0.0,0.0,0.0,0.0,-0.0,0.085739008419628,0.0,-0.0,0.0,0.039543663379011086
0.04829150810837746,0.12539862096309662,5.74901819229126,-0.04598779231309891,0.8023286461830139,-0.014403446612035548,-0.3043110966682434,-0.32833826541900635,0.14658331871032715,0.9874309301376343,-1.0,21.75119972229004,False,0.0,0.08200711011886597,0.05323348939418793,0.7724708914756775,0.0,-0.002992294132709503,0.00046242326498031894,-0.01,-0.012529870867729184,0.00047958502545952797,False,False,recovery,-1.0,190,False,False,19.50000000000007,-0.2992294132709503,-0.0,0.0,0.0,0.0,0.0,0.0,-0.0,0.08753926631558195,0.0,-0.0,0.0,0.040777339025081474
0.055088333785533905,0.12619276344776154,5.813023567199707,-0.04679515212774277,0.8026472926139832,-0.012667171718275732,-0.21009546518325806,-0.34094154834747314,0.12242090702056885,0.988135814666748,-1.0,21.75119972229004,False,0.0,0.08200711011886597,0.05323348939418793,0.7724708914756775,0.0,-0.0028794512152671816,0.0003372046351432789,-0.01,-0.012542246580123904,0.00075870705768466,False,False,recovery,-1.0,191,False,False,19.600000000000016,-0.28794512152671814,-0.0,0.0,0.0,0.0,0.0,0.0,-0.0,0.0891047076560606,0.0,-0.0,0.0,0.041672902612763116
0.043067868798971176,0.12778596580028534,6.051670074462891,-0.053236231207847595,0.80177241563797,-0.013629347144059702,-0.16856801509857178,-0.30704498291015625,0.12161540985107422,0.9891765117645264,-1.0,21.75119972229004,False,0.0,0.08200711011886597,0.05323348939418793,0.7724708914756775,0.0,-0.002789880633354187,0.0002906972169876079,-0.01,-0.012499183416366579,0.0006391662172973156,False,False,recovery,-1.0,192,False,False,19.69999999999996,-0.2789880633354187,-0.0,0.0,0.0,0.0,0.0,0.0,-0.0,0.09059196851519347,0.0,-0.0,0.0,0.04250610362424254
0.04232071712613106,0.12732207775115967,6.052331447601318,-0.05555415898561478,0.7999382019042969,-0.012876625044076748,-0.14396971464157104,-0.32728826999664307,0.11531710624694824,0.9890203475952148,-1.0,21.75119972229004,False,0.0,0.08200711011886597,0.05323348939418793,0.7724708914756775,0.0,-0.0027982604503631594,0.00024242669343948337,-0.01,-0.012555833756923675,0.0004937341436743736,False,False,recovery,-1.0,193,False,False,19.799999999999905,-0.2798260450363159,-0.0,0.0,0.0,0.0,0.0,0.0,-0.0,0.09199681157887718,0.0,-0.0,0.0,0.04320014533907543
0.0448642373085022,0.12698377668857574,6.154453277587891,-0.058495327830314636,0.8003990054130554,-0.012674070161890186,-0.10034418106079102,-0.324957013130188,0.07930350303649902,0.9881631135940552,-1.0,21.75119972229004,False,0.0,0.08200711011886597,0.05323348939418793,0.7724708914756775,0.0,-0.002746053338050842,0.00023625820875167874,-0.01,-0.012509795129299164,0.00048001715913414955,False,False,recovery,-1.0,194,False,False,19.89999999999985,-0.27460533380508423,-0.0,0.0,0.0,0.0,0.0,0.0,-0.0,0.09340342137701063,0.0,-0.0,0.0,0.04395565735045447
0.05395366996526718,0.12805461883544922,6.22074031829834,-0.059792231768369675,0.8000198602676392,-0.012749880373001635,-0.09262949228286743,-0.312228262424469,0.07764291763305664,0.9882748126983643,-1.0,21.75119972229004,False,0.0,0.08200711011886597,0.05323348939418793,0.7724708914756775,0.0,-0.0027219557762146,0.00020045876502990806,-0.01,-0.012521497011184692,0.0004773559048771858,False,False,recovery,-1.0,195,False,False,19.999999999999794,-0.27219557762145996,-0.0,0.0,0.0,0.0,0.0,0.0,-0.0,0.0947517996443793,0.0,-0.0,0.0,0.04465394404597505
0.06125436723232269,0.12966082990169525,6.360048770904541,-0.06234787404537201,0.8000372648239136,-0.01294036564387749,-0.03052663803100586,-0.28837335109710693,0.06364357471466064,0.9883331060409546,-1.0,21.75119972229004,False,0.0,0.08200711011886597,0.05323348939418793,0.7724708914756775,0.0,-0.0026623597741127015,0.0001435592770576491,-0.01,-0.012518800497055053,0.00048635993152856827,False,False,recovery,-1.0,196,False,False,20.09999999999974,-0.26623597741127014,-0.0,0.0,0.0,0.0,0.0,0.0,-0.0,0.09599900643148807,0.0,-0.0,0.0,0.04533714344163133
0.09446511417627335,0.1281699240207672,6.119405269622803,-0.05274511128664017,0.8039116263389587,-0.010296121990868342,0.020568251609802246,-0.27242398262023926,0.0603560209274292,0.9885063171386719,-1.0,21.75119972229004,False,0.0,0.08200711011886597,0.05323348939418793,0.7724708914756775,0.0,-0.0026385635137557983,0.00010451495647430253,-0.01,-0.012534048557281496,0.00048518693074584007,False,False,recovery,-1.0,197,False,False,20.199999999999683,-0.26385635137557983,-0.0,0.0,0.0,0.0,0.0,0.0,-0.0,0.09717979787558739,0.0,-0.0,0.0,0.0459513354240379
0.07299482077360153,0.12823523581027985,6.187293529510498,-0.05541060492396355,0.8032174706459045,-0.01272688281274917,0.12384033203125,-0.12044417858123779,0.05572211742401123,0.9904005527496338,-1.0,21.75119972229004,False,0.0,0.08200711011886597,0.05323348939418793,0.7724708914756775,0.0,-0.0025346034765243533,0.0001589471101760831,-0.01,-0.01237565636634827,0.0004948829300701618,False,False,recovery,-1.0,198,False,False,20.299999999999628,-0.2534603476524353,-0.0,0.0,0.0,0.0,0.0,0.0,-0.0,0.09848251811782605,0.0,-0.0,0.0,0.04670665558238867
0.06978791952133179,0.1287144273519516,6.0558180809021,-0.051093004643917084,0.8031116127967834,-0.01174122305693399,0.30581700801849365,-0.10455584526062012,-0.00878840684890747,0.9891583919525146,-1.0,21.75119972229004,False,0.0,0.08200711011886597,0.05323348939418793,0.7724708914756775,0.0,-0.00270741879940033,0.0005397069454193132,-0.01,-0.012167711853981017,0.0004822416231036186,False,False,recovery,-1.0,199,False,False,20.399999999999572,-0.27074187994003296,-0.0,0.0,0.0,0.0,0.0,0.0,-0.0,0.10056764668574614,0.0,-0.0,0.0,0.04757640454347274
0.03997213765978813,0.1294289380311966,6.266971111297607,-0.05938701331615448,0.8004376888275146,-0.013962316741290597,0.5164229869842529,-0.0659450888633728,-0.07330071926116943,0.9848897457122803,-1.0,21.75119972229004,False,0.0,0.08200711011886597,0.05323348939418793,0.7724708914756775,0.0,-0.0031160557270050048,0.0013470521569252034,-0.01,-0.011769003570079801,0.0005005728453397751,False,False,recovery,-1.0,200,False,False,20.499999999999517,-0.3116055727005005,-0.0,0.0,0.0,0.0,0.0,0.0,-0.0,0.10430472718027972,0.0,-0.0,0.0,0.049036307863134856
0.05061621218919754,0.13077494502067566,6.517423152923584,-0.06493016332387924,0.8010621070861816,-0.013086947236312742,0.6083099842071533,-0.18019318580627441,-0.12790518999099731,0.9709690809249878,-1.0,21.75119972229004,False,0.0,0.08200711011886597,0.05323348939418793,0.7724708914756775,0.0,-0.0034041282534599303,0.002217684984207151,-0.01,-0.01118644326925278,0.000747334212064743,False,False,recovery,-1.0,201,False,False,20.59999999999946,-0.34041282534599304,-0.0,0.0,0.0,0.0,0.0,0.0,-0.0,0.10983850636958514,0.0,-0.0,0.0,0.05151512493133264
0.0367400087416172,0.13221858441829681,6.661120891571045,-0.06826343387365341,0.8005961179733276,-0.012498669697565709,0.5861268043518066,-0.2702493667602539,-0.1193457841873169,0.9559707641601562,-0.9999999403953552,21.75119972229004,False,0.0,0.08200711011886597,0.05323348939418793,0.7724708914756775,0.0,-0.0033617570996284487,0.0027855309844017004,-0.01,-0.01057622611522675,0.0004853028804063797,False,False,recovery,-0.9999999403953552,202,False,False,20.699999999999406,-0.33617570996284485,-0.0,0.0,0.0,0.0,0.0,0.0,-0.0,0.1165753515676935,0.0,-0.0,0.0,0.0549259186842183
0.05100458860397339,0.13340342044830322,6.823233604431152,-0.07206958532333374,0.8004685044288635,-0.012232022411155619,0.5350954532623291,-0.3260442018508911,-0.11396002769470215,0.9433426856994629,-0.9999997615814209,21.75119972229004,False,0.0,0.08200711011886597,0.05323348939418793,0.7724708914756775,0.0,-0.0032387858629226683,0.0029014337062835682,-0.01,-0.0103373521566391,0.0004925611428916454,False,False,recovery,-0.9999997615814209,203,False,False,20.79999999999935,-0.32387858629226685,-0.0,0.0,0.0,0.0,0.0,0.0,-0.0,0.12361437132879816,0.0,-0.0,0.0,0.058568399801476406
0.03614722937345505,0.1335638165473938,6.83418607711792,-0.07304373383522034,0.7996625304222107,-0.011467593875286093,0.46954047679901123,-0.3630205988883972,-0.10838824510574341,0.9312167167663574,-0.9999995231628418,21.75119972229004,False,0.0,0.08200711011886597,0.05323348939418793,0.7724708914756775,0.0,-0.0030779117345809937,0.0027720019221305903,-0.01,-0.010305909812450404,0.00047090183943510056,False,False,recovery,-0.9999995231628418,204,False,False,20.899999999999295,-0.30779117345809937,-0.0,0.0,0.0,0.0,0.0,0.0,-0.0,0.1304629476166066,0.0,-0.0,0.0,0.0621535620737223
0.03541959077119827,0.1333702653646469,6.740260124206543,-0.07103816419839859,0.7990438938140869,-0.010697607780353356,0.43357110023498535,-0.37259238958358765,-0.12618744373321533,0.919971227645874,-0.9999989867210388,21.75119972229004,False,0.0,0.08200711011886597,0.05323348939418793,0.7724708914756775,0.0,-0.002972698211669922,0.002560349404811854,-0.01,-0.010412348806858068,0.0005004839040338993,False,False,recovery,-0.9999989867210388,205,False,False,20.99999999999924,-0.2972698211669922,-0.0,0.0,0.0,0.0,0.0,0.0,-0.0,0.13695326118600015,0.0,-0.0,0.0,0.06550393238133015
0.03224436193704605,0.13141489028930664,6.620760917663574,-0.0680127963423729,0.8004396557807922,-0.009585590434487073,0.4576157331466675,-0.3442595601081848,-0.15808838605880737,0.9082224369049072,-0.9999975562095642,21.75119972229004,False,0.0,0.08200711011886597,0.05323348939418793,0.7724708914756775,0.0,-0.002944467067718506,0.002466706335544591,-0.01,-0.010477760732173914,0.0004917089827358723,False,False,recovery,-0.9999975562095642,206,False,False,21.099999999999184,-0.2944467067718506,-0.0,0.0,0.0,0.0,0.0,0.0,-0.0,0.1433198206655628,0.0,-0.0,0.0,0.0687154432650629
0.04081081598997116,0.1315140724182129,6.674300193786621,-0.06869664788246155,0.8012627959251404,-0.010824322864394382,0.5106345415115356,-0.2866382598876953,-0.19526374340057373,0.9041680097579956,-0.9999921917915344,21.75119972229004,False,0.0,0.08200711011886597,0.05323348939418793,0.7724708914756775,0.0,-0.002996391952037811,0.002557493150234222,-0.01,-0.010438898801803589,0.000483131967484951,False,False,recovery,-0.9999921917915344,207,False,False,21.19999999999913,-0.29963919520378113,-0.0,0.0,0.0,0.0,0.0,0.0,-0.0,0.14993416079151178,0.0,-0.0,0.0,0.07197068844371808
0.038922328501939774,0.13171519339084625,6.596853733062744,-0.06529801338911057,0.8021368980407715,-0.00985321556019909,0.5836259126663208,-0.27089715003967285,-0.23538798093795776,0.9008018970489502,-0.9999521970748901,21.75119972229004,False,0.0,0.08200711011886597,0.05323348939418793,0.7724708914756775,0.0,-0.003202140033245087,0.002805626988410956,-0.01,-0.01039651304483413,0.0004893750883638859,False,False,recovery,-0.9999521970748901,208,False,False,21.299999999999073,-0.32021400332450867,-0.0,0.0,0.0,0.0,0.0,0.0,-0.0,0.15711658859619204,0.0,-0.0,0.0,0.07535615426485093
0.043113358318805695,0.13251221179962158,6.70297384262085,-0.06753374636173248,0.802287757396698,-0.011488083896755341,0.6757330894470215,-0.2330753207206726,-0.28080475330352783,0.8987486362457275,-0.9996761083602905,21.75119972229004,False,0.0,0.08200711011886597,0.05323348939418793,0.7724708914756775,0.0,-0.003493849337100983,0.003196494579315187,-0.01,-0.010297354757785796,0.0005933498032391071,False,False,recovery,-0.9996761083602905,209,False,False,21.399999999999018,-0.34938493371009827,-0.0,0.0,0.0,0.0,0.0,0.0,-0.0,0.16516114678155358,0.0,-0.0,0.0,0.07908672405367581
0.07768478244543076,0.1316862255334854,6.4398298263549805,-0.05792204290628433,0.8048311471939087,-0.006859372468898853,0.7280704975128174,-0.2601194381713867,-0.32160794734954834,0.8779414892196655,-0.9956554770469666,21.75119972229004,False,0.0,0.08200711011886597,0.05323348939418793,0.7724708914756775,0.0,-0.003679904341697693,0.0035784190893173168,-0.01,-0.010101485252380377,0.0004816553555428982,False,False,recovery,-0.9956554770469666,210,False,False,21.499999999998963,-0.3679904341697693,-0.0,0.0,0.0,0.0,0.0,0.0,-0.0,0.17405852558006352,0.0,-0.0,0.0,0.08334935844833406
0.04311862960457802,0.13340447843074799,6.647793292999268,-0.06426391005516052,0.8030099272727966,-0.013300362794095487,0.7924749851226807,-0.1582617163658142,-0.36971890926361084,0.8803466558456421,-0.9823034405708313,21.75119972229004,False,0.0,0.08200711011886597,0.05323348939418793,0.7724708914756775,0.0,-0.003911914229393005,0.003782033622264855,-0.01,-0.01012988060712815,0.0007740063592791557,False,False,recovery,-0.9823034405708313,211,False,False,21.599999999998907,-0.39119142293930054,-0.0,0.0,0.0,0.0,0.0,0.0,-0.0,0.18345714615613684,0.0,-0.0,0.0,0.08781665884867541
0.031931258738040924,0.13319061696529388,6.635254859924316,-0.06524840742349625,0.8018631339073181,-0.011085655754504428,0.8248622417449951,-0.21326786279678345,-0.4633655548095703,0.8364455699920654,-0.6290332674980164,21.75119972229004,False,0.0,0.08200711011886597,0.05323348939418793,0.7724708914756775,0.0,-0.004100574254989624,0.0038342043757438604,-0.01,-0.010266369879245764,0.000485158059746027,False,False,recovery,-0.6290332674980164,212,False,False,21.69999999999885,-0.4100574254989624,-0.0,0.0,0.0,0.0,0.0,0.0,-0.0,0.19305617806144193,0.0,-0.0,0.0,0.09242751477573134
0.0002421704848529771,0.14089222252368927,7.864745616912842,-0.1119505763053894,0.7843440771102905,-0.03182881379121404,0.8328222036361694,-0.18945527076721191,-0.5178192853927612,0.8018395900726318,0.617046594619751,21.75119972229004,False,0.0,0.08200711011886597,0.05323348939418793,0.7724708914756775,0.0,-0.004101424217224121,0.0037540203332901007,-0.01,-0.010347403883934021,0.00049254996702075,False,False,recovery,0.617046594619751,213,False,False,21.799999999998796,-0.4101424217224121,-0.0,0.0,0.0,0.0,0.0,0.0,-0.0,0.20259014502768014,0.0,-0.0,0.0,0.09719364829661595
9.627659892430529e-05,0.14370520412921906,8.203805923461914,-0.12160305678844452,0.7820504307746887,-0.013977376729619134,0.8664638996124268,-0.5729011297225952,-0.48424792289733887,0.02619171142578125,1.0,21.75119972229004,False,0.0,0.08200711011886597,0.05323348939418793,0.7724708914756775,0.0,-0.0032853937149047853,0.0037420803308486905,-0.01,-0.009543313384056095,0.0004845256917178631,False,False,recovery,1.0,214,False,False,21.89999999999874,-0.3285393714904785,-0.0,0.0,0.0,0.0,0.0,0.0,-0.0,0.21219633311833042,0.0,-0.0,0.0,0.10281277284426042
4.380662358016707e-05,0.14761042594909668,8.737178802490234,-0.13578297197818756,0.7799664735794067,-0.014797612978460044,0.8399708271026611,-0.7225427627563477,-0.4804263114929199,-0.5365030169487,1.0,21.75119972229004,False,0.0,0.08200711011886597,0.05323348939418793,0.7724708914756775,0.0,-0.004365659654140473,0.006304796636104587,-0.01,-0.008060863018035887,0.00048756180331110954,False,False,recovery,1.0,215,False,False,21.999999999998685,-0.43656596541404724,-0.0,0.0,0.0,0.0,0.0,0.0,-0.0,0.2270766555223408,0.0,-0.0,0.0,0.10917266810702993
2.007132388825994e-05,0.14987097680568695,9.043365478515625,-0.14346572756767273,0.779208779335022,-0.011341080062126932,0.8647274971008301,-0.8211672306060791,-0.53089839220047,-0.5875012874603271,1.0,21.75119972229004,False,0.0,0.08200711011886597,0.05323348939418793,0.7724708914756775,0.0,-0.005122700333595276,0.010894316434860232,-0.01,-0.004228383898735044,0.0004883310757577419,False,False,recovery,1.0,216,False,False,22.09999999999863,-0.5122700333595276,-0.0,0.0,0.0,0.0,0.0,0.0,-0.0,0.2513790542639657,0.0,-0.0,0.0,0.12056682679838757
2.134143142029643e-05,0.15074396133422852,9.116796493530273,-0.1440177857875824,0.7799866795539856,-0.007002283071930791,0.8445436954498291,-0.8438137769699097,-0.47666990756988525,-0.5738255977630615,1.0,21.75119972229004,False,0.0,0.08200711011886597,0.05323348939418793,0.7724708914756775,0.0,-0.004954414665699005,0.01171782702207566,-0.01,-0.0032365876436233447,0.0004777461290359497,False,False,recovery,1.0,217,False,False,22.199999999998575,-0.4954414665699005,-0.0,0.0,0.0,0.0,0.0,0.0,-0.0,0.27759055448550163,0.0,-0.0,0.0,0.1338408625770518
2.1861147615709342e-05,0.15008260309696198,9.141474723815918,-0.145683154463768,0.7797229886054993,-0.005935894084401032,0.8273012638092041,-0.8249372839927673,-0.4355989694595337,-0.5440570116043091,1.0,21.75119972229004,False,0.0,0.08200711011886597,0.05323348939418793,0.7724708914756775,0.0,-0.004626733958721161,0.010813107490539542,-0.01,-0.003813626468181619,0.0004980801604688168,False,False,recovery,1.0,218,False,False,22.29999999999852,-0.4626733958721161,-0.0,0.0,0.0,0.0,0.0,0.0,-0.0,0.3022392468153251,0.0,-0.0,0.0,0.1464928894489414
2.8090125852031633e-05,0.14937031269073486,9.077054023742676,-0.14340603351593018,0.7807797789573669,-0.0022944998845829184,0.8064115047454834,-0.8395824432373047,-0.39317047595977783,-0.5798016786575317,1.0,21.75119972229004,False,0.0,0.08200711011886597,0.05323348939418793,0.7724708914756775,0.0,-0.004614877700805664,0.009432066679000845,-0.01,-0.00518281102180482,0.0004834970459342003,False,False,recovery,1.0,219,False,False,22.399999999998464,-0.4614877700805664,-0.0,0.0,0.0,0.0,0.0,0.0,-0.0,0.32434693588717145,0.0,-0.0,0.0,0.15755859024278007
3.124395516351797e-05,0.15073323249816895,9.247279167175293,-0.14695757627487183,0.7809720635414124,-0.0043219526339412385,0.7960710525512695,-0.852431058883667,-0.34166717529296875,-0.5952659845352173,1.0,21.75119972229004,False,0.0,0.08200711011886597,0.05323348939418793,0.7724708914756775,0.0,-0.00457861453294754,0.008016819059848773,-0.01,-0.006561795473098767,0.000482811126857996,False,False,recovery,1.0,220,False,False,22.49999999999841,-0.45786145329475403,-0.0,0.0,0.0,0.0,0.0,0.0,-0.0,0.3438186436305414,0.0,-0.0,0.0,0.16733070728232316
2.8922053388669156e-05,0.1505911648273468,9.265466690063477,-0.14752516150474548,0.7810921669006348,-0.0006084453751341156,0.7946850061416626,-0.8736342787742615,-0.27752625942230225,-0.6165945529937744,1.0,21.75119972229004,False,0.0,0.08200711011886597,0.05323348939418793,0.7724708914756775,0.0,-0.004629926681518555,0.005879060626029969,-0.01,-0.008750866055488585,0.0007215747609734535,False,False,recovery,1.0,221,False,False,22.599999999998353,-0.46299266815185547,-0.0,0.0,0.0,0.0,0.0,0.0,-0.0,0.35916856849393963,0.0,-0.0,0.0,0.17495435756545127
3.785212538787164e-05,0.15193268656730652,9.453449249267578,-0.1511378139257431,0.7817775011062622,-0.0007524233819196768,0.787279486656189,-0.8831510543823242,-0.20619535446166992,-0.6267125010490417,1.0,21.75119972229004,False,0.0,0.08200711011886597,0.05323348939418793,0.7724708914756775,0.0,-0.004587624669075013,0.0031108704209327764,-0.01,-0.011476754248142236,0.0004944559186697006,False,False,recovery,1.0,222,False,False,22.699999999998298,-0.4587624669075012,-0.0,0.0,0.0,0.0,0.0,0.0,-0.0,0.3690810487828292,0.0,-0.0,0.0,0.1799528997223396
1.7291822587139904e-05,0.15400958061218262,9.739378929138184,-0.15960009396076202,0.779816210269928,-0.0051390959450991576,0.7430915832519531,-0.8831748366355896,-0.12591975927352905,-0.7062722444534302,1.0,21.75119972229004,False,0.0,0.08200711011886597,0.05323348939418793,0.7724708914756775,0.0,-0.004617148041725159,0.00032947510480879627,-0.01,-0.014287672936916362,0.0004788357764482498,False,False,recovery,1.0,223,False,False,22.799999999998242,-0.46171480417251587,-0.0,0.0,0.0,0.0,0.0,0.0,-0.0,0.37347469781386433,0.0,-0.0,0.0,0.182120200865207
2.8984126402065158e-05,0.1548645943403244,9.955957412719727,-0.16330808401107788,0.7817505598068237,0.00343937279542462,0.6975672245025635,-0.8921071887016296,-0.12464821338653564,-0.7738187313079834,1.0,21.75119972229004,False,0.0,0.08200711011886597,0.05323348939418793,0.7724708914756775,0.0,-0.004741969406604767,-0.001877788305282596,-0.01,-0.016619757711887364,0.0004849839024245739,False,False,recovery,1.0,224,False,False,22.899999999998187,-0.4741969406604767,-0.0,0.0,0.0,0.0,0.0,0.0,-0.0,0.3734536662247565,0.0,-0.0,0.0,0.1819848637057735
2.8866999855381437e-05,0.15411412715911865,9.780961036682129,-0.15912383794784546,0.7814353704452515,0.012962783930910328,0.6183592081069946,-0.8608630895614624,-0.08583176136016846,-0.751063883304596,1.0,21.75119972229004,False,0.0,0.08200711011886597,0.05323348939418793,0.7724708914756775,0.0,-0.004237293601036072,-0.004490583837032325,-0.01,-0.018727877438068398,0.0004916400648653507,False,False,recovery,1.0,225,False,False,22.99999999999813,-0.4237293601036072,-0.0,0.0,0.0,0.0,0.0,0.0,-0.0,0.36815399403558446,0.0,-0.0,0.0,0.17983970341675615
4.044067827635445e-05,0.15577010810375214,9.840248107910156,-0.15904276072978973,0.7816390991210938,0.010115387602582975,0.4734816551208496,-0.7673221826553345,0.07033109664916992,-0.5016874074935913,1.0,21.75119972229004,False,0.0,0.08200711011886597,0.05323348939418793,0.7724708914756775,0.0,-0.0026740121841430666,-0.007554808557033527,-0.01,-0.020228820741176594,0.0004839492030441761,False,False,recovery,1.0,226,False,False,23.099999999998076,-0.26740121841430664,-0.0,0.0,0.0,0.0,0.0,0.0,-0.0,0.3566104800828531,0.0,-0.0,0.0,0.1756312278572835
3.4709177270997316e-05,0.15535522997379303,9.680858612060547,-0.1554071009159088,0.780907928943634,0.011383485120611091,0.3189312219619751,-0.6445426344871521,0.13732028007507324,-0.2882919907569885,1.0,21.75119972229004,False,0.0,0.08200711011886597,0.05323348939418793,0.7724708914756775,0.0,-0.0015478035807609558,-0.00981739759445191,-0.01,-0.021365201175212865,0.000494035892188549,False,False,recovery,1.0,227,False,False,23.19999999999802,-0.15478035807609558,-0.0,0.0,0.0,0.0,0.0,0.0,-0.0,0.34037952227479285,0.0,-0.0,0.0,0.16864195755663547
8.801532385405153e-05,0.15543623268604279,9.701699256896973,-0.15465021133422852,0.782209038734436,0.00578923866828074,0.11033320426940918,-0.48130595684051514,0.15819597244262695,-0.22429174184799194,1.0,21.75119972229004,False,0.0,0.08200711011886597,0.05323348939418793,0.7724708914756775,0.0,-0.00079790398478508,-0.009146953225135812,-0.01,-0.019944857209920893,0.0004891939461231232,False,False,recovery,1.0,228,False,False,23.299999999997965,-0.079790398478508,-0.0,0.0,0.0,0.0,0.0,0.0,-0.0,0.32533904938972524,0.0,-0.0,0.0,0.16187162071007755
7.772199023747817e-05,0.15509076416492462,9.475884437561035,-0.14881522953510284,0.7816150784492493,0.007180518927970602,-0.044520020484924316,-0.34079164266586304,0.15877461433410645,-0.3552534580230713,1.0,21.75119972229004,False,0.0,0.08200711011886597,0.05323348939418793,0.7724708914756775,0.0,-0.0006738384068012237,-0.005946271717548385,-0.01,-0.016620110124349607,0.00048346444964408875,False,False,recovery,1.0,229,False,False,23.39999999999791,-0.06738384068012238,-0.0,0.0,0.0,0.0,0.0,0.0,-0.0,0.3166126103482444,0.0,-0.0,0.0,0.15763246676732098
0.00012582825729623437,0.1536230742931366,9.394872665405273,-0.14720405638217926,0.7822635769844055,0.002343972860106458,-0.07438337802886963,-0.2851717472076416,0.15101730823516846,-0.2921474575996399,1.0,21.75119972229004,False,0.0,0.08200711011886597,0.05323348939418793,0.7724708914756775,0.0,-0.000487530454993248,-0.0031834053993225198,-0.01,-0.013670935854315768,0.0004986547864973545,False,False,recovery,1.0,230,False,False,23.499999999997854,-0.0487530454993248,-0.0,0.0,0.0,0.0,0.0,0.0,-0.0,0.31337954967687764,0.0,-0.0,0.0,0.15620224438344557
6.114077405072749e-05,0.15376029908657074,9.107207298278809,-0.1402493715286255,0.7804510593414307,0.0036565868386371873,-0.07761627435684204,-0.23950999975204468,0.13111555576324463,-0.28878819942474365,1.0,21.75119972229004,False,0.0,0.08200711011886597,0.05323348939418793,0.7724708914756775,0.0,-0.00040994811803102494,-0.002697649896144877,-0.01,-0.013107598014175902,0.0007092668674886227,False,False,recovery,1.0,231,False,False,23.5999999999978,-0.04099481180310249,-0.0,0.0,0.0,0.0,0.0,0.0,-0.0,0.31109521158942743,0.0,-0.0,0.0,0.1551376576766827
0.00010276133252773434,0.15449322760105133,9.289815902709961,-0.1440562903881073,0.7813894748687744,-0.008270120892092328,-0.03312861919403076,-0.22851282358169556,0.15248465538024902,-0.150251567363739,1.0,21.75119972229004,False,0.0,0.08200711011886597,0.05323348939418793,0.7724708914756775,0.0,-0.0002478567883372307,-0.0027966332435608032,-0.01,-0.013044490031898035,0.0004897890612483025,False,False,recovery,1.0,232,False,False,23.699999999997743,-0.024785678833723068,-0.0,0.0,0.0,0.0,0.0,0.0,-0.0,0.30858788724324593,0.0,-0.0,0.0,0.15404608683328574
0.00015251028526108712,0.1510612517595291,8.615193367004395,-0.12797094881534576,0.7806681394577026,0.0127310381192052,-0.029492199420928955,-0.19211316108703613,0.12712585926055908,-0.06875145435333252,1.0,21.75119972229004,False,0.0,0.08200711011886597,0.05323348939418793,0.7724708914756775,0.0,-0.00014666250906884671,-0.0035832792520523182,-0.01,-0.013729941761121165,0.0004879268817603588,False,False,recovery,1.0,233,False,False,23.799999999997688,-0.01466625090688467,-0.0,0.0,0.0,0.0,0.0,0.0,-0.0,0.3044659128731805,0.0,-0.0,0.0,0.1520862939275214
0.00024027307517826557,0.15232868492603302,8.663677215576172,-0.12684741616249084,0.7819787263870239,-0.006858278642477081,-0.0280495285987854,-0.1520264744758606,0.11342453956604004,-0.030101776123046875,1.0,21.75119972229004,False,0.0,0.08200711011886597,0.05323348939418793,0.7724708914756775,0.0,-9.417517110705376e-05,-0.0035698983073234603,-0.01,-0.013664073478430514,0.0004895268939435482,False,False,recovery,1.0,234,False,False,23.899999999997632,-0.009417517110705376,-0.0,0.0,0.0,0.0,0.0,0.0,-0.0,0.3003294261049462,0.0,-0.0,0.0,0.15007053788136604
0.0002479599497746676,0.15040750801563263,8.555316925048828,-0.12564347684383392,0.7818530201911926,-0.010544193599033427,-0.0073615312576293945,-0.12292671203613281,0.046913743019104004,0.08233880996704102,1.0,21.75119972229004,False,0.0,0.08200711011886597,0.05323348939418793,0.7724708914756775,0.0,-6.03643711656332e-05,-0.003478730022907245,-0.01,-0.013539094394072878,0.0004934747703373432,False,False,recovery,1.0,235,False,False,23.999999999997577,-0.00603643711656332,-0.0,0.0,0.0,0.0,0.0,0.0,-0.0,0.2963352916419639,0.0,-0.0,0.0,0.14810728144981633
0.001140083884820342,0.1519881933927536,8.990702629089355,-0.13299575448036194,0.7859816551208496,-0.014561052243767289,-0.019546687602996826,-0.10752207040786743,0.0010864734649658203,0.060633063316345215,1.0,21.75119972229004,False,0.0,0.08200711011886597,0.05323348939418793,0.7724708914756775,0.0,-3.905154531821609e-05,-0.003564561903476704,-0.01,-0.01360361344879492,0.0004786048084497452,False,False,recovery,1.0,236,False,False,24.09999999999752,-0.0039051545318216085,-0.0,0.0,0.0,0.0,0.0,0.0,-0.0,0.2921273992499325,0.0,-0.0,0.0,0.14602464807964802
0.00041149763274006546,0.14947105944156647,8.693361282348633,-0.1291259378194809,0.783448338508606,-0.014475004435287335,-0.025785326957702637,-0.07672500610351562,-0.21789252758026123,0.09312522411346436,0.9999998807907104,21.75119972229004,False,0.0,0.08200711011886597,0.05323348939418793,0.7724708914756775,0.0,-0.00015675267204642295,-0.003168404996395119,-0.01,-0.013325157668441542,0.0004943683743476868,False,False,recovery,0.9999998807907104,237,False,False,24.199999999997466,-0.015675267204642296,-0.0,0.0,0.0,0.0,0.0,0.0,-0.0,0.28867736573775515,0.0,-0.0,0.0,0.14418193019683115
0.00037378439446911216,0.14953142404556274,8.597957611083984,-0.12583334743976593,0.7838184833526611,-0.012290491862887692,-0.014713406562805176,-0.06398701667785645,-0.2051626443862915,0.0955040454864502,1.0,21.75119972229004,False,0.0,0.08200711011886597,0.05323348939418793,0.7724708914756775,0.0,-0.00013880889862775804,-0.0029270106554031283,-0.01,-0.013065819554030886,0.0005001290701329708,False,False,recovery,1.0,238,False,False,24.29999999999741,-0.013880889862775803,-0.0,0.0,0.0,0.0,0.0,0.0,-0.0,0.2856801871264296,0.0,-0.0,0.0,0.14270128466458706
0.0003680833033286035,0.14542220532894135,8.158660888671875,-0.11719077825546265,0.7833913564682007,-0.010668818804272067,0.030836105346679688,-0.025785386562347412,-0.526991605758667,0.10979115962982178,0.9999997615814209,21.75119972229004,False,0.0,0.08200711011886597,0.05323348939418793,0.7724708914756775,0.0,-0.0007284750044345855,-0.0027564778923988287,-0.01,-0.013484952896833415,0.00048055220395326614,False,False,recovery,0.9999997615814209,239,False,False,24.399999999997355,-0.07284750044345856,-0.0,0.0,0.0,0.0,0.0,0.0,-0.0,0.2829971624608757,0.0,-0.0,0.0,0.14077010622600325
0.0011127986945211887,0.142633855342865,8.26378345489502,-0.11890821158885956,0.787615954875946,-0.014825494069144551,0.0029679536819458008,0.0768822431564331,-0.7628320455551147,0.5327858924865723,0.999997615814209,21.75119972229004,False,0.0,0.08200711011886597,0.05323348939418793,0.7724708914756775,0.0,-0.0021792331337928774,-0.002959240972995769,-0.01,-0.015138474106788646,0.0004862821660935879,False,False,recovery,0.999997615814209,240,False,False,24.4999999999973,-0.21792331337928772,-0.0,0.0,0.0,0.0,0.0,0.0,-0.0,0.2798774829087015,0.0,-0.0,0.0,0.1377595083205579
0.0005736327730119228,0.14247842133045197,8.53406810760498,-0.12789027392864227,0.7868978381156921,-0.03515878480006753,-0.07534903287887573,0.11146950721740723,-0.6495806574821472,0.18939244747161865,0.6107747554779053,21.75119972229004,False,0.0,0.08200711011886597,0.05323348939418793,0.7724708914756775,0.0,-0.0011898186057806015,-0.0029098895192146423,-0.01,-0.014099708124995244,0.0007489160634577274,False,False,recovery,0.6107747554779053,241,False,False,24.599999999997245,-0.11898186057806015,-0.0,0.0,0.0,0.0,0.0,0.0,-0.0,0.2768260169120633,0.0,-0.0,0.0,0.13722318985025106
0.000978955184109509,0.1421034336090088,8.104635238647461,-0.11403129994869232,0.7882488369941711,-0.010926029694246338,-0.05828779935836792,0.01845526695251465,-0.6867653131484985,0.2269381284713745,0.9989110231399536,21.75119972229004,False,0.0,0.08200711011886597,0.05323348939418793,0.7724708914756775,0.0,-0.0013172139227390289,-0.0015352803468704213,-0.01,-0.01285249426960945,0.0005095968954265118,False,False,recovery,0.9989110231399536,242,False,False,24.69999999999719,-0.1317213922739029,-0.0,0.0,0.0,0.0,0.0,0.0,-0.0,0.2765205784427668,0.0,-0.0,0.0,0.13694307529864436
0.002612661337479949,0.13685870170593262,7.658023357391357,-0.10245959460735321,0.7916669249534607,-0.016347808274096445,-0.07041549682617188,0.1720261573791504,-0.7822221517562866,0.6286675930023193,0.9987219572067261,21.75119972229004,False,0.0,0.08200711011886597,0.05323348939418793,0.7724708914756775,0.0,-0.0026041144132614136,-0.0027895155549049477,-0.01,-0.015393629968166362,0.0004870183765888214,False,False,recovery,0.9987219572067261,243,False,False,24.799999999997134,-0.26041144132614136,-0.0,0.0,0.0,0.0,0.0,0.0,-0.0,0.27367837972425546,0.0,-0.0,0.0,0.13423507544886631
0.8353562355041504,0.12875032424926758,6.8711347579956055,-0.0631023496389389,0.8155258893966675,0.886388944655707,-0.08331805467605591,0.27013862133026123,-0.4881419539451599,0.057801246643066406,-0.2663586139678955,21.75119972229004,False,0.0,0.08200711011886597,0.05323348939418793,0.7724708914756775,0.0,-0.0008038508147001266,-0.0018631494045257546,-0.01,-0.012667000219225882,0.00049221096560359,False,False,recovery,-0.2663586139678955,244,False,False,24.89999999999708,-0.08038508147001266,-0.0,0.0,0.0,0.0,0.0,0.0,-0.0,0.27267883795966497,0.0,-0.0,0.0,0.13553556816513235
0.9768229722976685,0.12049294263124466,6.186227798461914,-0.03964946046471596,0.8266889452934265,0.00439759134925163,-0.2947505712509155,0.9972267150878906,-0.726226806640625,0.5294802188873291,-1.0,21.75119972229004,False,0.0,0.08200711011886597,0.05323348939418793,0.7724708914756775,0.0,-0.004722734391689301,0.003995471596717842,-0.01,-0.010727262794971458,0.0004906188696622849,False,False,recovery,-1.0,245,False,False,24.999999999997023,-0.47227343916893005,-0.0,0.0,0.0,0.0,0.0,0.0,-0.0,0.283504792899273,0.0,-0.0,0.0,0.1370296620579472
0.9936936497688293,0.11642245203256607,5.941417217254639,-0.028566710650920868,0.83449786901474,-0.011977069393721767,-0.20335280895233154,0.9969344139099121,-0.925278902053833,0.4847886562347412,-1.0,21.75119972229004,False,0.0,0.08200711011886597,0.05323348939418793,0.7724708914756775,0.0,-0.00531597912311554,0.007301143705844865,-0.01,-0.008014835417270674,0.0004903548397123814,False,False,recovery,-1.0,246,False,False,25.099999999996967,-0.531597912311554,-0.0,0.0,0.0,0.0,0.0,0.0,-0.0,0.30111836948820736,0.0,-0.0,0.0,0.14524320562098814
0.9934574961662292,0.11523712426424026,5.73652982711792,-0.021301161497831345,0.8368021249771118,-0.017110566066779454,-0.17167001962661743,0.9983530044555664,-0.9019896388053894,0.42708873748779297,-1.0,21.75119972229004,False,0.0,0.08200711011886597,0.05323348939418793,0.7724708914756775,0.0,-0.005055423378944397,0.0067740523815154885,-0.01,-0.00828137099742891,0.0004764650948345661,False,False,recovery,-1.0,247,False,False,25.199999999996912,-0.5055423378944397,-0.0,0.0,0.0,0.0,0.0,0.0,-0.0,0.31784492881866055,0.0,-0.0,0.0,0.15386704103038587
0.9950535893440247,0.11370562016963959,5.901638031005859,-0.02168794348835945,0.8429000973701477,-0.02818918309901939,-0.19639497995376587,0.997870683670044,-0.8203983902931213,0.4452335834503174,-1.0,21.75119972229004,False,0.0,0.08200711011886597,0.05323348939418793,0.7724708914756775,0.0,-0.004764008522033692,0.005699576735496509,-0.01,-0.009064431786537184,0.0004833550192415714,False,False,recovery,-1.0,248,False,False,25.299999999996857,-0.47640085220336914,-0.0,0.0,0.0,0.0,0.0,0.0,-0.0,0.3325698034098963,0.0,-0.0,0.0,0.16152089318291446
0.996453046798706,0.11288556456565857,5.746274948120117,-0.014602351933717728,0.8461448550224304,-0.016105221236734416,-0.2551330327987671,0.9931290149688721,-0.6588255763053894,0.31226086616516113,-1.0,21.75119972229004,False,0.0,0.08200711011886597,0.05323348939418793,0.7724708914756775,0.0,-0.003957390189170838,0.00465744435787202,-0.01,-0.009299945831298818,0.00048649031668901443,False,False,recovery,-1.0,249,False,False,25.3999999999968,-0.39573901891708374,-0.0,0.0,0.0,0.0,0.0,0.0,-0.0,0.34533813364681765,0.0,-0.0,0.0,0.16871167663423797
0.9953000545501709,0.1121814101934433,5.817397117614746,-0.019246425479650497,0.844338595867157,-0.03344556388890662,-0.29950833320617676,0.9950032234191895,-0.4309297800064087,0.26834774017333984,-1.0,21.75119972229004,False,0.0,0.08200711011886597,0.05323348939418793,0.7724708914756775,0.0,-0.0033436191082000734,0.004554981887340548,-0.01,-0.008788637220859525,0.0004929257556796074,False,False,recovery,-1.0,250,False,False,25.499999999996746,-0.3343619108200073,-0.0,0.0,0.0,0.0,0.0,0.0,-0.0,0.35802822559737635,0.0,-0.0,0.0,0.1756704936904881
0.9963801503181458,0.11105164885520935,5.633284091949463,-0.009638216346502304,0.8495531678199768,-0.010675023076884997,-0.3597681522369385,0.9351550340652466,-0.1405731439590454,0.04929184913635254,-1.0,21.75119972229004,False,0.0,0.08200711011886597,0.05323348939418793,0.7724708914756775,0.0,-0.002565346658229828,0.004609370827674875,-0.01,-0.007955975830554953,0.0007135681807994843,False,False,recovery,-1.0,251,False,False,25.59999999999669,-0.2565346658229828,-0.0,0.0,0.0,0.0,0.0,0.0,-0.0,0.3709566704576559,0.0,-0.0,0.0,0.18291298857059812
0.9946229457855225,0.10911563038825989,5.230546474456787,-0.0006129182875156403,0.8484323620796204,-0.011436419570161513,-0.36458951234817505,0.9885196685791016,-0.0033943653106689453,0.19398033618927002,-1.0,21.75119972229004,False,0.0,0.08200711011886597,0.05323348939418793,0.7724708914756775,0.0,-0.0028693416714668275,0.004377144873142252,-0.01,-0.008492196798324575,0.00048287585377693176,False,False,recovery,-1.0,252,False,False,25.699999999996635,-0.28693416714668274,-0.0,0.0,0.0,0.0,0.0,0.0,-0.0,0.3835463252725363,0.0,-0.0,0.0,0.18890382096480132
0.9972621202468872,0.1074507087469101,5.110666751861572,0.006509050726890564,0.8536228537559509,-0.014057755682349599,-0.29468727111816406,0.947340726852417,-0.15154701471328735,0.2272639274597168,-1.0,21.75119972229004,False,0.0,0.08200711011886597,0.05323348939418793,0.7724708914756775,0.0,-0.002647275924682617,0.0005852657556533747,-0.01,-0.012062010169029243,0.0004916968755424023,False,False,recovery,-1.0,253,False,False,25.79999999999658,-0.2647275924682617,-0.0,0.0,0.0,0.0,0.0,0.0,-0.0,0.3886028736135906,0.0,-0.0,0.0,0.19165416088211268
0.996466875076294,0.10687679052352905,4.917825222015381,0.01133652776479721,0.8532389998435974,-0.01787497480104433,-0.1850959062576294,0.9466145038604736,-0.24685704708099365,0.28325748443603516,-1.0,21.75119972229004,False,0.0,0.08200711011886597,0.05323348939418793,0.7724708914756775,0.0,-0.002678781747817993,-0.0028559657931327975,-0.01,-0.015534747540950791,0.0004744059406220913,False,False,recovery,-1.0,254,False,False,25.899999999996524,-0.2678781747817993,-0.0,0.0,0.0,0.0,0.0,0.0,-0.0,0.3867585982975339,0.0,-0.0,0.0,0.19070051740094895
0.9964409470558167,0.10636535286903381,4.515100002288818,0.024420972913503647,0.8547531366348267,-0.003015643290544743,-0.16907548904418945,0.88508141040802,-0.3773903250694275,0.23709678649902344,-1.0,21.75119972229004,False,0.0,0.08200711011886597,0.05323348939418793,0.7724708914756775,0.0,-0.002526484727859497,-0.005451501607894899,-0.01,-0.017977986335754398,0.00048691779375076294,False,False,recovery,-1.0,255,False,False,25.99999999999647,-0.2526484727859497,-0.0,0.0,0.0,0.0,0.0,0.0,-0.0,0.37965198884718987,0.0,-0.0,0.0,0.18729950969573544
0.9973418116569519,0.10632732510566711,4.5417046546936035,0.02278473600745201,0.8539530634880066,-0.029336143355457207,-0.1578407883644104,0.9111417531967163,-0.3740045428276062,0.2731208801269531,-1.0,21.75119972229004,False,0.0,0.08200711011886597,0.05323348939418793,0.7724708914756775,0.0,-0.0026739186048507693,-0.006919655799865726,-0.01,-0.019593574404716495,0.00047547463327646255,False,False,recovery,-1.0,256,False,False,26.099999999996413,-0.2673918604850769,-0.0,0.0,0.0,0.0,0.0,0.0,-0.0,0.36950774791929,0.0,-0.0,0.0,0.1820799553547942
0.9968974590301514,0.10569068789482117,4.110447883605957,0.03854985162615776,0.857417106628418,0.00290191329964558,-0.21146464347839355,0.8286733627319336,-0.5046427845954895,0.09631919860839844,-1.0,21.75119972229004,False,0.0,0.08200711011886597,0.05323348939418793,0.7724708914756775,0.0,-0.0024883964657783507,-0.007424500584602367,-0.01,-0.01991289705038072,0.00048572802916169167,False,False,recovery,-1.0,257,False,False,26.199999999996358,-0.24883964657783508,-0.0,0.0,0.0,0.0,0.0,0.0,-0.0,0.3582413150124728,0.0,-0.0,0.0,0.17663226104045804
0.9973559379577637,0.10489670932292938,3.837217092514038,0.04675757512450218,0.8582218885421753,-0.01107963121072249,-0.22359907627105713,0.9557836055755615,-0.3993638753890991,0.21758604049682617,-1.0,21.75119972229004,False,0.0,0.08200711011886597,0.05323348939418793,0.7724708914756775,0.0,-0.0029258853197097778,-0.007348960340023053,-0.01,-0.02027484565973283,0.00048002414405345917,False,False,recovery,-1.0,258,False,False,26.299999999996302,-0.2925885319709778,-0.0,0.0,0.0,0.0,0.0,0.0,-0.0,0.34701351950824566,0.0,-0.0,0.0,0.17058087443441305
0.9964312314987183,0.10443707555532455,3.666006088256836,0.05098068341612816,0.8577682971954346,-0.01870827620935099,-0.17124569416046143,0.9396886825561523,-0.47311753034591675,0.13710296154022217,-1.0,21.75119972229004,False,0.0,0.08200711011886597,0.05323348939418793,0.7724708914756775,0.0,-0.0028874433040618898,-0.009361397325992588,-0.01,-0.02224884063005448,0.00048306025564670563,False,False,recovery,-1.0,259,False,False,26.399999999996247,-0.28874433040618896,-0.0,0.0,0.0,0.0,0.0,0.0,-0.0,0.33160668945069605,0.0,-0.0,0.0,0.16291590142128615
0.9968554973602295,0.10413714498281479,3.854118585586548,0.060005296021699905,0.8591926097869873,-0.009236935024536975,-0.2360999584197998,0.9450273513793945,-0.5380755066871643,0.18871748447418213,-1.0,21.75119972229004,False,0.0,0.08200711011886597,0.05323348939418793,0.7724708914756775,0.0,-0.003184898793697357,-0.009790480434894555,-0.01,-0.022975379228591913,0.00048127397894859314,False,False,recovery,-1.0,260,False,False,26.49999999999619,-0.3184898793697357,-0.0,0.0,0.0,0.0,0.0,0.0,-0.0,0.3151776719468584,0.0,-0.0,0.0,0.15440393717973186
0.9957757592201233,0.10437232255935669,4.02733850479126,0.06494572758674622,0.8592135906219482,-0.01750841580164467,-0.21189165115356445,0.9484848976135254,-0.5811464190483093,0.1519789695739746,-1.0,21.75119972229004,False,0.0,0.08200711011886597,0.05323348939418793,0.7724708914756775,0.0,-0.0032633760571479796,-0.010709680914878839,-0.01,-0.02397305697202682,0.0007097828201949596,False,False,recovery,-1.0,261,False,False,26.599999999996136,-0.326337605714798,-0.0,0.0,0.0,0.0,0.0,0.0,-0.0,0.2967255319568516,0.0,-0.0,0.0,0.1450993899212778
0.9970620274543762,0.10442932695150375,4.1696014404296875,0.06872440874576569,0.8596457839012146,-0.020064714158531116,-0.2581273317337036,0.9566745758056641,-0.5990675687789917,0.18970823287963867,-1.0,21.75119972229004,False,0.0,0.08200711011886597,0.05323348939418793,0.7724708914756775,0.0,-0.0034418177604675295,-0.010993216633796682,-0.01,-0.024435034394264213,0.0004841107875108719,False,False,recovery,-1.0,262,False,False,26.69999999999608,-0.34418177604675293,-0.0,0.0,0.0,0.0,0.0,0.0,-0.0,0.27751416375727045,0.0,-0.0,0.0,0.1353152641181677
0.9945861101150513,0.1044442355632782,4.356680870056152,0.07394716143608093,0.8600205183029175,-0.016963042321770337,-0.27716851234436035,0.9581398963928223,-0.5676401257514954,0.24411439895629883,-1.0,21.75119972229004,False,0.0,0.08200711011886597,0.05323348939418793,0.7724708914756775,0.0,-0.003441654145717621,-0.011732043325901026,-0.01,-0.02517369747161865,0.0004848442040383816,False,False,recovery,-1.0,263,False,False,26.799999999996025,-0.3441654145717621,-0.0,0.0,0.0,0.0,0.0,0.0,-0.0,0.25661622502254844,0.0,-0.0,0.0,0.1248664583655566
0.9960762858390808,0.104079470038414,4.574395656585693,0.08052097260951996,0.8603429198265076,-0.013936682927743789,-0.2904481887817383,0.9565918445587158,-0.5459858179092407,0.2879377603530884,-1.0,21.75119972229004,False,0.0,0.08200711011886597,0.05323348939418793,0.7724708914756775,0.0,-0.0034510919451713564,-0.012170580327510838,-0.01,-0.025621672272682194,0.0004849359393119812,False,False,recovery,-1.0,264,False,False,26.89999999999597,-0.3451091945171356,-0.0,0.0,0.0,0.0,0.0,0.0,-0.0,0.2346212943262339,0.0,-0.0,0.0,0.1138595552179456
0.9971293807029724,0.10390433669090271,4.513304233551025,0.07706891000270844,0.8621373772621155,-0.0359050302107104,-0.31106460094451904,0.956719160079956,-0.5425329804420471,0.3412541151046753,-1.0,21.75119972229004,False,0.0,0.08200711011886597,0.05323348939418793,0.7724708914756775,0.0,-0.0035571730136871337,-0.012207359969615944,-0.01,-0.025764532983303078,0.0004931939765810966,False,False,recovery,-1.0,265,False,False,26.999999999995914,-0.3557173013687134,-0.0,0.0,0.0,0.0,0.0,0.0,-0.0,0.2123298416903553,0.0,-0.0,0.0,0.10260774783149051
0.9961787462234497,0.10345280915498734,4.9617767333984375,0.09039865434169769,0.8627133369445801,0.0008886490009139252,-0.3423548936843872,0.9621601104736328,-0.5132713317871094,0.439713716506958,-1.0,21.75119972229004,False,0.0,0.08200711011886597,0.05323348939418793,0.7724708914756775,0.0,-0.0037493866682052615,-0.012173823714256293,-0.01,-0.025923210382461558,0.0004798267036676407,False,False,recovery,-1.0,266,False,False,27.09999999999586,-0.3749386668205261,-0.0,0.0,0.0,0.0,0.0,0.0,-0.0,0.1898810060965992,0.0,-0.0,0.0,0.09119111638009433
0.99641352891922,0.1024472713470459,5.189375877380371,0.0966380387544632,0.8643074631690979,-0.01499150416296403,-0.35922884941101074,0.9536890983581543,-0.5606277585029602,0.5435757637023926,-1.0,21.75119972229004,False,0.0,0.08200711011886597,0.05323348939418793,0.7724708914756775,0.0,-0.004120866060256958,-0.01177199482917786,-0.01,-0.02589286088943482,0.0004933439195156097,False,False,recovery,-1.0,267,False,False,27.199999999995804,-0.4120866060256958,-0.0,0.0,0.0,0.0,0.0,0.0,-0.0,0.16801717985436937,0.0,-0.0,0.0,0.07988772386692773
0.996863842010498,0.1039491593837738,5.194252967834473,0.09585019946098328,0.8637397289276123,-0.031539657459719005,-0.3941391706466675,0.9635602235794067,-0.5390523076057434,0.6372569799423218,-1.0,21.75119972229004,False,0.0,0.08200711011886597,0.05323348939418793,0.7724708914756775,0.0,-0.004451169669628143,-0.010346813499927526,-0.01,-0.02479798316955567,0.000486668199300766,False,False,recovery,-1.0,268,False,False,27.299999999995748,-0.44511696696281433,-0.0,0.0,0.0,0.0,0.0,0.0,-0.0,0.1488116688819,0.0,-0.0,0.0,0.06995466477132185
0.9965589642524719,0.10312120616436005,5.679705619812012,0.1084761917591095,0.8665052652359009,-0.000497014526373336,-0.44326961040496826,0.9833749532699585,-0.41807496547698975,0.7411553859710693,-1.0,21.75119972229004,False,0.0,0.08200711011886597,0.05323348939418793,0.7724708914756775,0.0,-0.004719030559062958,-0.008602085709571841,-0.01,-0.023321116268634798,0.0004832879640161991,False,False,recovery,-1.0,269,False,False,27.399999999995693,-0.4719030559062958,-0.0,0.0,0.0,0.0,0.0,0.0,-0.0,0.13293685619381201,0.0,-0.0,0.0,0.061749397537843045
0.9959261417388916,0.10288018733263016,5.993620872497559,0.11807917058467865,0.8665607571601868,-0.007388360106566889,-0.43766212463378906,0.9962478876113892,-0.4140431880950928,0.7860488891601562,-1.0,21.75119972229004,False,0.0,0.08200711011886597,0.05323348939418793,0.7724708914756775,0.0,-0.004933406412601471,-0.007337287962436677,-0.01,-0.022270694375038147,0.0004956480115652084,False,False,recovery,-1.0,270,False,False,27.499999999995637,-0.4933406412601471,-0.0,0.0,0.0,0.0,0.0,0.0,-0.0,0.11945692807737407,0.0,-0.0,0.0,0.054795057626085567
0.9960421323776245,0.10266653448343277,6.154835224151611,0.12154704332351685,0.8681429624557495,-0.022230544781791695,-0.42965102195739746,0.9977869987487793,-0.33718156814575195,0.8324997425079346,-1.0,21.75119972229004,False,0.0,0.08200711011886597,0.05323348939418793,0.7724708914756775,0.0,-0.004967315495014191,-0.006459227800369262,-0.01,-0.021426543295383453,0.0007739677093923092,False,False,recovery,-1.0,271,False,False,27.599999999995582,-0.49673154950141907,-0.0,0.0,0.0,0.0,0.0,0.0,-0.0,0.10761457710066746,0.0,-0.0,0.0,0.04883997305531954
0.9958815574645996,0.10254407674074173,6.651634216308594,0.1366821974515915,0.8680342435836792,0.0070662826514000885,-0.3804563283920288,0.9990401268005371,-0.21663552522659302,0.8771411180496216,-1.0,21.75119972229004,False,0.0,0.08200711011886597,0.05323348939418793,0.7724708914756775,0.0,-0.0048978391289711,-0.005816450715065001,-0.01,-0.020714289844036102,0.0004818192683160305,False,False,recovery,-1.0,272,False,False,27.699999999995526,-0.48978391289711,-0.0,0.0,0.0,0.0,0.0,0.0,-0.0,0.09695116349996113,0.0,-0.0,0.0,0.04357774262100947
0.9957993626594543,0.10303562134504318,6.6811418533325195,0.1374833583831787,0.8676267862319946,-0.02918485974792362,-0.3658027648925781,0.9991581439971924,-0.2296696901321411,0.9018735885620117,-1.0,21.75119972229004,False,0.0,0.08200711011886597,0.05323348939418793,0.7724708914756775,0.0,-0.0049956321716308595,-0.005291153490543363,-0.01,-0.02028678566217422,0.00048800231888890266,False,False,recovery,-1.0,273,False,False,27.79999999999547,-0.49956321716308594,-0.0,0.0,0.0,0.0,0.0,0.0,-0.0,0.08724124721559379,0.0,-0.0,0.0,0.03862499143616603
0.9975330829620361,0.10250725597143173,6.859041213989258,0.14191661775112152,0.8690588474273682,-0.019820923164433596,-0.32175397872924805,0.9996345043182373,-0.12129944562911987,0.9327881336212158,-1.0,21.75119972229004,False,0.0,0.08200711011886597,0.05323348939418793,0.7724708914756775,0.0,-0.0049690049886703495,-0.004839545786380767,-0.01,-0.019808550775051115,0.00048726843670010567,False,False,recovery,-1.0,274,False,False,27.899999999995416,-0.4969004988670349,-0.0,0.0,0.0,0.0,0.0,0.0,-0.0,0.07834558511945566,0.0,-0.0,0.0,0.03420378757105748
0.996039628982544,0.10226210951805115,6.972644329071045,0.14538516104221344,0.8692435622215271,-0.022322601052805056,-0.2734980583190918,0.9998395442962646,-0.0006789565086364746,0.9514939785003662,-1.0,21.75119972229004,False,0.0,0.08200711011886597,0.05323348939418793,0.7724708914756775,0.0,-0.004949553906917572,-0.0043940746784210186,-0.01,-0.01934362858533859,0.000506244134157896,False,False,recovery,-1.0,275,False,False,27.99999999999536,-0.4949553906917572,-0.0,0.0,0.0,0.0,0.0,0.0,-0.0,0.07026006438588261,0.0,-0.0,0.0,0.030180478286023736
0.9957173466682434,0.101930171251297,7.329591274261475,0.1557389199733734,0.8699301481246948,-0.004311422711123339,-0.26363837718963623,0.999896764755249,0.045442938804626465,0.9660600423812866,-1.0,21.75119972229004,False,0.0,0.08200711011886597,0.05323348939418793,0.7724708914756775,0.0,-0.005011588931083679,-0.003980683088302614,-0.01,-0.018992272019386296,0.00047484925016760826,False,False,recovery,-1.0,276,False,False,28.099999999995305,-0.5011588931083679,-0.0,0.0,0.0,0.0,0.0,0.0,-0.0,0.062927890923975,0.0,-0.0,0.0,0.026452356530903817
0.9952320456504822,0.10206814110279083,7.260936737060547,0.15236768126487732,0.8711037635803223,-0.04064509330887206,-0.26479554176330566,0.9999126195907593,0.06573629379272461,0.9720761775970459,-1.0,21.75119972229004,False,0.0,0.08200711011886597,0.05323348939418793,0.7724708914756775,0.0,-0.005047988295555115,-0.0036179116368293754,-0.01,-0.01866589993238449,0.00048433803021907806,False,False,recovery,-1.0,277,False,False,28.19999999999525,-0.5047988295555115,-0.0,0.0,0.0,0.0,0.0,0.0,-0.0,0.05625466462767337,0.0,-0.0,0.0,0.02307934401828157
0.9953252077102661,0.1026916354894638,7.25401496887207,0.15305157005786896,0.8695887327194214,-0.030062099707177437,-0.282662034034729,0.9999364614486694,0.23005342483520508,0.9768483638763428,-1.0,21.75119972229004,False,0.0,0.08200711011886597,0.05323348939418793,0.7724708914756775,0.0,-0.0052173203229904175,-0.0032868173718452465,-0.01,-0.018504137694835665,0.00048371776938438416,False,False,recovery,-1.0,278,False,False,28.299999999995194,-0.5217320322990417,-0.0,0.0,0.0,0.0,0.0,0.0,-0.0,0.05018284731322775,0.0,-0.0,0.0,0.01987410333362346
0.9954223036766052,0.10220885276794434,7.31870698928833,0.15407708287239075,0.8709867596626282,-0.029362883277106157,-0.33816075325012207,0.9999474287033081,0.33095502853393555,0.9806005954742432,-1.0,21.75119972229004,False,0.0,0.08200711011886597,0.05323348939418793,0.7724708914756775,0.0,-0.005463390946388245,-0.002992748916149139,-0.01,-0.018456139862537385,0.0004851291887462139,False,False,recovery,-1.0,279,False,False,28.39999999999514,-0.5463390946388245,-0.0,0.0,0.0,0.0,0.0,0.0,-0.0,0.0446437856705062,0.0,-0.0,0.0,0.016858501888864855
0.9955388903617859,0.10257292538881302,7.413699626922607,0.15636369585990906,0.871185839176178,-0.026277522917563745,-0.41170573234558105,0.9999532699584961,0.3616126775741577,0.9788869619369507,-1.0,21.75119972229004,False,0.0,0.08200711011886597,0.05323348939418793,0.7724708914756775,0.0,-0.005645979046821594,-0.002736277282238006,-0.01,-0.0183822563290596,0.0004817601293325424,False,False,recovery,-1.0,280,False,False,28.499999999995083,-0.5645979046821594,-0.0,0.0,0.0,0.0,0.0,0.0,-0.0,0.03956689999244456,0.0,-0.0,0.0,0.014137470949400686
0.9931136965751648,0.10234751552343369,7.637760162353516,0.16379128396511078,0.8707054853439331,-0.01271995788776194,-0.46856600046157837,0.9999589920043945,0.3970683813095093,0.9782538414001465,-1.0,21.75119972229004,False,0.0,0.08200711011886597,0.05323348939418793,0.7724708914756775,0.0,-0.00583528995513916,-0.0024954524636268613,-0.01,-0.01833074241876602,0.0007672463543713093,False,False,recovery,-1.0,281,False,False,28.599999999995028,-0.583528995513916,-0.0,0.0,0.0,0.0,0.0,0.0,-0.0,0.034925239058235635,0.0,-0.0,0.0,0.011627329573978658
0.9924305081367493,0.1023375615477562,7.438182830810547,0.15860798954963684,0.8699114322662354,-0.046846830788803105,-0.4853990077972412,0.999962568283081,0.48026156425476074,0.9808611869812012,-1.0,21.75119972229004,False,0.0,0.08200711011886597,0.05323348939418793,0.7724708914756775,0.0,-0.006070692539215088,-0.0021635997295379635,-0.01,-0.018234292268753054,0.0004891869612038136,False,False,recovery,-1.0,282,False,False,28.699999999994972,-0.6070692539215088,-0.0,0.0,0.0,0.0,0.0,0.0,-0.0,0.03090714916096482,0.0,-0.0,0.0,0.009382882041267322
0.9909515380859375,0.10274922102689743,7.47208833694458,0.16000056266784668,0.8691243529319763,-0.029779807946004044,-0.5559754967689514,0.9999692440032959,0.6406129598617554,0.9776544570922852,-1.0,21.75119972229004,False,0.0,0.08200711011886597,0.05323348939418793,0.7724708914756775,0.0,-0.006688100695610047,-0.001651406884193421,-0.01,-0.018339507579803467,0.00048290984705090523,False,False,recovery,-1.0,283,False,False,28.799999999994917,-0.6688100695610046,-0.0,0.0,0.0,0.0,0.0,0.0,-0.0,0.027883155651835412,0.0,-0.0,0.0,0.007253477130307659
0.9888940453529358,0.10313665121793747,7.203029632568359,0.1519879400730133,0.8686777949333191,-0.055001641165834975,-0.6166809797286987,0.9999688863754272,0.6674199104309082,0.977581262588501,-1.0,21.75119972229004,False,0.0,0.08200711011886597,0.05323348939418793,0.7724708914756775,0.0,-0.0069533693790435796,-0.0011311438679695134,-0.01,-0.018084513247013094,0.0004894798621535301,False,False,recovery,-1.0,284,False,False,28.89999999999486,-0.6953369379043579,-0.0,0.0,0.0,0.0,0.0,0.0,-0.0,0.02587964673041987,0.0,-0.0,0.0,0.005986453986166355
0.9885402321815491,0.10303454101085663,7.04123067855835,0.1477336585521698,0.8681802153587341,-0.04482690607584077,-0.6926831007003784,0.9999644756317139,0.6459708213806152,0.973712682723999,-1.0,21.75119972229004,False,0.0,0.08200711011886597,0.05323348939418793,0.7724708914756775,0.0,-0.007112833857536316,-0.0007955169677734374,-0.01,-0.017908350825309755,0.0004913490265607834,False,False,recovery,-1.0,285,False,False,28.999999999994806,-0.7112833857536316,-0.0,0.0,0.0,0.0,0.0,0.0,-0.0,0.024533953715810464,0.0,-0.0,0.0,0.005154143000368916
0.987592875957489,0.10241047292947769,7.0848307609558105,0.14952315390110016,0.8683227896690369,-0.029058544811394242,-0.7245229482650757,0.9999597072601318,0.6609199047088623,0.9737199544906616,-1.0,21.75119972229004,False,0.0,0.08200711011886597,0.05323348939418793,0.7724708914756775,0.0,-0.007274496555328369,-0.0006259542703628534,-0.01,-0.017900450825691222,0.0004940200597047806,False,False,recovery,-1.0,286,False,False,29.09999999999475,-0.7274496555328369,-0.0,0.0,0.0,0.0,0.0,0.0,-0.0,0.023517219109406517,0.0,-0.0,0.0,0.0044841129993748894
0.9854275584220886,0.1021726056933403,6.848692893981934,0.14327579736709595,0.8677238821983337,-0.05019433175345801,-0.7160294651985168,0.9999563694000244,0.7161073684692383,0.9779722690582275,-1.0,21.75119972229004,False,0.0,0.08200711011886597,0.05323348939418793,0.7724708914756775,0.0,-0.007454625964164734,-0.0005458411574363713,-0.01,-0.018000467121601103,0.0004820423200726509,False,False,recovery,-1.0,287,False,False,29.199999999994695,-0.7454625964164734,-0.0,0.0,0.0,0.0,0.0,0.0,-0.0,0.022652046280437266,0.0,-0.0,0.0,0.0038713971760538993
0.9800786972045898,0.10295189917087555,6.360708713531494,0.13003702461719513,0.8655438423156738,-0.06766756462180645,-0.7211675047874451,0.999947190284729,0.7604943513870239,0.9759607315063477,-1.0,21.75119972229004,False,0.0,0.08200711011886597,0.05323348939418793,0.7724708914756775,0.0,-0.00762706995010376,-0.0005133387446403497,-0.01,-0.01814040869474411,0.0004793871194124222,False,False,recovery,-1.0,288,False,False,29.29999999999464,-0.762706995010376,-0.0,0.0,0.0,0.0,0.0,0.0,-0.0,0.021843815956037682,0.0,-0.0,0.0,0.0032948380279150813
0.9733563661575317,0.10205449163913727,6.61251163482666,0.14016495645046234,0.8638674020767212,-0.0081341799778901,-0.7622080445289612,0.9998977184295654,0.7966992855072021,0.9476630687713623,-1.0,21.75119972229004,False,0.0,0.08200711011886597,0.05323348939418793,0.7724708914756775,0.0,-0.007783879041671753,-0.000507232248783112,-0.01,-0.018291111290454867,0.00048650382086634636,False,False,recovery,-1.0,289,False,False,29.399999999994584,-0.7783879041671753,-0.0,0.0,0.0,0.0,0.0,0.0,-0.0,0.021039764745638734,0.0,-0.0,0.0,0.0027360033311476135
0.9591176509857178,0.10218948125839233,6.768482208251953,0.1479065716266632,0.8606699109077454,-0.013924931770923434,-0.8820875287055969,0.9918880462646484,0.7066378593444824,0.8876347541809082,-1.0,21.75119972229004,False,0.0,0.08200711011886597,0.05323348939418793,0.7724708914756775,0.0,-0.007622882127761841,-0.0004602536559104916,-0.01,-0.018083135783672336,0.000486212782561779,False,False,recovery,-1.0,290,False,False,29.49999999999453,-0.7622882127761841,-0.0,0.0,0.0,0.0,0.0,0.0,-0.0,0.020322486155919584,0.0,-0.0,0.0,0.0025383609501979506
0.9645934104919434,0.1027102917432785,6.4574174880981445,0.13901536166667938,0.8597083687782288,-0.056853120464474646,-0.9230682849884033,0.9247729778289795,0.6414177417755127,0.9176799058914185,-1.0,21.75119972229004,False,0.0,0.08200711011886597,0.05323348939418793,0.7724708914756775,0.0,-0.007402033209800721,-0.00033584713935851974,-0.01,-0.01773788034915924,0.0007170462049543858,False,False,recovery,-1.0,291,False,False,29.599999999994473,-0.740203320980072,-0.0,0.0,0.0,0.0,0.0,0.0,-0.0,0.01984928130205632,0.0,-0.0,0.0,0.0025226074412274396
0.9550634622573853,0.10336676985025406,6.558204650878906,0.14247092604637146,0.8586199283599854,-0.024926655730731107,-0.92488032579422,0.9229521751403809,0.6825494766235352,0.9062283039093018,-1.0,21.75119972229004,False,0.0,0.08200711011886597,0.05323348939418793,0.7724708914756775,0.0,-0.0074859195947647094,-0.00023006856441497824,-0.01,-0.01771598815917969,0.000469256192445755,False,False,recovery,-1.0,292,False,False,29.699999999994418,-0.748591959476471,-0.0,0.0,0.0,0.0,0.0,0.0,-0.0,0.0195849984457388,0.0,-0.0,0.0,0.0023065796281046902
0.9531484246253967,0.10437428951263428,6.2655768394470215,0.1350174993276596,0.8562870025634766,-0.05310348405697727,-0.9236137866973877,0.9158062934875488,0.7139186859130859,0.9286010265350342,-1.0,21.75119972229004,False,0.0,0.08200711011886597,0.05323348939418793,0.7724708914756775,0.0,-0.0076593589782714844,-0.0001618608832359321,-0.01,-0.017821219861507417,0.000485484953969717,False,False,recovery,-1.0,293,False,False,29.799999999994363,-0.7659358978271484,-0.0,0.0,0.0,0.0,0.0,0.0,-0.0,0.019455842874288032,0.0,-0.0,0.0,0.0020685624588725315
0.9302942156791687,0.10455279052257538,6.115655422210693,0.1320519596338272,0.8545764088630676,-0.04127519346543564,-0.9287722706794739,0.9094195365905762,0.7247552871704102,0.9143333435058594,-1.0,21.75119972229004,False,0.0,0.08200711011886597,0.05323348939418793,0.7724708914756775,0.0,-0.007627343535423279,-0.0001240396499633794,-0.01,-0.01775138318538666,0.0004696459509432316,False,False,recovery,-1.0,294,False,False,29.899999999994307,-0.7627343535423279,-0.0,0.0,0.0,0.0,0.0,0.0,-0.0,0.019401789177318718,0.0,-0.0,0.0,0.0020735510532360803
0.9034962058067322,0.10494059324264526,5.641093730926514,0.12187148630619049,0.8501322269439697,-0.059023078216930216,-0.9317200779914856,0.9126930236816406,0.7294385433197021,0.9078123569488525,-1.0,21.75119972229004,False,0.0,0.08200711011886597,0.05323348939418793,0.7724708914756775,0.0,-0.007643287181854248,-0.00010574221611022935,-0.01,-0.017749029397964477,0.0004794481210410595,False,False,recovery,-1.0,295,False,False,29.99999999999425,-0.7643287181854248,-0.0,0.0,0.0,0.0,0.0,0.0,-0.0,0.01938415655092074,0.0,-0.0,0.0,0.0020487910936061214
0.859556257724762,0.10580454766750336,5.357285022735596,0.11558954417705536,0.8470359444618225,-0.04834129902556133,-0.9326072931289673,0.8699796199798584,0.7099988460540771,0.8582057952880859,-1.0,21.75119972229004,False,0.0,0.08200711011886597,0.05323348939418793,0.7724708914756775,0.0,-0.007168091535568237,-9.833693504333538e-05,-0.01,-0.01726642847061157,0.0004695258103311062,False,False,recovery,-1.0,296,False,False,30.099999999994196,-0.7168091535568237,-0.0,0.0,0.0,0.0,0.0,0.0,-0.0,0.019381287264963576,0.0,-0.0,0.0,0.002522552096913551
0.8716464042663574,0.1066722571849823,5.063163757324219,0.1070406436920166,0.8458935022354126,-0.052860394700408216,-0.9326764941215515,0.8089061975479126,0.6928457021713257,0.8283644914627075,-1.0,21.75119972229004,False,0.0,0.08200711011886597,0.05323348939418793,0.7724708914756775,0.0,-0.006726093888282776,-9.625732898712117e-05,-0.01,-0.016822351217269896,0.00047780899330973625,False,False,recovery,-1.0,297,False,False,30.19999999999414,-0.6726093888282776,-0.0,0.0,0.0,0.0,0.0,0.0,-0.0,0.019382579558444135,0.0,-0.0,0.0,0.0029651958909392914
0.8202440738677979,0.10778562724590302,4.716919422149658,0.10070587694644928,0.8407275676727295,-0.04652111498337743,-0.9295752048492432,0.7291252613067627,0.6750234365463257,0.7792520523071289,-1.0,21.75119972229004,False,0.0,0.08200711011886597,0.05323348939418793,0.7724708914756775,0.0,-0.006146559715270996,-9.62933897972109e-05,-0.01,-0.016242853105068206,0.000469462014734745,False,False,recovery,-1.0,298,False,False,30.299999999994085,-0.6146559715270996,-0.0,0.0,0.0,0.0,0.0,0.0,-0.0,0.019383809381253836,0.0,-0.0,0.0,0.0035453449753559216
0.8170543313026428,0.10788234323263168,4.614450454711914,0.09592951834201813,0.8423331379890442,-0.04121514553060995,-0.9238207936286926,0.45010995864868164,0.6177608966827393,0.7251735925674438,-1.0,21.75119972229004,False,0.0,0.08200711011886597,0.05323348939418793,0.7724708914756775,0.0,-0.004908872842788696,-9.69192385673525e-05,-0.01,-0.015005792081356049,0.00047165900468826294,False,False,recovery,-1.0,299,False,False,30.39999999999403,-0.49088728427886963,-0.0,0.0,0.0,0.0,0.0,0.0,-0.0,0.019383845093284946,0.0,-0.0,0.0,0.004783049703853777
0.7973902821540833,0.1088433563709259,4.314370632171631,0.08987540006637573,0.8384238481521606,-11.535201633259536,-0.9247726202011108,0.5140509605407715,0.6211967468261719,0.7086136341094971,-1.0,21.75119972229004,False,0.0,0.08200711011886597,0.05323348939418793,0.7724708914756775,0.0,-10.00501867890358,-0.00969192385673523,-0.01,-10.024710602760315,0.00047225598245859146,False,False,recovery,-1.0,300,False,False,30.499999999993975,-0.5018678903579712,-0.0,0.0,-1.0,0.0,0.0,0.0,-0.0,0.01938275895408481,0.0,-0.0,0.0,-9.995327299426538
