D_Q_one_step_height_mae_cm,D_Q_one_step_xyz_mae_cm,D_one_step_ee_mae_cm,D_one_step_latent_normalized_mse,Q_actual_observation_held_probability,Q_actual_observation_x,Q_actual_observation_xyz_mae_cm,Q_actual_observation_y,Q_actual_observation_z,Q_observed_supported_reward,action_dx,action_dy,action_dyaw,action_dz,action_gripper,actual_goal_distance_cm,actual_held,actual_lift_cm,actual_object_x,actual_object_y,actual_object_z,control_component_goal,control_component_penalties,control_component_progress,control_component_time,control_reward,decision_seconds,forced_release,obstacle_contact,phase,planner_fallback_to_RL_Q,predicted_first_supported_reward,predicted_score,proposed_gripper,step,table_contact,task_success,time_s,true_component_action,true_component_collision,true_component_drop,true_component_fail,true_component_grasp,true_component_lift,true_component_place,true_component_proximity,true_component_reach,true_component_success,true_component_table_hit,true_component_transport,true_original_reward,valid_candidates
0.41239261627197266,1.5902692079544067,0.11314813792705536,0.07438021898269653,0.00023949588648974895,0.17752833664417267,1.7419791221618652,-0.20019637048244476,0.7774631381034851,0.0033611637276927744,1.0,-0.9740846157073975,-0.05595749244093895,-0.8802438974380493,1.0,51.51314163208008,False,0.0,0.18731416761875153,-0.237677663564682,0.7724708914756775,0.0,-0.006817003488540649,0.01519798904657364,-0.01,-0.00161901444196701,0.23540132911875844,False,False,approach,False,0.002735377522185445,-0.020788570702787543,1.0,1,False,False,0.6000000000000004,-0.6817003488540649,-0.0,0.0,0.0,0.0,0.0,0.0,-0.0,0.03070300073894139,0.0,-0.0,0.0,0.008534496880930045,64
0.5323052406311035,2.02195143699646,0.16813842952251434,0.030376892536878586,0.00016738998237997293,0.17554983496665955,2.002166748046875,-0.19502376019954681,0.7781176567077637,-0.010290034689428575,1.0,-0.782485842704773,0.037780389189720154,-0.5389013886451721,1.0,51.51314163208008,False,0.0,0.18731416761875153,-0.237677663564682,0.7724708914756775,0.0,-0.004760315418243408,0.002678809165954591,-0.01,-0.012081506252288817,0.23711858270689845,False,False,approach,False,-0.010490722954273224,-0.010540934392504381,1.0,2,False,False,0.7000000000000005,-0.4760315418243408,-0.0,0.0,0.0,0.0,0.0,0.0,-0.0,0.03642487469618527,0.0,-0.0,0.0,0.013452121929849228,62
0.6090760231018066,2.0799002647399902,0.09167201071977615,0.03460637480020523,0.00019565846014302224,0.17458496987819672,2.114058017730713,-0.19314949214458466,0.7786352634429932,-0.00970876745188964,0.9131613969802856,-0.42127934098243713,-0.3022850453853607,-0.7206478118896484,1.0,51.51314163208008,False,0.0,0.18731416761875153,-0.237677663564682,0.7724708914756775,0.0,-0.0040551239252090455,0.0028404730558395375,-0.01,-0.011214650869369508,0.24101156322285533,False,False,approach,False,-0.009749778546392918,0.00405873881858815,1.0,3,False,False,0.8000000000000006,-0.40551239252090454,-0.0,0.0,0.0,0.0,0.0,0.0,-0.0,0.04253114624261456,0.0,-0.0,0.0,0.017210449196098234,58
0.6347894668579102,2.2593741416931152,0.36927497386932373,0.036644674837589264,0.000218023473280482,0.17565175890922546,2.1754825115203857,-0.19042640924453735,0.7788217067718506,-0.009663023532608554,0.5045436024665833,-0.585649311542511,0.1980278044939041,-0.9899641871452332,1.0,51.51314163208008,False,0.0,0.18731416761875153,-0.237677663564682,0.7724708914756775,0.0,-0.004041983783245087,0.00299322247505188,-0.01,-0.011048761308193208,0.23751097219064832,False,False,approach,False,-0.010458016768097878,0.03305753242255363,1.0,4,False,False,0.9000000000000007,-0.40419837832450867,-0.0,0.0,0.0,0.0,0.0,0.0,-0.0,0.04900760509221769,0.0,-0.0,0.0,0.020461818762863758,63
0.6562650203704834,2.273378610610962,0.18510600924491882,0.0460076779127121,0.0002031654876191169,0.17271298170089722,2.3870439529418945,-0.18760807812213898,0.7794114351272583,-0.008870906157846355,0.8288378119468689,-0.6657516360282898,0.08252035081386566,-1.0,1.0,51.51314163208008,False,0.0,0.18731416761875153,-0.237677663564682,0.7724708914756775,0.0,-0.005342518091201782,0.003711134195327759,-0.01,-0.011631383895874023,0.24060597782954574,False,False,approach,False,-0.010157441720366478,0.024685239028247152,1.0,5,False,False,1.0000000000000007,-0.5342518091201782,-0.0,0.0,0.0,0.0,0.0,0.0,-0.0,0.05699992948524957,0.0,-0.0,0.0,0.023157446651423,63
0.6693065166473389,2.4288558959960938,0.23913660645484924,0.04155733063817024,0.00023604801390320063,0.17214973270893097,2.4394800662994385,-0.186578631401062,0.7793918251991272,-0.0077759651136752525,0.7545585632324219,-0.34352147579193115,-0.6779428124427795,-0.5976858735084534,1.0,51.51314163208008,False,0.0,0.18731416761875153,-0.237677663564682,0.7724708914756775,0.0,-0.003760501146316528,0.00399698883295059,-0.01,-0.009763512313365938,0.23562967125326395,False,False,approach,False,-0.006525779142975807,0.03767235336814583,1.0,6,False,False,1.1000000000000008,-0.37605011463165283,-0.0,0.0,0.0,0.0,0.0,0.0,-0.0,0.06565039457522392,0.0,-0.0,0.0,0.029064696141295435,60
0.7365286350250244,2.51377272605896,0.28685539960861206,0.05425691604614258,0.0002244486822746694,0.17258501052856445,2.4370908737182617,-0.1863396018743515,0.7795163989067078,-0.008165196346198148,0.4566860795021057,-0.853367030620575,-0.08560764789581299,-0.9033563733100891,1.0,51.51314163208008,False,0.0,0.18731416761875153,-0.237677663564682,0.7724708914756775,0.0,-0.004400447309017182,0.004452152550220488,-0.01,-0.009948294758796694,0.2403667368926108,False,False,approach,False,-0.009897659532725811,0.050438485704256915,1.0,7,False,False,1.2000000000000008,-0.44004473090171814,-0.0,0.0,0.0,0.0,0.0,0.0,-0.0,0.07530774496801074,0.0,-0.0,0.0,0.03325342517498819,60
0.6803154945373535,2.489820718765259,0.21072916686534882,0.04523734003305435,0.00022524470114149153,0.1702917367219925,2.5517077445983887,-0.1852877140045166,0.779609739780426,-0.005601579716513127,0.7820920348167419,-0.8389598727226257,-0.19658194482326508,-0.7639946341514587,1.0,51.51314163208008,False,0.0,0.18731416761875153,-0.237677663564682,0.7724708914756775,0.0,-0.0048446345329284666,0.0059698653221130354,-0.01,-0.008874769210815432,0.24114682199433446,False,False,approach,False,-0.006604253780096769,0.06385396273501759,1.0,8,False,False,1.300000000000001,-0.4844634532928467,-0.0,0.0,0.0,0.0,0.0,0.0,-0.0,0.08812874789718395,0.0,-0.0,0.0,0.03921973941566351,33
0.7249116897583008,2.535594940185547,0.23686222732067108,0.04238172620534897,0.00019905174849554896,0.17247912287712097,2.3363137245178223,-0.18920594453811646,0.7792535424232483,-0.00754510269954611,0.7180411219596863,-0.5818767547607422,0.6427035927772522,-0.6932738423347473,1.0,51.51314163208008,False,0.0,0.18731416761875153,-0.237677663564682,0.7724708914756775,0.0,-0.004369650185108185,0.006622567176818847,-0.01,-0.007747083008289338,0.233570272102952,False,False,approach,False,-0.008159145712852478,0.06253956044473516,1.0,9,False,False,1.400000000000001,-0.4369650185108185,-0.0,0.0,0.0,0.0,0.0,0.0,-0.0,0.10239793686833742,0.0,-0.0,0.0,0.04682931824906053,55
0.6576836109161377,2.420666217803955,0.3679950535297394,0.0456961914896965,0.0001926024997374043,0.17221426963806152,2.422795534133911,-0.18664203584194183,0.7790192365646362,-0.003531831477519752,0.5419778227806091,-0.1871701180934906,-0.5971596837043762,-0.6727414727210999,1.0,51.51314163208008,False,0.0,0.18731416761875153,-0.237677663564682,0.7724708914756775,0.0,-0.0028448835015296935,0.006316544413566591,-0.01,-0.006528339087963103,0.23337952373549342,False,False,approach,False,-0.0010411966359242797,0.056159540284443636,1.0,10,False,False,1.500000000000001,-0.28448835015296936,-0.0,0.0,0.0,0.0,0.0,0.0,-0.0,0.11619296440590643,0.0,-0.0,0.0,0.05525159870142352,54
0.6294012069702148,2.383802890777588,0.11746374517679214,0.04802308231592178,0.00015711803280282766,0.17173922061920166,2.3516335487365723,-0.1890467256307602,0.7788140177726746,-0.00577735020376186,1.0,-0.8418150544166565,-0.28685376048088074,-0.2533705532550812,1.0,51.51314163208008,False,0.0,0.18731416761875153,-0.237677663564682,0.7724708914756775,0.0,-0.004637835621833801,0.006995709836482997,-0.01,-0.007642125785350805,0.23702424997463822,False,False,approach,False,-0.006027487572282553,0.04924478981630549,1.0,11,False,False,1.6000000000000012,-0.4637835621833801,-0.0,0.0,0.0,0.0,0.0,0.0,-0.0,0.13149940357136536,0.0,-0.0,0.0,0.06111186616384888,43
0.6337523460388184,2.4862141609191895,0.23473960161209106,0.04421042650938034,0.0002466548467054963,0.17125341296195984,2.5178070068359375,-0.184760183095932,0.7790268659591675,-0.0014425295351039296,0.23066039383411407,-0.23995433747768402,-0.6004002690315247,-0.2137320190668106,1.0,51.51314163208008,False,0.0,0.18731416761875153,-0.237677663564682,0.7724708914756775,0.0,-0.0012923604249954223,0.006170476675033565,-0.01,-0.005121883749961857,0.23384839110076427,False,False,approach,False,-0.0047313738614320755,0.04864377369440194,1.0,12,False,False,1.7000000000000013,-0.12923604249954224,-0.0,0.0,0.0,0.0,0.0,0.0,-0.0,0.14529327028755312,0.0,-0.0,0.0,0.07135427471878114,44
0.8212804794311523,2.8386940956115723,0.8444126844406128,0.04467267543077469,0.004799107555299997,0.16895455121994019,3.3104255199432373,-0.1666421890258789,0.7823885679244995,0.0026771913121490364,0.24010474979877472,-0.9232744574546814,0.638929545879364,-0.9880882501602173,-1.0,51.51314163208008,False,0.0,0.18731416761875153,-0.237677663564682,0.7724708914756775,0.0,-0.0057365882396697996,0.006498812139034277,-0.01,-0.009237776100635524,0.23605255410075188,False,False,approach,False,-0.009723436087369919,0.05020379347364056,-1.0,13,False,False,1.8000000000000014,-0.57365882396698,-0.0,0.0,0.0,0.0,0.0,0.0,-0.0,0.15988976256085174,0.0,-0.0,0.0,0.07420829304075607,32
0.872570276260376,2.964823007583618,0.8076080083847046,0.036722466349601746,0.0004759069124702364,0.171993225812912,2.643852949142456,-0.18141207098960876,0.7801999449729919,-0.007589982223537069,0.5448004007339478,-0.6464800238609314,0.1991799920797348,-0.34267541766166687,1.0,51.51314163208008,False,0.0,0.18731416761875153,-0.237677663564682,0.7724708914756775,0.0,-0.002179607450962067,0.010470308363437653,-0.01,-0.001709299087524414,0.2396602388471365,False,False,approach,False,-0.0015391814522445202,0.03050767267964543,1.0,14,False,False,1.9000000000000015,-0.21796074509620667,-0.0,0.0,0.0,0.0,0.0,0.0,-0.0,0.182656947627431,0.0,-0.0,0.0,0.08914886636275343,54
0.7335424423217773,2.5495684146881104,0.415877103805542,0.045823194086551666,0.00023401129874400795,0.1718359887599945,2.4348526000976562,-0.18744204938411713,0.779802680015564,-0.0020902509965923886,0.7967859506607056,-0.44586998224258423,-0.16325069963932037,-0.8480306267738342,1.0,51.51314163208008,False,0.0,0.18731416761875153,-0.237677663564682,0.7724708914756775,0.0,-0.003948686420917511,0.01138637900352478,-0.01,-0.0025623074173927313,0.2354329819791019,False,False,approach,False,0.002118124393746257,0.04176965622145041,1.0,15,False,False,2.0000000000000013,-0.3948686420917511,-0.0,0.0,0.0,0.0,0.0,0.0,-0.0,0.2075047538476592,0.0,-0.0,0.0,0.09980369050291209,62
0.6319224834442139,2.370256185531616,0.1836838722229004,0.044772788882255554,0.00028109262348152697,0.17182594537734985,2.512662172317505,-0.1849905550479889,0.7796754240989685,0.004421735288850093,0.3554530739784241,-0.7146716117858887,0.04484955221414566,-0.4985024631023407,1.0,51.51314163208008,False,0.0,0.18731416761875153,-0.237677663564682,0.7724708914756775,0.0,-0.002219046503305435,0.012721068561077117,-0.01,0.0005020220577716828,0.2361201080493629,False,False,approach,False,-0.0010298921260982752,0.022316839214005704,1.0,16,False,False,2.0999999999999903,-0.22190465033054352,-0.0,0.0,0.0,0.0,0.0,0.0,-0.0,0.23529995183033403,0.0,-0.0,0.0,0.11543092941186157,33
0.6549596786499023,2.3980319499969482,0.4909043610095978,0.051130592823028564,0.00016525189857929945,0.1715204119682312,2.37263822555542,-0.18915854394435883,0.7793371677398682,0.0010471940314221231,0.914717435836792,-0.6902508735656738,0.08295054733753204,-0.7848622798919678,1.0,51.51314163208008,False,0.0,0.18731416761875153,-0.237677663564682,0.7724708914756775,0.0,-0.004840109348297119,0.015014692842960364,-0.01,0.00017458349466324512,0.2359681841917336,False,False,approach,False,2.9650032956851646e-05,-0.008647772251325108,1.0,17,False,False,2.1999999999999793,-0.4840109348297119,-0.0,0.0,0.0,0.0,0.0,0.0,-0.0,0.26800931428297803,0.0,-0.0,0.0,0.1291645477931919,35
0.6231725215911865,2.3847579956054688,0.37936046719551086,0.03601296618580818,0.00011987316975137219,0.17123456299304962,2.4281346797943115,-0.18763507902622223,0.7791927456855774,0.007080131816952601,0.8257931470870972,-0.8944091796875,-0.536551296710968,-0.8638442158699036,1.0,51.51314163208008,False,0.0,0.18731416761875153,-0.237677663564682,0.7724708914756775,0.0,-0.006290040612220764,0.019549764096736894,-0.01,0.0032597234845161294,0.2334758839569986,False,False,approach,False,0.013643569312989712,-0.012388380569808078,1.0,18,False,False,2.2999999999999683,-0.6290040612220764,-0.0,0.0,0.0,0.0,0.0,0.0,-0.0,0.31021101693623787,0.0,-0.0,0.0,0.14881546785589816,48
0.6393969058990479,2.4357750415802,0.7262242436408997,0.0562000535428524,0.00021922937594354153,0.16967624425888062,2.549943447113037,-0.18586046993732452,0.7795140743255615,0.01181193169862973,0.9344670176506042,0.1439441293478012,-0.5042707324028015,-0.784958004951477,1.0,51.51314163208008,False,0.0,0.18731416761875153,-0.237677663564682,0.7724708914756775,0.0,-0.004410991072654725,0.019854992628097534,-0.01,0.0054440015554428085,0.24082073103636503,False,False,approach,False,0.021564695984125137,0.3576380217685902,1.0,19,False,False,2.3999999999999573,-0.4410991072654724,-0.0,0.0,0.0,0.0,0.0,0.0,-0.0,0.35345563010513703,0.0,-0.0,0.0,0.1723168239799138,45
0.6547033786773682,2.617185354232788,0.5658981800079346,0.07300542294979095,0.00036701475619338453,0.16776521503925323,2.839588165283203,-0.17916041612625122,0.7795923352241516,0.012134711670097742,0.18314816057682037,-0.011711242608726025,-0.14388905465602875,-0.26418301463127136,1.0,51.51314163208008,False,0.0,0.18731416761875153,-0.237677663564682,0.7724708914756775,0.0,-0.00031044282019138336,0.012253076732158669,-0.01,0.0019426339119672856,0.2405067216604948,False,False,approach,False,0.003986774943768978,0.32524541347888636,1.0,20,False,False,2.4999999999999463,-0.031044282019138336,-0.0,0.0,0.0,0.0,0.0,0.0,-0.0,0.38177946220201175,0.0,-0.0,0.0,0.1905792882808145,13
0.7022202014923096,2.8821403980255127,0.03634219616651535,0.08079204708337784,0.001651496859267354,0.16700851917266846,2.634424924850464,-0.1854560524225235,0.7789763808250427,-0.01103296101703286,0.725968062877655,0.5954638719558716,0.1404000222682953,0.3391517698764801,1.0,51.51314163208008,False,0.0,0.18731416761875153,-0.237677663564682,0.7724708914756775,0.0,-0.002540857195854187,0.0016306743025779613,-0.01,-0.010910182893276226,0.24128275318071246,False,False,approach,False,-0.006490877363830805,0.31543276174779106,1.0,21,False,False,2.5999999999999353,-0.2540857195854187,-0.0,0.0,0.0,0.0,0.0,0.0,-0.0,0.3889301824267978,0.0,-0.0,0.0,0.19192423401754471,13
0.6617724895477295,2.691470146179199,0.9102963209152222,0.064163938164711,0.0004938497440889478,0.1685202717781067,2.5571608543395996,-0.18603459000587463,0.7787487506866455,-0.013885083047159167,0.9054521322250366,-0.15995441377162933,-0.22384051978588104,0.058890074491500854,1.0,51.51314163208008,False,0.0,0.18731416761875153,-0.237677663564682,0.7724708914756775,0.0,-0.0022475039958953858,-0.0005960682034492626,-0.01,-0.01284357219934465,0.2384132551960647,False,False,approach,False,-0.03263617306947708,0.28798459133798704,1.0,22,False,False,2.6999999999999242,-0.22475039958953857,-0.0,0.0,0.0,0.0,0.0,0.0,-0.0,0.3916545612373431,0.0,-0.0,0.0,0.19357977662277617,12
0.6073236465454102,2.536533832550049,0.2496858388185501,0.05283278226852417,0.0009474633261561394,0.16853205859661102,2.5667049884796143,-0.18580174446105957,0.7788140177726746,-0.009839359180134222,1.0,0.13431434333324432,0.2245960235595703,0.4185584783554077,1.0,51.51314163208008,False,0.0,0.18731416761875153,-0.237677663564682,0.7724708914756775,0.0,-0.003109187185764313,0.0033884963393211454,-0.01,-0.009720690846443168,0.23411059100180864,False,False,approach,False,-0.011771389283239841,0.2795611160888896,1.0,23,False,False,2.7999999999999132,-0.3109187185764313,-0.0,0.0,0.0,0.0,0.0,0.0,-0.0,0.40245614358002224,0.0,-0.0,0.0,0.19811888460424681,4
0.6654441356658936,2.754216432571411,0.5150730013847351,0.08421489596366882,0.0003533363342285156,0.16812507808208466,2.638869524002075,-0.18385049700737,0.778620719909668,-0.021753502351753246,-0.0722266286611557,1.0,0.48337775468826294,0.36949077248573303,1.0,51.51314163208008,False,0.0,0.18731416761875153,-0.237677663564682,0.7724708914756775,0.0,-0.003438485264778137,-0.00907003343105317,-0.01,-0.022508518695831307,0.23707341589033604,False,False,approach,False,-0.003827206324785948,0.24535382796699345,1.0,24,False,False,2.899999999999902,-0.3438485264778137,-0.0,0.0,0.0,0.0,0.0,0.0,-0.0,0.38819810303725955,0.0,-0.0,0.0,0.19066056625385164,26
0.6208181381225586,2.5411276817321777,0.20307451486587524,0.06384855508804321,0.00022563590027857572,0.1688595712184906,2.7309322357177734,-0.18132299184799194,0.7795895934104919,-0.019050284218003415,-0.05287015438079834,0.04561755806207657,0.1580202430486679,-0.3784920871257782,1.0,51.51314163208008,False,0.0,0.18731416761875153,-0.237677663564682,0.7724708914756775,0.0,-0.0004327571764588356,-0.012332964837551114,-0.01,-0.022765722014009948,0.23530302429571748,False,False,approach,False,-0.029324905946850777,-0.10823958688114033,1.0,25,False,False,2.999999999999891,-0.04327571764588356,-0.0,0.0,0.0,0.0,0.0,0.0,-0.0,0.36720412125895074,0.0,-0.0,0.0,0.18316930345301655,30
0.6365537643432617,2.6574933528900146,0.34528326988220215,0.06518948078155518,0.00021097918215673417,0.16914625465869904,2.385117769241333,-0.18962791562080383,0.7778067588806152,-0.014422123302971802,0.4493137300014496,-0.9563961625099182,0.5379685759544373,-0.5081619024276733,1.0,51.51314163208008,False,0.0,0.18731416761875153,-0.237677663564682,0.7724708914756775,0.0,-0.004160537719726563,0.007598067522048946,-0.01,-0.006562470197677617,0.23367201490327716,False,False,approach,False,-0.00354171940125525,-0.10635324557166759,1.0,26,False,False,3.09999999999988,-0.41605377197265625,-0.0,0.0,0.0,0.0,0.0,0.0,-0.0,0.38626285607518396,0.0,-0.0,0.0,0.1889708903178654,14
0.5432546138763428,2.4470055103302,0.49574175477027893,0.059893649071455,0.00048315938329324126,0.16912654042243958,2.400265693664551,-0.18935197591781616,0.7779655456542969,0.0030422767210628813,-0.3169640600681305,0.26259931921958923,-0.28831785917282104,-0.28707951307296753,1.0,51.51314163208008,False,0.0,0.18731416761875153,-0.237677663564682,0.7724708914756775,0.0,-0.0008374162018299103,0.011944026350975023,-0.01,0.0011066101491451121,0.23767227167263627,False,False,approach,False,0.014968829229474068,-0.15514566793249285,1.0,27,False,False,3.199999999999869,-0.08374162018299103,-0.0,0.0,0.0,0.0,0.0,0.0,-0.0,0.41429385515602424,0.0,-0.0,0.0,0.2063095113761822,2
0.5250930786132812,2.457875967025757,0.5545387268066406,0.05098988860845566,0.0002955978561658412,0.16925126314163208,2.364874839782715,-0.18984855711460114,0.7775251269340515,-0.007085017705725338,0.36863934993743896,-0.637168288230896,0.8068758845329285,-0.6578237414360046,1.0,51.51314163208008,False,0.0,0.18731416761875153,-0.237677663564682,0.7724708914756775,0.0,-0.004064148068428039,0.005625877678394314,-0.01,-0.008438270390033725,0.23915367387235165,False,False,approach,False,0.003865620819851756,0.23022509795221419,1.0,28,False,False,3.299999999999858,-0.40641480684280396,-0.0,0.0,0.0,0.0,0.0,0.0,-0.0,0.42984411462922634,0.0,-0.0,0.0,0.21085790924618514,33
0.4248678684234619,2.3525609970092773,0.6324330568313599,0.06242862343788147,0.0003979188040830195,0.1691783219575882,2.269843101501465,-0.19215697050094604,0.7769096493721008,-0.002475421818702297,-0.1843051314353943,-0.7549923658370972,0.23901528120040894,0.3020298480987549,1.0,51.51314163208008,False,0.0,0.18731416761875153,-0.237677663564682,0.7724708914756775,0.0,-0.0018808305263519288,0.01288915038108826,-0.01,0.001008319854736331,0.2337051979266107,False,False,approach,False,-0.011226411908864975,0.2236379609337931,1.0,29,False,False,3.399999999999847,-0.18808305263519287,-0.0,0.0,0.0,0.0,0.0,0.0,-0.0,0.4602245838261142,0.0,-0.0,0.0,0.22823146138670516,3
0.4372596740722656,2.4558773040771484,0.2204601913690567,0.05343734472990036,0.00041140016401186585,0.17021498084068298,2.2292733192443848,-0.19215907156467438,0.7767313122749329,-0.017963063111359735,0.0743180438876152,0.05659282207489014,0.37382209300994873,0.3729172348976135,1.0,51.51314163208008,False,0.0,0.18731416761875153,-0.237677663564682,0.7724708914756775,0.0,-0.0007188403606414795,-0.00037505298852921753,-0.01,-0.011093893349170696,0.23507693922147155,False,False,approach,False,-0.010064423084259033,-0.3000481193718304,1.0,30,False,False,3.499999999999836,-0.07188403606414795,-0.0,0.0,0.0,0.0,0.0,0.0,-0.0,0.4641158051967269,0.0,-0.0,0.0,0.23133906223772197,1
0.5280196666717529,2.437086343765259,0.2078235149383545,0.07306899130344391,0.00041364916251040995,0.16814962029457092,2.556910514831543,-0.18581336736679077,0.7781493663787842,-0.009235065908012081,-0.47336962819099426,0.3363286852836609,0.2948426902294159,-0.8692155480384827,1.0,51.51314163208008,False,0.0,0.18731416761875153,-0.237677663564682,0.7724708914756775,0.0,-0.0029491591453552246,-0.004546795785427105,-0.01,-0.017495954930782327,0.2341476329602301,False,False,approach,False,-0.00807675626128912,-0.1352233124371644,1.0,31,False,False,3.599999999999825,-0.29491591453552246,-0.0,0.0,0.0,0.0,0.0,0.0,-0.0,0.4596184294659047,0.0,-0.0,0.0,0.22686005558759711,21
0.6664454936981201,3.0252585411071777,0.4471023976802826,0.056468665599823,0.06726764887571335,0.16192127764225006,3.6014246940612793,-0.16255617141723633,0.7799992561340332,-0.0002427368305130389,0.6438356637954712,-0.43984803557395935,0.5708797574043274,1.0,-1.0,51.51314163208008,False,0.0,0.18731416761875153,-0.237677663564682,0.7724708914756775,0.0,-0.004834735989570618,-0.0020407253503799405,-0.01,-0.01687546133995056,0.2345624570734799,False,False,approach,False,-0.005582690704613924,-0.14726515933250175,-1.0,32,False,False,3.699999999999814,-0.48347359895706177,-0.0,0.0,0.0,0.0,0.0,0.0,-0.0,0.4601382443476034,0.0,-0.0,0.0,0.22523438618423108,7
0.6801009178161621,3.059877395629883,0.42579570412635803,0.061880555003881454,0.0010537744965404272,0.16649273037910461,2.7694201469421387,-0.18209907412528992,0.7791534662246704,-0.0299130326916979,0.3949100375175476,0.3682015538215637,-0.23497451841831207,-0.6030407547950745,1.0,51.51314163208008,False,0.0,0.18731416761875153,-0.237677663564682,0.7724708914756775,0.0,-0.0017759938538074495,-0.001891761422157301,-0.01,-0.013667755275964751,0.23440499091520905,False,False,approach,False,-0.018173759803175926,0.171498046095028,1.0,33,False,False,3.799999999999803,-0.17759938538074493,-0.0,0.0,0.0,0.0,0.0,0.0,-0.0,0.4609644446737651,0.0,-0.0,0.0,0.2287062284830751,56
0.8093893527984619,3.581099510192871,0.5968838930130005,0.06830776482820511,0.11281862109899521,0.1573103815317154,3.8877909183502197,-0.15887828171253204,0.7803014516830444,0.0018649765907349635,0.45526814460754395,0.010232717730104923,-0.2048952877521515,0.5122597813606262,-1.0,51.51314163208008,False,0.0,0.18731416761875153,-0.237677663564682,0.7724708914756775,0.0,-0.0012794148921966553,-0.0004529547691345115,-0.01,-0.011732369661331166,0.23673500260338187,False,False,approach,False,0.006533058360219002,0.2138617861666546,-1.0,34,False,False,3.899999999999792,-0.12794148921966553,-0.0,0.0,0.0,0.0,0.0,0.0,-0.0,0.4647054997856743,0.0,-0.0,0.0,0.2310733350006405,55
0.45378804206848145,2.588787078857422,0.23201853036880493,0.06482016295194626,0.003925475757569075,0.1640373319387436,2.6356756687164307,-0.18709796667099,0.7776846289634705,-0.038112820030240385,0.3323690593242645,-1.0,-0.5819116830825806,0.11645686626434326,1.0,51.51314163208008,False,0.0,0.18731416761875153,-0.237677663564682,0.7724708914756775,0.0,-0.0036566317081451415,-0.0006236666440963823,-0.01,-0.014280298352241524,0.24034859193488955,False,False,approach,False,-0.03295692801475525,0.19429112688871425,1.0,35,False,False,3.999999999999781,-0.36566317081451416,-0.0,0.0,0.0,0.0,0.0,0.0,-0.0,0.46813961016662153,0.0,-0.0,0.0,0.23041317337516562,44
0.4001736640930176,2.5048365592956543,0.437514990568161,0.0640430599451065,0.002035660669207573,0.16320179402828217,2.645930767059326,-0.18758675456047058,0.7776455283164978,-0.016205702852693522,0.4181049168109894,-0.20928865671157837,-0.39232155680656433,0.3567923903465271,1.0,51.51314163208008,False,0.0,0.18731416761875153,-0.237677663564682,0.7724708914756775,0.0,-0.001249576210975647,0.005214232206344593,-0.01,-0.006035344004631054,0.24174231803044677,False,False,approach,False,-0.009905369952321053,0.3293503122757933,1.0,36,False,False,4.0999999999997705,-0.1249576210975647,-0.0,0.0,0.0,0.0,0.0,0.0,-0.0,0.48340201990515785,0.0,-0.0,0.0,0.24045143374160327,58
0.4104495048522949,2.445307970046997,0.25066137313842773,0.06011763960123062,0.0023534041829407215,0.1648528128862381,2.4400784969329834,-0.19128529727458954,0.7768195271492004,-0.03638253445392722,0.3435424268245697,0.25353413820266724,-0.9206163287162781,1.0,1.0,51.51314163208008,False,0.0,0.18731416761875153,-0.237677663564682,0.7724708914756775,0.0,-0.005074588060379029,-0.011337841451168063,-0.01,-0.02641242951154709,0.23336134105920792,False,False,approach,False,-0.034430988132953644,0.15967388986683,1.0,37,False,False,4.1999999999997595,-0.5074588060379028,-0.0,0.0,0.0,0.0,0.0,0.0,-0.0,0.4653802150289351,0.0,-0.0,0.0,0.22761551945408853,28
0.4851877689361572,2.605862855911255,0.6967216730117798,0.060621753334999084,0.0004646417801268399,0.1637626737356186,2.6962921619415283,-0.18609820306301117,0.7782287001609802,-0.02293974189151364,1.0,-0.3541334569454193,-0.07303345203399658,-1.0,1.0,51.51314163208008,False,0.0,0.18731416761875153,-0.237677663564682,0.7724708914756775,0.0,-0.005326861143112183,-0.006584400534629831,-0.01,-0.021911261677742017,0.24099746206775308,False,False,approach,False,-0.026798300445079803,0.17615037277817142,1.0,38,False,False,4.2999999999997485,-0.5326861143112183,-0.0,0.0,0.0,0.0,0.0,0.0,-0.0,0.4567792234918744,0.0,-0.0,0.0,0.22306275060282502,20
0.8167624473571777,3.2844557762145996,0.4237150251865387,0.07258032262325287,0.16269078850746155,0.15331049263477325,4.629374980926514,-0.14375178515911102,0.783422589302063,0.005130097207686259,0.5163809657096863,0.6978768706321716,0.13952171802520752,-0.8844423294067383,-1.0,51.51314163208008,False,0.0,0.18731416761875153,-0.237677663564682,0.7724708914756775,0.0,-0.003888464868068695,0.018307508826255786,-0.01,0.004419043958187091,0.23642261512577534,False,False,approach,False,0.02505148947238922,-0.14365669804597603,-1.0,39,False,False,4.3999999999997375,-0.3888464868068695,-0.0,0.0,0.0,0.0,0.0,0.0,-0.0,0.4983780326935833,0.0,-0.0,0.0,0.24530055147872293,31
0.6666362285614014,3.361745595932007,0.22978931665420532,0.08477966487407684,0.006700238212943077,0.15817371010780334,2.938774824142456,-0.18319758772850037,0.7770135998725891,-0.00039693898448281417,0.14950519800186157,0.234808549284935,-0.36525747179985046,-0.1768728643655777,1.0,51.51314163208008,False,0.0,0.18731416761875153,-0.237677663564682,0.7724708914756775,0.0,-0.0006054597347974778,0.0029493080079555645,-0.01,-0.007656151726841913,0.2364444648846984,False,False,approach,False,0.009967640973627567,-0.14728042084271364,1.0,40,False,False,4.499999999999726,-0.06054597347974777,-0.0,0.0,0.0,0.0,0.0,0.0,-0.0,0.5093703414786872,0.0,-0.0,0.0,0.2540797110045461,60
0.22860169410705566,2.5285308361053467,0.3996218144893646,0.06807507574558258,0.019538741558790207,0.16037246584892273,2.5351181030273438,-0.19108137488365173,0.7749864459037781,-0.018596015685031907,-0.45860207080841064,-0.3986562192440033,-0.3666839301586151,0.15443497896194458,1.0,51.51314163208008,False,0.0,0.18731416761875153,-0.237677663564682,0.7724708914756775,0.0,-0.0013188748061656952,-0.0018428048491477833,-0.01,-0.01316167965531348,0.2363026081584394,False,False,approach,False,-0.03143180161714554,-0.1618629241405296,1.0,41,False,False,4.599999999999715,-0.13188748061656952,-0.0,0.0,0.0,0.0,0.0,0.0,-0.0,0.5107926049492746,0.0,-0.0,0.0,0.2540774276684716,55
0.32209157943725586,2.7779316902160645,0.147462397813797,0.06255251169204712,0.008736335672438145,0.1599942296743393,2.74836802482605,-0.1859799027442932,0.7759042382240295,-0.006577304830708646,-0.4914690852165222,0.9245654940605164,-0.3290201425552368,-0.6492078900337219,1.0,51.51314163208008,False,0.0,0.18731416761875153,-0.237677663564682,0.7724708914756775,0.0,-0.004065220952033996,-0.002097354233264903,-0.01,-0.0161625751852989,0.2426138990558684,False,False,approach,False,-0.012921496294438839,-0.15344859653474896,1.0,42,False,False,4.699999999999704,-0.40652209520339966,-0.0,0.0,0.0,0.0,0.0,0.0,-0.0,0.5117150520758911,0.0,-0.0,0.0,0.25179230508591155,23
0.31471848487854004,2.809600591659546,0.6093477606773376,0.07052595913410187,0.004599710926413536,0.15823687613010406,2.6674931049346924,-0.18991978466510773,0.775660514831543,-0.014787681252544715,0.24060824513435364,1.0,0.622259795665741,-0.6734161972999573,1.0,51.51314163208008,False,0.0,0.18731416761875153,-0.237677663564682,0.7724708914756775,0.0,-0.0047464722394943235,-0.009628247618675229,-0.01,-0.024374719858169552,0.2370995399542153,False,False,approach,False,0.0066596283577382565,-0.17423708159604906,1.0,43,False,False,4.799999999999693,-0.4746472239494324,-0.0,0.0,0.0,0.0,0.0,0.0,-0.0,0.4974328988669998,0.0,-0.0,0.0,0.2439699771940056,28
0.2267777919769287,2.6611363887786865,0.3592684864997864,0.08280539512634277,0.0012958778534084558,0.15897849202156067,2.5857248306274414,-0.19042553007602692,0.7744548320770264,-0.013815228307558002,0.05452591925859451,-0.050091516226530075,0.6582541465759277,-0.6487676501274109,1.0,51.51314163208008,False,0.0,0.18731416761875153,-0.237677663564682,0.7724708914756775,0.0,-0.002149200439453125,-0.006507154405117038,-0.01,-0.018656354844570164,0.2394393729045987,False,False,approach,False,-0.009283146820962429,-0.18835934352658373,1.0,44,False,False,4.899999999999682,-0.2149200439453125,-0.0,0.0,0.0,0.0,0.0,0.0,-0.0,0.48931174215196305,0.0,-0.0,0.0,0.2425066706365284,42
0.6054461002349854,3.6100566387176514,0.5240405201911926,0.08453071117401123,0.5979267954826355,0.15125256776809692,4.541036605834961,-0.1460626870393753,0.7810254096984863,0.6974000021081306,0.09065128117799759,-0.30847135186195374,0.15351901948451996,-0.8495859503746033,-1.0,51.51314163208008,False,0.0,0.18731416761875153,-0.237677663564682,0.7724708914756775,0.0,-0.002121841460466385,0.008542347550392126,-0.01,-0.0035794939100742586,0.23589874804019928,False,False,approach,False,0.04610591009259224,-0.17334057293958616,-1.0,45,False,False,4.999999999999671,-0.2121841460466385,-0.0,0.0,0.0,0.0,0.0,0.0,-0.0,0.5115114651591227,0.0,-0.0,0.0,0.25363389111909496,38
0.4618704319000244,3.560904026031494,0.6245990991592407,0.11872220784425735,0.061556726694107056,0.16049304604530334,2.559325933456421,-0.1886967569589615,0.773448646068573,-1.6984533160845474,-1.0,0.10590936243534088,-0.4169315695762634,-0.3440503180027008,1.0,51.51314163208008,False,0.0,0.18731416761875153,-0.237677663564682,0.7724708914756775,0.0,-0.003258548378944397,0.006939257085323336,-0.01,-0.006319291293621061,0.23909554816782475,False,False,approach,False,-1.6880830526351929,-1.8819581040324396,1.0,46,False,False,5.09999999999966,-0.3258548378944397,-0.0,0.0,0.0,0.0,0.0,0.0,-0.0,0.5306969454210979,0.0,-0.0,0.0,0.26208992433160455,37
0.08947253227233887,2.435546636581421,0.5786215662956238,0.09348195791244507,0.12526459991931915,0.15853792428970337,2.2908518314361572,-0.19859011471271515,0.7716091275215149,-0.03003099409877736,0.09772190451622009,0.009466471150517464,-0.8760169744491577,-0.04223233461380005,1.0,51.51314163208008,False,0.0,0.18731416761875153,-0.237677663564682,0.7724708914756775,0.0,-0.0019470712542533875,-0.0042425714433192985,-0.01,-0.016189642697572684,0.23583267768844962,False,False,approach,False,-0.043230850249528885,-0.20742033357415418,1.0,47,False,False,5.199999999999649,-0.19470712542533875,-0.0,0.0,0.0,0.0,0.0,0.0,-0.0,0.5274866989437164,0.0,-0.0,0.0,0.2617962782176048,37
0.05993247032165527,2.3047902584075928,0.5868375301361084,0.07436740398406982,0.03582877293229103,0.15433095395565033,2.6631534099578857,-0.19168251752853394,0.7733871340751648,-0.003892612654507542,0.4351007044315338,0.19565506279468536,-0.38898706436157227,0.15026935935020447,1.0,51.51314163208008,False,0.0,0.18731416761875153,-0.237677663564682,0.7724708914756775,0.0,-0.001003713309764862,-0.004042929559946062,-0.01,-0.015046642869710924,0.23711038613691926,False,False,approach,False,-0.007361949421465397,-0.18508274991626625,1.0,48,False,False,5.299999999999638,-0.1003713309764862,-0.0,0.0,0.0,0.0,0.0,0.0,-0.0,0.5246472904798003,0.0,-0.0,0.0,0.2613199319301353,27
0.0435948371887207,2.5504729747772217,0.30727386474609375,0.07947985082864761,0.05473499372601509,0.15560953319072723,2.272674560546875,-0.20158794522285461,0.7720850110054016,-0.032550957054363484,-0.07138568162918091,-0.79805588722229,-0.34890326857566833,-0.3519500195980072,1.0,51.51314163208008,False,0.0,0.18731416761875153,-0.237677663564682,0.7724708914756775,0.0,-0.0022189785540103913,0.0017655134201050027,-0.01,-0.010453465133905389,0.23838865105062723,False,False,approach,False,-0.0260702483355999,-0.2766859254868781,1.0,49,False,False,5.399999999999627,-0.22189785540103912,-0.0,0.0,0.0,0.0,0.0,0.0,-0.0,0.533513428990205,0.0,-0.0,0.0,0.26453773594109214,27
0.14832019805908203,2.277768135070801,0.45369863510131836,0.08023221045732498,0.023110320791602135,0.15596237778663635,2.6323459148406982,-0.19058896601200104,0.7730007767677307,0.02749542351975163,-0.24425190687179565,-1.0,0.6292093396186829,-0.0074827903881669044,1.0,51.51314163208008,False,0.0,0.18731416761875153,-0.237677663564682,0.7724708914756775,0.0,-0.0036390486359596254,0.018695876300334924,-0.01,0.005056827664375298,0.2366243116557598,False,False,approach,False,-0.003301142016425729,0.14375324628711125,1.0,50,False,False,5.499999999999616,-0.3639048635959625,-0.0,0.0,0.0,0.0,0.0,0.0,-0.0,0.576671879501782,0.0,-0.0,0.0,0.28469689111493135,18
0.026524066925048828,2.6707723140716553,0.09991377592086792,0.09953390806913376,0.009387028403580189,0.15388129651546478,2.5758659839630127,-0.19573314487934113,0.774369478225708,0.0016670123031995287,0.3557444214820862,-0.552933931350708,-0.21981818974018097,-0.7872976064682007,1.0,51.51314163208008,False,0.0,0.18731416761875153,-0.237677663564682,0.7724708914756775,0.0,-0.002751119136810303,0.022041223347187056,-0.01,0.009290104210376753,0.2414165628142655,False,False,approach,False,0.009112776257097721,0.23049907225392674,1.0,51,False,False,5.599999999999605,-0.2751119136810303,-0.0,0.0,0.0,0.0,0.0,0.0,-0.0,0.6270247024236812,0.0,-0.0,0.0,0.3107612320750303,19
0.03726482391357422,2.463355541229248,0.5538865923881531,0.11696562170982361,0.0063791959546506405,0.15268658101558685,2.638850212097168,-0.19399793446063995,0.7733290791511536,-0.0007825153629780982,0.7428289651870728,-0.22656330466270447,0.30911436676979065,-0.06215451657772064,1.0,51.51314163208008,False,0.0,0.18731416761875153,-0.237677663564682,0.7724708914756775,0.0,-0.0017563515901565553,0.017721230089664475,-0.01,0.005964878499507919,0.24771213112398982,False,False,approach,False,0.01614694856107235,-0.5390597312242237,1.0,52,False,False,5.699999999999594,-0.17563515901565552,-0.0,0.0,0.0,0.0,0.0,0.0,-0.0,0.6691586621895599,0.0,-0.0,0.0,0.33282297950462336,48
0.03288388252258301,2.722606897354126,0.6450757384300232,0.11035514622926712,0.04085974767804146,0.15546461939811707,2.3541955947875977,-0.1997998207807541,0.7715724110603333,-0.02952946886364015,0.10929621011018753,0.8044146299362183,0.4511674642562866,-0.16940611600875854,1.0,51.51314163208008,False,0.0,0.18731416761875153,-0.237677663564682,0.7724708914756775,0.0,-0.002228197753429413,-0.0027835445106029755,-0.01,-0.015011742264032388,0.23672797437757254,False,False,approach,False,-0.002845087321475148,0.31107325254937734,1.0,53,False,False,5.799999999999583,-0.22281977534294128,-0.0,0.0,0.0,0.0,0.0,0.0,-0.0,0.6702945831644056,0.0,-0.0,0.0,0.3329190938287734,35
0.1474142074584961,2.413480520248413,0.601526141166687,0.10700874030590057,0.06014011427760124,0.1505376696586609,2.97348952293396,-0.18729612231254578,0.7704242467880249,-0.017640312549649095,-0.0575396791100502,-0.4765786826610565,-0.3212573230266571,0.6113806366920471,1.0,51.51314163208008,False,0.0,0.18731416761875153,-0.237677663564682,0.7724708914756775,0.0,-0.0017685765027999878,-0.014274067282676717,-0.01,-0.026042643785476702,0.2377766640856862,False,False,approach,False,-0.04525865986943245,-0.29328674670353666,1.0,54,False,False,5.899999999999572,-0.17685765027999878,-0.0,0.0,0.0,0.0,0.0,0.0,-0.0,0.648228662014934,0.0,-0.0,0.0,0.322345754504667,18
0.15827417373657227,3.4422543048858643,0.9965404868125916,0.10002368688583374,0.9520811438560486,0.14785321056842804,4.230184555053711,-0.1530388593673706,0.7752766609191895,0.5376158999759144,-0.4301465153694153,-1.0,0.7094801664352417,0.5634965300559998,-1.0,51.51314163208008,False,0.0,0.18731416761875153,-0.237677663564682,0.7724708914756775,0.0,-0.005014791488647461,0.0054107122123241425,-0.01,-0.00960407927632332,0.24113652622327209,False,False,approach,False,0.46829187870025635,-1.2724375071914105,-1.0,55,False,False,5.999999999999561,-0.5014791488647461,-0.0,0.0,0.0,0.0,0.0,0.0,-0.0,0.6657071853888865,0.0,-0.0,0.0,0.3278388012057958,50
0.22820830345153809,3.8399736881256104,1.0013376474380493,0.0994478166103363,0.9783084988594055,0.1426350325345993,5.418430328369141,-0.1289166659116745,0.7815836668014526,0.07565146987942685,-0.8358209133148193,-0.12353318929672241,-0.3527214229106903,0.7722154259681702,-1.0,51.51314163208008,False,0.0,0.18731416761875153,-0.237677663564682,0.7724708914756775,0.0,-0.0035864654183387756,-0.0008883826434612496,-0.01,-0.014474848061800025,0.239340225700289,False,False,approach,False,-0.03583068400621414,-1.790826371483164,-1.0,56,False,False,6.09999999999955,-0.35864654183387756,-0.0,0.0,0.0,0.0,0.0,0.0,-0.0,0.6706368332322037,0.0,-0.0,0.0,0.33173195119776305,60
0.639045238494873,4.64978551864624,0.9071056842803955,0.1284988522529602,0.9927679300308228,0.1391734629869461,5.834686279296875,-0.12207965552806854,0.7837727665901184,0.008814291859779428,-0.40455397963523865,-0.2165834903717041,-1.0,0.695803165435791,-1.0,51.51314163208008,False,0.0,0.18731416761875153,-0.237677663564682,0.7724708914756775,0.0,-0.0042367857694625855,-0.017689116150140738,-0.01,-0.031925901919603324,0.2415557880885899,False,False,approach,False,-0.07226365059614182,-1.2902430388389314,-1.0,57,False,False,6.199999999999539,-0.42367857694625854,-0.0,0.0,0.0,0.0,0.0,0.0,-0.0,0.6416752637229867,0.0,-0.0,0.0,0.31660084609203076,62
0.9506106376647949,5.124004364013672,0.9019767045974731,0.11748276650905609,0.9844173192977905,0.133734792470932,7.285358905792236,-0.09890009462833405,0.7986747026443481,0.07265545099075492,-1.0,0.21170759201049805,-1.0,0.8249889016151428,-1.0,51.51314163208008,False,0.0,0.18731416761875153,-0.237677663564682,0.7724708914756775,0.0,-0.006813566684722901,-0.02403062239289283,-0.01,-0.04084418907761573,0.2473733751103282,False,False,approach,False,-0.0628926157951355,-0.18467524629338153,-1.0,58,False,False,6.299999999999528,-0.68135666847229,-0.0,0.0,0.0,0.0,0.0,0.0,-0.0,0.5996101056647432,0.0,-0.0,0.0,0.2929914861476487,64
2.3373782634735107,6.899646759033203,0.6347099542617798,0.10860680043697357,0.9906564354896545,0.1329939216375351,7.251069068908691,-0.1004500687122345,0.7984551191329956,-0.027013850484094076,0.11224395036697388,0.7088283896446228,-0.943668007850647,0.03652952238917351,-1.0,51.51314163208008,False,0.0,0.18731416761875153,-0.237677663564682,0.7724708914756775,0.0,-0.0035172003507614137,-0.020946282893419266,-0.01,-0.03446348324418068,0.2495507630519569,False,False,approach,False,-0.03214596211910248,-0.2035477329727149,-1.0,59,False,False,6.399999999999517,-0.35172003507614136,-0.0,0.0,0.0,0.0,0.0,0.0,-0.0,0.5633511830201501,0.0,-0.0,0.0,0.2781583911593136,64
2.341526746749878,6.781353950500488,0.36427974700927734,0.0823771059513092,0.9829082489013672,0.13258768618106842,7.735215663909912,-0.08687584102153778,0.7989990711212158,-0.013397060043841197,-0.7719205021858215,0.3727371394634247,-0.9561805129051208,0.8729904890060425,-1.0,51.51314163208008,False,0.0,0.18731416761875153,-0.237677663564682,0.7724708914756775,0.0,-0.006027969717979431,-0.022587217390537262,-0.01,-0.03861518710851669,0.2464738222770393,False,False,approach,False,-0.03696305304765701,-0.22006626037948335,-1.0,60,False,False,6.499999999999506,-0.6027969717979431,-0.0,0.0,0.0,0.0,0.0,0.0,-0.0,0.5234108063051223,0.0,-0.0,0.0,0.2556774334345817,64
2.775263786315918,7.692412376403809,0.48195967078208923,0.10161252319812775,0.983292281627655,0.13170066475868225,7.753703594207764,-0.0935152918100357,0.8053061366081238,-0.03295927383135231,0.13243292272090912,0.9636408090591431,-0.5358289480209351,-0.5092694163322449,-1.0,51.51314163208008,False,0.0,0.18731416761875153,-0.237677663564682,0.7724708914756775,0.0,-0.00373152494430542,-0.019912296831607834,-0.01,-0.033643821775913255,0.25074862223118544,False,False,approach,False,-0.027360662817955017,-0.21149705533097057,-1.0,61,False,False,6.599999999999495,-0.373152494430542,-0.0,0.0,0.0,0.0,0.0,0.0,-0.0,0.4884708772960318,0.0,-0.0,0.0,0.24050391370371046,64
3.0745208263397217,7.694735527038574,0.6003690361976624,0.11186081171035767,0.9819455742835999,0.12782108783721924,8.421093940734863,-0.0781831294298172,0.8061161041259766,-0.0068635984361484935,-0.17123980820178986,0.7287310361862183,-0.49838578701019287,0.31808021664619446,-1.0,51.51314163208008,False,0.0,0.18731416761875153,-0.237677663564682,0.7724708914756775,0.0,-0.002274838536977768,-0.015798094868659962,-0.01,-0.028072933405637733,0.24860175140202045,False,False,approach,False,-0.023781463503837585,-0.21023319149908076,-1.0,62,False,False,6.699999999999484,-0.2274838536977768,-0.0,0.0,0.0,0.0,0.0,0.0,-0.0,0.46148963395124976,0.0,-0.0,0.0,0.2284699784386471,63
3.285670280456543,8.401906967163086,0.4866659641265869,0.07731267809867859,0.983156144618988,0.1231922060251236,9.390196800231934,-0.06282970309257507,0.8152068853378296,-0.005391707128396083,0.15022620558738708,0.8677635788917542,0.17482523620128632,-0.00705698924139142,-1.0,51.51314163208008,False,0.0,0.18731416761875153,-0.237677663564682,0.7724708914756775,0.0,-0.0020154881477355956,-0.01792628616094588,-0.01,-0.02994177430868148,0.2461268431507051,False,False,approach,False,-0.023660607635974884,-0.21016320057703547,-1.0,63,False,False,6.799999999999473,-0.20154881477355957,-0.0,0.0,0.0,0.0,0.0,0.0,-0.0,0.42993641199896604,0.0,-0.0,0.0,0.21295271785174744,64
3.7878036499023438,8.980011940002441,0.46497607231140137,0.1264546662569046,0.9836223721504211,0.12269118428230286,9.569416046142578,-0.05818747729063034,0.8154402375221252,-0.021729156695162493,-0.3391457200050354,0.7931337356567383,-0.8459169268608093,0.7934055328369141,-1.0,51.51314163208008,False,0.0,0.18731416761875153,-0.237677663564682,0.7724708914756775,0.0,-0.005222871899604797,-0.020321438610553744,-0.01,-0.03554431051015854,0.24982170900329947,False,False,approach,False,-0.03544040769338608,-0.21959211843559323,-1.0,64,False,False,6.899999999999462,-0.5222871899604797,-0.0,0.0,0.0,0.0,0.0,0.0,-0.0,0.3932257741571058,0.0,-0.0,0.0,0.1913900151789481,64
3.8721203804016113,9.170571327209473,0.2661454379558563,0.09396902471780777,0.9818130731582642,0.12062308192253113,9.499326705932617,-0.06490262597799301,0.8179845809936523,-0.03350333361635351,0.141770139336586,0.6207043528556824,-0.48686128854751587,0.7006123661994934,-1.0,51.51314163208008,False,0.0,0.18731416761875153,-0.237677663564682,0.7724708914756775,0.0,-0.002833160758018494,-0.021831255257129673,-0.01,-0.034664416015148164,0.24818100919947028,False,False,approach,False,-0.03355010226368904,-0.22495311207902546,-1.0,65,False,False,6.999999999999451,-0.28331607580184937,-0.0,0.0,0.0,0.0,0.0,0.0,-0.0,0.35309420237394895,0.0,-0.0,0.0,0.173713940428956,64
4.010516166687012,8.93777847290039,0.39791539311408997,0.0915854424238205,0.9803800582885742,0.12182512879371643,10.257820129394531,-0.047095976769924164,0.8241347670555115,-0.0007571527707174244,-0.14364182949066162,0.28782567381858826,-0.3089287281036377,0.5096990466117859,-1.0,51.51314163208008,False,0.0,0.18731416761875153,-0.237677663564682,0.7724708914756775,0.0,-0.0011467666923999787,-0.01573602199554444,-0.01,-0.02688278868794442,0.2475881651043892,False,False,approach,False,-0.03469201549887657,-0.21122113744369259,-1.0,66,False,False,7.09999999999944,-0.11467666923999786,-0.0,0.0,0.0,0.0,0.0,0.0,-0.0,0.32487090229271165,0.0,-0.0,0.0,0.16128868445395583,64
4.55598258972168,9.614309310913086,0.3284379839897156,0.11514660716056824,0.9878901839256287,0.12191580981016159,9.901387214660645,-0.060960669070482254,0.8273971676826477,-0.04350475653800487,-0.3617890477180481,0.8538658022880554,-0.5493963956832886,0.16247349977493286,-1.0,51.51314163208008,False,0.0,0.18731416761875153,-0.237677663564682,0.7724708914756775,0.0,-0.002970530390739441,-0.013849401473999018,-0.01,-0.02681993186473846,0.2505739228799939,False,False,approach,False,-0.04033106938004494,-2.0413310396336466,-1.0,67,False,False,7.199999999999429,-0.2970530390739441,-0.0,0.0,0.0,0.0,0.0,0.0,-0.0,0.3001737966219218,0.0,-0.0,0.0,0.14711636792022145,64
5.078840255737305,9.688392639160156,0.49262046813964844,0.07733890414237976,0.9818153977394104,0.11604636162519455,11.166275024414062,-0.033088114112615585,0.8316017985343933,0.010539003022125603,-0.17077523469924927,0.8419004082679749,-0.42422348260879517,1.0,-1.0,51.51314163208008,False,0.0,0.18731416761875153,-0.237677663564682,0.7724708914756775,0.0,-0.004794815480709076,-0.017844863831996932,-0.01,-0.03263967931270601,0.24948243191465735,False,False,approach,False,-0.030289707705378532,-2.0258785485485493,-1.0,68,False,False,7.299999999999418,-0.4794815480709076,-0.0,0.0,0.0,0.0,0.0,0.0,-0.0,0.26715557736140483,0.0,-0.0,0.0,0.12878297319999335,64
5.382347106933594,10.774185180664062,0.5559956431388855,0.07331093400716782,0.9830736517906189,0.1157715693116188,11.320330619812012,-0.033402640372514725,0.8362631797790527,-0.024614741802107272,-0.014954009093344212,0.6891263127326965,-0.2629019618034363,0.1286967396736145,-1.0,51.51314163208008,False,0.0,0.18731416761875153,-0.237677663564682,0.7724708914756775,0.0,-0.0014019975066184999,-0.015057991445064547,-0.01,-0.02645998895168305,0.24528996972367167,False,False,approach,False,-0.03172200918197632,-1.1792516140731997,-1.0,69,False,False,7.399999999999407,-0.14019975066184998,-0.0,0.0,0.0,0.0,0.0,0.0,-0.0,0.2394339199878357,0.0,-0.0,0.0,0.11831496248729935,64
5.302679538726807,10.559577941894531,0.19891883432865143,0.09363694489002228,0.9690333604812622,0.11478870362043381,11.564964294433594,-0.026370819658041,0.8355875015258789,-0.014855484024563445,-0.1348056197166443,0.46151676774024963,-0.676281213760376,0.4769381284713745,-1.0,51.51314163208008,False,0.0,0.18731416761875153,-0.237677663564682,0.7724708914756775,0.0,-0.0022899913787841797,-0.010374806523323066,-0.01,-0.022664797902107243,0.24787963274866343,False,False,approach,False,-0.03941766172647476,-1.1436014182795762,-1.0,70,False,False,7.499999999999396,-0.22899913787841797,-0.0,0.0,0.0,0.0,0.0,0.0,-0.0,0.2208932748170236,0.0,-0.0,0.0,0.10815664602972762,64
5.419045448303223,10.850774765014648,0.10878220200538635,0.12871938943862915,0.9884033799171448,0.11442182213068008,11.501289367675781,-0.03351854160428047,0.8404580950737,-0.03941989234935558,-0.7690050005912781,0.8730467557907104,-0.8540282249450684,0.6456103324890137,-1.0,51.51314163208008,False,0.0,0.18731416761875153,-0.237677663564682,0.7724708914756775,0.0,-0.0062493902444839475,-0.012153236269950865,-0.01,-0.028402626514434814,0.24603748274967074,False,False,approach,False,-0.04482680931687355,-2.147666013610596,-1.0,71,False,False,7.599999999999385,-0.6249390244483948,-0.0,0.0,0.0,0.0,0.0,0.0,-0.0,0.19857253966084287,0.0,-0.0,0.0,0.09303687958593748,64
6.2638163566589355,11.33250904083252,0.9804503321647644,0.095915786921978,0.9822672009468079,0.11294667422771454,12.713384628295898,-0.002119898796081543,0.843947172164917,0.022143397223991515,0.34153977036476135,1.0,0.20305004715919495,0.014664468355476856,-1.0,51.51314163208008,False,0.0,0.18731416761875153,-0.237677663564682,0.7724708914756775,0.0,-0.0028952345252037047,-0.011210850477218634,-0.01,-0.02410608500242234,0.24728605896234512,False,False,approach,False,-0.02516559325158596,-1.1839792129637743,-1.0,72,False,False,7.699999999999374,-0.2895234525203705,-0.0,0.0,0.0,0.0,0.0,0.0,-0.0,0.17793013592510332,0.0,-0.0,0.0,0.08606983343734795,64
6.530040740966797,12.479687690734863,0.9534456729888916,0.11551538854837418,0.9887153506278992,0.11226919293403625,12.802885055541992,0.003774315118789673,0.8400604724884033,-0.020751068486093545,0.7910151481628418,0.903485119342804,0.7629508972167969,0.926496148109436,-1.0,51.51314163208008,False,0.0,0.18731416761875153,-0.237677663564682,0.7724708914756775,0.0,-0.007206199169158936,-0.009153126180171972,-0.01,-0.026359325349330907,0.24984725005924702,False,False,approach,False,-0.03189457207918167,-1.1972533615543803,-1.0,73,False,False,7.799999999999363,-0.7206199169158936,-0.0,0.0,0.0,0.0,0.0,0.0,-0.0,0.16123620233967273,0.0,-0.0,0.0,0.07341190200067743,63
6.191277503967285,12.348928451538086,0.9746699333190918,0.09626570343971252,0.9771689176559448,0.11312650889158249,12.7622709274292,0.005476564168930054,0.8379971385002136,-0.024391274169684334,0.17227564752101898,0.6739678978919983,0.6743756532669067,0.7611050605773926,-1.0,51.51314163208008,False,0.0,0.18731416761875153,-0.237677663564682,0.7724708914756775,0.0,-0.00379493772983551,-0.009621800184249879,-0.01,-0.02341673791408539,0.24647518899291754,False,False,approach,False,-0.038401562720537186,-1.220243531603051,-1.0,74,False,False,7.899999999999352,-0.379493772983551,-0.0,0.0,0.0,0.0,0.0,0.0,-0.0,0.14342695085609602,0.0,-0.0,0.0,0.0679185376982125,53
5.852002143859863,12.35484790802002,0.8071250915527344,0.10275371372699738,0.9881258010864258,0.11145706474781036,13.153656005859375,0.006542123854160309,0.847003698348999,-0.023979678697895933,0.48403510451316833,0.6781948208808899,0.31104281544685364,0.4588353931903839,-1.0,51.51314163208008,False,0.0,0.18731416761875153,-0.237677663564682,0.7724708914756775,0.0,-0.0025037893652915953,-0.0077484220266342135,-0.01,-0.02025221139192581,0.24593218602240086,False,False,approach,False,-0.03269123286008835,-2.1715013415704214,-1.0,75,False,False,7.999999999999341,-0.25037893652915955,-0.0,0.0,0.0,0.0,0.0,0.0,-0.0,0.12922227075084702,0.0,-0.0,0.0,0.06210734601013192,63
6.635766983032227,12.748607635498047,0.5077829360961914,0.1609143316745758,0.9862111210823059,0.11134681105613708,13.587431907653809,0.018667958676815033,0.8477808237075806,-0.0056282474106923615,0.4928124248981476,0.8842874765396118,0.00901351124048233,0.45017921924591064,-1.0,51.51314163208008,False,0.0,0.18731416761875153,-0.237677663564682,0.7724708914756775,0.0,-0.003068927526473999,-0.006526672244071961,-0.01,-0.01959559977054596,0.2494671200402081,False,False,approach,False,-0.03088691085577011,-0.34242658413815447,-1.0,76,False,False,8.099999999999374,-0.3068927526473999,-0.0,0.0,0.0,0.0,0.0,0.0,-0.0,0.11734233866081623,0.0,-0.0,0.0,0.05560224180393411,61
6.144356727600098,12.609476089477539,0.32653185725212097,0.11466215550899506,0.9887838959693909,0.11137393862009048,13.602714538574219,0.021248213946819305,0.8456861972808838,-0.023029925138057357,0.18554124236106873,0.5157480835914612,-0.6903038024902344,0.9004769921302795,-1.0,51.51314163208008,False,0.0,0.18731416761875153,-0.237677663564682,0.7724708914756775,0.0,-0.003969499468803405,-0.006763731837272642,-0.01,-0.020733231306076048,0.24439611984416842,False,False,approach,False,-0.04948775842785835,-0.35703442077048575,-1.0,77,False,False,8.199999999999408,-0.3969499468803406,-0.0,0.0,0.0,0.0,0.0,0.0,-0.0,0.10486355837800643,0.0,-0.0,0.0,0.048462279720199807,58
6.708544731140137,13.117612838745117,0.8620098233222961,0.16183923184871674,0.9928970336914062,0.11156773567199707,14.199544906616211,0.03420225903391838,0.8508309125900269,-0.004585531920499622,0.4662085771560669,0.6987533569335938,0.33859172463417053,0.9864963293075562,-1.0,51.51314163208008,False,0.0,0.18731416761875153,-0.237677663564682,0.7724708914756775,0.0,-0.004483565390110016,-0.006433674693107606,-0.01,-0.020917240083217624,0.24495629081502557,False,False,approach,False,-0.04100599139928818,-0.3604796388256576,-1.0,78,False,False,8.299999999999441,-0.4483565390110016,-0.0,0.0,0.0,0.0,0.0,0.0,-0.0,0.09292539250425935,0.0,-0.0,0.0,0.04197913086201966,51
7.118969917297363,13.732844352722168,0.6281426548957825,0.14321066439151764,0.9938819408416748,0.11280614137649536,13.626967430114746,0.019917041063308716,0.8491771817207336,-0.053136410719558,-0.14781735837459564,1.0,0.14038562774658203,0.4826982319355011,-1.0,51.51314163208008,False,0.0,0.18731416761875153,-0.237677663564682,0.7724708914756775,0.0,-0.0031863892078399657,-0.006403400003910063,-0.01,-0.01958978921175003,0.24650290701538324,False,False,approach,False,-0.035963594913482666,-0.3732763625832988,-1.0,79,False,False,8.399999999999475,-0.3186389207839966,-0.0,0.0,0.0,0.0,0.0,0.0,-0.0,0.08092784040999856,0.0,-0.0,0.0,0.03727753099715932,54
6.5084638595581055,12.779789924621582,0.22900012135505676,0.17504671216011047,0.9910447597503662,0.11204321682453156,14.294568061828613,0.03643583133816719,0.8519234657287598,0.003309082433349401,-0.5485010147094727,0.28732073307037354,-0.9248560070991516,0.23160512745380402,-1.0,51.51314163208008,False,0.0,0.18731416761875153,-0.237677663564682,0.7724708914756775,0.0,-0.0032310155034065246,-0.004775967001914981,-0.01,-0.018006982505321505,0.24732138076797128,False,False,approach,False,-0.04533308371901512,-1.6910667577220084,-1.0,80,False,False,8.499999999999508,-0.32310155034065247,-0.0,0.0,0.0,0.0,0.0,0.0,-0.0,0.07209690277891445,0.0,-0.0,0.0,0.032817435886050704,63
6.676572799682617,13.556400299072266,0.28722241520881653,0.10355427861213684,0.9763112664222717,0.11299861967563629,13.650287628173828,0.022780485451221466,0.8472058176994324,-0.053460199782742676,-0.28151729702949524,0.6518041491508484,-0.6702935099601746,-0.8984622955322266,-1.0,51.51314163208008,False,0.0,0.18731416761875153,-0.237677663564682,0.7724708914756775,0.0,-0.004401571154594421,-0.001965577602386477,-0.01,-0.0163671487569809,0.2536271340213716,False,False,approach,False,-0.04151245579123497,-1.7022492738229287,-1.0,81,False,False,8.599999999999541,-0.44015711545944214,-0.0,0.0,0.0,0.0,0.0,0.0,-0.0,0.06885427464404992,0.0,-0.0,0.0,0.030025566167430538,63
6.266891956329346,13.011418342590332,0.3547935485839844,0.20168116688728333,0.9832416772842407,0.11268898844718933,13.706879615783691,0.030291970819234848,0.8410824537277222,-0.013158718540529097,-0.8690704703330994,0.4629514813423157,0.3352088928222656,-0.398368775844574,-1.0,51.51314163208008,False,0.0,0.18731416761875153,-0.237677663564682,0.7724708914756775,0.0,-0.0031016755104064943,-0.0012495815753936768,-0.01,-0.014351257085800172,0.24482332402840257,False,False,approach,False,-0.035736244171857834,-1.6934887495483237,-1.0,82,False,False,8.699999999999575,-0.3101675510406494,-0.0,0.0,0.0,0.0,0.0,0.0,-0.0,0.06702539814303066,0.0,-0.0,0.0,0.030411023561108835,64
5.888766288757324,13.201851844787598,0.6671004295349121,0.12950044870376587,0.9925158619880676,0.11212130635976791,13.565929412841797,0.024048179388046265,0.8425300717353821,-0.03861478395271449,-0.8567072749137878,0.8014718890190125,0.058834414929151535,-0.14105162024497986,-1.0,51.51314163208008,False,0.0,0.18731416761875153,-0.237677663564682,0.7724708914756775,0.0,-0.0034991538524627684,-0.0024719169735908514,-0.01,-0.01597107082605362,0.2475404441356659,False,False,approach,False,-0.03485450521111488,-1.6040600144197033,-1.0,83,False,False,8.799999999999608,-0.34991538524627686,-0.0,0.0,0.0,0.0,0.0,0.0,-0.0,0.06270869126344991,0.0,-0.0,0.0,0.027855191779262187,63
6.358969211578369,13.41726016998291,1.1690551042556763,0.16986142098903656,0.980556309223175,0.1123066172003746,14.178366661071777,0.0407283715903759,0.8444083333015442,0.0012168555672624742,-0.3030044138431549,0.6771608591079712,0.9067620635032654,-1.0,-1.0,51.51314163208008,False,0.0,0.18731416761875153,-0.237677663564682,0.7724708914756775,0.0,-0.005931439995765686,-0.002493468523025514,-0.01,-0.0184249085187912,0.24562156712636352,False,False,approach,False,-0.023522458970546722,-1.4252392728084833,-1.0,84,False,False,8.899999999999642,-0.5931439995765686,-0.0,0.0,0.0,0.0,0.0,0.0,-0.0,0.05830477345598983,0.0,-0.0,0.0,0.02322094673222923,63
5.888569355010986,13.315083503723145,0.3493376076221466,0.10380719602108002,0.9795166254043579,0.11444084346294403,13.46104907989502,0.03155681863427162,0.834194540977478,-0.04490527456357981,-1.0,0.4706457555294037,0.29283657670021057,-0.26478004455566406,-1.0,51.51314163208008,False,0.0,0.18731416761875153,-0.237677663564682,0.7724708914756775,0.0,-0.0034434229135513307,-0.0016393098235130306,-0.01,-0.015082732737064362,0.24664961406961083,False,False,approach,False,-0.047499917447566986,-1.4268983485887705,-1.0,85,False,False,8.999999999999675,-0.34434229135513306,-0.0,0.0,0.0,0.0,0.0,0.0,-0.0,0.05558199501447292,0.0,-0.0,0.0,0.02434757459368513,64
5.072516441345215,12.702481269836426,0.8491487503051758,0.17613205313682556,0.9785980582237244,0.11330895125865936,13.647292137145996,0.038265664130449295,0.8319411277770996,-0.012770839029541174,-0.6536793112754822,0.34255173802375793,0.13504505157470703,0.25533822178840637,-1.0,51.51314163208008,False,0.0,0.18731416761875153,-0.237677663564682,0.7724708914756775,0.0,-0.001570182740688324,-0.0022772097587585444,-0.01,-0.01384739249944687,0.2469599610194564,False,False,approach,False,-0.044012024998664856,-1.3728539081834183,-1.0,86,False,False,9.099999999999708,-0.1570182740688324,-0.0,0.0,0.0,0.0,0.0,0.0,-0.0,0.05154299754294278,0.0,-0.0,0.0,0.024201316030783068,63
5.116868019104004,13.072113990783691,0.5287176370620728,0.11110737919807434,0.9885243773460388,0.11348134279251099,13.460647583007812,0.029842328280210495,0.8349375128746033,-0.04398382719087687,-0.9529595375061035,0.8959656953811646,0.03963249921798706,0.09549519419670105,-1.0,51.51314163208008,False,0.0,0.18731416761875153,-0.237677663564682,0.7724708914756775,0.0,-0.004303941130638123,-0.0027599745988845827,-0.01,-0.017063915729522705,0.24461733317002654,False,False,approach,False,-0.04227782040834427,-1.3873774676337756,-1.0,87,False,False,9.199999999999742,-0.43039411306381226,-0.0,0.0,0.0,0.0,0.0,0.0,-0.0,0.04648788816337546,0.0,-0.0,0.0,0.018940002951049605,64
5.415696144104004,13.134688377380371,1.1242951154708862,0.12470485270023346,0.9873973727226257,0.11122686415910721,14.518113136291504,0.05620593950152397,0.8380433917045593,0.024408418387994416,0.21721027791500092,0.6804826855659485,-0.22801926732063293,0.7249607443809509,-1.0,51.51314163208008,False,0.0,0.18731416761875153,-0.237677663564682,0.7724708914756775,0.0,-0.0027194944024085997,-0.0030171439051628127,-0.01,-0.015736638307571413,0.24791729729622602,False,False,approach,False,-0.027916288003325462,-1.2923086648227162,-1.0,88,False,False,9.299999999999775,-0.27194944024086,-0.0,0.0,0.0,0.0,0.0,0.0,-0.0,0.04086221707298654,0.0,-0.0,0.0,0.01771161413408467,64
5.537885665893555,13.595551490783691,0.3310805857181549,0.08767367154359818,0.9828093647956848,0.11209364235401154,14.580853462219238,0.05509628728032112,0.8419020175933838,-0.027560598859170025,0.26256024837493896,0.2742188274860382,0.24461573362350464,0.3948293924331665,-1.0,51.51314163208008,False,0.0,0.18731416761875153,-0.237677663564682,0.7724708914756775,0.0,-0.0008996523916721344,-0.001900218427181244,-0.01,-0.012799870818853379,0.24488349724560976,False,False,approach,False,-0.054752662777900696,-1.4739138610719817,-1.0,89,False,False,9.399999999999809,-0.08996523916721344,-0.0,0.0,0.0,0.0,0.0,0.0,-0.0,0.03743615157890967,0.0,-0.0,0.0,0.017818423397782703,64
5.801784992218018,13.580228805541992,0.43322330713272095,0.13338059186935425,0.9595049023628235,0.11303338408470154,14.264355659484863,0.0514380969107151,0.8370050191879272,-0.03453094558855565,0.3950364589691162,0.49011677503585815,0.814187228679657,-0.2617286443710327,-1.0,51.51314163208008,False,0.0,0.18731416761875153,-0.237677663564682,0.7724708914756775,0.0,-0.0028191775083541873,-0.0009172058105468735,-0.01,-0.013736383318901061,0.24647988704964519,False,False,approach,False,-0.058433402329683304,-1.4430165954220544,-1.0,90,False,False,9.499999999999842,-0.2819177508354187,-0.0,0.0,0.0,0.0,0.0,0.0,-0.0,0.03596138179232544,0.0,-0.0,0.0,0.015161513387808533,64
4.7093095779418945,12.691727638244629,0.6295716166496277,0.10040029138326645,0.9650620818138123,0.11486757546663284,13.951330184936523,0.049456093460321426,0.8314304351806641,-0.02909527404861697,0.2463284432888031,0.4023311734199524,0.18223610520362854,0.17781881988048553,-1.0,51.51314163208008,False,0.0,0.18731416761875153,-0.237677663564682,0.7724708914756775,0.0,-0.0007184440642595292,-0.0007730203866958621,-0.01,-0.011491464450955391,0.2453674366697669,False,False,approach,False,-0.07651708275079727,-1.4548181596578387,-1.0,91,False,False,9.599999999999875,-0.07184440642595291,-0.0,0.0,0.0,0.0,0.0,0.0,-0.0,0.034762982861518466,0.0,-0.0,0.0,0.016663047366499702,64
4.886031150817871,12.924049377441406,0.5610374212265015,0.13263089954853058,0.9805723428726196,0.11375146359205246,14.820911407470703,0.0722523033618927,0.8336055278778076,0.019080317102401545,0.3344581425189972,1.0,0.4999759793281555,0.13014110922813416,-1.0,51.51314163208008,False,0.0,0.18731416761875153,-0.237677663564682,0.7724708914756775,0.0,-0.0034469372034072877,-0.001314067542552949,-0.01,-0.014761004745960237,0.24836410023272038,False,False,approach,False,-0.06488721072673798,-1.4159664675349162,-1.0,92,False,False,9.699999999999909,-0.34469372034072876,-0.0,0.0,0.0,0.0,0.0,0.0,-0.0,0.032459437882846554,0.0,-0.0,0.0,0.012782781738015989,64
5.192774772644043,13.876731872558594,0.47916123270988464,0.10908038914203644,0.9846028089523315,0.1130521222949028,14.92492389678955,0.07106903195381165,0.8372098803520203,-0.03408104083953614,0.000835574057418853,0.9793180227279663,0.9189544320106506,1.0,-1.0,51.51314163208008,False,0.0,0.18731416761875153,-0.237677663564682,0.7724708914756775,0.0,-0.007008854150772095,-0.0020141050219535835,-0.01,-0.01902295917272568,0.2457003490999341,False,False,approach,False,-0.06798915565013885,-1.5694988572178161,-1.0,93,False,False,9.799999999999942,-0.7008854150772095,-0.0,0.0,0.0,0.0,0.0,0.0,-0.0,0.028718408009006158,0.0,-0.0,0.0,0.007350349853730984,64
4.797959327697754,12.969110488891602,0.631841778755188,0.11532627046108246,0.9660630822181702,0.11484786123037338,14.568902969360352,0.06779827177524567,0.8315957188606262,-0.034307506235634735,-0.2195303738117218,-0.5424486398696899,0.48952269554138184,0.6555637717247009,-1.0,51.51314163208008,False,0.0,0.18731416761875153,-0.237677663564682,0.7724708914756775,0.0,-0.0025296011567115784,-0.0013142046332359318,-0.01,-0.013843805789947511,0.24296924006193876,False,False,approach,False,-0.10246183723211288,-1.506662466787582,-1.0,94,False,False,9.899999999999975,-0.25296011567115784,-0.0,0.0,0.0,0.0,0.0,0.0,-0.0,0.026353495999390186,0.0,-0.0,0.0,0.010647146842983514,64
4.693656921386719,13.07204532623291,0.6509475708007812,0.11243221908807755,0.9623829126358032,0.11452114582061768,14.187110900878906,0.053980547934770584,0.8336330056190491,-0.05480100390029337,0.42921677231788635,0.34886395931243896,0.6959183216094971,-0.17600210011005402,-1.0,51.51314163208008,False,0.0,0.18731416761875153,-0.237677663564682,0.7724708914756775,0.0,-0.0020530304312705995,-8.739322423934916e-05,-0.01,-0.01214042365550995,0.2432808792218566,False,False,approach,False,-0.08641569316387177,-2.4366489635315625,-1.0,95,False,False,10.000000000000009,-0.20530304312705994,-0.0,0.0,0.0,0.0,0.0,0.0,-0.0,0.0264431644006059,0.0,-0.0,0.0,0.01116855176903235,64
4.408639907836914,12.433891296386719,0.4616936147212982,0.13610824942588806,0.9644284248352051,0.11497949063777924,14.469597816467285,0.06558653712272644,0.8309599757194519,-0.0014068276980099027,0.24359747767448425,-0.020575666800141335,0.4070416986942291,0.2094598412513733,-1.0,51.51314163208008,False,0.0,0.18731416761875153,-0.237677663564682,0.7724708914756775,0.0,-0.0006732986867427826,-0.00022536098957061726,-0.01,-0.0108986596763134,0.245425954926759,False,False,approach,False,-0.0868261381983757,-1.6577105725166172,-1.0,96,False,False,10.100000000000042,-0.06732986867427826,-0.0,0.0,0.0,0.0,0.0,0.0,-0.0,0.026254986269730884,0.0,-0.0,0.0,0.012454194448122659,61
4.181403160095215,12.632920265197754,0.32327648997306824,0.08562012016773224,0.9578924179077148,0.1160859540104866,14.452527046203613,0.06494683027267456,0.8321940302848816,-0.030766539431900483,0.9054991602897644,-0.27273738384246826,1.0,-0.054859913885593414,-1.0,51.51314163208008,False,0.0,0.18731416761875153,-0.237677663564682,0.7724708914756775,0.0,-0.00474331021308899,0.00016624629497528041,-0.01,-0.01457706391811371,0.24927572114393115,False,False,approach,False,-0.09924118220806122,-1.6604392570332283,-1.0,97,False,False,10.200000000000076,-0.4743310213088989,-0.0,0.0,0.0,0.0,0.0,0.0,-0.0,0.026856022272175872,0.0,-0.0,0.0,0.008684700922998946,64
2.8625428676605225,10.727523803710938,0.3959087133407593,0.14989125728607178,0.0686473473906517,0.11868086457252502,11.047873497009277,-0.009778710082173347,0.8073748350143433,-2.3528596746966786,-0.19699323177337646,-0.4254908561706543,0.13884468376636505,-0.15728406608104706,1.0,51.51314163208008,False,0.0,0.18731416761875153,-0.237677663564682,0.7724708914756775,0.0,-0.0006596623361110688,0.000699599683284759,-0.01,-0.009960062652826309,0.24777727108448744,False,False,approach,False,-2.3623900413513184,-1.6206846635623955,1.0,98,False,False,10.300000000000109,-0.06596623361110687,-0.0,0.0,0.0,0.0,0.0,0.0,-0.0,0.02854063543431462,0.0,-0.0,0.0,0.013610655381046242,61
0.9081244468688965,8.683788299560547,0.7067630290985107,0.14709821343421936,0.015295656397938728,0.1198284924030304,10.005972862243652,-0.03192949667572975,0.7994162440299988,-0.025933636090201627,-0.3350704610347748,-0.6814529299736023,-0.140072301030159,-0.7823744416236877,1.0,51.51314163208008,False,0.0,0.18731416761875153,-0.237677663564682,0.7724708914756775,0.0,-0.0030209508538246157,0.00096822202205658,-0.01,-0.012052728831768035,0.24839657684788108,False,False,approach,False,-0.05473239719867706,-0.07997466579204954,1.0,99,False,False,10.400000000000142,-0.30209508538246155,-0.0,0.0,0.0,0.0,0.0,0.0,-0.0,0.03078494318694136,0.0,-0.0,0.0,0.012371520739646064,59
0.6821513175964355,8.315081596374512,0.5047181844711304,0.1645534634590149,0.005380870774388313,0.1183839738368988,10.169634819030762,-0.029438141733407974,0.8003902435302734,-6.309755794062233e-05,0.3495868444442749,-0.2403569221496582,-0.45954447984695435,-0.8575391173362732,1.0,51.51314163208008,False,0.0,0.18731416761875153,-0.237677663564682,0.7724708914756775,0.0,-0.0028163421154022215,0.0014961916208267208,-0.01,-0.011320150494575501,0.2488992470316589,False,False,approach,False,-0.037903688848018646,-0.14417326551274576,1.0,100,False,False,10.500000000000176,-0.28163421154022217,-0.0,0.0,0.0,0.0,0.0,0.0,-0.0,0.03411852030890461,0.0,-0.0,0.0,0.014242918039050083,43
0.6304383277893066,8.00228500366211,0.1652054488658905,0.12271682173013687,0.0009196080500259995,0.11932481825351715,9.33554744720459,-0.046593036502599716,0.7934633493423462,-0.020042492402261275,0.9892160892486572,-0.8612462878227234,0.23129165172576904,-0.6356043815612793,1.0,51.51314163208008,False,0.0,0.18731416761875153,-0.237677663564682,0.7724708914756775,0.0,-0.005444456338882447,0.0020034611225128174,-0.01,-0.01344099521636963,0.24245465965941548,False,False,approach,False,-0.04650767147541046,-0.1867954172124311,1.0,101,False,False,10.60000000000021,-0.5444456338882446,-0.0,0.0,0.0,0.0,0.0,0.0,-0.0,0.038510543212859405,0.0,-0.0,0.0,0.013810815267547256,1
0.3062129020690918,7.243134021759033,0.41428208351135254,0.19701091945171356,0.0012574997963383794,0.12026572972536087,9.346869468688965,-0.04630453139543533,0.7944554090499878,0.0017039833156357303,0.8644408583641052,-0.9513426423072815,0.12513725459575653,-1.0,1.0,51.51314163208008,False,0.0,0.18731416761875153,-0.237677663564682,0.7724708914756775,0.0,-0.0066699254512786865,0.003604975044727326,-0.01,-0.01306495040655136,0.24858574476093054,False,False,approach,False,-0.045548804104328156,0.692849164062285,1.0,102,False,False,10.700000000000243,-0.6669925451278687,-0.0,0.0,0.0,0.0,0.0,0.0,-0.0,0.04618229319186362,0.0,-0.0,0.0,0.016421221144653123,39
0.8716821670532227,8.065494537353516,0.3375920355319977,0.1158130019903183,0.6896756887435913,0.1198565810918808,12.32088851928711,0.02467929944396019,0.8122829794883728,1.2125794915688786,0.9750577807426453,-0.9062288999557495,1.0,-0.5332688689231873,-1.0,51.51314163208008,False,0.0,0.18731416761875153,-0.237677663564682,0.7724708914756775,0.0,-0.007640910148620605,0.004489510655403137,-0.01,-0.013151399493217468,0.2491797129623592,False,False,approach,False,-0.03117242082953453,-0.16045416225119769,-1.0,103,False,False,10.800000000000276,-0.7640910148620605,-0.0,0.0,0.0,0.0,0.0,0.0,-0.0,0.05571855275867388,0.0,-0.0,0.0,0.020218366230716333,16
1.112675666809082,8.53162956237793,0.17026835680007935,0.14448973536491394,0.013662288896739483,0.122656911611557,9.016645431518555,-0.04870700091123581,0.7893423438072205,-2.2276743613031997,0.2759484350681305,-0.5272120833396912,1.0,-0.06411611288785934,1.0,51.51314163208008,False,0.0,0.18731416761875153,-0.237677663564682,0.7724708914756775,0.0,-0.0033955276012420654,0.0038868242502212505,-0.01,-0.009508703351020815,0.24433455523103476,False,False,approach,False,-2.243955612182617,-2.2933030203472278,1.0,104,False,False,10.90000000000031,-0.33955276012420654,-0.0,0.0,0.0,0.0,0.0,0.0,-0.0,0.06413349902288634,0.0,-0.0,0.0,0.028671221910201106,35
0.406569242477417,7.455228805541992,0.3898235857486725,0.12367837131023407,0.0074373153038322926,0.12307783961296082,9.437994003295898,-0.041408613324165344,0.7951053380966187,0.006785539633614829,0.901013970375061,-0.04732156917452812,0.3241910934448242,-0.4831899106502533,1.0,51.51314163208008,False,0.0,0.18731416761875153,-0.237677663564682,0.7724708914756775,0.0,-0.0028815948963165283,0.0021111652255058275,-0.01,-0.0107704296708107,0.24801894323900342,False,False,approach,False,-0.05563652887940407,-0.03404899700759621,1.0,105,False,False,11.000000000000343,-0.28815948963165283,-0.0,0.0,0.0,0.0,0.0,0.0,-0.0,0.06904628533642754,0.0,-0.0,0.0,0.03164154777189724,40
0.38278698921203613,7.286074161529541,0.7138935327529907,0.1324230134487152,0.0018733711913228035,0.12732160091400146,8.239867210388184,-0.06582717597484589,0.7878238558769226,-0.03466621190015371,-0.16270717978477478,-1.0,0.3655621111392975,-0.5884129405021667,1.0,51.51314163208008,False,0.0,0.18731416761875153,-0.237677663564682,0.7724708914756775,0.0,-0.003765847682952881,0.0027436324954032906,-0.01,-0.01102221518754959,0.24913914827629924,False,False,approach,False,-0.06781216710805893,0.5723612295830938,1.0,106,False,False,11.100000000000376,-0.3765847682952881,-0.0,0.0,0.0,0.0,0.0,0.0,-0.0,0.07528645385547006,0.0,-0.0,0.0,0.03387737924478215,33
0.25665760040283203,6.828378677368164,0.6550723314285278,0.13700821995735168,0.0012780639808624983,0.1243571937084198,8.218767166137695,-0.0712849497795105,0.7896842360496521,-0.0002942282949183143,0.7209616303443909,-0.6152915954589844,-0.27184128761291504,-0.7388469576835632,1.0,51.51314163208008,False,0.0,0.18731416761875153,-0.237677663564682,0.7724708914756775,0.0,-0.0037954047322273257,0.005014534294605258,-0.01,-0.008780870437622068,0.24920098995789886,False,False,approach,False,-0.05075109377503395,0.6613826442285204,1.0,107,False,False,11.20000000000041,-0.37954047322273254,-0.0,0.0,0.0,0.0,0.0,0.0,-0.0,0.08617726593217145,0.0,-0.0,0.0,0.039293228233858404,31
0.4646599292755127,6.869853973388672,0.40539294481277466,0.14024102687835693,0.0010026972740888596,0.12918299436569214,7.41344690322876,-0.08605371415615082,0.7851191759109497,-0.018356011688489864,-0.049259159713983536,0.07259171456098557,0.2832428216934204,-0.5936135649681091,1.0,51.51314163208008,False,0.0,0.18731416761875153,-0.237677663564682,0.7724708914756775,0.0,-0.0011007489264011382,0.0036530396342277505,-0.01,-0.007447709292173388,0.2499388139694929,False,False,approach,False,-0.04754393547773361,0.6893295745488668,1.0,108,False,False,11.300000000000443,-0.11007489264011383,-0.0,0.0,0.0,0.0,0.0,0.0,-0.0,0.09442760783330773,0.0,-0.0,0.0,0.04611305499025273,3
0.305783748626709,6.35275936126709,0.6231617331504822,0.10546666383743286,0.0014360975474119186,0.13175176084041595,7.232491493225098,-0.08881376683712006,0.7850193381309509,-0.008002573165781813,0.05170657858252525,-0.24001961946487427,0.188308447599411,-0.5777320265769958,1.0,51.51314163208008,False,0.0,0.18731416761875153,-0.237677663564682,0.7724708914756775,0.0,-0.0010737933218479157,0.0011912551522254913,-0.01,-0.009882538169622425,0.25260382192209363,False,False,approach,False,-0.0525372177362442,0.6441348094565188,1.0,109,False,False,11.400000000000476,-0.10737933218479156,-0.0,0.0,0.0,0.0,0.0,0.0,-0.0,0.09778808609789469,0.0,-0.0,0.0,0.04782024972709943,32
0.8547723293304443,7.334660530090332,0.619881808757782,0.13490164279937744,0.6773024797439575,0.12682032585144043,10.216142654418945,-0.015196796506643295,0.7959804534912109,1.1024485864567772,0.2890990972518921,-0.5369489789009094,-0.5456945896148682,-0.6364825963973999,-1.0,51.51314163208008,False,0.0,0.18731416761875153,-0.237677663564682,0.7724708914756775,0.0,-0.0026869630813598634,0.0028836667537689223,-0.01,-0.009803296327590942,0.2504063230007887,False,False,approach,False,0.02238449826836586,0.6625037140121911,-1.0,110,False,False,11.50000000000051,-0.26869630813598633,-0.0,0.0,0.0,0.0,0.0,0.0,-0.0,0.10460139682371394,0.0,-0.0,0.0,0.04961373533049711,1
1.1754393577575684,8.334809303283691,0.07388920336961746,0.09974759072065353,0.8870804309844971,0.1243741512298584,11.352747917175293,0.009073827415704727,0.8033618330955505,0.010593985725394066,0.49777668714523315,-0.9948965907096863,0.8805455565452576,-0.4993515610694885,-1.0,51.51314163208008,False,0.0,0.18731416761875153,-0.237677663564682,0.7724708914756775,0.0,-0.005655783414840698,0.005688857734203336,-0.01,-0.009966925680637364,0.2510569589212537,False,False,approach,False,-2.0718843936920166,-1.436309560619896,-1.0,111,False,False,11.600000000000543,-0.5655783414840698,-0.0,0.0,0.0,0.0,0.0,0.0,-0.0,0.11715064945284026,0.0,-0.0,0.0,0.05291954131157943,19
1.1301636695861816,8.09913158416748,0.9211856126785278,0.11214734613895416,0.19444453716278076,0.13179178535938263,8.292901039123535,-0.05969417095184326,0.7877520322799683,-2.0966596247135936,-0.038584429770708084,0.3231761157512665,-1.0,0.5575636625289917,1.0,51.51314163208008,False,0.0,0.18731416761875153,-0.237677663564682,0.7724708914756775,0.0,-0.0035420221090316775,0.0041140162944793696,-0.01,-0.009428005814552307,0.25155035499483347,False,False,approach,False,-2.1336560249328613,-2.2158208236412196,1.0,112,False,False,11.700000000000577,-0.3542022109031677,-0.0,0.0,0.0,0.0,0.0,0.0,-0.0,0.12664508813831987,0.0,-0.0,0.0,0.05978052196012826,41
0.337749719619751,6.200387954711914,0.4440709948539734,0.12663504481315613,0.02692936174571514,0.1376049667596817,6.598426342010498,-0.09788517653942108,0.780921995639801,-0.07706737335666337,-0.6546527147293091,-1.0,-0.0734015628695488,0.2868407368659973,1.0,51.51314163208008,False,0.0,0.18731416761875153,-0.237677663564682,0.7724708914756775,0.0,-0.0037905889749526977,-0.0005830976366996837,-0.01,-0.014373686611652382,0.25149713596329093,False,False,approach,False,-0.08414521813392639,-0.1935650485486951,1.0,113,False,False,11.80000000000061,-0.3790588974952698,-0.0,0.0,0.0,0.0,0.0,0.0,-0.0,0.12674632993417367,0.0,-0.0,0.0,0.05958257599213414,32
0.33054351806640625,5.770627021789551,0.9908437728881836,0.13490720093250275,0.006142652127891779,0.13765572011470795,6.707005977630615,-0.09748539328575134,0.7838303446769714,0.004787105917016426,-0.7020477652549744,-0.9388859868049622,-0.3356000483036041,-1.0,1.0,51.51314163208008,False,0.0,0.18731416761875153,-0.237677663564682,0.7724708914756775,0.0,-0.006217513680458069,0.006157803833484646,-0.01,-0.010059709846973424,0.2508028019219637,False,False,approach,False,-0.05489324778318405,-0.08792749160566136,1.0,114,False,False,11.900000000000643,-0.6217513680458069,-0.0,0.0,0.0,0.0,0.0,0.0,-0.0,0.14046662251537356,0.0,-0.0,0.0,0.06401579757722871,26
0.727611780166626,6.664649963378906,0.6130649447441101,0.09080646932125092,0.8498489856719971,0.12734884023666382,9.990062713623047,-0.020107034593820572,0.7946367859840393,1.0468161648124386,0.4433233439922333,-0.5832367539405823,0.20415951311588287,0.05882152169942856,-1.0,51.51314163208008,False,0.0,0.18731416761875153,-0.237677663564682,0.7724708914756775,0.0,-0.0014546045660972595,0.007492987513542174,-0.01,-0.003961617052555086,0.2513455059379339,False,False,approach,False,0.012068524956703186,-1.0035768992481926,-1.0,115,False,False,12.000000000000677,-0.14546045660972595,-0.0,0.0,0.0,0.0,0.0,0.0,-0.0,0.157022860221823,0.0,-0.0,0.0,0.07705682554481423,25
0.7025539875030518,6.86933708190918,0.4745609164237976,0.1028519868850708,0.21528567373752594,0.13134519755840302,8.485456466674805,-0.05663580447435379,0.7900237441062927,-1.987388988932964,0.4542435109615326,0.19773730635643005,-0.06643009930849075,0.10951714217662811,1.0,51.51314163208008,False,0.0,0.18731416761875153,-0.237677663564682,0.7724708914756775,0.0,-0.0006546103954315186,0.003054958879947667,-0.01,-0.0075996515154838525,0.2507590721361339,False,False,approach,False,-2.0635387897491455,-1.50159007003052,1.0,116,False,False,12.10000000000071,-0.06546103954315186,-0.0,0.0,0.0,0.0,0.0,0.0,-0.0,0.16478056443586753,0.0,-0.0,0.0,0.08173567182250224,22
0.5242705345153809,6.559042453765869,0.6572037935256958,0.12081608921289444,0.3419971764087677,0.1327364444732666,8.005245208740234,-0.06778573989868164,0.7881585955619812,-0.0405917952693656,-0.5514751672744751,-0.07473459094762802,-0.5517591834068298,0.5748006701469421,1.0,51.51314163208008,False,0.0,0.18731416761875153,-0.237677663564682,0.7724708914756775,0.0,-0.002361360490322113,-0.002336765229701998,-0.01,-0.014698125720024111,0.2490509278140962,False,False,approach,False,-0.07477506250143051,-0.17937899955693765,1.0,117,False,False,12.200000000000744,-0.2361360490322113,-0.0,0.0,0.0,0.0,0.0,0.0,-0.0,0.16172426507331827,0.0,-0.0,0.0,0.07850077204633703,25
0.7013916969299316,6.515336990356445,0.1185959205031395,0.134343221783638,0.038545459508895874,0.13496237993240356,7.657966613769531,-0.07731199264526367,0.7894924283027649,-0.02734026898873411,0.3355446457862854,-0.16881157457828522,0.18778753280639648,-0.34371328353881836,1.0,51.51314163208008,False,0.0,0.18731416761875153,-0.237677663564682,0.7724708914756775,0.0,-0.0007362263649702072,-0.0010867583751678483,-0.01,-0.011822984740138057,0.2495877812616527,False,False,approach,False,-0.06650864332914352,0.45573765424511004,1.0,118,False,False,12.300000000000777,-0.07362263649702072,-0.0,0.0,0.0,0.0,0.0,0.0,-0.0,0.161162392132287,0.0,-0.0,0.0,0.07984496970117329,21
0.46560168266296387,5.982931137084961,1.0173887014389038,0.09769211709499359,0.030186941847205162,0.13816620409488678,6.505256175994873,-0.10027533769607544,0.7810782790184021,-0.05525857602004522,-0.6487094759941101,-0.13843141496181488,1.0,0.3113827109336853,1.0,51.51314163208008,False,0.0,0.18731416761875153,-0.237677663564682,0.7724708914756775,0.0,-0.0038423660397529603,0.000599123835563653,-0.01,-0.013243242204189307,0.24736585281789303,False,False,approach,False,-0.08499247580766678,0.4704440244199003,1.0,119,False,False,12.40000000000081,-0.384236603975296,-0.0,0.0,0.0,0.0,0.0,0.0,-0.0,0.1640006475594734,0.0,-0.0,0.0,0.07815795773998374,3
0.36711692810058594,5.659177780151367,0.4212034344673157,0.14762064814567566,0.005845610983669758,0.13877654075622559,6.608703136444092,-0.09972265362739563,0.7842393517494202,-0.0022998322322302046,0.07801737636327744,-0.8366174697875977,-0.17515209317207336,-0.9746898412704468,1.0,51.51314163208008,False,0.0,0.18731416761875153,-0.237677663564682,0.7724708914756775,0.0,-0.004216785430908203,0.0026720961928367593,-0.01,-0.011544689238071445,0.25109592312946916,False,False,approach,False,-0.04987119138240814,-0.11855701080274533,1.0,120,False,False,12.500000000000844,-0.4216785430908203,-0.0,0.0,0.0,0.0,0.0,0.0,-0.0,0.17105538571353607,0.0,-0.0,0.0,0.08131090742585984,1
1.0205864906311035,6.884340763092041,0.34926682710647583,0.09299852699041367,0.7453325390815735,0.12829233705997467,9.931450843811035,-0.024698354303836823,0.7984132766723633,1.0047569063918216,0.32427525520324707,-0.6427050232887268,-0.24249644577503204,-0.5961129069328308,-1.0,51.51314163208008,False,0.0,0.18731416761875153,-0.237677663564682,0.7724708914756775,0.0,-0.0023309481143951416,0.009939520061016088,-0.01,-0.002391428053379054,0.24841469060629606,False,False,approach,False,0.03538266569375992,-0.11534633306672026,-1.0,121,False,False,12.600000000000877,-0.23309481143951416,-0.0,0.0,0.0,0.0,0.0,0.0,-0.0,0.19286304946774502,0.0,-0.0,0.0,0.09410057661947736,27
1.3943135738372803,7.931733131408691,0.4893731474876404,0.08974117040634155,0.0832415446639061,0.13365788757801056,7.953271865844727,-0.07075826823711395,0.790493369102478,-1.9532199020557626,-1.0,1.0,-1.0,-0.4867461919784546,1.0,51.51314163208008,False,0.0,0.18731416761875153,-0.237677663564682,0.7724708914756775,0.0,-0.008092304468154907,0.0017197793722152632,-0.01,-0.016372525095939644,0.2478469698689878,False,False,approach,False,-1.9702471494674683,-1.5766671501833596,1.0,122,False,False,12.70000000000091,-0.8092304468154907,-0.0,0.0,0.0,0.0,0.0,0.0,-0.0,0.19828544945559656,0.0,-0.0,0.0,0.09105042025964337,32
1.070326566696167,7.1288042068481445,0.34899207949638367,0.09615683555603027,0.074856698513031,0.13293872773647308,8.040897369384766,-0.06894455850124359,0.7905892729759216,-0.02483003531861726,-0.7491100430488586,0.3534680902957916,0.723906397819519,0.04283548519015312,1.0,51.51314163208008,False,0.0,0.18731416761875153,-0.237677663564682,0.7724708914756775,0.0,-0.0030299520492553713,-0.010253593921661378,-0.01,-0.02328354597091675,0.24650207115337253,False,False,approach,False,-0.059777405112981796,0.3958259760822864,1.0,123,False,False,12.800000000000944,-0.3029952049255371,-0.0,0.0,0.0,0.0,0.0,0.0,-0.0,0.17957399952781672,0.0,-0.0,0.0,0.086757047714653,40
0.8480668067932129,6.6171393394470215,0.23660816252231598,0.09538248181343079,0.018430428579449654,0.1360267698764801,7.519557476043701,-0.08016479015350342,0.7892573475837708,-0.0401494508471414,-0.15984444320201874,-0.4436356723308563,-0.3326217830181122,-0.8982926607131958,1.0,51.51314163208008,False,0.0,0.18731416761875153,-0.237677663564682,0.7724708914756775,0.0,-0.0028498244285583498,-0.002908086478710173,-0.01,-0.015757910907268524,0.2504903469234705,False,False,approach,False,-0.0779804214835167,0.38624242308381335,1.0,124,False,False,12.900000000000977,-0.28498244285583496,-0.0,0.0,0.0,0.0,0.0,0.0,-0.0,0.1755129765681941,0.0,-0.0,0.0,0.08490666385553869,64
0.8903563022613525,6.491085052490234,0.33621931076049805,0.08824744820594788,0.040019962936639786,0.1334717571735382,8.043416976928711,-0.06966757774353027,0.7919209003448486,0.0252489557809792,0.13813957571983337,-0.029836062341928482,-0.013959306292235851,-0.42582967877388,1.0,51.51314163208008,False,0.0,0.18731416761875153,-0.237677663564682,0.7724708914756775,0.0,-0.0005037462711334229,0.0030452382564544606,-0.01,-0.007458508014678962,0.25078009022399783,False,False,approach,False,-0.028276268392801285,0.6063448288612769,1.0,125,False,False,13.00000000000101,-0.050374627113342285,-0.0,0.0,0.0,0.0,0.0,0.0,-0.0,0.18343785819162772,0.0,-0.0,0.0,0.09121518282468044,45
1.2827098369598389,7.231610298156738,0.4087672233581543,0.08018916100263596,0.008435558527708054,0.13668754696846008,7.170177459716797,-0.08897286653518677,0.7882447838783264,-0.05262884586385309,-0.5126519203186035,0.084687739610672,-0.079749196767807,-1.0,1.0,51.51314163208008,False,0.0,0.18731416761875153,-0.237677663564682,0.7724708914756775,0.0,-0.003190859854221344,9.557545185089056e-05,-0.01,-0.013095284402370453,0.29099947726354003,False,False,approach,False,-0.05837569385766983,-0.2850234969987815,1.0,126,False,False,13.100000000001044,-0.3190859854221344,-0.0,0.0,0.0,0.0,0.0,0.0,-0.0,0.1854838223072548,0.0,-0.0,0.0,0.08955105129940605,47
0.8331656455993652,6.195713996887207,0.6617796421051025,0.10225677490234375,0.024597685784101486,0.133871391415596,7.957854270935059,-0.07060064375400543,0.7906867265701294,0.03062351099477264,0.5566889643669128,-0.3327915072441101,0.2466735541820526,-0.5258592367172241,1.0,51.51314163208008,False,0.0,0.18731416761875153,-0.237677663564682,0.7724708914756775,0.0,-0.001895071417093277,0.0005747628211975053,-0.01,-0.011320308595895771,0.2543191481381655,False,False,approach,False,-0.021226437762379646,-0.27681253989518984,1.0,127,False,False,13.200000000001078,-0.1895071417093277,-0.0,0.0,0.0,0.0,0.0,0.0,-0.0,0.18851850053184516,0.0,-0.0,0.0,0.0923641788488293,60
0.8193910121917725,6.723506927490234,0.26608866453170776,0.09732814133167267,0.021959654986858368,0.13543392717838287,7.127962112426758,-0.08910398185253143,0.7858558297157288,-0.045630966088791615,-0.41693076491355896,-0.5792741775512695,-0.3962149918079376,0.9485766291618347,1.0,51.51314163208008,False,0.0,0.18731416761875153,-0.237677663564682,0.7724708914756775,0.0,-0.00391543447971344,0.0038781148195266707,-0.01,-0.01003731966018677,0.25263594137504697,False,False,approach,False,-0.05494202300906181,-0.26123927721413776,1.0,128,False,False,13.300000000001111,-0.391543447971344,-0.0,0.0,0.0,0.0,0.0,0.0,-0.0,0.19825732039503519,0.0,-0.0,0.0,0.09521322571780415,62
1.5831589698791504,8.171795845031738,0.4260873794555664,0.10200320184230804,0.6835495829582214,0.12499535083770752,10.893708229064941,-0.006845226511359215,0.8061308860778809,0.9453155090855279,0.6255808472633362,-0.534469723701477,0.2053254395723343,0.31081971526145935,-1.0,51.51314163208008,False,0.0,0.18731416761875153,-0.237677663564682,0.7724708914756775,0.0,-0.0020394417643547057,0.004480816721916192,-0.01,-0.007558625042438514,0.24684941116720438,False,False,approach,False,0.052944134920835495,-0.21192910066736242,-1.0,129,False,False,13.400000000001144,-0.20394417643547058,-0.0,0.0,0.0,0.0,0.0,0.0,-0.0,0.20931206340358044,0.0,-0.0,0.0,0.10261658993743551,63
2.5247693061828613,9.992669105529785,0.6461459994316101,0.07793528586626053,0.8056378364562988,0.12416468560695648,11.261999130249023,0.0027620233595371246,0.8067417144775391,-0.008792005768630023,0.3166009783744812,0.239006906747818,0.3254859745502472,0.4730871319770813,-1.0,51.51314163208008,False,0.0,0.18731416761875153,-0.237677663564682,0.7724708914756775,0.0,-0.001217782571911812,0.0032970330119132946,-0.01,-0.007920749559998518,0.2529033599421382,False,False,approach,False,-0.04940493777394295,-2.22255591871851,-1.0,130,False,False,13.500000000001178,-0.12177825719118118,-0.0,0.0,0.0,0.0,0.0,0.0,-0.0,0.21808701902296268,0.0,-0.0,0.0,0.10782572693956953,64
2.771085500717163,10.438446044921875,0.352274626493454,0.08878668397665024,0.8076529502868652,0.12440096586942673,11.540109634399414,0.0077349841594696045,0.8103483319282532,-0.01574607399322646,0.26955121755599976,-0.34737300872802734,0.23931361734867096,-0.017504671588540077,-1.0,51.51314163208008,False,0.0,0.18731416761875153,-0.237677663564682,0.7724708914756775,0.0,-0.0006272582709789277,-0.0005610099434852633,-0.01,-0.01118826821446419,0.2528412858955562,False,False,approach,False,-0.04878481850028038,-2.117701804639758,-1.0,131,False,False,13.600000000001211,-0.06272582709789276,-0.0,0.0,0.0,0.0,0.0,0.0,-0.0,0.2191565277665738,0.0,-0.0,0.0,0.10895100561230797,62
2.9634714126586914,10.666780471801758,0.5902087688446045,0.11236976087093353,0.8344789743423462,0.1217762678861618,11.548007011413574,0.007657326757907867,0.8080382347106934,-0.025934069269048385,0.38873976469039917,0.5644708275794983,-0.2031051516532898,0.7742870450019836,-1.0,51.51314163208008,False,0.0,0.18731416761875153,-0.237677663564682,0.7724708914756775,0.0,-0.0027762949466705322,-0.0006369319558143655,-0.01,-0.013413226902484898,0.2480200482532382,False,False,approach,False,-0.05223670229315758,-2.116610179307708,-1.0,132,False,False,13.700000000001245,-0.2776294946670532,-0.0,0.0,0.0,0.0,0.0,0.0,-0.0,0.22008353398505065,0.0,-0.0,0.0,0.10726547204585479,64
3.3385634422302246,11.359346389770508,0.23439601063728333,0.09504997730255127,0.9069597721099854,0.12202035635709763,11.877238273620605,0.014447174966335297,0.8113693594932556,-0.01454636930011808,0.1484823077917099,0.7652875185012817,-0.161479651927948,0.6476991176605225,-1.0,51.51314163208008,False,0.0,0.18731416761875153,-0.237677663564682,0.7724708914756775,0.0,-0.0026332545280456543,-0.0094394537806511,-0.01,-0.022072708308696752,0.2509553204290569,False,False,approach,False,-0.03123575448989868,-2.2292400161040864,-1.0,133,False,False,13.800000000001278,-0.26332545280456543,-0.0,0.0,0.0,0.0,0.0,0.0,-0.0,0.20323704398969022,0.0,-0.0,0.0,0.09898526746679946,64
3.224968910217285,11.085990905761719,0.48488253355026245,0.09172634780406952,0.8672816157341003,0.12304370105266571,12.056733131408691,0.01949509233236313,0.8127296566963196,-0.019895411790779284,0.6710229516029358,-0.5950002074241638,-0.4313046336174011,1.0,-1.0,51.51314163208008,False,0.0,0.18731416761875153,-0.237677663564682,0.7724708914756775,0.0,-0.0049758020043373105,-0.006214901506900794,-0.01,-0.021190703511238106,0.249326943885535,False,False,approach,False,-0.05243034288287163,-2.1712240366660844,-1.0,134,False,False,13.900000000001311,-0.4975802004337311,-0.0,0.0,0.0,0.0,0.0,0.0,-0.0,0.19273452608717268,0.0,-0.0,0.0,0.09139146103924903,64
3.4999191761016846,11.266237258911133,0.4673263430595398,0.11195141077041626,0.9340152740478516,0.12043400853872299,12.575739860534668,0.026105497032403946,0.8190797567367554,-0.019543915229993533,-0.4820517897605896,1.0,-1.0,1.0,-1.0,51.51314163208008,False,0.0,0.18731416761875153,-0.237677663564682,0.7724708914756775,0.0,-0.008080934882164001,-0.004502182304859159,-0.01,-0.02258311718702316,0.24584210431203246,False,False,approach,False,-0.05917258933186531,-2.180667028026743,-1.0,135,False,False,14.000000000001345,-0.8080934882164001,-0.0,0.0,0.0,0.0,0.0,0.0,-0.0,0.1855860698079801,0.0,-0.0,0.0,0.08471210002182604,64
4.496121406555176,12.40295124053955,0.22610679268836975,0.08784684538841248,0.8441082835197449,0.12097876518964767,13.034540176391602,0.03420150652527809,0.8252925276756287,-0.010845427866416653,0.08337228000164032,0.48828125,-0.45888158679008484,0.5194376111030579,-1.0,51.51314163208008,False,0.0,0.18731416761875153,-0.237677663564682,0.7724708914756775,0.0,-0.001814393252134323,-0.011619137525558473,-0.01,-0.023433530777692797,0.2522306521423161,False,False,approach,False,-0.029918603599071503,-2.2765422891923617,-1.0,136,False,False,14.100000000001378,-0.1814393252134323,-0.0,0.0,0.0,0.0,0.0,0.0,-0.0,0.16398762288295765,0.0,-0.0,0.0,0.0801794181893445,63
4.858046531677246,12.530474662780762,0.13894112408161163,0.09232675284147263,0.8476195335388184,0.12340646982192993,12.626070022583008,0.027200959622859955,0.8224666714668274,-0.04114108484047619,-0.8412035703659058,0.5159028172492981,-0.7754542827606201,-0.19092966616153717,-1.0,51.51314163208008,False,0.0,0.18731416761875153,-0.237677663564682,0.7724708914756775,0.0,-0.004028906524181366,-0.007297459542751308,-0.01,-0.021326366066932674,0.2467183810658753,False,False,approach,False,-0.04376240074634552,-2.2454873274647023,-1.0,137,False,False,14.200000000001411,-0.4028906524181366,-0.0,0.0,0.0,0.0,0.0,0.0,-0.0,0.1509017620275367,0.0,-0.0,0.0,0.07142197448958698,62
4.705178737640381,12.520798683166504,0.6047244668006897,0.08093839883804321,0.7903070449829102,0.12238382548093796,12.581327438354492,0.024177521467208862,0.8231251835823059,-0.0357964641450999,-0.8178508281707764,0.9999902248382568,-0.9196227192878723,0.44532036781311035,-1.0,51.51314163208008,False,0.0,0.18731416761875153,-0.237677663564682,0.7724708914756775,0.0,-0.006782191395759583,-0.00837600022554398,-0.01,-0.025158191621303564,0.25411558197811246,False,False,approach,False,-0.030634945258498192,-1.4952720403870157,-1.0,138,False,False,14.300000000001445,-0.6782191395759583,-0.0,0.0,0.0,0.0,0.0,0.0,-0.0,0.13550483189965323,0.0,-0.0,0.0,0.06097022455406703,62
5.0525007247924805,12.711448669433594,0.7459938526153564,0.10491056740283966,0.8674404621124268,0.1185997948050499,13.297178268432617,0.03670695051550865,0.8282872438430786,-0.0025036004450755137,-0.4677777886390686,0.2528458833694458,0.05139067769050598,0.801598072052002,-1.0,51.51314163208008,False,0.0,0.18731416761875153,-0.237677663564682,0.7724708914756775,0.0,-0.0023198689520359038,-0.008807256519794464,-0.01,-0.02112712547183037,0.24818394426256418,False,False,approach,False,-0.020127413794398308,-2.316080564250306,-1.0,139,False,False,14.400000000001478,-0.2319868952035904,-0.0,0.0,0.0,0.0,0.0,0.0,-0.0,0.1190811054587867,0.0,-0.0,0.0,0.057220683777357444,62
5.446332931518555,13.307717323303223,0.5600181818008423,0.07789549231529236,0.6746748089790344,0.11980239301919937,13.303531646728516,0.03900706395506859,0.827380359172821,-0.026047416657051736,0.8289096355438232,0.7451359629631042,1.0,-0.5055729150772095,-1.0,51.51314163208008,False,0.0,0.18731416761875153,-0.237677663564682,0.7724708914756775,0.0,-0.00624480664730072,-0.004166074693202973,-0.01,-0.020410881340503693,0.2527045817114413,False,False,approach,False,-0.026527533307671547,-2.309102924047929,-1.0,140,False,False,14.500000000001512,-0.624480664730072,-0.0,0.0,0.0,0.0,0.0,0.0,-0.0,0.11186762985320486,0.0,-0.0,0.0,0.049689008279301713,54
5.031991004943848,13.042469024658203,0.3864726722240448,0.11147832870483398,0.815511167049408,0.1199135035276413,13.044001579284668,0.03420617803931236,0.824506402015686,-0.03566189573332465,-0.36110615730285645,0.8439887762069702,0.3613263666629791,0.30840009450912476,-1.0,51.51314163208008,False,0.0,0.18731416761875153,-0.237677663564682,0.7724708914756775,0.0,-0.0026709550619125368,-0.004353561401367188,-0.01,-0.017024516463279724,0.2476295679807663,False,False,approach,False,-0.03170494735240936,-2.231118234289075,-1.0,141,False,False,14.600000000001545,-0.26709550619125366,-0.0,0.0,0.0,0.0,0.0,0.0,-0.0,0.1042025744805829,0.0,-0.0,0.0,0.049430332178378916,64
5.071771144866943,13.165715217590332,0.9566140174865723,0.07516689598560333,0.7472453713417053,0.11918678134679794,13.50372314453125,0.04091161862015724,0.8308659195899963,-0.014447311475511334,0.04050919786095619,1.0,0.5412611365318298,0.11232426762580872,-1.0,51.51314163208008,False,0.0,0.18731416761875153,-0.237677663564682,0.7724708914756775,0.0,-0.0032680535316467287,-0.00635463207960129,-0.01,-0.01962268561124802,0.251445644069463,False,False,approach,False,-0.01835632510483265,-2.2130848979588316,-1.0,142,False,False,14.700000000001578,-0.32680535316467285,-0.0,0.0,0.0,0.0,0.0,0.0,-0.0,0.0924173503693082,0.0,-0.0,0.0,0.042940621653007376,64
5.18825626373291,12.967379570007324,0.9415861368179321,0.09443739056587219,0.7555786371231079,0.11923100054264069,13.61545181274414,0.04385225847363472,0.8313213586807251,-0.01892988581046217,0.3129613995552063,0.3081945478916168,0.06921812891960144,0.10679949820041656,-1.0,51.51314163208008,False,0.0,0.18731416761875153,-0.237677663564682,0.7724708914756775,0.0,-0.0005228150263428688,-0.004493170976638795,-0.01,-0.015015986002981666,0.2517502582632005,False,False,approach,False,-0.03970803692936897,-2.283080371822033,-1.0,143,False,False,14.800000000001612,-0.05228150263428688,-0.0,0.0,0.0,0.0,0.0,0.0,-0.0,0.08427378735355184,0.0,-0.0,0.0,0.04161407865043305,64
5.079197883605957,12.875493049621582,0.3733293414115906,0.09298589825630188,0.6888871788978577,0.12026099860668182,13.037740707397461,0.03135770186781883,0.8275145888328552,-0.048852833457141795,-0.09849856793880463,0.2087082415819168,0.2545628249645233,0.5781041383743286,-1.0,51.51314163208008,False,0.0,0.18731416761875153,-0.237677663564682,0.7724708914756775,0.0,-0.0011306693404912948,-0.0022805824875831576,-0.01,-0.013411251828074452,0.25048985332250595,False,False,approach,False,-0.0477389395236969,-2.2231571013642872,-1.0,144,False,False,14.900000000001645,-0.11306693404912949,-0.0,0.0,0.0,0.0,0.0,0.0,-0.0,0.08051782748960823,0.0,-0.0,0.0,0.03912824440431282,64
4.071474075317383,11.496296882629395,0.5133346915245056,0.11635581403970718,0.7128012180328369,0.12232254445552826,12.790966033935547,0.027363963425159454,0.8261666297912598,-0.03450170771166107,-0.24674777686595917,-1.0,-0.3985995352268219,-0.03981011360883713,-1.0,51.51314163208008,False,0.0,0.18731416761875153,-0.237677663564682,0.7724708914756775,0.0,-0.0030533772706985473,-0.0002663972973823564,-0.01,-0.013319774568080905,0.24566795071586967,False,False,approach,False,-2.090122938156128,-1.6488202010028736,-1.0,145,False,False,15.000000000001679,-0.30533772706985474,-0.0,0.0,0.0,0.0,0.0,0.0,-0.0,0.08079294004802384,0.0,-0.0,0.0,0.03734309275331337,60
4.535776138305664,12.023887634277344,0.45811498165130615,0.11202843487262726,0.77517169713974,0.11877931654453278,13.545480728149414,0.03966652229428291,0.8329562544822693,-0.0033572532574316074,0.3967885673046112,0.4434968829154968,0.5828427672386169,0.691652774810791,-1.0,51.51314163208008,False,0.0,0.18731416761875153,-0.237677663564682,0.7724708914756775,0.0,-0.0029305499792099,0.0011922177672386153,-0.01,-0.011738332211971285,0.2532012490555644,False,False,approach,False,-0.050651054829359055,-1.4838918063029047,-1.0,146,False,False,15.100000000001712,-0.29305499792099,-0.0,0.0,0.0,0.0,0.0,0.0,-0.0,0.08401758604359622,0.0,-0.0,0.0,0.03907824304258821,63
5.006438255310059,12.420878410339355,0.2907915711402893,0.11457343399524689,0.7911598682403564,0.11902264505624771,13.550104141235352,0.04118243232369423,0.831822395324707,-0.021958232414046982,-0.4455656111240387,-0.11978723108768463,0.14175163209438324,0.29503941535949707,-1.0,51.51314163208008,False,0.0,0.18731416761875153,-0.237677663564682,0.7724708914756775,0.0,-0.0008000487089157105,-0.002309277653694153,-0.01,-0.013109326362609863,0.24392811115831137,False,False,approach,False,-0.06106598675251007,-2.2346205399676737,-1.0,147,False,False,15.200000000001745,-0.08000487089157104,-0.0,0.0,0.0,0.0,0.0,0.0,-0.0,0.0802010335582739,0.0,-0.0,0.0,0.039300468070221244,59
4.827958106994629,12.532657623291016,0.3917176127433777,0.10177823901176453,0.7230009436607361,0.11901723593473434,13.60030460357666,0.041346173733472824,0.8331592679023743,-0.024195724012046026,-0.07632696628570557,-0.1141626238822937,0.3920971155166626,0.14028525352478027,-1.0,51.51314163208008,False,0.0,0.18731416761875153,-0.237677663564682,0.7724708914756775,0.0,-0.0004806975275278092,-0.0009141144156456019,-0.01,-0.011394811943173412,0.24420805601403117,False,False,approach,False,-0.055891912430524826,-1.6390772112143444,-1.0,148,False,False,15.300000000001779,-0.048069752752780914,-0.0,0.0,0.0,0.0,0.0,0.0,-0.0,0.07916443019805774,0.0,-0.0,0.0,0.039101517571501064,38
4.742068290710449,12.294509887695312,0.5537533760070801,0.11654100567102432,0.7167943120002747,0.11933641880750656,13.329754829406738,0.03736497834324837,0.8293431401252747,-0.03261424419781881,-0.4730060398578644,-0.20872560143470764,0.3649941086769104,-0.01988433487713337,-1.0,51.51314163208008,False,0.0,0.18731416761875153,-0.237677663564682,0.7724708914756775,0.0,-0.0010022929310798646,-0.0003024411201477048,-0.01,-0.01130473405122757,0.2521196589805186,False,False,approach,False,-2.124664068222046,-1.6942687035619701,-1.0,149,False,False,15.400000000001812,-0.10022929310798645,-0.0,0.0,0.0,0.0,0.0,0.0,-0.0,0.07935306740232728,0.0,-0.0,0.0,0.03867424077008377,54
4.733699798583984,12.607385635375977,0.4602275788784027,0.09291687607765198,0.5114580988883972,0.11758178472518921,13.408838272094727,0.03958669677376747,0.8277392983436584,-0.0216830691619092,0.23269231617450714,0.4682160019874573,0.7735922932624817,0.04200021177530289,-1.0,51.51314163208008,False,0.0,0.18731416761875153,-0.237677663564682,0.7724708914756775,0.0,-0.002183952629566193,-0.0008744400739669825,-0.01,-0.013058392703533175,0.25024769781157374,False,False,approach,False,-0.04626284912228584,-1.6643371674284242,-1.0,150,False,False,15.500000000001846,-0.21839526295661926,-0.0,0.0,0.0,0.0,0.0,0.0,-0.0,0.07838807405571202,0.0,-0.0,0.0,0.037010084398289816,54
3.9763689041137695,12.101682662963867,0.23849953711032867,0.16118861734867096,0.6824079751968384,0.11818516254425049,13.582830429077148,0.04594583436846733,0.8272032737731934,-0.01319876593816082,-0.048132311552762985,-0.5390534996986389,0.12322256714105606,0.45759648084640503,-1.0,51.51314163208008,False,0.0,0.18731416761875153,-0.237677663564682,0.7724708914756775,0.0,-0.001293684244155884,-0.0010927265882492085,-0.01,-0.012386410832405093,0.245524229016155,False,False,approach,False,-2.1395316123962402,-2.2292089765126923,-1.0,151,False,False,15.600000000001879,-0.12936842441558838,-0.0,0.0,0.0,0.0,0.0,0.0,-0.0,0.07697235103223199,0.0,-0.0,0.0,0.03719249127196011,45
4.311966896057129,12.499034881591797,0.4373611509799957,0.1162731945514679,0.6089269518852234,0.11706095933914185,13.8423490524292,0.04890437796711922,0.830906093120575,-0.020400011794235215,-0.39183881878852844,0.1726716011762619,0.37055763602256775,0.7519060373306274,-1.0,51.51314163208008,False,0.0,0.18731416761875153,-0.237677663564682,0.7724708914756775,0.0,-0.0022150719165802,-0.0007802194356918354,-0.01,-0.012995291352272035,0.24877973832190037,False,False,approach,False,-2.162607431411743,-1.7238067979575766,-1.0,152,False,False,15.700000000001912,-0.22150719165802002,-0.0,0.0,0.0,0.0,0.0,0.0,-0.0,0.07617364122330517,0.0,-0.0,0.0,0.035871748695072384,31
4.786086082458496,13.02584457397461,0.224532812833786,0.1224365085363388,0.7306124567985535,0.11551083624362946,14.487393379211426,0.06205480173230171,0.8355568647384644,0.0009071862009072292,0.5898306965827942,0.26472237706184387,0.36580684781074524,0.221252903342247,-1.0,51.51314163208008,False,0.0,0.18731416761875153,-0.237677663564682,0.7724708914756775,0.0,-0.0015018641948699952,-0.0023443499207496665,-0.01,-0.013846214115619662,0.24762705992907286,False,False,approach,False,-2.168436288833618,-1.714512694230852,-1.0,153,False,False,15.800000000001946,-0.1501864194869995,-0.0,0.0,0.0,0.0,0.0,0.0,-0.0,0.07220700185767082,0.0,-0.0,0.0,0.034601636733965414,53
4.9928483963012695,13.373006820678711,0.18891343474388123,0.10075278580188751,0.4449813961982727,0.1186951994895935,13.425379753112793,0.042866695672273636,0.8260689377784729,-2.1944391989820753,0.5015860199928284,0.25899142026901245,0.0294469203799963,-0.02822001837193966,-1.0,51.51314163208008,False,0.0,0.18731416761875153,-0.237677663564682,0.7724708914756775,0.0,-0.0008008214831352234,-0.001138857007026671,-0.01,-0.011939678490161894,0.24750960292294621,False,False,approach,False,-2.1947672367095947,-1.7337284193204994,-1.0,154,False,False,15.90000000000198,-0.08008214831352234,-0.0,0.0,0.0,0.0,0.0,0.0,-0.0,0.07063566852134406,0.0,-0.0,0.0,0.034517012777536805,47
4.32717227935791,12.555259704589844,0.3895639181137085,0.12428494542837143,0.5868864059448242,0.11700182408094406,13.995878219604492,0.0543946735560894,0.8299625515937805,1.1363327792045994,0.9860295057296753,0.8542935252189636,0.0877487063407898,-0.293611079454422,-1.0,51.51314163208008,False,0.0,0.18731416761875153,-0.237677663564682,0.7724708914756775,0.0,-0.004489947557449341,-0.001202400624752048,-0.01,-0.015692348182201388,0.24926682095974684,False,False,approach,False,-0.03232281282544136,0.4573928098176138,-1.0,155,False,False,16.00000000000201,-0.4489947557449341,-0.0,0.0,0.0,0.0,0.0,0.0,-0.0,0.0689200557267251,0.0,-0.0,0.0,0.02997008030591321,38
4.875606536865234,13.236647605895996,0.2859326899051666,0.09288228303194046,0.2870577871799469,0.11983373761177063,12.856127738952637,0.03218225762248039,0.8208143711090088,-2.178429499779516,0.3139697015285492,0.4487159848213196,0.8089742660522461,-0.28780174255371094,-1.0,51.51314163208008,False,0.0,0.18731416761875153,-0.237677663564682,0.7724708914756775,0.0,-0.0025929805636405946,-0.001616501212120057,-0.01,-0.014209481775760651,0.2550125946290791,False,False,approach,False,-2.1709983348846436,-1.6441681450411205,-1.0,156,False,False,16.100000000001955,-0.25929805636405945,-0.0,0.0,0.0,0.0,0.0,0.0,-0.0,0.06635053011335268,0.0,-0.0,0.0,0.030582284493035745,52
2.7280211448669434,10.867148399353027,0.6781080365180969,0.11718786507844925,0.023274654522538185,0.1204456090927124,11.346473693847656,0.001321651041507721,0.8069972395896912,-0.05672771936867225,0.2627677917480469,0.33732110261917114,-0.3604254126548767,-0.0925605520606041,1.0,51.51314163208008,False,0.0,0.18731416761875153,-0.237677663564682,0.7724708914756775,0.0,-0.0008032659441232681,-0.001305748820304868,-0.01,-0.012109014764428137,0.24572354182600975,False,False,approach,False,-0.06480918079614639,0.5222408761475623,1.0,157,False,False,16.2000000000019,-0.08032659441232681,-0.0,0.0,0.0,0.0,0.0,0.0,-0.0,0.06438287277885146,0.0,-0.0,0.0,0.03138817044530246,30
1.8612802028656006,10.020483016967773,0.3121976852416992,0.125662162899971,0.006067561451345682,0.11840145289897919,11.061386108398438,-0.006568441167473793,0.8042905330657959,-0.03275858265666973,0.9675284624099731,0.8024816513061523,-0.5551824569702148,-0.038227058947086334,1.0,51.51314163208008,False,0.0,0.18731416761875153,-0.237677663564682,0.7724708914756775,0.0,-0.00472444236278534,-0.001667251586914064,-0.01,-0.016391693949699405,0.2525848438963294,False,False,approach,False,-0.05623308941721916,0.6369335036899327,1.0,158,False,False,16.300000000001845,-0.47244423627853394,-0.0,0.0,0.0,0.0,0.0,0.0,-0.0,0.061665018692514506,0.0,-0.0,0.0,0.026108066983471914,16
1.623302698135376,9.440433502197266,0.6039077639579773,0.13279473781585693,0.008333398029208183,0.11916372925043106,11.210087776184082,0.001437060534954071,0.801508367061615,-0.010208844911030704,-0.14832201600074768,-0.20959264039993286,-1.0,-0.6972453594207764,1.0,51.51314163208008,False,0.0,0.18731416761875153,-0.237677663564682,0.7724708914756775,0.0,-0.003880199193954468,-0.0009106260538101207,-0.01,-0.014790825247764589,0.2534619281068444,False,False,approach,False,-0.061709750443696976,0.6876921845173444,1.0,159,False,False,16.40000000000179,-0.3880199193954468,-0.0,0.0,0.0,0.0,0.0,0.0,-0.0,0.060448246137660866,0.0,-0.0,0.0,0.026343923874875965,8
1.6849815845489502,10.147222518920898,0.40609264373779297,0.12057803571224213,0.0017116593662649393,0.11894635111093521,10.251629829406738,-0.021965667605400085,0.7959399819374084,-0.03523881673022206,0.2757475972175598,0.4459754228591919,-0.7230850458145142,-0.6607698202133179,1.0,51.51314163208008,False,0.0,0.18731416761875153,-0.237677663564682,0.7724708914756775,0.0,-0.0030859988927841187,0.0005580744147300719,-0.01,-0.012527924478054047,0.24402050813660026,False,False,approach,False,-0.02667655050754547,0.637483474274209,1.0,160,False,False,16.500000000001734,-0.30859988927841187,-0.0,0.0,0.0,0.0,0.0,0.0,-0.0,0.06218625414129597,0.0,-0.0,0.0,0.02800712817786387,44
2.0111441612243652,10.509735107421875,0.541555643081665,0.12117332220077515,0.32409337162971497,0.1180136501789093,12.496071815490723,0.02854764834046364,0.8118272423744202,0.0671154722748514,-0.9317625761032104,-0.5704078674316406,-0.7311735153198242,0.14382219314575195,-1.0,51.51314163208008,False,0.0,0.18731416761875153,-0.237677663564682,0.7724708914756775,0.0,-0.004372115433216095,-7.28613138198872e-05,-0.01,-0.014444976747035983,0.24997898703441024,False,False,approach,False,-0.012237491086125374,0.5444598106545233,-1.0,161,False,False,16.60000000000168,-0.4372115433216095,-0.0,0.0,0.0,0.0,0.0,0.0,-0.0,0.06266724302046534,0.0,-0.0,0.0,0.026961506077016573,52
3.2041847705841064,11.995882034301758,0.5190921425819397,0.1126384288072586,0.2501867115497589,0.11702004820108414,12.496050834655762,0.025138389319181442,0.8142422437667847,-0.0033197488745047923,-0.11090698093175888,-0.23108528554439545,-0.7751122713088989,-0.904717743396759,-1.0,51.51314163208008,False,0.0,0.18731416761875153,-0.237677663564682,0.7724708914756775,0.0,-0.0037125349044799805,0.0012172287702560403,-0.01,-0.01249530613422394,0.24472218612208962,False,False,approach,False,-0.033649738878011703,0.5094859698521325,-1.0,162,False,False,16.700000000001623,-0.37125349044799805,-0.0,0.0,0.0,0.0,0.0,0.0,-0.0,0.06575929146724069,0.0,-0.0,0.0,0.029167110829140364,23
1.7539024353027344,10.199496269226074,0.7586372494697571,0.12465481460094452,0.013867351226508617,0.11844445765018463,10.847362518310547,-0.007760969921946526,0.7991053462028503,-0.05634750019856382,0.0529828742146492,-0.7947041392326355,-1.0,-0.6513388156890869,1.0,51.51314163208008,False,0.0,0.18731416761875153,-0.237677663564682,0.7724708914756775,0.0,-0.005146510601043701,0.0026481872797012307,-0.01,-0.01249832332134247,0.250152628403157,False,False,approach,False,-0.10477489978075027,0.46404577792984314,1.0,163,False,False,16.800000000001567,-0.5146510601043701,-0.0,0.0,0.0,0.0,0.0,0.0,-0.0,0.07177334631125876,0.0,-0.0,0.0,0.030740162554585677,39
2.249002456665039,10.757216453552246,0.9434356093406677,0.09862465411424637,0.24318133294582367,0.11753155291080475,12.353694915771484,0.023621372878551483,0.8120000958442688,0.06952424240961781,0.6525243520736694,-0.44689440727233887,-0.27368098497390747,-0.6206583976745605,-1.0,51.51314163208008,False,0.0,0.18731416761875153,-0.237677663564682,0.7724708914756775,0.0,-0.0027140522003173827,0.0040817365050315885,-0.01,-0.008632315695285794,0.243563000112772,False,False,approach,False,0.038528915494680405,0.5396797959576971,-1.0,164,False,False,16.900000000001512,-0.2714052200317383,-0.0,0.0,0.0,0.0,0.0,0.0,-0.0,0.0807443071887235,0.0,-0.0,0.0,0.037658101394044366,40
1.9501686096191406,10.532390594482422,0.9630289673805237,0.1090313047170639,0.052459966391325,0.11831284314393997,11.26189136505127,0.002274446189403534,0.8013741970062256,-0.05571141850268164,0.46958351135253906,0.7746424078941345,0.5933228135108948,0.5560670495033264,1.0,51.51314163208008,False,0.0,0.18731416761875153,-0.237677663564682,0.7724708914756775,0.0,-0.0037045550346374513,0.0009235292673110962,-0.01,-0.012781025767326355,0.2504608710296452,False,False,approach,False,-0.05495034158229828,0.4677343638217165,1.0,165,False,False,17.000000000001457,-0.3704555034637451,-0.0,0.0,0.0,0.0,0.0,0.0,-0.0,0.0834256130762705,0.0,-0.0,0.0,0.0380082515034978,45
2.7079105377197266,11.651128768920898,0.5754855871200562,0.1244785413146019,0.49391239881515503,0.11649610102176666,13.114099502563477,0.042184825986623764,0.8152133226394653,0.02242947834492074,0.6533711552619934,-0.023076064884662628,-1.0,0.7437719702720642,-1.0,51.51314163208008,False,0.0,0.18731416761875153,-0.237677663564682,0.7724708914756775,0.0,-0.00495155781507492,-0.0031172141432762174,-0.01,-0.01806877195835114,0.24316448904573917,False,False,approach,False,-0.011117101646959782,0.5220992262183953,-1.0,166,False,False,17.1000000000014,-0.49515578150749207,-0.0,0.0,0.0,0.0,0.0,0.0,-0.0,0.07797087991414542,0.0,-0.0,0.0,0.03403388214199779,37
3.321486711502075,12.335067749023438,0.4809489846229553,0.12072432786226273,0.8156403303146362,0.1147984117269516,13.884862899780273,0.055316824465990067,0.8235065340995789,1.0656697259830763,-0.5324849486351013,0.5344753861427307,-0.3976845145225525,0.7787134051322937,-1.0,51.51314163208008,False,0.0,0.18731416761875153,-0.237677663564682,0.7724708914756775,0.0,-0.003334379196166992,-0.002457014322280883,-0.01,-0.015791393518447876,0.249812092166394,False,False,approach,False,-0.05143756419420242,0.32403010764982354,-1.0,167,False,False,17.200000000001346,-0.3334379196166992,-0.0,0.0,0.0,0.0,0.0,0.0,-0.0,0.07379482244027513,0.0,-0.0,0.0,0.033563032023970575,56
4.3572845458984375,13.167678833007812,0.3092465102672577,0.08006551861763,0.7850621938705444,0.11577766388654709,14.060206413269043,0.06048918887972832,0.8245737552642822,-0.01786355123878603,-0.64942467212677,0.2733446955680847,-0.48251989483833313,0.9036186933517456,-1.0,51.51314163208008,False,0.0,0.18731416761875153,-0.237677663564682,0.7724708914756775,0.0,-0.003864554762840271,-0.0038447281718254067,-0.01,-0.017709282934665678,0.24490225035697222,False,False,approach,False,-0.05285624414682388,-1.673319971618168,-1.0,168,False,False,17.30000000000129,-0.3864554762840271,-0.0,0.0,0.0,0.0,0.0,0.0,-0.0,0.06677310912837464,0.0,-0.0,0.0,0.02952199980134705,62
4.576688766479492,13.46706771850586,0.24652977287769318,0.09713693708181381,0.8206090331077576,0.11300522834062576,14.600628852844238,0.06665316224098206,0.831849992275238,-0.014123112119540229,-0.004667980130761862,0.3761668801307678,-0.5434415936470032,0.8285137414932251,-1.0,51.51314163208008,False,0.0,0.18731416761875153,-0.237677663564682,0.7724708914756775,0.0,-0.0028082177042961123,-0.0028360956907272326,-0.01,-0.015644313395023347,0.25171845499426126,False,False,approach,False,-0.04843970388174057,-1.7160132497683727,-1.0,169,False,False,17.400000000001235,-0.2808217704296112,-0.0,0.0,0.0,0.0,0.0,0.0,-0.0,0.06171807672026508,0.0,-0.0,0.0,0.028050820655836427,61
4.698568344116211,13.404212951660156,0.30028122663497925,0.08761385828256607,0.7454604506492615,0.11501158773899078,14.039583206176758,0.05670345947146416,0.8269746899604797,-0.04807078895815796,-0.27200061082839966,-0.024361679330468178,-0.5636702179908752,0.8672118186950684,-1.0,51.51314163208008,False,0.0,0.18731416761875153,-0.237677663564682,0.7724708914756775,0.0,-0.0028608956933021544,-0.002505805194377899,-0.01,-0.015366700887680053,0.24944328796118498,False,False,approach,False,-0.06947758048772812,-1.6955077968848464,-1.0,170,False,False,17.50000000000118,-0.28608956933021545,-0.0,0.0,0.0,0.0,0.0,0.0,-0.0,0.057279234989629946,0.0,-0.0,0.0,0.02577872180151282,59
4.497408866882324,13.045753479003906,0.49199336767196655,0.1105203703045845,0.6827628016471863,0.11457660049200058,14.427934646606445,0.06226203218102455,0.8326316475868225,-0.01340020948653532,-0.21675077080726624,-0.2649041414260864,-0.12813512980937958,-0.1873588114976883,-1.0,51.51314163208008,False,0.0,0.18731416761875153,-0.237677663564682,0.7724708914756775,0.0,-0.00042169257998466494,-0.000914867520332336,-0.01,-0.011336560100317,0.25293170800432563,False,False,approach,False,-0.060025881975889206,-1.6368079776989897,-1.0,171,False,False,17.600000000001124,-0.04216925799846649,-0.0,0.0,0.0,0.0,0.0,0.0,-0.0,0.05600960225981977,0.0,-0.0,0.0,0.02758310854992522,58
4.929023742675781,13.501031875610352,0.26602399349212646,0.08769338577985764,0.5851405262947083,0.1160428375005722,13.79039478302002,0.05028596892952919,0.8269477486610413,-0.05022944349146663,0.0884200856089592,0.3460177779197693,-0.6354149580001831,-0.24887573719024658,-1.0,51.51314163208008,False,0.0,0.18731416761875153,-0.237677663564682,0.7724708914756775,0.0,-0.0014830943942070007,6.786644458770669e-05,-0.01,-0.011415227949619295,0.2504358934238553,False,False,approach,False,-0.0555737279355526,-1.6193191562954974,-1.0,172,False,False,17.70000000000107,-0.14830943942070007,-0.0,0.0,0.0,0.0,0.0,0.0,-0.0,0.05671248687562458,0.0,-0.0,0.0,0.02687314904360529,62
5.11317253112793,13.779056549072266,0.6276664733886719,0.10502532124519348,0.7707833647727966,0.11312195658683777,14.79360294342041,0.07174365222454071,0.8326654434204102,0.016402396934077357,0.2594359815120697,1.0,0.5960061550140381,0.19624368846416473,-1.0,51.51314163208008,False,0.0,0.18731416761875153,-0.237677663564682,0.7724708914756775,0.0,-0.0036526048183441163,-0.001778102815151214,-0.01,-0.015430707633495331,0.24874597880989313,False,False,approach,False,-0.02237974852323532,-1.6129585906420711,-1.0,173,False,False,17.800000000001013,-0.3652604818344116,-0.0,0.0,0.0,0.0,0.0,0.0,-0.0,0.05369318940694201,0.0,-0.0,0.0,0.02319398988512689,63
5.164730548858643,13.964359283447266,0.3904089331626892,0.08153083920478821,0.7060531973838806,0.11508975923061371,14.452548027038574,0.064476877450943,0.8316683769226074,-0.04478452824551437,-0.8046652674674988,0.2917075455188751,0.7881898283958435,-0.7078397274017334,-1.0,51.51314163208008,False,0.0,0.18731416761875153,-0.237677663564682,0.7724708914756775,0.0,-0.004637149572372437,-0.0023464834690094007,-0.01,-0.016983633041381837,0.25494671193882823,False,False,approach,False,-0.057685527950525284,-1.609413767522268,-1.0,174,False,False,17.900000000000958,-0.46371495723724365,-0.0,0.0,0.0,0.0,0.0,0.0,-0.0,0.04949521761731035,0.0,-0.0,0.0,0.020110459236282737,55
5.464524269104004,14.352141380310059,1.1604808568954468,0.0970417857170105,0.8373900651931763,0.11494603008031845,14.377917289733887,0.059390027076005936,0.8343725800514221,-0.03833978829097789,0.05088389292359352,1.0,0.5932450890541077,0.14044936001300812,-1.0,51.51314163208008,False,0.0,0.18731416761875153,-0.237677663564682,0.7724708914756775,0.0,-0.003435637354850769,-0.0016959011554718018,-0.01,-0.01513153851032257,0.2550969463773072,False,False,approach,False,-0.025090733543038368,-1.5518875171347775,-1.0,175,False,False,18.000000000000902,-0.3435637354850769,-0.0,0.0,0.0,0.0,0.0,0.0,-0.0,0.04656906699129437,0.0,-0.0,0.0,0.019848896140796417,63
5.5441436767578125,13.891728401184082,0.27860206365585327,0.10526339709758759,0.7287197709083557,0.11536337435245514,14.336000442504883,0.061552923172712326,0.8313695192337036,-0.02481490863075625,-0.3926561772823334,1.0,-0.22458001971244812,-0.8382066488265991,-1.0,51.51314163208008,False,0.0,0.18731416761875153,-0.237677663564682,0.7724708914756775,0.0,-0.0047680136561393735,-0.0026405733823776263,-0.01,-0.017408587038517,0.2519477508030832,False,False,approach,False,-0.041505903005599976,-1.4306518920622349,-1.0,176,False,False,18.100000000000847,-0.4768013656139374,-0.0,0.0,0.0,0.0,0.0,0.0,-0.0,0.04170498266456113,0.0,-0.0,0.0,0.01608447767614119,64
5.213350296020508,13.883686065673828,0.48489072918891907,0.11056096851825714,0.7234588265419006,0.11589767038822174,14.014023780822754,0.05541202053427696,0.8283854126930237,-0.043257164356205864,-1.0,0.9226445555686951,0.43097975850105286,-0.6951799392700195,-1.0,51.51314163208008,False,0.0,0.18731416761875153,-0.237677663564682,0.7724708914756775,0.0,-0.006300729513168335,-0.002224966883659363,-0.01,-0.018525696396827697,0.25173275265842676,False,False,approach,False,-0.04209500551223755,-1.416475292383551,-1.0,177,False,False,18.20000000000079,-0.6300729513168335,-0.0,0.0,0.0,0.0,0.0,0.0,-0.0,0.037631392687052845,0.0,-0.0,0.0,0.012514966830358087,60
4.936635494232178,13.792993545532227,1.2469847202301025,0.10139868408441544,0.8131503462791443,0.11551210284233093,14.091791152954102,0.06089988723397255,0.824845016002655,-0.015189088113132007,-0.1930009424686432,0.7140461802482605,-0.2505146563053131,0.4517466425895691,-1.0,51.51314163208008,False,0.0,0.18731416761875153,-0.237677663564682,0.7724708914756775,0.0,-0.0020348599553108217,-0.002198314368724825,-0.01,-0.014233174324035647,0.24695182405412197,False,False,approach,False,-0.02542508952319622,-1.3583490032312582,-1.0,178,False,False,18.300000000000736,-0.20348599553108215,-0.0,0.0,0.0,0.0,0.0,0.0,-0.0,0.03357044464155079,0.0,-0.0,0.0,0.014750362365464573,41
4.395699501037598,13.351358413696289,0.26688650250434875,0.13139566779136658,0.821444034576416,0.11377324163913727,14.758261680603027,0.07575792074203491,0.8282422423362732,0.0037075928387008527,-0.18008333444595337,0.09962676465511322,-0.5270698070526123,0.9849401116371155,-1.0,51.51314163208008,False,0.0,0.18731416761875153,-0.237677663564682,0.7724708914756775,0.0,-0.0032256627082824707,-0.001672689616680146,-0.01,-0.014898352324962616,0.256750940810889,False,False,approach,False,-0.051668018102645874,-1.3605839465877188,-1.0,179,False,False,18.40000000000068,-0.32256627082824707,-0.0,0.0,0.0,0.0,0.0,0.0,-0.0,0.030530340403638,0.0,-0.0,0.0,0.012039507493536529,64
5.102229118347168,14.235687255859375,0.22940810024738312,0.07154145836830139,0.801190972328186,0.11545486003160477,14.516260147094727,0.06585243344306946,0.8325693011283875,-0.047032877075389154,-0.5147022008895874,0.4003128707408905,0.15333455801010132,-0.06956320255994797,-1.0,51.51314163208008,False,0.0,0.18731416761875153,-0.237677663564682,0.7724708914756775,0.0,-0.001133798211812973,-0.0010919508337974542,-0.01,-0.012225749045610428,0.2528446726500988,False,False,approach,False,-0.04542553052306175,-1.316733317353429,-1.0,180,False,False,18.500000000000625,-0.1133798211812973,-0.0,0.0,0.0,0.0,0.0,0.0,-0.0,0.028632794381667215,0.0,-0.0,0.0,0.013182598979020634,63
5.525845527648926,14.260326385498047,0.51165372133255,0.0883372575044632,0.854470431804657,0.11446970701217651,14.992010116577148,0.07510301470756531,0.8366060853004456,-0.007212299796082569,-0.2914081811904907,0.8989701271057129,0.08581805229187012,0.1761474609375,-1.0,51.51314163208008,False,0.0,0.18731416761875153,-0.237677663564682,0.7724708914756775,0.0,-0.0023286467790603637,-0.0013023290038108835,-0.01,-0.013630975782871247,0.2562141949310899,False,False,approach,False,-0.0313335619866848,-0.3373282253174752,-1.0,181,False,False,18.60000000000057,-0.23286467790603638,-0.0,0.0,0.0,0.0,0.0,0.0,-0.0,0.026291065294912208,0.0,-0.0,0.0,0.01081688586839574,42
5.345278739929199,13.948370933532715,0.5790820121765137,0.08866802603006363,0.7811660766601562,0.11591917276382446,14.439325332641602,0.06498414278030396,0.8315938115119934,-0.04715275843953664,-0.1175679937005043,-0.07768101245164871,-0.44478633999824524,0.3807266652584076,-1.0,51.51314163208008,False,0.0,0.18731416761875153,-0.237677663564682,0.7724708914756775,0.0,-0.0009066106379032135,-0.0011848178505897526,-0.01,-0.012091428488492966,0.2538468772545457,False,False,approach,False,-0.062485601752996445,-0.3448544504441516,-1.0,182,False,False,18.700000000000514,-0.09066106379032135,-0.0,0.0,0.0,0.0,0.0,0.0,-0.0,0.02416306778650512,0.0,-0.0,0.0,0.011174923255349347,56
5.141818523406982,13.681955337524414,0.4575612545013428,0.07586883753538132,0.6946516633033752,0.11741870641708374,14.268739700317383,0.06173578277230263,0.8312242031097412,-0.033524360944052936,-0.5084778070449829,0.47442013025283813,0.06503403186798096,-0.588025689125061,-1.0,51.51314163208008,False,0.0,0.18731416761875153,-0.237677663564682,0.7724708914756775,0.0,-0.002084069550037384,-0.0004737457633018499,-0.01,-0.012557815313339235,0.252099622040987,False,False,approach,False,-0.051928482949733734,-0.3292626316577947,-1.0,183,False,False,18.80000000000046,-0.2084069550037384,-0.0,0.0,0.0,0.0,0.0,0.0,-0.0,0.023450022919731528,0.0,-0.0,0.0,0.00964094190982838,64
5.553621292114258,14.260421752929688,0.573593020439148,0.0820438414812088,0.803572952747345,0.11628298461437225,14.500494003295898,0.06889204680919647,0.8298848271369934,-0.014463596852144907,-0.2841717004776001,0.9952230453491211,0.8410459756851196,0.48228156566619873,-1.0,51.51314163208008,False,0.0,0.18731416761875153,-0.237677663564682,0.7724708914756775,0.0,-0.00502794086933136,-0.00105764091014862,-0.01,-0.016085581779479982,0.24880331614986062,False,False,approach,False,-0.023571496829390526,-0.3073423405094319,-1.0,184,False,False,18.900000000000404,-0.502794086933136,-0.0,0.0,0.0,0.0,0.0,0.0,-0.0,0.02155027650217689,0.0,-0.0,0.0,0.005747197381757085,48
4.807371139526367,13.545903205871582,0.5312827825546265,0.08675338327884674,0.7568627595901489,0.1175595372915268,14.386951446533203,0.0687360167503357,0.8279111385345459,-0.028265916767241057,-0.3734118342399597,-0.10374055802822113,0.3144550919532776,1.0,-1.0,51.51314163208008,False,0.0,0.18731416761875153,-0.237677663564682,0.7724708914756775,0.0,-0.0031227010488510134,-0.0012284722924232484,-0.01,-0.014351173341274262,0.2548378021456301,False,False,approach,False,-0.06180241331458092,-0.32498014590578717,-1.0,185,False,False,19.000000000000348,-0.3122701048851013,-0.0,0.0,0.0,0.0,0.0,0.0,-0.0,0.019286205129268486,0.0,-0.0,0.0,0.006520401515783229,62
4.825544357299805,13.415215492248535,0.8047575950622559,0.07340018451213837,0.7652011513710022,0.11850325763225555,14.324307441711426,0.06531065702438354,0.8304008841514587,-0.03281726828951042,-0.08507061749696732,0.4471762478351593,-0.12871183454990387,0.38695403933525085,-1.0,51.51314163208008,False,0.0,0.18731416761875153,-0.237677663564682,0.7724708914756775,0.0,-0.0009337594360113144,-0.0006387495994567872,-0.01,-0.011572509035468102,0.24327018484473228,False,False,approach,False,-0.06494643539190292,-1.3775516958335992,-1.0,186,False,False,19.100000000000293,-0.09337594360113144,-0.0,0.0,0.0,0.0,0.0,0.0,-0.0,0.018190588515025863,0.0,-0.0,0.0,0.008161534821501617,64
5.117607116699219,13.461639404296875,0.7967490553855896,0.08985412120819092,0.7690265774726868,0.11747833341360092,14.823627471923828,0.07373271882534027,0.8359335064888,-0.010699525422359659,-0.7966386675834656,0.8028280735015869,-0.0897795706987381,-0.5712915062904358,-1.0,51.51314163208008,False,0.0,0.18731416761875153,-0.237677663564682,0.7724708914756775,0.0,-0.004034000933170319,-0.0008059307932853695,-0.01,-0.014839931726455688,0.24428669782355428,False,False,approach,False,-0.061508893966674805,-1.37339819158151,-1.0,187,False,False,19.200000000000237,-0.40340009331703186,-0.0,0.0,0.0,0.0,0.0,0.0,-0.0,0.01674622779352697,0.0,-0.0,0.0,0.004339112963593165,64
5.9893012046813965,14.712100982666016,0.9603843092918396,0.07678709179162979,0.7908313870429993,0.11714531481266022,14.81602954864502,0.07686232030391693,0.8322429656982422,-0.02456567442002075,0.05011091008782387,0.9958937168121338,0.808517575263977,1.0,-1.0,51.51314163208008,False,0.0,0.18731416761875153,-0.237677663564682,0.7724708914756775,0.0,-0.006620039939880371,-0.0010233250260353087,-0.01,-0.01764336496591568,0.2553324759937823,False,False,approach,False,-0.031185418367385864,-0.3631873202900542,-1.0,188,False,False,19.300000000000182,-0.6620039939880371,-0.0,0.0,0.0,0.0,0.0,0.0,-0.0,0.014848058639643225,0.0,-0.0,0.0,0.0008039893799412414,49
5.269044876098633,13.963961601257324,0.45381471514701843,0.10396137833595276,0.7455137968063354,0.11743486672639847,15.346236228942871,0.08801467716693878,0.8372863531112671,-0.0025428074804110263,0.6228466033935547,0.625825047492981,-0.18090276420116425,0.12254674732685089,-1.0,51.51314163208008,False,0.0,0.18731416761875153,-0.237677663564682,0.7724708914756775,0.0,-0.002068345993757248,-0.0009207186102867127,-0.01,-0.01298906460404396,0.25352234160527587,False,False,approach,False,-0.06062198802828789,-0.3705690244598765,-1.0,189,False,False,19.400000000000126,-0.2068345993757248,-0.0,0.0,0.0,0.0,0.0,0.0,-0.0,0.01313798423478929,0.0,-0.0,0.0,0.004500646123637398,64
5.641818046569824,14.296121597290039,0.7681062817573547,0.07027989625930786,0.7736319899559021,0.11761915683746338,14.77491283416748,0.07444052398204803,0.8339051008224487,-0.05849758644614701,-0.7488877177238464,1.0,-0.10058443248271942,0.05947383865714073,-1.0,51.51314163208008,False,0.0,0.18731416761875153,-0.237677663564682,0.7724708914756775,0.0,-0.003936217725276947,-0.0006638601422309879,-0.01,-0.014600077867507935,0.2459346898831427,False,False,approach,False,-0.07251565903425217,-1.4088986314574043,-1.0,190,False,False,19.50000000000007,-0.3936217725276947,-0.0,0.0,0.0,0.0,0.0,0.0,-0.0,0.011929585840311119,0.0,-0.0,0.0,0.0020285751948786127,63
5.737209320068359,14.479769706726074,0.6849653720855713,0.06438411772251129,0.7089138031005859,0.11857204139232635,14.573465347290039,0.07223328948020935,0.831021785736084,-0.03255928297136199,-0.36919254064559937,1.0,-0.0565451979637146,0.23163196444511414,-1.0,51.51314163208008,False,0.0,0.18731416761875153,-0.237677663564682,0.7724708914756775,0.0,-0.002982884645462036,-0.0008749106526374818,-0.01,-0.013857795298099518,0.2550841071642935,False,False,approach,False,-0.03582950681447983,-0.36790568696646353,-1.0,191,False,False,19.600000000000016,-0.2982884645462036,-0.0,0.0,0.0,0.0,0.0,0.0,-0.0,0.01028261352345694,0.0,-0.0,0.0,0.002158422116266434,40
5.573511123657227,14.351570129394531,0.874756932258606,0.06404462456703186,0.7663783431053162,0.11833953112363815,14.613292694091797,0.07218340039253235,0.8320339918136597,-0.03168940600440542,-1.0,0.87140953540802,-0.17060254514217377,1.0,-1.0,51.51314163208008,False,0.0,0.18731416761875153,-0.237677663564682,0.7724708914756775,0.0,-0.006971149444580078,-0.0007854798436164852,-0.01,-0.017756629288196563,0.24923296086490154,False,False,approach,False,-0.038495685905218124,-1.2401272779798995,-1.0,192,False,False,19.69999999999996,-0.6971149444580078,-0.0,0.0,0.0,0.0,0.0,0.0,-0.0,0.008799603874787731,0.0,-0.0,0.0,-0.002571347507186212,62
5.603999137878418,14.268119812011719,0.888770341873169,0.05372483283281326,0.6601570248603821,0.1211196631193161,13.949749946594238,0.060230422765016556,0.826860785484314,-0.051627972727126784,-0.3903738260269165,0.16591553390026093,0.1381395161151886,0.6802815198898315,-1.0,51.51314163208008,False,0.0,0.18731416761875153,-0.237677663564682,0.7724708914756775,0.0,-0.0016544629633426667,-0.0005759015679359437,-0.01,-0.01223036453127861,0.24722592206671834,False,False,approach,False,-0.03747578710317612,-2.567844684346882,-1.0,193,False,False,19.799999999999905,-0.16544629633426666,-0.0,0.0,0.0,0.0,0.0,0.0,-0.0,0.007725052395577303,0.0,-0.0,0.0,0.002208063234445985,57
5.047702789306641,13.467340469360352,0.8413092494010925,0.06523820757865906,0.6711323261260986,0.12013772875070572,14.18487548828125,0.06269820034503937,0.8304648399353027,-0.022255080533784118,-0.5193485617637634,0.3646513819694519,-0.244590163230896,0.8773095011711121,-1.0,51.51314163208008,False,0.0,0.18731416761875153,-0.237677663564682,0.7724708914756775,0.0,-0.0030804747343063355,-0.0002933654189109804,-0.01,-0.013373840153217315,0.2492941259406507,False,False,approach,False,-0.04547856003046036,-2.611344840433261,-1.0,194,False,False,19.89999999999985,-0.30804747343063354,-0.0,0.0,0.0,0.0,0.0,0.0,-0.0,0.007210423317724479,0.0,-0.0,0.0,0.0005247369245559041,64
5.307072639465332,13.743178367614746,0.7863137125968933,0.0730612725019455,0.6540206670761108,0.11959360539913177,14.44739818572998,0.06872302293777466,0.8317716121673584,-0.014243008707863167,-0.36651289463043213,0.3288813531398773,-0.43876224756240845,0.7121260166168213,-1.0,51.51314163208008,False,0.0,0.18731416761875153,-0.237677663564682,0.7724708914756775,0.0,-0.0023553261160850526,-0.0002794036269187926,-0.01,-0.012634729743003845,0.2447554529644549,False,False,approach,False,-0.04022308066487312,-2.5943884455156216,-1.0,195,False,False,19.999999999999794,-0.23553261160850525,-0.0,0.0,0.0,0.0,0.0,0.0,-0.0,0.006718801850525313,0.0,-0.0,0.0,0.001004074809177604,57
5.471009254455566,13.995342254638672,0.6893455982208252,0.0634487047791481,0.6438255310058594,0.12065984308719635,14.0610933303833,0.062100861221551895,0.8278708457946777,-0.03954178000679377,-0.07456322014331818,0.2744896113872528,0.2134978175163269,0.5475893020629883,-1.0,51.51314163208008,False,0.0,0.18731416761875153,-0.237677663564682,0.7724708914756775,0.0,-0.0010658489167690278,-0.00020640075206756602,-0.01,-0.011272249668836594,0.251120213419199,False,False,approach,False,-0.04094760864973068,-2.6177307694076863,-1.0,196,False,False,20.09999999999974,-0.10658489167690277,-0.0,0.0,0.0,0.0,0.0,0.0,-0.0,0.006369748673963227,0.0,-0.0,0.0,0.0021190254202125857,64
5.157220363616943,13.69775104522705,1.1368776559829712,0.07796402275562286,0.6905806660652161,0.12024001777172089,14.078707695007324,0.062200527638196945,0.827879786491394,-0.02883096526739068,-0.4834967255592346,0.5222601890563965,-1.0,0.603634238243103,-1.0,51.51314163208008,False,0.0,0.18731416761875153,-0.237677663564682,0.7724708914756775,0.0,-0.004677247703075409,-0.0001987838745117188,-0.01,-0.014876031577587129,0.25027474109083414,False,False,approach,False,-0.04086114466190338,-2.5990119697005722,-1.0,197,False,False,20.199999999999683,-0.4677247703075409,-0.0,0.0,0.0,0.0,0.0,0.0,-0.0,0.00603244982605744,0.0,-0.0,0.0,-0.0016610227900466894,64
5.222594738006592,13.782630920410156,0.838263988494873,0.07841017842292786,0.7033608555793762,0.12039270997047424,14.253389358520508,0.0660000890493393,0.8294733762741089,-0.01873407342819417,-0.18081510066986084,0.21710893511772156,0.09417102485895157,0.8601637482643127,-1.0,51.51314163208008,False,0.0,0.18731416761875153,-0.237677663564682,0.7724708914756775,0.0,-0.0020714506506919863,-0.00021456420421600347,-0.01,-0.01228601485490799,0.2504550199955702,False,False,approach,False,-0.03596657142043114,-2.594295246028937,-1.0,198,False,False,20.299999999999628,-0.2071450650691986,-0.0,0.0,0.0,0.0,0.0,0.0,-0.0,0.005659938617538773,0.0,-0.0,0.0,0.0007585186580774004,64
5.330258369445801,13.885666847229004,0.9857578277587891,0.06355959177017212,0.6935439109802246,0.11990304291248322,14.60678768157959,0.07442761957645416,0.8311581015586853,-0.00987656433152427,-0.12099714577198029,1.0,-0.1475394368171692,0.4650794565677643,-1.0,51.51314163208008,False,0.0,0.18731416761875153,-0.237677663564682,0.7724708914756775,0.0,-0.003131767809391022,-0.00021290808916091903,-0.01,-0.013344675898551941,0.2454718160443008,False,False,approach,False,-0.040301140397787094,-2.614215249053867,-1.0,199,False,False,20.399999999999572,-0.3131767809391022,-0.0,0.0,0.0,0.0,0.0,0.0,-0.0,0.005287022925144047,0.0,-0.0,0.0,-0.0004882563468189983,64
5.420827865600586,14.104167938232422,0.948369026184082,0.0816967561841011,0.6405589580535889,0.12122563272714615,14.235075950622559,0.0665200799703598,0.8292369246482849,-0.045280035180250505,-0.17734704911708832,0.6688020825386047,-0.028452694416046143,1.0,-1.0,51.51314163208008,False,0.0,0.18731416761875153,-0.237677663564682,0.7724708914756775,0.0,-0.0036988943815231324,-0.0002933013439178466,-0.01,-0.013992195725440979,0.2491041417233646,False,False,approach,False,-0.04764605686068535,-2.6381617948930622,-1.0,200,False,False,20.499999999999517,-0.36988943815231323,-0.0,0.0,0.0,0.0,0.0,0.0,-0.0,0.004747891089098788,0.0,-0.0,0.0,-0.0013249488369737384,64
5.089968681335449,13.53144359588623,1.0985177755355835,0.06943164020776749,0.6202580332756042,0.12528760731220245,13.162968635559082,0.046490807086229324,0.8211649060249329,-0.06780762506175106,-0.6820908188819885,-0.11442480981349945,-0.3271496295928955,0.5852532386779785,-1.0,51.51314163208008,False,0.0,0.18731416761875153,-0.237677663564682,0.7724708914756775,0.0,-0.0023197229206562042,-0.00016816288232803346,-0.01,-0.012487885802984239,0.24931362830102444,False,False,approach,False,-0.052853018045425415,-2.6277796728656204,-1.0,201,False,False,20.59999999999946,-0.23197229206562042,-0.0,0.0,0.0,0.0,0.0,0.0,-0.0,0.004456115235717872,0.0,-0.0,0.0,-9.166530279726805e-05,64
4.712867736816406,13.014795303344727,1.1664215326309204,0.07123587280511856,0.6840613484382629,0.12303203344345093,13.346202850341797,0.047811876982450485,0.8230853080749512,-0.024521405483197756,-0.6121367812156677,0.5687957406044006,-0.48559069633483887,0.6632307171821594,-1.0,51.51314163208008,False,0.0,0.18731416761875153,-0.237677663564682,0.7724708914756775,0.0,-0.0034347835183143618,-0.00012619465589523314,-0.01,-0.013560978174209596,0.25140091590583324,False,False,approach,False,-0.03204112499952316,-2.575598834797946,-1.0,202,False,False,20.699999999999406,-0.34347835183143616,-0.0,0.0,0.0,0.0,0.0,0.0,-0.0,0.00424619321083497,0.0,-0.0,0.0,-0.0013116869128968769,51
4.940873146057129,13.295428276062012,1.2122761011123657,0.062445007264614105,0.4654151499271393,0.12530305981636047,12.712953567504883,0.03582220897078514,0.8183485269546509,-2.401041358632427,-0.9465904235839844,0.5918374061584473,0.13982950150966644,0.5827076435089111,-1.0,51.51314163208008,False,0.0,0.18731416761875153,-0.237677663564682,0.7724708914756775,0.0,-0.004013513624668122,-0.00021587073802947993,-0.01,-0.014229384362697602,0.24461362371221185,False,False,approach,False,-0.028083903715014458,-2.5767304385433123,-1.0,203,False,False,20.79999999999935,-0.40135136246681213,-0.0,0.0,0.0,0.0,0.0,0.0,-0.0,0.0038530008857914355,0.0,-0.0,0.0,-0.002087013181772404,61
4.508513450622559,12.742953300476074,0.9554869532585144,0.08546721190214157,0.5334786176681519,0.1238512322306633,13.167856216430664,0.04557133838534355,0.8207946419715881,1.3565172586040821,-0.4676060378551483,0.5816020369529724,0.04304845258593559,0.26918908953666687,-1.0,51.51314163208008,False,0.0,0.18731416761875153,-0.237677663564682,0.7724708914756775,0.0,-0.0015780808031558991,-0.00021060019731521606,-0.01,-0.011788681000471115,0.249419956933707,False,False,approach,False,-0.013462216593325138,-0.24671379245794953,-1.0,204,False,False,20.899999999999295,-0.1578080803155899,-0.0,0.0,0.0,0.0,0.0,0.0,-0.0,0.003466466437621274,0.0,-0.0,0.0,0.00015515241565473782,64
4.708826541900635,13.131454467773438,1.3003445863723755,0.06985484063625336,0.5313897132873535,0.1249733716249466,12.779520034790039,0.038396093994379044,0.8174419403076172,-0.04346238146200374,-0.8809658288955688,0.8231406211853027,-0.33550167083740234,0.792161226272583,-1.0,51.51314163208008,False,0.0,0.18731416761875153,-0.237677663564682,0.7724708914756775,0.0,-0.005484355688095093,-0.00019568562507629402,-0.01,-0.015680041313171387,0.25088403280824423,False,False,approach,False,-0.029140425845980644,-2.60304447213229,-1.0,205,False,False,20.99999999999924,-0.5484355688095093,-0.0,0.0,0.0,0.0,0.0,0.0,-0.0,0.003106147713940244,0.0,-0.0,0.0,-0.003931281831124971,64
4.537510871887207,12.909696578979492,1.1372588872909546,0.07715392112731934,0.566482424736023,0.12441752105951309,12.981069564819336,0.04039876535534859,0.8209298849105835,-0.023809282770934675,-0.5691879987716675,0.7113997340202332,0.10132148861885071,0.8074823021888733,-1.0,51.51314163208008,False,0.0,0.18731416761875153,-0.237677663564682,0.7724708914756775,0.0,-0.003730895519256592,-0.00020279437303543095,-0.01,-0.013933689892292024,0.24817797495052218,False,False,approach,False,-0.021989326924085617,-2.6058401343519804,-1.0,206,False,False,21.099999999999184,-0.3730895519256592,-0.0,0.0,0.0,0.0,0.0,0.0,-0.0,0.00272781616150497,0.0,-0.0,0.0,-0.002366987438504107,64
4.804849624633789,13.01449966430664,1.2498830556869507,0.06599405407905579,0.519027054309845,0.1278201937675476,12.17575454711914,0.024725668132305145,0.8158462047576904,-0.056386062348883895,-0.6620021462440491,0.541165828704834,0.20054824650287628,0.6281549334526062,-1.0,51.51314163208008,False,0.0,0.18731416761875153,-0.237677663564682,0.7724708914756775,0.0,-0.002914763689041138,-0.00015345990657806403,-0.01,-0.013068223595619202,0.24401366617530584,False,False,approach,False,-0.024106644093990326,-2.5901945609606094,-1.0,207,False,False,21.19999999999913,-0.29147636890411377,-0.0,0.0,0.0,0.0,0.0,0.0,-0.0,0.0024453450876149585,0.0,-0.0,0.0,-0.0016920911452336586,64
4.367023468017578,12.318048477172852,1.0657682418823242,0.0848449170589447,0.5947061777114868,0.12530499696731567,12.827025413513184,0.03814239427447319,0.8194524049758911,-0.0017878684995695521,0.020280521363019943,0.7328303456306458,-0.09030302613973618,0.8386304378509521,-1.0,51.51314163208008,False,0.0,0.18731416761875153,-0.237677663564682,0.7724708914756775,0.0,-0.00312226802110672,-0.00012298583984375003,-0.01,-0.013245253860950471,0.24707360891625285,False,False,approach,False,-0.020802201703190804,-2.5793470263216203,-1.0,208,False,False,21.299999999999073,-0.312226802110672,-0.0,0.0,0.0,0.0,0.0,0.0,-0.0,0.0022215865571509896,0.0,-0.0,0.0,-0.0020114747425312254,64
4.2900800704956055,12.14806079864502,1.2847940921783447,0.058772534132003784,0.525262176990509,0.13069136440753937,11.280272483825684,0.009128540754318237,0.8074500560760498,-0.08105970107921374,-0.4839278757572174,-0.7378372550010681,1.0,0.18337729573249817,-1.0,51.51314163208008,False,0.0,0.18731416761875153,-0.237677663564682,0.7724708914756775,0.0,-0.004530543088912964,-4.335612058639529e-05,-0.01,-0.01457389920949936,0.2486701081506908,False,False,approach,False,-2.3972716331481934,-1.4036819184752896,-1.0,209,False,False,21.399999999999018,-0.4530543088912964,-0.0,0.0,0.0,0.0,0.0,0.0,-0.0,0.0021564833915374004,0.0,-0.0,0.0,-0.003452301393144264,64
3.393334150314331,10.990246772766113,1.4063072204589844,0.11811528354883194,0.6423017382621765,0.13140341639518738,11.077308654785156,0.002348870038986206,0.8088528513908386,-0.037185758867017894,-0.757442057132721,0.12757302820682526,-0.6127800941467285,0.009208368137478828,-1.0,51.51314163208008,False,0.0,0.18731416761875153,-0.237677663564682,0.7724708914756775,0.0,-0.0024139440059661866,2.907812595367423e-06,-0.01,-0.01241103619337082,0.24825200298801064,False,False,approach,False,-2.3451087474823,-1.3132601597287827,-1.0,210,False,False,21.499999999998963,-0.24139440059661865,-0.0,0.0,0.0,0.0,0.0,0.0,-0.0,0.002184106787845308,0.0,-0.0,0.0,-0.0013218906120435327,64
3.68194580078125,11.073318481445312,1.1938915252685547,0.07002359628677368,0.6212188601493835,0.13028332591056824,11.075139045715332,0.0011931732296943665,0.8088234066963196,-0.02557796006214729,-0.42651668190956116,0.1973545253276825,-0.1146945133805275,0.05954371392726898,-1.0,51.51314163208008,False,0.0,0.18731416761875153,-0.237677663564682,0.7724708914756775,0.0,-0.0005939139053225518,-5.783230066299435e-05,-0.01,-0.010651746205985546,0.247653900180012,False,False,approach,False,-0.024163058027625084,-1.2906296168515397,-1.0,211,False,False,21.599999999998907,-0.05939139053225517,-0.0,0.0,0.0,0.0,0.0,0.0,-0.0,0.002089321787085985,0.0,-0.0,0.0,0.0004507469882204406,64
3.515559434890747,10.913060188293457,1.2298998832702637,0.08237853646278381,0.5719894766807556,0.13040292263031006,11.106496810913086,0.001149684190750122,0.809927225112915,-0.026709321045881466,-0.5032864809036255,-0.2732343375682831,-1.0,-0.021454963833093643,-1.0,51.51314163208008,False,0.0,0.18731416761875153,-0.237677663564682,0.7724708914756775,0.0,-0.0033210363984107973,-3.440409898757945e-05,-0.01,-0.013355440497398377,0.24879369838163257,False,False,approach,False,-0.030441582202911377,-1.2895341537694736,-1.0,212,False,False,21.69999999999885,-0.3321036398410797,-0.0,0.0,0.0,0.0,0.0,0.0,-0.0,0.002040949146973281,0.0,-0.0,0.0,-0.0023005618249241568,64
3.8918256759643555,11.39920711517334,1.3187381029129028,0.06698764860630035,0.4233853220939636,0.12947982549667358,11.279159545898438,0.0037647485733032227,0.8115689158439636,-2.33121594751053,-0.5931121110916138,0.518835723400116,0.17760419845581055,0.49932095408439636,-1.0,51.51314163208008,False,0.0,0.18731416761875153,-0.237677663564682,0.7724708914756775,0.0,-0.002254592925310135,-3.301143646240235e-05,-0.01,-0.012287604361772538,0.25002668984234333,False,False,approach,False,-0.014390690252184868,-1.2801583741504303,-1.0,213,False,False,21.799999999998796,-0.2254592925310135,-0.0,0.0,0.0,0.0,0.0,0.0,-0.0,0.0019948422158059254,0.0,-0.0,0.0,-0.0012571718174071724,64
3.9505839347839355,11.396483421325684,1.3588619232177734,0.09453655779361725,0.48764926195144653,0.12912489473819733,11.41573429107666,0.008620601147413254,0.8104553818702698,-0.012656301302289716,-0.5933438539505005,-0.22874701023101807,0.24684426188468933,0.7413623929023743,-1.0,51.51314163208008,False,0.0,0.18731416761875153,-0.237677663564682,0.7724708914756775,0.0,-0.002537330985069275,-4.360914230346676e-05,-0.01,-0.012580940127372741,0.24747511791065335,False,False,approach,False,-0.013633040711283684,0.9980802225164411,-1.0,214,False,False,21.89999999999874,-0.2537330985069275,-0.0,0.0,0.0,0.0,0.0,0.0,-0.0,0.0019269069829608299,0.0,-0.0,0.0,-0.0015738774935888599,64
3.6925196647644043,11.208270072937012,1.4095627069473267,0.06561295688152313,0.35895654559135437,0.13092538714408875,10.829460144042969,-0.0038179047405719757,0.8071061372756958,-0.012933165285636948,-0.532096803188324,-0.05447717383503914,0.561263382434845,0.30919578671455383,-1.0,51.51314163208008,False,0.0,0.18731416761875153,-0.237677663564682,0.7724708914756775,0.0,-0.0017417836189270019,-1.0460615158087126e-07,-0.01,-0.011741888225078583,0.24702234379947186,False,False,approach,False,-0.013397268019616604,1.0125842059203827,-1.0,215,False,False,21.999999999998685,-0.1741783618927002,-0.0,0.0,0.0,0.0,0.0,0.0,-0.0,0.0019461510255687209,0.0,-0.0,0.0,-0.0007687081061426414,64
3.3323824405670166,10.570489883422852,1.3813544511795044,0.08934509754180908,0.5795655250549316,0.1311253160238266,11.138834953308105,0.004911109805107117,0.8078582882881165,1.300868977802748,-0.29467615485191345,-0.262140691280365,0.40318435430526733,0.6394732594490051,-1.0,51.51314163208008,False,0.0,0.18731416761875153,-0.237677663564682,0.7724708914756775,0.0,-0.00181758850812912,5.877017974853429e-06,-0.01,-0.011811711490154267,0.24882427603006363,False,False,approach,False,-0.01327720656991005,0.9936063705042555,-1.0,216,False,False,22.09999999999863,-0.181758850812912,-0.0,0.0,0.0,0.0,0.0,0.0,-0.0,0.0019777223868804317,0.0,-0.0,0.0,-0.0008287273146889041,64
3.3523380756378174,10.626998901367188,1.36005699634552,0.0793670266866684,0.5274524688720703,0.13140223920345306,10.901010513305664,-0.0006771087646484375,0.8065887093544006,-0.03717024482823469,-0.8950976133346558,-0.02078798972070217,-0.24733924865722656,1.0,-1.0,51.51314163208008,False,0.0,0.18731416761875153,-0.237677663564682,0.7724708914756775,0.0,-0.004657021462917328,1.111865043640142e-05,-0.01,-0.014645902812480927,0.25102839805185795,False,False,approach,False,-0.04708585515618324,-1.3246106729809322,-1.0,217,False,False,22.199999999998575,-0.4657021462917328,-0.0,0.0,0.0,0.0,0.0,0.0,-0.0,0.0020201180137456864,0.0,-0.0,0.0,-0.0036469624560444844,63
3.3524513244628906,10.618388175964355,1.4141011238098145,0.1078869104385376,0.4917169213294983,0.13188289105892181,10.553545951843262,-0.008871398866176605,0.8048397302627563,-2.3289435379560435,-0.7099271416664124,-0.2746978998184204,0.26031169295310974,0.404019832611084,-1.0,51.51314163208008,False,0.0,0.18731416761875153,-0.237677663564682,0.7724708914756775,0.0,-0.00202612429857254,8.2805752754211e-06,-0.01,-0.01201784372329712,0.24669934390112758,False,False,approach,False,-2.3300554752349854,-1.3248299300847752,-1.0,218,False,False,22.29999999999852,-0.20261242985725403,-0.0,0.0,0.0,0.0,0.0,0.0,-0.0,0.0020572930539565215,0.0,-0.0,0.0,-0.0009974777715942794,64
3.062140941619873,10.084519386291504,1.3957979679107666,0.07260048389434814,0.5461605191230774,0.13393597304821014,10.176190376281738,-0.01619855687022209,0.8028993010520935,1.2663198078557885,-0.7505701184272766,-0.5880487561225891,-0.20010924339294434,0.2722141742706299,-1.0,51.51314163208008,False,0.0,0.18731416761875153,-0.237677663564682,0.7724708914756775,0.0,-0.002558252811431885,3.916293382644643e-05,-0.01,-0.012519089877605439,0.2556538241915405,False,False,approach,False,-0.014389731921255589,0.9962774699325188,-1.0,219,False,False,22.399999999998464,-0.2558252811431885,-0.0,0.0,0.0,0.0,0.0,0.0,-0.0,0.0021571732297006596,0.0,-0.0,0.0,-0.001479666196581555,63
3.1063079833984375,10.138341903686523,1.2214720249176025,0.0891360193490982,0.5716975331306458,0.13006654381752014,10.894984245300293,-0.004381319507956505,0.8087764382362366,-0.00526895033516769,-0.3939955532550812,0.3476448059082031,-0.45032599568367004,0.14512550830841064,-1.0,51.51314163208008,False,0.0,0.18731416761875153,-0.237677663564682,0.7724708914756775,0.0,-0.0012498608231544495,2.193450927734375e-05,-0.01,-0.011227926313877106,0.25656061014160514,False,False,approach,False,-0.026018796488642693,-1.3019424720337751,-1.0,220,False,False,22.49999999999841,-0.12498608231544495,-0.0,0.0,0.0,0.0,0.0,0.0,-0.0,0.002223281707506519,0.0,-0.0,0.0,-0.00013821996940118994,63
3.629446029663086,10.844353675842285,1.315287470817566,0.07204261422157288,0.5624061226844788,0.13328197598457336,10.155811309814453,-0.01954718492925167,0.8049825429916382,-0.04784415331535511,-0.32863715291023254,-0.12746989727020264,-0.1322229653596878,0.39063552021980286,-1.0,51.51314163208008,False,0.0,0.18731416761875153,-0.237677663564682,0.7724708914756775,0.0,-0.000735824927687645,-2.2091865539550747e-05,-0.01,-0.010757916793227195,0.25491943629458547,False,False,approach,False,-0.025468748062849045,-1.3239647532177266,-1.0,221,False,False,22.599999999998353,-0.0735824927687645,-0.0,0.0,0.0,0.0,0.0,0.0,-0.0,0.002201122965284519,0.0,-0.0,0.0,0.00036473655495461443,64
3.37715744972229,10.259839057922363,1.407139778137207,0.0781557559967041,0.6037007570266724,0.13156422972679138,10.517085075378418,-0.011166384443640709,0.8057222366333008,-0.011914401396868697,-0.41779187321662903,-0.2308630645275116,0.5495498776435852,0.504567563533783,-1.0,51.51314163208008,False,0.0,0.18731416761875153,-0.237677663564682,0.7724708914756775,0.0,-0.00196110337972641,1.0739266872405962e-05,-0.01,-0.011950364112854004,0.2562845186330378,False,False,approach,False,-0.021654825657606125,-0.2863582493907135,-1.0,222,False,False,22.699999999998298,-0.196110337972641,-0.0,0.0,0.0,0.0,0.0,0.0,-0.0,0.002245038014685785,0.0,-0.0,0.0,-0.0008385843723835175,64
3.2733917236328125,10.249680519104004,1.3703323602676392,0.062465377151966095,0.6612484455108643,0.13215795159339905,10.284324645996094,-0.017851777374744415,0.8060185313224792,-0.034331879964487305,-0.3657989501953125,-0.1315804123878479,0.32406771183013916,0.3531803786754608,-1.0,51.51314163208008,False,0.0,0.18731416761875153,-0.237677663564682,0.7724708914756775,0.0,-0.0009521962702274323,1.686304807662969e-05,-0.01,-0.010935333222150803,0.2535141250118613,False,False,approach,False,-0.0334872230887413,-0.3039702898095469,-1.0,223,False,False,22.799999999998242,-0.09521962702274323,-0.0,0.0,0.0,0.0,0.0,0.0,-0.0,0.0023017967830333275,0.0,-0.0,0.0,0.0001987021212892314,56
3.2581865787506104,10.076946258544922,1.2416880130767822,0.09937992691993713,0.6204468607902527,0.13111352920532227,10.382596015930176,-0.016662033274769783,0.8067325353622437,-0.023382730352619775,-0.6397044062614441,-0.1367233693599701,-0.7165965437889099,-0.033211130648851395,-1.0,51.51314163208008,False,0.0,0.18731416761875153,-0.237677663564682,0.7724708914756775,0.0,-0.0023563215136528015,1.1327564716339007e-05,-0.01,-0.012344993948936463,0.253199125174433,False,False,approach,False,-0.030980804935097694,-0.30313866372399706,-1.0,224,False,False,22.899999999998187,-0.23563215136528015,-0.0,0.0,0.0,0.0,0.0,0.0,-0.0,0.002347932553135035,0.0,-0.0,0.0,-0.001182355237085284,42
3.319847583770752,10.084436416625977,1.4566987752914429,0.06847687810659409,0.6810694336891174,0.1339191496372223,9.733267784118652,-0.0284475889056921,0.8018438220024109,-0.0454057191798039,-0.7195192575454712,-0.7120440602302551,0.2896357476711273,0.8508649468421936,-1.0,51.51314163208008,False,0.0,0.18731416761875153,-0.237677663564682,0.7724708914756775,0.0,-0.004581436812877655,4.0866732597351135e-05,-0.01,-0.014540570080280304,0.2495415871962905,False,False,approach,False,-0.037053294479846954,-1.294180955062342,-1.0,225,False,False,22.99999999999813,-0.4581436812877655,-0.0,0.0,0.0,0.0,0.0,0.0,-0.0,0.0024541600270879815,0.0,-0.0,0.0,-0.0033543567993336645,63
2.989882230758667,9.565796852111816,1.3336271047592163,0.06526844203472137,0.619388222694397,0.1346079558134079,9.734237670898438,-0.029890716075897217,0.8040048480033875,-0.02611466237908753,-0.5359552502632141,-0.39161548018455505,0.006549961864948273,-0.045500755310058594,-1.0,51.51314163208008,False,0.0,0.18731416761875153,-0.237677663564682,0.7724708914756775,0.0,-0.001106809824705124,7.349818944931037e-05,-0.01,-0.011033311635255814,0.2548566688783467,False,False,approach,False,-0.029708491638302803,-1.2645983935771856,-1.0,226,False,False,23.099999999998076,-0.11068098247051239,-0.0,0.0,0.0,0.0,0.0,0.0,-0.0,0.002627430320291446,0.0,-0.0,0.0,0.0002069053354405992,36
3.265666961669922,9.64556884765625,1.47380530834198,0.08858339488506317,0.6378492712974548,0.13567900657653809,9.265717506408691,-0.03954782336950302,0.8006774187088013,-0.040037174345623025,-0.6577461361885071,-0.24785499274730682,0.8179833889007568,0.5183945894241333,-1.0,51.51314163208008,False,0.0,0.18731416761875153,-0.237677663564682,0.7724708914756775,0.0,-0.0035797297954559327,4.652053117752079e-05,-0.01,-0.013533209264278413,0.25421290192753077,False,False,approach,False,-0.030354203656315804,-1.2860087651960947,-1.0,227,False,False,23.19999999999802,-0.35797297954559326,-0.0,0.0,0.0,0.0,0.0,0.0,-0.0,0.002747985871160652,0.0,-0.0,0.0,-0.0022057368598756067,52
2.9327213764190674,9.198346138000488,1.2666094303131104,0.07395076751708984,0.637071967124939,0.13520732522010803,9.495129585266113,-0.03531855717301369,0.802858829498291,-0.020252083095146454,-1.0,-0.4841160178184509,-0.22991815209388733,-0.3277350664138794,-1.0,51.51314163208008,False,0.0,0.18731416761875153,-0.237677663564682,0.7724708914756775,0.0,-0.0034866026043891907,5.137622356414799e-05,-0.01,-0.013435226380825043,0.2527506398037076,False,False,approach,False,-0.029002930968999863,-0.2854646978055951,-1.0,228,False,False,23.299999999997965,-0.34866026043891907,-0.0,0.0,0.0,0.0,0.0,0.0,-0.0,0.002879502091161723,0.0,-0.0,0.0,-0.002046851558808329,60
3.0727028846740723,9.330690383911133,1.2988018989562988,0.09888798743486404,0.5776816606521606,0.1335373818874359,9.763518333435059,-0.030156726017594337,0.8040787577629089,-0.016559735647486765,-0.2325555384159088,0.11168960481882095,0.4732484519481659,0.505041241645813,-1.0,51.51314163208008,False,0.0,0.18731416761875153,-0.237677663564682,0.7724708914756775,0.0,-0.001363968551158905,4.2811334133148254e-05,-0.01,-0.011321157217025757,0.25894861994311213,False,False,approach,False,-0.030197523534297943,-1.2759642481932747,-1.0,229,False,False,23.39999999999791,-0.1363968551158905,-0.0,0.0,0.0,0.0,0.0,0.0,-0.0,0.0029950993375013057,0.0,-0.0,0.0,0.00013358111759174777,46
3.1109869480133057,9.51751708984375,1.212415099143982,0.09887612611055374,0.6607221364974976,0.13375267386436462,9.563258171081543,-0.033954184502363205,0.8020836710929871,-0.03170624126597505,-0.639767587184906,-0.5384369492530823,-0.6087602376937866,0.5740855932235718,-1.0,51.51314163208008,False,0.0,0.18731416761875153,-0.237677663564682,0.7724708914756775,0.0,-0.003498450517654419,1.3761818408965969e-05,-0.01,-0.013484688699245453,0.25873582204803824,False,False,approach,False,-0.034297388046979904,-0.31566456552059263,-1.0,230,False,False,23.499999999997854,-0.3498450517654419,-0.0,0.0,0.0,0.0,0.0,0.0,-0.0,0.0030531256536839857,0.0,-0.0,0.0,-0.0019718876908124262,62
3.0433058738708496,9.4490327835083,1.2792624235153198,0.0832376703619957,0.6569136381149292,0.13275845348834991,9.666574478149414,-0.03374985605478287,0.8039845824241638,-0.024416837321543344,-0.8004806637763977,-0.22611376643180847,-0.3143143653869629,0.22481462359428406,-1.0,51.51314163208008,False,0.0,0.18731416761875153,-0.237677663564682,0.7724708914756775,0.0,-0.0021030797064304353,5.082398653030403e-05,-0.01,-0.01205225571990013,0.25379071896895766,False,False,approach,False,-0.029379233717918396,-0.3145685258070722,-1.0,231,False,False,23.5999999999978,-0.21030797064304352,-0.0,0.0,0.0,0.0,0.0,0.0,-0.0,0.003186682164535548,0.0,-0.0,0.0,-0.0005097386241626613,52
3.3071577548980713,9.733720779418945,1.0809575319290161,0.06835262477397919,0.6741008758544922,0.13232168555259705,9.87667465209961,-0.02964159846305847,0.8057425618171692,-0.017236003316450633,-0.14572995901107788,0.290416419506073,-0.08959005773067474,-0.18005843460559845,-1.0,51.51314163208008,False,0.0,0.18731416761875153,-0.237677663564682,0.7724708914756775,0.0,-0.0003650658205151558,-1.5056133270264886e-06,-0.01,-0.010366571433842182,0.2511187959462404,False,False,approach,False,-0.021599572151899338,-0.3265985050424852,-1.0,232,False,False,23.699999999997743,-0.03650658205151558,-0.0,0.0,0.0,0.0,0.0,0.0,-0.0,0.003215825002931827,0.0,-0.0,0.0,0.0012428466809507577,63
3.39469313621521,9.896709442138672,1.2821167707443237,0.08704330027103424,0.6633121967315674,0.1346530169248581,9.242875099182129,-0.04214462265372276,0.8015629649162292,-0.043565963348701206,-0.2433253973722458,-0.5733696222305298,-0.20506392419338226,0.8798348903656006,-1.0,51.51314163208008,False,0.0,0.18731416761875153,-0.237677663564682,0.7724708914756775,0.0,-0.0030103015899658205,4.633069038391087e-06,-0.01,-0.01300566852092743,0.24976703012362123,False,False,approach,False,-0.025075295940041542,-0.3379278856426023,-1.0,233,False,False,23.799999999997688,-0.30103015899658203,-0.0,0.0,0.0,0.0,0.0,0.0,-0.0,0.0032576254815447347,0.0,-0.0,0.0,-0.0013814888491934531,64
2.9617905616760254,9.163516998291016,1.2593212127685547,0.08275839686393738,0.6837860941886902,0.13399823009967804,9.454069137573242,-0.03739747032523155,0.8024968504905701,-0.018220154284940837,-0.7543815970420837,-0.40483900904655457,-0.36556047201156616,0.01858173869550228,-1.0,51.51314163208008,False,0.0,0.18731416761875153,-0.237677663564682,0.7724708914756775,0.0,-0.0021674148738384247,7.269680500030526e-05,-0.01,-0.01209471806883812,0.24958430416882038,False,False,approach,False,-0.026960881426930428,-0.3076906571622353,-1.0,234,False,False,23.899999999997632,-0.21674148738384247,-0.0,0.0,0.0,0.0,0.0,0.0,-0.0,0.003437433988623062,0.0,-0.0,0.0,-0.00044869787952689366,54
3.210824728012085,9.530138969421387,1.2478933334350586,0.08607549220323563,0.600204586982727,0.1354457288980484,9.316194534301758,-0.040081270039081573,0.8024919033050537,-0.027745649373059768,-0.152931809425354,0.3006869852542877,0.5502326488494873,0.19468793272972107,-1.0,51.51314163208008,False,0.0,0.18731416761875153,-0.237677663564682,0.7724708914756775,0.0,-0.0011361504346132278,1.4589130878448452e-05,-0.01,-0.011121561303734779,0.2504194090142846,False,False,approach,False,-0.02286972850561142,-0.32455513325741814,-1.0,235,False,False,23.999999999997577,-0.11361504346132278,-0.0,0.0,0.0,0.0,0.0,0.0,-0.0,0.0035016419425998313,0.0,-0.0,0.0,0.0006146705366866878,28
3.1766176223754883,9.400886535644531,1.2917358875274658,0.07756728678941727,0.6221615672111511,0.13632969558238983,9.110173225402832,-0.04364525526762009,0.8007591962814331,-0.03149130111873813,-1.0,0.1273161917924881,0.15132007002830505,0.7133736610412598,-1.0,51.51314163208008,False,0.0,0.18731416761875153,-0.237677663564682,0.7724708914756775,0.0,-0.0038700225949287416,-5.530297756195079e-05,-0.01,-0.013925325572490693,0.25020249001681805,False,False,approach,False,-0.02525346353650093,-1.28579785804773,-1.0,236,False,False,24.09999999999752,-0.38700225949287415,-0.0,0.0,0.0,0.0,0.0,0.0,-0.0,0.0034252692321781186,0.0,-0.0,0.0,-0.0021573879788396822,63
2.908968925476074,8.971590995788574,1.2390122413635254,0.07680049538612366,0.720146656036377,0.13684174418449402,8.651175498962402,-0.0537220761179924,0.7975781559944153,-0.03745503320142596,-0.4152785837650299,-0.4147168695926666,0.07108800858259201,0.51859050989151,-1.0,51.51314163208008,False,0.0,0.18731416761875153,-0.237677663564682,0.7724708914756775,0.0,-0.0015460900962352754,-4.468858242034825e-06,-0.01,-0.01155055895447731,0.24901436502113938,False,False,approach,False,-0.029484916478395462,-0.3233995500364486,-1.0,237,False,False,24.199999999997466,-0.15460900962352753,-0.0,0.0,0.0,0.0,0.0,0.0,-0.0,0.0034508415569456385,0.0,-0.0,0.0,0.00017933068223754392,62
2.3542284965515137,7.948306083679199,0.8472475409507751,0.07906077057123184,0.060223642736673355,0.14414243400096893,6.694051742553711,-0.09718194603919983,0.7896249890327454,-2.2552186331865136,0.2969534695148468,-0.46822667121887207,-0.6624743938446045,1.0,1.0,51.51314163208008,False,0.0,0.18731416761875153,-0.237677663564682,0.7724708914756775,0.0,-0.004365724921226502,7.66286253929137e-05,-0.01,-0.014289096295833588,0.24982281401753426,False,False,approach,False,-0.04726485162973404,-0.3401748277118284,1.0,238,False,False,24.29999999999741,-0.43657249212265015,-0.0,0.0,0.0,0.0,0.0,0.0,-0.0,0.0036404889238400573,0.0,-0.0,0.0,-0.002545480459306473,46
1.9273936748504639,7.033751010894775,1.3093136548995972,0.0754673033952713,0.315418541431427,0.14042611420154572,7.902110576629639,-0.0714840292930603,0.796452522277832,-0.010665343249394825,-0.9057681560516357,-0.4668099880218506,0.0661616399884224,-0.4776515066623688,-1.0,51.51314163208008,False,0.0,0.18731416761875153,-0.237677663564682,0.7724708914756775,0.0,-0.0031771397590637206,0.00011719286441802968,-0.01,-0.01305994689464569,0.2543655219487846,False,False,approach,False,-0.013484006747603416,0.9222507911286403,-1.0,239,False,False,24.399999999997355,-0.31771397590637207,-0.0,0.0,0.0,0.0,0.0,0.0,-0.0,0.003914013654578108,0.0,-0.0,0.0,-0.0012201329317746666,64
2.611362934112549,8.258560180664062,1.4272098541259766,0.10454384982585907,0.5727033615112305,0.13741910457611084,8.611034393310547,-0.05649186670780182,0.7997210621833801,1.2101259892476182,-0.8543777465820312,-0.1729741245508194,-0.0822572335600853,-0.11545383185148239,-1.0,51.51314163208008,False,0.0,0.18731416761875153,-0.237677663564682,0.7724708914756775,0.0,-0.0019499430060386659,8.971393108367929e-05,-0.01,-0.011860229074954987,0.24943205201998353,False,False,approach,False,-0.012364731170237064,0.933226664201417,-1.0,240,False,False,24.4999999999973,-0.19499430060386658,-0.0,0.0,0.0,0.0,0.0,0.0,-0.0,0.004134812275495614,0.0,-0.0,0.0,0.00011746313170914115,64
2.898132801055908,8.727437019348145,1.3562411069869995,0.06580638885498047,0.5765401721000671,0.14042578637599945,7.796904563903809,-0.07416495680809021,0.7959769368171692,-0.04914837937973795,-0.8155525922775269,-0.3531433641910553,-0.36166566610336304,1.0,-1.0,51.51314163208008,False,0.0,0.18731416761875153,-0.237677663564682,0.7724708914756775,0.0,-0.004801595807075501,3.706604242324817e-05,-0.01,-0.014764529764652253,0.25278518395498395,False,False,approach,False,-0.024999380111694336,-0.31940324711113216,-1.0,241,False,False,24.599999999997245,-0.48015958070755005,-0.0,0.0,0.0,0.0,0.0,0.0,-0.0,0.004251464334336985,0.0,-0.0,0.0,-0.002675863639907008,64
2.6739120483398438,8.280074119567871,1.079114556312561,0.10202011466026306,0.6378872990608215,0.13898219168186188,8.037660598754883,-0.06908692419528961,0.7966780066490173,-0.020493813146028418,-0.8847070932388306,-0.03684748336672783,-1.0,-0.01799280010163784,-1.0,51.51314163208008,False,0.0,0.18731416761875153,-0.237677663564682,0.7724708914756775,0.0,-0.004460970163345337,2.1406114101410034e-05,-0.01,-0.014439564049243927,0.2677547810599208,False,False,approach,False,-0.014368440955877304,-0.2861991204718547,-1.0,242,False,False,24.69999999999719,-0.4460970163345337,-0.0,0.0,0.0,0.0,0.0,0.0,-0.0,0.004337615457647992,0.0,-0.0,0.0,-0.002292162434521341,61
2.6698529720306396,8.257292747497559,1.3806157112121582,0.07237466424703598,0.5857193470001221,0.14043784141540527,7.850612163543701,-0.07150492817163467,0.794940173625946,-0.030812078958508383,-1.0,-0.9416213631629944,0.12896621227264404,0.5278214812278748,-1.0,51.51314163208008,False,0.0,0.18731416761875153,-0.237677663564682,0.7724708914756775,0.0,-0.005454696416854858,6.803452968597414e-05,-0.01,-0.015386661887168885,0.25369725143536925,False,False,approach,False,-0.02269938960671425,-0.28682397742905275,-1.0,243,False,False,24.799999999997134,-0.5454696416854858,-0.0,0.0,0.0,0.0,0.0,0.0,-0.0,0.004518900852970242,0.0,-0.0,0.0,-0.003195245990369737,63
2.518582344055176,8.045753479003906,1.4640886783599854,0.06477532535791397,0.616802453994751,0.13952644169330597,8.033001899719238,-0.06785458326339722,0.7958501577377319,-0.02365494211046173,-1.0,-0.9052412509918213,0.5987614989280701,0.4138258993625641,-1.0,51.51314163208008,False,0.0,0.18731416761875153,-0.237677663564682,0.7724708914756775,0.0,-0.005873072147369385,0.00018856793642044048,-0.01,-0.015684504210948944,0.251307784114033,False,False,approach,False,-0.024259217083454132,-1.271294379291828,-1.0,244,False,False,24.89999999999708,-0.5873072147369385,-0.0,0.0,0.0,0.0,0.0,0.0,-0.0,0.004945437988335688,0.0,-0.0,0.0,-0.003400353153201541,61
2.5118112564086914,8.000930786132812,1.1706352233886719,0.05743608623743057,0.4792878031730652,0.14083552360534668,8.07433032989502,-0.06705636531114578,0.7976008653640747,-2.2297783392672077,0.42729321122169495,-0.6599922776222229,0.8306180238723755,0.1357351690530777,-1.0,51.51314163208008,False,0.0,0.18731416761875153,-0.237677663564682,0.7724708914756775,0.0,-0.003316299319267273,0.00021703094244003313,-0.01,-0.01309926837682724,0.2598434332758188,False,False,approach,False,-0.02784557081758976,-2.40817563755968,-1.0,245,False,False,24.999999999997023,-0.3316299319267273,-0.0,0.0,0.0,0.0,0.0,0.0,-0.0,0.005433889696863425,0.0,-0.0,0.0,-0.0005993544708355605,54
2.5315403938293457,7.885509490966797,1.0757845640182495,0.08359405398368835,0.5170004963874817,0.13956014811992645,8.3451566696167,-0.06063659489154816,0.7980304956436157,1.200416290655208,0.22050322592258453,-0.8778775334358215,0.36493104696273804,-0.11552706360816956,-1.0,51.51314163208008,False,0.0,0.18731416761875153,-0.237677663564682,0.7724708914756775,0.0,-0.002414529472589493,0.00027362704277038557,-0.01,-0.012140902429819108,0.2490725270472467,False,False,approach,False,-0.012844114564359188,-0.1918606865142915,-1.0,246,False,False,25.099999999996967,-0.24145294725894928,-0.0,0.0,0.0,0.0,0.0,0.0,-0.0,0.006041550764841919,0.0,-0.0,0.0,0.0006062459098314663,63
2.6152074337005615,8.222600936889648,1.175167441368103,0.06636908650398254,0.4086858034133911,0.14303924143314362,7.667933940887451,-0.07474248111248016,0.7952988147735596,-2.2382417658979543,-0.8713120222091675,-0.6525365114212036,-0.36945781111717224,0.664958119392395,-1.0,51.51314163208008,False,0.0,0.18731416761875153,-0.237677663564682,0.7724708914756775,0.0,-0.004409142136573792,0.0002666056156158448,-0.01,-0.014142536520957948,0.2478775465860963,False,False,approach,False,-0.03122783824801445,-2.347394129040189,-1.0,247,False,False,25.199999999996912,-0.44091421365737915,-0.0,0.0,0.0,0.0,0.0,0.0,-0.0,0.006641185733933352,0.0,-0.0,0.0,-0.0010885492696071156,64
2.427619695663452,7.69819974899292,0.9710811376571655,0.1166466474533081,0.47100168466567993,0.14198322594165802,7.885461330413818,-0.07068204134702682,0.7967081665992737,-0.010138911041842003,0.3811609148979187,-0.3959049582481384,0.18015208840370178,0.5068672895431519,-1.0,51.51314163208008,False,0.0,0.18731416761875153,-0.237677663564682,0.7724708914756775,0.0,-0.0014784839749336243,0.0001874864101409912,-0.01,-0.011290997564792633,0.24410792393609881,False,False,approach,False,-0.011242548935115337,-0.1851089937777015,-1.0,248,False,False,25.299999999996857,-0.14784839749336243,-0.0,0.0,0.0,0.0,0.0,0.0,-0.0,0.007087020858685844,0.0,-0.0,0.0,0.0020650264544092977,64
2.3747146129608154,7.542702674865723,1.3541407585144043,0.06828629225492477,0.5386286377906799,0.14296045899391174,7.638022422790527,-0.07426844537258148,0.7938486337661743,1.1771350499191515,-1.0,-1.0,0.3777385950088501,0.41119253635406494,-1.0,51.51314163208008,False,0.0,0.18731416761875153,-0.237677663564682,0.7724708914756775,0.0,-0.005779414176940918,0.0002450919151306152,-0.01,-0.015534322261810302,0.2493903269059956,False,False,approach,False,-0.0176713727414608,0.8295745194855606,-1.0,249,False,False,25.3999999999968,-0.5779414176940918,-0.0,0.0,0.0,0.0,0.0,0.0,-0.0,0.00765370070166671,0.0,-0.0,0.0,-0.0019525638261075626,64
2.2848010063171387,7.5533246994018555,1.0522629022598267,0.070130355656147,0.48892149329185486,0.14016947150230408,8.284992218017578,-0.06235535442829132,0.7985536456108093,-2.214245628304297,0.37754419445991516,-0.5851621627807617,0.7821966409683228,0.11311948299407959,-1.0,51.51314163208008,False,0.0,0.18731416761875153,-0.237677663564682,0.7724708914756775,0.0,-0.0027739548683166503,0.0003037157654762271,-0.01,-0.012470239102840423,0.24539054790511727,False,False,approach,False,-2.2174911499023438,-2.371505897260386,-1.0,250,False,False,25.499999999996746,-0.27739548683166504,-0.0,0.0,0.0,0.0,0.0,0.0,-0.0,0.008344621187699186,0.0,-0.0,0.0,0.0013983557255329427,64
2.544158697128296,7.989217281341553,0.6589422225952148,0.07653792202472687,0.37430381774902344,0.14370884001255035,7.734905242919922,-0.07237090170383453,0.7956059575080872,-0.013447159908584966,0.6331403851509094,-0.4657873511314392,-0.7686812281608582,0.0463225357234478,-1.0,51.51314163208008,False,0.0,0.18731416761875153,-0.237677663564682,0.7724708914756775,0.0,-0.0030271029472351075,0.0003576767444610591,-0.01,-0.012669426202774049,0.2437075930647552,False,False,approach,False,-0.012847012840211391,-0.15329031588752284,-1.0,251,False,False,25.59999999999669,-0.30271029472351074,-0.0,0.0,0.0,0.0,0.0,0.0,-0.0,0.009151448136380691,0.0,-0.0,0.0,0.001548621120955238,64
2.254605293273926,7.421177864074707,0.7985252141952515,0.07435694336891174,0.4031921327114105,0.1445964276790619,7.493532657623291,-0.07776099443435669,0.794642448425293,-0.011580588235095602,0.6585540175437927,-0.6052425503730774,0.365951806306839,0.31204286217689514,-1.0,51.51314163208008,False,0.0,0.18731416761875153,-0.237677663564682,0.7724708914756775,0.0,-0.002578258514404297,0.0004543110728263853,-0.01,-0.012123947441577913,0.24626936810091138,False,False,approach,False,-0.012759373523294926,-0.1332945536932339,-1.0,252,False,False,25.699999999996635,-0.2578258514404297,-0.0,0.0,0.0,0.0,0.0,0.0,-0.0,0.01016170604706923,0.0,-0.0,0.0,0.002502594509130318,64
2.0677268505096436,7.016394138336182,0.936517596244812,0.06999112665653229,0.24751049280166626,0.14683695137500763,7.1096062660217285,-0.08570608496665955,0.793310284614563,-0.013051782455711192,0.3145110607147217,-1.0,0.4885285198688507,0.4092988073825836,-1.0,51.51314163208008,False,0.0,0.18731416761875153,-0.237677663564682,0.7724708914756775,0.0,-0.003762757182121277,0.0005923262238502506,-0.01,-0.013170430958271027,0.24516902584582567,False,False,approach,False,-0.014782298356294632,0.8190927656508318,-1.0,253,False,False,25.79999999999658,-0.3762757182121277,-0.0,0.0,0.0,0.0,0.0,0.0,-0.0,0.011460956943786793,0.0,-0.0,0.0,0.0019677212897721195,64
2.017134428024292,6.800145626068115,0.6603903770446777,0.08416967839002609,0.2190667688846588,0.1466800421476364,7.151856422424316,-0.08503520488739014,0.793749988079071,-0.01247693217958561,0.5393337607383728,-1.0,0.21965119242668152,-0.9899448156356812,-1.0,51.51314163208008,False,0.0,0.18731416761875153,-0.237677663564682,0.7724708914756775,0.0,-0.0057977956533432,0.000875001549720764,-0.01,-0.014922794103622437,0.2468034541234374,False,False,approach,False,-0.015470615588128567,-0.07453455502995006,-1.0,254,False,False,25.899999999996524,-0.5797795653343201,-0.0,0.0,0.0,0.0,0.0,0.0,-0.0,0.013344422634809838,0.0,-0.0,0.0,0.0008744156640617187,64
2.0219027996063232,6.935715675354004,0.804296612739563,0.061493322253227234,0.28322526812553406,0.1471056044101715,7.016626834869385,-0.08657971024513245,0.7916631698608398,-0.011550107462331606,0.1722831428050995,-0.6567963361740112,0.7748426198959351,0.8218924403190613,-1.0,51.51314163208008,False,0.0,0.18731416761875153,-0.237677663564682,0.7724708914756775,0.0,-0.004342377781867981,0.0009533005952835081,-0.01,-0.013389077186584473,0.246946110855788,False,False,approach,False,-0.013361169956624508,0.8436813593991981,-1.0,255,False,False,25.99999999999647,-0.4342377781867981,-0.0,0.0,0.0,0.0,0.0,0.0,-0.0,0.015405022120374867,0.0,-0.0,0.0,0.003360133278319453,64
1.9523441791534424,6.958313465118408,0.7335049510002136,0.08061546087265015,0.5295578241348267,0.14438065886497498,7.238574981689453,-0.08259165287017822,0.7916086316108704,1.1580195578609018,0.4136868417263031,-0.7578375339508057,0.5205151438713074,0.2858532965183258,-1.0,51.51314163208008,False,0.0,0.18731416761875153,-0.237677663564682,0.7724708914756775,0.0,-0.002745256721973419,0.0006310778856277472,-0.01,-0.012114178836345673,0.24440494971349835,False,False,approach,False,-0.01131540909409523,-0.061898057592329615,-1.0,256,False,False,26.099999999996413,-0.2745256721973419,-0.0,0.0,0.0,0.0,0.0,0.0,-0.0,0.016835561335644345,0.0,-0.0,0.0,0.005672523945848753,64
1.909804344177246,7.042411804199219,0.35305070877075195,0.06380270421504974,0.3887106776237488,0.14691977202892303,7.121355056762695,-0.08426489681005478,0.7923043966293335,-2.192345629657754,0.6783661246299744,-0.7854859828948975,0.5986884832382202,0.6808782815933228,-1.0,51.51314163208008,False,0.0,0.18731416761875153,-0.237677663564682,0.7724708914756775,0.0,-0.004747979938983917,0.0008121627569198601,-0.01,-0.013935817182064058,0.2477475730702281,False,False,approach,False,-2.1921865940093994,-2.230632331498121,-1.0,257,False,False,26.199999999996358,-0.4747979938983917,-0.0,0.0,0.0,0.0,0.0,0.0,-0.0,0.018646320056186494,0.0,-0.0,0.0,0.00457518008910933,64
1.9794821739196777,6.9169840812683105,0.2125912606716156,0.054153695702552795,0.5280442833900452,0.14410628378391266,7.406529903411865,-0.07937104254961014,0.7931522727012634,1.155205010125405,0.6372951865196228,-0.8127263188362122,0.606458306312561,-0.03316711634397507,-1.0,51.51314163208008,False,0.0,0.18731416761875153,-0.237677663564682,0.7724708914756775,0.0,-0.0035889023542404175,0.0011025184392929079,-0.01,-0.01248638391494751,0.2497776816599071,False,False,approach,False,-0.010868944227695465,-0.026145703616569753,-1.0,258,False,False,26.299999999996302,-0.35889023542404175,-0.0,0.0,0.0,0.0,0.0,0.0,-0.0,0.021061987736590182,0.0,-0.0,0.0,0.006942091514054673,64
2.0792901515960693,7.284634590148926,0.2022266387939453,0.05583467707037926,0.37848928570747375,0.14514420926570892,7.396124839782715,-0.07972404360771179,0.7942310571670532,-2.1848849068517553,0.9651281833648682,0.22674411535263062,0.05936276167631149,0.5395328998565674,-1.0,51.51314163208008,False,0.0,0.18731416761875153,-0.237677663564682,0.7724708914756775,0.0,-0.0031937626004219055,0.0010129323601722716,-0.01,-0.012180830240249635,0.2503178510814905,False,False,approach,False,-0.029584001749753952,-2.180066343017145,-1.0,259,False,False,26.399999999996247,-0.31937626004219055,-0.0,0.0,0.0,0.0,0.0,0.0,-0.0,0.02332104994108186,0.0,-0.0,0.0,0.008466762370119025,63
1.9259393215179443,6.692788600921631,0.2473781555891037,0.07853245735168457,0.005125824827700853,0.15566140413284302,4.839068412780762,-0.13620513677597046,0.7845176458358765,-0.026738660289644382,0.920436441898346,-0.4121699035167694,-0.12481709569692612,-0.6715810894966125,1.0,51.51314163208008,False,0.0,0.18731416761875153,-0.237677663564682,0.7724708914756775,0.0,-0.0037092193961143494,0.000957055985927581,-0.01,-0.012752163410186769,0.25104213785380125,False,False,approach,False,-0.016383299604058266,0.5878873366250049,1.0,260,False,False,26.49999999999619,-0.37092193961143494,-0.0,0.0,0.0,0.0,0.0,0.0,-0.0,0.02549010180381317,0.0,-0.0,0.0,0.009035831505792236,61
1.0106801986694336,4.671056270599365,0.3915915787220001,0.06824198365211487,0.0006114189745858312,0.15823689103126526,4.0945305824279785,-0.1530156433582306,0.7815675139427185,-0.013105231996031249,0.8585013151168823,-0.4451088011264801,-0.14682777225971222,-0.19335366785526276,1.0,51.51314163208008,False,0.0,0.18731416761875153,-0.237677663564682,0.7724708914756775,0.0,-0.002485225945711136,0.0015572154521942133,-0.01,-0.010928010493516924,0.24486844334751368,False,False,approach,False,-0.007897840812802315,0.6150845475118121,1.0,261,False,False,26.599999999996136,-0.2485225945711136,-0.0,0.0,0.0,0.0,0.0,0.0,-0.0,0.028893464170645644,0.0,-0.0,0.0,0.011961506139611687,59
0.8538782596588135,4.222517967224121,0.1926387995481491,0.06625112891197205,0.0006790441693738103,0.15696990489959717,4.203048229217529,-0.1512048989534378,0.7817453145980835,-0.009471499812358133,0.9830910563468933,0.3098452091217041,0.013572929427027702,-0.4735487997531891,1.0,51.51314163208008,False,0.0,0.18731416761875153,-0.237677663564682,0.7724708914756775,0.0,-0.0032172617316246033,0.0013750040531158442,-0.01,-0.01184225767850876,0.24482651380822062,False,False,approach,False,-0.00807155016809702,0.5632928173606291,1.0,262,False,False,26.69999999999608,-0.3217261731624603,-0.0,0.0,0.0,0.0,0.0,0.0,-0.0,0.031963102131760124,0.0,-0.0,0.0,0.012764289334255458,6
0.7986903190612793,4.215237617492676,0.4436603784561157,0.05946570634841919,0.00026082550175487995,0.15796048939228058,4.009748458862305,-0.155134379863739,0.7808663845062256,-0.014152012685468528,0.7590079307556152,-0.9860638976097107,-0.3265082836151123,-1.0,1.0,51.51314163208008,False,0.0,0.18731416761875153,-0.237677663564682,0.7724708914756775,0.0,-0.006637556552886963,0.0016812527179718012,-0.01,-0.014956303834915162,0.25281778583303094,False,False,approach,False,-0.013355602510273457,0.6826217299180031,1.0,263,False,False,26.799999999996025,-0.6637556552886963,-0.0,0.0,0.0,0.0,0.0,0.0,-0.0,0.03568239585182331,0.0,-0.0,0.0,0.011203641373024693,24
0.7161140441894531,3.98283052444458,0.09832937270402908,0.06855583935976028,0.00030396319925785065,0.15870356559753418,3.6362576484680176,-0.16425015032291412,0.7795205116271973,-0.010132103119931622,0.7699772119522095,-0.9054522514343262,0.1365402340888977,-0.3512297570705414,1.0,51.51314163208008,False,0.0,0.18731416761875153,-0.237677663564682,0.7724708914756775,0.0,-0.0038867858052253723,0.003300587236881255,-0.01,-0.010586198568344118,0.2523644771426916,False,False,approach,False,-0.00673577468842268,0.6697930298916215,1.0,264,False,False,26.89999999999597,-0.38867858052253723,-0.0,0.0,0.0,0.0,0.0,0.0,-0.0,0.04271072152996758,0.0,-0.0,0.0,0.017468574959758416,7
,,,,0.00013625262363348156,0.1582127809524536,3.6242213249206543,-0.16534963250160217,0.7797681093215942,-0.008359689754169262,0.6991879940032959,-0.9825039505958557,0.13778984546661377,-0.9701117277145386,1.0,51.51314163208008,False,0.0,0.18731416761875153,-0.237677663564682,0.7724708914756775,0.0,-0.006035701632499695,0.004077787697315215,-0.01,-0.011957913935184479,0.2540711690671742,False,False,approach,True,,-1000000000.0,1.0,265,False,False,26.999999999995914,-0.6035701632499695,-0.0,0.0,0.0,0.0,0.0,0.0,-0.0,0.051380066819736836,0.0,-0.0,0.0,0.019654331777368722,0
0.6256759166717529,3.648968458175659,0.21558913588523865,0.06718682497739792,0.00017780497728381306,0.15795782208442688,3.593485116958618,-0.16627836227416992,0.77951979637146,-0.006671910929990914,0.8963600993156433,-0.44410645961761475,0.8076703548431396,-0.6514490842819214,1.0,51.51314163208008,False,0.0,0.18731416761875153,-0.237677663564682,0.7724708914756775,0.0,-0.005193523168563843,0.0046225500106811535,-0.01,-0.01057097315788269,0.2490115948021412,False,False,approach,False,-0.005692486185580492,-0.8443570257897705,1.0,266,False,False,27.09999999999586,-0.5193523168563843,-0.0,0.0,0.0,0.0,0.0,0.0,-0.0,0.06123754995704622,0.0,-0.0,0.0,0.02542525180995927,1
0.6260156631469727,3.6616902351379395,0.08825206011533737,0.048014044761657715,0.00012685371621046215,0.15806786715984344,3.63622784614563,-0.16490605473518372,0.7795398235321045,-0.004689700761933139,0.5010841488838196,-0.8120695352554321,-0.15126244723796844,-0.8299075961112976,1.0,51.51314163208008,False,0.0,0.18731416761875153,-0.237677663564682,0.7724708914756775,0.0,-0.004055423140525818,0.004576714634895326,-0.01,-0.009478708505630491,0.2514737267047167,False,False,approach,False,-0.004892012104392052,0.5597697749103683,1.0,267,False,False,27.199999999995804,-0.4055423140525818,-0.0,0.0,0.0,0.0,0.0,0.0,-0.0,0.07110196646480549,0.0,-0.0,0.0,0.03149556009187693,7
0.5997061729431152,3.658616542816162,0.35964733362197876,0.06362996995449066,0.000176787274540402,0.15759333968162537,3.3974456787109375,-0.17100684344768524,0.7780026197433472,-0.006603151005639174,0.5513724088668823,-0.46296876668930054,0.6227847337722778,-0.5913041830062866,1.0,51.51314163208008,False,0.0,0.18731416761875153,-0.237677663564682,0.7724708914756775,0.0,-0.0031396329402923586,0.00527880787849426,-0.01,-0.0078608250617981,0.24925948400050402,False,False,approach,False,-0.0036055734381079674,-0.06847992865903679,1.0,268,False,False,27.299999999995748,-0.31396329402923584,-0.0,0.0,0.0,0.0,0.0,0.0,-0.0,0.08248447205150211,0.0,-0.0,0.0,0.038102603085458694,2
0.7138550281524658,3.9294373989105225,0.44306591153144836,0.06821301579475403,0.006041620392352343,0.154942587018013,4.823409080505371,-0.13712765276432037,0.7842515707015991,0.02058813127319368,1.0,-0.6576351523399353,-0.5177292823791504,-0.9247369766235352,-1.0,51.51314163208008,False,0.0,0.18731416761875153,-0.237677663564682,0.7724708914756775,0.0,-0.0063891649246215826,0.005769377350807188,-0.01,-0.010619787573814394,0.24622969888150692,False,False,approach,False,0.008526213467121124,0.5364115777154776,-1.0,269,False,False,27.399999999995693,-0.6389164924621582,-0.0,0.0,0.0,0.0,0.0,0.0,-0.0,0.09497301628825405,0.0,-0.0,0.0,0.04109734321950544,7
0.8739769458770752,4.204055309295654,0.574675440788269,0.07370157539844513,0.0004972056485712528,0.15848886966705322,3.5976767539978027,-0.1655878871679306,0.7794861197471619,-0.022715279510563444,0.592577338218689,-0.8891985416412354,0.11048093438148499,-0.4110240340232849,1.0,51.51314163208008,False,0.0,0.18731416761875153,-0.237677663564682,0.7724708914756775,0.0,-0.0033074218034744264,0.007371036410331724,-0.01,-0.005936385393142702,0.2465561330318451,False,False,approach,False,-0.01946396380662918,0.5529700961526961,1.0,270,False,False,27.499999999995637,-0.3307421803474426,-0.0,0.0,0.0,0.0,0.0,0.0,-0.0,0.11082332868168132,0.0,-0.0,0.0,0.05210424253736624,35
0.5644440650939941,3.5304081439971924,0.23989880084991455,0.05340927094221115,0.00014336769527290016,0.15826454758644104,3.4077529907226562,-0.17114287614822388,0.779119074344635,-0.003847063403790198,1.0,-0.9052159190177917,-0.04343239217996597,-0.8249801993370056,1.0,51.51314163208008,False,0.0,0.18731416761875153,-0.237677663564682,0.7724708914756775,0.0,-0.006254736185073852,0.009478938579559323,-0.01,-0.006775797605514529,0.24416743125766516,False,False,approach,False,-0.005670133978128433,-0.027221695752261806,1.0,271,False,False,27.599999999995582,-0.6254736185073853,-0.0,0.0,0.0,0.0,0.0,0.0,-0.0,0.1310920841030443,0.0,-0.0,0.0,0.05929130586644829,35
0.4970669746398926,3.2722229957580566,0.16935640573501587,0.057717107236385345,0.00011695513967424631,0.15744192898273468,3.29966139793396,-0.17443379759788513,0.7783446311950684,0.0022003113055336764,0.4715540409088135,-0.9372404217720032,-0.3312946557998657,-0.5984110832214355,1.0,51.51314163208008,False,0.0,0.18731416761875153,-0.237677663564682,0.7724708914756775,0.0,-0.00392158716917038,0.011283955872058868,-0.01,-0.002637631297111512,0.244608951266855,False,False,approach,False,0.003489678492769599,0.016828532650175664,1.0,272,False,False,27.699999999995526,-0.39215871691703796,-0.0,0.0,0.0,0.0,0.0,0.0,-0.0,0.1552121048502989,0.0,-0.0,0.0,0.07368446525597908,58
0.42693614959716797,3.2255542278289795,0.08775193989276886,0.05181291699409485,0.00014163402374833822,0.1592497080564499,3.142549514770508,-0.1769016981124878,0.7779069542884827,-0.0033856005141405764,0.8019630312919617,-0.018580123782157898,0.6474090814590454,0.356358140707016,1.0,51.51314163208008,False,0.0,0.18731416761875153,-0.237677663564682,0.7724708914756775,0.0,-0.002974049150943756,0.008214489519596094,-0.01,-0.0047595596313476625,0.24294738797470927,False,False,approach,False,0.00023156731913331896,0.00040402101553349903,1.0,273,False,False,27.79999999999547,-0.2974049150943756,-0.0,0.0,0.0,0.0,0.0,0.0,-0.0,0.17337486891064158,0.0,-0.0,0.0,0.08371338530437704,3
0.8099555969238281,4.110228061676025,0.7479405403137207,0.08687873929738998,0.09197448194026947,0.15359342098236084,4.755237579345703,-0.13784481585025787,0.7815744280815125,0.039853679202425316,-0.21194621920585632,-0.6546096801757812,0.051713064312934875,-0.38184624910354614,-1.0,51.51314163208008,False,0.0,0.18731416761875153,-0.237677663564682,0.7724708914756775,0.0,-0.0015547895431518555,0.0032010310888290344,-0.01,-0.008353758454322822,0.24238119507208467,False,False,approach,False,0.017690816894173622,-0.02138655884821408,-1.0,274,False,False,27.899999999995416,-0.15547895431518555,-0.0,0.0,0.0,0.0,0.0,0.0,-0.0,0.18159279848899412,0.0,-0.0,0.0,0.0892416097013452,2
0.6390690803527832,3.954732894897461,1.5614954233169556,0.08887317776679993,0.0003520103055052459,0.15711930394172668,3.6866559982299805,-0.1652257740497589,0.7804238200187683,-0.03298936826441417,0.41916194558143616,-0.5547476410865784,-0.49106594920158386,-0.42573902010917664,1.0,51.51314163208008,False,0.0,0.18731416761875153,-0.237677663564682,0.7724708914756775,0.0,-0.0022646027803421022,0.0070480176806449885,-0.01,-0.005216585099697114,0.24814769672229886,False,False,approach,False,-0.057471178472042084,0.36928844141147443,1.0,275,False,False,27.99999999999536,-0.2264602780342102,-0.0,0.0,0.0,0.0,0.0,0.0,-0.0,0.19766555714025869,0.0,-0.0,0.0,0.09656817578978724,55
0.578540563583374,3.4866480827331543,0.31897884607315063,0.05975602567195892,0.00026966497534886,0.15590399503707886,3.4276974201202393,-0.1719128042459488,0.7781267762184143,-0.007641168598765528,0.17409648001194,-0.42206811904907227,0.22098053991794586,-0.18775507807731628,1.0,51.51314163208008,False,0.0,0.18731416761875153,-0.237677663564682,0.7724708914756775,0.0,-0.0007313386350870132,0.00755304902791977,-0.01,-0.0031782896071672435,0.24340329365804791,False,False,approach,False,0.002452458720654249,-0.03491840269420057,1.0,276,False,False,28.099999999995305,-0.07313386350870132,-0.0,0.0,0.0,0.0,0.0,0.0,-0.0,0.21492084204032225,0.0,-0.0,0.0,0.10672908238507411,41
1.0303318500518799,4.798074245452881,0.9605419635772705,0.07848289608955383,0.0200134739279747,0.14989742636680603,5.331982135772705,-0.12806735932826996,0.785403311252594,0.06335499278336876,0.7953783273696899,-0.012516741640865803,-0.04826376214623451,-0.5585519671440125,-1.0,51.51314163208008,False,0.0,0.18731416761875153,-0.237677663564682,0.7724708914756775,0.0,-0.002367732673883438,0.006131024360656739,-0.01,-0.006236708313226699,0.24306753929704428,False,False,approach,False,0.06819196045398712,0.36131001308592336,-1.0,277,False,False,28.19999999999525,-0.2367732673883438,-0.0,0.0,0.0,0.0,0.0,0.0,-0.0,0.229477639707806,0.0,-0.0,0.0,0.11237108718001956,40
0.8547604084014893,4.375160217285156,0.2719961106777191,0.07405101507902145,0.0012086838250979781,0.1552775651216507,3.601698160171509,-0.1681487262248993,0.7789562940597534,-0.06420832964687076,0.19773493707180023,-0.7143983840942383,-0.6622705459594727,0.17847201228141785,1.0,51.51314163208008,False,0.0,0.18731416761875153,-0.237677663564682,0.7724708914756775,0.0,-0.0025497967004776,0.006129493117332463,-0.01,-0.006420303583145137,0.24415084812790155,False,False,approach,False,-0.03492867574095726,-0.10236994229843167,1.0,278,False,False,28.299999999995194,-0.25497967004776,-0.0,0.0,0.0,0.0,0.0,0.0,-0.0,0.244178393090707,0.0,-0.0,0.0,0.1195393998448759,39
0.5775690078735352,3.6740705966949463,0.45873498916625977,0.06773646175861359,0.0003677005006466061,0.15542106330394745,3.684558391571045,-0.16652894020080566,0.7799658179283142,0.0032280232438468403,0.49982061982154846,-0.3474859893321991,0.28398218750953674,-0.6432880759239197,1.0,51.51314163208008,False,0.0,0.18731416761875153,-0.237677663564682,0.7724708914756775,0.0,-0.0021625815331935885,0.008745719194412221,-0.01,-0.0034168623387813672,0.2431797068566084,False,False,approach,False,0.004169387277215719,-0.06633936212048072,1.0,279,False,False,28.39999999999514,-0.21625815331935883,-0.0,0.0,0.0,0.0,0.0,0.0,-0.0,0.26431297859687575,0.0,-0.0,0.0,0.12999390776524428,36
0.568932294845581,3.5485763549804688,0.7539218068122864,0.08761098980903625,0.00027298490749672055,0.15566207468509674,3.2984774112701416,-0.176262766122818,0.7783582210540771,-0.014478968057557627,0.5881862640380859,-0.38377633690834045,-0.45943769812583923,0.021167566999793053,1.0,51.51314163208008,False,0.0,0.18731416761875153,-0.237677663564682,0.7724708914756775,0.0,-0.0017619460821151733,0.008765217363834371,-0.01,-0.0029967287182808026,0.2427594941109419,False,False,approach,False,0.02204834297299385,-0.10231670736928358,1.0,280,False,False,28.499999999995083,-0.17619460821151733,-0.0,0.0,0.0,0.0,0.0,0.0,-0.0,0.28469031827392366,0.0,-0.0,0.0,0.14058321305484667,35
1.0256946086883545,4.787932872772217,0.5428945422172546,0.10566597431898117,0.045378103852272034,0.151437908411026,5.297854900360107,-0.12743642926216125,0.7852890491485596,0.07391968211312222,0.758012592792511,-0.3626469671726227,-0.0831170603632927,-0.003955295775085688,-1.0,51.51314163208008,False,0.0,0.18731416761875153,-0.237677663564682,0.7724708914756775,0.0,-0.0017825499176979066,0.007185932397842404,-0.01,-0.004596617519855503,0.24317473825067282,False,False,approach,False,0.06299710273742676,-8.707567504770276,-1.0,281,False,False,28.599999999995028,-0.17825499176979065,-0.0,0.0,0.0,0.0,0.0,0.0,-0.0,0.3020830528594747,0.0,-0.0,0.0,0.14925897651203943,28
0.8245885372161865,4.158895015716553,0.6556486487388611,0.09946171194314957,0.00760088674724102,0.15502512454986572,3.6579504013061523,-0.16635030508041382,0.7785930037498474,-0.07756608975561646,0.11105585098266602,0.058988094329833984,-0.5076947808265686,0.6605007648468018,1.0,51.51314163208008,False,0.0,0.18731416761875153,-0.237677663564682,0.7724708914756775,0.0,-0.001774570643901825,0.0018896898627281111,-0.01,-0.009884880781173715,0.23174871131777763,False,False,approach,False,-0.038749467581510544,-8.849535143648211,1.0,282,False,False,28.699999999994972,-0.1774570643901825,-0.0,0.0,0.0,0.0,0.0,0.0,-0.0,0.3089519576424089,0.0,-0.0,0.0,0.15270140817730263,30
0.5955219268798828,3.7864015102386475,0.2964340150356293,0.07558339834213257,0.0013438666937872767,0.1541222333908081,3.8087635040283203,-0.16370375454425812,0.7795679569244385,-0.01231828853107241,-0.015969455242156982,-0.3161022663116455,0.0775136947631836,-0.2882354259490967,0.9931259155273438,51.51314163208008,False,0.0,0.18731416761875153,-0.237677663564682,0.7724708914756775,0.0,-0.0004731592535972595,-0.002372502684593214,-0.01,-0.012845661938190474,0.22351860906928778,False,False,approach,False,-0.007016764488071203,-8.859433902506847,0.9931259155273438,283,False,False,28.799999999994917,-0.04731592535972595,-0.0,0.0,0.0,0.0,0.0,0.0,-0.0,0.30727976773522103,0.0,-0.0,0.0,0.15316672461401326,30
0.593268871307373,3.757126569747925,0.2525836229324341,0.07982603460550308,0.00041473633609712124,0.1564990133047104,3.0979909896850586,-0.18061983585357666,0.7775376439094543,-0.028564514400379055,-0.07786518335342407,-0.2823471426963806,-0.10929542779922485,-0.46932077407836914,1.0,51.51314163208008,False,0.0,0.18731416761875153,-0.237677663564682,0.7724708914756775,0.0,-0.0007949759066104889,0.00530665159225463,-0.01,-0.005488324314355859,0.21081287879496813,False,False,approach,False,-0.0034873206168413162,-8.93647971780033,1.0,284,False,False,28.89999999999486,-0.07949759066104889,-0.0,0.0,0.0,0.0,0.0,0.0,-0.0,0.3211040758532425,0.0,-0.0,0.0,0.15975706202001078,10
0.8370101451873779,4.227849960327148,0.6114197373390198,0.06381794065237045,0.050953175872564316,0.1516307294368744,4.865497589111328,-0.13803650438785553,0.7831112146377563,0.06564594108316,-0.8530473709106445,-0.35018980503082275,-0.7903688549995422,-0.7655705213546753,-1.0,51.51314163208008,False,0.0,0.18731416761875153,-0.237677663564682,0.7724708914756775,0.0,-0.0051527595520019535,0.0065081915259361245,-0.01,-0.008644568026065828,0.1979737668298185,False,False,approach,False,0.030009586364030838,-9.018059164625258,-1.0,285,False,False,28.999999999994806,-0.5152759552001953,-0.0,0.0,0.0,0.0,0.0,0.0,-0.0,0.3374954291678066,0.0,-0.0,0.0,0.16359495503190136,40
0.7242560386657715,4.01793909072876,0.5824873447418213,0.08400717377662659,0.002045361790806055,0.15396727621555328,3.368232011795044,-0.17556719481945038,0.7780604958534241,-0.062338214523134095,-0.12526029348373413,0.03429055213928223,-0.17098098993301392,0.02216482162475586,1.0,51.51314163208008,False,0.0,0.18731416761875153,-0.237677663564682,0.7724708914756775,0.0,-0.00011647939682006836,0.0027998614311218195,-0.01,-0.007316617965698249,0.18570596491917968,False,False,approach,False,-0.04813189432024956,-9.163037515871842,1.0,286,False,False,29.09999999999475,-0.011647939682006836,-0.0,0.0,0.0,0.0,0.0,0.0,-0.0,0.3465607883872611,0.0,-0.0,0.0,0.17316391479681048,53
0.44870972633361816,3.4030776023864746,0.35129934549331665,0.07498984038829803,0.0014834413304924965,0.15504243969917297,3.3564951419830322,-0.17431014776229858,0.7775264978408813,-0.009544921196933445,-0.03018510341644287,-0.17983907461166382,-0.10151195526123047,-0.31009697914123535,0.9999133348464966,51.51314163208008,False,0.0,0.18731416761875153,-0.237677663564682,0.7724708914756775,0.0,-0.00034929510205984116,-0.0005748778581619318,-0.01,-0.010924172960221773,0.17312058713287115,False,False,approach,False,-0.01984429731965065,-9.19189932317262,0.9999133348464966,287,False,False,29.199999999994695,-0.034929510205984116,-0.0,0.0,0.0,0.0,0.0,0.0,-0.0,0.3489000658293617,0.0,-0.0,0.0,0.17410073781262103,29
0.39299726486206055,3.4092020988464355,0.23183797299861908,0.08106401562690735,0.0005353331216610968,0.15374530851840973,3.3074026107788086,-0.17702694237232208,0.7774733901023865,-0.008581817711550286,0.07087266445159912,-0.29340749979019165,0.09629261493682861,-0.17340099811553955,1.0,51.51314163208008,False,0.0,0.18731416761875153,-0.237677663564682,0.7724708914756775,0.0,-0.00032612767070531844,0.0035705521702766307,-0.01,-0.006755575500428688,0.16128741391003132,False,False,approach,False,-0.006885335315018892,-9.273992144180012,1.0,288,False,False,29.29999999999464,-0.032612767070531845,-0.0,0.0,0.0,0.0,0.0,0.0,-0.0,0.35963749926475097,0.0,-0.0,0.0,0.17949262196167018,18
0.4101991653442383,3.4666385650634766,0.29253166913986206,0.07492032647132874,0.0005125257885083556,0.15553823113441467,3.0967936515808105,-0.18135958909988403,0.7772806882858276,-0.010762553163950406,0.0867466926574707,-0.34264397621154785,0.10606634616851807,-0.2697764039039612,1.0,51.51314163208008,False,0.0,0.18731416761875153,-0.237677663564682,0.7724708914756775,0.0,-0.0005223981291055679,0.005649583041667933,-0.01,-0.004872815087437635,0.14989552786573768,False,False,approach,False,0.0038766097277402878,-9.35802494021601,1.0,289,False,False,29.399999999994584,-0.05223981291055679,-0.0,0.0,0.0,0.0,0.0,0.0,-0.0,0.3746834685327398,0.0,-0.0,0.0,0.18681933613726434,15
0.3764152526855469,3.207926034927368,0.18020594120025635,0.07736814767122269,0.0005169146461412311,0.15591634809970856,3.113088846206665,-0.18070432543754578,0.7774924039840698,-0.001270857585925638,0.10678458213806152,-0.2967308759689331,0.11372983455657959,-0.04031872749328613,1.0,51.51314163208008,False,0.0,0.18731416761875153,-0.237677663564682,0.7724708914756775,0.0,-0.000285030584782362,0.006021667718887319,-0.01,-0.004263362865895043,0.13699258398264647,False,False,approach,False,0.005405404604971409,-9.441679084839786,1.0,290,False,False,29.49999999999453,-0.0285030584782362,-0.0,0.0,0.0,0.0,0.0,0.0,-0.0,0.39063307509178413,0.0,-0.0,0.0,0.1950315069611097,14
0.39385557174682617,3.2289822101593018,0.23703277111053467,0.07660475373268127,0.001041576499119401,0.15520969033241272,2.900855779647827,-0.18611495196819305,0.7758293747901917,-0.01682804136894777,0.06694042682647705,-0.20124000310897827,0.19305813312530518,-0.014976203441619873,0.999998927116394,51.51314163208008,False,0.0,0.18731416761875153,-0.237677663564682,0.7724708914756775,0.0,-0.0002061857283115387,0.003950379192829118,-0.01,-0.0062558065354824215,0.12643107073381543,False,False,approach,False,0.0022862597834318876,-9.535765354694105,0.999998927116394,291,False,False,29.599999999994473,-0.02061857283115387,-0.0,0.0,0.0,0.0,0.0,0.0,-0.0,0.4025595066664781,0.0,-0.0,0.0,0.2010735676049275,14
0.26819705963134766,3.0892343521118164,0.2460964024066925,0.08866354823112488,0.0013152392348274589,0.1548401117324829,2.9486336708068848,-0.1848079413175583,0.7755861282348633,-0.007080789961209899,0.05966067314147949,-0.1540062427520752,0.2067549228668213,0.0716027021408081,0.9999923706054688,51.51314163208008,False,0.0,0.18731416761875153,-0.237677663564682,0.7724708914756775,0.0,-0.00018787965178489684,0.0017985975742340066,-0.01,-0.00838928207755089,0.11826662300154567,False,False,approach,False,0.0011155928950756788,-9.61508812604538,0.9999923706054688,292,False,False,29.699999999994418,-0.018787965178489685,-0.0,0.0,0.0,0.0,0.0,0.0,-0.0,0.4102593077221105,0.0,-0.0,0.0,0.20494177420927034,11
0.25132298469543457,3.132969617843628,0.26152580976486206,0.07417065650224686,0.0021985634230077267,0.1572054773569107,2.86049747467041,-0.18538492918014526,0.7758843898773193,-0.01285457816200878,0.03849363327026367,-0.10798197984695435,0.18050158023834229,0.09707939624786377,0.9994690418243408,51.51314163208008,False,0.0,0.18731416761875153,-0.237677663564682,0.7724708914756775,0.0,-0.00013786774128675462,0.0001574546098709051,-0.01,-0.00998041313141585,0.10579821607097983,False,False,approach,False,-0.0023311912082135677,-9.705057985364865,0.9994690418243408,293,False,False,29.799999999994363,-0.01378677412867546,-0.0,0.0,0.0,0.0,0.0,0.0,-0.0,0.414721398257902,0.0,-0.0,0.0,0.20722283138766423,25
0.29067397117614746,3.0485177040100098,0.26767849922180176,0.09209103137254715,0.0027206980157643557,0.15682627260684967,2.805037260055542,-0.18695324659347534,0.7754096984863281,-0.015974361128030412,0.01988530158996582,-0.08251786231994629,0.1432732343673706,0.1179802417755127,0.9977941513061523,51.51314163208008,False,0.0,0.18731416761875153,-0.237677663564682,0.7724708914756775,0.0,-0.00010412795469164849,-0.001073735654354091,-0.01,-0.01117786360904574,0.09288647305220366,False,False,approach,False,-0.005188415292650461,-9.790105067235702,0.9977941513061523,294,False,False,29.899999999994307,-0.010412795469164848,-0.0,0.0,0.0,0.0,0.0,0.0,-0.0,0.41674133287291026,0.0,-0.0,0.0,0.2082665384817635,13
0.2431929111480713,3.063877582550049,0.2744928002357483,0.07265785336494446,0.006580288987606764,0.156894713640213,3.009852886199951,-0.18123267590999603,0.7759020328521729,-0.004704180976687096,0.008759617805480957,-0.06596899032592773,0.13344895839691162,0.12842905521392822,0.9933595657348633,51.51314163208008,False,0.0,0.18731416761875153,-0.237677663564682,0.7724708914756775,0.0,-9.682821109890938e-05,-0.0018873554468154807,-0.01,-0.01198418365791439,0.08173145912587643,False,False,approach,False,-0.0052543035708367825,-9.872859442616964,0.9933595657348633,295,False,False,29.99999999999425,-0.009682821109890938,-0.0,0.0,0.0,0.0,0.0,0.0,-0.0,0.4171380235843335,0.0,-0.0,0.0,0.20847218358106784,20
0.3171861171722412,3.2678146362304688,0.2786387801170349,0.09121590107679367,0.005542928818613291,0.1529351770877838,3.4967143535614014,-0.17284871637821198,0.7781643867492676,0.0020580482852757057,0.0015850067138671875,-0.05750852823257446,0.12793004512786865,0.11670660972595215,0.9890002012252808,51.51314163208008,False,0.0,0.18731416761875153,-0.237677663564682,0.7724708914756775,0.0,-8.324068039655685e-05,-0.0023321098089218173,-0.01,-0.012415350489318374,0.06769535504281521,False,False,approach,False,-0.007154669146984816,-9.96783289565832,0.9890002012252808,296,False,False,30.099999999994196,-0.008324068039655685,-0.0,0.0,0.0,0.0,0.0,0.0,-0.0,0.41664021168226295,0.0,-0.0,0.0,0.20823686516073492,12
0.4459202289581299,3.5640206336975098,0.27539777755737305,0.07613501697778702,0.017621591687202454,0.15797965228557587,2.814389228820801,-0.1858191192150116,0.7757095098495483,-0.0391154035630914,-0.0014480948448181152,-0.05418354272842407,0.11462390422821045,0.10357558727264404,0.9891653060913086,51.51314163208008,False,0.0,0.18731416761875153,-0.237677663564682,0.7724708914756775,0.0,-6.701123900711537e-05,-0.002455486059188855,-0.01,-0.01252249729819597,0.0571762528270483,False,False,approach,False,-0.01562766544520855,-10.07059678292853,0.9891653060913086,297,False,False,30.19999999999414,-0.006701123900711536,-0.0,0.0,0.0,0.0,0.0,0.0,-0.0,0.4158880777151768,0.0,-0.0,0.0,0.20787702761858126,21
0.3059506416320801,3.0247435569763184,0.26975423097610474,0.07280507683753967,0.012545540928840637,0.1551535427570343,2.990664005279541,-0.183156356215477,0.7755088806152344,-0.009928024866525774,-0.0050203800201416016,-0.05283033847808838,0.09819543361663818,0.08305037021636963,0.9888885021209717,51.51314163208008,False,0.0,0.18731416761875153,-0.237677663564682,0.7724708914756775,0.0,-4.8389891162514687e-05,-0.002412779927253722,-0.01,-0.012461169818416237,0.045790493953973055,False,False,approach,False,-0.009391267783939838,-10.132809779661148,0.9888885021209717,298,False,False,30.299999999994085,-0.004838989116251469,-0.0,0.0,0.0,0.0,0.0,0.0,-0.0,0.41521464575708433,0.0,-0.0,0.0,0.20755893298737965,28
0.28563737869262695,3.222377300262451,0.26334869861602783,0.07353241741657257,0.01550436019897461,0.16058339178562164,2.3207643032073975,-0.19648513197898865,0.7741705179214478,-0.036760249824989225,-0.00976109504699707,-0.05383116006851196,0.07095837593078613,0.05640566349029541,0.988520622253418,51.51314163208008,False,0.0,0.18731416761875153,-0.237677663564682,0.7724708914756775,0.0,-2.8024406637996436e-05,-0.002245398461818704,-0.01,-0.012273422868456701,0.03400637675076723,False,False,approach,False,-0.008697516284883022,-10.225132777057588,0.988520622253418,299,False,False,30.39999999999403,-0.0028024406637996435,-0.0,0.0,0.0,0.0,0.0,0.0,-0.0,0.4148726588729409,0.0,-0.0,0.0,0.20740830502983246,43
0.21315217018127441,2.6472504138946533,0.2413630485534668,0.06429128348827362,0.024358130991458893,0.15610527992248535,2.9003701210021973,-0.18401138484477997,0.7746068239212036,-10.291275912385128,-0.06086701899766922,0.023490101099014282,0.01123389508575201,-0.01612851209938526,1.0,51.51314163208008,False,0.0,0.18731416761875153,-0.237677663564682,0.7724708914756775,0.0,-10.000011607271153,-0.20743629336357117,-0.01,-10.217447900634724,0.021017367020249367,False,False,approach,False,-10.291275978088379,-10.291275978088379,1.0,300,False,False,30.499999999993975,-0.0011607271153479815,-0.0,0.0,-1.0,0.0,0.0,0.0,-0.0,0.41415125911869033,0.0,-0.0,0.0,-9.792935977711808,64
