decision_step,held_probability,imagined_step,predicted_x,predicted_y,predicted_z,supported_reward
1,8.307013104058569e-07,1,0.19653041660785675,-0.23003840446472168,0.7722892165184021,-0.002582339569926262
1,1.0889524446611176e-06,2,0.1976166069507599,-0.22684931755065918,0.7725447416305542,-0.014314217492938042
1,6.63052560412325e-07,3,0.19644707441329956,-0.22544175386428833,0.7725609540939331,-0.01362669374793768
1,1.5651162357244175e-06,4,0.19682258367538452,-0.22499480843544006,0.7725657820701599,-0.013329853303730488
1,1.750237402120547e-06,5,0.19611236453056335,-0.22556321322917938,0.7725011110305786,-0.012607789598405361
1,2.4440371362288715e-06,6,0.19524437189102173,-0.2249504178762436,0.7723983526229858,-0.011542920023202896
1,1.8059542981063714e-06,7,0.19443698227405548,-0.22763685882091522,0.7724961042404175,-0.011603983119130135
1,2.547880512793199e-06,8,0.19596251845359802,-0.22512876987457275,0.7727245688438416,-0.010581983253359795
2,1.5139725064727827e-06,1,0.19418010115623474,-0.22276464104652405,0.7724126577377319,-0.01417669840157032
2,8.568794100938248e-07,2,0.19301040470600128,-0.22195720672607422,0.7725449204444885,-0.013500578701496124
2,2.1326468413462862e-06,3,0.19303029775619507,-0.22130510210990906,0.7725753784179688,-0.013071500696241856
2,2.2066274141252507e-06,4,0.19217297434806824,-0.22300228476524353,0.772494912147522,-0.012551696971058846
2,2.8083079541829647e-06,5,0.1912456750869751,-0.22198531031608582,0.7724825739860535,-0.011214198544621468
2,2.140444621545612e-06,6,0.1904727816581726,-0.22518210113048553,0.7725057005882263,-0.011511647142469883
2,2.973598611788475e-06,7,0.19218763709068298,-0.22180891036987305,0.7727938890457153,-0.010221882723271847
2,2.2799408725404646e-06,8,0.1910845935344696,-0.2215435951948166,0.7727881073951721,-0.00944326352328062
3,7.131842494345619e-07,1,0.19323629140853882,-0.22734443843364716,0.7725036144256592,-0.013608410954475403
3,1.8034553477264126e-06,2,0.19328437745571136,-0.22665028274059296,0.7725476622581482,-0.013243314810097218
3,1.9768071979342494e-06,3,0.19274742901325226,-0.22783775627613068,0.7724893093109131,-0.012745129875838757
3,2.3636789592274e-06,4,0.19174905121326447,-0.226669579744339,0.772475004196167,-0.011427943594753742
3,1.959458586497931e-06,5,0.1909785270690918,-0.22928735613822937,0.7725241184234619,-0.011674026027321815
3,2.8269669201108627e-06,6,0.19243258237838745,-0.22631920874118805,0.7728219032287598,-0.010473113507032394
3,2.1759665287390817e-06,7,0.19134947657585144,-0.22606076300144196,0.7728681564331055,-0.00971978809684515
3,5.957996563665802e-06,8,0.19254465401172638,-0.22423671185970306,0.7723585963249207,-0.009368924424052238
4,2.2985109353612643e-06,1,0.19246694445610046,-0.225797638297081,0.7727235555648804,-0.01328025758266449
4,1.6909646092244657e-06,2,0.19234175980091095,-0.22725710272789001,0.7725284695625305,-0.012907812371850014
4,2.2162591903907014e-06,3,0.19168053567409515,-0.22651737928390503,0.7725024819374084,-0.011616548523306847
4,1.6578029544689343e-06,4,0.19106608629226685,-0.22877667844295502,0.7724891304969788,-0.011632872745394707
4,2.1926919089310104e-06,5,0.19291239976882935,-0.22581647336483002,0.7728829979896545,-0.010507925413548946
4,1.7524772601973382e-06,6,0.1919170767068863,-0.22498546540737152,0.7728813290596008,-0.009599464945495129
4,4.404803803481627e-06,7,0.19366154074668884,-0.22392117977142334,0.772398054599762,-0.00969898235052824
4,1.277145429412485e-06,8,0.19267317652702332,-0.2224157452583313,0.7724087834358215,-0.007190221454948187
5,1.5570412870147265e-06,1,0.19748051464557648,-0.22702042758464813,0.7725036144256592,-0.012774895876646042
5,2.193145746787195e-06,2,0.1976330429315567,-0.2257380336523056,0.772511899471283,-0.011875707656145096
5,1.9064202660956653e-06,3,0.19652888178825378,-0.22818459570407867,0.772433340549469,-0.01178069319576025
5,2.4370685878238874e-06,4,0.1981806755065918,-0.22560609877109528,0.7727329730987549,-0.0107700414955616
5,2.1093310351716354e-06,5,0.19690707325935364,-0.22456389665603638,0.7727461457252502,-0.009590120986104012
5,5.346027137420606e-06,6,0.198187455534935,-0.22201715409755707,0.7723191976547241,-0.009320845827460289
5,1.5237250181598938e-06,7,0.1974564790725708,-0.2209501564502716,0.7723392844200134,-0.007517821155488491
5,2.208722207797109e-06,8,0.19890421628952026,-0.22167851030826569,0.7724334597587585,-0.007056230679154396
6,2.7299438443151303e-06,1,0.19389867782592773,-0.2289009988307953,0.7728363871574402,-0.011680763214826584
6,1.6209080513363006e-06,2,0.19303765892982483,-0.23060809075832367,0.7726500034332275,-0.011734814383089542
6,1.661956730458769e-06,3,0.1951722800731659,-0.22795076668262482,0.7731052041053772,-0.010860086418688297
6,1.6176388726307778e-06,4,0.19402962923049927,-0.2268611490726471,0.7730496525764465,-0.009749289602041245
6,3.664677478809608e-06,5,0.19578289985656738,-0.22544753551483154,0.7725803852081299,-0.00975724495947361
6,1.229939471159014e-06,6,0.1950497031211853,-0.22359152138233185,0.7725809216499329,-0.007372049614787102
6,1.7253570376851712e-06,7,0.1966249942779541,-0.22463761270046234,0.7727339863777161,-0.007167777046561241
6,6.096408355915628e-07,8,0.1974635273218155,-0.22446173429489136,0.7728562951087952,-0.005245852749794722
7,1.9928529582102783e-06,1,0.19468215107917786,-0.2328396588563919,0.7722564935684204,-0.011695419438183308
7,2.311769094376359e-06,2,0.19629758596420288,-0.2308923602104187,0.7725886106491089,-0.010939217172563076
7,2.5324202397314366e-06,3,0.1951800286769867,-0.2296467423439026,0.7726786732673645,-0.009709877893328667
7,5.86975647820509e-06,4,0.19608497619628906,-0.22769296169281006,0.7721041440963745,-0.009515490382909775
7,1.7482255998402252e-06,5,0.19512629508972168,-0.22612065076828003,0.7721878290176392,-0.007369721308350563
7,2.377406190134934e-06,6,0.19624093174934387,-0.2260618954896927,0.7723613977432251,-0.0067668757401406765
7,8.359033927263226e-07,7,0.19711825251579285,-0.22635695338249207,0.7725340127944946,-0.005353692919015884
7,7.479511054953036e-07,8,0.2002861648797989,-0.22642551362514496,0.7726208567619324,-0.004692732822149992
8,1.9506694570736727e-06,1,0.19506286084651947,-0.2283182293176651,0.7727694511413574,-0.010978068225085735
8,1.5657162748539122e-06,2,0.19403435289859772,-0.2286161333322525,0.7728782296180725,-0.010084019973874092
8,4.026871465612203e-06,3,0.19499868154525757,-0.2268906980752945,0.772372841835022,-0.009565871208906174
8,1.457972643947869e-06,4,0.1938852071762085,-0.22538866102695465,0.7723853588104248,-0.007417181506752968
8,2.2357662601280026e-06,5,0.1949160397052765,-0.22538380324840546,0.772497296333313,-0.006889048032462597
8,7.752490205348295e-07,6,0.19594724476337433,-0.22589199244976044,0.7727058529853821,-0.005585420411080122
8,7.489203994737181e-07,7,0.19921310245990753,-0.22543537616729736,0.7727645039558411,-0.004820410627871752
8,6.606452416235697e-07,8,0.19922201335430145,-0.2260129302740097,0.7727802991867065,-0.0014331337297335267
9,2.3174352463684045e-06,1,0.19154703617095947,-0.22785386443138123,0.7726951837539673,-0.010490444488823414
9,5.846672138432041e-06,2,0.1921895444393158,-0.22615914046764374,0.7722562551498413,-0.009602272883057594
9,1.8571574855741346e-06,3,0.19147658348083496,-0.22518105804920197,0.7723217606544495,-0.007833794690668583
9,2.844274376911926e-06,4,0.1925555318593979,-0.22535793483257294,0.772447407245636,-0.0069923703558743
9,8.343471336047514e-07,5,0.19382387399673462,-0.22574791312217712,0.7726523280143738,-0.005727645009756088
9,8.074147217485006e-07,6,0.19703347980976105,-0.22596047818660736,0.7727172374725342,-0.004985189530998468
9,7.059813356136146e-07,7,0.19715115427970886,-0.2265232801437378,0.772773027420044,-0.0013782590394839644
9,1.2958898878423497e-06,8,0.19753950834274292,-0.22587499022483826,0.7723331451416016,0.0010095617035403848
10,3.5400712476985063e-06,1,0.19391274452209473,-0.22747525572776794,0.7722716331481934,-0.009687883779406548
10,1.290475893256371e-06,2,0.19331109523773193,-0.22680653631687164,0.7722723484039307,-0.008197223767638206
10,2.0389975361467805e-06,3,0.194370836019516,-0.2263326644897461,0.7724262475967407,-0.006957927718758583
10,6.798524623263802e-07,4,0.19509655237197876,-0.22680355608463287,0.7725624442100525,-0.005694066174328327
10,6.321801606645749e-07,5,0.1984809935092926,-0.22628773748874664,0.7726776599884033,-0.00511233089491725
10,5.753190635005012e-07,6,0.19839005172252655,-0.22611960768699646,0.7727704644203186,-0.0013795191189274192
10,1.1264484101047856e-06,7,0.19861778616905212,-0.22496704757213593,0.7723120450973511,0.0008347707916982472
10,5.2545004791682e-07,8,0.19781944155693054,-0.2246410846710205,0.7724253535270691,0.004769511055201292
11,1.9366486867511412e-06,1,0.19392016530036926,-0.22422778606414795,0.7721130847930908,-0.0077501763589680195
11,2.5108950012509013e-06,2,0.1952124834060669,-0.22507523000240326,0.7722193598747253,-0.007114538457244635
11,9.641046290198574e-07,3,0.19607241451740265,-0.22559571266174316,0.7724695205688477,-0.00545570207759738
11,9.242446594726061e-07,4,0.19900721311569214,-0.22623595595359802,0.772524893283844,-0.004986954387277365
11,7.674237849641941e-07,5,0.19905398786067963,-0.2267913967370987,0.7726554870605469,-0.0014596197288483381
11,1.3596359167422634e-06,6,0.1993023306131363,-0.22661422193050385,0.7722455859184265,0.0007824486237950623
11,6.449574811995262e-07,7,0.1984376609325409,-0.2262987345457077,0.7723854184150696,0.004784077871590853
11,5.135419200996694e-07,8,0.19989120960235596,-0.22620965540409088,0.7725570201873779,0.006976597476750612
12,3.5347140965313883e-06,1,0.19690607488155365,-0.22342605888843536,0.772247850894928,-0.007269273977726698
12,9.622142442822224e-07,2,0.19773244857788086,-0.22528181970119476,0.7724966406822205,-0.005933326203376055
12,9.931293334375368e-07,3,0.2007380723953247,-0.22482489049434662,0.7724955677986145,-0.0049360040575265884
12,8.353280236406135e-07,4,0.20055954158306122,-0.22521059215068817,0.7726688981056213,-0.001450231415219605
12,1.5183970845100703e-06,5,0.2005908489227295,-0.225688174366951,0.7723393440246582,0.000659526907838881
12,6.941868946341856e-07,6,0.1998034119606018,-0.2257007509469986,0.7725670337677002,0.004397228825837374
12,5.478054845298175e-07,7,0.2011098861694336,-0.22612793743610382,0.7726758122444153,0.006326048634946346
12,3.575673588329664e-07,8,0.2020443081855774,-0.22443605959415436,0.7727143168449402,0.00816083513200283
13,1.1815675406978698e-06,1,0.19492119550704956,-0.22758105397224426,0.7724230885505676,-0.006158256437629461
13,1.2114809351260192e-06,2,0.1975909024477005,-0.2265135794878006,0.7724727392196655,-0.004477144218981266
13,9.343870033262647e-07,3,0.19756336510181427,-0.22611738741397858,0.7726128101348877,-0.0012018317356705666
13,1.6444471384602366e-06,4,0.1978183537721634,-0.22561216354370117,0.7722480893135071,0.0008854934712871909
13,7.087715516718163e-07,5,0.19722557067871094,-0.22495605051517487,0.7724122405052185,0.004867488984018564
13,5.781891445622023e-07,6,0.19869065284729004,-0.2245449274778366,0.7725645899772644,0.007226807065308094
13,3.879218297697662e-07,7,0.19957755506038666,-0.2223726361989975,0.772611677646637,0.009102119132876396
13,4.4342087335280667e-07,8,0.19985046982765198,-0.22203987836837769,0.7725405693054199,0.006126753520220518
14,8.870625265444687e-07,1,0.19792452454566956,-0.22755320370197296,0.7724747657775879,-0.005619646981358528
14,6.556516041200666e-07,2,0.19853763282299042,-0.22729246318340302,0.7727788686752319,-0.0012424588203430176
14,1.1479658041935181e-06,3,0.19904711842536926,-0.22634463012218475,0.7724306583404541,0.0010536503978073597
14,5.344377882465778e-07,4,0.19813814759254456,-0.22652284801006317,0.7726183533668518,0.005066992715001106
14,4.95237202358112e-07,5,0.1994926929473877,-0.22633270919322968,0.772778332233429,0.007223137188702822
14,3.0590604183089454e-07,6,0.20061925053596497,-0.22423037886619568,0.7728615999221802,0.008798808790743351
14,3.862775201923796e-07,7,0.2008540779352188,-0.22358562052249908,0.7727457880973816,0.005809139460325241
14,4.885492330686247e-07,8,0.20157967507839203,-0.22330108284950256,0.7726746797561646,-0.0044028498232364655
15,9.163544518742128e-07,1,0.19405941665172577,-0.23008184134960175,0.7727548480033875,-0.001346200704574585
15,1.4356810424942523e-06,2,0.19516927003860474,-0.22903622686862946,0.7722949981689453,0.0006741294055245817
15,5.924697461523465e-07,3,0.19470512866973877,-0.2278505563735962,0.7724514007568359,0.004952075891196728
15,4.167059444171173e-07,4,0.19690974056720734,-0.22882786393165588,0.7726561427116394,0.006862409878522158
15,2.8896221238028375e-07,5,0.19822020828723907,-0.22738289833068848,0.7727156281471252,0.008926274254918098
15,3.1848958315094933e-07,6,0.19824302196502686,-0.227463960647583,0.7726120352745056,0.006586016155779362
15,4.204547110475687e-07,7,0.19899535179138184,-0.22761929035186768,0.7725242376327515,-0.003371838480234146
15,5.832370675307175e-07,8,0.1995423436164856,-0.22761105000972748,0.7722179889678955,-0.011740044690668583
16,1.2084623222108348e-06,1,0.19310829043388367,-0.23079456388950348,0.7724140882492065,-0.00024757563369348645
16,7.072563334986626e-07,2,0.19304242730140686,-0.2297946661710739,0.7724795937538147,0.004571058321744204
16,6.146602800072287e-07,3,0.19423425197601318,-0.22960473597049713,0.7725625038146973,0.007467617280781269
16,4.1786481119743257e-07,4,0.1950850784778595,-0.22824415564537048,0.772698700428009,0.008889863267540932
16,5.042430757384864e-07,5,0.19549643993377686,-0.2276657521724701,0.7726840376853943,0.005839561112225056
16,5.623435299639823e-07,6,0.19613999128341675,-0.2278575450181961,0.7726356387138367,-0.003563869511708617
16,7.455625450347725e-07,7,0.19704103469848633,-0.22761648893356323,0.7723684310913086,-0.012090914882719517
16,4.830637863051379e-07,8,0.19876722991466522,-0.227249875664711,0.7724526524543762,-0.016206448897719383
17,6.037819275661604e-07,1,0.19395965337753296,-0.22754405438899994,0.7724324464797974,0.003539670491591096
17,5.178674200578826e-07,2,0.19452247023582458,-0.22752462327480316,0.772470235824585,0.007400124799460173
17,3.3150791978187044e-07,3,0.19562828540802002,-0.22591227293014526,0.7725200057029724,0.008145658299326897
17,3.5701640399565804e-07,4,0.19629375636577606,-0.22546297311782837,0.7724593877792358,0.005109728313982487
17,4.280892369479261e-07,5,0.19718560576438904,-0.22504127025604248,0.7723639607429504,-0.003992257174104452
17,5.597554491032497e-07,6,0.19804725050926208,-0.22499068081378937,0.7720392942428589,-0.012349012307822704
17,4.1739122025319375e-07,7,0.20005786418914795,-0.22383670508861542,0.772190272808075,-0.016432389616966248
17,6.309887794486713e-07,8,0.20196107029914856,-0.22243019938468933,0.7718681693077087,-0.022797683253884315
18,7.361747407230723e-07,1,0.19216196238994598,-0.23051230609416962,0.7725486755371094,0.007255996577441692
18,4.486512068524462e-07,2,0.19312843680381775,-0.22924953699111938,0.772617757320404,0.007814022712409496
18,4.798945951733913e-07,3,0.1936655044555664,-0.22913512587547302,0.7726110816001892,0.004598693922162056
18,4.869667691309587e-07,4,0.19420397281646729,-0.2290893793106079,0.7725573182106018,-0.004631425254046917
18,5.139079348737141e-07,5,0.19518694281578064,-0.2294977605342865,0.7722707390785217,-0.013594468124210835
18,3.6724549090649816e-07,6,0.19717514514923096,-0.22812420129776,0.7723228335380554,-0.017817633226513863
18,5.781604386356776e-07,7,0.19911138713359833,-0.22664980590343475,0.7719920873641968,-0.023852046579122543
18,5.635767479361675e-07,8,0.20045322179794312,-0.22583457827568054,0.7720436453819275,-0.02601039409637451
19,2.826271838785033e-07,1,0.19197803735733032,-0.2307448834180832,0.7726132869720459,0.00893307849764824
19,3.305595441815967e-07,2,0.19263547658920288,-0.22995105385780334,0.7725588083267212,0.004908720031380653
19,4.0063292772174464e-07,3,0.1933911293745041,-0.2286948561668396,0.7724751234054565,-0.0026578018441796303
19,5.567272864936967e-07,4,0.19445204734802246,-0.2281174510717392,0.7721559405326843,-0.010490333661437035
19,4.007223424196127e-07,5,0.1968695968389511,-0.2272457480430603,0.7722750902175903,-0.015016026794910431
19,6.530923428726965e-07,6,0.1986706405878067,-0.2264149785041809,0.7719973921775818,-0.02054741606116295
19,6.203809448379616e-07,7,0.2002335488796234,-0.2257821261882782,0.7720588445663452,-0.022985665127635002
19,8.713790293768398e-07,8,0.2007596492767334,-0.2247011959552765,0.7718048095703125,-0.02659442275762558
20,3.3074999805648986e-07,1,0.19448012113571167,-0.23098716139793396,0.7725815773010254,0.00489538861438632
20,4.1884464963004575e-07,2,0.1948365867137909,-0.23062050342559814,0.7725114226341248,-0.0031823464669287205
20,5.361428065953078e-07,3,0.19572530686855316,-0.23069997131824493,0.7722743153572083,-0.01245398074388504
20,4.0638309428686625e-07,4,0.1975008249282837,-0.22985580563545227,0.7723154425621033,-0.01657053828239441
20,5.700965175492456e-07,5,0.19925349950790405,-0.2300354242324829,0.7721145153045654,-0.022879531607031822
20,5.388226327340817e-07,6,0.20052403211593628,-0.22921457886695862,0.7721952199935913,-0.02524866722524166
20,6.726481274199614e-07,7,0.20096775889396667,-0.22854895889759064,0.7719905376434326,-0.027662761509418488
20,4.856570399169868e-07,8,0.1999809741973877,-0.22787877917289734,0.7721365094184875,-0.02152787148952484
21,4.316455886055337e-07,1,0.19281354546546936,-0.2293321192264557,0.7723610401153564,-0.002487325109541416
21,8.219196274694696e-07,2,0.19254104793071747,-0.22781245410442352,0.7722103595733643,-0.009609575383365154
21,4.454714996882103e-07,3,0.19467967748641968,-0.22737781703472137,0.7722194194793701,-0.015389591455459595
21,7.954353691275173e-07,4,0.1958230882883072,-0.2261028289794922,0.7720140218734741,-0.02057426981627941
21,6.991172654124966e-07,5,0.19768840074539185,-0.22588855028152466,0.7719659805297852,-0.02476479485630989
21,8.874391141944216e-07,6,0.1981925219297409,-0.2251027524471283,0.7717707753181458,-0.027796830981969833
21,6.143490622889658e-07,7,0.19743481278419495,-0.22495292127132416,0.7719098329544067,-0.022789662703871727
21,5.866348828931223e-07,8,0.1965925693511963,-0.2238493263721466,0.771965503692627,-0.017826564610004425
22,3.886401600539102e-07,1,0.19269274175167084,-0.2324739247560501,0.772700309753418,-0.011931054294109344
22,2.913941443694057e-07,2,0.1949668973684311,-0.23101277649402618,0.7725247144699097,-0.015021794475615025
22,4.0953486291073204e-07,3,0.19708912074565887,-0.23082904517650604,0.7723467350006104,-0.020460648462176323
22,4.422598749442841e-07,4,0.19876211881637573,-0.22954842448234558,0.7723413109779358,-0.02371305599808693
22,5.961504143670027e-07,5,0.19983859360218048,-0.2284160852432251,0.7721065282821655,-0.027650482952594757
22,4.497864551922248e-07,6,0.1992572695016861,-0.22715888917446136,0.7722010612487793,-0.022823259234428406
22,5.363392006074719e-07,7,0.19861653447151184,-0.22545650601387024,0.7721797227859497,-0.018034059554338455
22,3.140378623811557e-07,8,0.197671577334404,-0.22478805482387543,0.7723497748374939,-0.010691743344068527
23,4.150750214648724e-07,1,0.1961287260055542,-0.225032240152359,0.772621750831604,-0.014547286555171013
23,8.112863838505291e-07,2,0.1983504295349121,-0.22445684671401978,0.7723790407180786,-0.020501257851719856
23,7.053205308693578e-07,3,0.2002779096364975,-0.22416715323925018,0.772270917892456,-0.024090439081192017
23,8.495375709571817e-07,4,0.20101383328437805,-0.22295162081718445,0.772032618522644,-0.02759494259953499
23,6.733387181157013e-07,5,0.20070694386959076,-0.2223747968673706,0.7720613479614258,-0.025961952283978462
23,6.673982397842337e-07,6,0.19985081255435944,-0.22106274962425232,0.7720913887023926,-0.021993383765220642
23,4.5419480443342763e-07,7,0.1992373913526535,-0.22024090588092804,0.7722586393356323,-0.01527083944529295
23,3.183611170243239e-07,8,0.19828562438488007,-0.2199145257472992,0.7723459601402283,-0.008073710836470127
24,7.652969316040981e-07,1,0.20198503136634827,-0.2246781587600708,0.7720961570739746,-0.01903478428721428
24,6.00260250394058e-07,2,0.20353016257286072,-0.22465673089027405,0.7720242142677307,-0.024470733478665352
24,8.634228834125679e-07,3,0.20404461026191711,-0.22372931241989136,0.7718445062637329,-0.028647132217884064
24,7.064851956783968e-07,4,0.20349155366420746,-0.2236091047525406,0.7718992233276367,-0.02652735821902752
24,6.954047648832784e-07,5,0.20269884169101715,-0.2226559966802597,0.77195143699646,-0.021711839362978935
24,4.638191057892982e-07,6,0.20197038352489471,-0.2225215882062912,0.7721248269081116,-0.015128521248698235
24,3.13311232957858e-07,7,0.201106458902359,-0.2226506918668747,0.7721974849700928,-0.008228806778788567
24,1.2557904938148567e-07,8,0.2007099688053131,-0.22418810427188873,0.7722432613372803,0.004886564798653126
25,5.659427415594109e-07,1,0.19454950094223022,-0.22663331031799316,0.7719666361808777,-0.026556309312582016
25,7.150215992623998e-07,2,0.19642651081085205,-0.22366809844970703,0.7718846201896667,-0.02853078953921795
25,6.325190611278231e-07,3,0.196003720164299,-0.22230295836925507,0.7719413042068481,-0.022879736497998238
25,4.584919679473387e-07,4,0.19555668532848358,-0.22088585793972015,0.7720345258712769,-0.014932436868548393
25,2.6588551804707095e-07,5,0.19476693868637085,-0.22047512233257294,0.7721640467643738,-0.006587800569832325
25,1.51557287608739e-07,6,0.19429358839988708,-0.22027623653411865,0.7721843123435974,0.0060327616520226
25,9.756062269161703e-08,7,0.19408762454986572,-0.22068077325820923,0.7722523808479309,0.012754528783261776
25,8.251201677467179e-08,8,0.19396956264972687,-0.22073015570640564,0.7723487019538879,0.013833440840244293
26,9.794924835659913e-07,1,0.1985246241092682,-0.22948376834392548,0.771906316280365,-0.027060212567448616
26,8.504738389092381e-07,2,0.1982620805501938,-0.2285587191581726,0.7720866799354553,-0.02462082915008068
26,7.614589208060352e-07,3,0.19782450795173645,-0.227261021733284,0.7722010016441345,-0.01925744116306305
26,4.5492743083741516e-07,4,0.19704073667526245,-0.22685499489307404,0.7723236083984375,-0.012088187970221043
26,2.96791597520496e-07,5,0.1964331865310669,-0.22617924213409424,0.7723836302757263,-0.004402305465191603
26,1.2099933144327224e-07,6,0.19612443447113037,-0.227359801530838,0.7723631262779236,0.00858356710523367
26,1.0731710631262104e-07,7,0.19564440846443176,-0.2274870127439499,0.7723976969718933,0.013595172204077244
26,7.155681203130371e-08,8,0.19547626376152039,-0.22822529077529907,0.7723821997642517,0.014378639869391918
27,6.645098551416595e-07,1,0.19051170349121094,-0.2311626374721527,0.7721955180168152,-0.020736072212457657
27,4.4786975195165724e-07,2,0.19069629907608032,-0.22927692532539368,0.7723023891448975,-0.010306429117918015
27,2.8518905992314103e-07,3,0.18929359316825867,-0.229220911860466,0.7724108695983887,0.0011950958287343383
27,1.7870929980290384e-07,4,0.18928442895412445,-0.22900593280792236,0.7724238634109497,0.010286361910402775
27,9.82275807359656e-08,5,0.18955457210540771,-0.22989384829998016,0.772498607635498,0.01278721820563078
27,8.908379101058017e-08,6,0.18970568478107452,-0.23091216385364532,0.7726185321807861,0.012102212756872177
27,5.5231677009714986e-08,7,0.19024889171123505,-0.23250249028205872,0.7727307081222534,0.009602858684957027
27,5.714067441431325e-08,8,0.1904975026845932,-0.23256920278072357,0.7727729082107544,0.012278988026082516
28,5.311138693286921e-07,1,0.19980895519256592,-0.22897839546203613,0.7721807360649109,-0.013177992776036263
28,4.462917502223718e-07,2,0.1994108259677887,-0.22771726548671722,0.7722963094711304,-0.007473978213965893
28,3.256197373957548e-07,3,0.1984391063451767,-0.22789724171161652,0.7722615003585815,0.0007932321750558913
28,1.4979130469328084e-07,4,0.19806316494941711,-0.22911667823791504,0.772257387638092,0.01112920232117176
28,1.0744039968813013e-07,5,0.19780594110488892,-0.2295927256345749,0.7722792625427246,0.014059308916330338
28,7.456173989339732e-08,6,0.1978711038827896,-0.230198934674263,0.7723093032836914,0.013008637353777885
28,5.640433897724506e-08,7,0.19833052158355713,-0.2309168130159378,0.7724284529685974,0.009023293852806091
28,5.113671974754652e-08,8,0.19883061945438385,-0.23112913966178894,0.7725608348846436,0.008918115869164467
29,5.046923661211622e-07,1,0.19610550999641418,-0.22739310562610626,0.7725061178207397,-0.008036661893129349
29,2.3511155688993313e-07,2,0.19624315202236176,-0.2269192785024643,0.7724403738975525,-0.0009182611247524619
29,1.0046879594938218e-07,3,0.19617649912834167,-0.228310227394104,0.7724113464355469,0.010683555155992508
29,9.256925181944098e-08,4,0.19602645933628082,-0.2279680371284485,0.7725005149841309,0.015296665020287037
29,5.844208672556306e-08,5,0.1961260437965393,-0.2286553680896759,0.7725341320037842,0.015121583826839924
29,4.924434549025136e-08,6,0.19662828743457794,-0.2288142889738083,0.7726357579231262,0.012312610633671284
29,4.197871561473221e-08,7,0.19729386270046234,-0.22907871007919312,0.7727954983711243,0.011415988206863403
29,5.0771483017797436e-08,8,0.19769255816936493,-0.2286965698003769,0.7728574275970459,0.013086207211017609
30,3.2651374226588814e-07,1,0.1962578147649765,-0.22384479641914368,0.772582471370697,-0.0007391275721602142
30,1.8440255189489108e-07,2,0.1964993178844452,-0.22345976531505585,0.7726027369499207,0.010265960358083248
30,1.1594863025266022e-07,3,0.19624990224838257,-0.2241518497467041,0.7725529074668884,0.015033191069960594
30,7.578648819617229e-08,4,0.19598457217216492,-0.22494757175445557,0.7725741267204285,0.014966417104005814
30,7.177455785267739e-08,5,0.19648398458957672,-0.22446994483470917,0.7726290822029114,0.011510547250509262
30,6.33582288855905e-08,6,0.19727878272533417,-0.22500497102737427,0.7728022933006287,0.00865689292550087
30,7.303066240638145e-08,7,0.1976974606513977,-0.22504663467407227,0.7728898525238037,0.010532964952290058
30,9.838433356890164e-08,8,0.19809961318969727,-0.2246609926223755,0.772890567779541,0.006823691539466381
31,1.2834709650633158e-07,1,0.19114214181900024,-0.23014220595359802,0.7725085020065308,0.007039638236165047
31,9.082071272814574e-08,2,0.19157539308071136,-0.23035107553005219,0.7725183367729187,0.012487719766795635
31,7.430831772126112e-08,3,0.19198369979858398,-0.22996920347213745,0.7725234031677246,0.01326906681060791
31,6.702194355057145e-08,4,0.1921164095401764,-0.23012802004814148,0.7726123929023743,0.011570659466087818
31,5.7520548324418996e-08,5,0.1927824318408966,-0.23054248094558716,0.7727736234664917,0.0073229162953794
31,6.202915869835124e-08,6,0.1932416558265686,-0.23060809075832367,0.7729012966156006,0.00874104630202055
31,7.551450664777803e-08,7,0.19367285072803497,-0.23021279275417328,0.7729306221008301,0.0071301511488854885
31,1.0000726291536921e-07,8,0.19426080584526062,-0.2296753227710724,0.7728868126869202,0.0028995811007916927
32,6.621635861847608e-08,1,0.19328573346138,-0.22819052636623383,0.7726007699966431,0.013665832579135895
32,9.235374420768494e-08,2,0.19329461455345154,-0.22737054526805878,0.7726551294326782,0.014139791950583458
32,7.333117935104383e-08,3,0.19361421465873718,-0.22830919921398163,0.7726431488990784,0.012584308162331581
32,5.90121196353266e-08,4,0.1944311559200287,-0.2293063849210739,0.7727292776107788,0.00870620645582676
32,6.890969217465681e-08,5,0.19494344294071198,-0.2296237051486969,0.7728240489959717,0.009184582158923149
32,8.84768951436854e-08,6,0.1954054832458496,-0.2293868213891983,0.7728261351585388,0.006996898911893368
32,1.5298621747206198e-07,7,0.195927694439888,-0.2287641018629074,0.7727357149124146,0.0005636262358166277
32,4.690927255524002e-07,8,0.1966034322977066,-0.22845156490802765,0.7725443243980408,-0.008591540157794952
33,4.802704722806084e-08,1,0.19463646411895752,-0.22972065210342407,0.7724840641021729,0.014463203959167004
33,7.611620134184705e-08,2,0.19550246000289917,-0.22710618376731873,0.7725562453269958,0.011982249096035957
33,8.189879707742875e-08,3,0.19601477682590485,-0.22740493714809418,0.7727906703948975,0.009836859069764614
33,7.341711238950666e-08,4,0.19660727679729462,-0.22791998088359833,0.7729239463806152,0.012759482488036156
33,8.354660963050264e-08,5,0.19730934500694275,-0.227664515376091,0.7729254961013794,0.009643525816500187
33,1.407265131092572e-07,6,0.1980275809764862,-0.22715988755226135,0.7728061676025391,0.002301280852407217
33,4.969039082425297e-07,7,0.19864395260810852,-0.2271401584148407,0.7724968194961548,-0.008865946903824806
33,8.163193569998839e-07,8,0.19977468252182007,-0.22661972045898438,0.7722209692001343,-0.016384020447731018
34,3.492499445201247e-08,1,0.19566060602664948,-0.23042766749858856,0.7725913524627686,0.013124492950737476
34,4.2730643912136657e-08,2,0.19550560414791107,-0.2297179400920868,0.7728322744369507,0.012332231737673283
34,4.5693489880704874e-08,3,0.19600769877433777,-0.22926244139671326,0.7729531526565552,0.013110550120472908
34,6.1516992388988e-08,4,0.19636064767837524,-0.22863930463790894,0.7729722261428833,0.009008965454995632
34,1.2452112230221246e-07,5,0.19676479697227478,-0.22794011235237122,0.7729288935661316,0.001521262456662953
34,5.628021995107702e-07,6,0.19732971489429474,-0.22814056277275085,0.7727517485618591,-0.009369594976305962
34,1.0276021384925116e-06,7,0.198594331741333,-0.22803734242916107,0.7726448774337769,-0.015190502628684044
34,8.443875003649737e-07,8,0.19936376810073853,-0.22670021653175354,0.7728182673454285,-0.01719261147081852
35,3.6520400925610375e-08,1,0.19534863531589508,-0.23193703591823578,0.7725518941879272,0.009221920743584633
35,5.4958150030870456e-08,2,0.19596682488918304,-0.23093067109584808,0.7726441621780396,0.0118664326146245
35,6.636517468905367e-08,3,0.19670267403125763,-0.23047389090061188,0.7726587057113647,0.007384355645626783
35,1.1486760342904745e-07,4,0.1971549093723297,-0.2298281192779541,0.7726472616195679,0.0009088271181099117
35,3.835782820260647e-07,5,0.1973598301410675,-0.22959384322166443,0.7725816965103149,-0.008355990052223206
35,7.802481718499621e-07,6,0.1978256106376648,-0.2287953495979309,0.7725400924682617,-0.014292633160948753
35,7.592834094793943e-07,7,0.19814732670783997,-0.2267148792743683,0.772708535194397,-0.015618382021784782
35,1.0345147529733367e-06,8,0.19814163446426392,-0.22482313215732574,0.7729170322418213,-0.015954092144966125
36,5.125839308561808e-08,1,0.1951548010110855,-0.22657410800457,0.7729086875915527,0.012395932339131832
36,6.313950962066883e-08,2,0.19587674736976624,-0.2263035774230957,0.7728613615036011,0.009931789711117744
36,9.617347984658409e-08,3,0.19653567671775818,-0.2262740284204483,0.7728248238563538,0.0038770476821810007
36,2.4993622105284885e-07,4,0.19679583609104156,-0.2265702188014984,0.7727860808372498,-0.005562154110521078
36,7.005235147516942e-07,5,0.1967732459306717,-0.22690780460834503,0.7727773785591125,-0.01219343114644289
36,8.760392233853054e-07,6,0.1964009702205658,-0.22528456151485443,0.7729693055152893,-0.013514858670532703
36,1.1803850838987273e-06,7,0.19604119658470154,-0.22336511313915253,0.7731984257698059,-0.014149708673357964
36,1.557617338221462e-06,8,0.19596806168556213,-0.2220989465713501,0.7733904719352722,-0.01363289263099432
37,1.2740952115564141e-07,1,0.1957339346408844,-0.22900673747062683,0.7729860544204712,0.005274795927107334
37,1.414157395629445e-07,2,0.19644257426261902,-0.2286728173494339,0.7729257941246033,0.0002596182457637042
37,2.3564106754747627e-07,3,0.19687728583812714,-0.22846165299415588,0.7728405594825745,-0.009035803377628326
37,3.8016631265236356e-07,4,0.19716212153434753,-0.2278464436531067,0.7727988958358765,-0.01493284571915865
37,4.506585185026779e-07,5,0.19728781282901764,-0.22602632641792297,0.7729089260101318,-0.01695740967988968
37,4.598647933562461e-07,6,0.1973380744457245,-0.22407162189483643,0.7730910181999207,-0.01778344437479973
37,6.206069542713522e-07,7,0.1973997950553894,-0.22269989550113678,0.7732517123222351,-0.016300875693559647
37,8.503732260578545e-07,8,0.19766099750995636,-0.2219657599925995,0.7733607292175293,-0.01484672725200653
38,1.5759719929064886e-07,1,0.19421353936195374,-0.23046079277992249,0.7727964520454407,-0.0004885916132479906
38,3.406908035685774e-07,2,0.19478735327720642,-0.2301667481660843,0.7728005051612854,-0.009660118259489536
38,7.149889142965549e-07,3,0.19522042572498322,-0.2287633866071701,0.772860586643219,-0.015180982649326324
38,6.630096436310851e-07,4,0.19551439583301544,-0.22601467370986938,0.7730920910835266,-0.01721998117864132
38,8.559001116736908e-07,5,0.19552461802959442,-0.22376643121242523,0.7733341455459595,-0.017205223441123962
38,1.1063467582062003e-06,6,0.19575464725494385,-0.22251008450984955,0.7735186815261841,-0.01600189507007599
38,1.5842358607187634e-06,7,0.19617077708244324,-0.22217150032520294,0.7736178040504456,-0.014501934871077538
38,2.3651514311495703e-06,8,0.19661659002304077,-0.22209005057811737,0.7736396193504333,-0.01341861393302679
39,2.9171383175707888e-06,1,0.19140727818012238,-0.2344723641872406,0.7729304432868958,-0.01107670646160841
39,7.579891416753526e-07,2,0.1932385265827179,-0.23216275870800018,0.7729485630989075,-0.009790555573999882
39,1.0898137361436966e-06,3,0.1939602643251419,-0.23140031099319458,0.7731124758720398,-0.015721507370471954
39,1.4116407101028017e-06,4,0.19441433250904083,-0.23029887676239014,0.7732675671577454,-0.0147060202434659
39,1.7946417756320443e-06,5,0.19475539028644562,-0.2293798178434372,0.7734067440032959,-0.013922612182796001
39,2.5039698812179267e-06,6,0.1951165497303009,-0.2288239300251007,0.7734760046005249,-0.013348867185413837
39,3.301860033388948e-06,7,0.19545623660087585,-0.2282068133354187,0.7735050916671753,-0.012705240398645401
39,3.5753059819398914e-06,8,0.19573266804218292,-0.22724047303199768,0.7735617756843567,-0.01213913969695568
40,6.927465392436716e-07,1,0.19412052631378174,-0.22722622752189636,0.7728765606880188,-0.014682118780910969
40,3.897075941949879e-07,2,0.19422850012779236,-0.226497083902359,0.7731070518493652,-0.014796649105846882
40,6.639220373472199e-07,3,0.1937578022480011,-0.2259121835231781,0.7733657360076904,-0.015450195409357548
40,7.935548183013452e-07,4,0.19376373291015625,-0.2252403199672699,0.7735707759857178,-0.014365081675350666
40,1.3342884130906896e-06,5,0.19395805895328522,-0.22483305633068085,0.7737017869949341,-0.012841562740504742
40,2.0867198600171832e-06,6,0.19440725445747375,-0.22446469962596893,0.773747444152832,-0.011735611595213413
40,2.675824816833483e-06,7,0.19473478198051453,-0.22351223230361938,0.7738187909126282,-0.010863383300602436
40,2.4552905415475834e-06,8,0.19500067830085754,-0.22189857065677643,0.7739763259887695,-0.01100324559956789
41,1.5916297343210317e-05,1,0.1961248219013214,-0.22987349331378937,0.772438645362854,-0.018015263602137566
41,9.265056633012136e-07,2,0.19518475234508514,-0.22489722073078156,0.7733021974563599,-0.013446374796330929
41,3.3862559121189406e-06,3,0.1948176622390747,-0.2240833044052124,0.7735249400138855,-0.01592685841023922
41,4.432095920492429e-06,4,0.19494333863258362,-0.22398637235164642,0.7735838294029236,-0.01384925190359354
41,9.241105544788297e-06,5,0.19514276087284088,-0.22450941801071167,0.7734679579734802,-0.012660929001867771
41,1.3115394722262863e-05,6,0.19528502225875854,-0.22439156472682953,0.773367166519165,-0.011675792746245861
41,1.1235569218115415e-05,7,0.1951703131198883,-0.22329333424568176,0.7734911441802979,-0.010525079444050789
41,6.8159365582687315e-06,8,0.1951017677783966,-0.22164326906204224,0.7737569212913513,-0.010670551098883152
42,2.8288769726714236e-07,1,0.1961030811071396,-0.22605745494365692,0.773860514163971,-0.01709880493581295
42,9.35938714974327e-07,2,0.1965457648038864,-0.2251460701227188,0.7739125490188599,-0.01694057695567608
42,1.4791143030379317e-06,3,0.19702410697937012,-0.22484274208545685,0.7738544344902039,-0.014980927109718323
42,2.552243358877604e-06,4,0.19736570119857788,-0.2249816209077835,0.7737175226211548,-0.013670078478753567
42,3.18269599119958e-06,5,0.1976645290851593,-0.22467271983623505,0.7736173868179321,-0.012821857817471027
42,2.7147298169438727e-06,6,0.1978454738855362,-0.22364816069602966,0.7736824154853821,-0.01216977834701538
42,1.922308911161963e-06,7,0.19802692532539368,-0.22228895127773285,0.7738440036773682,-0.012393690645694733
42,1.5079017430252861e-06,8,0.19820117950439453,-0.2211822271347046,0.7739785313606262,-0.013336035422980785
43,6.479309035967162e-07,1,0.19841383397579193,-0.22934091091156006,0.7731273770332336,-0.015156039036810398
43,1.0138941206605523e-06,2,0.1989234834909439,-0.2275782823562622,0.7731116414070129,-0.015821976587176323
43,1.5415745338032139e-06,3,0.1994134783744812,-0.2272944152355194,0.7730507254600525,-0.014330688863992691
43,2.096666094075772e-06,4,0.19958698749542236,-0.22692395746707916,0.7730374336242676,-0.012836066074669361
43,2.2040321709937416e-06,5,0.1996336579322815,-0.22602929174900055,0.7731014490127563,-0.012143594212830067
43,1.8829128975994536e-06,6,0.1996355503797531,-0.22478267550468445,0.7732395529747009,-0.01223505474627018
43,1.7492729966761544e-06,7,0.19961953163146973,-0.22365516424179077,0.7733539938926697,-0.013299854472279549
43,2.1164278223295696e-06,8,0.19964033365249634,-0.22318385541439056,0.7733549475669861,-0.014982125721871853
44,2.7196585961064557e-06,1,0.1945582628250122,-0.23166055977344513,0.7732507586479187,-0.013177971355617046
44,4.220127721055178e-06,2,0.1949254870414734,-0.229668527841568,0.773496687412262,-0.011159309186041355
44,2.8820420538977487e-06,3,0.1951177567243576,-0.2276512086391449,0.7737461924552917,-0.01021649781614542
44,2.332063331778045e-06,4,0.19513532519340515,-0.2254757285118103,0.7740092277526855,-0.0100005604326725
44,1.8402428167973994e-06,5,0.19533778727054596,-0.223300039768219,0.774225652217865,-0.011152901686728
44,1.961249608939397e-06,6,0.19548609852790833,-0.2217869907617569,0.7743648290634155,-0.012824690900743008
44,0.6212494969367981,7,0.19456136226654053,-0.22564564645290375,0.7720546126365662,0.37531593441963196
44,0.9966206550598145,8,0.1938295066356659,-0.22562433779239655,0.7738831639289856,0.003992890473455191
45,9.050742164617986e-07,1,0.20025509595870972,-0.2251531183719635,0.7728695869445801,-0.01299144048243761
45,5.547255454985134e-07,2,0.20036453008651733,-0.22207321226596832,0.7731202244758606,-0.014162352308630943
45,8.185044180208934e-07,3,0.20031625032424927,-0.22147807478904724,0.7731699347496033,-0.012919607572257519
45,1.1930081882383092e-06,4,0.2002583146095276,-0.22111517190933228,0.7731590270996094,-0.012871898710727692
45,1.416837221768219e-06,5,0.2002129703760147,-0.22042354941368103,0.7731630206108093,-0.013720378279685974
45,1.7190550352097489e-06,6,0.20016229152679443,-0.21973268687725067,0.7731446623802185,-0.014980804175138474
45,2.20755555346841e-06,7,0.20021271705627441,-0.21947698295116425,0.7730546593666077,-0.016616668552160263
45,2.9893362807342783e-06,8,0.2002674788236618,-0.21912850439548492,0.7729586362838745,-0.0179129745811224
46,8.022942893148866e-06,1,0.19804486632347107,-0.22263650596141815,0.7733770608901978,-0.010513306595385075
46,4.5579172365251e-06,2,0.1974955052137375,-0.22044086456298828,0.7738174796104431,-0.012244418263435364
46,2.2106630694906926e-06,3,0.1973852664232254,-0.21844035387039185,0.7741511464118958,-0.013528573326766491
46,1.6554583908146014e-06,4,0.19744285941123962,-0.21733646094799042,0.7743206024169922,-0.01412135548889637
46,2.2237857137952233e-06,5,0.19771377742290497,-0.21749475598335266,0.7741925120353699,-0.014325103722512722
46,3.7424417769216234e-06,6,0.19792503118515015,-0.217779278755188,0.7739202976226807,-0.015451353043317795
46,4.538398570730351e-06,7,0.19793659448623657,-0.2172054946422577,0.7737878561019897,-0.01696712151169777
46,4.775908109877491e-06,8,0.19779741764068604,-0.2162112295627594,0.7738043069839478,-0.01758808083832264
47,1.0751916761364555e-06,1,0.19870999455451965,-0.21869932115077972,0.7735687494277954,-0.012965365312993526
47,1.3859605587640544e-06,2,0.19905106723308563,-0.21889019012451172,0.7734616994857788,-0.014528525993227959
47,1.966508762052399e-06,3,0.19940721988677979,-0.2194795161485672,0.7732722759246826,-0.014683607034385204
47,2.2632254967902554e-06,4,0.19950050115585327,-0.21920497715473175,0.7732123136520386,-0.016337120905518532
47,2.6410918962938013e-06,5,0.19961142539978027,-0.21877777576446533,0.7731679677963257,-0.018515564501285553
47,3.2098369047162123e-06,6,0.19975724816322327,-0.2184162437915802,0.7731273174285889,-0.02088279463350773
47,3.1781069083081093e-06,7,0.19996030628681183,-0.2177947759628296,0.7731310725212097,-0.02299424074590206
47,3.1102799766813405e-06,8,0.20011690258979797,-0.2169031798839569,0.7732157111167908,-0.024292657151818275
48,3.6861781609331956e-06,1,0.1954084038734436,-0.21315577626228333,0.7734622359275818,-0.019138555973768234
48,3.031105279660551e-06,2,0.1966494917869568,-0.21315066516399384,0.773514449596405,-0.0228306632488966
48,4.41579868493136e-06,3,0.1972113847732544,-0.21364857256412506,0.7735904455184937,-0.022886324673891068
48,7.988068318809383e-06,4,0.19768376648426056,-0.21435225009918213,0.7740818858146667,-0.027023427188396454
48,3.4776844586303923e-06,5,0.19799529016017914,-0.2134261280298233,0.7742041945457458,-0.027767037972807884
48,6.686802407784853e-06,6,0.19805757701396942,-0.21325919032096863,0.7749207019805908,-0.023288967087864876
48,2.956184061986278e-06,7,0.19821594655513763,-0.2119719684123993,0.7742365002632141,-0.02624979242682457
48,0.9926969408988953,8,0.19740021228790283,-0.21736876666545868,0.7906753420829773,0.6938708424568176
49,0.018028445541858673,1,0.20079608261585236,-0.2307324856519699,0.7703294157981873,-0.02636444754898548
49,4.94406558573246e-05,2,0.2010447084903717,-0.23223720490932465,0.7708941102027893,-0.012512045912444592
49,1.223321942234179e-05,3,0.20079663395881653,-0.23082134127616882,0.7717305421829224,-0.002733755623921752
49,1.1262914995313622e-05,4,0.20052674412727356,-0.2291177660226822,0.7720059752464294,-0.003157112281769514
49,4.083238309249282e-05,5,0.19991573691368103,-0.22736559808254242,0.7717947959899902,-0.005565874744206667
49,3.481519524939358e-05,6,0.19985976815223694,-0.22671695053577423,0.7718573808670044,-0.009722194634377956
49,4.474290108191781e-05,7,0.19949418306350708,-0.22485625743865967,0.7719912528991699,-0.013546139001846313
49,6.602160283364356e-05,8,0.19921286404132843,-0.22392384707927704,0.7719807624816895,-0.015968455001711845
50,0.012088552117347717,1,0.1955263763666153,-0.2325897067785263,0.7711911797523499,-0.00791175663471222
50,0.09150578826665878,2,0.19516603648662567,-0.23049122095108032,0.7720310688018799,-0.012051218189299107
50,0.16688930988311768,3,0.19563734531402588,-0.22876854240894318,0.7728807330131531,-0.01635666936635971
50,0.19536900520324707,4,0.1962629109621048,-0.2282717078924179,0.7739863991737366,-0.01781262643635273
50,0.13268953561782837,5,0.1970173865556717,-0.228181853890419,0.7748693227767944,-0.019962023943662643
50,0.022568082436919212,6,0.19798007607460022,-0.22821144759655,0.775177538394928,-0.02147388644516468
50,0.00776468962430954,7,0.19837337732315063,-0.22797994315624237,0.775425910949707,-0.02110799215734005
50,0.004200569819658995,8,0.19852401316165924,-0.227510005235672,0.7757092118263245,-0.020444955676794052
51,3.9096612454159185e-06,1,0.19802820682525635,-0.22560980916023254,0.7732795476913452,-0.013617315329611301
51,2.603510210974491e-06,2,0.19828350841999054,-0.22332008183002472,0.7733375430107117,-0.011868409812450409
51,3.6882352105749305e-06,3,0.19808895885944366,-0.22211885452270508,0.7732101678848267,-0.00997982732951641
51,4.1786183828662615e-06,4,0.19780126214027405,-0.2208603471517563,0.7733185291290283,-0.01177268661558628
51,5.81998074267176e-06,5,0.197386234998703,-0.2195693850517273,0.7734871506690979,-0.015682080760598183
51,0.9947296380996704,6,0.1907205879688263,-0.22006690502166748,0.7700314521789551,0.3642752468585968
51,0.979048490524292,7,0.19057701528072357,-0.21862541139125824,0.7701934576034546,-0.01726965792477131
51,0.9958121180534363,8,0.18825900554656982,-0.2173352986574173,0.7703770399093628,-0.0174759142100811
52,1.4071101759327576e-05,1,0.1955125778913498,-0.23050856590270996,0.7724968791007996,-0.014449908398091793
52,7.172637879193644e-07,2,0.19686990976333618,-0.22425290942192078,0.7734273076057434,-0.014744473621249199
52,2.1127434592926875e-06,3,0.196715846657753,-0.22390909492969513,0.773202121257782,-0.009896933101117611
52,1.920826434798073e-06,4,0.19689424335956573,-0.2230355441570282,0.7732419967651367,-0.010990383103489876
52,2.7397713893151376e-06,5,0.1967446357011795,-0.22210945188999176,0.7734235525131226,-0.012276750057935715
52,0.9995255470275879,6,0.19309240579605103,-0.22484448552131653,0.7718148231506348,0.380056768655777
52,0.9827980399131775,7,0.19403788447380066,-0.2230129837989807,0.7720200419425964,-0.01554010808467865
52,0.9993065595626831,8,0.19164419174194336,-0.22302208840847015,0.7719259262084961,-0.020480869337916374
53,8.610845725343097e-06,1,0.20059745013713837,-0.2239062488079071,0.7727451920509338,-0.009572080336511135
53,1.3592496088676853e-06,2,0.20117273926734924,-0.22217555344104767,0.7721152901649475,-0.015016515739262104
53,1.2633657888727612e-06,3,0.201206773519516,-0.2223033905029297,0.7721477746963501,-0.009410306811332703
53,1.4731033388670767e-06,4,0.201120525598526,-0.222194105386734,0.7724025249481201,-0.009037804789841175
53,2.7167395728611154e-06,5,0.20088288187980652,-0.22189556062221527,0.7726595401763916,-0.010134823620319366
53,0.9984246492385864,6,0.19778500497341156,-0.21860522031784058,0.7701969742774963,0.3577929735183716
53,0.9276669025421143,7,0.19861862063407898,-0.21730554103851318,0.7702963352203369,-0.01748504303395748
53,0.9968967437744141,8,0.19594837725162506,-0.21605420112609863,0.7704400420188904,-0.017534030601382256
54,0.8317247629165649,1,0.19504906237125397,-0.22123219072818756,0.7766977548599243,0.4663373827934265
54,0.924892246723175,2,0.19470827281475067,-0.22083330154418945,0.778997540473938,0.008787909522652626
54,0.9990589022636414,3,0.19388507306575775,-0.2237609177827835,0.7859539985656738,0.06388489156961441
54,0.9984050393104553,4,0.19301122426986694,-0.22453457117080688,0.798564612865448,0.02699429541826248
54,0.9979590177536011,5,0.19244447350502014,-0.2250411957502365,0.8107423186302185,-0.023633567616343498
54,0.9985136389732361,6,0.19213992357254028,-0.22487318515777588,0.8221591114997864,-0.02332831546664238
54,0.999645471572876,7,0.19125014543533325,-0.22332149744033813,0.8340092897415161,-0.022358182817697525
54,0.9999154806137085,8,0.19005800783634186,-0.22179341316223145,0.845255970954895,-0.021641120314598083
55,0.999517560005188,1,0.19800716638565063,-0.2315036654472351,0.7862082123756409,0.036019083112478256
55,0.9995453953742981,2,0.19815582036972046,-0.2313515692949295,0.7930494546890259,0.024412306025624275
55,0.9997044205665588,3,0.19716814160346985,-0.2310791313648224,0.8056520223617554,-0.02311745472252369
55,0.999180257320404,4,0.19716061651706696,-0.2313687652349472,0.8167309165000916,-0.023518919944763184
55,0.9996414184570312,5,0.19633853435516357,-0.2297818958759308,0.8286438584327698,-0.02224685437977314
55,0.9999302625656128,6,0.1951935887336731,-0.2277286946773529,0.841066300868988,-0.020965076982975006
55,0.9999774694442749,7,0.19428908824920654,-0.22634588181972504,0.8514689803123474,-0.02070467919111252
55,0.9999823570251465,8,0.19403399527072906,-0.22486171126365662,0.8575885891914368,-0.020471420139074326
56,0.9989377856254578,1,0.19560550153255463,-0.22873437404632568,0.7927594184875488,0.05863795801997185
56,0.9997945427894592,2,0.1936948597431183,-0.22706842422485352,0.8069376945495605,-0.022371938452124596
56,0.9998503923416138,3,0.19336313009262085,-0.22638972103595734,0.8195390105247498,-0.023038111627101898
56,0.9999115467071533,4,0.19278369843959808,-0.2253144383430481,0.8316593170166016,-0.022754883393645287
56,0.9999657869338989,5,0.19160175323486328,-0.22387215495109558,0.843083381652832,-0.022281739860773087
56,0.9999845027923584,6,0.1908056139945984,-0.22307202219963074,0.853257954120636,-0.021619364619255066
56,0.9999897480010986,7,0.19020211696624756,-0.22221915423870087,0.8606197237968445,-0.021225951611995697
56,0.9999886751174927,8,0.18948984146118164,-0.21981173753738403,0.8649272918701172,-0.02012486197054386
57,0.9999200105667114,1,0.19699232280254364,-0.23255006968975067,0.8099290728569031,-0.023304037749767303
57,0.9999409914016724,2,0.19542980194091797,-0.23027217388153076,0.8218302726745605,-0.02211315743625164
57,0.9999537467956543,3,0.19434508681297302,-0.22812360525131226,0.8335925936698914,-0.02216295897960663
57,0.9999725818634033,4,0.19327010214328766,-0.2260856330394745,0.8442598581314087,-0.02200697548687458
57,0.9999861717224121,5,0.19258573651313782,-0.22485969960689545,0.8539928793907166,-0.021351151168346405
57,0.9999905824661255,6,0.1921025961637497,-0.2240310162305832,0.861103892326355,-0.02115529403090477
57,0.9999905824661255,7,0.19149109721183777,-0.22211867570877075,0.8654610514640808,-0.02024826593697071
57,0.999992847442627,8,0.18608184158802032,-0.21604709327220917,0.8701339364051819,-0.020206311717629433
58,0.9999054670333862,1,0.19630080461502075,-0.23170751333236694,0.8212351202964783,-0.02301904372870922
58,0.9999333620071411,2,0.19545482099056244,-0.22993074357509613,0.8323641419410706,-0.02232867293059826
58,0.999971866607666,3,0.19406642019748688,-0.2284454107284546,0.8442388772964478,-0.02172192744910717
58,0.9999898672103882,4,0.1928350180387497,-0.22753483057022095,0.8549901247024536,-0.02106640301644802
58,0.999993085861206,5,0.19218723475933075,-0.22725361585617065,0.8623648881912231,-0.021068621426820755
58,0.9999949932098389,6,0.1862744688987732,-0.22252213954925537,0.8681713342666626,-0.022161252796649933
58,0.9999942779541016,7,0.17816472053527832,-0.21164637804031372,0.8721894025802612,-0.018713317811489105
58,0.9999954700469971,8,0.17010605335235596,-0.20198340713977814,0.8762016892433167,-0.019568122923374176
59,0.9998966455459595,1,0.19313675165176392,-0.22495082020759583,0.8315038681030273,-0.02335136942565441
59,0.9999582767486572,2,0.19196493923664093,-0.2236223965883255,0.8438031077384949,-0.021349331364035606
59,0.9999876022338867,3,0.1905653476715088,-0.22232601046562195,0.8546241521835327,-0.02076415903866291
59,0.9999915361404419,4,0.18995077908039093,-0.2212405502796173,0.8614432215690613,-0.020650524646043777
59,0.9999924898147583,5,0.18579541146755219,-0.21679559350013733,0.8665327429771423,-0.020780030637979507
59,0.9999923706054688,6,0.17819887399673462,-0.20612579584121704,0.8706985712051392,-0.018676331266760826
59,0.9999942779541016,7,0.17042165994644165,-0.19618897140026093,0.8751163482666016,-0.019156940281391144
59,0.9999949932098389,8,0.16237479448318481,-0.18600469827651978,0.8787068128585815,-0.018552836030721664
60,0.9999741315841675,1,0.19309905171394348,-0.2244166135787964,0.8496854305267334,-0.02213953249156475
60,0.9999858140945435,2,0.19210253655910492,-0.22283217310905457,0.8584229946136475,-0.02092505805194378
60,0.9999935626983643,3,0.19092957675457,-0.22143861651420593,0.8650259375572205,-0.02059006504714489
60,0.9999929666519165,4,0.18896357715129852,-0.21737967431545258,0.8691932559013367,-0.019134819507598877
60,0.9999939203262329,5,0.1806335300207138,-0.20642344653606415,0.8725491166114807,-0.018751762807369232
60,0.9999936819076538,6,0.17154811322689056,-0.19347704946994781,0.8759004473686218,-0.016499817371368408
60,0.9999945163726807,7,0.16397792100906372,-0.1833830177783966,0.8792288303375244,-0.017425207421183586
60,0.999993085861206,8,0.15541456639766693,-0.1704585701227188,0.8818036317825317,-0.014804632402956486
61,0.9999903440475464,1,0.19191113114356995,-0.22263173758983612,0.8584885597229004,-0.021759280934929848
61,0.9999822378158569,2,0.19277049601078033,-0.22104652225971222,0.8631990551948547,-0.020542481914162636
61,0.9999921321868896,3,0.1869836002588272,-0.2144927680492401,0.8695958852767944,-0.021751582622528076
61,0.9999912977218628,4,0.17882880568504333,-0.20301426947116852,0.8736388683319092,-0.018559560179710388
61,0.999992847442627,5,0.1713930070400238,-0.1932382881641388,0.8774778842926025,-0.019417524337768555
61,0.9999929666519165,6,0.16301865875720978,-0.18245473504066467,0.8803991675376892,-0.018448086455464363
61,0.9999912977218628,7,0.1533225029706955,-0.17085370421409607,0.8813907504081726,-0.0174772497266531
61,0.9999849796295166,8,0.14222952723503113,-0.15852555632591248,0.8807064890861511,-0.01645081862807274
62,0.9999878406524658,1,0.19752629101276398,-0.22435547411441803,0.8683842420578003,-0.022575106471776962
62,0.9999936819076538,2,0.1904449760913849,-0.2185470461845398,0.8731787204742432,-0.022127512842416763
62,0.9999912977218628,3,0.18129658699035645,-0.2057870328426361,0.8761378526687622,-0.017915794625878334
62,0.9999932050704956,4,0.17315594851970673,-0.1950501948595047,0.8795652389526367,-0.018852220848202705
62,0.999993085861206,5,0.1645980179309845,-0.18372540175914764,0.8823354840278625,-0.018165262416005135
62,0.9999916553497314,6,0.15467672049999237,-0.17173005640506744,0.883338987827301,-0.01725897565484047
62,0.9999862909317017,7,0.14296163618564606,-0.1589457243680954,0.8824167251586914,-0.016094360500574112
62,0.9999730587005615,8,0.13104557991027832,-0.14529430866241455,0.880196213722229,-0.014855077490210533
63,0.9999943971633911,1,0.1913776993751526,-0.2239968627691269,0.8715971112251282,-0.024709075689315796
63,0.9999921321868896,2,0.18451806902885437,-0.21260516345500946,0.8741207718849182,-0.01912222057580948
63,0.999994158744812,3,0.17718727886676788,-0.20163226127624512,0.8786650896072388,-0.018991874530911446
63,0.9999943971633911,4,0.16949111223220825,-0.190595805644989,0.88211989402771,-0.018626056611537933
63,0.9999933242797852,5,0.1598254144191742,-0.1783808469772339,0.8836479187011719,-0.017359355464577675
63,0.9999890327453613,6,0.14799988269805908,-0.1653570681810379,0.8830066919326782,-0.016248704865574837
63,0.9999774694442749,7,0.13555996119976044,-0.15131297707557678,0.8810107707977295,-0.014976635575294495
63,0.9999608993530273,8,0.12443621456623077,-0.13746361434459686,0.878666877746582,-0.014745409600436687
64,0.9999884366989136,1,0.1798127442598343,-0.20907606184482574,0.8739190697669983,-0.020235372707247734
64,0.9999936819076538,2,0.17191877961158752,-0.19722522795200348,0.8779667615890503,-0.018341001123189926
64,0.9999943971633911,3,0.16408827900886536,-0.1857970505952835,0.8803330659866333,-0.01828588917851448
64,0.9999929666519165,4,0.15452760457992554,-0.1738387793302536,0.8817363977432251,-0.017406178638339043
64,0.9999885559082031,5,0.14401401579380035,-0.16146458685398102,0.8814562559127808,-0.01668265275657177
64,0.9999760389328003,6,0.13264162838459015,-0.14828377962112427,0.8798114657402039,-0.015562706626951694
64,0.9999566078186035,7,0.12219063937664032,-0.13486343622207642,0.877628743648529,-0.014914052560925484
64,0.9999407529830933,8,0.11332831531763077,-0.12149558961391449,0.8755144476890564,-0.014264124445617199
65,0.9999823570251465,1,0.17528510093688965,-0.19486881792545319,0.8769304156303406,-0.019064541906118393
65,0.9999932050704956,2,0.16836711764335632,-0.1858520656824112,0.8805988430976868,-0.0198131762444973
65,0.9999924898147583,3,0.16004344820976257,-0.17474253475666046,0.8820652365684509,-0.01803588680922985
65,0.9999901056289673,4,0.14932474493980408,-0.16280341148376465,0.8821226954460144,-0.01686844229698181
65,0.9999815225601196,5,0.1375584453344345,-0.15016359090805054,0.8804938793182373,-0.015769662335515022
65,0.999968409538269,6,0.12593820691108704,-0.1364167034626007,0.8784114718437195,-0.014221741817891598
65,0.9999598264694214,7,0.1160275861620903,-0.12232205271720886,0.8763133883476257,-0.012913458980619907
65,0.9999557733535767,8,0.10796914249658585,-0.10765241086483002,0.8742567300796509,-0.010703207924962044
66,0.9999886751174927,1,0.17076893150806427,-0.18625888228416443,0.8800150156021118,-0.020371394231915474
66,0.9999887943267822,2,0.16216135025024414,-0.17719659209251404,0.8823907971382141,-0.019412968307733536
66,0.9999879598617554,3,0.1515205055475235,-0.1657739281654358,0.8824236392974854,-0.01733691431581974
66,0.9999767541885376,4,0.13958409428596497,-0.1530592292547226,0.881056547164917,-0.01584269106388092
66,0.9999570846557617,5,0.12819281220436096,-0.13888846337795258,0.8789815902709961,-0.014080207794904709
66,0.9999411106109619,6,0.11804243922233582,-0.12409013509750366,0.876893162727356,-0.012667560949921608
66,0.9999380111694336,7,0.10964818298816681,-0.10886666923761368,0.8749256730079651,-0.010622006841003895
66,0.999931812286377,8,0.10368262231349945,-0.09366382658481598,0.8731987476348877,-0.008888404816389084
67,0.9999904632568359,1,0.16012121737003326,-0.17152942717075348,0.8813916444778442,-0.01904595084488392
67,0.9999876022338867,2,0.1510641723871231,-0.16162002086639404,0.8817428946495056,-0.01853710599243641
67,0.9999833106994629,3,0.13913026452064514,-0.14957498013973236,0.880580723285675,-0.016293253749608994
67,0.9999622106552124,4,0.12765222787857056,-0.13655756413936615,0.8783688545227051,-0.01502476166933775
67,0.999943733215332,5,0.11711125820875168,-0.12270237505435944,0.876162052154541,-0.013583523221313953
67,0.9999401569366455,6,0.10869701951742172,-0.10932941734790802,0.8739678859710693,-0.012495610862970352
67,0.9999396800994873,7,0.1029561460018158,-0.09557069838047028,0.8719651699066162,-0.010588623583316803
67,0.9999438524246216,8,0.09982412308454514,-0.08161760866641998,0.8705627918243408,-0.009174716658890247
68,0.9999814033508301,1,0.14780184626579285,-0.15665210783481598,0.8827862739562988,-0.01630071923136711
68,0.9999682903289795,2,0.13622690737247467,-0.14859682321548462,0.8801843523979187,-0.01931239850819111
68,0.9999327659606934,3,0.12418316304683685,-0.1323503702878952,0.8779131770133972,-0.012038622982800007
68,0.9999275207519531,4,0.11436958611011505,-0.1203366070985794,0.8753706216812134,-0.014549746178090572
68,0.9999146461486816,5,0.10672834515571594,-0.10601809620857239,0.8729217052459717,-0.011049889028072357
68,0.9999191761016846,6,0.10198866575956345,-0.09308390319347382,0.87107914686203,-0.011216897517442703
68,0.9999321699142456,7,0.09949756413698196,-0.0794837474822998,0.8697717785835266,-0.009401418268680573
68,0.9999469518661499,8,0.09855559468269348,-0.06549766659736633,0.8692218065261841,-0.007946805097162724
69,0.9999829530715942,1,0.14172931015491486,-0.15038803219795227,0.8822648525238037,-0.01820763759315014
69,0.9999629259109497,2,0.130150705575943,-0.13597464561462402,0.8795422911643982,-0.013720737770199776
69,0.9999561309814453,3,0.12011165916919708,-0.12241502106189728,0.8771920204162598,-0.013622516766190529
69,0.9999524354934692,4,0.11164402961730957,-0.10893221944570541,0.8747539520263672,-0.012066519819200039
69,0.9999531507492065,5,0.10557691007852554,-0.09519579261541367,0.8725504875183105,-0.01047901064157486
69,0.9999568462371826,6,0.1019861251115799,-0.08135061711072922,0.8708611726760864,-0.009240237064659595
69,0.999964714050293,7,0.10022905468940735,-0.06725572049617767,0.8698214292526245,-0.007931450381875038
69,0.9999701976776123,8,0.09958595037460327,-0.05299702286720276,0.8694077730178833,-0.006769497413188219
70,0.9999649524688721,1,0.13272932171821594,-0.13732874393463135,0.8818434476852417,-0.01974395103752613
70,0.9999741315841675,2,0.12175248563289642,-0.12421947717666626,0.8788740038871765,-0.013987979851663113
70,0.9999380111694336,3,0.1123114675283432,-0.10849399864673615,0.8762778639793396,-0.009923354722559452
70,0.9999510049819946,4,0.10527537763118744,-0.09348282217979431,0.8740718960762024,-0.00899138767272234
70,0.999948263168335,5,0.10174455493688583,-0.07910671830177307,0.8725440502166748,-0.008495040237903595
70,0.9999589920043945,6,0.09999056160449982,-0.06499627977609634,0.8716704845428467,-0.007765005808323622
70,0.9999657869338989,7,0.0993911474943161,-0.050569068640470505,0.8713090419769287,-0.006381690967828035
70,0.9999696016311646,8,0.09929098933935165,-0.03619334101676941,0.8712558746337891,-0.005423975642770529
71,0.9999576807022095,1,0.12062887847423553,-0.12454724311828613,0.8775050640106201,-0.015470038168132305
71,0.9999781847000122,2,0.1116580218076706,-0.10952702164649963,0.8746762871742249,-0.010589133016765118
71,0.9999723434448242,3,0.10523311048746109,-0.09316107630729675,0.8728139996528625,-0.007556412369012833
71,0.9999716281890869,4,0.10148553550243378,-0.0782402902841568,0.8714033365249634,-0.0078109498135745525
71,0.9999754428863525,5,0.09987165033817291,-0.0637376606464386,0.8707101941108704,-0.007216888479888439
71,0.9999784231185913,6,0.09934645891189575,-0.049402281641960144,0.8704448938369751,-0.006415370851755142
71,0.9999792575836182,7,0.09927795827388763,-0.0352572426199913,0.8706077933311462,-0.005664621479809284
71,0.9999773502349854,8,0.09934858977794647,-0.0212961807847023,0.8712250590324402,-0.004920170642435551
72,0.9998706579208374,1,0.11338049918413162,-0.11106711626052856,0.875274658203125,-0.013415040448307991
72,0.9999747276306152,2,0.10563245415687561,-0.0946124941110611,0.8729885816574097,-0.007527041248977184
72,0.9999550580978394,3,0.10181436687707901,-0.07824680209159851,0.8716233968734741,-0.006258719135075808
72,0.999968409538269,4,0.09978809207677841,-0.06359393149614334,0.8708078861236572,-0.007045658305287361
72,0.9999732971191406,5,0.0992322787642479,-0.04835880547761917,0.8702266812324524,-0.00520687410607934
72,0.9999756813049316,6,0.09909126162528992,-0.0331144779920578,0.8700194954872131,-0.004008561372756958
72,0.9999734163284302,7,0.09916144609451294,-0.01815541461110115,0.8703017234802246,-0.0032251765951514244
72,0.999966025352478,8,0.09919293224811554,-0.0031857043504714966,0.8710175156593323,-0.002014263765886426
73,0.9999810457229614,1,0.1073821559548378,-0.09806819260120392,0.8732922673225403,-0.008522274903953075
73,0.9999657869338989,2,0.10273046791553497,-0.08080631494522095,0.8716320991516113,-0.005476366728544235
73,0.9999762773513794,3,0.10012771189212799,-0.06481896340847015,0.8713343143463135,-0.005548164714127779
73,0.9999703168869019,4,0.09928961098194122,-0.04891093820333481,0.8709204196929932,-0.004403431434184313
73,0.9999760389328003,5,0.09905952215194702,-0.03431110456585884,0.8711078763008118,-0.004990917630493641
73,0.9999722242355347,6,0.0990312248468399,-0.019308291375637054,0.8719142079353333,-0.003291480243206024
73,0.9999635219573975,7,0.09898937493562698,-0.0044756680727005005,0.8730303645133972,-0.002366019180044532
73,0.9999481439590454,8,0.09895004332065582,0.010351184755563736,0.8742504119873047,-0.0011686647776514292
74,0.9999346733093262,1,0.10252639651298523,-0.08742481470108032,0.8708874583244324,-0.007535663433372974
74,0.999963641166687,2,0.1001756489276886,-0.07191856950521469,0.8708744645118713,-0.006628577131778002
74,0.9999719858169556,3,0.0993824452161789,-0.057358741760253906,0.8710610866546631,-0.006698001176118851
74,0.9999716281890869,4,0.09913639724254608,-0.04213225468993187,0.8714431524276733,-0.0047465176321566105
74,0.9999723434448242,5,0.09912747889757156,-0.027087796479463577,0.8721374273300171,-0.003821364603936672
74,0.9999642372131348,6,0.0990828350186348,-0.011579573154449463,0.8730601072311401,-0.001892067026346922
74,0.9999481439590454,7,0.09894941002130508,0.0038218721747398376,0.8739315271377563,-0.0007471414864994586
74,0.9999294281005859,8,0.09881472587585449,0.018903907388448715,0.874610424041748,7.490746611438226e-06
75,0.9999653100967407,1,0.09987850487232208,-0.06599671393632889,0.8708229064941406,-0.003586412640288472
75,0.9999756813049316,2,0.099196657538414,-0.05186420679092407,0.8709115982055664,-0.00684416713193059
75,0.9999781847000122,3,0.0992312952876091,-0.03688935562968254,0.8712961077690125,-0.004682127386331558
75,0.9999736547470093,4,0.09934574365615845,-0.021921629086136818,0.8721029758453369,-0.0035290687810629606
75,0.9999665021896362,5,0.09940556436777115,-0.007386710494756699,0.8730223178863525,-0.003015067894011736
75,0.9999504089355469,6,0.09932579845190048,0.007304798811674118,0.873802125453949,-0.0015991097316145897
75,0.9999322891235352,7,0.09919142723083496,0.021526049822568893,0.8742268085479736,-0.0012558307498693466
75,0.9999072551727295,8,0.09902311116456985,0.03567754849791527,0.8741011023521423,-0.0002932047937065363
76,0.9999579191207886,1,0.09950996190309525,-0.04579290747642517,0.8710929155349731,0.0008218185976147652
76,0.9999818801879883,2,0.09929153323173523,-0.03343992680311203,0.871224045753479,-0.007976638153195381
76,0.9999685287475586,3,0.09936346113681793,-0.01848599687218666,0.8717781901359558,-0.0032737699802964926
76,0.9999655485153198,4,0.09937317669391632,-0.005109433084726334,0.8721033930778503,-0.004612805787473917
76,0.9999485015869141,5,0.09931369870901108,0.009066373109817505,0.8724391460418701,-0.0022991951555013657
76,0.9999284744262695,6,0.09918487071990967,0.022836390882730484,0.8723923563957214,-0.0019323443993926048
76,0.9999024868011475,7,0.09906503558158875,0.03648087754845619,0.871835470199585,-0.0011346304090693593
76,0.9998550415039062,8,0.09890992939472198,0.050463851541280746,0.8709511756896973,0.0005483673303388059
77,0.9999617338180542,1,0.09930264949798584,-0.03742572292685509,0.8721823692321777,-0.003252528142184019
77,0.9999850988388062,2,0.09903806447982788,-0.02402392216026783,0.8716784715652466,-0.005891029257327318
77,0.9999722242355347,3,0.0992516577243805,-0.009703144431114197,0.8720274567604065,-0.003505521919578314
77,0.999966025352478,4,0.09917303919792175,0.003926359117031097,0.8725219964981079,-0.0035505604464560747
77,0.9999586343765259,5,0.09915144741535187,0.017273705452680588,0.872943103313446,-0.0030396245419979095
77,0.9999421834945679,6,0.09907205402851105,0.031147878617048264,0.8731880784034729,-0.001100292894989252
77,0.9999213218688965,7,0.09899689257144928,0.045038189738988876,0.87324059009552,-1.174076896859333e-05
77,0.9998865127563477,8,0.09887286275625229,0.059481311589479446,0.8734053373336792,0.002170558786019683
78,0.9999493360519409,1,0.09923925995826721,-0.016805507242679596,0.8727799654006958,-0.0035869975108653307
78,0.9999545812606812,2,0.09917418658733368,-0.004295051097869873,0.8725336194038391,-0.005900894291698933
78,0.9999362230300903,3,0.09889648854732513,0.010165411978960037,0.8726811408996582,-0.0017588479677215219
78,0.9999246597290039,4,0.09869259595870972,0.023161035031080246,0.8725553154945374,-0.003246714361011982
78,0.9999057054519653,5,0.09853234887123108,0.03626606985926628,0.8722190856933594,-0.002125925151631236
78,0.9998741149902344,6,0.09838077425956726,0.04935881122946739,0.8716763854026794,-0.0012174403527751565
78,0.9998319149017334,7,0.09821907430887222,0.06228012219071388,0.8711897730827332,-0.0006468179635703564
78,0.9997925162315369,8,0.09805848449468613,0.07508987188339233,0.8708949089050293,-4.370396709418856e-06
79,0.9999502897262573,1,0.0992850810289383,-0.015856657177209854,0.8701159954071045,-0.013491146266460419
79,0.9999518394470215,2,0.09920468181371689,-0.0015617012977600098,0.870400071144104,-0.0029160783160477877
79,0.9999330043792725,3,0.09894707798957825,0.011700388044118881,0.8710198998451233,-0.0035835655871778727
79,0.9999202489852905,4,0.09885263442993164,0.02456190064549446,0.8712179660797119,-0.003354409011080861
79,0.9999020099639893,5,0.09879696369171143,0.03778887167572975,0.8712921142578125,-0.0017720204778015614
79,0.9998674392700195,6,0.0986856147646904,0.051683370023965836,0.8715288043022156,0.0004956800839863718
79,0.9998346567153931,7,0.0985584408044815,0.06574741005897522,0.8720529675483704,0.0018879803828895092
79,0.9998243451118469,8,0.09845606982707977,0.07989445328712463,0.872792661190033,0.0031119303312152624
80,0.9999653100967407,1,0.09926155209541321,0.002256050705909729,0.8706674575805664,-0.006818242836743593
80,0.9999427795410156,2,0.09862217307090759,0.01776828244328499,0.8710962533950806,0.0006149709224700928
80,0.9999392032623291,3,0.09848451614379883,0.029695559293031693,0.8708496689796448,-0.0046758390963077545
80,0.9999200105667114,4,0.09835649281740189,0.04327431693673134,0.8704766631126404,-0.0007573065813630819
80,0.9998928308486938,5,0.0982234999537468,0.05648528411984444,0.8695672750473022,-0.0005091094644740224
80,0.9998553991317749,6,0.09807279706001282,0.06964296102523804,0.8684004545211792,0.00031150862923823297
80,0.9998331069946289,7,0.09792354702949524,0.08238941431045532,0.8671497106552124,0.0003256244526710361
80,0.9998456239700317,8,0.09785923361778259,0.09468415379524231,0.8660356402397156,0.00013635009236168116
81,0.9999361038208008,1,0.09915633499622345,0.02346634492278099,0.8711459040641785,0.004729544743895531
81,0.9999436140060425,2,0.09902718663215637,0.03485708311200142,0.8713955283164978,-0.0053262533619999886
81,0.9999167919158936,3,0.09885968267917633,0.0494031123816967,0.8709788918495178,0.0015451606595888734
81,0.9998944997787476,4,0.09874527156352997,0.06299439072608948,0.8704060316085815,0.000739706854801625
81,0.9998456239700317,5,0.0985400378704071,0.07800339162349701,0.870102047920227,0.0047953128814697266
81,0.9998416900634766,6,0.09843836724758148,0.09166036546230316,0.8697529435157776,0.0029328002128750086
81,0.9998633861541748,7,0.09842823445796967,0.10525144636631012,0.8697421550750732,0.003699233755469322
81,0.9998915195465088,8,0.09848341345787048,0.11873392760753632,0.8703604936599731,0.004277246072888374
82,0.9999529123306274,1,0.09957479685544968,0.02639027312397957,0.8688950538635254,-0.006623965222388506
82,0.9999336004257202,2,0.09943526983261108,0.04104835167527199,0.8689563274383545,0.0010876159649342299
82,0.9998936653137207,3,0.09924130886793137,0.05659717693924904,0.8684574961662292,0.004077870398759842
82,0.9998780488967896,4,0.09907561540603638,0.07066400349140167,0.867855966091156,0.0022761691361665726
82,0.9998617172241211,5,0.09890374541282654,0.08548881113529205,0.8672773838043213,0.005014031659811735
82,0.9998821020126343,6,0.09882509708404541,0.09916362166404724,0.8666695952415466,0.0035090548917651176
82,0.9999051094055176,7,0.09882107377052307,0.11279915273189545,0.8666054010391235,0.0043225414119660854
82,0.999922513961792,8,0.09887099266052246,0.12627391517162323,0.8675445914268494,0.004732809960842133
83,0.9999345541000366,1,0.09866367280483246,0.048912350088357925,0.8715324997901917,-0.001038679271005094
83,0.9998360872268677,2,0.09870394319295883,0.06548568606376648,0.8707332015037537,0.00688184704631567
83,0.9998470544815063,3,0.09858840703964233,0.07727162539958954,0.8700671195983887,-0.002018226543441415
83,0.9998264908790588,4,0.09841933846473694,0.09111444652080536,0.8698021173477173,0.003305588150396943
83,0.9998461008071899,5,0.09833279997110367,0.1040186882019043,0.8697015643119812,0.0020695861894637346
83,0.9998732805252075,6,0.09833721816539764,0.11719290912151337,0.8701227903366089,0.003485542954877019
83,0.9998928308486938,7,0.09840695559978485,0.13062094151973724,0.8713489174842834,0.0048372382298111916
83,0.9999040365219116,8,0.09855873882770538,0.14423446357250214,0.8733532428741455,0.005968585144728422
84,0.9998964071273804,1,0.09971919655799866,0.05515154078602791,0.8693106174468994,-0.0036133145913481712
84,0.9997926354408264,2,0.09921623766422272,0.07388108968734741,0.8687459826469421,0.012074240483343601
84,0.999821126461029,3,0.09899337589740753,0.08547019958496094,0.8679007887840271,-0.0019533380400389433
84,0.9998179078102112,4,0.09884285926818848,0.1005784422159195,0.867378830909729,0.006818528287112713
84,0.9998770952224731,5,0.09885004907846451,0.1136188954114914,0.8669958710670471,0.0029856953769922256
84,0.9998934268951416,6,0.09887132048606873,0.12765701115131378,0.8674769997596741,0.0062222653068602085
84,0.9999076128005981,7,0.09894013404846191,0.1412592977285385,0.868731677532196,0.005906212143599987
84,0.9999134540557861,8,0.09910225123167038,0.15537318587303162,0.8707370758056641,0.007877052761614323
85,0.9999146461486816,1,0.09917542338371277,0.06748618185520172,0.8686517477035522,-0.0029186271131038666
85,0.9997555613517761,2,0.09866070747375488,0.08644554018974304,0.8681600689888,0.01390633825212717
85,0.9998810291290283,3,0.09865354001522064,0.09814278781414032,0.8675405979156494,-0.0009916562121361494
85,0.9998914003372192,4,0.09865766763687134,0.1133139580488205,0.8680263757705688,0.007913907989859581
85,0.9999144077301025,5,0.09870466589927673,0.12751884758472443,0.8692266345024109,0.006522826384752989
85,0.9999215602874756,6,0.09884508699178696,0.14164483547210693,0.8714388608932495,0.007032786495983601
85,0.9999233484268188,7,0.09909024834632874,0.15577000379562378,0.8744696974754333,0.0077288514003157616
85,0.999910831451416,8,0.09947619587182999,0.17080296576023102,0.8777734637260437,0.010890918783843517
86,0.9998868703842163,1,0.09919869899749756,0.08467118442058563,0.8667390942573547,-0.007989123463630676
86,0.9999022483825684,2,0.0988987386226654,0.10207474231719971,0.8665624260902405,0.012074901722371578
86,0.9998924732208252,3,0.09884460270404816,0.11467967927455902,0.8660937547683716,0.002021548105403781
86,0.9998904466629028,4,0.09873916208744049,0.12791584432125092,0.8663553595542908,0.004291861783713102
86,0.9999068975448608,5,0.09880062937736511,0.14045757055282593,0.8675537705421448,0.0032016688492149115
86,0.9999091625213623,6,0.09894437342882156,0.15389257669448853,0.8698489665985107,0.006030290387570858
86,0.9999063014984131,7,0.09923600405454636,0.16791418194770813,0.8728374242782593,0.008114134892821312
86,0.9998908042907715,8,0.0996725857257843,0.18290270864963531,0.8761962652206421,0.01135908905416727
87,0.9999419450759888,1,0.09844641387462616,0.10066811740398407,0.86595618724823,0.002264890819787979
87,0.9998893737792969,2,0.09837514162063599,0.11661233007907867,0.8661724328994751,0.009990250691771507
87,0.9999099969863892,3,0.09832548350095749,0.12989789247512817,0.8668657541275024,0.004495579749345779
87,0.999919056892395,4,0.09841818362474442,0.14301107823848724,0.8685691356658936,0.004693897441029549
87,0.9999219179153442,5,0.09861801564693451,0.1563519388437271,0.8710678219795227,0.00575392646715045
87,0.9999159574508667,6,0.09895487129688263,0.17056122422218323,0.8743681907653809,0.008669133298099041
87,0.9998950958251953,7,0.09939233958721161,0.1856277883052826,0.8776116967201233,0.011665566824376583
87,0.9998528957366943,8,0.09990054368972778,0.2007775753736496,0.8803187608718872,0.01250268705189228
88,0.999834418296814,1,0.09809045493602753,0.1175725907087326,0.8658500909805298,0.00296207657083869
88,0.9999266862869263,2,0.09791046380996704,0.13199657201766968,0.8667327165603638,0.007400400936603546
88,0.9999091625213623,3,0.09805142879486084,0.14544425904750824,0.868498682975769,0.005643028765916824
88,0.9999241828918457,4,0.0982770323753357,0.158466637134552,0.8710743188858032,0.004995502531528473
88,0.9999234676361084,5,0.09865537285804749,0.17239131033420563,0.8744733929634094,0.007925579324364662
88,0.9999029636383057,6,0.09913566708564758,0.18726618587970734,0.8779399394989014,0.011136291548609734
88,0.999868631362915,7,0.09970533847808838,0.2020682990550995,0.8808755278587341,0.011503552086651325
88,0.9997993111610413,8,0.10027278959751129,0.21620602905750275,0.8832429647445679,0.010012051090598106
89,0.9999157190322876,1,0.09856972098350525,0.13150715827941895,0.8662874698638916,-0.006013557314872742
89,0.9998952150344849,2,0.09863720834255219,0.14586853981018066,0.8683662414550781,0.008017257787287235
89,0.9999127388000488,3,0.09880827367305756,0.15885652601718903,0.8707017302513123,0.0049453373067080975
89,0.9999096393585205,4,0.09917440265417099,0.17328383028507233,0.873892068862915,0.009305260144174099
89,0.9998992681503296,5,0.09963877499103546,0.18777774274349213,0.8771654367446899,0.010070906020700932
89,0.9998602867126465,6,0.10016676783561707,0.20245057344436646,0.8801715970039368,0.011108133010566235
89,0.9997887015342712,7,0.10071168839931488,0.216104194521904,0.8825438022613525,0.008566398173570633
89,0.9996036887168884,8,0.10123904049396515,0.2289801985025406,0.8845722675323486,0.006511493120342493
90,0.9999040365219116,1,0.09890536218881607,0.1467091143131256,0.8657987713813782,0.0003861564619001001
90,0.9999152421951294,2,0.09914833307266235,0.16116616129875183,0.8683121204376221,0.00905572809278965
90,0.9998953342437744,3,0.09943386912345886,0.1758483499288559,0.8713141083717346,0.010241158306598663
90,0.9998902082443237,4,0.0998319536447525,0.19007731974124908,0.8742780685424805,0.00948458630591631
90,0.9998406171798706,5,0.10029810667037964,0.20516856014728546,0.8774908781051636,0.012384810484945774
90,0.9997658133506775,6,0.1007838100194931,0.21917341649532318,0.8802189826965332,0.009637388400733471
90,0.9996139407157898,7,0.10127320885658264,0.23200882971286774,0.8825013637542725,0.006400478072464466
90,0.9991149306297302,8,0.10173356533050537,0.24417869746685028,0.8842102885246277,0.004406720399856567
91,0.9998860359191895,1,0.09860792756080627,0.1633758246898651,0.8704448342323303,0.0009969681268557906
91,0.9998869895935059,2,0.09900632500648499,0.17709623277187347,0.8722788691520691,0.007726827170699835
91,0.9998717308044434,3,0.09940384328365326,0.1913529634475708,0.8746718764305115,0.009601425379514694
91,0.9997995495796204,4,0.09980994462966919,0.2065531462430954,0.8774279356002808,0.012693269178271294
91,0.99974125623703,5,0.10029977560043335,0.2200806885957718,0.8797004818916321,0.008229758590459824
91,0.9995915293693542,6,0.10079355537891388,0.23275096714496613,0.8817261457443237,0.0059159803204238415
91,0.9990909099578857,7,0.10132665187120438,0.24454103410243988,0.883342981338501,0.0032621866557747126
91,0.9983317255973816,8,0.10196711122989655,0.25424298644065857,0.8820713758468628,-0.0025012025143951178
92,0.9999399185180664,1,0.09934934973716736,0.17136819660663605,0.8697490692138672,-0.0036973790265619755
92,0.9999018907546997,2,0.09980041533708572,0.18588614463806152,0.8733417987823486,0.010160821489989758
92,0.9998520612716675,3,0.10023947060108185,0.20052215456962585,0.8767151832580566,0.0109578100964427
92,0.9998096823692322,4,0.10075724124908447,0.2142881602048874,0.8794693350791931,0.008824809454381466
92,0.999715268611908,5,0.10123810172080994,0.2269657701253891,0.8819700479507446,0.005877365358173847
92,0.9994789958000183,6,0.10175585001707077,0.23862455785274506,0.8841677904129028,0.0029132580384612083
92,0.9987969398498535,7,0.10229672491550446,0.24937792122364044,0.8852131962776184,0.000332720170263201
92,0.9991869330406189,8,0.10270212590694427,0.25537195801734924,0.8799063563346863,-0.01297931931912899
93,0.9999228715896606,1,0.09980632364749908,0.18537434935569763,0.8731510639190674,0.008827864192426205
93,0.9998331069946289,2,0.10092620551586151,0.20405708253383636,0.8769782185554504,0.022504931315779686
93,0.9997791647911072,3,0.10158783197402954,0.21813155710697174,0.8796002268791199,0.009758233092725277
93,0.9996411800384521,4,0.10225056111812592,0.23162196576595306,0.8820680975914001,0.008219696581363678
93,0.9992302656173706,5,0.10297524929046631,0.24408896267414093,0.8844913840293884,0.00501966243609786
93,0.9978699684143066,6,0.10376857221126556,0.25478094816207886,0.8853346109390259,-0.0006440831930376589
93,0.998892605304718,7,0.10433508455753326,0.25935879349708557,0.8784759640693665,-0.01846310682594776
93,0.9961631298065186,8,0.10463942587375641,0.267560213804245,0.8700007200241089,-0.013651789166033268
94,0.9996881484985352,1,0.10141132026910782,0.19925163686275482,0.8792875409126282,0.0012664354871958494
94,0.9995232820510864,2,0.1020401269197464,0.21477530896663666,0.8827278017997742,0.01389280054718256
94,0.9991599321365356,3,0.10244479775428772,0.2288575917482376,0.8850404024124146,0.00998038798570633
94,0.9988515377044678,4,0.102919802069664,0.2395346611738205,0.8861581683158875,-0.00015255561447702348
94,0.9983207583427429,5,0.10344323515892029,0.2486771196126938,0.885272204875946,-0.004601744003593922
94,0.9989811778068542,6,0.10367175936698914,0.2547592222690582,0.8786953687667847,-0.013021851889789104
94,0.9968373775482178,7,0.10380472987890244,0.2625933289527893,0.8704619407653809,-0.010250166989862919
94,0.9970195889472961,8,0.1030648723244667,0.26571616530418396,0.857233464717865,-0.023193106055259705
95,0.9998247027397156,1,0.10098113119602203,0.2135353833436966,0.8762494325637817,0.006963089574128389
95,0.9996767044067383,2,0.10174686461687088,0.2273118942975998,0.8789236545562744,0.009111015126109123
95,0.999329686164856,3,0.10235930979251862,0.24011917412281036,0.8812751770019531,0.006344851106405258
95,0.9986067414283752,4,0.10279949009418488,0.25178787112236023,0.8817968964576721,0.0035611940547823906
95,0.998734176158905,5,0.10308016836643219,0.2584972381591797,0.876634955406189,-0.01132278610020876
95,0.9966915845870972,6,0.10318797826766968,0.2643137574195862,0.8681198954582214,-0.016177624464035034
95,0.9968680739402771,7,0.10247106105089188,0.2670404016971588,0.8548380732536316,-0.02442358061671257
95,0.998100221157074,8,0.10208800435066223,0.2689826190471649,0.8404562473297119,-0.027834491804242134
96,0.9994639754295349,1,0.1011924296617508,0.22646532952785492,0.8802919983863831,0.01241475809365511
96,0.9992173910140991,2,0.10129016637802124,0.23817427456378937,0.8818746209144592,0.003270367393270135
96,0.998479425907135,3,0.10131749510765076,0.24976493418216705,0.8806326985359192,0.003970708232372999
96,0.9981428384780884,4,0.10142885148525238,0.2564096450805664,0.8748844265937805,-0.011099540628492832
96,0.9949047565460205,5,0.10123023390769958,0.2609017491340637,0.8662310242652893,-0.01878160424530506
96,0.9963420033454895,6,0.10053160786628723,0.2630828619003296,0.8532464504241943,-0.025581005960702896
96,0.9975879192352295,7,0.10013137012720108,0.2651495635509491,0.8397350311279297,-0.025995781645178795
96,0.9984826445579529,8,0.0999932736158371,0.2664327025413513,0.8269170522689819,-0.027787957340478897
97,0.9997144341468811,1,0.10151856392621994,0.23527409136295319,0.8769030570983887,-0.007509501650929451
97,0.9989080429077148,2,0.1017317920923233,0.24995817244052887,0.8773204684257507,0.013303720392286777
97,0.9984745383262634,3,0.10186988115310669,0.25633522868156433,0.8729110360145569,-0.011956264264881611
97,0.997634768486023,4,0.10177803039550781,0.26047787070274353,0.863731861114502,-0.019937539473176003
97,0.9972208738327026,5,0.10111711174249649,0.263730525970459,0.8509289622306824,-0.02238105796277523
97,0.9984431862831116,6,0.10075298696756363,0.2656112611293793,0.837270975112915,-0.026536598801612854
97,0.998969316482544,7,0.10073624551296234,0.2667863368988037,0.8246572613716125,-0.028267929330468178
97,0.9993883371353149,8,0.10083190351724625,0.2664305865764618,0.8143276572227478,-0.032031185925006866
98,0.9985257983207703,1,0.10240340232849121,0.24764470756053925,0.8772871494293213,0.007296282332390547
98,0.9987120628356934,2,0.10255822539329529,0.25133684277534485,0.8738271594047546,-0.019697068259119987
98,0.9951445460319519,3,0.10206751525402069,0.258041113615036,0.8656768202781677,-0.011868083849549294
98,0.9985498785972595,4,0.10135643184185028,0.25768858194351196,0.8519176244735718,-0.03287418186664581
98,0.9976466298103333,5,0.10092942416667938,0.2609120309352875,0.8384624123573303,-0.022155269980430603
98,0.9990050196647644,6,0.10079056024551392,0.2619622051715851,0.8256847262382507,-0.028013933449983597
98,0.9993876218795776,7,0.10078158974647522,0.2627589702606201,0.8154171705245972,-0.02811121754348278
98,0.9996707439422607,8,0.10058575868606567,0.26085126399993896,0.8077445030212402,-0.0356123112142086
99,0.9949159622192383,1,0.10089889168739319,0.2544841468334198,0.8718750476837158,-0.02044600248336792
99,0.9744730591773987,2,0.10080278664827347,0.2554342746734619,0.8642107844352722,-0.02906419150531292
99,0.997343122959137,3,0.10028216242790222,0.2592918574810028,0.8526708483695984,-0.0204707533121109
99,0.9964266419410706,4,0.09976817667484283,0.26227501034736633,0.8408008217811584,-0.023013630881905556
99,0.9984235763549805,5,0.09945928305387497,0.26420727372169495,0.8292678594589233,-0.02569497376680374
99,0.9990617632865906,6,0.09928357601165771,0.26528117060661316,0.8201124668121338,-0.027779018506407738
99,0.999427855014801,7,0.09924224764108658,0.26406726241111755,0.8126766681671143,-0.033865787088871
99,0.9983475208282471,8,0.09989067167043686,0.2569176256656647,0.7986428737640381,-0.050917550921440125
100,0.98377925157547,1,0.10071957856416702,0.25655826926231384,0.8629301190376282,-0.024944810196757317
100,0.9986610412597656,2,0.1002996563911438,0.2596983015537262,0.8529908061027527,-0.02263256534934044
100,0.9944832921028137,3,0.09977275133132935,0.26279664039611816,0.8404143452644348,-0.022761717438697815
100,0.9990015625953674,4,0.0995243638753891,0.2649495005607605,0.828437864780426,-0.02513182908296585
100,0.9992520213127136,5,0.0995083898305893,0.2664853036403656,0.8179423809051514,-0.0263358261436224
100,0.9995989203453064,6,0.09940443933010101,0.2651214003562927,0.8102449178695679,-0.03431610390543938
100,2.2032334072719095e-06,7,0.09996221959590912,0.2622637450695038,0.770823061466217,-1.5951135158538818
100,1.4303716852737125e-05,8,0.09945302456617355,0.2653816342353821,0.7720739245414734,-0.01584242284297943
101,0.9919862747192383,1,0.0987873524427414,0.25494661927223206,0.8495816588401794,-0.024745967239141464
101,0.9967722296714783,2,0.09889078140258789,0.2591441869735718,0.8387371897697449,-0.018887678161263466
101,0.9980270266532898,3,0.09896573424339294,0.26167672872543335,0.8279834985733032,-0.023517539724707603
101,0.9993213415145874,4,0.09909358620643616,0.26422110199928284,0.8196861743927002,-0.02296905778348446
101,0.9995558857917786,5,0.09921765327453613,0.2646026611328125,0.8133924603462219,-0.029073704034090042
101,0.0003249865840189159,6,0.09934230893850327,0.26622676849365234,0.7729337215423584,-1.5908195972442627
101,0.0001043179290718399,7,0.0993889793753624,0.2667815685272217,0.7727664709091187,-0.01529881451278925
101,1.232778913617949e-06,8,0.10000278800725937,0.26681336760520935,0.7717591524124146,-0.015612275339663029
102,0.9991424083709717,1,0.09922495484352112,0.267894983291626,0.844330906867981,-0.01498448010534048
102,0.9971922039985657,2,0.0990414023399353,0.27131348848342896,0.8331725597381592,-0.030359385535120964
102,0.9991320967674255,3,0.09920006990432739,0.2718428075313568,0.8230001926422119,-0.033142540603876114
102,0.999122679233551,4,0.09942895174026489,0.2705719470977783,0.8135268688201904,-0.02749253436923027
102,0.010088367387652397,5,0.09962549060583115,0.2670436203479767,0.7752413153648376,-1.5880104303359985
102,0.003863354679197073,6,0.09976412355899811,0.26965007185935974,0.7741192579269409,-0.020925244316458702
102,1.9022902506549144e-06,7,0.1005529910326004,0.2687462866306305,0.7717116475105286,-0.019363515079021454
102,2.1411447050923016e-06,8,0.10049678385257721,0.2697339653968811,0.7724201679229736,-0.013282098807394505
103,0.9976366758346558,1,0.09765234589576721,0.2652842700481415,0.8244460821151733,-0.02392040751874447
103,0.9988056421279907,2,0.09773772209882736,0.2679536044597626,0.8195009231567383,-0.023998256772756577
103,0.9994686245918274,3,0.09808878600597382,0.2690226435661316,0.8143649697303772,-0.02777194045484066
103,0.9995682835578918,4,0.09838879108428955,0.2670671045780182,0.8098541498184204,-0.03388907015323639
103,0.6471186280250549,5,0.09754021465778351,0.2692970931529999,0.7830760478973389,-0.11326100677251816
103,4.943339718010975e-06,6,0.09788419306278229,0.2704600691795349,0.7715368270874023,-1.5115339756011963
103,8.797918553682393e-07,7,0.09829041361808777,0.27066442370414734,0.7719680070877075,-0.013329481706023216
103,5.835397018927324e-07,8,0.09862775355577469,0.27042698860168457,0.7724735736846924,-0.01239038910716772
104,0.9983372688293457,1,0.09913720935583115,0.2682105302810669,0.822233259677887,-0.030147366225719452
104,0.9997615218162537,2,0.0989399403333664,0.2674000859260559,0.8155828714370728,-0.03292486071586609
104,0.9997004270553589,3,0.0990806445479393,0.2650933265686035,0.8090947270393372,-0.0367400161921978
104,0.9997405409812927,4,0.09895100444555283,0.2604651153087616,0.8053343892097473,-0.04358997941017151
104,1.80620236278628e-06,5,0.09952865540981293,0.2705114185810089,0.7709973454475403,-1.5768178701400757
104,3.862483936245553e-06,6,0.09958964586257935,0.27123144268989563,0.7719630599021912,-0.012158870697021484
104,3.706273616899125e-07,7,0.10012346506118774,0.27058467268943787,0.7723996043205261,-0.01213248260319233
104,2.06434924621135e-06,8,0.10012337565422058,0.27151235938072205,0.7727547287940979,-0.012666868977248669
105,0.9997290968894958,1,0.09982746094465256,0.26581600308418274,0.8122156262397766,-0.027021639049053192
105,0.9998488426208496,2,0.09977295994758606,0.2631191313266754,0.8094902038574219,-0.03806347772479057
105,0.9996893405914307,3,0.10012446343898773,0.2594570815563202,0.8050664663314819,-0.040723517537117004
105,0.9992765784263611,4,0.10039641708135605,0.2563280165195465,0.8013943433761597,-0.039027608931064606
105,0.9967396855354309,5,0.10047630965709686,0.2550065517425537,0.7955695390701294,-0.033522095531225204
105,0.9304966926574707,6,0.0997040867805481,0.2607313096523285,0.7865720391273499,-0.0550098717212677
105,1.6670331888235523e-06,7,0.09982883930206299,0.27355197072029114,0.7721101641654968,-1.5352298021316528
105,1.8875274690799415e-05,8,0.09970791637897491,0.2735874354839325,0.772760272026062,-0.014002838172018528
106,0.9998674392700195,1,0.09792036563158035,0.2664555311203003,0.8100526332855225,-0.03446558490395546
106,0.9997479319572449,2,0.09837723523378372,0.2640206515789032,0.8063688278198242,-0.03623778745532036
106,0.9958695769309998,3,0.09839688241481781,0.2636652886867523,0.7936345934867859,-0.030860522761940956
106,1.1281588285783073e-06,4,0.09774837642908096,0.272712379693985,0.7709391117095947,-1.585829257965088
106,3.6927433484379435e-06,5,0.09786849468946457,0.2728121876716614,0.7717767357826233,-0.012011179700493813
106,7.025788022474444e-07,6,0.09842929244041443,0.27178898453712463,0.7721009850502014,-0.011288263835012913
106,3.367776571394643e-06,7,0.09864573180675507,0.27242782711982727,0.772380530834198,-0.012064112350344658
106,2.198426955146715e-06,8,0.09905723482370377,0.27191153168678284,0.7725180983543396,-0.01167190819978714
107,0.9997346997261047,1,0.10036243498325348,0.25863704085350037,0.8048083782196045,-0.046504177153110504
107,0.918927013874054,2,0.09967657178640366,0.266913503408432,0.7844672203063965,-0.07362642884254456
107,0.0007864936487749219,3,0.09884944558143616,0.2748282849788666,0.7734895944595337,-1.5263068675994873
107,3.2575717341387644e-06,4,0.09939351677894592,0.27283769845962524,0.7723869681358337,-0.016799772158265114
107,6.245473286980996e-06,5,0.09943835437297821,0.27313220500946045,0.7727611660957336,-0.014065437018871307
107,2.9605682811961742e-06,6,0.09974964708089828,0.2732103168964386,0.7728825807571411,-0.014006459154188633
107,5.503085503733018e-06,7,0.09994561970233917,0.27405351400375366,0.7729266881942749,-0.014158579520881176
107,5.161470198800089e-06,8,0.10023278743028641,0.27446746826171875,0.7729665040969849,-0.013815252110362053
108,0.1849239617586136,1,0.09771513938903809,0.2716061770915985,0.7772868275642395,-1.5782859325408936
108,2.4360544557566755e-05,2,0.09804581105709076,0.2718740403652191,0.7717239260673523,-0.02631111815571785
108,1.2854929991590325e-05,3,0.09849271178245544,0.2713690996170044,0.7720422744750977,-0.011754254810512066
108,5.262973900244106e-06,4,0.09898066520690918,0.2708417475223541,0.7722631096839905,-0.011345859616994858
108,9.197110557579435e-06,5,0.0993715301156044,0.2712691128253937,0.7724214792251587,-0.012029333971440792
108,1.0872125130845234e-05,6,0.09975102543830872,0.27176663279533386,0.7724518775939941,-0.012559997849166393
108,1.1003281542798504e-05,7,0.1001041829586029,0.2722030580043793,0.7725378274917603,-0.012636859901249409
108,8.044679589147563e-07,8,0.10034118592739105,0.26950013637542725,0.7727365493774414,-0.025133203715085983
109,1.8383363567409106e-05,1,0.0975201427936554,0.2700231969356537,0.7722012400627136,-0.009832260198891163
109,7.567633701910381e-07,2,0.09789321571588516,0.2692497968673706,0.7724748849868774,-0.01028522290289402
109,5.43848545930814e-06,3,0.09802107512950897,0.2702508270740509,0.7726725339889526,-0.010711291804909706
109,2.3181692085927352e-06,4,0.09829883277416229,0.26997315883636475,0.7727978229522705,-0.00996303092688322
109,5.8273835747968405e-06,5,0.09825240075588226,0.27098947763442993,0.7727757692337036,-0.011353040114045143
109,3.195164708813536e-06,6,0.0983729138970375,0.2704205811023712,0.7730138897895813,-0.010096969082951546
109,2.3690047328273067e-06,7,0.09846793115139008,0.26990365982055664,0.7733422517776489,-0.010601794347167015
109,6.91935724717041e-07,8,0.0989433079957962,0.26684772968292236,0.7732571959495544,-0.029387854039669037
110,9.278267043555388e-07,1,0.09797791391611099,0.269399493932724,0.7721881866455078,-0.009575281292200089
110,1.1002147175531718e-06,2,0.09847114235162735,0.2699292004108429,0.7724570631980896,-0.010644547641277313
110,1.5725039475000813e-06,3,0.09897904098033905,0.27070745825767517,0.772591233253479,-0.011367143131792545
110,1.6818390804473893e-06,4,0.09933513402938843,0.27113398909568787,0.7727500200271606,-0.011572514660656452
110,1.14744477741624e-06,5,0.09958092123270035,0.2709491550922394,0.7730390429496765,-0.011515761725604534
110,5.426076086223475e-07,6,0.09972850233316422,0.2707340121269226,0.7732149362564087,-0.017881134524941444
110,1.958326492967899e-06,7,0.10004673898220062,0.2703208923339844,0.7727894186973572,-0.03600321337580681
110,6.611559456359828e-06,8,0.10012460500001907,0.2714076638221741,0.7728796601295471,-0.04647402837872505
111,1.4942593224986922e-06,1,0.09848545491695404,0.2689642906188965,0.7727501392364502,-0.010817206464707851
111,9.95508457890537e-07,2,0.09871014952659607,0.2687543034553528,0.7727460265159607,-0.011678757146000862
111,1.697365860309219e-06,3,0.09865260124206543,0.26937127113342285,0.7728236317634583,-0.012023835442960262
111,1.026526661007665e-06,4,0.09871233999729156,0.2689652442932129,0.773061215877533,-0.011718631722033024
111,6.966527053009486e-07,5,0.09879171848297119,0.2684970200061798,0.7733731269836426,-0.012094476260244846
111,2.3669267079640122e-07,6,0.09905222803354263,0.2671448886394501,0.773137092590332,-0.03206972777843475
111,3.178038969053887e-05,7,0.09857216477394104,0.2700953781604767,0.77298903465271,-0.044122494757175446
111,6.803227279306157e-07,8,0.09872535616159439,0.26792779564857483,0.7727285027503967,-0.045871298760175705
112,2.3032284843793605e-06,1,0.09675723314285278,0.26752039790153503,0.7725538015365601,-0.01118357852101326
112,5.393999913394509e-07,2,0.09773038327693939,0.2678975760936737,0.7729024887084961,-0.011317668482661247
112,2.349612259422429e-06,3,0.09805402159690857,0.2701965272426605,0.7730477452278137,-0.013117014430463314
112,9.71613303590857e-07,4,0.09874768555164337,0.2701455056667328,0.7733996510505676,-0.01211421936750412
112,3.277354210240446e-07,5,0.09927012771368027,0.2680854797363281,0.7732680439949036,-0.033742308616638184
112,9.014507668325678e-05,6,0.09899173676967621,0.2722342908382416,0.7734951376914978,-0.046551454812288284
112,1.0064578646051814e-06,7,0.09928891062736511,0.27008160948753357,0.7730585336685181,-0.04761360585689545
112,8.100472115302182e-08,8,0.09928694367408752,0.2698493003845215,0.7722349762916565,-0.04715733230113983
113,1.0673842325559235e-06,1,0.09910121560096741,0.26841112971305847,0.7727710008621216,-0.011906614527106285
113,2.634046268212842e-06,2,0.09934282302856445,0.2698169946670532,0.772910475730896,-0.012609642930328846
113,1.2588881190822576e-06,3,0.09987838566303253,0.26948466897010803,0.7731701731681824,-0.012324736453592777
113,2.428256777875504e-07,4,0.10024377703666687,0.26750174164772034,0.773146390914917,-0.03209208697080612
113,4.6969806135166436e-05,5,0.10003994405269623,0.2706528306007385,0.7729343175888062,-0.044768091291189194
113,8.639236739327316e-07,6,0.10038244724273682,0.2677895128726959,0.7727882266044617,-0.04626103490591049
113,9.959438074247373e-08,7,0.10048172622919083,0.26684656739234924,0.7721475958824158,-0.04635191336274147
113,2.60810736563144e-07,8,0.10076546669006348,0.26813018321990967,0.7718567848205566,-0.043342411518096924
114,1.2277737369004171e-06,1,0.09753723442554474,0.27003392577171326,0.7730723023414612,-0.01136703323572874
114,1.9867218270519515e-06,2,0.09790609776973724,0.27182164788246155,0.7730473279953003,-0.01259238924831152
114,1.3324748238119355e-07,3,0.09856578707695007,0.268361896276474,0.7731999158859253,-0.030088309198617935
114,7.021502096904442e-05,4,0.09782624244689941,0.27264586091041565,0.7729671001434326,-0.04462932422757149
114,1.1628033007582417e-06,5,0.09840171039104462,0.27024734020233154,0.7728543877601624,-0.04563644528388977
114,7.748507613314359e-08,6,0.0986311137676239,0.269257515668869,0.7720797061920166,-0.04665245860815048
114,3.6126508007328084e-07,7,0.09862235188484192,0.2706845998764038,0.7718387842178345,-0.04333103820681572
114,5.938545655226335e-07,8,0.0987899899482727,0.2705649435520172,0.771607518196106,-0.04096977412700653
115,2.549072632973548e-05,1,0.09639519453048706,0.27017641067504883,0.7726711630821228,-0.012350649572908878
115,3.508343127123226e-08,2,0.09823057055473328,0.26541709899902344,0.773453950881958,-0.028526000678539276
115,9.958376904251054e-05,3,0.09737944602966309,0.26996609568595886,0.7733294367790222,-0.04432113468647003
115,1.9093095033895224e-06,4,0.09832742810249329,0.26830044388771057,0.7733877301216125,-0.04648035392165184
115,6.485590375859829e-08,5,0.09877826273441315,0.2668861746788025,0.7725685834884644,-0.047319021075963974
115,1.8023465031546948e-07,6,0.09899552166461945,0.267951637506485,0.7722923159599304,-0.04344454035162926
115,3.9279893826460466e-07,7,0.09922467172145844,0.268253356218338,0.772040605545044,-0.04107239097356796
115,4.0318562355423637e-07,8,0.09978590905666351,0.2677271366119385,0.7716872692108154,14.733495712280273
116,1.6302966514558648e-06,1,0.09729801118373871,0.2670465409755707,0.7730114459991455,-0.026971744373440742
116,1.893076296255458e-05,2,0.09743152558803558,0.2708514332771301,0.7730638980865479,-0.04115774482488632
116,9.296326197727467e-07,3,0.0980173647403717,0.2697349786758423,0.7728824615478516,-0.0460505411028862
116,1.0456909649292356e-07,4,0.09838302433490753,0.2691362798213959,0.7722621560096741,-0.04640590772032738
116,3.2900339874686324e-07,5,0.0983312577009201,0.2705685496330261,0.7721213102340698,-0.04343537986278534
116,4.842012231165427e-07,6,0.09848777949810028,0.2708946764469147,0.7719061970710754,-0.04140675812959671
116,4.398363273594441e-07,7,0.0989154726266861,0.27029410004615784,0.771639883518219,14.72861385345459
116,5.168461143512104e-07,8,0.0994568020105362,0.2693471908569336,0.7716090679168701,0.0
117,2.4010018023545854e-05,1,0.09838396310806274,0.2700944244861603,0.7726840972900391,-0.04458623379468918
117,7.35389562578348e-07,2,0.09875144064426422,0.2672497034072876,0.7728092670440674,-0.04383718594908714
117,2.8949952479706553e-07,3,0.09887277334928513,0.2664848566055298,0.772607147693634,-0.04438772425055504
117,4.269248279342719e-07,4,0.09896443039178848,0.2668848931789398,0.772433340549469,-0.04286057502031326
117,6.68401526127127e-07,5,0.09906433522701263,0.2672514021396637,0.7722586989402771,-0.040959134697914124
117,7.24082269698556e-07,6,0.09934291243553162,0.2668928802013397,0.7720731496810913,14.722554206848145
117,8.497619887748442e-07,7,0.09974175691604614,0.2662184238433838,0.7720932960510254,0.0
117,9.56848225541762e-07,8,0.10031038522720337,0.2652444839477539,0.7721879482269287,0.0
118,7.54024426896649e-07,1,0.09774631261825562,0.26750046014785767,0.7725939750671387,-0.046214114874601364
118,1.5535303532487887e-07,2,0.09843619912862778,0.2669093906879425,0.7722169756889343,-0.045598722994327545
118,2.2058773652133823e-07,3,0.09862597286701202,0.2672315835952759,0.7719929814338684,-0.04330423101782799
118,5.200540158512013e-07,4,0.09865933656692505,0.2675630450248718,0.7719662189483643,-0.04078522324562073
118,6.203785005709506e-07,5,0.09893196821212769,0.26693183183670044,0.7718688249588013,14.729016304016113
118,9.450081961404067e-07,6,0.09935374557971954,0.2656540274620056,0.7720795273780823,0.0
118,1.2907009931950597e-06,7,0.10002206265926361,0.2634016275405884,0.7723754644393921,0.0
118,1.1537498494362808e-06,8,0.10090897977352142,0.26194706559181213,0.7723932266235352,0.0
119,4.280602468043071e-07,1,0.09744176268577576,0.2707473635673523,0.7721103429794312,-0.044449325650930405
119,4.014329988422105e-07,2,0.09786950051784515,0.2720031142234802,0.7718042731285095,-0.04312876611948013
119,3.301411766187812e-07,3,0.09823562949895859,0.2723311483860016,0.7714043259620667,-0.04095262661576271
119,4.186418323115504e-07,4,0.09865444153547287,0.272198885679245,0.7712588906288147,14.731001853942871
119,5.784599466096552e-07,5,0.09919610619544983,0.2714097797870636,0.7713313698768616,0.0
119,8.304050993501733e-07,6,0.09997086971998215,0.2693677246570587,0.771573543548584,0.0
119,8.28170129807404e-07,7,0.10091689229011536,0.26787570118904114,0.7716351747512817,0.0
119,7.910642807473778e-07,8,0.10197560489177704,0.2676362991333008,0.771446168422699,0.0
120,2.436189561194624e-07,1,0.0963672399520874,0.2667044401168823,0.7717729806900024,-0.043443817645311356
120,1.2486066225392278e-06,2,0.09662453830242157,0.2679574489593506,0.7723854184150696,-0.040185533463954926
120,9.154496183327865e-07,3,0.09738801419734955,0.2675657272338867,0.7721763849258423,14.733511924743652
120,1.5184579069682513e-06,4,0.09822806715965271,0.265637069940567,0.7723942995071411,0.0
120,1.130034661400714e-06,5,0.09929579496383667,0.2639210522174835,0.7723121643066406,0.0
120,8.54928487115103e-07,6,0.1002032607793808,0.2637556791305542,0.7720221281051636,0.0
120,8.294047120216419e-07,7,0.10102124512195587,0.26456549763679504,0.771769106388092,0.0
120,6.828017831139732e-07,8,0.10179971158504486,0.26572325825691223,0.7713887095451355,0.0
121,6.972091171064676e-08,1,0.09719043970108032,0.266634076833725,0.7713969945907593,-0.04078466072678566
121,2.5032129542523762e-06,2,0.09652706980705261,0.26638591289520264,0.772502601146698,14.734646797180176
121,1.45100932513742e-06,3,0.09725170582532883,0.26490333676338196,0.7721995115280151,0.0
121,1.1099738230768708e-06,4,0.09785787761211395,0.2629713714122772,0.772101879119873,0.0
121,9.830205272010062e-07,5,0.09845472872257233,0.2623351812362671,0.7720938324928284,0.0
121,7.72052828779124e-07,6,0.09901903569698334,0.262993723154068,0.7718257308006287,0.0
121,6.907147280799109e-07,7,0.0995645821094513,0.2643820643424988,0.7715511322021484,0.0
121,6.190009571582777e-07,8,0.10009877383708954,0.26624658703804016,0.7712677717208862,0.0
122,1.6242752280959394e-06,1,0.09691843390464783,0.26753708720207214,0.7716972231864929,14.739005088806152
122,2.621853582240874e-06,2,0.09787224233150482,0.2677054703235626,0.7720742225646973,0.0
122,6.939142735973292e-07,3,0.09898054599761963,0.26712900400161743,0.7712583541870117,0.0
122,9.273118735109165e-07,4,0.09982334077358246,0.2662847638130188,0.7713913321495056,0.0
122,9.287420539294544e-07,5,0.1007109060883522,0.26609349250793457,0.7713398337364197,0.0
122,8.934368906921009e-07,6,0.10159836709499359,0.26634714007377625,0.7712067365646362,0.0
122,8.381305178772891e-07,7,0.1024923026561737,0.2669234275817871,0.7710480093955994,0.0
122,7.939893293951172e-07,8,0.10338324308395386,0.2675093114376068,0.7709283828735352,0.0
