candidate,discounted_reward,executed_selected,invalid_reasons,score,selected,step,terminal_SAC_critic,valid
0,-0.17542806301622624,True,,-0.17542806301622624,True,1,0.0,True
1,-0.15720077628966575,False,,-0.15720077628966575,False,1,0.0,True
2,-0.1553057681366994,False,,-0.1553057681366994,False,1,0.0,True
3,-0.1542100241143072,False,,-0.1542100241143072,False,1,0.0,True
4,-0.15643147269805535,False,,-0.15643147269805535,False,1,0.0,True
5,-0.15689795337517748,False,,-0.15689795337517748,False,1,0.0,True
6,-0.15611698428240176,False,,-0.15611698428240176,False,1,0.0,True
7,-0.1534518032628495,False,,-0.1534518032628495,False,1,0.0,True
8,-0.1605629206771464,False,,-0.1605629206771464,False,1,0.0,True
9,-0.15624217400042875,False,,-0.15624217400042875,False,1,0.0,True
10,-0.16547469078661606,False,,-0.16547469078661606,False,1,0.0,True
11,-0.15614297129490634,False,,-0.15614297129490634,False,1,0.0,True
12,-0.15637377505580796,False,,-0.15637377505580796,False,1,0.0,True
13,-0.15498996860099892,False,,-0.15498996860099892,False,1,0.0,True
14,-0.1551752295253176,False,,-0.1551752295253176,False,1,0.0,True
15,-0.15704134299048056,False,,-0.15704134299048056,False,1,0.0,True
16,-0.15544830403344445,False,,-0.15544830403344445,False,1,0.0,True
17,-0.1572694380102338,False,,-0.1572694380102338,False,1,0.0,True
18,-0.15992972330781163,False,,-0.15992972330781163,False,1,0.0,True
19,-0.15962425596193422,False,,-0.15962425596193422,False,1,0.0,True
20,-0.15610001509077298,False,,-0.15610001509077298,False,1,0.0,True
21,-0.16442375142235932,False,,-0.16442375142235932,False,1,0.0,True
22,-0.15836307399136304,False,,-0.15836307399136304,False,1,0.0,True
23,-0.15605798681525293,False,,-0.15605798681525293,False,1,0.0,True
24,-0.15391326860032722,False,,-0.15391326860032722,False,1,0.0,True
25,-0.1577005923542713,False,,-0.1577005923542713,False,1,0.0,True
26,-0.16491080902466743,False,,-0.16491080902466743,False,1,0.0,True
27,-0.15476614478936776,False,,-0.15476614478936776,False,1,0.0,True
28,-0.161841089267928,False,,-0.161841089267928,False,1,0.0,True
29,-0.15693185270960125,False,,-0.15693185270960125,False,1,0.0,True
30,-0.16088822997747892,False,,-0.16088822997747892,False,1,0.0,True
31,-0.15734404440643154,False,,-0.15734404440643154,False,1,0.0,True
32,-0.15907528472832383,False,,-0.15907528472832383,False,1,0.0,True
33,-0.15906138394921676,False,,-0.15906138394921676,False,1,0.0,True
34,-0.1581061832256806,False,,-0.1581061832256806,False,1,0.0,True
35,-0.1551535528191398,False,,-0.1551535528191398,False,1,0.0,True
36,-0.15438291435189158,False,,-0.15438291435189158,False,1,0.0,True
37,-0.15323249527984265,False,,-0.15323249527984265,False,1,0.0,True
38,-0.1621134266663073,False,,-0.1621134266663073,False,1,0.0,True
39,-0.15757712233477017,False,,-0.15757712233477017,False,1,0.0,True
40,-0.15990037612868604,False,,-0.15990037612868604,False,1,0.0,True
41,-0.15678683909771007,False,,-0.15678683909771007,False,1,0.0,True
42,-0.15675749981901466,False,,-0.15675749981901466,False,1,0.0,True
43,-0.15377230921629556,False,,-0.15377230921629556,False,1,0.0,True
44,-0.15360108577991266,False,,-0.15360108577991266,False,1,0.0,True
45,-0.1572907393044356,False,,-0.1572907393044356,False,1,0.0,True
46,-0.15986112527961915,False,,-0.15986112527961915,False,1,0.0,True
47,-0.16055253576265058,False,,-0.16055253576265058,False,1,0.0,True
48,-0.15725099039740048,False,,-0.15725099039740048,False,1,0.0,True
49,-0.15625701683582788,False,,-0.15625701683582788,False,1,0.0,True
50,-0.15518293163548974,False,,-0.15518293163548974,False,1,0.0,True
51,-0.15458643475605932,False,,-0.15458643475605932,False,1,0.0,True
52,-0.15791971780180275,False,,-0.15791971780180275,False,1,0.0,True
53,-0.16231283752887357,False,,-0.16231283752887357,False,1,0.0,True
54,-0.16137774618375023,False,,-0.16137774618375023,False,1,0.0,True
55,-0.15955166899671377,False,,-0.15955166899671377,False,1,0.0,True
56,-0.15749106717114958,False,,-0.15749106717114958,False,1,0.0,True
57,-0.16144977059207682,False,,-0.16144977059207682,False,1,0.0,True
58,-0.15356154860681132,False,,-0.15356154860681132,False,1,0.0,True
59,-0.15358661417530267,False,,-0.15358661417530267,False,1,0.0,True
60,-0.15556750625025673,False,,-0.15556750625025673,False,1,0.0,True
61,-0.1567841237507737,False,,-0.1567841237507737,False,1,0.0,True
62,-0.1581133985484766,False,,-0.1581133985484766,False,1,0.0,True
63,-0.1585065718009982,False,,-0.1585065718009982,False,1,0.0,True
0,-0.17495370054950415,True,,-0.17495370054950415,True,2,0.0,True
1,-0.17506461991291655,False,,-0.17506461991291655,False,2,0.0,True
2,-0.1572168124968109,False,,-0.1572168124968109,False,2,0.0,True
3,-0.15941992659641568,False,,-0.15941992659641568,False,2,0.0,True
4,-0.15904581194320622,False,,-0.15904581194320622,False,2,0.0,True
5,-0.1627837512137843,False,,-0.1627837512137843,False,2,0.0,True
6,-0.15840828788287817,False,,-0.15840828788287817,False,2,0.0,True
7,-0.15395925304642602,False,,-0.15395925304642602,False,2,0.0,True
8,-0.1553049014312201,False,,-0.1553049014312201,False,2,0.0,True
9,-0.15376194992622666,False,,-0.15376194992622666,False,2,0.0,True
10,-0.15305295184455994,False,,-0.15305295184455994,False,2,0.0,True
11,-0.1533382764109441,False,,-0.1533382764109441,False,2,0.0,True
12,-0.15926318523411087,False,,-0.15926318523411087,False,2,0.0,True
13,-0.15830320058468828,False,,-0.15830320058468828,False,2,0.0,True
14,-0.1583081565864617,False,,-0.1583081565864617,False,2,0.0,True
15,-0.15570090942814258,False,,-0.15570090942814258,False,2,0.0,True
16,-0.15486710699321074,False,,-0.15486710699321074,False,2,0.0,True
17,-0.1534928306524858,False,,-0.1534928306524858,False,2,0.0,True
18,-0.15708462392941858,False,,-0.15708462392941858,False,2,0.0,True
19,-0.15758028266810398,False,,-0.15758028266810398,False,2,0.0,True
20,-0.15555364298127947,False,,-0.15555364298127947,False,2,0.0,True
21,-0.15370762493450862,False,,-0.15370762493450862,False,2,0.0,True
22,-0.1555986852358261,False,,-0.1555986852358261,False,2,0.0,True
23,-0.15336089353206572,False,,-0.15336089353206572,False,2,0.0,True
24,-0.16002782343793087,False,,-0.16002782343793087,False,2,0.0,True
25,-0.15689642368589146,False,,-0.15689642368589146,False,2,0.0,True
26,-0.1546771592843611,False,,-0.1546771592843611,False,2,0.0,True
27,-0.1529805388424188,False,,-0.1529805388424188,False,2,0.0,True
28,-0.15652666309542795,False,,-0.15652666309542795,False,2,0.0,True
29,-0.15320771326907412,False,,-0.15320771326907412,False,2,0.0,True
30,-0.15683141131785855,False,,-0.15683141131785855,False,2,0.0,True
31,-0.1536178398626037,False,,-0.1536178398626037,False,2,0.0,True
32,-0.15782170244289445,False,,-0.15782170244289445,False,2,0.0,True
33,-0.15573004750704342,False,,-0.15573004750704342,False,2,0.0,True
34,-0.15771617272120114,False,,-0.15771617272120114,False,2,0.0,True
35,-0.16012547984817577,False,,-0.16012547984817577,False,2,0.0,True
36,-0.15728206113113852,False,,-0.15728206113113852,False,2,0.0,True
37,-0.1559437996926776,False,,-0.1559437996926776,False,2,0.0,True
38,-0.15844116720142037,False,,-0.15844116720142037,False,2,0.0,True
39,-0.15478173598092418,False,,-0.15478173598092418,False,2,0.0,True
40,-0.15589505210673144,False,,-0.15589505210673144,False,2,0.0,True
41,-0.15373555998055347,False,,-0.15373555998055347,False,2,0.0,True
42,-0.15428042713101095,False,,-0.15428042713101095,False,2,0.0,True
43,-0.1561354141314768,False,,-0.1561354141314768,False,2,0.0,True
44,-0.15663288479029897,False,,-0.15663288479029897,False,2,0.0,True
45,-0.15747290794860708,False,,-0.15747290794860708,False,2,0.0,True
46,-0.16077243054128243,False,,-0.16077243054128243,False,2,0.0,True
47,-0.15178148074208225,False,,-0.15178148074208225,False,2,0.0,True
48,-0.1537626244470383,False,,-0.1537626244470383,False,2,0.0,True
49,-0.15566295490941212,False,,-0.15566295490941212,False,2,0.0,True
50,-0.15836662592635342,False,,-0.15836662592635342,False,2,0.0,True
51,-0.1555661333944135,False,,-0.1555661333944135,False,2,0.0,True
52,-0.15789979224116596,False,,-0.15789979224116596,False,2,0.0,True
53,-0.15720995902195614,False,,-0.15720995902195614,False,2,0.0,True
54,-0.15475724066136434,False,,-0.15475724066136434,False,2,0.0,True
55,-0.15420125738692414,False,,-0.15420125738692414,False,2,0.0,True
56,-0.1601744002775326,False,,-0.1601744002775326,False,2,0.0,True
57,-0.15609641503277782,False,,-0.15609641503277782,False,2,0.0,True
58,-0.15368529603011544,False,,-0.15368529603011544,False,2,0.0,True
59,-0.15752221669042574,False,,-0.15752221669042574,False,2,0.0,True
60,-0.15565669484987335,False,,-0.15565669484987335,False,2,0.0,True
61,-0.15578219516030134,False,,-0.15578219516030134,False,2,0.0,True
62,-0.15494838836339242,False,,-0.15494838836339242,False,2,0.0,True
63,-0.1546885061205991,False,,-0.1546885061205991,False,2,0.0,True
0,-0.16597847212561292,True,,-0.16597847212561292,True,3,0.0,True
1,-0.16595312699248604,False,,-0.16595312699248604,False,3,0.0,True
2,-0.14585120389142248,False,,-0.14585120389142248,False,3,0.0,True
3,-0.14895397899221874,False,,-0.14895397899221874,False,3,0.0,True
4,-0.14760758306013672,False,,-0.14760758306013672,False,3,0.0,True
5,-0.14733035629112476,False,,-0.14733035629112476,False,3,0.0,True
6,-0.1464165014321445,False,,-0.1464165014321445,False,3,0.0,True
7,-0.1454070637712758,False,,-0.1454070637712758,False,3,0.0,True
8,-0.1455782680025984,False,,-0.1455782680025984,False,3,0.0,True
9,-0.14814997263237356,False,,-0.14814997263237356,False,3,0.0,True
10,-0.14623579706387765,False,,-0.14623579706387765,False,3,0.0,True
11,-0.14507158803678114,False,,-0.14507158803678114,False,3,0.0,True
12,-0.1463521365922552,False,,-0.1463521365922552,False,3,0.0,True
13,-0.14602506541269625,False,,-0.14602506541269625,False,3,0.0,True
14,-0.14598008139114907,False,,-0.14598008139114907,False,3,0.0,True
15,-0.14555999766051866,False,,-0.14555999766051866,False,3,0.0,True
16,-0.14561681573614102,False,,-0.14561681573614102,False,3,0.0,True
17,-0.1439510803633645,False,,-0.1439510803633645,False,3,0.0,True
18,-0.1464596662096146,False,,-0.1464596662096146,False,3,0.0,True
19,-0.14602846491843297,False,,-0.14602846491843297,False,3,0.0,True
20,-0.14692535992748262,False,,-0.14692535992748262,False,3,0.0,True
21,-0.14677604226069652,False,,-0.14677604226069652,False,3,0.0,True
22,-0.14380454999253794,False,,-0.14380454999253794,False,3,0.0,True
23,-0.14540250233928975,False,,-0.14540250233928975,False,3,0.0,True
24,-0.14522997754809158,False,,-0.14522997754809158,False,3,0.0,True
25,-0.14448971892960166,False,,-0.14448971892960166,False,3,0.0,True
26,-0.14743702587136742,False,,-0.14743702587136742,False,3,0.0,True
27,-0.14697912629392793,False,,-0.14697912629392793,False,3,0.0,True
28,-0.1450656150256,False,,-0.1450656150256,False,3,0.0,True
29,-0.14580622363483536,False,,-0.14580622363483536,False,3,0.0,True
30,-0.14942605623342273,False,,-0.14942605623342273,False,3,0.0,True
31,-0.14439038649197328,False,,-0.14439038649197328,False,3,0.0,True
32,-0.14578402577593216,False,,-0.14578402577593216,False,3,0.0,True
33,-0.14907807200441975,False,,-0.14907807200441975,False,3,0.0,True
34,-0.1469040245280001,False,,-0.1469040245280001,False,3,0.0,True
35,-0.14730816820478188,False,,-0.14730816820478188,False,3,0.0,True
36,-0.1461484258218564,False,,-0.1461484258218564,False,3,0.0,True
37,-0.14779891376884205,False,,-0.14779891376884205,False,3,0.0,True
38,-0.14678175433746565,False,,-0.14678175433746565,False,3,0.0,True
39,-0.14722633304196447,False,,-0.14722633304196447,False,3,0.0,True
40,-0.14972911803822103,False,,-0.14972911803822103,False,3,0.0,True
41,-0.1467702170360271,False,,-0.1467702170360271,False,3,0.0,True
42,-0.14617378449342003,False,,-0.14617378449342003,False,3,0.0,True
43,-0.14674973040413397,False,,-0.14674973040413397,False,3,0.0,True
44,-0.14779383772784974,False,,-0.14779383772784974,False,3,0.0,True
45,-0.1461437135140209,False,,-0.1461437135140209,False,3,0.0,True
46,-0.14703931709181248,False,,-0.14703931709181248,False,3,0.0,True
47,-0.1442692156261552,False,,-0.1442692156261552,False,3,0.0,True
48,-0.14492069012911796,False,,-0.14492069012911796,False,3,0.0,True
49,-0.1506080953471624,False,,-0.1506080953471624,False,3,0.0,True
50,-0.14891052947721217,False,,-0.14891052947721217,False,3,0.0,True
51,-0.14516632201778273,False,,-0.14516632201778273,False,3,0.0,True
52,-0.14555991381195568,False,,-0.14555991381195568,False,3,0.0,True
53,-0.14681956156412074,False,,-0.14681956156412074,False,3,0.0,True
54,-0.14632080103566097,False,,-0.14632080103566097,False,3,0.0,True
55,-0.14517625148471475,False,,-0.14517625148471475,False,3,0.0,True
56,-0.15192549938922958,False,,-0.15192549938922958,False,3,0.0,True
57,-0.1472196565685101,False,,-0.1472196565685101,False,3,0.0,True
58,-0.14512414034704607,False,,-0.14512414034704607,False,3,0.0,True
59,-0.14663329893069665,False,,-0.14663329893069665,False,3,0.0,True
60,-0.1452626380063476,False,,-0.1452626380063476,False,3,0.0,True
61,-0.14731456762197734,False,,-0.14731456762197734,False,3,0.0,True
62,-0.14443482578013533,False,,-0.14443482578013533,False,3,0.0,True
63,-0.14679516794542039,False,,-0.14679516794542039,False,3,0.0,True
0,-0.15273009828022283,True,,-0.15273009828022283,True,4,0.0,True
1,-0.15277492028901174,False,,-0.15277492028901174,False,4,0.0,True
2,-0.1337581033242308,False,,-0.1337581033242308,False,4,0.0,True
3,-0.1341566284821718,False,,-0.1341566284821718,False,4,0.0,True
4,-0.1323595098160324,False,,-0.1323595098160324,False,4,0.0,True
5,-0.13579761385269623,False,,-0.13579761385269623,False,4,0.0,True
6,-0.13549228395521723,False,,-0.13549228395521723,False,4,0.0,True
7,-0.13529203423836075,False,,-0.13529203423836075,False,4,0.0,True
8,-0.13507424090835546,False,,-0.13507424090835546,False,4,0.0,True
9,-0.1335351576799167,False,,-0.1335351576799167,False,4,0.0,True
10,-0.13353047752457708,False,,-0.13353047752457708,False,4,0.0,True
11,-0.13623721737190164,False,,-0.13623721737190164,False,4,0.0,True
12,-0.13573547202941694,False,,-0.13573547202941694,False,4,0.0,True
13,-0.1358953433464907,False,,-0.1358953433464907,False,4,0.0,True
14,-0.13607157231228656,False,,-0.13607157231228656,False,4,0.0,True
15,-0.13293023312424185,False,,-0.13293023312424185,False,4,0.0,True
16,-0.1329934143046434,False,,-0.1329934143046434,False,4,0.0,True
17,-0.13545387074250026,False,,-0.13545387074250026,False,4,0.0,True
18,-0.13627189542666507,False,,-0.13627189542666507,False,4,0.0,True
19,-0.13477730611992894,False,,-0.13477730611992894,False,4,0.0,True
20,-0.13503416908633134,False,,-0.13503416908633134,False,4,0.0,True
21,-0.13402113832640433,False,,-0.13402113832640433,False,4,0.0,True
22,-0.13744561236899416,False,,-0.13744561236899416,False,4,0.0,True
23,-0.13404558833687857,False,,-0.13404558833687857,False,4,0.0,True
24,-0.13486117165043832,False,,-0.13486117165043832,False,4,0.0,True
25,-0.13668229514303532,False,,-0.13668229514303532,False,4,0.0,True
26,-0.13584465485870256,False,,-0.13584465485870256,False,4,0.0,True
27,-0.13661249026626163,False,,-0.13661249026626163,False,4,0.0,True
28,-0.13179640565445425,False,,-0.13179640565445425,False,4,0.0,True
29,-0.13405208757479165,False,,-0.13405208757479165,False,4,0.0,True
30,-0.13537878490705352,False,,-0.13537878490705352,False,4,0.0,True
31,-0.13275505678600846,False,,-0.13275505678600846,False,4,0.0,True
32,-0.1343049840794206,False,,-0.1343049840794206,False,4,0.0,True
33,-0.1345545024996526,False,,-0.1345545024996526,False,4,0.0,True
34,-0.13617002383869398,False,,-0.13617002383869398,False,4,0.0,True
35,-0.134929614981921,False,,-0.134929614981921,False,4,0.0,True
36,-0.13356087438290062,False,,-0.13356087438290062,False,4,0.0,True
37,-0.1349499753468207,False,,-0.1349499753468207,False,4,0.0,True
38,-0.13480773614812253,False,,-0.13480773614812253,False,4,0.0,True
39,-0.13451139870051249,False,,-0.13451139870051249,False,4,0.0,True
40,-0.13661409168473518,False,,-0.13661409168473518,False,4,0.0,True
41,-0.13743989279202345,False,,-0.13743989279202345,False,4,0.0,True
42,-0.13290340106778445,False,,-0.13290340106778445,False,4,0.0,True
43,-0.13340780907271618,False,,-0.13340780907271618,False,4,0.0,True
44,-0.13306862223873933,False,,-0.13306862223873933,False,4,0.0,True
45,-0.1343550311953905,False,,-0.1343550311953905,False,4,0.0,True
46,-0.13404471096455228,False,,-0.13404471096455228,False,4,0.0,True
47,-0.13497544558420585,False,,-0.13497544558420585,False,4,0.0,True
48,-0.1349406492791504,False,,-0.1349406492791504,False,4,0.0,True
49,-0.13360660066984276,False,,-0.13360660066984276,False,4,0.0,True
50,-0.13476677090419537,False,,-0.13476677090419537,False,4,0.0,True
51,-0.13364637356241688,False,,-0.13364637356241688,False,4,0.0,True
52,-0.1326608955345413,False,,-0.1326608955345413,False,4,0.0,True
53,-0.13974148906420397,False,,-0.13974148906420397,False,4,0.0,True
54,-0.13406962389361293,False,,-0.13406962389361293,False,4,0.0,True
55,-0.13187955696755305,False,,-0.13187955696755305,False,4,0.0,True
56,-0.13359270819717983,False,,-0.13359270819717983,False,4,0.0,True
57,-0.13393423137361815,False,,-0.13393423137361815,False,4,0.0,True
58,-0.13452669322784577,False,,-0.13452669322784577,False,4,0.0,True
59,-0.1358696417111362,False,,-0.1358696417111362,False,4,0.0,True
60,-0.13507413191644288,False,,-0.13507413191644288,False,4,0.0,True
61,-0.13329721480255438,False,,-0.13329721480255438,False,4,0.0,True
62,-0.13557466593621645,False,,-0.13557466593621645,False,4,0.0,True
63,-0.13654587450243877,False,,-0.13654587450243877,False,4,0.0,True
0,-0.14731614377587093,True,,-0.14731614377587093,True,5,0.0,True
1,-0.14735606792418482,False,,-0.14735606792418482,False,5,0.0,True
2,-0.12746283128538904,False,,-0.12746283128538904,False,5,0.0,True
3,-0.12639276892546514,False,,-0.12639276892546514,False,5,0.0,True
4,-0.1287599187357412,False,,-0.1287599187357412,False,5,0.0,True
5,-0.1317924778088479,False,,-0.1317924778088479,False,5,0.0,True
6,-0.12829782355876534,False,,-0.12829782355876534,False,5,0.0,True
7,-0.1287706830373233,False,,-0.1287706830373233,False,5,0.0,True
8,-0.12790199190305693,False,,-0.12790199190305693,False,5,0.0,True
9,-0.12778444297650035,False,,-0.12778444297650035,False,5,0.0,True
10,-0.12851591248174216,False,,-0.12851591248174216,False,5,0.0,True
11,-0.13039550918339665,False,,-0.13039550918339665,False,5,0.0,True
12,-0.12969140205255672,False,,-0.12969140205255672,False,5,0.0,True
13,-0.13013117197729251,False,,-0.13013117197729251,False,5,0.0,True
14,-0.12788135002826578,False,,-0.12788135002826578,False,5,0.0,True
15,-0.13431971817374713,False,,-0.13431971817374713,False,5,0.0,True
16,-0.12994627777912546,False,,-0.12994627777912546,False,5,0.0,True
17,-0.13041033163935212,False,,-0.13041033163935212,False,5,0.0,True
18,-0.12742222155425537,False,,-0.12742222155425537,False,5,0.0,True
19,-0.13036652584723418,False,,-0.13036652584723418,False,5,0.0,True
20,-0.12991228244078148,False,,-0.12991228244078148,False,5,0.0,True
21,-0.1300976120874131,False,,-0.1300976120874131,False,5,0.0,True
22,-0.12701964659784343,False,,-0.12701964659784343,False,5,0.0,True
23,-0.12916863674157508,False,,-0.12916863674157508,False,5,0.0,True
24,-0.12724167224834163,False,,-0.12724167224834163,False,5,0.0,True
25,-0.12976740290853545,False,,-0.12976740290853545,False,5,0.0,True
26,-0.12858302687364437,False,,-0.12858302687364437,False,5,0.0,True
27,-0.1271284153205998,False,,-0.1271284153205998,False,5,0.0,True
28,-0.127348622401746,False,,-0.127348622401746,False,5,0.0,True
29,-0.1351261865784822,False,,-0.1351261865784822,False,5,0.0,True
30,-0.12925378577184077,False,,-0.12925378577184077,False,5,0.0,True
31,-0.13051732556537632,False,,-0.13051732556537632,False,5,0.0,True
32,-0.1293416737241585,False,,-0.1293416737241585,False,5,0.0,True
33,-0.12898254735905051,False,,-0.12898254735905051,False,5,0.0,True
34,-0.12687720843861214,False,,-0.12687720843861214,False,5,0.0,True
35,-0.1294866608025849,False,,-0.1294866608025849,False,5,0.0,True
36,-0.12944740653623307,False,,-0.12944740653623307,False,5,0.0,True
37,-0.12879069958936085,False,,-0.12879069958936085,False,5,0.0,True
38,-0.12817760154630792,False,,-0.12817760154630792,False,5,0.0,True
39,-0.12706831191064635,False,,-0.12706831191064635,False,5,0.0,True
40,-0.12780397130366467,False,,-0.12780397130366467,False,5,0.0,True
41,-0.12790208539874084,False,,-0.12790208539874084,False,5,0.0,True
42,-0.12793643160912366,False,,-0.12793643160912366,False,5,0.0,True
43,-0.12968128165467288,False,,-0.12968128165467288,False,5,0.0,True
44,-0.13373891733601914,False,,-0.13373891733601914,False,5,0.0,True
45,-0.12702847865041927,False,,-0.12702847865041927,False,5,0.0,True
46,-0.1272891731354376,False,,-0.1272891731354376,False,5,0.0,True
47,-0.12741033020539386,False,,-0.12741033020539386,False,5,0.0,True
48,-0.12805935976292981,False,,-0.12805935976292981,False,5,0.0,True
49,-0.12708334040946195,False,,-0.12708334040946195,False,5,0.0,True
50,-0.12885452353367627,False,,-0.12885452353367627,False,5,0.0,True
51,-0.12742504912947875,False,,-0.12742504912947875,False,5,0.0,True
52,-0.1292798538158402,False,,-0.1292798538158402,False,5,0.0,True
53,-0.12919853774541432,False,,-0.12919853774541432,False,5,0.0,True
54,-0.12985114510919066,False,,-0.12985114510919066,False,5,0.0,True
55,-0.128317724336505,False,,-0.128317724336505,False,5,0.0,True
56,-0.12839306760145547,False,,-0.12839306760145547,False,5,0.0,True
57,-0.1279017860119255,False,,-0.1279017860119255,False,5,0.0,True
58,-0.12841894307020968,False,,-0.12841894307020968,False,5,0.0,True
59,-0.1287119988155126,False,,-0.1287119988155126,False,5,0.0,True
60,-0.12854279977210278,False,,-0.12854279977210278,False,5,0.0,True
61,-0.1276196960024193,False,,-0.1276196960024193,False,5,0.0,True
62,-0.12875498641316718,False,,-0.12875498641316718,False,5,0.0,True
63,-0.12889631418722566,False,,-0.12889631418722566,False,5,0.0,True
0,-0.15911228079578532,True,,-0.15911228079578532,True,6,0.0,True
1,-0.15918734203347612,False,,-0.15918734203347612,False,6,0.0,True
2,-0.14255445512390763,False,,-0.14255445512390763,False,6,0.0,True
3,-0.1413748575996352,False,,-0.1413748575996352,False,6,0.0,True
4,-0.13986608048516472,False,,-0.13986608048516472,False,6,0.0,True
5,-0.14352641921659443,False,,-0.14352641921659443,False,6,0.0,True
6,-0.14106171222680655,False,,-0.14106171222680655,False,6,0.0,True
7,-0.14178075079304797,False,,-0.14178075079304797,False,6,0.0,True
8,-0.13914184257695061,False,,-0.13914184257695061,False,6,0.0,True
9,-0.14040369984821238,False,,-0.14040369984821238,False,6,0.0,True
10,-0.14065145914083182,False,,-0.14065145914083182,False,6,0.0,True
11,-0.13898736297508668,False,,-0.13898736297508668,False,6,0.0,True
12,-0.1391636425271358,False,,-0.1391636425271358,False,6,0.0,True
13,-0.14175454079523064,False,,-0.14175454079523064,False,6,0.0,True
14,-0.14398462577822216,False,,-0.14398462577822216,False,6,0.0,True
15,-0.13986478397713692,False,,-0.13986478397713692,False,6,0.0,True
16,-0.1407105850704118,False,,-0.1407105850704118,False,6,0.0,True
17,-0.14001155405201265,False,,-0.14001155405201265,False,6,0.0,True
18,-0.14209112692774845,False,,-0.14209112692774845,False,6,0.0,True
19,-0.14314873906386588,False,,-0.14314873906386588,False,6,0.0,True
20,-0.13948011087022966,False,,-0.13948011087022966,False,6,0.0,True
21,-0.13980652730205953,False,,-0.13980652730205953,False,6,0.0,True
22,-0.1400196806564692,False,,-0.1400196806564692,False,6,0.0,True
23,-0.14281790948049178,False,,-0.14281790948049178,False,6,0.0,True
24,-0.1399699989667848,False,,-0.1399699989667848,False,6,0.0,True
25,-0.13940433950993883,False,,-0.13940433950993883,False,6,0.0,True
26,-0.1389645245829526,False,,-0.1389645245829526,False,6,0.0,True
27,-0.1452086606008482,False,,-0.1452086606008482,False,6,0.0,True
28,-0.13997366259149363,False,,-0.13997366259149363,False,6,0.0,True
29,-0.14339401580158528,False,,-0.14339401580158528,False,6,0.0,True
30,-0.14008945345107052,False,,-0.14008945345107052,False,6,0.0,True
31,-0.14225430208690582,False,,-0.14225430208690582,False,6,0.0,True
32,-0.1397332525670137,False,,-0.1397332525670137,False,6,0.0,True
33,-0.14073284922344248,False,,-0.14073284922344248,False,6,0.0,True
34,-0.13956336360991622,False,,-0.13956336360991622,False,6,0.0,True
35,-0.13843278169374745,False,,-0.13843278169374745,False,6,0.0,True
36,-0.1396555950516365,False,,-0.1396555950516365,False,6,0.0,True
37,-0.1426502777430642,False,,-0.1426502777430642,False,6,0.0,True
38,-0.14092380703845309,False,,-0.14092380703845309,False,6,0.0,True
39,-0.13906315247727685,False,,-0.13906315247727685,False,6,0.0,True
40,-0.13911189966334994,False,,-0.13911189966334994,False,6,0.0,True
41,-0.14860289437580051,False,,-0.14860289437580051,False,6,0.0,True
42,-0.1389862866522394,False,,-0.1389862866522394,False,6,0.0,True
43,-0.13971270194363222,False,,-0.13971270194363222,False,6,0.0,True
44,-0.14091762035501604,False,,-0.14091762035501604,False,6,0.0,True
45,-0.14037122041267244,False,,-0.14037122041267244,False,6,0.0,True
46,-0.13937597243825878,False,,-0.13937597243825878,False,6,0.0,True
47,-0.1426266845693257,False,,-0.1426266845693257,False,6,0.0,True
48,-0.13985827593284111,False,,-0.13985827593284111,False,6,0.0,True
49,-0.14035918657839708,False,,-0.14035918657839708,False,6,0.0,True
50,-0.13851641205215548,False,,-0.13851641205215548,False,6,0.0,True
51,-0.14450042622949513,False,,-0.14450042622949513,False,6,0.0,True
52,-0.13906800818099357,False,,-0.13906800818099357,False,6,0.0,True
53,-0.14283010557412937,False,,-0.14283010557412937,False,6,0.0,True
54,-0.1402051220190575,False,,-0.1402051220190575,False,6,0.0,True
55,-0.14068319677375712,False,,-0.14068319677375712,False,6,0.0,True
56,-0.14376268042246973,False,,-0.14376268042246973,False,6,0.0,True
57,-0.14044089376142588,False,,-0.14044089376142588,False,6,0.0,True
58,-0.1383430726340124,False,,-0.1383430726340124,False,6,0.0,True
59,-0.13868896589582197,False,,-0.13868896589582197,False,6,0.0,True
60,-0.14202317253579586,False,,-0.14202317253579586,False,6,0.0,True
61,-0.13827715268521662,False,,-0.13827715268521662,False,6,0.0,True
62,-0.14042118484204325,False,,-0.14042118484204325,False,6,0.0,True
63,-0.13931122616531483,False,,-0.13931122616531483,False,6,0.0,True
0,-0.13545552667122213,True,,-0.13545552667122213,True,7,0.0,True
1,-0.135708131510564,False,,-0.135708131510564,False,7,0.0,True
2,-0.11521218718242024,False,,-0.11521218718242024,False,7,0.0,True
3,-0.11558730796098832,False,,-0.11558730796098832,False,7,0.0,True
4,-0.11684909400762097,False,,-0.11684909400762097,False,7,0.0,True
5,-0.11404042219195185,False,,-0.11404042219195185,False,7,0.0,True
6,-0.11806960509166163,False,,-0.11806960509166163,False,7,0.0,True
7,-0.11603278545210396,False,,-0.11603278545210396,False,7,0.0,True
8,-0.11610255394600844,False,,-0.11610255394600844,False,7,0.0,True
9,-0.11606006926769491,False,,-0.11606006926769491,False,7,0.0,True
10,-0.12034149574273986,False,,-0.12034149574273986,False,7,0.0,True
11,-0.11725547949420012,False,,-0.11725547949420012,False,7,0.0,True
12,-0.11703898318392311,False,,-0.11703898318392311,False,7,0.0,True
13,-0.11522581593335587,False,,-0.11522581593335587,False,7,0.0,True
14,-0.11473595361628036,False,,-0.11473595361628036,False,7,0.0,True
15,-0.12135001877790988,False,,-0.12135001877790988,False,7,0.0,True
16,-0.11867430347781024,False,,-0.11867430347781024,False,7,0.0,True
17,-0.11991770723056074,False,,-0.11991770723056074,False,7,0.0,True
18,-0.12047195917267547,False,,-0.12047195917267547,False,7,0.0,True
19,-0.11754222781681581,False,,-0.11754222781681581,False,7,0.0,True
20,-0.11933170848823522,False,,-0.11933170848823522,False,7,0.0,True
21,-0.11606849205589809,False,,-0.11606849205589809,False,7,0.0,True
22,-0.11652180413474274,False,,-0.11652180413474274,False,7,0.0,True
23,-0.11824800845173841,False,,-0.11824800845173841,False,7,0.0,True
24,-0.12068469535570925,False,,-0.12068469535570925,False,7,0.0,True
25,-0.11881922831575237,False,,-0.11881922831575237,False,7,0.0,True
26,-0.11808104027706709,False,,-0.11808104027706709,False,7,0.0,True
27,-0.11718743090338525,False,,-0.11718743090338525,False,7,0.0,True
28,-0.11730070556096506,False,,-0.11730070556096506,False,7,0.0,True
29,-0.11610420076108177,False,,-0.11610420076108177,False,7,0.0,True
30,-0.11545189404684919,False,,-0.11545189404684919,False,7,0.0,True
31,-0.11483317549257982,False,,-0.11483317549257982,False,7,0.0,True
32,-0.12167852608763638,False,,-0.12167852608763638,False,7,0.0,True
33,-0.12176470590400765,False,,-0.12176470590400765,False,7,0.0,True
34,-0.11710560554901406,False,,-0.11710560554901406,False,7,0.0,True
35,-0.11557030247547889,False,,-0.11557030247547889,False,7,0.0,True
36,-0.11585664055113931,False,,-0.11585664055113931,False,7,0.0,True
37,-0.11438688110306212,False,,-0.11438688110306212,False,7,0.0,True
38,-0.1153357210553193,False,,-0.1153357210553193,False,7,0.0,True
39,-0.11947569584862006,False,,-0.11947569584862006,False,7,0.0,True
40,-0.1159146108121688,False,,-0.1159146108121688,False,7,0.0,True
41,-0.11600710947630119,False,,-0.11600710947630119,False,7,0.0,True
42,-0.11839838346904288,False,,-0.11839838346904288,False,7,0.0,True
43,-0.11429444808057135,False,,-0.11429444808057135,False,7,0.0,True
44,-0.12313740978907911,False,,-0.12313740978907911,False,7,0.0,True
45,-0.12012441514398092,False,,-0.12012441514398092,False,7,0.0,True
46,-0.11987091280842649,False,,-0.11987091280842649,False,7,0.0,True
47,-0.11761136311142033,False,,-0.11761136311142033,False,7,0.0,True
48,-0.11772141311650797,False,,-0.11772141311650797,False,7,0.0,True
49,-0.11574593128657777,False,,-0.11574593128657777,False,7,0.0,True
50,-0.12112141982543707,False,,-0.12112141982543707,False,7,0.0,True
51,-0.11822453398699889,False,,-0.11822453398699889,False,7,0.0,True
52,-0.11549646039339106,False,,-0.11549646039339106,False,7,0.0,True
53,-0.11632791486676325,False,,-0.11632791486676325,False,7,0.0,True
54,-0.11686155243417996,False,,-0.11686155243417996,False,7,0.0,True
55,-0.11871677926188742,False,,-0.11871677926188742,False,7,0.0,True
56,-0.1149845888620821,False,,-0.1149845888620821,False,7,0.0,True
57,-0.12004379516752009,False,,-0.12004379516752009,False,7,0.0,True
58,-0.11590806008490288,False,,-0.11590806008490288,False,7,0.0,True
59,-0.1154289263095615,False,,-0.1154289263095615,False,7,0.0,True
60,-0.116421331656215,False,,-0.116421331656215,False,7,0.0,True
61,-0.11615478578023675,False,,-0.11615478578023675,False,7,0.0,True
62,-0.12160131395118105,False,,-0.12160131395118105,False,7,0.0,True
63,-0.11693172083390249,False,,-0.11693172083390249,False,7,0.0,True
0,-0.1348152503425083,True,,-0.1348152503425083,True,8,0.0,True
1,-0.13560801143434092,False,,-0.13560801143434092,False,8,0.0,True
2,-0.11789365606117522,False,,-0.11789365606117522,False,8,0.0,True
3,-0.12046005663336637,False,,-0.12046005663336637,False,8,0.0,True
4,-0.12005894275446873,False,,-0.12005894275446873,False,8,0.0,True
5,-0.11647667685805149,False,,-0.11647667685805149,False,8,0.0,True
6,-0.11737868005359406,False,,-0.11737868005359406,False,8,0.0,True
7,-0.12104859531528755,False,,-0.12104859531528755,False,8,0.0,True
8,-0.12044452378128351,False,,-0.12044452378128351,False,8,0.0,True
9,-0.11872053307582663,False,,-0.11872053307582663,False,8,0.0,True
10,-0.11644329419362645,False,,-0.11644329419362645,False,8,0.0,True
11,-0.12143013419200543,False,,-0.12143013419200543,False,8,0.0,True
12,-0.11830234708205797,False,,-0.11830234708205797,False,8,0.0,True
13,-0.1204476128458825,False,,-0.1204476128458825,False,8,0.0,True
14,-0.11783265344004994,False,,-0.11783265344004994,False,8,0.0,True
15,-0.121349959962357,False,,-0.121349959962357,False,8,0.0,True
16,-0.11982939321229233,False,,-0.11982939321229233,False,8,0.0,True
17,-0.11849472563924372,False,,-0.11849472563924372,False,8,0.0,True
18,-0.11863791255786671,False,,-0.11863791255786671,False,8,0.0,True
19,-0.12308703756010989,False,,-0.12308703756010989,False,8,0.0,True
20,-0.12307662545140868,False,,-0.12307662545140868,False,8,0.0,True
21,-0.12136815506762991,False,,-0.12136815506762991,False,8,0.0,True
22,-0.11825775489293758,False,,-0.11825775489293758,False,8,0.0,True
23,-0.1198199807757646,False,,-0.1198199807757646,False,8,0.0,True
24,-0.1183375101994939,False,,-0.1183375101994939,False,8,0.0,True
25,-0.11836706165084725,False,,-0.11836706165084725,False,8,0.0,True
26,-0.11784609543123856,False,,-0.11784609543123856,False,8,0.0,True
27,-0.11895791608399,False,,-0.11895791608399,False,8,0.0,True
28,-0.11682977586047386,False,,-0.11682977586047386,False,8,0.0,True
29,-0.11841691236117569,False,,-0.11841691236117569,False,8,0.0,True
30,-0.11884613483859136,False,,-0.11884613483859136,False,8,0.0,True
31,-0.12271852704434992,False,,-0.12271852704434992,False,8,0.0,True
32,-0.11897193280625379,False,,-0.11897193280625379,False,8,0.0,True
33,-0.11837078164964104,False,,-0.11837078164964104,False,8,0.0,True
34,-0.1241206398694097,False,,-0.1241206398694097,False,8,0.0,True
35,-0.11937930095264576,False,,-0.11937930095264576,False,8,0.0,True
36,-0.11950214173039256,False,,-0.11950214173039256,False,8,0.0,True
37,-0.12238063349487811,False,,-0.12238063349487811,False,8,0.0,True
38,-0.11784542673442291,False,,-0.11784542673442291,False,8,0.0,True
39,-0.11905477294916848,False,,-0.11905477294916848,False,8,0.0,True
40,-0.1182773951915782,False,,-0.1182773951915782,False,8,0.0,True
41,-0.11898642233401713,False,,-0.11898642233401713,False,8,0.0,True
42,-0.1212501333982888,False,,-0.1212501333982888,False,8,0.0,True
43,-0.12042479020497254,False,,-0.12042479020497254,False,8,0.0,True
44,-0.12341510155389736,False,,-0.12341510155389736,False,8,0.0,True
45,-0.12120665131066202,False,,-0.12120665131066202,False,8,0.0,True
46,-0.1226130658032534,False,,-0.1226130658032534,False,8,0.0,True
47,-0.11679650228611556,False,,-0.11679650228611556,False,8,0.0,True
48,-0.11857817787571633,False,,-0.11857817787571633,False,8,0.0,True
49,-0.12134782581984581,False,,-0.12134782581984581,False,8,0.0,True
50,-0.11725688831524092,False,,-0.11725688831524092,False,8,0.0,True
51,-0.11997789061371847,False,,-0.11997789061371847,False,8,0.0,True
52,-0.11895490231592026,False,,-0.11895490231592026,False,8,0.0,True
53,-0.11683738611845168,False,,-0.11683738611845168,False,8,0.0,True
54,-0.11925292846919172,False,,-0.11925292846919172,False,8,0.0,True
55,-0.11820290304277885,False,,-0.11820290304277885,False,8,0.0,True
56,-0.12198478241049349,False,,-0.12198478241049349,False,8,0.0,True
57,-0.12017370648622983,False,,-0.12017370648622983,False,8,0.0,True
58,-0.11805552924450957,False,,-0.11805552924450957,False,8,0.0,True
59,-0.12112357416277736,False,,-0.12112357416277736,False,8,0.0,True
60,-0.11835166345873954,False,,-0.11835166345873954,False,8,0.0,True
61,-0.11992370766997382,False,,-0.11992370766997382,False,8,0.0,True
62,-0.11536113591481317,False,,-0.11536113591481317,False,8,0.0,True
63,-0.1165902312880083,False,,-0.1165902312880083,False,8,0.0,True
0,-0.12076022983719198,True,,-0.12076022983719198,True,9,0.0,True
1,-0.12114270540012848,False,,-0.12114270540012848,False,9,0.0,True
2,-0.09847150654350154,False,,-0.09847150654350154,False,9,0.0,True
3,-0.10251383630574024,False,,-0.10251383630574024,False,9,0.0,True
4,-0.1011939054425878,False,,-0.1011939054425878,False,9,0.0,True
5,-0.10099415344672912,False,,-0.10099415344672912,False,9,0.0,True
6,-0.1036985516132895,False,,-0.1036985516132895,False,9,0.0,True
7,-0.10140482097388331,False,,-0.10140482097388331,False,9,0.0,True
8,-0.10294151472876331,False,,-0.10294151472876331,False,9,0.0,True
9,-0.1042425434858664,False,,-0.1042425434858664,False,9,0.0,True
10,-0.09986801496848521,False,,-0.09986801496848521,False,9,0.0,True
11,-0.10073132687679304,False,,-0.10073132687679304,False,9,0.0,True
12,-0.10208003176339332,False,,-0.10208003176339332,False,9,0.0,True
13,-0.10030930589990525,False,,-0.10030930589990525,False,9,0.0,True
14,-0.10264869144496488,False,,-0.10264869144496488,False,9,0.0,True
15,-0.09964849260006675,False,,-0.09964849260006675,False,9,0.0,True
16,-0.10289017817336668,False,,-0.10289017817336668,False,9,0.0,True
17,-0.09866410246215004,False,,-0.09866410246215004,False,9,0.0,True
18,-0.10251856584308983,False,,-0.10251856584308983,False,9,0.0,True
19,-0.10210639546796116,False,,-0.10210639546796116,False,9,0.0,True
20,-0.10150164820093477,False,,-0.10150164820093477,False,9,0.0,True
21,-0.10762871279121651,False,,-0.10762871279121651,False,9,0.0,True
22,-0.1045464043997493,False,,-0.1045464043997493,False,9,0.0,True
23,-0.09940739704124944,False,,-0.09940739704124944,False,9,0.0,True
24,-0.0999161927601567,False,,-0.0999161927601567,False,9,0.0,True
25,-0.10280522133367115,False,,-0.10280522133367115,False,9,0.0,True
26,-0.10002554149290212,False,,-0.10002554149290212,False,9,0.0,True
27,-0.1017882238043035,False,,-0.1017882238043035,False,9,0.0,True
28,-0.10339005525959186,False,,-0.10339005525959186,False,9,0.0,True
29,-0.10249366426290799,False,,-0.10249366426290799,False,9,0.0,True
30,-0.09951367993886472,False,,-0.09951367993886472,False,9,0.0,True
31,-0.10058077584208819,False,,-0.10058077584208819,False,9,0.0,True
32,-0.09936759471595867,False,,-0.09936759471595867,False,9,0.0,True
33,-0.10317038100958478,False,,-0.10317038100958478,False,9,0.0,True
34,-0.10361526777821985,False,,-0.10361526777821985,False,9,0.0,True
35,-0.09925968709536075,False,,-0.09925968709536075,False,9,0.0,True
36,-0.10042049144358253,False,,-0.10042049144358253,False,9,0.0,True
37,-0.10028777153348176,False,,-0.10028777153348176,False,9,0.0,True
38,-0.10071258154161603,False,,-0.10071258154161603,False,9,0.0,True
39,-0.10097715392959145,False,,-0.10097715392959145,False,9,0.0,True
40,-0.1022469521973838,False,,-0.1022469521973838,False,9,0.0,True
41,-0.10127698333783614,False,,-0.10127698333783614,False,9,0.0,True
42,-0.10438174202655148,False,,-0.10438174202655148,False,9,0.0,True
43,-0.10122496096414574,False,,-0.10122496096414574,False,9,0.0,True
44,-0.1016843410927049,False,,-0.1016843410927049,False,9,0.0,True
45,-0.09930427823688386,False,,-0.09930427823688386,False,9,0.0,True
46,-0.10099243924290932,False,,-0.10099243924290932,False,9,0.0,True
47,-0.10273427706141634,False,,-0.10273427706141634,False,9,0.0,True
48,-0.10355037757733744,False,,-0.10355037757733744,False,9,0.0,True
49,-0.0996179046524913,False,,-0.0996179046524913,False,9,0.0,True
50,-0.10742142161676685,False,,-0.10742142161676685,False,9,0.0,True
51,-0.10301907967646133,False,,-0.10301907967646133,False,9,0.0,True
52,-0.10294182535251412,False,,-0.10294182535251412,False,9,0.0,True
53,-0.1007346501315529,False,,-0.1007346501315529,False,9,0.0,True
54,-0.1029466642446139,False,,-0.1029466642446139,False,9,0.0,True
55,-0.10033932771035814,False,,-0.10033932771035814,False,9,0.0,True
56,-0.10310343794254809,False,,-0.10310343794254809,False,9,0.0,True
57,-0.09948494786471497,False,,-0.09948494786471497,False,9,0.0,True
58,-0.10338121671230792,False,,-0.10338121671230792,False,9,0.0,True
59,-0.09929637810462316,False,,-0.09929637810462316,False,9,0.0,True
60,-0.10336840832765186,False,,-0.10336840832765186,False,9,0.0,True
61,-0.10016809030251994,False,,-0.10016809030251994,False,9,0.0,True
62,-0.10401146633449908,False,,-0.10401146633449908,False,9,0.0,True
63,-0.10173892003343278,False,,-0.10173892003343278,False,9,0.0,True
0,-0.10548225978172276,True,,-0.10548225978172276,True,10,0.0,True
1,-0.10886463597659866,False,,-0.10886463597659866,False,10,0.0,True
2,-0.09049554801455892,False,,-0.09049554801455892,False,10,0.0,True
3,-0.08980943771302016,False,,-0.08980943771302016,False,10,0.0,True
4,-0.09355773540352938,False,,-0.09355773540352938,False,10,0.0,True
5,-0.09277418369696172,False,,-0.09277418369696172,False,10,0.0,True
6,-0.09100221138155032,False,,-0.09100221138155032,False,10,0.0,True
7,-0.09084588282986433,False,,-0.09084588282986433,False,10,0.0,True
8,-0.09106717437281223,False,,-0.09106717437281223,False,10,0.0,True
9,-0.09071725139852813,False,,-0.09071725139852813,False,10,0.0,True
10,-0.09063545591483524,False,,-0.09063545591483524,False,10,0.0,True
11,-0.09066237870077766,False,,-0.09066237870077766,False,10,0.0,True
12,-0.08997873289950672,False,,-0.08997873289950672,False,10,0.0,True
13,-0.09661122688819558,False,,-0.09661122688819558,False,10,0.0,True
14,-0.09018475586991612,False,,-0.09018475586991612,False,10,0.0,True
15,-0.08892422133167235,False,,-0.08892422133167235,False,10,0.0,True
16,-0.09073012606253505,False,,-0.09073012606253505,False,10,0.0,True
17,-0.0862502257696441,False,,-0.0862502257696441,False,10,0.0,True
18,-0.08789874828752589,False,,-0.08789874828752589,False,10,0.0,True
19,-0.08904120868110466,False,,-0.08904120868110466,False,10,0.0,True
20,-0.08971587447094323,False,,-0.08971587447094323,False,10,0.0,True
21,-0.09014235697802389,False,,-0.09014235697802389,False,10,0.0,True
22,-0.09301619049872684,False,,-0.09301619049872684,False,10,0.0,True
23,-0.09023174596399115,False,,-0.09023174596399115,False,10,0.0,True
24,-0.0893198245907606,False,,-0.0893198245907606,False,10,0.0,True
25,-0.0899064966412304,False,,-0.0899064966412304,False,10,0.0,True
26,-0.08851929076935384,False,,-0.08851929076935384,False,10,0.0,True
27,-0.08977557943917201,False,,-0.08977557943917201,False,10,0.0,True
28,-0.08780897542915765,False,,-0.08780897542915765,False,10,0.0,True
29,-0.0885243439541025,False,,-0.0885243439541025,False,10,0.0,True
30,-0.08770807490295125,False,,-0.08770807490295125,False,10,0.0,True
31,-0.09528849147622706,False,,-0.09528849147622706,False,10,0.0,True
32,-0.08734568022499559,False,,-0.08734568022499559,False,10,0.0,True
33,-0.08585700871170301,False,,-0.08585700871170301,False,10,0.0,True
34,-0.087108756082643,False,,-0.087108756082643,False,10,0.0,True
35,-0.09529178249359108,False,,-0.09529178249359108,False,10,0.0,True
36,-0.09164790531899027,False,,-0.09164790531899027,False,10,0.0,True
37,-0.090583317911293,False,,-0.090583317911293,False,10,0.0,True
38,-0.09242209886559663,False,,-0.09242209886559663,False,10,0.0,True
39,-0.0879421398808903,False,,-0.0879421398808903,False,10,0.0,True
40,-0.08961489211261871,False,,-0.08961489211261871,False,10,0.0,True
41,-0.08718555318600366,False,,-0.08718555318600366,False,10,0.0,True
42,-0.09434302905647103,False,,-0.09434302905647103,False,10,0.0,True
43,-0.09044391371010803,False,,-0.09044391371010803,False,10,0.0,True
44,-0.09201864620007609,False,,-0.09201864620007609,False,10,0.0,True
45,-0.08713434103560944,False,,-0.08713434103560944,False,10,0.0,True
46,-0.09062848485656325,False,,-0.09062848485656325,False,10,0.0,True
47,-0.09276523589727592,False,,-0.09276523589727592,False,10,0.0,True
48,-0.09372888868415784,False,,-0.09372888868415784,False,10,0.0,True
49,-0.08928295749667398,False,,-0.08928295749667398,False,10,0.0,True
50,-0.09315444066941539,False,,-0.09315444066941539,False,10,0.0,True
51,-0.09185800868044187,False,,-0.09185800868044187,False,10,0.0,True
52,-0.0918019807265358,False,,-0.0918019807265358,False,10,0.0,True
53,-0.0916713829450689,False,,-0.0916713829450689,False,10,0.0,True
54,-0.08673236705684984,False,,-0.08673236705684984,False,10,0.0,True
55,-0.0961863727115047,False,,-0.0961863727115047,False,10,0.0,True
56,-0.08825276467332899,False,,-0.08825276467332899,False,10,0.0,True
57,-0.09348830165612801,False,,-0.09348830165612801,False,10,0.0,True
58,-0.08949336411880912,False,,-0.08949336411880912,False,10,0.0,True
59,-0.09257306499008783,False,,-0.09257306499008783,False,10,0.0,True
60,-0.08933083411527368,False,,-0.08933083411527368,False,10,0.0,True
61,-0.09088009955569211,False,,-0.09088009955569211,False,10,0.0,True
62,-0.08920869496553999,False,,-0.08920869496553999,False,10,0.0,True
63,-0.08953018387959968,False,,-0.08953018387959968,False,10,0.0,True
0,-0.10175078220347325,True,,-0.10175078220347325,True,11,0.0,True
1,-0.10226099376477801,False,,-0.10226099376477801,False,11,0.0,True
2,-0.08880210866002705,False,,-0.08880210866002705,False,11,0.0,True
3,-0.08893457961930068,False,,-0.08893457961930068,False,11,0.0,True
4,-0.08562798914238394,False,,-0.08562798914238394,False,11,0.0,True
5,-0.08466361634604726,False,,-0.08466361634604726,False,11,0.0,True
6,-0.08422218116475431,False,,-0.08422218116475431,False,11,0.0,True
7,-0.08859808660207288,False,,-0.08859808660207288,False,11,0.0,True
8,-0.09094917486580166,False,,-0.09094917486580166,False,11,0.0,True
9,-0.08719024859746291,False,,-0.08719024859746291,False,11,0.0,True
10,-0.08812163602349035,False,,-0.08812163602349035,False,11,0.0,True
11,-0.08565835860628956,False,,-0.08565835860628956,False,11,0.0,True
12,-0.0886144359923953,False,,-0.0886144359923953,False,11,0.0,True
13,-0.08826410032939908,False,,-0.08826410032939908,False,11,0.0,True
14,-0.088079066460864,False,,-0.088079066460864,False,11,0.0,True
15,-0.08620250490140591,False,,-0.08620250490140591,False,11,0.0,True
16,-0.08923978730538881,False,,-0.08923978730538881,False,11,0.0,True
17,-0.0899435366945941,False,,-0.0899435366945941,False,11,0.0,True
18,-0.09117925883812775,False,,-0.09117925883812775,False,11,0.0,True
19,-0.09219357800247124,False,,-0.09219357800247124,False,11,0.0,True
20,-0.08969071597296302,False,,-0.08969071597296302,False,11,0.0,True
21,-0.08527244159828906,False,,-0.08527244159828906,False,11,0.0,True
22,-0.0900525455172093,False,,-0.0900525455172093,False,11,0.0,True
23,-0.08629576850201093,False,,-0.08629576850201093,False,11,0.0,True
24,-0.08878340006700053,False,,-0.08878340006700053,False,11,0.0,True
25,-0.08781695207079816,False,,-0.08781695207079816,False,11,0.0,True
26,-0.08927093567657166,False,,-0.08927093567657166,False,11,0.0,True
27,-0.091934950885633,False,,-0.091934950885633,False,11,0.0,True
28,-0.08602203858262923,False,,-0.08602203858262923,False,11,0.0,True
29,-0.09349079234564195,False,,-0.09349079234564195,False,11,0.0,True
30,-0.0900334020918983,False,,-0.0900334020918983,False,11,0.0,True
31,-0.08893151303688479,False,,-0.08893151303688479,False,11,0.0,True
32,-0.0891526953213729,False,,-0.0891526953213729,False,11,0.0,True
33,-0.09033120513674767,False,,-0.09033120513674767,False,11,0.0,True
34,-0.0879938037889743,False,,-0.0879938037889743,False,11,0.0,True
35,-0.09149664945174671,False,,-0.09149664945174671,False,11,0.0,True
36,-0.08507803497906387,False,,-0.08507803497906387,False,11,0.0,True
37,-0.09196431419623398,False,,-0.09196431419623398,False,11,0.0,True
38,-0.08877183919129791,False,,-0.08877183919129791,False,11,0.0,True
39,-0.08628381645032551,False,,-0.08628381645032551,False,11,0.0,True
40,-0.09319512392573952,False,,-0.09319512392573952,False,11,0.0,True
41,-0.09481086103580003,False,,-0.09481086103580003,False,11,0.0,True
42,-0.08542254087133813,False,,-0.08542254087133813,False,11,0.0,True
43,-0.08954536230321972,False,,-0.08954536230321972,False,11,0.0,True
44,-0.08817041698176105,False,,-0.08817041698176105,False,11,0.0,True
45,-0.08647285701389493,False,,-0.08647285701389493,False,11,0.0,True
46,-0.09318347586039522,False,,-0.09318347586039522,False,11,0.0,True
47,-0.08751647348640723,False,,-0.08751647348640723,False,11,0.0,True
48,-0.08600168745514222,False,,-0.08600168745514222,False,11,0.0,True
49,-0.08646942907978276,False,,-0.08646942907978276,False,11,0.0,True
50,-0.08876307515883139,False,,-0.08876307515883139,False,11,0.0,True
51,-0.09115006756586402,False,,-0.09115006756586402,False,11,0.0,True
52,-0.08754698629822835,False,,-0.08754698629822835,False,11,0.0,True
53,-0.08764353300254983,False,,-0.08764353300254983,False,11,0.0,True
54,-0.08790759270664661,False,,-0.08790759270664661,False,11,0.0,True
55,-0.08885567347456763,False,,-0.08885567347456763,False,11,0.0,True
56,-0.0849901796724106,False,,-0.0849901796724106,False,11,0.0,True
57,-0.08767389372007242,False,,-0.08767389372007242,False,11,0.0,True
58,-0.08761484129193917,False,,-0.08761484129193917,False,11,0.0,True
59,-0.08870410172695786,False,,-0.08870410172695786,False,11,0.0,True
60,-0.08912277675758944,False,,-0.08912277675758944,False,11,0.0,True
61,-0.08725041215379982,False,,-0.08725041215379982,False,11,0.0,True
62,-0.08739678675748037,False,,-0.08739678675748037,False,11,0.0,True
63,-0.08701744558042726,False,,-0.08701744558042726,False,11,0.0,True
0,-0.10002716204579813,True,,-0.10002716204579813,True,12,0.0,True
1,-0.09942926985714445,False,,-0.09942926985714445,False,12,0.0,True
2,-0.08106206345273792,False,,-0.08106206345273792,False,12,0.0,True
3,-0.0810968697370741,False,,-0.0810968697370741,False,12,0.0,True
4,-0.08743170092640243,False,,-0.08743170092640243,False,12,0.0,True
5,-0.08409568990624144,False,,-0.08409568990624144,False,12,0.0,True
6,-0.08262944365506895,False,,-0.08262944365506895,False,12,0.0,True
7,-0.08376472247762126,False,,-0.08376472247762126,False,12,0.0,True
8,-0.08151725790453514,False,,-0.08151725790453514,False,12,0.0,True
9,-0.0788008220171375,False,,-0.0788008220171375,False,12,0.0,True
10,-0.08088318426247727,False,,-0.08088318426247727,False,12,0.0,True
11,-0.08483117597725248,False,,-0.08483117597725248,False,12,0.0,True
12,-0.08367902248507553,False,,-0.08367902248507553,False,12,0.0,True
13,-0.08690423564787592,False,,-0.08690423564787592,False,12,0.0,True
14,-0.08386852109930895,False,,-0.08386852109930895,False,12,0.0,True
15,-0.08263115382172695,False,,-0.08263115382172695,False,12,0.0,True
16,-0.08471254088696241,False,,-0.08471254088696241,False,12,0.0,True
17,-0.08337838295305164,False,,-0.08337838295305164,False,12,0.0,True
18,-0.08486267067039568,False,,-0.08486267067039568,False,12,0.0,True
19,-0.07881456796101301,False,,-0.07881456796101301,False,12,0.0,True
20,-0.09051859719951921,False,,-0.09051859719951921,False,12,0.0,True
21,-0.08302406693989403,False,,-0.08302406693989403,False,12,0.0,True
22,-0.08212207216622786,False,,-0.08212207216622786,False,12,0.0,True
23,-0.08606866861874951,False,,-0.08606866861874951,False,12,0.0,True
24,-0.08024093534432754,False,,-0.08024093534432754,False,12,0.0,True
25,-0.07927116709552277,False,,-0.07927116709552277,False,12,0.0,True
26,-0.08292822854610604,False,,-0.08292822854610604,False,12,0.0,True
27,-0.08366338150458931,False,,-0.08366338150458931,False,12,0.0,True
28,-0.08755504094562525,False,,-0.08755504094562525,False,12,0.0,True
29,-0.08018102261966241,False,,-0.08018102261966241,False,12,0.0,True
30,-0.08236406234252835,False,,-0.08236406234252835,False,12,0.0,True
31,-0.0811844272597782,False,,-0.0811844272597782,False,12,0.0,True
32,-0.0803400936712478,False,,-0.0803400936712478,False,12,0.0,True
33,-0.08062578986495794,False,,-0.08062578986495794,False,12,0.0,True
34,-0.08540628830924427,False,,-0.08540628830924427,False,12,0.0,True
35,-0.08283898505517856,False,,-0.08283898505517856,False,12,0.0,True
36,-0.08292571763729706,False,,-0.08292571763729706,False,12,0.0,True
37,-0.08713707154401454,False,,-0.08713707154401454,False,12,0.0,True
38,-0.08629787591311834,False,,-0.08629787591311834,False,12,0.0,True
39,-0.08528372167178114,False,,-0.08528372167178114,False,12,0.0,True
40,-0.08181555966842194,False,,-0.08181555966842194,False,12,0.0,True
41,-0.08151386942525388,False,,-0.08151386942525388,False,12,0.0,True
42,-0.08612903470884602,False,,-0.08612903470884602,False,12,0.0,True
43,-0.08083261233552433,False,,-0.08083261233552433,False,12,0.0,True
44,-0.08626116222992365,False,,-0.08626116222992365,False,12,0.0,True
45,-0.0846245357083736,False,,-0.0846245357083736,False,12,0.0,True
46,-0.08575868091068704,False,,-0.08575868091068704,False,12,0.0,True
47,-0.08626102444366054,False,,-0.08626102444366054,False,12,0.0,True
48,-0.07906847414627816,False,,-0.07906847414627816,False,12,0.0,True
49,-0.08188964292769163,False,,-0.08188964292769163,False,12,0.0,True
50,-0.07979689659534143,False,,-0.07979689659534143,False,12,0.0,True
51,-0.08195850737321256,False,,-0.08195850737321256,False,12,0.0,True
52,-0.08146179946889397,False,,-0.08146179946889397,False,12,0.0,True
53,-0.0817734315977174,False,,-0.0817734315977174,False,12,0.0,True
54,-0.08314627495056225,False,,-0.08314627495056225,False,12,0.0,True
55,-0.08347373164605992,False,,-0.08347373164605992,False,12,0.0,True
56,-0.0881593777303478,False,,-0.0881593777303478,False,12,0.0,True
57,-0.08186369741711944,False,,-0.08186369741711944,False,12,0.0,True
58,-0.08986245096180809,False,,-0.08986245096180809,False,12,0.0,True
59,-0.08027547160480192,False,,-0.08027547160480192,False,12,0.0,True
60,-0.08076068337859986,False,,-0.08076068337859986,False,12,0.0,True
61,-0.08164928670323324,False,,-0.08164928670323324,False,12,0.0,True
62,-0.08589043066399907,False,,-0.08589043066399907,False,12,0.0,True
63,-0.08337646784127124,False,,-0.08337646784127124,False,12,0.0,True
0,-0.07992002916616378,True,,-0.07992002916616378,True,13,0.0,True
1,-0.08089987710776189,False,,-0.08089987710776189,False,13,0.0,True
2,-0.06320964424075037,False,,-0.06320964424075037,False,13,0.0,True
3,-0.06366274269357923,False,,-0.06366274269357923,False,13,0.0,True
4,-0.0618712579699544,False,,-0.0618712579699544,False,13,0.0,True
5,-0.0643417969117098,False,,-0.0643417969117098,False,13,0.0,True
6,-0.0618210221012241,False,,-0.0618210221012241,False,13,0.0,True
7,-0.05765146491128992,False,,-0.05765146491128992,False,13,0.0,True
8,-0.0580633676210537,False,,-0.0580633676210537,False,13,0.0,True
9,-0.05739789767077739,False,,-0.05739789767077739,False,13,0.0,True
10,-0.05765113306526682,False,,-0.05765113306526682,False,13,0.0,True
11,-0.06315498163850361,False,,-0.06315498163850361,False,13,0.0,True
12,-0.05971432629013958,False,,-0.05971432629013958,False,13,0.0,True
13,-0.06827577226622968,False,,-0.06827577226622968,False,13,0.0,True
14,-0.06514174268832443,False,,-0.06514174268832443,False,13,0.0,True
15,-0.06651731128446549,False,,-0.06651731128446549,False,13,0.0,True
16,-0.0651036557549277,False,,-0.0651036557549277,False,13,0.0,True
17,-0.061892289037299555,False,,-0.061892289037299555,False,13,0.0,True
18,-0.06374493734208993,False,,-0.06374493734208993,False,13,0.0,True
19,-0.0667147709743885,False,,-0.0667147709743885,False,13,0.0,True
20,-0.05857065476001623,False,,-0.05857065476001623,False,13,0.0,True
21,-0.060442108413319,False,,-0.060442108413319,False,13,0.0,True
22,-0.06580917279786651,False,,-0.06580917279786651,False,13,0.0,True
23,-0.06543912205313662,False,,-0.06543912205313662,False,13,0.0,True
24,-0.06523868068663924,False,,-0.06523868068663924,False,13,0.0,True
25,-0.05679284863036803,False,,-0.05679284863036803,False,13,0.0,True
26,-0.061575482628574,False,,-0.061575482628574,False,13,0.0,True
27,-0.06051366389526287,False,,-0.06051366389526287,False,13,0.0,True
28,-0.06282369656507952,False,,-0.06282369656507952,False,13,0.0,True
29,-0.06463066359206435,False,,-0.06463066359206435,False,13,0.0,True
30,-0.06082491768000951,False,,-0.06082491768000951,False,13,0.0,True
31,-0.05786792120935992,False,,-0.05786792120935992,False,13,0.0,True
32,-0.05946940880063862,False,,-0.05946940880063862,False,13,0.0,True
33,-0.06148520024980838,False,,-0.06148520024980838,False,13,0.0,True
34,-0.0629360072764546,False,,-0.0629360072764546,False,13,0.0,True
35,-0.06105289908612729,False,,-0.06105289908612729,False,13,0.0,True
36,-0.059295794569829,False,,-0.059295794569829,False,13,0.0,True
37,-0.0600502344843748,False,,-0.0600502344843748,False,13,0.0,True
38,-0.05678014176641138,False,,-0.05678014176641138,False,13,0.0,True
39,-0.05889272562142382,False,,-0.05889272562142382,False,13,0.0,True
40,-0.06139853496401127,False,,-0.06139853496401127,False,13,0.0,True
41,-0.06103136170299482,False,,-0.06103136170299482,False,13,0.0,True
42,-0.0541204108883091,False,,-0.0541204108883091,False,13,0.0,True
43,-0.05625235458130552,False,,-0.05625235458130552,False,13,0.0,True
44,-0.0612726151869904,False,,-0.0612726151869904,False,13,0.0,True
45,-0.06576111491256051,False,,-0.06576111491256051,False,13,0.0,True
46,-0.05924967518472021,False,,-0.05924967518472021,False,13,0.0,True
47,-0.06426609224244934,False,,-0.06426609224244934,False,13,0.0,True
48,-0.06003279561061139,False,,-0.06003279561061139,False,13,0.0,True
49,-0.06048089874636901,False,,-0.06048089874636901,False,13,0.0,True
50,-0.0609840752085469,False,,-0.0609840752085469,False,13,0.0,True
51,-0.059167383257621525,False,,-0.059167383257621525,False,13,0.0,True
52,-0.05823380122317376,False,,-0.05823380122317376,False,13,0.0,True
53,-0.057930134221008595,False,,-0.057930134221008595,False,13,0.0,True
54,-0.058638853192018114,False,,-0.058638853192018114,False,13,0.0,True
55,-0.06020580585064719,False,,-0.06020580585064719,False,13,0.0,True
56,-0.06135550829527757,False,,-0.06135550829527757,False,13,0.0,True
57,-0.05862094020220077,False,,-0.05862094020220077,False,13,0.0,True
58,-0.0602246979595302,False,,-0.0602246979595302,False,13,0.0,True
59,-0.06195372996867159,False,,-0.06195372996867159,False,13,0.0,True
60,-0.059776149668735144,False,,-0.059776149668735144,False,13,0.0,True
61,-0.06679320705616668,False,,-0.06679320705616668,False,13,0.0,True
62,-0.06495483226670284,False,,-0.06495483226670284,False,13,0.0,True
63,-0.06283990144747736,False,,-0.06283990144747736,False,13,0.0,True
0,-0.09484954789518797,True,,-0.09484954789518797,True,14,0.0,True
1,-0.09199856377860975,False,,-0.09199856377860975,False,14,0.0,True
2,-0.07515151194146868,False,,-0.07515151194146868,False,14,0.0,True
3,-0.061582955911895984,False,,-0.061582955911895984,False,14,0.0,True
4,-0.07308522893043537,False,,-0.07308522893043537,False,14,0.0,True
5,-0.07016924182319706,False,,-0.07016924182319706,False,14,0.0,True
6,-0.07231133992306693,False,,-0.07231133992306693,False,14,0.0,True
7,-0.07648463350186199,False,,-0.07648463350186199,False,14,0.0,True
8,-0.07254294579344649,False,,-0.07254294579344649,False,14,0.0,True
9,-0.0666789223445624,False,,-0.0666789223445624,False,14,0.0,True
10,-0.0786375207781751,False,,-0.0786375207781751,False,14,0.0,True
11,-0.07282352702212644,False,,-0.07282352702212644,False,14,0.0,True
12,-0.06628632400198835,False,,-0.06628632400198835,False,14,0.0,True
13,-0.07683851122071851,False,,-0.07683851122071851,False,14,0.0,True
14,-0.07150606523702382,False,,-0.07150606523702382,False,14,0.0,True
15,-0.07036245682215908,False,,-0.07036245682215908,False,14,0.0,True
16,-0.06789185178342627,False,,-0.06789185178342627,False,14,0.0,True
17,-0.07459256402572878,False,,-0.07459256402572878,False,14,0.0,True
18,-0.07012683936776096,False,,-0.07012683936776096,False,14,0.0,True
19,-0.06803294065204019,False,,-0.06803294065204019,False,14,0.0,True
20,-0.0739281371755213,False,,-0.0739281371755213,False,14,0.0,True
21,-0.0703295306584169,False,,-0.0703295306584169,False,14,0.0,True
22,-0.06609437853849671,False,,-0.06609437853849671,False,14,0.0,True
23,-0.0791028515366408,False,,-0.0791028515366408,False,14,0.0,True
24,-0.06993005880642014,False,,-0.06993005880642014,False,14,0.0,True
25,-0.07435555693793987,False,,-0.07435555693793987,False,14,0.0,True
26,-0.06703307680546092,False,,-0.06703307680546092,False,14,0.0,True
27,-0.08119408072730738,False,,-0.08119408072730738,False,14,0.0,True
28,-0.06837265292604211,False,,-0.06837265292604211,False,14,0.0,True
29,-0.06939490882004469,False,,-0.06939490882004469,False,14,0.0,True
30,-0.07999207685681792,False,,-0.07999207685681792,False,14,0.0,True
31,-0.06907091993463531,False,,-0.06907091993463531,False,14,0.0,True
32,-0.0823678796586067,False,,-0.0823678796586067,False,14,0.0,True
33,-0.07309561578061899,False,,-0.07309561578061899,False,14,0.0,True
34,-0.08005386302137238,False,,-0.08005386302137238,False,14,0.0,True
35,-0.069725563023848,False,,-0.069725563023848,False,14,0.0,True
36,-0.07539635981921756,False,,-0.07539635981921756,False,14,0.0,True
37,-0.075008673670756,False,,-0.075008673670756,False,14,0.0,True
38,-0.07377470163687361,False,,-0.07377470163687361,False,14,0.0,True
39,-0.0661144284459416,False,,-0.0661144284459416,False,14,0.0,True
40,-0.0653314990305997,False,,-0.0653314990305997,False,14,0.0,True
41,-0.06287882235773025,False,,-0.06287882235773025,False,14,0.0,True
42,-0.0721622157260963,False,,-0.0721622157260963,False,14,0.0,True
43,-0.06835517398142332,False,,-0.06835517398142332,False,14,0.0,True
44,-0.06809808585203414,False,,-0.06809808585203414,False,14,0.0,True
45,-0.0764657416522681,False,,-0.0764657416522681,False,14,0.0,True
46,-0.07397634739214748,False,,-0.07397634739214748,False,14,0.0,True
47,-0.06880459827083199,False,,-0.06880459827083199,False,14,0.0,True
48,-0.06393015165564297,False,,-0.06393015165564297,False,14,0.0,True
49,-0.07487964489391763,False,,-0.07487964489391763,False,14,0.0,True
50,-0.07279256560146602,False,,-0.07279256560146602,False,14,0.0,True
51,-0.07431771476771402,False,,-0.07431771476771402,False,14,0.0,True
52,-0.0639025967742462,False,,-0.0639025967742462,False,14,0.0,True
53,-0.0746217614905893,False,,-0.0746217614905893,False,14,0.0,True
54,-0.07760206738347677,False,,-0.07760206738347677,False,14,0.0,True
55,-0.07100045846017936,False,,-0.07100045846017936,False,14,0.0,True
56,-0.07280680592385153,False,,-0.07280680592385153,False,14,0.0,True
57,-0.06722800901336605,False,,-0.06722800901336605,False,14,0.0,True
58,-0.06681583387491037,False,,-0.06681583387491037,False,14,0.0,True
59,-0.07058422333401332,False,,-0.07058422333401332,False,14,0.0,True
60,-0.07128701033666203,False,,-0.07128701033666203,False,14,0.0,True
61,-0.07085715950828633,False,,-0.07085715950828633,False,14,0.0,True
62,-0.0759985507946465,False,,-0.0759985507946465,False,14,0.0,True
63,-0.06861792354858652,False,,-0.06861792354858652,False,14,0.0,True
0,-0.10608613260880098,True,,-0.10608613260880098,True,15,0.0,True
1,-0.11175039015036099,False,,-0.11175039015036099,False,15,0.0,True
2,-0.06857066792823191,False,,-0.06857066792823191,False,15,0.0,True
3,-0.07606444225131206,False,,-0.07606444225131206,False,15,0.0,True
4,-0.0806787036690095,False,,-0.0806787036690095,False,15,0.0,True
5,-0.06361647912506561,False,,-0.06361647912506561,False,15,0.0,True
6,-0.061264275650408734,False,,-0.061264275650408734,False,15,0.0,True
7,-0.057707818997371776,False,,-0.057707818997371776,False,15,0.0,True
8,-0.05995643355730978,False,,-0.05995643355730978,False,15,0.0,True
9,-0.05987136211944813,False,,-0.05987136211944813,False,15,0.0,True
10,-0.0658731994239423,False,,-0.0658731994239423,False,15,0.0,True
11,-0.07301525991100954,False,,-0.07301525991100954,False,15,0.0,True
12,-0.06562829470459494,False,,-0.06562829470459494,False,15,0.0,True
13,-0.0713290031254802,False,,-0.0713290031254802,False,15,0.0,True
14,-0.06118072604092713,False,,-0.06118072604092713,False,15,0.0,True
15,-0.06238336836195367,False,,-0.06238336836195367,False,15,0.0,True
16,-0.06735472915937882,False,,-0.06735472915937882,False,15,0.0,True
17,-0.06882652672003621,False,,-0.06882652672003621,False,15,0.0,True
18,-0.06173246226975277,False,,-0.06173246226975277,False,15,0.0,True
19,-0.09101949533552553,False,,-0.09101949533552553,False,15,0.0,True
20,-0.07471969996915012,False,,-0.07471969996915012,False,15,0.0,True
21,-0.05671449568956308,False,,-0.05671449568956308,False,15,0.0,True
22,-0.06684072797728538,False,,-0.06684072797728538,False,15,0.0,True
23,-0.0554414662730765,False,,-0.0554414662730765,False,15,0.0,True
24,-0.06299230602661386,False,,-0.06299230602661386,False,15,0.0,True
25,-0.07076298410025403,False,,-0.07076298410025403,False,15,0.0,True
26,-0.06385206513269674,False,,-0.06385206513269674,False,15,0.0,True
27,-0.07002237164710778,False,,-0.07002237164710778,False,15,0.0,True
28,-0.05241072475609392,False,,-0.05241072475609392,False,15,0.0,True
29,-0.06793331530453911,False,,-0.06793331530453911,False,15,0.0,True
30,-0.06210228164057358,False,,-0.06210228164057358,False,15,0.0,True
31,-0.06976475332774917,False,,-0.06976475332774917,False,15,0.0,True
32,-0.06271546097341463,False,,-0.06271546097341463,False,15,0.0,True
33,-0.05645613679662331,False,,-0.05645613679662331,False,15,0.0,True
34,-0.06886982223749603,False,,-0.06886982223749603,False,15,0.0,True
35,-0.06927512443169943,False,,-0.06927512443169943,False,15,0.0,True
36,-0.06323563462058066,False,,-0.06323563462058066,False,15,0.0,True
37,-0.06267362236569951,False,,-0.06267362236569951,False,15,0.0,True
38,-0.07042367477923116,False,,-0.07042367477923116,False,15,0.0,True
39,-0.05277997815057044,False,,-0.05277997815057044,False,15,0.0,True
40,-0.0684185568802976,False,,-0.0684185568802976,False,15,0.0,True
41,-0.06834099937223277,False,,-0.06834099937223277,False,15,0.0,True
42,-0.05798087934686125,False,,-0.05798087934686125,False,15,0.0,True
43,-0.0663589727327748,False,,-0.0663589727327748,False,15,0.0,True
44,-0.07661267187434179,False,,-0.07661267187434179,False,15,0.0,True
45,-0.06147758010117446,False,,-0.06147758010117446,False,15,0.0,True
46,-0.06901565454470365,False,,-0.06901565454470365,False,15,0.0,True
47,-0.07519786503847187,False,,-0.07519786503847187,False,15,0.0,True
48,-0.06261459770186835,False,,-0.06261459770186835,False,15,0.0,True
49,-0.06219848896529212,False,,-0.06219848896529212,False,15,0.0,True
50,-0.06686947729435645,False,,-0.06686947729435645,False,15,0.0,True
51,-0.059952917269909714,False,,-0.059952917269909714,False,15,0.0,True
52,-0.07634465786595471,False,,-0.07634465786595471,False,15,0.0,True
53,-0.06650224910118466,False,,-0.06650224910118466,False,15,0.0,True
54,-0.06223841629662545,False,,-0.06223841629662545,False,15,0.0,True
55,-0.0714526548296289,False,,-0.0714526548296289,False,15,0.0,True
56,-0.06200910469786733,False,,-0.06200910469786733,False,15,0.0,True
57,-0.05974734189143223,False,,-0.05974734189143223,False,15,0.0,True
58,-0.06329720707231931,False,,-0.06329720707231931,False,15,0.0,True
59,-0.05561114839515054,False,,-0.05561114839515054,False,15,0.0,True
60,-0.05903288380358075,False,,-0.05903288380358075,False,15,0.0,True
61,-0.0560402819121156,False,,-0.0560402819121156,False,15,0.0,True
62,-0.055770386777461545,False,,-0.055770386777461545,False,15,0.0,True
63,-0.06837302453833996,False,,-0.06837302453833996,False,15,0.0,True
0,-0.12521597158785336,True,,-0.12521597158785336,True,16,0.0,True
1,-0.11610531066283154,False,,-0.11610531066283154,False,16,0.0,True
2,-0.08104673718955768,False,,-0.08104673718955768,False,16,0.0,True
3,-0.09850514559884299,False,,-0.09850514559884299,False,16,0.0,True
4,-0.08868890634465934,False,,-0.08868890634465934,False,16,0.0,True
5,-0.07893023790726644,False,,-0.07893023790726644,False,16,0.0,True
6,-0.08771637429883267,False,,-0.08771637429883267,False,16,0.0,True
7,-0.09026689852566705,False,,-0.09026689852566705,False,16,0.0,True
8,-0.0766934025421512,False,,-0.0766934025421512,False,16,0.0,True
9,-0.07696103723491503,False,,-0.07696103723491503,False,16,0.0,True
10,-0.07297905667596497,False,,-0.07297905667596497,False,16,0.0,True
11,-0.08929471144074407,False,,-0.08929471144074407,False,16,0.0,True
12,-0.08923713590769956,False,,-0.08923713590769956,False,16,0.0,True
13,-0.09267731301407452,False,,-0.09267731301407452,False,16,0.0,True
14,-0.0733640603369127,False,,-0.0733640603369127,False,16,0.0,True
15,-0.08408026883680561,False,,-0.08408026883680561,False,16,0.0,True
16,-0.07762234618954869,False,,-0.07762234618954869,False,16,0.0,True
17,-0.07193094780563218,False,,-0.07193094780563218,False,16,0.0,True
18,-0.09742136300442378,False,,-0.09742136300442378,False,16,0.0,True
19,-0.07326984990065602,False,,-0.07326984990065602,False,16,0.0,True
20,-0.08326724082203044,False,,-0.08326724082203044,False,16,0.0,True
21,-0.0870466115346154,False,,-0.0870466115346154,False,16,0.0,True
22,-0.10001330980092454,False,,-0.10001330980092454,False,16,0.0,True
23,-0.08404564330656848,False,,-0.08404564330656848,False,16,0.0,True
24,-0.08179122560925461,False,,-0.08179122560925461,False,16,0.0,True
25,-0.0810743717520877,False,,-0.0810743717520877,False,16,0.0,True
26,-0.07635016921909446,False,,-0.07635016921909446,False,16,0.0,True
27,-0.07819730923924273,False,,-0.07819730923924273,False,16,0.0,True
28,-0.08676343916726309,False,,-0.08676343916726309,False,16,0.0,True
29,-0.08205760012041752,False,,-0.08205760012041752,False,16,0.0,True
30,-0.0734897704455065,False,,-0.0734897704455065,False,16,0.0,True
31,-0.08397642689237267,False,,-0.08397642689237267,False,16,0.0,True
32,-0.08392335449748772,False,,-0.08392335449748772,False,16,0.0,True
33,-0.08351551091301082,False,,-0.08351551091301082,False,16,0.0,True
34,-0.08588479481901115,False,,-0.08588479481901115,False,16,0.0,True
35,-0.09440502032273851,False,,-0.09440502032273851,False,16,0.0,True
36,-0.09288783263279796,False,,-0.09288783263279796,False,16,0.0,True
37,-0.08867933054166363,False,,-0.08867933054166363,False,16,0.0,True
38,-0.07535135383432022,False,,-0.07535135383432022,False,16,0.0,True
39,-0.09963167622325879,False,,-0.09963167622325879,False,16,0.0,True
40,-0.09187760638476311,False,,-0.09187760638476311,False,16,0.0,True
41,-0.08320980936231771,False,,-0.08320980936231771,False,16,0.0,True
42,-0.07563307502582722,False,,-0.07563307502582722,False,16,0.0,True
43,-0.08943542717195499,False,,-0.08943542717195499,False,16,0.0,True
44,-0.09050222712363966,False,,-0.09050222712363966,False,16,0.0,True
45,-0.09546328509292996,False,,-0.09546328509292996,False,16,0.0,True
46,-0.08086468172295808,False,,-0.08086468172295808,False,16,0.0,True
47,-0.08562693686410568,False,,-0.08562693686410568,False,16,0.0,True
48,-0.07627999802812949,False,,-0.07627999802812949,False,16,0.0,True
49,-0.0820385221954247,False,,-0.0820385221954247,False,16,0.0,True
50,-0.08645079165165465,False,,-0.08645079165165465,False,16,0.0,True
51,-0.1027268251273928,False,,-0.1027268251273928,False,16,0.0,True
52,-0.0874132997524525,False,,-0.0874132997524525,False,16,0.0,True
53,-0.07410160974945587,False,,-0.07410160974945587,False,16,0.0,True
54,-0.08023362407091732,False,,-0.08023362407091732,False,16,0.0,True
55,-0.08559726497129247,False,,-0.08559726497129247,False,16,0.0,True
56,-0.08909001504167109,False,,-0.08909001504167109,False,16,0.0,True
57,-0.07206461348315114,False,,-0.07206461348315114,False,16,0.0,True
58,-0.07785214447058543,False,,-0.07785214447058543,False,16,0.0,True
59,-0.0797039285685073,False,,-0.0797039285685073,False,16,0.0,True
60,-0.08968909921663895,False,,-0.08968909921663895,False,16,0.0,True
61,-0.07772023926966659,False,,-0.07772023926966659,False,16,0.0,True
62,-0.07766791426223779,False,,-0.07766791426223779,False,16,0.0,True
63,-0.07006875211509644,False,,-0.07006875211509644,False,16,0.0,True
0,-0.1270288897383849,True,,-0.1270288897383849,True,17,0.0,True
1,-0.13513349227381127,False,,-0.13513349227381127,False,17,0.0,True
2,-0.07270147617426584,False,,-0.07270147617426584,False,17,0.0,True
3,-0.0717737688356587,False,,-0.0717737688356587,False,17,0.0,True
4,-0.0526279523764624,False,,-0.0526279523764624,False,17,0.0,True
5,-0.05903284642862459,False,,-0.05903284642862459,False,17,0.0,True
6,-0.06006405415647187,False,,-0.06006405415647187,False,17,0.0,True
7,-0.06327038909697454,False,,-0.06327038909697454,False,17,0.0,True
8,-0.07545793238516393,False,,-0.07545793238516393,False,17,0.0,True
9,-0.07574075138928782,False,,-0.07574075138928782,False,17,0.0,True
10,-0.04301151193948741,False,,-0.04301151193948741,False,17,0.0,True
11,-0.06263645852383906,False,,-0.06263645852383906,False,17,0.0,True
12,-0.06599289544731342,False,,-0.06599289544731342,False,17,0.0,True
13,-0.06387798517540397,False,,-0.06387798517540397,False,17,0.0,True
14,-0.05430228772605635,False,,-0.05430228772605635,False,17,0.0,True
15,-0.0527591078894385,False,,-0.0527591078894385,False,17,0.0,True
16,-0.05473629086886628,False,,-0.05473629086886628,False,17,0.0,True
17,-0.0592609117253477,False,,-0.0592609117253477,False,17,0.0,True
18,-0.06364405909242478,False,,-0.06364405909242478,False,17,0.0,True
19,-0.05506628031775091,False,,-0.05506628031775091,False,17,0.0,True
20,-0.05375249321995555,False,,-0.05375249321995555,False,17,0.0,True
21,-0.05830398049628655,False,,-0.05830398049628655,False,17,0.0,True
22,-0.07978979309574696,False,,-0.07978979309574696,False,17,0.0,True
23,-0.0691792004321577,False,,-0.0691792004321577,False,17,0.0,True
24,-0.06950803162911898,False,,-0.06950803162911898,False,17,0.0,True
25,-0.07731352721913086,False,,-0.07731352721913086,False,17,0.0,True
26,-0.08818645447212521,False,,-0.08818645447212521,False,17,0.0,True
27,-0.06039896424129544,False,,-0.06039896424129544,False,17,0.0,True
28,-0.0640340635751695,False,,-0.0640340635751695,False,17,0.0,True
29,-0.07197909683778593,False,,-0.07197909683778593,False,17,0.0,True
30,-0.06717218875040057,False,,-0.06717218875040057,False,17,0.0,True
31,-0.05178901728223479,False,,-0.05178901728223479,False,17,0.0,True
32,-0.07573088536534517,False,,-0.07573088536534517,False,17,0.0,True
33,-0.07062574973082984,False,,-0.07062574973082984,False,17,0.0,True
34,-0.06417031028431647,False,,-0.06417031028431647,False,17,0.0,True
35,-0.04969001523705416,False,,-0.04969001523705416,False,17,0.0,True
36,-0.076220719343629,False,,-0.076220719343629,False,17,0.0,True
37,-0.09167372286486182,False,,-0.09167372286486182,False,17,0.0,True
38,-0.0777354389138593,False,,-0.0777354389138593,False,17,0.0,True
39,-0.08032618342189873,False,,-0.08032618342189873,False,17,0.0,True
40,-0.06851513675203685,False,,-0.06851513675203685,False,17,0.0,True
41,-0.0742221734236509,False,,-0.0742221734236509,False,17,0.0,True
42,-0.057039790205630866,False,,-0.057039790205630866,False,17,0.0,True
43,-0.06741496343631447,False,,-0.06741496343631447,False,17,0.0,True
44,-0.05443776417112157,False,,-0.05443776417112157,False,17,0.0,True
45,-0.059257408289505056,False,,-0.059257408289505056,False,17,0.0,True
46,-0.07002723430587281,False,,-0.07002723430587281,False,17,0.0,True
47,-0.06793742186358816,False,,-0.06793742186358816,False,17,0.0,True
48,-0.06060440613099878,False,,-0.06060440613099878,False,17,0.0,True
49,-0.055214475539924625,False,,-0.055214475539924625,False,17,0.0,True
50,-0.07425025134761096,False,,-0.07425025134761096,False,17,0.0,True
51,-0.07178291162981348,False,,-0.07178291162981348,False,17,0.0,True
52,-0.07763644443662593,False,,-0.07763644443662593,False,17,0.0,True
53,-0.05821041804617397,False,,-0.05821041804617397,False,17,0.0,True
54,-0.08367028615473758,False,,-0.08367028615473758,False,17,0.0,True
55,-0.06703621149107941,False,,-0.06703621149107941,False,17,0.0,True
56,-0.07937268549995323,False,,-0.07937268549995323,False,17,0.0,True
57,-0.07245178748355498,False,,-0.07245178748355498,False,17,0.0,True
58,-0.08092137439490646,False,,-0.08092137439490646,False,17,0.0,True
59,-0.050562899449283646,False,,-0.050562899449283646,False,17,0.0,True
60,-0.07211946301664496,False,,-0.07211946301664496,False,17,0.0,True
61,-0.0549216322762944,False,,-0.0549216322762944,False,17,0.0,True
62,-0.06139222455471331,False,,-0.06139222455471331,False,17,0.0,True
63,-0.08194154048856697,False,,-0.08194154048856697,False,17,0.0,True
0,-0.15479963629059304,True,,-0.15479963629059304,True,18,0.0,True
1,-0.15308141224106991,False,,-0.15308141224106991,False,18,0.0,True
2,-0.13266723649908416,False,,-0.13266723649908416,False,18,0.0,True
3,-0.1459863950281869,False,,-0.1459863950281869,False,18,0.0,True
4,-0.14623649713235268,False,,-0.14623649713235268,False,18,0.0,True
5,-0.05679503912043402,False,,-0.05679503912043402,False,18,0.0,True
6,-0.12589634779651204,False,,-0.12589634779651204,False,18,0.0,True
7,-0.10515667542795482,False,,-0.10515667542795482,False,18,0.0,True
8,-0.13928079404865565,False,,-0.13928079404865565,False,18,0.0,True
9,-0.11698798812847133,False,,-0.11698798812847133,False,18,0.0,True
10,-0.11583232419283038,False,,-0.11583232419283038,False,18,0.0,True
11,-0.10905134184115992,False,,-0.10905134184115992,False,18,0.0,True
12,-0.15324460705804696,False,,-0.15324460705804696,False,18,0.0,True
13,-0.108593017384491,False,,-0.108593017384491,False,18,0.0,True
14,-0.1135233003800617,False,,-0.1135233003800617,False,18,0.0,True
15,-0.14370000904726937,False,,-0.14370000904726937,False,18,0.0,True
16,-0.10007044858574808,False,,-0.10007044858574808,False,18,0.0,True
17,-0.117753114929487,False,,-0.117753114929487,False,18,0.0,True
18,-0.08587626088218486,False,,-0.08587626088218486,False,18,0.0,True
19,-0.10944917451874428,False,,-0.10944917451874428,False,18,0.0,True
20,-0.1644429289654692,False,,-0.1644429289654692,False,18,0.0,True
21,-0.10191533856631642,False,,-0.10191533856631642,False,18,0.0,True
22,-0.16305872296190377,False,,-0.16305872296190377,False,18,0.0,True
23,-0.16671310848915055,False,,-0.16671310848915055,False,18,0.0,True
24,-0.10932508399014301,False,,-0.10932508399014301,False,18,0.0,True
25,-0.09985036350684452,False,,-0.09985036350684452,False,18,0.0,True
26,-0.1604480093491375,False,,-0.1604480093491375,False,18,0.0,True
27,-0.12521601324365367,False,,-0.12521601324365367,False,18,0.0,True
28,-0.12265954299151058,False,,-0.12265954299151058,False,18,0.0,True
29,-0.10894284561530003,False,,-0.10894284561530003,False,18,0.0,True
30,-0.14673546669567977,False,,-0.14673546669567977,False,18,0.0,True
31,-0.13431773160093896,False,,-0.13431773160093896,False,18,0.0,True
32,-0.16813657955743772,False,,-0.16813657955743772,False,18,0.0,True
33,-0.1310103518685165,False,,-0.1310103518685165,False,18,0.0,True
34,-0.1065651412244556,False,,-0.1065651412244556,False,18,0.0,True
35,-0.12830296583467732,False,,-0.12830296583467732,False,18,0.0,True
36,-0.11616817070139694,False,,-0.11616817070139694,False,18,0.0,True
37,-0.12901787192498687,False,,-0.12901787192498687,False,18,0.0,True
38,-0.10038183302823406,False,,-0.10038183302823406,False,18,0.0,True
39,-0.12984691837653378,False,,-0.12984691837653378,False,18,0.0,True
40,-0.10170968716321756,False,,-0.10170968716321756,False,18,0.0,True
41,-0.12341862219978428,False,,-0.12341862219978428,False,18,0.0,True
42,-0.1587515248769081,False,,-0.1587515248769081,False,18,0.0,True
43,-0.13393686648840775,False,,-0.13393686648840775,False,18,0.0,True
44,-0.12457815666790813,False,,-0.12457815666790813,False,18,0.0,True
45,-0.11423601580865245,False,,-0.11423601580865245,False,18,0.0,True
46,-0.15411533490066348,False,,-0.15411533490066348,False,18,0.0,True
47,-0.08825755628696727,False,,-0.08825755628696727,False,18,0.0,True
48,-0.12896142183682746,False,,-0.12896142183682746,False,18,0.0,True
49,-0.10279016670161095,False,,-0.10279016670161095,False,18,0.0,True
50,-0.16087144022394587,False,,-0.16087144022394587,False,18,0.0,True
51,-0.1465994437554399,False,,-0.1465994437554399,False,18,0.0,True
52,-0.14870568108928772,False,,-0.14870568108928772,False,18,0.0,True
53,-0.12867925142404688,False,,-0.12867925142404688,False,18,0.0,True
54,-0.11057993397958026,False,,-0.11057993397958026,False,18,0.0,True
55,-0.10641760115492221,False,,-0.10641760115492221,False,18,0.0,True
56,-0.12452449944287226,False,,-0.12452449944287226,False,18,0.0,True
57,-0.13004579556177273,False,,-0.13004579556177273,False,18,0.0,True
58,-0.12132816068015491,False,,-0.12132816068015491,False,18,0.0,True
59,-0.11886379728716218,False,,-0.11886379728716218,False,18,0.0,True
60,-0.12905938358270613,False,,-0.12905938358270613,False,18,0.0,True
61,-0.10432654567176361,False,,-0.10432654567176361,False,18,0.0,True
62,-0.12797321877511578,False,,-0.12797321877511578,False,18,0.0,True
63,-0.1321974932305956,False,,-0.1321974932305956,False,18,0.0,True
0,-0.19346278148423213,True,,-0.19346278148423213,True,19,0.0,True
1,-0.1925277736799141,False,,-0.1925277736799141,False,19,0.0,True
2,-0.1214197913273996,False,,-0.1214197913273996,False,19,0.0,True
3,-0.14731446608723994,False,,-0.14731446608723994,False,19,0.0,True
4,-0.1339348148798444,False,,-0.1339348148798444,False,19,0.0,True
5,-0.1458294915671725,False,,-0.1458294915671725,False,19,0.0,True
6,-0.10264987943226969,False,,-0.10264987943226969,False,19,0.0,True
7,-0.13736567523997859,False,,-0.13736567523997859,False,19,0.0,True
8,-0.14282555774660227,False,,-0.14282555774660227,False,19,0.0,True
9,-0.1334000816814982,False,,-0.1334000816814982,False,19,0.0,True
10,-0.12150302406246258,False,,-0.12150302406246258,False,19,0.0,True
11,-0.11262350044165023,False,,-0.11262350044165023,False,19,0.0,True
12,-0.13919185709671314,False,,-0.13919185709671314,False,19,0.0,True
13,-0.15306685507808038,False,,-0.15306685507808038,False,19,0.0,True
14,-0.13611582882575549,False,,-0.13611582882575549,False,19,0.0,True
15,-0.12512439655888435,False,,-0.12512439655888435,False,19,0.0,True
16,-0.15874557421276073,False,,-0.15874557421276073,False,19,0.0,True
17,-0.13863890205945884,False,,-0.13863890205945884,False,19,0.0,True
18,-0.1313555023424227,False,,-0.1313555023424227,False,19,0.0,True
19,-0.12318468367947011,False,,-0.12318468367947011,False,19,0.0,True
20,-0.13111777394271085,False,,-0.13111777394271085,False,19,0.0,True
21,-0.14672833570238614,False,,-0.14672833570238614,False,19,0.0,True
22,-0.147705357382828,False,,-0.147705357382828,False,19,0.0,True
23,-0.13522093318495793,False,,-0.13522093318495793,False,19,0.0,True
24,-0.13618719356247877,False,,-0.13618719356247877,False,19,0.0,True
25,-0.13106689306309327,False,,-0.13106689306309327,False,19,0.0,True
26,-0.1489194545673744,False,,-0.1489194545673744,False,19,0.0,True
27,-0.13587334651857452,False,,-0.13587334651857452,False,19,0.0,True
28,-0.133853641983409,False,,-0.133853641983409,False,19,0.0,True
29,-0.12465848797034394,False,,-0.12465848797034394,False,19,0.0,True
30,-0.130139486165898,False,,-0.130139486165898,False,19,0.0,True
31,-0.1440180284225713,False,,-0.1440180284225713,False,19,0.0,True
32,-0.10787996487483079,False,,-0.10787996487483079,False,19,0.0,True
33,-0.12422336648330996,False,,-0.12422336648330996,False,19,0.0,True
34,-0.1287629832516709,False,,-0.1287629832516709,False,19,0.0,True
35,-0.10321818564496618,False,,-0.10321818564496618,False,19,0.0,True
36,-0.10481443700256515,False,,-0.10481443700256515,False,19,0.0,True
37,-0.14718391561618782,False,,-0.14718391561618782,False,19,0.0,True
38,-0.12182263678426074,False,,-0.12182263678426074,False,19,0.0,True
39,-0.13660248751635634,False,,-0.13660248751635634,False,19,0.0,True
40,-0.13184934126361147,False,,-0.13184934126361147,False,19,0.0,True
41,-0.1247226799973185,False,,-0.1247226799973185,False,19,0.0,True
42,-0.13887106919924247,False,,-0.13887106919924247,False,19,0.0,True
43,-0.14497470446558192,False,,-0.14497470446558192,False,19,0.0,True
44,-0.10017277873737382,False,,-0.10017277873737382,False,19,0.0,True
45,-0.13650701875164173,False,,-0.13650701875164173,False,19,0.0,True
46,-0.1271990101738739,False,,-0.1271990101738739,False,19,0.0,True
47,-0.10131991103651056,False,,-0.10131991103651056,False,19,0.0,True
48,-0.14059826498162392,False,,-0.14059826498162392,False,19,0.0,True
49,-0.12927076196245907,False,,-0.12927076196245907,False,19,0.0,True
50,-0.13579910863437716,False,,-0.13579910863437716,False,19,0.0,True
51,-0.11918449293191066,False,,-0.11918449293191066,False,19,0.0,True
52,-0.11249821027081156,False,,-0.11249821027081156,False,19,0.0,True
53,-0.12056726533590709,False,,-0.12056726533590709,False,19,0.0,True
54,-0.11689213579857798,False,,-0.11689213579857798,False,19,0.0,True
55,-0.14422828695761042,False,,-0.14422828695761042,False,19,0.0,True
56,-0.13244195070554077,False,,-0.13244195070554077,False,19,0.0,True
57,-0.1154523560003271,False,,-0.1154523560003271,False,19,0.0,True
58,-0.14233535408048065,False,,-0.14233535408048065,False,19,0.0,True
59,-0.13572190090005626,False,,-0.13572190090005626,False,19,0.0,True
60,-0.12844040967474363,False,,-0.12844040967474363,False,19,0.0,True
61,-0.1269281271745092,False,,-0.1269281271745092,False,19,0.0,True
62,-0.14294488907363206,False,,-0.14294488907363206,False,19,0.0,True
63,-0.15510357327801208,False,,-0.15510357327801208,False,19,0.0,True
0,-0.1945183057390583,True,,-0.1945183057390583,True,20,0.0,True
1,-0.19754563743610642,False,,-0.19754563743610642,False,20,0.0,True
2,-0.08136808758892394,False,,-0.08136808758892394,False,20,0.0,True
3,-0.11415342995706573,False,,-0.11415342995706573,False,20,0.0,True
4,-0.11293924955026344,False,,-0.11293924955026344,False,20,0.0,True
5,-0.1153773414043811,False,,-0.1153773414043811,False,20,0.0,True
6,-0.09394855018982089,False,,-0.09394855018982089,False,20,0.0,True
7,-0.10675053694189171,False,,-0.10675053694189171,False,20,0.0,True
8,-0.12347458867598422,False,,-0.12347458867598422,False,20,0.0,True
9,-0.13112774024813673,False,,-0.13112774024813673,False,20,0.0,True
10,-0.11287544310126862,False,,-0.11287544310126862,False,20,0.0,True
11,-0.08871212780929663,False,,-0.08871212780929663,False,20,0.0,True
12,-0.10750084259883977,False,,-0.10750084259883977,False,20,0.0,True
13,-0.082142513258814,False,,-0.082142513258814,False,20,0.0,True
14,-0.10226490553918777,False,,-0.10226490553918777,False,20,0.0,True
15,-0.08159516053101885,False,,-0.08159516053101885,False,20,0.0,True
16,-0.1100217593403659,False,,-0.1100217593403659,False,20,0.0,True
17,-0.12630811918644475,False,,-0.12630811918644475,False,20,0.0,True
18,-0.08479265740055603,False,,-0.08479265740055603,False,20,0.0,True
19,-0.0989832265385714,False,,-0.0989832265385714,False,20,0.0,True
20,-0.117299676255391,False,,-0.117299676255391,False,20,0.0,True
21,-0.12999749713740694,False,,-0.12999749713740694,False,20,0.0,True
22,-0.12222117848625125,False,,-0.12222117848625125,False,20,0.0,True
23,-0.09863308207066694,False,,-0.09863308207066694,False,20,0.0,True
24,-0.12559164090442293,False,,-0.12559164090442293,False,20,0.0,True
25,-0.10878449749058747,False,,-0.10878449749058747,False,20,0.0,True
26,-0.13069544363362945,False,,-0.13069544363362945,False,20,0.0,True
27,-0.10026390540016861,False,,-0.10026390540016861,False,20,0.0,True
28,-0.10595962977783095,False,,-0.10595962977783095,False,20,0.0,True
29,-0.10562222430604615,False,,-0.10562222430604615,False,20,0.0,True
30,-0.11810776773849636,False,,-0.11810776773849636,False,20,0.0,True
31,-0.10557369799182413,False,,-0.10557369799182413,False,20,0.0,True
32,-0.09858635410537434,False,,-0.09858635410537434,False,20,0.0,True
33,-0.08509525128821897,False,,-0.08509525128821897,False,20,0.0,True
34,-0.10739324648109784,False,,-0.10739324648109784,False,20,0.0,True
35,-0.09662980718586832,False,,-0.09662980718586832,False,20,0.0,True
36,-0.08603877054267657,False,,-0.08603877054267657,False,20,0.0,True
37,-0.1129570332297296,False,,-0.1129570332297296,False,20,0.0,True
38,-0.10545680988127029,False,,-0.10545680988127029,False,20,0.0,True
39,-0.10077424500746444,False,,-0.10077424500746444,False,20,0.0,True
40,-0.11642531912704848,False,,-0.11642531912704848,False,20,0.0,True
41,-0.10441689142464453,False,,-0.10441689142464453,False,20,0.0,True
42,-0.09103432226549517,False,,-0.09103432226549517,False,20,0.0,True
43,-0.1126716666003228,False,,-0.1126716666003228,False,20,0.0,True
44,-0.0835537055672961,False,,-0.0835537055672961,False,20,0.0,True
45,-0.10761482222491756,False,,-0.10761482222491756,False,20,0.0,True
46,-0.11108491371627974,False,,-0.11108491371627974,False,20,0.0,True
47,-0.11285263475164753,False,,-0.11285263475164753,False,20,0.0,True
48,-0.10995801843905197,False,,-0.10995801843905197,False,20,0.0,True
49,-0.08957679681880991,False,,-0.08957679681880991,False,20,0.0,True
50,-0.08281979334750614,False,,-0.08281979334750614,False,20,0.0,True
51,-0.1396782854094034,False,,-0.1396782854094034,False,20,0.0,True
52,-0.09724806820904205,False,,-0.09724806820904205,False,20,0.0,True
53,-0.10265362413580861,False,,-0.10265362413580861,False,20,0.0,True
54,-0.09955498552272743,False,,-0.09955498552272743,False,20,0.0,True
55,-0.09361019315023159,False,,-0.09361019315023159,False,20,0.0,True
56,-0.11097236406974029,False,,-0.11097236406974029,False,20,0.0,True
57,-0.14902427950493535,False,,-0.14902427950493535,False,20,0.0,True
58,-0.10017819698131711,False,,-0.10017819698131711,False,20,0.0,True
59,-0.09450740077458947,False,,-0.09450740077458947,False,20,0.0,True
60,-0.09693285293620296,False,,-0.09693285293620296,False,20,0.0,True
61,-0.0952711484188608,False,,-0.0952711484188608,False,20,0.0,True
62,-0.1350209393340292,False,,-0.1350209393340292,False,20,0.0,True
63,-0.07797377374219092,False,,-0.07797377374219092,False,20,0.0,True
0,-0.20165426740107523,True,,-0.20165426740107523,True,21,0.0,True
1,-0.21149714064826178,False,,-0.21149714064826178,False,21,0.0,True
2,-0.11771469572429696,False,,-0.11771469572429696,False,21,0.0,True
3,-0.10284782079108798,False,,-0.10284782079108798,False,21,0.0,True
4,-0.09856988967899069,False,,-0.09856988967899069,False,21,0.0,True
5,-0.09627088579715096,False,,-0.09627088579715096,False,21,0.0,True
6,-0.08740066344638789,False,,-0.08740066344638789,False,21,0.0,True
7,-0.10792390207581838,False,,-0.10792390207581838,False,21,0.0,True
8,-0.1340000681005441,False,,-0.1340000681005441,False,21,0.0,True
9,-0.09316361535028755,False,,-0.09316361535028755,False,21,0.0,True
10,-0.10602669047886983,False,,-0.10602669047886983,False,21,0.0,True
11,-0.09202261427728375,False,,-0.09202261427728375,False,21,0.0,True
12,-0.12113872889531624,False,,-0.12113872889531624,False,21,0.0,True
13,-0.11029947731402234,False,,-0.11029947731402234,False,21,0.0,True
14,-0.1712627290974505,False,,-0.1712627290974505,False,21,0.0,True
15,-0.09945945367266493,False,,-0.09945945367266493,False,21,0.0,True
16,-0.11769005326097029,False,,-0.11769005326097029,False,21,0.0,True
17,-0.11645048269228288,False,,-0.11645048269228288,False,21,0.0,True
18,-0.12071441932790448,False,,-0.12071441932790448,False,21,0.0,True
19,-0.10908984353910257,False,,-0.10908984353910257,False,21,0.0,True
20,-0.09005614700071174,False,,-0.09005614700071174,False,21,0.0,True
21,-0.11847970468147576,False,,-0.11847970468147576,False,21,0.0,True
22,-0.11286402596815573,False,,-0.11286402596815573,False,21,0.0,True
23,-0.13666165411354253,False,,-0.13666165411354253,False,21,0.0,True
24,-0.10015629036790297,False,,-0.10015629036790297,False,21,0.0,True
25,-0.10479880186452566,False,,-0.10479880186452566,False,21,0.0,True
26,-0.14172881935262044,False,,-0.14172881935262044,False,21,0.0,True
27,-0.09429891612840545,False,,-0.09429891612840545,False,21,0.0,True
28,-0.11017691865035961,False,,-0.11017691865035961,False,21,0.0,True
29,-0.08597665732781555,False,,-0.08597665732781555,False,21,0.0,True
30,-0.12122934623277914,False,,-0.12122934623277914,False,21,0.0,True
31,-0.11171243649414878,False,,-0.11171243649414878,False,21,0.0,True
32,-0.08845955195002762,False,,-0.08845955195002762,False,21,0.0,True
33,-0.10551737682385004,False,,-0.10551737682385004,False,21,0.0,True
34,-0.10966286002230739,False,,-0.10966286002230739,False,21,0.0,True
35,-0.09318397755522737,False,,-0.09318397755522737,False,21,0.0,True
36,-0.09975287497257496,False,,-0.09975287497257496,False,21,0.0,True
37,-0.09574254741321761,False,,-0.09574254741321761,False,21,0.0,True
38,-0.10638873463676757,False,,-0.10638873463676757,False,21,0.0,True
39,-0.12071417630508895,False,,-0.12071417630508895,False,21,0.0,True
40,-0.1159705027361661,False,,-0.1159705027361661,False,21,0.0,True
41,-0.108947305969809,False,,-0.108947305969809,False,21,0.0,True
42,-0.13009671522390037,False,,-0.13009671522390037,False,21,0.0,True
43,-0.10608061970374272,False,,-0.10608061970374272,False,21,0.0,True
44,-0.11235355695399751,False,,-0.11235355695399751,False,21,0.0,True
45,-0.1038568300627149,False,,-0.1038568300627149,False,21,0.0,True
46,-0.1294856082960597,False,,-0.1294856082960597,False,21,0.0,True
47,-0.12326794870813765,False,,-0.12326794870813765,False,21,0.0,True
48,-0.12743104898267843,False,,-0.12743104898267843,False,21,0.0,True
49,-0.10173066354221957,False,,-0.10173066354221957,False,21,0.0,True
50,-0.10901375418300356,False,,-0.10901375418300356,False,21,0.0,True
51,-0.10489046853314438,False,,-0.10489046853314438,False,21,0.0,True
52,-0.08920868311431665,False,,-0.08920868311431665,False,21,0.0,True
53,-0.10608806779059163,False,,-0.10608806779059163,False,21,0.0,True
54,-0.1147725378664021,False,,-0.1147725378664021,False,21,0.0,True
55,-0.1533811140574607,False,,-0.1533811140574607,False,21,0.0,True
56,-0.11569779906890894,False,,-0.11569779906890894,False,21,0.0,True
57,-0.10605368171603234,False,,-0.10605368171603234,False,21,0.0,True
58,-0.0842818340423539,False,,-0.0842818340423539,False,21,0.0,True
59,-0.11162654569135075,False,,-0.11162654569135075,False,21,0.0,True
60,-0.13917962551439517,False,,-0.13917962551439517,False,21,0.0,True
61,-0.11197040231281091,False,,-0.11197040231281091,False,21,0.0,True
62,-0.1415085203752491,False,,-0.1415085203752491,False,21,0.0,True
63,-0.10536779168602252,False,,-0.10536779168602252,False,21,0.0,True
0,-0.16032257337937222,True,,-0.16032257337937222,True,22,0.0,True
1,-0.21953243170667713,False,,-0.21953243170667713,False,22,0.0,True
2,-0.08715477924907383,False,,-0.08715477924907383,False,22,0.0,True
3,-0.08520140434622163,False,,-0.08520140434622163,False,22,0.0,True
4,-0.09940769010937955,False,,-0.09940769010937955,False,22,0.0,True
5,-0.09118318368306297,False,,-0.09118318368306297,False,22,0.0,True
6,-0.0923830524035566,False,,-0.0923830524035566,False,22,0.0,True
7,-0.09216786052311365,False,,-0.09216786052311365,False,22,0.0,True
8,-0.09993155582198557,False,,-0.09993155582198557,False,22,0.0,True
9,-0.08135538796336089,False,,-0.08135538796336089,False,22,0.0,True
10,-0.083175456692471,False,,-0.083175456692471,False,22,0.0,True
11,-0.10846355222575063,False,,-0.10846355222575063,False,22,0.0,True
12,-0.10874307542867329,False,,-0.10874307542867329,False,22,0.0,True
13,-0.104981617400145,False,,-0.104981617400145,False,22,0.0,True
14,-0.0830606007746287,False,,-0.0830606007746287,False,22,0.0,True
15,-0.1072596542968294,False,,-0.1072596542968294,False,22,0.0,True
16,-0.09835542499686245,False,,-0.09835542499686245,False,22,0.0,True
17,-0.09699985439326553,False,,-0.09699985439326553,False,22,0.0,True
18,-0.10466547481731031,False,,-0.10466547481731031,False,22,0.0,True
19,-0.10411569314137378,False,,-0.10411569314137378,False,22,0.0,True
20,-0.11006476680387105,False,,-0.11006476680387105,False,22,0.0,True
21,-0.07915529319074464,False,,-0.07915529319074464,False,22,0.0,True
22,-0.08673767186584444,False,,-0.08673767186584444,False,22,0.0,True
23,-0.10917089410555444,False,,-0.10917089410555444,False,22,0.0,True
24,-0.10589722894652256,False,,-0.10589722894652256,False,22,0.0,True
25,-0.10929053675123396,False,,-0.10929053675123396,False,22,0.0,True
26,-0.10482608077238734,False,,-0.10482608077238734,False,22,0.0,True
27,-0.09915781846902147,False,,-0.09915781846902147,False,22,0.0,True
28,-0.09347987670829998,False,,-0.09347987670829998,False,22,0.0,True
29,-0.11276154643644054,False,,-0.11276154643644054,False,22,0.0,True
30,-0.08491884361318633,False,,-0.08491884361318633,False,22,0.0,True
31,-0.09625679969345913,False,,-0.09625679969345913,False,22,0.0,True
32,-0.07919706261602077,False,,-0.07919706261602077,False,22,0.0,True
33,-0.09199577109529997,False,,-0.09199577109529997,False,22,0.0,True
34,-0.12139531874077839,False,,-0.12139531874077839,False,22,0.0,True
35,-0.09227940228632588,False,,-0.09227940228632588,False,22,0.0,True
36,-0.09387947505647623,False,,-0.09387947505647623,False,22,0.0,True
37,-0.09050109326851943,False,,-0.09050109326851943,False,22,0.0,True
38,-0.09465190299657819,False,,-0.09465190299657819,False,22,0.0,True
39,-0.10055433824501198,False,,-0.10055433824501198,False,22,0.0,True
40,-0.10781719412899665,False,,-0.10781719412899665,False,22,0.0,True
41,-0.09281412545323896,False,,-0.09281412545323896,False,22,0.0,True
42,-0.09219356178363097,False,,-0.09219356178363097,False,22,0.0,True
43,-0.10472984849509379,False,,-0.10472984849509379,False,22,0.0,True
44,-0.09682021163816357,False,,-0.09682021163816357,False,22,0.0,True
45,-0.09068627222929115,False,,-0.09068627222929115,False,22,0.0,True
46,-0.09886131966881602,False,,-0.09886131966881602,False,22,0.0,True
47,-0.08939535177563127,False,,-0.08939535177563127,False,22,0.0,True
48,-0.07926917097066996,False,,-0.07926917097066996,False,22,0.0,True
49,-0.09446741602283222,False,,-0.09446741602283222,False,22,0.0,True
50,-0.10283222089694125,False,,-0.10283222089694125,False,22,0.0,True
51,-0.09903789440438573,False,,-0.09903789440438573,False,22,0.0,True
52,-0.10001695091311473,False,,-0.10001695091311473,False,22,0.0,True
53,-0.09886173536762435,False,,-0.09886173536762435,False,22,0.0,True
54,-0.09183467421786436,False,,-0.09183467421786436,False,22,0.0,True
55,-0.09357168274694742,False,,-0.09357168274694742,False,22,0.0,True
56,-0.08871174609035645,False,,-0.08871174609035645,False,22,0.0,True
57,-0.10357040560906902,False,,-0.10357040560906902,False,22,0.0,True
58,-0.10132880624227611,False,,-0.10132880624227611,False,22,0.0,True
59,-0.08959970396954256,False,,-0.08959970396954256,False,22,0.0,True
60,-0.10330441387469033,False,,-0.10330441387469033,False,22,0.0,True
61,-0.09858514443796088,False,,-0.09858514443796088,False,22,0.0,True
62,-0.11904745813041825,False,,-0.11904745813041825,False,22,0.0,True
63,-0.08909163654982194,False,,-0.08909163654982194,False,22,0.0,True
0,-0.1597658687115598,True,,-0.1597658687115598,True,23,0.0,True
1,-0.14669119757791335,False,,-0.14669119757791335,False,23,0.0,True
2,-0.10605113676281357,False,,-0.10605113676281357,False,23,0.0,True
3,-0.10238245348374826,False,,-0.10238245348374826,False,23,0.0,True
4,-0.09565012049634691,False,,-0.09565012049634691,False,23,0.0,True
5,-0.09323560130103109,False,,-0.09323560130103109,False,23,0.0,True
6,-0.11479515078662836,False,,-0.11479515078662836,False,23,0.0,True
7,-0.09070072383720382,False,,-0.09070072383720382,False,23,0.0,True
8,-0.10902423394950829,False,,-0.10902423394950829,False,23,0.0,True
9,-0.11214834215169202,False,,-0.11214834215169202,False,23,0.0,True
10,-0.09974462035323259,False,,-0.09974462035323259,False,23,0.0,True
11,-0.09704115328905513,False,,-0.09704115328905513,False,23,0.0,True
12,-0.10907825713893171,False,,-0.10907825713893171,False,23,0.0,True
13,-0.11388495784628938,False,,-0.11388495784628938,False,23,0.0,True
14,-0.09079221840095869,False,,-0.09079221840095869,False,23,0.0,True
15,-0.12584260947537845,False,,-0.12584260947537845,False,23,0.0,True
16,-0.09754314605904545,False,,-0.09754314605904545,False,23,0.0,True
17,-0.12207307723874428,False,,-0.12207307723874428,False,23,0.0,True
18,-0.11479509298202163,False,,-0.11479509298202163,False,23,0.0,True
19,-0.10746479730540573,False,,-0.10746479730540573,False,23,0.0,True
20,-0.11862521740058748,False,,-0.11862521740058748,False,23,0.0,True
21,-0.11100516021421275,False,,-0.11100516021421275,False,23,0.0,True
22,-0.09258921709759461,False,,-0.09258921709759461,False,23,0.0,True
23,-0.09480827760835486,False,,-0.09480827760835486,False,23,0.0,True
24,-0.10860197597545342,False,,-0.10860197597545342,False,23,0.0,True
25,-0.11512827195004816,False,,-0.11512827195004816,False,23,0.0,True
26,-0.09155399350064089,False,,-0.09155399350064089,False,23,0.0,True
27,-0.09768137351961961,False,,-0.09768137351961961,False,23,0.0,True
28,-0.12633779136041995,False,,-0.12633779136041995,False,23,0.0,True
29,-0.10521975741986558,False,,-0.10521975741986558,False,23,0.0,True
30,-0.10213438987157644,False,,-0.10213438987157644,False,23,0.0,True
31,-0.09945532309879104,False,,-0.09945532309879104,False,23,0.0,True
32,-0.10176889377224772,False,,-0.10176889377224772,False,23,0.0,True
33,-0.12534491938598238,False,,-0.12534491938598238,False,23,0.0,True
34,-0.11093201166928893,False,,-0.11093201166928893,False,23,0.0,True
35,-0.12081698627530142,False,,-0.12081698627530142,False,23,0.0,True
36,-0.09101471129579378,False,,-0.09101471129579378,False,23,0.0,True
37,-0.1186829017148581,False,,-0.1186829017148581,False,23,0.0,True
38,-0.09477957778196193,False,,-0.09477957778196193,False,23,0.0,True
39,-0.10016682647079352,False,,-0.10016682647079352,False,23,0.0,True
40,-0.097949141952569,False,,-0.097949141952569,False,23,0.0,True
41,-0.09650400521665856,False,,-0.09650400521665856,False,23,0.0,True
42,-0.10677702082169234,False,,-0.10677702082169234,False,23,0.0,True
43,-0.09999134207729422,False,,-0.09999134207729422,False,23,0.0,True
44,-0.09117227312948914,False,,-0.09117227312948914,False,23,0.0,True
45,-0.11117653402739205,False,,-0.11117653402739205,False,23,0.0,True
46,-0.10505347913021604,False,,-0.10505347913021604,False,23,0.0,True
47,-0.12688781470707278,False,,-0.12688781470707278,False,23,0.0,True
48,-0.09968394619405532,False,,-0.09968394619405532,False,23,0.0,True
49,-0.09051507173557569,False,,-0.09051507173557569,False,23,0.0,True
50,-0.13059057034905538,False,,-0.13059057034905538,False,23,0.0,True
51,-0.0867643926971061,False,,-0.0867643926971061,False,23,0.0,True
52,-0.11073440315154029,False,,-0.11073440315154029,False,23,0.0,True
53,-0.08793222786626897,False,,-0.08793222786626897,False,23,0.0,True
54,-0.12465121907232504,False,,-0.12465121907232504,False,23,0.0,True
55,-0.10195686834085788,False,,-0.10195686834085788,False,23,0.0,True
56,-0.10877921797049861,False,,-0.10877921797049861,False,23,0.0,True
57,-0.11312668916096578,False,,-0.11312668916096578,False,23,0.0,True
58,-0.12074953089090082,False,,-0.12074953089090082,False,23,0.0,True
59,-0.11406873542222726,False,,-0.11406873542222726,False,23,0.0,True
60,-0.10713575680369859,False,,-0.10713575680369859,False,23,0.0,True
61,-0.11375752275433582,False,,-0.11375752275433582,False,23,0.0,True
62,-0.1032568257588646,False,,-0.1032568257588646,False,23,0.0,True
63,-0.12312319521581634,False,,-0.12312319521581634,False,23,0.0,True
0,-0.16497840293517782,True,,-0.16497840293517782,True,24,0.0,True
1,-0.13178012187547425,False,,-0.13178012187547425,False,24,0.0,True
2,-0.0788207559638997,False,,-0.0788207559638997,False,24,0.0,True
3,-0.08620462536000818,False,,-0.08620462536000818,False,24,0.0,True
4,-0.07458797747160024,False,,-0.07458797747160024,False,24,0.0,True
5,-0.10171984590952558,False,,-0.10171984590952558,False,24,0.0,True
6,-0.08486051173237971,False,,-0.08486051173237971,False,24,0.0,True
7,-0.09264405631607905,False,,-0.09264405631607905,False,24,0.0,True
8,-0.084541923049023,False,,-0.084541923049023,False,24,0.0,True
9,-0.07540405422058007,False,,-0.07540405422058007,False,24,0.0,True
10,-0.09881236679734035,False,,-0.09881236679734035,False,24,0.0,True
11,-0.08604739899714611,False,,-0.08604739899714611,False,24,0.0,True
12,-0.08523119232733065,False,,-0.08523119232733065,False,24,0.0,True
13,-0.12326544403646135,False,,-0.12326544403646135,False,24,0.0,True
14,-0.08261522739852145,False,,-0.08261522739852145,False,24,0.0,True
15,-0.09670034512670084,False,,-0.09670034512670084,False,24,0.0,True
16,-0.08496161226006296,False,,-0.08496161226006296,False,24,0.0,True
17,-0.0876686592143617,False,,-0.0876686592143617,False,24,0.0,True
18,-0.0865102995704404,False,,-0.0865102995704404,False,24,0.0,True
19,-0.06966801226900377,False,,-0.06966801226900377,False,24,0.0,True
20,-0.10129741693118446,False,,-0.10129741693118446,False,24,0.0,True
21,-0.09148113096887396,False,,-0.09148113096887396,False,24,0.0,True
22,-0.09500968177631196,False,,-0.09500968177631196,False,24,0.0,True
23,-0.09064002072037024,False,,-0.09064002072037024,False,24,0.0,True
24,-0.08545103251270332,False,,-0.08545103251270332,False,24,0.0,True
25,-0.08473843848203906,False,,-0.08473843848203906,False,24,0.0,True
26,-0.08961777486250419,False,,-0.08961777486250419,False,24,0.0,True
27,-0.09079455189351278,False,,-0.09079455189351278,False,24,0.0,True
28,-0.08036702267780457,False,,-0.08036702267780457,False,24,0.0,True
29,-0.0779730207279582,False,,-0.0779730207279582,False,24,0.0,True
30,-0.07661056671721819,False,,-0.07661056671721819,False,24,0.0,True
31,-0.0876840428011311,False,,-0.0876840428011311,False,24,0.0,True
32,-0.07464065687520134,False,,-0.07464065687520134,False,24,0.0,True
33,-0.08406940139554142,False,,-0.08406940139554142,False,24,0.0,True
34,-0.09835032443953867,False,,-0.09835032443953867,False,24,0.0,True
35,-0.08298543271669417,False,,-0.08298543271669417,False,24,0.0,True
36,-0.09608260919271236,False,,-0.09608260919271236,False,24,0.0,True
37,-0.10589952796893995,False,,-0.10589952796893995,False,24,0.0,True
38,-0.08501749503814952,False,,-0.08501749503814952,False,24,0.0,True
39,-0.08490410556228892,False,,-0.08490410556228892,False,24,0.0,True
40,-0.1013838657914202,False,,-0.1013838657914202,False,24,0.0,True
41,-0.10046513459525419,False,,-0.10046513459525419,False,24,0.0,True
42,-0.08659229005336677,False,,-0.08659229005336677,False,24,0.0,True
43,-0.08849275585013995,False,,-0.08849275585013995,False,24,0.0,True
44,-0.07484356005798559,False,,-0.07484356005798559,False,24,0.0,True
45,-0.08373145817544578,False,,-0.08373145817544578,False,24,0.0,True
46,-0.09262627998462236,False,,-0.09262627998462236,False,24,0.0,True
47,-0.09828048825944397,False,,-0.09828048825944397,False,24,0.0,True
48,-0.0814720772928357,False,,-0.0814720772928357,False,24,0.0,True
49,-0.08766728917942881,False,,-0.08766728917942881,False,24,0.0,True
50,-0.07127080473810685,False,,-0.07127080473810685,False,24,0.0,True
51,-0.08508124363222788,False,,-0.08508124363222788,False,24,0.0,True
52,-0.07827946791131113,False,,-0.07827946791131113,False,24,0.0,True
53,-0.09551755278878542,False,,-0.09551755278878542,False,24,0.0,True
54,-0.09865964119030785,False,,-0.09865964119030785,False,24,0.0,True
55,-0.08750751128436349,False,,-0.08750751128436349,False,24,0.0,True
56,-0.0894122843337413,False,,-0.0894122843337413,False,24,0.0,True
57,-0.08048053166864319,False,,-0.08048053166864319,False,24,0.0,True
58,-0.08431890474969891,False,,-0.08431890474969891,False,24,0.0,True
59,-0.08284332720626136,False,,-0.08284332720626136,False,24,0.0,True
60,-0.08210510045588598,False,,-0.08210510045588598,False,24,0.0,True
61,-0.08228732674345193,False,,-0.08228732674345193,False,24,0.0,True
62,-0.0841571414856688,False,,-0.0841571414856688,False,24,0.0,True
63,-0.0893975759639573,False,,-0.0893975759639573,False,24,0.0,True
0,-0.2381385547454799,True,,-0.2381385547454799,True,25,0.0,True
1,-0.13186297432969912,False,,-0.13186297432969912,False,25,0.0,True
2,-0.1005877436603392,False,,-0.1005877436603392,False,25,0.0,True
3,-0.14779636652395559,False,,-0.14779636652395559,False,25,0.0,True
4,-0.14398102198039325,False,,-0.14398102198039325,False,25,0.0,True
5,-0.12431268303151187,False,,-0.12431268303151187,False,25,0.0,True
6,-0.1173532790232254,False,,-0.1173532790232254,False,25,0.0,True
7,-0.11427451363275674,False,,-0.11427451363275674,False,25,0.0,True
8,-0.12877076179324348,False,,-0.12877076179324348,False,25,0.0,True
9,-0.11444285167614059,False,,-0.11444285167614059,False,25,0.0,True
10,-0.13831748408581465,False,,-0.13831748408581465,False,25,0.0,True
11,-0.10795539604908419,False,,-0.10795539604908419,False,25,0.0,True
12,-0.18193495176419738,False,,-0.18193495176419738,False,25,0.0,True
13,-0.08720943168236912,False,,-0.08720943168236912,False,25,0.0,True
14,-0.1376955319346566,False,,-0.1376955319346566,False,25,0.0,True
15,-0.15520513115579412,False,,-0.15520513115579412,False,25,0.0,True
16,-0.10365199763355115,False,,-0.10365199763355115,False,25,0.0,True
17,-0.10058745575931319,False,,-0.10058745575931319,False,25,0.0,True
18,-0.10478400248636735,False,,-0.10478400248636735,False,25,0.0,True
19,-0.10893321712099037,False,,-0.10893321712099037,False,25,0.0,True
20,-0.11750751178434621,False,,-0.11750751178434621,False,25,0.0,True
21,-0.1224439120348208,False,,-0.1224439120348208,False,25,0.0,True
22,-0.14168077026368903,False,,-0.14168077026368903,False,25,0.0,True
23,-0.11725679681592556,False,,-0.11725679681592556,False,25,0.0,True
24,-0.15995293599858817,False,,-0.15995293599858817,False,25,0.0,True
25,-0.12350781145317483,False,,-0.12350781145317483,False,25,0.0,True
26,-0.14050838116017567,False,,-0.14050838116017567,False,25,0.0,True
27,-0.13373155074095233,False,,-0.13373155074095233,False,25,0.0,True
28,-0.11031718118261638,False,,-0.11031718118261638,False,25,0.0,True
29,-0.10286839284478325,False,,-0.10286839284478325,False,25,0.0,True
30,-0.09492118227216585,False,,-0.09492118227216585,False,25,0.0,True
31,-0.14871453051405625,False,,-0.14871453051405625,False,25,0.0,True
32,-0.1634471181380353,False,,-0.1634471181380353,False,25,0.0,True
33,-0.12815478309200656,False,,-0.12815478309200656,False,25,0.0,True
34,-0.15374534306405502,False,,-0.15374534306405502,False,25,0.0,True
35,-0.1386102273584441,False,,-0.1386102273584441,False,25,0.0,True
36,-0.16943785151848786,False,,-0.16943785151848786,False,25,0.0,True
37,-0.13182698670003443,False,,-0.13182698670003443,False,25,0.0,True
38,-0.13360492021851011,False,,-0.13360492021851011,False,25,0.0,True
39,-0.11780470959082864,False,,-0.11780470959082864,False,25,0.0,True
40,-0.12134162418099652,False,,-0.12134162418099652,False,25,0.0,True
41,-0.13347528379345527,False,,-0.13347528379345527,False,25,0.0,True
42,-0.17618770347132773,False,,-0.17618770347132773,False,25,0.0,True
43,-0.18779123656300206,False,,-0.18779123656300206,False,25,0.0,True
44,-0.11252831657643646,False,,-0.11252831657643646,False,25,0.0,True
45,-0.10031046861853354,False,,-0.10031046861853354,False,25,0.0,True
46,-0.14484349104611177,False,,-0.14484349104611177,False,25,0.0,True
47,-0.10838399224808143,False,,-0.10838399224808143,False,25,0.0,True
48,-0.1205873355358456,False,,-0.1205873355358456,False,25,0.0,True
49,-0.15825981591391433,False,,-0.15825981591391433,False,25,0.0,True
50,-0.17055276465258584,False,,-0.17055276465258584,False,25,0.0,True
51,-0.10826229975387337,False,,-0.10826229975387337,False,25,0.0,True
52,-0.10479423028479762,False,,-0.10479423028479762,False,25,0.0,True
53,-0.15462863934550383,False,,-0.15462863934550383,False,25,0.0,True
54,-0.1231909444968971,False,,-0.1231909444968971,False,25,0.0,True
55,-0.12656495506004023,False,,-0.12656495506004023,False,25,0.0,True
56,-0.17634964043189547,False,,-0.17634964043189547,False,25,0.0,True
57,-0.12108460774920202,False,,-0.12108460774920202,False,25,0.0,True
58,-0.10610035095089679,False,,-0.10610035095089679,False,25,0.0,True
59,-0.11705614420862323,False,,-0.11705614420862323,False,25,0.0,True
60,-0.11849722368726073,False,,-0.11849722368726073,False,25,0.0,True
61,-0.11135564716462587,False,,-0.11135564716462587,False,25,0.0,True
62,-0.1694908105399145,False,,-0.1694908105399145,False,25,0.0,True
63,-0.10972006177461639,False,,-0.10972006177461639,False,25,0.0,True
0,-0.14026950658339674,True,,-0.14026950658339674,True,26,0.0,True
1,-0.24606343625902388,False,,-0.24606343625902388,False,26,0.0,True
2,-0.08127846816354115,False,,-0.08127846816354115,False,26,0.0,True
3,-0.09478638704666598,False,,-0.09478638704666598,False,26,0.0,True
4,-0.08964001899892071,False,,-0.08964001899892071,False,26,0.0,True
5,-0.07365580177210762,False,,-0.07365580177210762,False,26,0.0,True
6,-0.13201070709912974,False,,-0.13201070709912974,False,26,0.0,True
7,-0.09482548066667691,False,,-0.09482548066667691,False,26,0.0,True
8,-0.0941833161682731,False,,-0.0941833161682731,False,26,0.0,True
9,-0.07497343401359757,False,,-0.07497343401359757,False,26,0.0,True
10,-0.09735481839656343,False,,-0.09735481839656343,False,26,0.0,True
11,-0.09687234051060324,False,,-0.09687234051060324,False,26,0.0,True
12,-0.07998633804593912,False,,-0.07998633804593912,False,26,0.0,True
13,-0.07270936410899351,False,,-0.07270936410899351,False,26,0.0,True
14,-0.07903367067083683,False,,-0.07903367067083683,False,26,0.0,True
15,-0.06436400747857074,False,,-0.06436400747857074,False,26,0.0,True
16,-0.08564602917251636,False,,-0.08564602917251636,False,26,0.0,True
17,-0.07572119582188722,False,,-0.07572119582188722,False,26,0.0,True
18,-0.10404685919384016,False,,-0.10404685919384016,False,26,0.0,True
19,-0.07918085995223711,False,,-0.07918085995223711,False,26,0.0,True
20,-0.07923434647721611,False,,-0.07923434647721611,False,26,0.0,True
21,-0.08296557174271163,False,,-0.08296557174271163,False,26,0.0,True
22,-0.08311041724682078,False,,-0.08311041724682078,False,26,0.0,True
23,-0.07131157196525377,False,,-0.07131157196525377,False,26,0.0,True
24,-0.06800827575866832,False,,-0.06800827575866832,False,26,0.0,True
25,-0.07950654857351513,False,,-0.07950654857351513,False,26,0.0,True
26,-0.08682917864213266,False,,-0.08682917864213266,False,26,0.0,True
27,-0.09213797074003421,False,,-0.09213797074003421,False,26,0.0,True
28,-0.0840743735190363,False,,-0.0840743735190363,False,26,0.0,True
29,-0.08180700880073473,False,,-0.08180700880073473,False,26,0.0,True
30,-0.1071713450052951,False,,-0.1071713450052951,False,26,0.0,True
31,-0.09562705056513053,False,,-0.09562705056513053,False,26,0.0,True
32,-0.08250276668808595,False,,-0.08250276668808595,False,26,0.0,True
33,-0.08788449359458991,False,,-0.08788449359458991,False,26,0.0,True
34,-0.0844428662652473,False,,-0.0844428662652473,False,26,0.0,True
35,-0.10750760533165571,False,,-0.10750760533165571,False,26,0.0,True
36,-0.09118375356751872,False,,-0.09118375356751872,False,26,0.0,True
37,-0.07227025820600641,False,,-0.07227025820600641,False,26,0.0,True
38,-0.10338933809604287,False,,-0.10338933809604287,False,26,0.0,True
39,-0.09100640520738576,False,,-0.09100640520738576,False,26,0.0,True
40,-0.0827735986321192,False,,-0.0827735986321192,False,26,0.0,True
41,-0.09052421722955015,False,,-0.09052421722955015,False,26,0.0,True
42,-0.11108899189477721,False,,-0.11108899189477721,False,26,0.0,True
43,-0.07951658628648256,False,,-0.07951658628648256,False,26,0.0,True
44,-0.08766323169021603,False,,-0.08766323169021603,False,26,0.0,True
45,-0.07253779592967272,False,,-0.07253779592967272,False,26,0.0,True
46,-0.08858479163542979,False,,-0.08858479163542979,False,26,0.0,True
47,-0.08534739485282525,False,,-0.08534739485282525,False,26,0.0,True
48,-0.08791586462456097,False,,-0.08791586462456097,False,26,0.0,True
49,-0.08213183152198637,False,,-0.08213183152198637,False,26,0.0,True
50,-0.08564689167184236,False,,-0.08564689167184236,False,26,0.0,True
51,-0.1110164865030025,False,,-0.1110164865030025,False,26,0.0,True
52,-0.09609250823235647,False,,-0.09609250823235647,False,26,0.0,True
53,-0.08648330485162642,False,,-0.08648330485162642,False,26,0.0,True
54,-0.08007868360212106,False,,-0.08007868360212106,False,26,0.0,True
55,-0.09071658446235618,False,,-0.09071658446235618,False,26,0.0,True
56,-0.09478229691463147,False,,-0.09478229691463147,False,26,0.0,True
57,-0.09030135748279039,False,,-0.09030135748279039,False,26,0.0,True
58,-0.09516178676254128,False,,-0.09516178676254128,False,26,0.0,True
59,-0.10199180829778293,False,,-0.10199180829778293,False,26,0.0,True
60,-0.08635435800485283,False,,-0.08635435800485283,False,26,0.0,True
61,-0.10947549903707385,False,,-0.10947549903707385,False,26,0.0,True
62,-0.08494780668878973,False,,-0.08494780668878973,False,26,0.0,True
63,-0.10519135090589493,False,,-0.10519135090589493,False,26,0.0,True
0,-0.24428514357004963,True,,-0.24428514357004963,True,27,0.0,True
1,-0.11740480734728798,False,,-0.11740480734728798,False,27,0.0,True
2,-0.11350249237149579,False,,-0.11350249237149579,False,27,0.0,True
3,-0.09563437700706089,False,,-0.09563437700706089,False,27,0.0,True
4,-0.11815156680657679,False,,-0.11815156680657679,False,27,0.0,True
5,-0.09046309492990026,False,,-0.09046309492990026,False,27,0.0,True
6,-0.1458890710516921,False,,-0.1458890710516921,False,27,0.0,True
7,-0.1237423236917153,False,,-0.1237423236917153,False,27,0.0,True
8,-0.13970680316083298,False,,-0.13970680316083298,False,27,0.0,True
9,-0.08466464653055358,False,,-0.08466464653055358,False,27,0.0,True
10,-0.12386408513115373,False,,-0.12386408513115373,False,27,0.0,True
11,-0.1102971440596208,False,,-0.1102971440596208,False,27,0.0,True
12,-0.12856924868186276,False,,-0.12856924868186276,False,27,0.0,True
13,-0.10055836755200251,False,,-0.10055836755200251,False,27,0.0,True
14,-0.11441766864299963,False,,-0.11441766864299963,False,27,0.0,True
15,-0.10413337521646451,False,,-0.10413337521646451,False,27,0.0,True
16,-0.10798254164886872,False,,-0.10798254164886872,False,27,0.0,True
17,-0.09732954428013613,False,,-0.09732954428013613,False,27,0.0,True
18,-0.17865676823618065,False,,-0.17865676823618065,False,27,0.0,True
19,-0.11444234354418809,False,,-0.11444234354418809,False,27,0.0,True
20,-0.10540326162143793,False,,-0.10540326162143793,False,27,0.0,True
21,-0.19244950932368715,False,,-0.19244950932368715,False,27,0.0,True
22,-0.12384805652814783,False,,-0.12384805652814783,False,27,0.0,True
23,-0.1148708328607107,False,,-0.1148708328607107,False,27,0.0,True
24,-0.1346115535013359,False,,-0.1346115535013359,False,27,0.0,True
25,-0.13851456966966907,False,,-0.13851456966966907,False,27,0.0,True
26,-0.1252607114220004,False,,-0.1252607114220004,False,27,0.0,True
27,-0.11587366524832647,False,,-0.11587366524832647,False,27,0.0,True
28,-0.10251224721129144,False,,-0.10251224721129144,False,27,0.0,True
29,-0.14251876049241735,False,,-0.14251876049241735,False,27,0.0,True
30,-0.13077219240999513,False,,-0.13077219240999513,False,27,0.0,True
31,-0.11632128172003085,False,,-0.11632128172003085,False,27,0.0,True
32,-0.12050406026193371,False,,-0.12050406026193371,False,27,0.0,True
33,-0.08472711094427746,False,,-0.08472711094427746,False,27,0.0,True
34,-0.10404469339845669,False,,-0.10404469339845669,False,27,0.0,True
35,-0.12302634450542656,False,,-0.12302634450542656,False,27,0.0,True
36,-0.11405287815908106,False,,-0.11405287815908106,False,27,0.0,True
37,-0.11588748720652065,False,,-0.11588748720652065,False,27,0.0,True
38,-0.09807291339002872,False,,-0.09807291339002872,False,27,0.0,True
39,-0.12397649873349412,False,,-0.12397649873349412,False,27,0.0,True
40,-0.1395006851082658,False,,-0.1395006851082658,False,27,0.0,True
41,-0.1171223714869212,False,,-0.1171223714869212,False,27,0.0,True
42,-0.12378510888109709,False,,-0.12378510888109709,False,27,0.0,True
43,-0.12634739405505846,False,,-0.12634739405505846,False,27,0.0,True
44,-0.09689319370080912,False,,-0.09689319370080912,False,27,0.0,True
45,-0.11012706858733161,False,,-0.11012706858733161,False,27,0.0,True
46,-0.1036494440248889,False,,-0.1036494440248889,False,27,0.0,True
47,-0.13056509819054918,False,,-0.13056509819054918,False,27,0.0,True
48,-0.11744574472825843,False,,-0.11744574472825843,False,27,0.0,True
49,-0.12029677280392251,False,,-0.12029677280392251,False,27,0.0,True
50,-0.17626704343314847,False,,-0.17626704343314847,False,27,0.0,True
51,-0.11363228683950442,False,,-0.11363228683950442,False,27,0.0,True
52,-0.11979068220005723,False,,-0.11979068220005723,False,27,0.0,True
53,-0.14848485076823548,False,,-0.14848485076823548,False,27,0.0,True
54,-0.11137220571526607,False,,-0.11137220571526607,False,27,0.0,True
55,-0.1305150577070292,False,,-0.1305150577070292,False,27,0.0,True
56,-0.13936940259556688,False,,-0.13936940259556688,False,27,0.0,True
57,-0.12115799134847861,False,,-0.12115799134847861,False,27,0.0,True
58,-0.12240879001630349,False,,-0.12240879001630349,False,27,0.0,True
59,-0.16751291400594362,False,,-0.16751291400594362,False,27,0.0,True
60,-0.15579456186574103,False,,-0.15579456186574103,False,27,0.0,True
61,-0.09396297165296116,False,,-0.09396297165296116,False,27,0.0,True
62,-0.13358533103522702,False,,-0.13358533103522702,False,27,0.0,True
63,-0.09142560950815004,False,,-0.09142560950815004,False,27,0.0,True
0,-0.23358486883303628,True,,-0.23358486883303628,True,28,0.0,True
1,-0.24518375431179346,False,,-0.24518375431179346,False,28,0.0,True
2,-0.16575794091074347,False,,-0.16575794091074347,False,28,0.0,True
3,-0.17182034503306198,False,,-0.17182034503306198,False,28,0.0,True
4,-0.18603603449026465,False,,-0.18603603449026465,False,28,0.0,True
5,-0.15690553843665433,False,,-0.15690553843665433,False,28,0.0,True
6,-0.18346583226628793,False,,-0.18346583226628793,False,28,0.0,True
7,-0.15213333331419143,False,,-0.15213333331419143,False,28,0.0,True
8,-0.14172160831147762,False,,-0.14172160831147762,False,28,0.0,True
9,-0.158172344591828,False,,-0.158172344591828,False,28,0.0,True
10,-0.15169931100230086,False,,-0.15169931100230086,False,28,0.0,True
11,-0.18508608223211287,False,,-0.18508608223211287,False,28,0.0,True
12,-0.15628510384032882,False,,-0.15628510384032882,False,28,0.0,True
13,-0.13856021984164607,False,,-0.13856021984164607,False,28,0.0,True
14,-0.14707988058530874,False,,-0.14707988058530874,False,28,0.0,True
15,-0.1579189679637377,False,,-0.1579189679637377,False,28,0.0,True
16,-0.14939381668106658,False,,-0.14939381668106658,False,28,0.0,True
17,-0.1324527441842303,False,,-0.1324527441842303,False,28,0.0,True
18,-0.1535571775111644,False,,-0.1535571775111644,False,28,0.0,True
19,-0.13913371517943274,False,,-0.13913371517943274,False,28,0.0,True
20,-0.15451362213683156,False,,-0.15451362213683156,False,28,0.0,True
21,-0.17384291833861293,False,,-0.17384291833861293,False,28,0.0,True
22,-0.14716152076258607,False,,-0.14716152076258607,False,28,0.0,True
23,-0.16891061977398117,False,,-0.16891061977398117,False,28,0.0,True
24,-0.1614531784889984,False,,-0.1614531784889984,False,28,0.0,True
25,-0.13884213088327185,False,,-0.13884213088327185,False,28,0.0,True
26,-0.18141616334813723,False,,-0.18141616334813723,False,28,0.0,True
27,-0.16372070710687534,False,,-0.16372070710687534,False,28,0.0,True
28,-0.1262242248697468,False,,-0.1262242248697468,False,28,0.0,True
29,-0.17455023036983874,False,,-0.17455023036983874,False,28,0.0,True
30,-0.1383569146747451,False,,-0.1383569146747451,False,28,0.0,True
31,-0.15438653656421555,False,,-0.15438653656421555,False,28,0.0,True
32,-0.15489876315851955,False,,-0.15489876315851955,False,28,0.0,True
33,-0.16569018652641793,False,,-0.16569018652641793,False,28,0.0,True
34,-0.167506129013119,False,,-0.167506129013119,False,28,0.0,True
35,-0.1669355543220387,False,,-0.1669355543220387,False,28,0.0,True
36,-0.15853369679664378,False,,-0.15853369679664378,False,28,0.0,True
37,-0.1381572491586343,False,,-0.1381572491586343,False,28,0.0,True
38,-0.1275839925951517,False,,-0.1275839925951517,False,28,0.0,True
39,-0.18818148155903772,False,,-0.18818148155903772,False,28,0.0,True
40,-0.16677843914112955,False,,-0.16677843914112955,False,28,0.0,True
41,-0.15815648784362413,False,,-0.15815648784362413,False,28,0.0,True
42,-0.13602978287221695,False,,-0.13602978287221695,False,28,0.0,True
43,-0.1728372743165284,False,,-0.1728372743165284,False,28,0.0,True
44,-0.14707895986988062,False,,-0.14707895986988062,False,28,0.0,True
45,-0.14249333370236053,False,,-0.14249333370236053,False,28,0.0,True
46,-0.15913483904049103,False,,-0.15913483904049103,False,28,0.0,True
47,-0.15037484740063203,False,,-0.15037484740063203,False,28,0.0,True
48,-0.16562154054295009,False,,-0.16562154054295009,False,28,0.0,True
49,-0.16520952643736325,False,,-0.16520952643736325,False,28,0.0,True
50,-0.15923702809734425,False,,-0.15923702809734425,False,28,0.0,True
51,-0.15184865713207887,False,,-0.15184865713207887,False,28,0.0,True
52,-0.16239610309810099,False,,-0.16239610309810099,False,28,0.0,True
53,-0.17593563257240355,False,,-0.17593563257240355,False,28,0.0,True
54,-0.1725284930718723,False,,-0.1725284930718723,False,28,0.0,True
55,-0.12528591819852475,False,,-0.12528591819852475,False,28,0.0,True
56,-0.1872870346291739,False,,-0.1872870346291739,False,28,0.0,True
57,-0.17123208054290526,False,,-0.17123208054290526,False,28,0.0,True
58,-0.15127557807707895,False,,-0.15127557807707895,False,28,0.0,True
59,-0.12692259315613155,False,,-0.12692259315613155,False,28,0.0,True
60,-0.1948154681481361,False,,-0.1948154681481361,False,28,0.0,True
61,-0.13624140888239022,False,,-0.13624140888239022,False,28,0.0,True
62,-0.16145059614828908,False,,-0.16145059614828908,False,28,0.0,True
63,-0.15871722882713346,False,,-0.15871722882713346,False,28,0.0,True
0,-0.23529647995113878,True,,-0.23529647995113878,True,29,0.0,True
1,-0.21437169922070887,False,,-0.21437169922070887,False,29,0.0,True
2,-0.19537028279610563,False,,-0.19537028279610563,False,29,0.0,True
3,-0.14426459090343166,False,,-0.14426459090343166,False,29,0.0,True
4,-0.14873186827311707,False,,-0.14873186827311707,False,29,0.0,True
5,-0.1463677093091157,False,,-0.1463677093091157,False,29,0.0,True
6,-0.13273415280677306,False,,-0.13273415280677306,False,29,0.0,True
7,-0.16216522695158436,False,,-0.16216522695158436,False,29,0.0,True
8,-0.12624189912753592,False,,-0.12624189912753592,False,29,0.0,True
9,-0.15061568261224723,False,,-0.15061568261224723,False,29,0.0,True
10,-0.13682552393386388,False,,-0.13682552393386388,False,29,0.0,True
11,-0.12579711551514766,False,,-0.12579711551514766,False,29,0.0,True
12,-0.1535011092465385,False,,-0.1535011092465385,False,29,0.0,True
13,-0.14848872829355475,False,,-0.14848872829355475,False,29,0.0,True
14,-0.1466153500645701,False,,-0.1466153500645701,False,29,0.0,True
15,-0.1513815239784999,False,,-0.1513815239784999,False,29,0.0,True
16,-0.15182549510596094,False,,-0.15182549510596094,False,29,0.0,True
17,-0.16025570040745168,False,,-0.16025570040745168,False,29,0.0,True
18,-0.17316388760372506,False,,-0.17316388760372506,False,29,0.0,True
19,-0.14317819439247048,False,,-0.14317819439247048,False,29,0.0,True
20,-0.14054921756698205,False,,-0.14054921756698205,False,29,0.0,True
21,-0.16386398677531955,False,,-0.16386398677531955,False,29,0.0,True
22,-0.11205085957306488,False,,-0.11205085957306488,False,29,0.0,True
23,-0.1593809795929101,False,,-0.1593809795929101,False,29,0.0,True
24,-0.15118330239939398,False,,-0.15118330239939398,False,29,0.0,True
25,-0.1609423654410812,False,,-0.1609423654410812,False,29,0.0,True
26,-0.144321253401562,False,,-0.144321253401562,False,29,0.0,True
27,-0.16264010359557737,False,,-0.16264010359557737,False,29,0.0,True
28,-0.12321396225819295,False,,-0.12321396225819295,False,29,0.0,True
29,-0.15953116286324676,False,,-0.15953116286324676,False,29,0.0,True
30,-0.13435095814359205,False,,-0.13435095814359205,False,29,0.0,True
31,-0.16024232023700474,False,,-0.16024232023700474,False,29,0.0,True
32,-0.17795918745156997,False,,-0.17795918745156997,False,29,0.0,True
33,-0.1611777857991372,False,,-0.1611777857991372,False,29,0.0,True
34,-0.17339027650195007,False,,-0.17339027650195007,False,29,0.0,True
35,-0.12957938172196057,False,,-0.12957938172196057,False,29,0.0,True
36,-0.16169318561477625,False,,-0.16169318561477625,False,29,0.0,True
37,-0.12597680838142883,False,,-0.12597680838142883,False,29,0.0,True
38,-0.1489418037190064,False,,-0.1489418037190064,False,29,0.0,True
39,-0.16018959697912447,False,,-0.16018959697912447,False,29,0.0,True
40,-0.15676737645845767,False,,-0.15676737645845767,False,29,0.0,True
41,-0.16959316095770438,False,,-0.16959316095770438,False,29,0.0,True
42,-0.1403990901622993,False,,-0.1403990901622993,False,29,0.0,True
43,-0.11506085407672106,False,,-0.11506085407672106,False,29,0.0,True
44,-0.15329281918071325,False,,-0.15329281918071325,False,29,0.0,True
45,-0.12945244413292986,False,,-0.12945244413292986,False,29,0.0,True
46,-0.14613677394548005,False,,-0.14613677394548005,False,29,0.0,True
47,-0.12330831032859345,False,,-0.12330831032859345,False,29,0.0,True
48,-0.1601571923090909,False,,-0.1601571923090909,False,29,0.0,True
49,-0.1253584358013514,False,,-0.1253584358013514,False,29,0.0,True
50,-0.15479772117943386,False,,-0.15479772117943386,False,29,0.0,True
51,-0.15192721461928654,False,,-0.15192721461928654,False,29,0.0,True
52,-0.15373535665427357,False,,-0.15373535665427357,False,29,0.0,True
53,-0.14642490366324154,False,,-0.14642490366324154,False,29,0.0,True
54,-0.1639787671142737,False,,-0.1639787671142737,False,29,0.0,True
55,-0.18407119408816516,False,,-0.18407119408816516,False,29,0.0,True
56,-0.16820793597153735,False,,-0.16820793597153735,False,29,0.0,True
57,-0.1269372455000278,False,,-0.1269372455000278,False,29,0.0,True
58,-0.1517796882905505,False,,-0.1517796882905505,False,29,0.0,True
59,-0.17154872699669532,False,,-0.17154872699669532,False,29,0.0,True
60,-0.15824503612489124,False,,-0.15824503612489124,False,29,0.0,True
61,-0.16489791362351836,False,,-0.16489791362351836,False,29,0.0,True
62,-0.13050678836136173,False,,-0.13050678836136173,False,29,0.0,True
63,-0.15748126910696245,False,,-0.15748126910696245,False,29,0.0,True
0,-0.21229004938517748,True,,-0.21229004938517748,True,30,0.0,True
1,-0.20800728417319558,False,,-0.20800728417319558,False,30,0.0,True
2,-0.1601602926155389,False,,-0.1601602926155389,False,30,0.0,True
3,-0.12873300423118106,False,,-0.12873300423118106,False,30,0.0,True
4,-0.11764201461031475,False,,-0.11764201461031475,False,30,0.0,True
5,-0.12164608239425956,False,,-0.12164608239425956,False,30,0.0,True
6,-0.13632509989629515,False,,-0.13632509989629515,False,30,0.0,True
7,-0.1432718662371935,False,,-0.1432718662371935,False,30,0.0,True
8,-0.16413869337149214,False,,-0.16413869337149214,False,30,0.0,True
9,-0.13315770334015392,False,,-0.13315770334015392,False,30,0.0,True
10,-0.15237088375753005,False,,-0.15237088375753005,False,30,0.0,True
11,-0.12448164245196155,False,,-0.12448164245196155,False,30,0.0,True
12,-0.13295350193043687,False,,-0.13295350193043687,False,30,0.0,True
13,-0.1402478585500677,False,,-0.1402478585500677,False,30,0.0,True
14,-0.1584859447754136,False,,-0.1584859447754136,False,30,0.0,True
15,-0.15311266296575465,False,,-0.15311266296575465,False,30,0.0,True
16,-0.11982534174671586,False,,-0.11982534174671586,False,30,0.0,True
17,-0.12282530301127514,False,,-0.12282530301127514,False,30,0.0,True
18,-0.16297713095256253,False,,-0.16297713095256253,False,30,0.0,True
19,-0.15101942539650043,False,,-0.15101942539650043,False,30,0.0,True
20,-0.13819157470214327,False,,-0.13819157470214327,False,30,0.0,True
21,-0.15620320228062828,False,,-0.15620320228062828,False,30,0.0,True
22,-0.14952951879368948,False,,-0.14952951879368948,False,30,0.0,True
23,-0.1525270701558069,False,,-0.1525270701558069,False,30,0.0,True
24,-0.13033133692516807,False,,-0.13033133692516807,False,30,0.0,True
25,-0.11154470013114544,False,,-0.11154470013114544,False,30,0.0,True
26,-0.13893639578817704,False,,-0.13893639578817704,False,30,0.0,True
27,-0.14433538955322095,False,,-0.14433538955322095,False,30,0.0,True
28,-0.16398807053641895,False,,-0.16398807053641895,False,30,0.0,True
29,-0.11683436960355667,False,,-0.11683436960355667,False,30,0.0,True
30,-0.1266226515172507,False,,-0.1266226515172507,False,30,0.0,True
31,-0.12804008127078575,False,,-0.12804008127078575,False,30,0.0,True
32,-0.12036914156279953,False,,-0.12036914156279953,False,30,0.0,True
33,-0.11918838416499256,False,,-0.11918838416499256,False,30,0.0,True
34,-0.13469089076141677,False,,-0.13469089076141677,False,30,0.0,True
35,-0.15989885276562543,False,,-0.15989885276562543,False,30,0.0,True
36,-0.10772306393922933,False,,-0.10772306393922933,False,30,0.0,True
37,-0.13291719524682177,False,,-0.13291719524682177,False,30,0.0,True
38,-0.16790214101970796,False,,-0.16790214101970796,False,30,0.0,True
39,-0.1412941822606406,False,,-0.1412941822606406,False,30,0.0,True
40,-0.17240487846605762,False,,-0.17240487846605762,False,30,0.0,True
41,-0.15371475529984188,False,,-0.15371475529984188,False,30,0.0,True
42,-0.1485666221354593,False,,-0.1485666221354593,False,30,0.0,True
43,-0.1542307822377053,False,,-0.1542307822377053,False,30,0.0,True
44,-0.11532604273035944,False,,-0.11532604273035944,False,30,0.0,True
45,-0.13428457141720745,False,,-0.13428457141720745,False,30,0.0,True
46,-0.1105216597303511,False,,-0.1105216597303511,False,30,0.0,True
47,-0.10786624105124899,False,,-0.10786624105124899,False,30,0.0,True
48,-0.14192650356483796,False,,-0.14192650356483796,False,30,0.0,True
49,-0.12686708926674714,False,,-0.12686708926674714,False,30,0.0,True
50,-0.1443639639171444,False,,-0.1443639639171444,False,30,0.0,True
51,-0.11563975058368255,False,,-0.11563975058368255,False,30,0.0,True
52,-0.1402124370128654,False,,-0.1402124370128654,False,30,0.0,True
53,-0.1496767835381143,False,,-0.1496767835381143,False,30,0.0,True
54,-0.1428546096903294,False,,-0.1428546096903294,False,30,0.0,True
55,-0.12243390021418923,False,,-0.12243390021418923,False,30,0.0,True
56,-0.15288640244286217,False,,-0.15288640244286217,False,30,0.0,True
57,-0.14110632846785556,False,,-0.14110632846785556,False,30,0.0,True
58,-0.11709022132636678,False,,-0.11709022132636678,False,30,0.0,True
59,-0.16289632880701413,False,,-0.16289632880701413,False,30,0.0,True
60,-0.1308224408836248,False,,-0.1308224408836248,False,30,0.0,True
61,-0.11279761222253482,False,,-0.11279761222253482,False,30,0.0,True
62,-0.16293792014914418,False,,-0.16293792014914418,False,30,0.0,True
63,-0.16206374223793096,False,,-0.16206374223793096,False,30,0.0,True
0,-0.1785233792631633,True,,-0.1785233792631633,True,31,0.0,True
1,-0.23313957085590667,False,,-0.23313957085590667,False,31,0.0,True
2,-0.11289792796348429,False,,-0.11289792796348429,False,31,0.0,True
3,-0.15002097968104522,False,,-0.15002097968104522,False,31,0.0,True
4,-0.14089890653577822,False,,-0.14089890653577822,False,31,0.0,True
5,-0.1132956627859122,False,,-0.1132956627859122,False,31,0.0,True
6,-0.12337966961541084,False,,-0.12337966961541084,False,31,0.0,True
7,-0.11302420383779732,False,,-0.11302420383779732,False,31,0.0,True
8,-0.11170724707980927,False,,-0.11170724707980927,False,31,0.0,True
9,-0.12644990383830287,False,,-0.12644990383830287,False,31,0.0,True
10,-0.10780010330131704,False,,-0.10780010330131704,False,31,0.0,True
11,-0.11772129711948655,False,,-0.11772129711948655,False,31,0.0,True
12,-0.12064318154635595,False,,-0.12064318154635595,False,31,0.0,True
13,-0.10804539763839713,False,,-0.10804539763839713,False,31,0.0,True
14,-0.12910834307342028,False,,-0.12910834307342028,False,31,0.0,True
15,-0.09208570573000527,False,,-0.09208570573000527,False,31,0.0,True
16,-0.1256073179196209,False,,-0.1256073179196209,False,31,0.0,True
17,-0.10898995117174777,False,,-0.10898995117174777,False,31,0.0,True
18,-0.12367441332231452,False,,-0.12367441332231452,False,31,0.0,True
19,-0.14428633877957303,False,,-0.14428633877957303,False,31,0.0,True
20,-0.12153156425344327,False,,-0.12153156425344327,False,31,0.0,True
21,-0.12705769965187003,False,,-0.12705769965187003,False,31,0.0,True
22,-0.11992737187158851,False,,-0.11992737187158851,False,31,0.0,True
23,-0.11915536144226521,False,,-0.11915536144226521,False,31,0.0,True
24,-0.1477796947255351,False,,-0.1477796947255351,False,31,0.0,True
25,-0.14453244927596648,False,,-0.14453244927596648,False,31,0.0,True
26,-0.11650078993389629,False,,-0.11650078993389629,False,31,0.0,True
27,-0.11467995916611753,False,,-0.11467995916611753,False,31,0.0,True
28,-0.10025919385529765,False,,-0.10025919385529765,False,31,0.0,True
29,-0.11830941468142127,False,,-0.11830941468142127,False,31,0.0,True
30,-0.12510106303903437,False,,-0.12510106303903437,False,31,0.0,True
31,-0.10727341585503847,False,,-0.10727341585503847,False,31,0.0,True
32,-0.1024171273749332,False,,-0.1024171273749332,False,31,0.0,True
33,-0.11018939687994811,False,,-0.11018939687994811,False,31,0.0,True
34,-0.11709870248965748,False,,-0.11709870248965748,False,31,0.0,True
35,-0.10550726219151518,False,,-0.10550726219151518,False,31,0.0,True
36,-0.1267697077096594,False,,-0.1267697077096594,False,31,0.0,True
37,-0.11632093203463356,False,,-0.11632093203463356,False,31,0.0,True
38,-0.13050126437475035,False,,-0.13050126437475035,False,31,0.0,True
39,-0.1297823835492723,False,,-0.1297823835492723,False,31,0.0,True
40,-0.11144878430591273,False,,-0.11144878430591273,False,31,0.0,True
41,-0.1302787111297522,False,,-0.1302787111297522,False,31,0.0,True
42,-0.13503033242755932,False,,-0.13503033242755932,False,31,0.0,True
43,-0.12213439923438263,False,,-0.12213439923438263,False,31,0.0,True
44,-0.122218235689011,False,,-0.122218235689011,False,31,0.0,True
45,-0.10435842761385856,False,,-0.10435842761385856,False,31,0.0,True
46,-0.08607103307443575,False,,-0.08607103307443575,False,31,0.0,True
47,-0.10312333961384354,False,,-0.10312333961384354,False,31,0.0,True
48,-0.10626351619794853,False,,-0.10626351619794853,False,31,0.0,True
49,-0.11043321863504803,False,,-0.11043321863504803,False,31,0.0,True
50,-0.12408099081881035,False,,-0.12408099081881035,False,31,0.0,True
51,-0.09448852540579004,False,,-0.09448852540579004,False,31,0.0,True
52,-0.1163244464099773,False,,-0.1163244464099773,False,31,0.0,True
53,-0.09980393585635709,False,,-0.09980393585635709,False,31,0.0,True
54,-0.13152509212790683,False,,-0.13152509212790683,False,31,0.0,True
55,-0.09616925111646983,False,,-0.09616925111646983,False,31,0.0,True
56,-0.10946358162159758,False,,-0.10946358162159758,False,31,0.0,True
57,-0.10295214260264557,False,,-0.10295214260264557,False,31,0.0,True
58,-0.09861447317442042,False,,-0.09861447317442042,False,31,0.0,True
59,-0.13242832700017967,False,,-0.13242832700017967,False,31,0.0,True
60,-0.0879695767573694,False,,-0.0879695767573694,False,31,0.0,True
61,-0.12312286837466722,False,,-0.12312286837466722,False,31,0.0,True
62,-0.10838086790431167,False,,-0.10838086790431167,False,31,0.0,True
63,-0.12010479246007238,False,,-0.12010479246007238,False,31,0.0,True
0,-0.23178243967053133,True,,-0.23178243967053133,True,32,0.0,True
1,-0.1469041786190134,False,,-0.1469041786190134,False,32,0.0,True
2,-0.14926767979285244,False,,-0.14926767979285244,False,32,0.0,True
3,-0.15166827394747337,False,,-0.15166827394747337,False,32,0.0,True
4,-0.15660418722141123,False,,-0.15660418722141123,False,32,0.0,True
5,-0.17414457005426343,False,,-0.17414457005426343,False,32,0.0,True
6,-0.1362427937009383,False,,-0.1362427937009383,False,32,0.0,True
7,-0.13848346002440487,False,,-0.13848346002440487,False,32,0.0,True
8,-0.13695207036558865,False,,-0.13695207036558865,False,32,0.0,True
9,-0.16687827650139922,False,,-0.16687827650139922,False,32,0.0,True
10,-0.15623847988009487,False,,-0.15623847988009487,False,32,0.0,True
11,-0.15533927175192275,False,,-0.15533927175192275,False,32,0.0,True
12,-0.17932646195662635,False,,-0.17932646195662635,False,32,0.0,True
13,-0.15731887859923083,False,,-0.15731887859923083,False,32,0.0,True
14,-0.13390098901322237,False,,-0.13390098901322237,False,32,0.0,True
15,-0.16831174340767302,False,,-0.16831174340767302,False,32,0.0,True
16,-0.1466508351126447,False,,-0.1466508351126447,False,32,0.0,True
17,-0.1377601084966033,False,,-0.1377601084966033,False,32,0.0,True
18,-0.17034008105250936,False,,-0.17034008105250936,False,32,0.0,True
19,-0.1588189344411032,False,,-0.1588189344411032,False,32,0.0,True
20,-0.16061426477578924,False,,-0.16061426477578924,False,32,0.0,True
21,-0.1617120354952112,False,,-0.1617120354952112,False,32,0.0,True
22,-0.1740312735784879,False,,-0.1740312735784879,False,32,0.0,True
23,-0.13284033210909518,False,,-0.13284033210909518,False,32,0.0,True
24,-0.15932126024663806,False,,-0.15932126024663806,False,32,0.0,True
25,-0.15239399496126912,False,,-0.15239399496126912,False,32,0.0,True
26,-0.19163009340569487,False,,-0.19163009340569487,False,32,0.0,True
27,-0.14517903908210997,False,,-0.14517903908210997,False,32,0.0,True
28,-0.13838804954264727,False,,-0.13838804954264727,False,32,0.0,True
29,-0.14033580642180216,False,,-0.14033580642180216,False,32,0.0,True
30,-0.16425188996942378,False,,-0.16425188996942378,False,32,0.0,True
31,-0.1606782794641201,False,,-0.1606782794641201,False,32,0.0,True
32,-0.14648630923128947,False,,-0.14648630923128947,False,32,0.0,True
33,-0.14929097056149765,False,,-0.14929097056149765,False,32,0.0,True
34,-0.16884496221991033,False,,-0.16884496221991033,False,32,0.0,True
35,-0.13086092530924665,False,,-0.13086092530924665,False,32,0.0,True
36,-0.1899241996722773,False,,-0.1899241996722773,False,32,0.0,True
37,-0.17363141002518978,False,,-0.17363141002518978,False,32,0.0,True
38,-0.15522303147953992,False,,-0.15522303147953992,False,32,0.0,True
39,-0.15652299211391865,False,,-0.15652299211391865,False,32,0.0,True
40,-0.1576395774929718,False,,-0.1576395774929718,False,32,0.0,True
41,-0.17626366351520234,False,,-0.17626366351520234,False,32,0.0,True
42,-0.19893190290258964,False,,-0.19893190290258964,False,32,0.0,True
43,-0.1546095945174902,False,,-0.1546095945174902,False,32,0.0,True
44,-0.16477160058394374,False,,-0.16477160058394374,False,32,0.0,True
45,-0.17559302864670795,False,,-0.17559302864670795,False,32,0.0,True
46,-0.17542122051280487,False,,-0.17542122051280487,False,32,0.0,True
47,-0.15589341695982448,False,,-0.15589341695982448,False,32,0.0,True
48,-0.14153935878420942,False,,-0.14153935878420942,False,32,0.0,True
49,-0.17598076608919422,False,,-0.17598076608919422,False,32,0.0,True
50,-0.17129440477311153,False,,-0.17129440477311153,False,32,0.0,True
51,-0.18224408975561932,False,,-0.18224408975561932,False,32,0.0,True
52,-0.148432322363417,False,,-0.148432322363417,False,32,0.0,True
53,-0.15146727692062714,False,,-0.15146727692062714,False,32,0.0,True
54,-0.18489803392037368,False,,-0.18489803392037368,False,32,0.0,True
55,-0.18926366099366965,False,,-0.18926366099366965,False,32,0.0,True
56,-0.19106406418296296,False,,-0.19106406418296296,False,32,0.0,True
57,-0.1696291336297593,False,,-0.1696291336297593,False,32,0.0,True
58,-0.17547614697934388,False,,-0.17547614697934388,False,32,0.0,True
59,-0.12855023425280723,False,,-0.12855023425280723,False,32,0.0,True
60,-0.1504405656368501,False,,-0.1504405656368501,False,32,0.0,True
61,-0.14557378571818624,False,,-0.14557378571818624,False,32,0.0,True
62,-0.1719231102036199,False,,-0.1719231102036199,False,32,0.0,True
63,-0.1576107719936438,False,,-0.1576107719936438,False,32,0.0,True
0,-0.155035233002805,True,,-0.155035233002805,True,33,0.0,True
1,-0.22433116722912977,False,,-0.22433116722912977,False,33,0.0,True
2,-0.1034790650454849,False,,-0.1034790650454849,False,33,0.0,True
3,-0.13360150675821725,False,,-0.13360150675821725,False,33,0.0,True
4,-0.10138326215087662,False,,-0.10138326215087662,False,33,0.0,True
5,-0.1104395356754161,False,,-0.1104395356754161,False,33,0.0,True
6,-0.11042416648571804,False,,-0.11042416648571804,False,33,0.0,True
7,-0.10833249251133217,False,,-0.10833249251133217,False,33,0.0,True
8,-0.11851329641389138,False,,-0.11851329641389138,False,33,0.0,True
9,-0.10526627344019654,False,,-0.10526627344019654,False,33,0.0,True
10,-0.1049248753199296,False,,-0.1049248753199296,False,33,0.0,True
11,-0.10633297264774394,False,,-0.10633297264774394,False,33,0.0,True
12,-0.10797234547581719,False,,-0.10797234547581719,False,33,0.0,True
13,-0.095958904841061,False,,-0.095958904841061,False,33,0.0,True
14,-0.11989632589353828,False,,-0.11989632589353828,False,33,0.0,True
15,-0.1143382069655054,False,,-0.1143382069655054,False,33,0.0,True
16,-0.11101406631809692,False,,-0.11101406631809692,False,33,0.0,True
17,-0.10847882029771791,False,,-0.10847882029771791,False,33,0.0,True
18,-0.11165638939465526,False,,-0.11165638939465526,False,33,0.0,True
19,-0.10690588766662053,False,,-0.10690588766662053,False,33,0.0,True
20,-0.12379616920987302,False,,-0.12379616920987302,False,33,0.0,True
21,-0.11081069574655958,False,,-0.11081069574655958,False,33,0.0,True
22,-0.10657148075914791,False,,-0.10657148075914791,False,33,0.0,True
23,-0.10515914614274197,False,,-0.10515914614274197,False,33,0.0,True
24,-0.12527216092509844,False,,-0.12527216092509844,False,33,0.0,True
25,-0.10808099008324505,False,,-0.10808099008324505,False,33,0.0,True
26,-0.12472910091195093,False,,-0.12472910091195093,False,33,0.0,True
27,-0.100328319255588,False,,-0.100328319255588,False,33,0.0,True
28,-0.09794729098976918,False,,-0.09794729098976918,False,33,0.0,True
29,-0.10387693729914858,False,,-0.10387693729914858,False,33,0.0,True
30,-0.12364119171701303,False,,-0.12364119171701303,False,33,0.0,True
31,-0.10337017433632664,False,,-0.10337017433632664,False,33,0.0,True
32,-0.10215700095967536,False,,-0.10215700095967536,False,33,0.0,True
33,-0.10935686353673706,False,,-0.10935686353673706,False,33,0.0,True
34,-0.10776623464383574,False,,-0.10776623464383574,False,33,0.0,True
35,-0.12156739044844485,False,,-0.12156739044844485,False,33,0.0,True
36,-0.12234509971770863,False,,-0.12234509971770863,False,33,0.0,True
37,-0.10650501527046433,False,,-0.10650501527046433,False,33,0.0,True
38,-0.10963210129559159,False,,-0.10963210129559159,False,33,0.0,True
39,-0.11787967225505619,False,,-0.11787967225505619,False,33,0.0,True
40,-0.11315357123902338,False,,-0.11315357123902338,False,33,0.0,True
41,-0.10929835836976097,False,,-0.10929835836976097,False,33,0.0,True
42,-0.1265968118937324,False,,-0.1265968118937324,False,33,0.0,True
43,-0.11078729298012802,False,,-0.11078729298012802,False,33,0.0,True
44,-0.12574845528473502,False,,-0.12574845528473502,False,33,0.0,True
45,-0.1162538970908124,False,,-0.1162538970908124,False,33,0.0,True
46,-0.12070187613971137,False,,-0.12070187613971137,False,33,0.0,True
47,-0.11518985143601583,False,,-0.11518985143601583,False,33,0.0,True
48,-0.1044132966664788,False,,-0.1044132966664788,False,33,0.0,True
49,-0.11888354450854338,False,,-0.11888354450854338,False,33,0.0,True
50,-0.12123282975861571,False,,-0.12123282975861571,False,33,0.0,True
51,-0.1193842141382322,False,,-0.1193842141382322,False,33,0.0,True
52,-0.1136319855586604,False,,-0.1136319855586604,False,33,0.0,True
53,-0.11279620550682093,False,,-0.11279620550682093,False,33,0.0,True
54,-0.11149368534454819,False,,-0.11149368534454819,False,33,0.0,True
55,-0.11139758352327553,False,,-0.11139758352327553,False,33,0.0,True
56,-0.11996381650815702,False,,-0.11996381650815702,False,33,0.0,True
57,-0.11576387377784628,False,,-0.11576387377784628,False,33,0.0,True
58,-0.1341204475749549,False,,-0.1341204475749549,False,33,0.0,True
59,-0.10409742416284376,False,,-0.10409742416284376,False,33,0.0,True
60,-0.10718556742897783,False,,-0.10718556742897783,False,33,0.0,True
61,-0.10522350162944352,False,,-0.10522350162944352,False,33,0.0,True
62,-0.10567735749336862,False,,-0.10567735749336862,False,33,0.0,True
63,-0.11242969900940175,False,,-0.11242969900940175,False,33,0.0,True
0,-0.12494811446623959,True,,-0.12494811446623959,True,34,0.0,True
1,-0.11695990099807474,False,,-0.11695990099807474,False,34,0.0,True
2,-0.09919719755672504,False,,-0.09919719755672504,False,34,0.0,True
3,-0.1053834662247064,False,,-0.1053834662247064,False,34,0.0,True
4,-0.11110549299584938,False,,-0.11110549299584938,False,34,0.0,True
5,-0.10708156495983692,False,,-0.10708156495983692,False,34,0.0,True
6,-0.08752425463095392,False,,-0.08752425463095392,False,34,0.0,True
7,-0.1016241311072617,False,,-0.1016241311072617,False,34,0.0,True
8,-0.09725698833794222,False,,-0.09725698833794222,False,34,0.0,True
9,-0.09747932299242609,False,,-0.09747932299242609,False,34,0.0,True
10,-0.0975666421983632,False,,-0.0975666421983632,False,34,0.0,True
11,-0.08727368529190017,False,,-0.08727368529190017,False,34,0.0,True
12,-0.10309982195446848,False,,-0.10309982195446848,False,34,0.0,True
13,-0.10643228667645846,False,,-0.10643228667645846,False,34,0.0,True
14,-0.11220956287511652,False,,-0.11220956287511652,False,34,0.0,True
15,-0.10198883714309503,False,,-0.10198883714309503,False,34,0.0,True
16,-0.1110918081928022,False,,-0.1110918081928022,False,34,0.0,True
17,-0.1047610968895774,False,,-0.1047610968895774,False,34,0.0,True
18,-0.10061502712556113,False,,-0.10061502712556113,False,34,0.0,True
19,-0.10042830454363602,False,,-0.10042830454363602,False,34,0.0,True
20,-0.09905901647457324,False,,-0.09905901647457324,False,34,0.0,True
21,-0.10059061714456628,False,,-0.10059061714456628,False,34,0.0,True
22,-0.09431906563460069,False,,-0.09431906563460069,False,34,0.0,True
23,-0.10902910651090858,False,,-0.10902910651090858,False,34,0.0,True
24,-0.08691199448788621,False,,-0.08691199448788621,False,34,0.0,True
25,-0.09501245490632293,False,,-0.09501245490632293,False,34,0.0,True
26,-0.10148823747181057,False,,-0.10148823747181057,False,34,0.0,True
27,-0.11428253654899528,False,,-0.11428253654899528,False,34,0.0,True
28,-0.11228381565747,False,,-0.11228381565747,False,34,0.0,True
29,-0.0997801314346424,False,,-0.0997801314346424,False,34,0.0,True
30,-0.10875672038493309,False,,-0.10875672038493309,False,34,0.0,True
31,-0.10625220994179319,False,,-0.10625220994179319,False,34,0.0,True
32,-0.10517648342916958,False,,-0.10517648342916958,False,34,0.0,True
33,-0.10847527734075318,False,,-0.10847527734075318,False,34,0.0,True
34,-0.09423029647129513,False,,-0.09423029647129513,False,34,0.0,True
35,-0.11230566508420886,False,,-0.11230566508420886,False,34,0.0,True
36,-0.1006217371394737,False,,-0.1006217371394737,False,34,0.0,True
37,-0.09267628867453453,False,,-0.09267628867453453,False,34,0.0,True
38,-0.1026291002692987,False,,-0.1026291002692987,False,34,0.0,True
39,-0.10517802912646916,False,,-0.10517802912646916,False,34,0.0,True
40,-0.09260645514812729,False,,-0.09260645514812729,False,34,0.0,True
41,-0.09648471885342982,False,,-0.09648471885342982,False,34,0.0,True
42,-0.10179951015924113,False,,-0.10179951015924113,False,34,0.0,True
43,-0.10344269402517621,False,,-0.10344269402517621,False,34,0.0,True
44,-0.09844960324207604,False,,-0.09844960324207604,False,34,0.0,True
45,-0.10872461319995345,False,,-0.10872461319995345,False,34,0.0,True
46,-0.09746764343604404,False,,-0.09746764343604404,False,34,0.0,True
47,-0.11251535014858569,False,,-0.11251535014858569,False,34,0.0,True
48,-0.09510014717073187,False,,-0.09510014717073187,False,34,0.0,True
49,-0.10076218750454233,False,,-0.10076218750454233,False,34,0.0,True
50,-0.09904280093935008,False,,-0.09904280093935008,False,34,0.0,True
51,-0.10541146544233632,False,,-0.10541146544233632,False,34,0.0,True
52,-0.09815291235731341,False,,-0.09815291235731341,False,34,0.0,True
53,-0.1061133632522033,False,,-0.1061133632522033,False,34,0.0,True
54,-0.11106753717853782,False,,-0.11106753717853782,False,34,0.0,True
55,-0.09910356477844968,False,,-0.09910356477844968,False,34,0.0,True
56,-0.09579733043532174,False,,-0.09579733043532174,False,34,0.0,True
57,-0.10413403852533272,False,,-0.10413403852533272,False,34,0.0,True
58,-0.09219926272543946,False,,-0.09219926272543946,False,34,0.0,True
59,-0.09487514862080032,False,,-0.09487514862080032,False,34,0.0,True
60,-0.11172386392856594,False,,-0.11172386392856594,False,34,0.0,True
61,-0.10698363270950596,False,,-0.10698363270950596,False,34,0.0,True
62,-0.10753189320996437,False,,-0.10753189320996437,False,34,0.0,True
63,-0.09241015427433745,False,,-0.09241015427433745,False,34,0.0,True
0,-0.12326240323059325,True,,-0.12326240323059325,True,35,0.0,True
1,-0.11938997388427888,False,,-0.11938997388427888,False,35,0.0,True
2,-0.10116926045987028,False,,-0.10116926045987028,False,35,0.0,True
3,-0.10941345195077365,False,,-0.10941345195077365,False,35,0.0,True
4,-0.11194498948824542,False,,-0.11194498948824542,False,35,0.0,True
5,-0.10246673630755175,False,,-0.10246673630755175,False,35,0.0,True
6,-0.10543717252349219,False,,-0.10543717252349219,False,35,0.0,True
7,-0.10170601145636593,False,,-0.10170601145636593,False,35,0.0,True
8,-0.11077327433472926,False,,-0.11077327433472926,False,35,0.0,True
9,-0.1184854416964346,False,,-0.1184854416964346,False,35,0.0,True
10,-0.10094474315234543,False,,-0.10094474315234543,False,35,0.0,True
11,-0.11927878812831319,False,,-0.11927878812831319,False,35,0.0,True
12,-0.10955138072572425,False,,-0.10955138072572425,False,35,0.0,True
13,-0.09838829813974173,False,,-0.09838829813974173,False,35,0.0,True
14,-0.11016866078046275,False,,-0.11016866078046275,False,35,0.0,True
15,-0.10768910021483485,False,,-0.10768910021483485,False,35,0.0,True
16,-0.10509689998120586,False,,-0.10509689998120586,False,35,0.0,True
17,-0.10846155851062275,False,,-0.10846155851062275,False,35,0.0,True
18,-0.09791785266297179,False,,-0.09791785266297179,False,35,0.0,True
19,-0.10755527724171063,False,,-0.10755527724171063,False,35,0.0,True
20,-0.11188193571119559,False,,-0.11188193571119559,False,35,0.0,True
21,-0.10505293444622987,False,,-0.10505293444622987,False,35,0.0,True
22,-0.10571444205966876,False,,-0.10571444205966876,False,35,0.0,True
23,-0.10742546481283718,False,,-0.10742546481283718,False,35,0.0,True
24,-0.10772889274039175,False,,-0.10772889274039175,False,35,0.0,True
25,-0.11049948253813915,False,,-0.11049948253813915,False,35,0.0,True
26,-0.09992627806377206,False,,-0.09992627806377206,False,35,0.0,True
27,-0.11679526640239773,False,,-0.11679526640239773,False,35,0.0,True
28,-0.11014101529801792,False,,-0.11014101529801792,False,35,0.0,True
29,-0.0972668058890516,False,,-0.0972668058890516,False,35,0.0,True
30,-0.10277098057396625,False,,-0.10277098057396625,False,35,0.0,True
31,-0.10989774908799448,False,,-0.10989774908799448,False,35,0.0,True
32,-0.10802278194366183,False,,-0.10802278194366183,False,35,0.0,True
33,-0.11196930494973543,False,,-0.11196930494973543,False,35,0.0,True
34,-0.11536717137209208,False,,-0.11536717137209208,False,35,0.0,True
35,-0.1095877598513601,False,,-0.1095877598513601,False,35,0.0,True
36,-0.10973841036843127,False,,-0.10973841036843127,False,35,0.0,True
37,-0.12654678085283,False,,-0.12654678085283,False,35,0.0,True
38,-0.10276075643927075,False,,-0.10276075643927075,False,35,0.0,True
39,-0.09836570702684601,False,,-0.09836570702684601,False,35,0.0,True
40,-0.1054908225869682,False,,-0.1054908225869682,False,35,0.0,True
41,-0.10413762399225925,False,,-0.10413762399225925,False,35,0.0,True
42,-0.1106454285506164,False,,-0.1106454285506164,False,35,0.0,True
43,-0.11044538778566931,False,,-0.11044538778566931,False,35,0.0,True
44,-0.11470246877532257,False,,-0.11470246877532257,False,35,0.0,True
45,-0.1088860114155976,False,,-0.1088860114155976,False,35,0.0,True
46,-0.10640992238050478,False,,-0.10640992238050478,False,35,0.0,True
47,-0.10145434362627967,False,,-0.10145434362627967,False,35,0.0,True
48,-0.09866817157939037,False,,-0.09866817157939037,False,35,0.0,True
49,-0.10692232625439092,False,,-0.10692232625439092,False,35,0.0,True
50,-0.10556674670715575,False,,-0.10556674670715575,False,35,0.0,True
51,-0.11860717644272006,False,,-0.11860717644272006,False,35,0.0,True
52,-0.10433637886093186,False,,-0.10433637886093186,False,35,0.0,True
53,-0.10444504652162208,False,,-0.10444504652162208,False,35,0.0,True
54,-0.10068419317529592,False,,-0.10068419317529592,False,35,0.0,True
55,-0.10843951603466488,False,,-0.10843951603466488,False,35,0.0,True
56,-0.10401170442265517,False,,-0.10401170442265517,False,35,0.0,True
57,-0.1092131635544769,False,,-0.1092131635544769,False,35,0.0,True
58,-0.10608354694144455,False,,-0.10608354694144455,False,35,0.0,True
59,-0.09879298835013561,False,,-0.09879298835013561,False,35,0.0,True
60,-0.10239832334653384,False,,-0.10239832334653384,False,35,0.0,True
61,-0.09976105685976945,False,,-0.09976105685976945,False,35,0.0,True
62,-0.1107253279677819,False,,-0.1107253279677819,False,35,0.0,True
63,-0.10818480593007046,False,,-0.10818480593007046,False,35,0.0,True
0,-0.08162058616892863,True,,-0.08162058616892863,True,36,0.0,True
1,-0.08011599223523419,False,,-0.08011599223523419,False,36,0.0,True
2,-0.07948739919088373,False,,-0.07948739919088373,False,36,0.0,True
3,-0.07407055008523872,False,,-0.07407055008523872,False,36,0.0,True
4,-0.07928627186670173,False,,-0.07928627186670173,False,36,0.0,True
5,-0.07854959975158442,False,,-0.07854959975158442,False,36,0.0,True
6,-0.07350809541017105,False,,-0.07350809541017105,False,36,0.0,True
7,-0.07982885070646628,False,,-0.07982885070646628,False,36,0.0,True
8,-0.07273851853516308,False,,-0.07273851853516308,False,36,0.0,True
9,-0.07099459790465452,False,,-0.07099459790465452,False,36,0.0,True
10,-0.08028355156469863,False,,-0.08028355156469863,False,36,0.0,True
11,-0.08245272357914667,False,,-0.08245272357914667,False,36,0.0,True
12,-0.08071476214235239,False,,-0.08071476214235239,False,36,0.0,True
13,-0.07894014966888924,False,,-0.07894014966888924,False,36,0.0,True
14,-0.07236257112789618,False,,-0.07236257112789618,False,36,0.0,True
15,-0.0749957637769594,False,,-0.0749957637769594,False,36,0.0,True
16,-0.08955218104818266,False,,-0.08955218104818266,False,36,0.0,True
17,-0.07368453871363151,False,,-0.07368453871363151,False,36,0.0,True
18,-0.07148029771302022,False,,-0.07148029771302022,False,36,0.0,True
19,-0.07567255616231847,False,,-0.07567255616231847,False,36,0.0,True
20,-0.07256092270976242,False,,-0.07256092270976242,False,36,0.0,True
21,-0.07327410466553093,False,,-0.07327410466553093,False,36,0.0,True
22,-0.07162277882809512,False,,-0.07162277882809512,False,36,0.0,True
23,-0.08974893573436948,False,,-0.08974893573436948,False,36,0.0,True
24,-0.07871945436072356,False,,-0.07871945436072356,False,36,0.0,True
25,-0.0775033685431743,False,,-0.0775033685431743,False,36,0.0,True
26,-0.07195454247951188,False,,-0.07195454247951188,False,36,0.0,True
27,-0.07092284717157508,False,,-0.07092284717157508,False,36,0.0,True
28,-0.07455531385723568,False,,-0.07455531385723568,False,36,0.0,True
29,-0.07092664519011359,False,,-0.07092664519011359,False,36,0.0,True
30,-0.07359851048136334,False,,-0.07359851048136334,False,36,0.0,True
31,-0.07109912878077843,False,,-0.07109912878077843,False,36,0.0,True
32,-0.0717155853966422,False,,-0.0717155853966422,False,36,0.0,True
33,-0.07845996080875242,False,,-0.07845996080875242,False,36,0.0,True
34,-0.07792809726799091,False,,-0.07792809726799091,False,36,0.0,True
35,-0.08713228884410831,False,,-0.08713228884410831,False,36,0.0,True
36,-0.07430864909533427,False,,-0.07430864909533427,False,36,0.0,True
37,-0.0729627737195234,False,,-0.0729627737195234,False,36,0.0,True
38,-0.0772255615426686,False,,-0.0772255615426686,False,36,0.0,True
39,-0.07493993507678234,False,,-0.07493993507678234,False,36,0.0,True
40,-0.07235914729982615,False,,-0.07235914729982615,False,36,0.0,True
41,-0.07466520816324956,False,,-0.07466520816324956,False,36,0.0,True
42,-0.07662959600690245,False,,-0.07662959600690245,False,36,0.0,True
43,-0.07615042802360283,False,,-0.07615042802360283,False,36,0.0,True
44,-0.07432423461917448,False,,-0.07432423461917448,False,36,0.0,True
45,-0.08777160380388381,False,,-0.08777160380388381,False,36,0.0,True
46,-0.08302984546671771,False,,-0.08302984546671771,False,36,0.0,True
47,-0.09573009222764181,False,,-0.09573009222764181,False,36,0.0,True
48,-0.08085151970002341,False,,-0.08085151970002341,False,36,0.0,True
49,-0.08012576669548857,False,,-0.08012576669548857,False,36,0.0,True
50,-0.08172802175065103,False,,-0.08172802175065103,False,36,0.0,True
51,-0.07567761993876154,False,,-0.07567761993876154,False,36,0.0,True
52,-0.07982915423061887,False,,-0.07982915423061887,False,36,0.0,True
53,-0.0828780046220435,False,,-0.0828780046220435,False,36,0.0,True
54,-0.06501926313968887,False,,-0.06501926313968887,False,36,0.0,True
55,-0.08895666627272747,False,,-0.08895666627272747,False,36,0.0,True
56,-0.07682536614357215,False,,-0.07682536614357215,False,36,0.0,True
57,-0.07591228416484852,False,,-0.07591228416484852,False,36,0.0,True
58,-0.07918657086851426,False,,-0.07918657086851426,False,36,0.0,True
59,-0.0923224799022922,False,,-0.0923224799022922,False,36,0.0,True
60,-0.0730026441074968,False,,-0.0730026441074968,False,36,0.0,True
61,-0.07178569624081396,False,,-0.07178569624081396,False,36,0.0,True
62,-0.07592942736536452,False,,-0.07592942736536452,False,36,0.0,True
63,-0.07593494871538264,False,,-0.07593494871538264,False,36,0.0,True
0,-0.04859924242531628,True,,-0.04859924242531628,True,37,0.0,True
1,-0.05182219056863277,False,,-0.05182219056863277,False,37,0.0,True
2,-0.04894709293300367,False,,-0.04894709293300367,False,37,0.0,True
3,-0.0455002242208469,False,,-0.0455002242208469,False,37,0.0,True
4,-0.04049084781008883,False,,-0.04049084781008883,False,37,0.0,True
5,-0.0434053006000895,False,,-0.0434053006000895,False,37,0.0,True
6,-0.041322277618929745,False,,-0.041322277618929745,False,37,0.0,True
7,-0.06046924344204579,False,,-0.06046924344204579,False,37,0.0,True
8,-0.047513789374634394,False,,-0.047513789374634394,False,37,0.0,True
9,-0.04102463023288885,False,,-0.04102463023288885,False,37,0.0,True
10,-0.04087239143309064,False,,-0.04087239143309064,False,37,0.0,True
11,-0.05508033808594716,False,,-0.05508033808594716,False,37,0.0,True
12,-0.037483554526373544,False,,-0.037483554526373544,False,37,0.0,True
13,-0.060493455779114705,False,,-0.060493455779114705,False,37,0.0,True
14,-0.06032160626219325,False,,-0.06032160626219325,False,37,0.0,True
15,-0.05327851744031038,False,,-0.05327851744031038,False,37,0.0,True
16,-0.05223945863097816,False,,-0.05223945863097816,False,37,0.0,True
17,-0.04409384913093559,False,,-0.04409384913093559,False,37,0.0,True
18,-0.044994100787746225,False,,-0.044994100787746225,False,37,0.0,True
19,-0.04643071979093083,False,,-0.04643071979093083,False,37,0.0,True
20,-0.05373628895500479,False,,-0.05373628895500479,False,37,0.0,True
21,-0.039350409875239356,False,,-0.039350409875239356,False,37,0.0,True
22,-0.049594103073477794,False,,-0.049594103073477794,False,37,0.0,True
23,-0.047794977578178716,False,,-0.047794977578178716,False,37,0.0,True
24,-0.047360016544727365,False,,-0.047360016544727365,False,37,0.0,True
25,-0.040050158099564845,False,,-0.040050158099564845,False,37,0.0,True
26,-0.05434066672705509,False,,-0.05434066672705509,False,37,0.0,True
27,-0.06112796600929414,False,,-0.06112796600929414,False,37,0.0,True
28,-0.05472218559883874,False,,-0.05472218559883874,False,37,0.0,True
29,-0.04072153973733586,False,,-0.04072153973733586,False,37,0.0,True
30,-0.04460154767502501,False,,-0.04460154767502501,False,37,0.0,True
31,-0.04568544385718476,False,,-0.04568544385718476,False,37,0.0,True
32,-0.06032977222725903,False,,-0.06032977222725903,False,37,0.0,True
33,-0.04449208651048016,False,,-0.04449208651048016,False,37,0.0,True
34,-0.053520746756622876,False,,-0.053520746756622876,False,37,0.0,True
35,-0.0542532562461771,False,,-0.0542532562461771,False,37,0.0,True
36,-0.045154725333619014,False,,-0.045154725333619014,False,37,0.0,True
37,-0.03996040920780212,False,,-0.03996040920780212,False,37,0.0,True
38,-0.047334491525209896,False,,-0.047334491525209896,False,37,0.0,True
39,-0.06413747295068135,False,,-0.06413747295068135,False,37,0.0,True
40,-0.055012374179861004,False,,-0.055012374179861004,False,37,0.0,True
41,-0.04450761803602148,False,,-0.04450761803602148,False,37,0.0,True
42,-0.04451787311565776,False,,-0.04451787311565776,False,37,0.0,True
43,-0.04560728586618182,False,,-0.04560728586618182,False,37,0.0,True
44,-0.04883274815589866,False,,-0.04883274815589866,False,37,0.0,True
45,-0.039985760399831996,False,,-0.039985760399831996,False,37,0.0,True
46,-0.053132069598580633,False,,-0.053132069598580633,False,37,0.0,True
47,-0.040684458100457954,False,,-0.040684458100457954,False,37,0.0,True
48,-0.055065061523317325,False,,-0.055065061523317325,False,37,0.0,True
49,-0.04025437372098988,False,,-0.04025437372098988,False,37,0.0,True
50,-0.042597178026547056,False,,-0.042597178026547056,False,37,0.0,True
51,-0.05661780786680769,False,,-0.05661780786680769,False,37,0.0,True
52,-0.042596400732361435,False,,-0.042596400732361435,False,37,0.0,True
53,-0.040186153816679476,False,,-0.040186153816679476,False,37,0.0,True
54,-0.04059757174328825,False,,-0.04059757174328825,False,37,0.0,True
55,-0.049223860948394135,False,,-0.049223860948394135,False,37,0.0,True
56,-0.04060214253873224,False,,-0.04060214253873224,False,37,0.0,True
57,-0.0426974521754591,False,,-0.0426974521754591,False,37,0.0,True
58,-0.04539753263494038,False,,-0.04539753263494038,False,37,0.0,True
59,-0.04067012096832285,False,,-0.04067012096832285,False,37,0.0,True
60,-0.05853216773246571,False,,-0.05853216773246571,False,37,0.0,True
61,-0.04262273584143125,False,,-0.04262273584143125,False,37,0.0,True
62,-0.04893814486686631,False,,-0.04893814486686631,False,37,0.0,True
63,-0.048315453417880905,False,,-0.048315453417880905,False,37,0.0,True
0,-0.04840278545643527,True,,-0.04840278545643527,True,38,0.0,True
1,-0.0455266822964072,False,,-0.0455266822964072,False,38,0.0,True
2,-0.034892077131722765,False,,-0.034892077131722765,False,38,0.0,True
3,-0.04896791987011881,False,,-0.04896791987011881,False,38,0.0,True
4,-0.03425908989594157,False,,-0.03425908989594157,False,38,0.0,True
5,-0.03985567102974974,False,,-0.03985567102974974,False,38,0.0,True
6,-0.04986256039939834,False,,-0.04986256039939834,False,38,0.0,True
7,-0.03106463706563508,False,,-0.03106463706563508,False,38,0.0,True
8,-0.033716402036446214,False,,-0.033716402036446214,False,38,0.0,True
9,-0.04940200211358786,False,,-0.04940200211358786,False,38,0.0,True
10,-0.031667425978267646,False,,-0.031667425978267646,False,38,0.0,True
11,-0.0440177119449879,False,,-0.0440177119449879,False,38,0.0,True
12,-0.03137206595134834,False,,-0.03137206595134834,False,38,0.0,True
13,-0.037078043080501444,False,,-0.037078043080501444,False,38,0.0,True
14,-0.0331308120960139,False,,-0.0331308120960139,False,38,0.0,True
15,-0.049705726077090784,False,,-0.049705726077090784,False,38,0.0,True
16,-0.036817050624559367,False,,-0.036817050624559367,False,38,0.0,True
17,-0.033492753446822586,False,,-0.033492753446822586,False,38,0.0,True
18,-0.05201088809991186,False,,-0.05201088809991186,False,38,0.0,True
19,-0.044823363621911805,False,,-0.044823363621911805,False,38,0.0,True
20,-0.03324963605450353,False,,-0.03324963605450353,False,38,0.0,True
21,-0.033365288124345006,False,,-0.033365288124345006,False,38,0.0,True
22,-0.046095619709131216,False,,-0.046095619709131216,False,38,0.0,True
23,-0.03717642618291837,False,,-0.03717642618291837,False,38,0.0,True
24,-0.03451652131794418,False,,-0.03451652131794418,False,38,0.0,True
25,-0.04942421324215059,False,,-0.04942421324215059,False,38,0.0,True
26,-0.0445446053305904,False,,-0.0445446053305904,False,38,0.0,True
27,-0.046223769266433186,False,,-0.046223769266433186,False,38,0.0,True
28,-0.0343956800265789,False,,-0.0343956800265789,False,38,0.0,True
29,-0.04421300005731167,False,,-0.04421300005731167,False,38,0.0,True
30,-0.06483073662196698,False,,-0.06483073662196698,False,38,0.0,True
31,-0.037457166076080586,False,,-0.037457166076080586,False,38,0.0,True
32,-0.03877880021972761,False,,-0.03877880021972761,False,38,0.0,True
33,-0.03633008286365856,False,,-0.03633008286365856,False,38,0.0,True
34,-0.04391356988945398,False,,-0.04391356988945398,False,38,0.0,True
35,-0.041591848005616314,False,,-0.041591848005616314,False,38,0.0,True
36,-0.031490373951346406,False,,-0.031490373951346406,False,38,0.0,True
37,-0.04539103213055588,False,,-0.04539103213055588,False,38,0.0,True
38,-0.04169759290287835,False,,-0.04169759290287835,False,38,0.0,True
39,-0.03210527234020598,False,,-0.03210527234020598,False,38,0.0,True
40,-0.035525235853931476,False,,-0.035525235853931476,False,38,0.0,True
41,-0.044092198741021674,False,,-0.044092198741021674,False,38,0.0,True
42,-0.04226823374948362,False,,-0.04226823374948362,False,38,0.0,True
43,-0.041172874060342736,False,,-0.041172874060342736,False,38,0.0,True
44,-0.03851888724255825,False,,-0.03851888724255825,False,38,0.0,True
45,-0.0361420933091656,False,,-0.0361420933091656,False,38,0.0,True
46,-0.03659299917922516,False,,-0.03659299917922516,False,38,0.0,True
47,-0.045334894954435156,False,,-0.045334894954435156,False,38,0.0,True
48,-0.04490698028815543,False,,-0.04490698028815543,False,38,0.0,True
49,-0.032783103983146156,False,,-0.032783103983146156,False,38,0.0,True
50,-0.029635784075080017,False,,-0.029635784075080017,False,38,0.0,True
51,-0.04291959353779503,False,,-0.04291959353779503,False,38,0.0,True
52,-0.04067006593128787,False,,-0.04067006593128787,False,38,0.0,True
53,-0.03701375351252388,False,,-0.03701375351252388,False,38,0.0,True
54,-0.04324964944596297,False,,-0.04324964944596297,False,38,0.0,True
55,-0.03367743078602754,False,,-0.03367743078602754,False,38,0.0,True
56,-0.04591773528182817,False,,-0.04591773528182817,False,38,0.0,True
57,-0.03510116817096941,False,,-0.03510116817096941,False,38,0.0,True
58,-0.04009224698605844,False,,-0.04009224698605844,False,38,0.0,True
59,-0.03429373876150109,False,,-0.03429373876150109,False,38,0.0,True
60,-0.03725312020747144,False,,-0.03725312020747144,False,38,0.0,True
61,-0.05224320023927477,False,,-0.05224320023927477,False,38,0.0,True
62,-0.03626113286885882,False,,-0.03626113286885882,False,38,0.0,True
63,-0.03646446043742585,False,,-0.03646446043742585,False,38,0.0,True
0,-0.062362881177699565,True,,-0.062362881177699565,True,39,0.0,True
1,-0.06219392542249987,False,,-0.06219392542249987,False,39,0.0,True
2,-0.04762150068494649,False,,-0.04762150068494649,False,39,0.0,True
3,-0.05393539951017705,False,,-0.05393539951017705,False,39,0.0,True
4,-0.053381158836058665,False,,-0.053381158836058665,False,39,0.0,True
5,-0.04619372710523666,False,,-0.04619372710523666,False,39,0.0,True
6,-0.040863317502988786,False,,-0.040863317502988786,False,39,0.0,True
7,-0.040917304373147036,False,,-0.040917304373147036,False,39,0.0,True
8,-0.046335772573735584,False,,-0.046335772573735584,False,39,0.0,True
9,-0.04194186909979723,False,,-0.04194186909979723,False,39,0.0,True
10,-0.04079155288679703,False,,-0.04079155288679703,False,39,0.0,True
11,-0.042023720304214016,False,,-0.042023720304214016,False,39,0.0,True
12,-0.05297224758646911,False,,-0.05297224758646911,False,39,0.0,True
13,-0.044412179298794846,False,,-0.044412179298794846,False,39,0.0,True
14,-0.04654190056832684,False,,-0.04654190056832684,False,39,0.0,True
15,-0.043408741859843766,False,,-0.043408741859843766,False,39,0.0,True
16,-0.05296895646161561,False,,-0.05296895646161561,False,39,0.0,True
17,-0.04576966557610103,False,,-0.04576966557610103,False,39,0.0,True
18,-0.038111514266422536,False,,-0.038111514266422536,False,39,0.0,True
19,-0.06556624442694922,False,,-0.06556624442694922,False,39,0.0,True
20,-0.04001557684957843,False,,-0.04001557684957843,False,39,0.0,True
21,-0.047934433478012364,False,,-0.047934433478012364,False,39,0.0,True
22,-0.04990848676321726,False,,-0.04990848676321726,False,39,0.0,True
23,-0.06485836050592485,False,,-0.06485836050592485,False,39,0.0,True
24,-0.046013686910763615,False,,-0.046013686910763615,False,39,0.0,True
25,-0.04285661229198189,False,,-0.04285661229198189,False,39,0.0,True
26,-0.044769349512191095,False,,-0.044769349512191095,False,39,0.0,True
27,-0.04030157391725839,False,,-0.04030157391725839,False,39,0.0,True
28,-0.04327302575862422,False,,-0.04327302575862422,False,39,0.0,True
29,-0.04010610094274247,False,,-0.04010610094274247,False,39,0.0,True
30,-0.043072375659351736,False,,-0.043072375659351736,False,39,0.0,True
31,-0.041181603630754335,False,,-0.041181603630754335,False,39,0.0,True
32,-0.051472652859541536,False,,-0.051472652859541536,False,39,0.0,True
33,-0.0495169329316863,False,,-0.0495169329316863,False,39,0.0,True
34,-0.053238837514949705,False,,-0.053238837514949705,False,39,0.0,True
35,-0.04764963161724674,False,,-0.04764963161724674,False,39,0.0,True
36,-0.040448978093274926,False,,-0.040448978093274926,False,39,0.0,True
37,-0.045969537016777716,False,,-0.045969537016777716,False,39,0.0,True
38,-0.039640774684935445,False,,-0.039640774684935445,False,39,0.0,True
39,-0.04364419619206283,False,,-0.04364419619206283,False,39,0.0,True
40,-0.05252817445172693,False,,-0.05252817445172693,False,39,0.0,True
41,-0.05193117357154572,False,,-0.05193117357154572,False,39,0.0,True
42,-0.051491410610401384,False,,-0.051491410610401384,False,39,0.0,True
43,-0.052700490045988646,False,,-0.052700490045988646,False,39,0.0,True
44,-0.049420750746507515,False,,-0.049420750746507515,False,39,0.0,True
45,-0.051027501678254324,False,,-0.051027501678254324,False,39,0.0,True
46,-0.0683024580839751,False,,-0.0683024580839751,False,39,0.0,True
47,-0.04786590030894823,False,,-0.04786590030894823,False,39,0.0,True
48,-0.05482942385044574,False,,-0.05482942385044574,False,39,0.0,True
49,-0.048950843140594405,False,,-0.048950843140594405,False,39,0.0,True
50,-0.05249177291991318,False,,-0.05249177291991318,False,39,0.0,True
51,-0.04377077024138913,False,,-0.04377077024138913,False,39,0.0,True
52,-0.04749436249487334,False,,-0.04749436249487334,False,39,0.0,True
53,-0.044172459623020466,False,,-0.044172459623020466,False,39,0.0,True
54,-0.05181313944214145,False,,-0.05181313944214145,False,39,0.0,True
55,-0.03918240697598488,False,,-0.03918240697598488,False,39,0.0,True
56,-0.03819008237233583,False,,-0.03819008237233583,False,39,0.0,True
57,-0.045937021687107976,False,,-0.045937021687107976,False,39,0.0,True
58,-0.04006953790268525,False,,-0.04006953790268525,False,39,0.0,True
59,-0.04334653132920894,False,,-0.04334653132920894,False,39,0.0,True
60,-0.036522442700628266,False,,-0.036522442700628266,False,39,0.0,True
61,-0.041046793580141856,False,,-0.041046793580141856,False,39,0.0,True
62,-0.049854214163709665,False,,-0.049854214163709665,False,39,0.0,True
63,-0.0562874661348054,False,,-0.0562874661348054,False,39,0.0,True
0,-0.049792057875272536,True,,-0.049792057875272536,True,40,0.0,True
1,-0.05792259661838278,False,,-0.05792259661838278,False,40,0.0,True
2,-0.0466992206088682,False,,-0.0466992206088682,False,40,0.0,True
3,-0.043872522060442495,False,,-0.043872522060442495,False,40,0.0,True
4,-0.04493071421284856,False,,-0.04493071421284856,False,40,0.0,True
5,-0.05413275429495016,False,,-0.05413275429495016,False,40,0.0,True
6,-0.038955837341271435,False,,-0.038955837341271435,False,40,0.0,True
7,-0.046829383948203365,False,,-0.046829383948203365,False,40,0.0,True
8,-0.04272307304208879,False,,-0.04272307304208879,False,40,0.0,True
9,-0.03731643127029606,False,,-0.03731643127029606,False,40,0.0,True
10,-0.02741591203264096,False,,-0.02741591203264096,False,40,0.0,True
11,-0.05494736588869151,False,,-0.05494736588869151,False,40,0.0,True
12,-0.03325063032996643,False,,-0.03325063032996643,False,40,0.0,True
13,-0.04446193027786663,False,,-0.04446193027786663,False,40,0.0,True
14,-0.04500717537602468,False,,-0.04500717537602468,False,40,0.0,True
15,-0.04767114047351986,False,,-0.04767114047351986,False,40,0.0,True
16,-0.0501966857363387,False,,-0.0501966857363387,False,40,0.0,True
17,-0.03744776060626131,False,,-0.03744776060626131,False,40,0.0,True
18,-0.05674456468561967,False,,-0.05674456468561967,False,40,0.0,True
19,-0.03432517756503527,False,,-0.03432517756503527,False,40,0.0,True
20,-0.03240807957555644,False,,-0.03240807957555644,False,40,0.0,True
21,-0.03694169665850203,False,,-0.03694169665850203,False,40,0.0,True
22,-0.04610851814027921,False,,-0.04610851814027921,False,40,0.0,True
23,-0.05732924819223633,False,,-0.05732924819223633,False,40,0.0,True
24,-0.03642322411815581,False,,-0.03642322411815581,False,40,0.0,True
25,-0.038113679442566724,False,,-0.038113679442566724,False,40,0.0,True
26,-0.04134597135125985,False,,-0.04134597135125985,False,40,0.0,True
27,-0.03494707090885451,False,,-0.03494707090885451,False,40,0.0,True
28,-0.04403376605707255,False,,-0.04403376605707255,False,40,0.0,True
29,-0.043213080000677584,False,,-0.043213080000677584,False,40,0.0,True
30,-0.027224077056580955,False,,-0.027224077056580955,False,40,0.0,True
31,-0.0480049749762865,False,,-0.0480049749762865,False,40,0.0,True
32,-0.04109092828199983,False,,-0.04109092828199983,False,40,0.0,True
33,-0.05425448598833112,False,,-0.05425448598833112,False,40,0.0,True
34,-0.038015155184589346,False,,-0.038015155184589346,False,40,0.0,True
35,-0.04564289444140146,False,,-0.04564289444140146,False,40,0.0,True
36,-0.03707569052724945,False,,-0.03707569052724945,False,40,0.0,True
37,-0.0318488367744146,False,,-0.0318488367744146,False,40,0.0,True
38,-0.046397305523848936,False,,-0.046397305523848936,False,40,0.0,True
39,-0.042234037021587914,False,,-0.042234037021587914,False,40,0.0,True
40,-0.03608506665821894,False,,-0.03608506665821894,False,40,0.0,True
41,-0.0342241642932363,False,,-0.0342241642932363,False,40,0.0,True
42,-0.048164836478728934,False,,-0.048164836478728934,False,40,0.0,True
43,-0.04676126742201674,False,,-0.04676126742201674,False,40,0.0,True
44,-0.050552306124634135,False,,-0.050552306124634135,False,40,0.0,True
45,-0.048593143121176754,False,,-0.048593143121176754,False,40,0.0,True
46,-0.041996006595572274,False,,-0.041996006595572274,False,40,0.0,True
47,-0.039244245502376644,False,,-0.039244245502376644,False,40,0.0,True
48,-0.034387598750952555,False,,-0.034387598750952555,False,40,0.0,True
49,-0.04655135176228902,False,,-0.04655135176228902,False,40,0.0,True
50,-0.04783713788569933,False,,-0.04783713788569933,False,40,0.0,True
51,-0.05873267430234316,False,,-0.05873267430234316,False,40,0.0,True
52,-0.037837116969731605,False,,-0.037837116969731605,False,40,0.0,True
53,-0.03430522705351841,False,,-0.03430522705351841,False,40,0.0,True
54,-0.05761175904313397,False,,-0.05761175904313397,False,40,0.0,True
55,-0.0625314252537822,False,,-0.0625314252537822,False,40,0.0,True
56,-0.03696631894416235,False,,-0.03696631894416235,False,40,0.0,True
57,-0.04138899755527293,False,,-0.04138899755527293,False,40,0.0,True
58,-0.03317581881768408,False,,-0.03317581881768408,False,40,0.0,True
59,-0.040799719702829314,False,,-0.040799719702829314,False,40,0.0,True
60,-0.04018197905608727,False,,-0.04018197905608727,False,40,0.0,True
61,-0.03161619461291521,False,,-0.03161619461291521,False,40,0.0,True
62,-0.03834806752884554,False,,-0.03834806752884554,False,40,0.0,True
63,-0.0438961447655464,False,,-0.0438961447655464,False,40,0.0,True
0,-0.1401774936323489,True,,-0.1401774936323489,True,41,0.0,True
1,-0.12290783295772884,False,,-0.12290783295772884,False,41,0.0,True
2,-0.11285064589077536,False,,-0.11285064589077536,False,41,0.0,True
3,-0.10336075268273301,False,,-0.10336075268273301,False,41,0.0,True
4,-0.10491166039195134,False,,-0.10491166039195134,False,41,0.0,True
5,-0.10337131902714539,False,,-0.10337131902714539,False,41,0.0,True
6,-0.11467669705437579,False,,-0.11467669705437579,False,41,0.0,True
7,-0.10129333068365394,False,,-0.10129333068365394,False,41,0.0,True
8,-0.10267099067199757,False,,-0.10267099067199757,False,41,0.0,True
9,-0.10600130600678091,False,,-0.10600130600678091,False,41,0.0,True
10,-0.09155623581441337,False,,-0.09155623581441337,False,41,0.0,True
11,-0.10287496562089488,False,,-0.10287496562089488,False,41,0.0,True
12,-0.1253515911563503,False,,-0.1253515911563503,False,41,0.0,True
13,-0.09234554584912534,False,,-0.09234554584912534,False,41,0.0,True
14,-0.10881081758992292,False,,-0.10881081758992292,False,41,0.0,True
15,-0.10691724004699876,False,,-0.10691724004699876,False,41,0.0,True
16,-0.10477433830174833,False,,-0.10477433830174833,False,41,0.0,True
17,-0.10787148139535407,False,,-0.10787148139535407,False,41,0.0,True
18,-0.09887524594538041,False,,-0.09887524594538041,False,41,0.0,True
19,-0.10111023629590202,False,,-0.10111023629590202,False,41,0.0,True
20,-0.08943673419995372,False,,-0.08943673419995372,False,41,0.0,True
21,-0.11070009381649061,False,,-0.11070009381649061,False,41,0.0,True
22,-0.09956670343525698,False,,-0.09956670343525698,False,41,0.0,True
23,-0.09995752176646167,False,,-0.09995752176646167,False,41,0.0,True
24,-0.10122086630175545,False,,-0.10122086630175545,False,41,0.0,True
25,-0.1027245009956203,False,,-0.1027245009956203,False,41,0.0,True
26,-0.10833526814617084,False,,-0.10833526814617084,False,41,0.0,True
27,-0.0956710297047346,False,,-0.0956710297047346,False,41,0.0,True
28,-0.10089628855242055,False,,-0.10089628855242055,False,41,0.0,True
29,-0.11134374321858832,False,,-0.11134374321858832,False,41,0.0,True
30,-0.11068932413202989,False,,-0.11068932413202989,False,41,0.0,True
31,-0.1039159342428032,False,,-0.1039159342428032,False,41,0.0,True
32,-0.11237467715097775,False,,-0.11237467715097775,False,41,0.0,True
33,-0.10473713932132611,False,,-0.10473713932132611,False,41,0.0,True
34,-0.10996100586995716,False,,-0.10996100586995716,False,41,0.0,True
35,-0.10265095430593471,False,,-0.10265095430593471,False,41,0.0,True
36,-0.1062931414118242,False,,-0.1062931414118242,False,41,0.0,True
37,-0.1079304668446354,False,,-0.1079304668446354,False,41,0.0,True
38,-0.10540618490117365,False,,-0.10540618490117365,False,41,0.0,True
39,-0.103232206272651,False,,-0.103232206272651,False,41,0.0,True
40,-0.10350012323655772,False,,-0.10350012323655772,False,41,0.0,True
41,-0.1005311392786066,False,,-0.1005311392786066,False,41,0.0,True
42,-0.09568000617718327,False,,-0.09568000617718327,False,41,0.0,True
43,-0.09827719539378821,False,,-0.09827719539378821,False,41,0.0,True
44,-0.1144096844643061,False,,-0.1144096844643061,False,41,0.0,True
45,-0.11307534502883113,False,,-0.11307534502883113,False,41,0.0,True
46,-0.0991967365075701,False,,-0.0991967365075701,False,41,0.0,True
47,-0.11404484194819646,False,,-0.11404484194819646,False,41,0.0,True
48,-0.10995043659150795,False,,-0.10995043659150795,False,41,0.0,True
49,-0.11121656447194196,False,,-0.11121656447194196,False,41,0.0,True
50,-0.10941911521320072,False,,-0.10941911521320072,False,41,0.0,True
51,-0.10167496345363469,False,,-0.10167496345363469,False,41,0.0,True
52,-0.10093460355087433,False,,-0.10093460355087433,False,41,0.0,True
53,-0.1038248704244546,False,,-0.1038248704244546,False,41,0.0,True
54,-0.10517427966896127,False,,-0.10517427966896127,False,41,0.0,True
55,-0.0958178261399216,False,,-0.0958178261399216,False,41,0.0,True
56,-0.09529720962873257,False,,-0.09529720962873257,False,41,0.0,True
57,-0.10703560398934546,False,,-0.10703560398934546,False,41,0.0,True
58,-0.10280200130473163,False,,-0.10280200130473163,False,41,0.0,True
59,-0.09562047776392402,False,,-0.09562047776392402,False,41,0.0,True
60,-0.10578115203637065,False,,-0.10578115203637065,False,41,0.0,True
61,-0.11887225720654017,False,,-0.11887225720654017,False,41,0.0,True
62,-0.100527034048797,False,,-0.100527034048797,False,41,0.0,True
63,-0.10363998532387757,False,,-0.10363998532387757,False,41,0.0,True
0,-0.18859500231623919,True,,-0.18859500231623919,True,42,0.0,True
1,-0.1828097813288798,False,,-0.1828097813288798,False,42,0.0,True
2,-0.1801089417819619,False,,-0.1801089417819619,False,42,0.0,True
3,-0.17065120848524007,False,,-0.17065120848524007,False,42,0.0,True
4,-0.11912105735523829,False,,-0.11912105735523829,False,42,0.0,True
5,-0.15202130787540347,False,,-0.15202130787540347,False,42,0.0,True
6,-0.16235727372897474,False,,-0.16235727372897474,False,42,0.0,True
7,-0.19386279972420817,False,,-0.19386279972420817,False,42,0.0,True
8,-0.16023325861749443,False,,-0.16023325861749443,False,42,0.0,True
9,-0.15332821782178846,False,,-0.15332821782178846,False,42,0.0,True
10,-0.18614365346504924,False,,-0.18614365346504924,False,42,0.0,True
11,-0.14745015880163181,False,,-0.14745015880163181,False,42,0.0,True
12,-0.1417142484715491,False,,-0.1417142484715491,False,42,0.0,True
13,-0.20898971363033025,False,,-0.20898971363033025,False,42,0.0,True
14,-0.15852802257787874,False,,-0.15852802257787874,False,42,0.0,True
15,-0.14784800289657507,False,,-0.14784800289657507,False,42,0.0,True
16,-0.1385428363809302,False,,-0.1385428363809302,False,42,0.0,True
17,-0.18040113031174076,False,,-0.18040113031174076,False,42,0.0,True
18,-0.14010401715266413,False,,-0.14010401715266413,False,42,0.0,True
19,-0.15980784736534612,False,,-0.15980784736534612,False,42,0.0,True
20,-0.16601964737987723,False,,-0.16601964737987723,False,42,0.0,True
21,-0.14824856369198522,False,,-0.14824856369198522,False,42,0.0,True
22,-0.15657797592509884,False,,-0.15657797592509884,False,42,0.0,True
23,-0.1659965890050063,False,,-0.1659965890050063,False,42,0.0,True
24,-0.1776659678393409,False,,-0.1776659678393409,False,42,0.0,True
25,-0.141104071413042,False,,-0.141104071413042,False,42,0.0,True
26,-0.15921343921037306,False,,-0.15921343921037306,False,42,0.0,True
27,-0.13368770544945666,False,,-0.13368770544945666,False,42,0.0,True
28,-0.1407519171647881,False,,-0.1407519171647881,False,42,0.0,True
29,-0.1659705850141059,False,,-0.1659705850141059,False,42,0.0,True
30,-0.17636906947085793,False,,-0.17636906947085793,False,42,0.0,True
31,-0.13253275385455793,False,,-0.13253275385455793,False,42,0.0,True
32,-0.17093516179488133,False,,-0.17093516179488133,False,42,0.0,True
33,-0.1580019041031266,False,,-0.1580019041031266,False,42,0.0,True
34,-0.1764691284304073,False,,-0.1764691284304073,False,42,0.0,True
35,-0.1381195727446112,False,,-0.1381195727446112,False,42,0.0,True
36,-0.1649080731665283,False,,-0.1649080731665283,False,42,0.0,True
37,-0.1338527389540778,False,,-0.1338527389540778,False,42,0.0,True
38,-0.13435083906644535,False,,-0.13435083906644535,False,42,0.0,True
39,-0.16447152056168252,False,,-0.16447152056168252,False,42,0.0,True
40,-0.17010123709096817,False,,-0.17010123709096817,False,42,0.0,True
41,-0.14981222686891943,False,,-0.14981222686891943,False,42,0.0,True
42,-0.14881491576650646,False,,-0.14881491576650646,False,42,0.0,True
43,-0.15059702123354574,False,,-0.15059702123354574,False,42,0.0,True
44,-0.1291518368179369,False,,-0.1291518368179369,False,42,0.0,True
45,-0.1664910635420876,False,,-0.1664910635420876,False,42,0.0,True
46,-0.14660701283167493,False,,-0.14660701283167493,False,42,0.0,True
47,-0.16646641085149433,False,,-0.16646641085149433,False,42,0.0,True
48,-0.14265023091556495,False,,-0.14265023091556495,False,42,0.0,True
49,-0.1668453543955517,False,,-0.1668453543955517,False,42,0.0,True
50,-0.15556564152384195,False,,-0.15556564152384195,False,42,0.0,True
51,-0.17544644263063264,False,,-0.17544644263063264,False,42,0.0,True
52,-0.13837727431917768,False,,-0.13837727431917768,False,42,0.0,True
53,-0.15365957969923322,False,,-0.15365957969923322,False,42,0.0,True
54,-0.14488156636591615,False,,-0.14488156636591615,False,42,0.0,True
55,-0.14567722116674892,False,,-0.14567722116674892,False,42,0.0,True
56,-0.15237362427166784,False,,-0.15237362427166784,False,42,0.0,True
57,-0.1497569433411472,False,,-0.1497569433411472,False,42,0.0,True
58,-0.1594505187184776,False,,-0.1594505187184776,False,42,0.0,True
59,-0.1756008153574422,False,,-0.1756008153574422,False,42,0.0,True
60,-0.15709559433040537,False,,-0.15709559433040537,False,42,0.0,True
61,-0.14356212050946507,False,,-0.14356212050946507,False,42,0.0,True
62,-0.17484529092835824,False,,-0.17484529092835824,False,42,0.0,True
63,-0.18610797952880057,False,,-0.18610797952880057,False,42,0.0,True
0,-0.20803644671625837,True,,-0.20803644671625837,True,43,0.0,True
1,-0.2171247646281166,False,,-0.2171247646281166,False,43,0.0,True
2,-0.15216637646439474,False,,-0.15216637646439474,False,43,0.0,True
3,-0.13793028670785895,False,,-0.13793028670785895,False,43,0.0,True
4,-0.1497719654753747,False,,-0.1497719654753747,False,43,0.0,True
5,-0.15046038126795483,False,,-0.15046038126795483,False,43,0.0,True
6,-0.1550221513015082,False,,-0.1550221513015082,False,43,0.0,True
7,-0.1459914951554906,False,,-0.1459914951554906,False,43,0.0,True
8,-0.14441448796839962,False,,-0.14441448796839962,False,43,0.0,True
9,-0.14689536657756216,False,,-0.14689536657756216,False,43,0.0,True
10,-0.14237795532075276,False,,-0.14237795532075276,False,43,0.0,True
11,-0.1420500900211418,False,,-0.1420500900211418,False,43,0.0,True
12,-0.14997912196350316,False,,-0.14997912196350316,False,43,0.0,True
13,-0.15071225351213663,False,,-0.15071225351213663,False,43,0.0,True
14,-0.14049470757009555,False,,-0.14049470757009555,False,43,0.0,True
15,-0.149971201922676,False,,-0.149971201922676,False,43,0.0,True
16,-0.15361442560779143,False,,-0.15361442560779143,False,43,0.0,True
17,-0.14462029285351397,False,,-0.14462029285351397,False,43,0.0,True
18,-0.1372379745126172,False,,-0.1372379745126172,False,43,0.0,True
19,-0.1502443908604867,False,,-0.1502443908604867,False,43,0.0,True
20,-0.15704309413834883,False,,-0.15704309413834883,False,43,0.0,True
21,-0.14110445794816667,False,,-0.14110445794816667,False,43,0.0,True
22,-0.15139745822325806,False,,-0.15139745822325806,False,43,0.0,True
23,-0.14176717062407648,False,,-0.14176717062407648,False,43,0.0,True
24,-0.15047087863736164,False,,-0.15047087863736164,False,43,0.0,True
25,-0.14349048265936853,False,,-0.14349048265936853,False,43,0.0,True
26,-0.14100601021596162,False,,-0.14100601021596162,False,43,0.0,True
27,-0.15277484293595153,False,,-0.15277484293595153,False,43,0.0,True
28,-0.14613482764031155,False,,-0.14613482764031155,False,43,0.0,True
29,-0.14158583042573458,False,,-0.14158583042573458,False,43,0.0,True
30,-0.14631826106686352,False,,-0.14631826106686352,False,43,0.0,True
31,-0.1522501008520737,False,,-0.1522501008520737,False,43,0.0,True
32,-0.14729477711206376,False,,-0.14729477711206376,False,43,0.0,True
33,-0.14492090609109914,False,,-0.14492090609109914,False,43,0.0,True
34,-0.151103797576648,False,,-0.151103797576648,False,43,0.0,True
35,-0.1473464174365729,False,,-0.1473464174365729,False,43,0.0,True
36,-0.15091172777102024,False,,-0.15091172777102024,False,43,0.0,True
37,-0.1620354810911328,False,,-0.1620354810911328,False,43,0.0,True
38,-0.15437554532806097,False,,-0.15437554532806097,False,43,0.0,True
39,-0.16288707941317335,False,,-0.16288707941317335,False,43,0.0,True
40,-0.1467565192239012,False,,-0.1467565192239012,False,43,0.0,True
41,-0.15163322230299026,False,,-0.15163322230299026,False,43,0.0,True
42,-0.1547035063178383,False,,-0.1547035063178383,False,43,0.0,True
43,-0.14168114294378353,False,,-0.14168114294378353,False,43,0.0,True
44,-0.1452221999789678,False,,-0.1452221999789678,False,43,0.0,True
45,-0.1457062151737194,False,,-0.1457062151737194,False,43,0.0,True
46,-0.15623352020661382,False,,-0.15623352020661382,False,43,0.0,True
47,-0.15046257185953593,False,,-0.15046257185953593,False,43,0.0,True
48,-0.14804084246443205,False,,-0.14804084246443205,False,43,0.0,True
49,-0.14579215856315336,False,,-0.14579215856315336,False,43,0.0,True
50,-0.13714609728331018,False,,-0.13714609728331018,False,43,0.0,True
51,-0.14607689350233033,False,,-0.14607689350233033,False,43,0.0,True
52,-0.14599627800806309,False,,-0.14599627800806309,False,43,0.0,True
53,-0.1372720748926578,False,,-0.1372720748926578,False,43,0.0,True
54,-0.14897183889543555,False,,-0.14897183889543555,False,43,0.0,True
55,-0.14755167795064222,False,,-0.14755167795064222,False,43,0.0,True
56,-0.14284966225181053,False,,-0.14284966225181053,False,43,0.0,True
57,-0.1509063818764051,False,,-0.1509063818764051,False,43,0.0,True
58,-0.1484691874610292,False,,-0.1484691874610292,False,43,0.0,True
59,-0.15196033472541332,False,,-0.15196033472541332,False,43,0.0,True
60,-0.1439302376902874,False,,-0.1439302376902874,False,43,0.0,True
61,-0.15885058685833536,False,,-0.15885058685833536,False,43,0.0,True
62,-0.1510441119958233,False,,-0.1510441119958233,False,43,0.0,True
63,-0.16082907297200444,False,,-0.16082907297200444,False,43,0.0,True
0,-0.250387680274024,True,,-0.250387680274024,True,44,0.0,True
1,-0.22713739722245363,False,,-0.22713739722245363,False,44,0.0,True
2,-0.1692073575962841,False,,-0.1692073575962841,False,44,0.0,True
3,-0.17092979546800674,False,,-0.17092979546800674,False,44,0.0,True
4,-0.20129496527284133,False,,-0.20129496527284133,False,44,0.0,True
5,-0.1840188888470814,False,,-0.1840188888470814,False,44,0.0,True
6,-0.17536270981579494,False,,-0.17536270981579494,False,44,0.0,True
7,-0.16219521155934838,False,,-0.16219521155934838,False,44,0.0,True
8,-0.180206124622378,False,,-0.180206124622378,False,44,0.0,True
9,-0.16802898956410178,False,,-0.16802898956410178,False,44,0.0,True
10,-0.17401373898822264,False,,-0.17401373898822264,False,44,0.0,True
11,-0.1630521506501776,False,,-0.1630521506501776,False,44,0.0,True
12,-0.16552556503105598,False,,-0.16552556503105598,False,44,0.0,True
13,-0.17869178210128064,False,,-0.17869178210128064,False,44,0.0,True
14,-0.16824587587347725,False,,-0.16824587587347725,False,44,0.0,True
15,-0.16689300785612077,False,,-0.16689300785612077,False,44,0.0,True
16,-0.1880376395386711,False,,-0.1880376395386711,False,44,0.0,True
17,-0.16352049157906404,False,,-0.16352049157906404,False,44,0.0,True
18,-0.17561073561111373,False,,-0.17561073561111373,False,44,0.0,True
19,-0.17936307830013884,False,,-0.17936307830013884,False,44,0.0,True
20,-0.1699898103746068,False,,-0.1699898103746068,False,44,0.0,True
21,-0.17709311289618135,False,,-0.17709311289618135,False,44,0.0,True
22,-0.18725456912406846,False,,-0.18725456912406846,False,44,0.0,True
23,-0.16593408614862376,False,,-0.16593408614862376,False,44,0.0,True
24,-0.18657343424049605,False,,-0.18657343424049605,False,44,0.0,True
25,-0.16306821618048328,False,,-0.16306821618048328,False,44,0.0,True
26,-0.1718896637790066,False,,-0.1718896637790066,False,44,0.0,True
27,-0.17619016889854183,False,,-0.17619016889854183,False,44,0.0,True
28,-0.1753082554658462,False,,-0.1753082554658462,False,44,0.0,True
29,-0.16463263862915317,False,,-0.16463263862915317,False,44,0.0,True
30,-0.18007187281935277,False,,-0.18007187281935277,False,44,0.0,True
31,-0.17867107826884301,False,,-0.17867107826884301,False,44,0.0,True
32,-0.17780432383790212,False,,-0.17780432383790212,False,44,0.0,True
33,-0.19008958401192946,False,,-0.19008958401192946,False,44,0.0,True
34,-0.1747414222552038,False,,-0.1747414222552038,False,44,0.0,True
35,-0.18827264349783018,False,,-0.18827264349783018,False,44,0.0,True
36,-0.17885543610783072,False,,-0.17885543610783072,False,44,0.0,True
37,-0.16778510298703697,False,,-0.16778510298703697,False,44,0.0,True
38,-0.17426521381746368,False,,-0.17426521381746368,False,44,0.0,True
39,-0.16194568591288083,False,,-0.16194568591288083,False,44,0.0,True
40,-0.17396347414556568,False,,-0.17396347414556568,False,44,0.0,True
41,-0.1771984643104113,False,,-0.1771984643104113,False,44,0.0,True
42,-0.18085526155832693,False,,-0.18085526155832693,False,44,0.0,True
43,-0.17640267912515156,False,,-0.17640267912515156,False,44,0.0,True
44,-0.17120939102663107,False,,-0.17120939102663107,False,44,0.0,True
45,-0.1787949502201942,False,,-0.1787949502201942,False,44,0.0,True
46,-0.16026337830356985,False,,-0.16026337830356985,False,44,0.0,True
47,-0.18921602481127625,False,,-0.18921602481127625,False,44,0.0,True
48,-0.18118870885542807,False,,-0.18118870885542807,False,44,0.0,True
49,-0.18509963308363941,False,,-0.18509963308363941,False,44,0.0,True
50,-0.17147554434794315,False,,-0.17147554434794315,False,44,0.0,True
51,-0.1800147994838684,False,,-0.1800147994838684,False,44,0.0,True
52,-0.18342747056283565,False,,-0.18342747056283565,False,44,0.0,True
53,-0.1790259360415879,False,,-0.1790259360415879,False,44,0.0,True
54,-0.1587381147190628,False,,-0.1587381147190628,False,44,0.0,True
55,-0.16754260232783377,False,,-0.16754260232783377,False,44,0.0,True
56,-0.16375187456525775,False,,-0.16375187456525775,False,44,0.0,True
57,-0.16835456384371603,False,,-0.16835456384371603,False,44,0.0,True
58,-0.18545640557819904,False,,-0.18545640557819904,False,44,0.0,True
59,-0.18541059217256095,False,,-0.18541059217256095,False,44,0.0,True
60,-0.1657654338155396,False,,-0.1657654338155396,False,44,0.0,True
61,-0.1686214209393111,False,,-0.1686214209393111,False,44,0.0,True
62,-0.1707458696893479,False,,-0.1707458696893479,False,44,0.0,True
63,-0.17722878649276766,False,,-0.17722878649276766,False,44,0.0,True
0,-0.2592704096157726,True,,-0.2592704096157726,True,45,0.0,True
1,-0.2876437186937716,False,,-0.2876437186937716,False,45,0.0,True
2,-0.19394229406677999,False,,-0.19394229406677999,False,45,0.0,True
3,-0.20597431045380094,False,,-0.20597431045380094,False,45,0.0,True
4,-0.2030832740178937,False,,-0.2030832740178937,False,45,0.0,True
5,-0.1958210399024572,False,,-0.1958210399024572,False,45,0.0,True
6,-0.2078870128976606,False,,-0.2078870128976606,False,45,0.0,True
7,-0.21533244279190306,False,,-0.21533244279190306,False,45,0.0,True
8,-0.19533282356853185,False,,-0.19533282356853185,False,45,0.0,True
9,-0.19001865258250925,False,,-0.19001865258250925,False,45,0.0,True
10,-0.19269034645185185,False,,-0.19269034645185185,False,45,0.0,True
11,-0.18949667746170634,False,,-0.18949667746170634,False,45,0.0,True
12,-0.18767852579762462,False,,-0.18767852579762462,False,45,0.0,True
13,-0.19853814840588654,False,,-0.19853814840588654,False,45,0.0,True
14,-0.1908152136555509,False,,-0.1908152136555509,False,45,0.0,True
15,-0.1872638295500477,False,,-0.1872638295500477,False,45,0.0,True
16,-0.1918841040807036,False,,-0.1918841040807036,False,45,0.0,True
17,-0.19778224689212565,False,,-0.19778224689212565,False,45,0.0,True
18,-0.19381138911853957,False,,-0.19381138911853957,False,45,0.0,True
19,-0.1958626433000826,False,,-0.1958626433000826,False,45,0.0,True
20,-0.1949314041018061,False,,-0.1949314041018061,False,45,0.0,True
21,-0.1834604065292094,False,,-0.1834604065292094,False,45,0.0,True
22,-0.19918328973119995,False,,-0.19918328973119995,False,45,0.0,True
23,-0.20269680025801995,False,,-0.20269680025801995,False,45,0.0,True
24,-0.2019748277964085,False,,-0.2019748277964085,False,45,0.0,True
25,-0.187765821890087,False,,-0.187765821890087,False,45,0.0,True
26,-0.18637033288633326,False,,-0.18637033288633326,False,45,0.0,True
27,-0.19397601505004797,False,,-0.19397601505004797,False,45,0.0,True
28,-0.2032595699366321,False,,-0.2032595699366321,False,45,0.0,True
29,-0.18645226422663916,False,,-0.18645226422663916,False,45,0.0,True
30,-0.19593793997133963,False,,-0.19593793997133963,False,45,0.0,True
31,-0.20186437118642292,False,,-0.20186437118642292,False,45,0.0,True
32,-0.19801140305230092,False,,-0.19801140305230092,False,45,0.0,True
33,-0.18814616285705038,False,,-0.18814616285705038,False,45,0.0,True
34,-0.19758282042821065,False,,-0.19758282042821065,False,45,0.0,True
35,-0.19239459389276908,False,,-0.19239459389276908,False,45,0.0,True
36,-0.18847780680889942,False,,-0.18847780680889942,False,45,0.0,True
37,-0.19020930480574455,False,,-0.19020930480574455,False,45,0.0,True
38,-0.18441229028244124,False,,-0.18441229028244124,False,45,0.0,True
39,-0.19577910217580674,False,,-0.19577910217580674,False,45,0.0,True
40,-0.19379209246155607,False,,-0.19379209246155607,False,45,0.0,True
41,-0.19808402545060516,False,,-0.19808402545060516,False,45,0.0,True
42,-0.20001531246199825,False,,-0.20001531246199825,False,45,0.0,True
43,-0.18749895598618277,False,,-0.18749895598618277,False,45,0.0,True
44,-0.19646986051615034,False,,-0.19646986051615034,False,45,0.0,True
45,-0.1861483228029005,False,,-0.1861483228029005,False,45,0.0,True
46,-0.19032227612128277,False,,-0.19032227612128277,False,45,0.0,True
47,-0.19098585028700013,False,,-0.19098585028700013,False,45,0.0,True
48,-0.19146004165930386,False,,-0.19146004165930386,False,45,0.0,True
49,-0.20271912353854576,False,,-0.20271912353854576,False,45,0.0,True
50,-0.18807099940199287,False,,-0.18807099940199287,False,45,0.0,True
51,-0.2115525913425038,False,,-0.2115525913425038,False,45,0.0,True
52,-0.1902521332331866,False,,-0.1902521332331866,False,45,0.0,True
53,-0.18543735830508246,False,,-0.18543735830508246,False,45,0.0,True
54,-0.1889359976240099,False,,-0.1889359976240099,False,45,0.0,True
55,-0.184734796615524,False,,-0.184734796615524,False,45,0.0,True
56,-0.19598634300107062,False,,-0.19598634300107062,False,45,0.0,True
57,-0.20088297785661022,False,,-0.20088297785661022,False,45,0.0,True
58,-0.20442185526822537,False,,-0.20442185526822537,False,45,0.0,True
59,-0.18268308315802476,False,,-0.18268308315802476,False,45,0.0,True
60,-0.19631437748939762,False,,-0.19631437748939762,False,45,0.0,True
61,-0.19202312477784164,False,,-0.19202312477784164,False,45,0.0,True
62,-0.1956467383235112,False,,-0.1956467383235112,False,45,0.0,True
63,-0.18225385539575278,False,,-0.18225385539575278,False,45,0.0,True
0,-0.2748899918313372,True,,-0.2748899918313372,True,46,0.0,True
1,-0.276111642540935,False,,-0.276111642540935,False,46,0.0,True
2,-0.2032644455541519,False,,-0.2032644455541519,False,46,0.0,True
3,-0.19964742682578565,False,,-0.19964742682578565,False,46,0.0,True
4,-0.19602371539619418,False,,-0.19602371539619418,False,46,0.0,True
5,-0.1990010281552717,False,,-0.1990010281552717,False,46,0.0,True
6,-0.19496501643330755,False,,-0.19496501643330755,False,46,0.0,True
7,-0.19389058104939622,False,,-0.19389058104939622,False,46,0.0,True
8,-0.19728332995465167,False,,-0.19728332995465167,False,46,0.0,True
9,-0.19050570654777682,False,,-0.19050570654777682,False,46,0.0,True
10,-0.18904892081914165,False,,-0.18904892081914165,False,46,0.0,True
11,-0.20985775974962217,False,,-0.20985775974962217,False,46,0.0,True
12,-0.201478864534866,False,,-0.201478864534866,False,46,0.0,True
13,-0.18346065661832298,False,,-0.18346065661832298,False,46,0.0,True
14,-0.19970404213443183,False,,-0.19970404213443183,False,46,0.0,True
15,-0.19517189067638213,False,,-0.19517189067638213,False,46,0.0,True
16,-0.20018698691363834,False,,-0.20018698691363834,False,46,0.0,True
17,-0.1879746082861408,False,,-0.1879746082861408,False,46,0.0,True
18,-0.18780818623894546,False,,-0.18780818623894546,False,46,0.0,True
19,-0.1832327904214569,False,,-0.1832327904214569,False,46,0.0,True
20,-0.19022353115089732,False,,-0.19022353115089732,False,46,0.0,True
21,-0.21170085580640025,False,,-0.21170085580640025,False,46,0.0,True
22,-0.20526594885106642,False,,-0.20526594885106642,False,46,0.0,True
23,-0.19263607325497997,False,,-0.19263607325497997,False,46,0.0,True
24,-0.20006692028728812,False,,-0.20006692028728812,False,46,0.0,True
25,-0.18431508025740395,False,,-0.18431508025740395,False,46,0.0,True
26,-0.20577739786448676,False,,-0.20577739786448676,False,46,0.0,True
27,-0.20163167656367587,False,,-0.20163167656367587,False,46,0.0,True
28,-0.20165785557657934,False,,-0.20165785557657934,False,46,0.0,True
29,-0.20314754982513694,False,,-0.20314754982513694,False,46,0.0,True
30,-0.2115920048738369,False,,-0.2115920048738369,False,46,0.0,True
31,-0.20113751115195402,False,,-0.20113751115195402,False,46,0.0,True
32,-0.19984030069953312,False,,-0.19984030069953312,False,46,0.0,True
33,-0.19192164808744605,False,,-0.19192164808744605,False,46,0.0,True
34,-0.1915164366245981,False,,-0.1915164366245981,False,46,0.0,True
35,-0.19678915225407215,False,,-0.19678915225407215,False,46,0.0,True
36,-0.19876270999369944,False,,-0.19876270999369944,False,46,0.0,True
37,-0.21751427494146522,False,,-0.21751427494146522,False,46,0.0,True
38,-0.20219440884432,False,,-0.20219440884432,False,46,0.0,True
39,-0.19749763797624925,False,,-0.19749763797624925,False,46,0.0,True
40,-0.19364658633698453,False,,-0.19364658633698453,False,46,0.0,True
41,-0.2041009182497086,False,,-0.2041009182497086,False,46,0.0,True
42,-0.20142990685541848,False,,-0.20142990685541848,False,46,0.0,True
43,-0.18719289772704312,False,,-0.18719289772704312,False,46,0.0,True
44,-0.2042023330712896,False,,-0.2042023330712896,False,46,0.0,True
45,-0.18963744672148575,False,,-0.18963744672148575,False,46,0.0,True
46,-0.1897153856928972,False,,-0.1897153856928972,False,46,0.0,True
47,-0.19637394006320094,False,,-0.19637394006320094,False,46,0.0,True
48,-0.21724434859153716,False,,-0.21724434859153716,False,46,0.0,True
49,-0.18511778032893045,False,,-0.18511778032893045,False,46,0.0,True
50,-0.19522949329333594,False,,-0.19522949329333594,False,46,0.0,True
51,-0.19425834915094498,False,,-0.19425834915094498,False,46,0.0,True
52,-0.20139075848333668,False,,-0.20139075848333668,False,46,0.0,True
53,-0.19949626309852392,False,,-0.19949626309852392,False,46,0.0,True
54,-0.20623107723058648,False,,-0.20623107723058648,False,46,0.0,True
55,-0.20981453838345382,False,,-0.20981453838345382,False,46,0.0,True
56,-0.18770435117390488,False,,-0.18770435117390488,False,46,0.0,True
57,-0.1950516057783174,False,,-0.1950516057783174,False,46,0.0,True
58,-0.21896292469686732,False,,-0.21896292469686732,False,46,0.0,True
59,-0.19780366953835615,False,,-0.19780366953835615,False,46,0.0,True
60,-0.2020492191737164,False,,-0.2020492191737164,False,46,0.0,True
61,-0.19290471988474625,False,,-0.19290471988474625,False,46,0.0,True
62,-0.18075001542969182,False,,-0.18075001542969182,False,46,0.0,True
63,-0.19918873513078192,False,,-0.19918873513078192,False,46,0.0,True
0,-0.25647263647036345,True,,-0.25647263647036345,True,47,0.0,True
1,-0.27503346103760046,False,,-0.27503346103760046,False,47,0.0,True
2,-0.19976361968629408,False,,-0.19976361968629408,False,47,0.0,True
3,-0.21385360165532447,False,,-0.21385360165532447,False,47,0.0,True
4,-0.2019001144254381,False,,-0.2019001144254381,False,47,0.0,True
5,-0.2274442437515637,False,,-0.2274442437515637,False,47,0.0,True
6,-0.21385654646360303,False,,-0.21385654646360303,False,47,0.0,True
7,-0.2118647100222912,False,,-0.2118647100222912,False,47,0.0,True
8,-0.1995131241909705,False,,-0.1995131241909705,False,47,0.0,True
9,-0.2116078333864176,False,,-0.2116078333864176,False,47,0.0,True
10,-0.19993204854094565,False,,-0.19993204854094565,False,47,0.0,True
11,-0.21130091453838304,False,,-0.21130091453838304,False,47,0.0,True
12,-0.21247180136432162,False,,-0.21247180136432162,False,47,0.0,True
13,-0.20719813801596632,False,,-0.20719813801596632,False,47,0.0,True
14,-0.20304411349408774,False,,-0.20304411349408774,False,47,0.0,True
15,-0.21881574870182463,False,,-0.21881574870182463,False,47,0.0,True
16,-0.19937184304539873,False,,-0.19937184304539873,False,47,0.0,True
17,-0.19507709236871684,False,,-0.19507709236871684,False,47,0.0,True
18,-0.2027902752728754,False,,-0.2027902752728754,False,47,0.0,True
19,-0.19500843983913352,False,,-0.19500843983913352,False,47,0.0,True
20,-0.2079000171333136,False,,-0.2079000171333136,False,47,0.0,True
21,-0.20639886709112165,False,,-0.20639886709112165,False,47,0.0,True
22,-0.20436496284830102,False,,-0.20436496284830102,False,47,0.0,True
23,-0.2006451129193038,False,,-0.2006451129193038,False,47,0.0,True
24,-0.21840077666632393,False,,-0.21840077666632393,False,47,0.0,True
25,-0.20014183019189502,False,,-0.20014183019189502,False,47,0.0,True
26,-0.20551649949576944,False,,-0.20551649949576944,False,47,0.0,True
27,-0.20911444391525447,False,,-0.20911444391525447,False,47,0.0,True
28,-0.20894213661178196,False,,-0.20894213661178196,False,47,0.0,True
29,-0.20923703536988958,False,,-0.20923703536988958,False,47,0.0,True
30,-0.21509361568053917,False,,-0.21509361568053917,False,47,0.0,True
31,-0.20739568070740597,False,,-0.20739568070740597,False,47,0.0,True
32,-0.20374699826700476,False,,-0.20374699826700476,False,47,0.0,True
33,-0.20401904460121054,False,,-0.20401904460121054,False,47,0.0,True
34,-0.21042231731237432,False,,-0.21042231731237432,False,47,0.0,True
35,-0.2326727786886714,False,,-0.2326727786886714,False,47,0.0,True
36,-0.1954138000269196,False,,-0.1954138000269196,False,47,0.0,True
37,-0.20299908906032932,False,,-0.20299908906032932,False,47,0.0,True
38,-0.1982461908565214,False,,-0.1982461908565214,False,47,0.0,True
39,-0.20322512454257052,False,,-0.20322512454257052,False,47,0.0,True
40,-0.20414022739564286,False,,-0.20414022739564286,False,47,0.0,True
41,-0.21243839888746036,False,,-0.21243839888746036,False,47,0.0,True
42,-0.19354453962802767,False,,-0.19354453962802767,False,47,0.0,True
43,-0.1929517310899775,False,,-0.1929517310899775,False,47,0.0,True
44,-0.20907179313976038,False,,-0.20907179313976038,False,47,0.0,True
45,-0.19578775776708995,False,,-0.19578775776708995,False,47,0.0,True
46,-0.20651204781474844,False,,-0.20651204781474844,False,47,0.0,True
47,-0.20818321269718942,False,,-0.20818321269718942,False,47,0.0,True
48,-0.21744638447626669,False,,-0.21744638447626669,False,47,0.0,True
49,-0.19852540048011158,False,,-0.19852540048011158,False,47,0.0,True
50,-0.19171962537029769,False,,-0.19171962537029769,False,47,0.0,True
51,-0.20730328278578836,False,,-0.20730328278578836,False,47,0.0,True
52,-0.23087874686075643,False,,-0.23087874686075643,False,47,0.0,True
53,-0.2095225316496867,False,,-0.2095225316496867,False,47,0.0,True
54,-0.21290642726049397,False,,-0.21290642726049397,False,47,0.0,True
55,-0.1939959388887752,False,,-0.1939959388887752,False,47,0.0,True
56,-0.21187420766491866,False,,-0.21187420766491866,False,47,0.0,True
57,-0.23470523660573925,False,,-0.23470523660573925,False,47,0.0,True
58,-0.2184216204413813,False,,-0.2184216204413813,False,47,0.0,True
59,-0.2057366667071227,False,,-0.2057366667071227,False,47,0.0,True
60,-0.20611208669138517,False,,-0.20611208669138517,False,47,0.0,True
61,-0.22095164161983713,False,,-0.22095164161983713,False,47,0.0,True
62,-0.21094262980222284,False,,-0.21094262980222284,False,47,0.0,True
63,-0.21211102411468202,False,,-0.21211102411468202,False,47,0.0,True
0,-0.2963294284401923,True,,-0.2963294284401923,True,48,0.0,True
1,-0.2661339759023162,False,,-0.2661339759023162,False,48,0.0,True
2,-0.21316768920631085,False,,-0.21316768920631085,False,48,0.0,True
3,-0.22351457682703915,False,,-0.22351457682703915,False,48,0.0,True
4,-0.2051946840587891,False,,-0.2051946840587891,False,48,0.0,True
5,-0.2068172610413816,False,,-0.2068172610413816,False,48,0.0,True
6,-0.21065650817574333,False,,-0.21065650817574333,False,48,0.0,True
7,-0.2033770063251446,False,,-0.2033770063251446,False,48,0.0,True
8,-0.19606832131879942,False,,-0.19606832131879942,False,48,0.0,True
9,-0.21547284105230288,False,,-0.21547284105230288,False,48,0.0,True
10,-0.21557759777094102,False,,-0.21557759777094102,False,48,0.0,True
11,-0.2152195459638131,False,,-0.2152195459638131,False,48,0.0,True
12,-0.20658507643522805,False,,-0.20658507643522805,False,48,0.0,True
13,-0.20962700477597934,False,,-0.20962700477597934,False,48,0.0,True
14,-0.21791171439322082,False,,-0.21791171439322082,False,48,0.0,True
15,-0.21600195211614798,False,,-0.21600195211614798,False,48,0.0,True
16,-0.21952470286645126,False,,-0.21952470286645126,False,48,0.0,True
17,-0.21258204454001656,False,,-0.21258204454001656,False,48,0.0,True
18,-0.20791416515433342,False,,-0.20791416515433342,False,48,0.0,True
19,-0.20793708623100016,False,,-0.20793708623100016,False,48,0.0,True
20,-0.21622757857966882,False,,-0.21622757857966882,False,48,0.0,True
21,-0.20231294597271077,False,,-0.20231294597271077,False,48,0.0,True
22,-0.2033893439322343,False,,-0.2033893439322343,False,48,0.0,True
23,-0.21370304903115184,False,,-0.21370304903115184,False,48,0.0,True
24,-0.19733464734707368,False,,-0.19733464734707368,False,48,0.0,True
25,-0.19813577026078721,False,,-0.19813577026078721,False,48,0.0,True
26,-0.20270534800110723,False,,-0.20270534800110723,False,48,0.0,True
27,-0.21182150263270347,False,,-0.21182150263270347,False,48,0.0,True
28,-0.20382693317968165,False,,-0.20382693317968165,False,48,0.0,True
29,-0.20082302017379805,False,,-0.20082302017379805,False,48,0.0,True
30,-0.21373291477475212,False,,-0.21373291477475212,False,48,0.0,True
31,-0.21728386645885092,False,,-0.21728386645885092,False,48,0.0,True
32,-0.21342419826429898,False,,-0.21342419826429898,False,48,0.0,True
33,-0.21049894641021183,False,,-0.21049894641021183,False,48,0.0,True
34,-0.21249555454809113,False,,-0.21249555454809113,False,48,0.0,True
35,-0.19917895875420372,False,,-0.19917895875420372,False,48,0.0,True
36,-0.2036123332140793,False,,-0.2036123332140793,False,48,0.0,True
37,-0.21441283935008357,False,,-0.21441283935008357,False,48,0.0,True
38,-0.21778992377247583,False,,-0.21778992377247583,False,48,0.0,True
39,-0.20257808774661556,False,,-0.20257808774661556,False,48,0.0,True
40,-0.2149570831948372,False,,-0.2149570831948372,False,48,0.0,True
41,-0.19886695205312455,False,,-0.19886695205312455,False,48,0.0,True
42,-0.2090690492622191,False,,-0.2090690492622191,False,48,0.0,True
43,-0.20934174666993027,False,,-0.20934174666993027,False,48,0.0,True
44,-0.1976335307239798,False,,-0.1976335307239798,False,48,0.0,True
45,-0.2288691583260098,False,,-0.2288691583260098,False,48,0.0,True
46,-0.2053964309222308,False,,-0.2053964309222308,False,48,0.0,True
47,-0.20411397733061382,False,,-0.20411397733061382,False,48,0.0,True
48,-0.2039905877385832,False,,-0.2039905877385832,False,48,0.0,True
49,-0.2121136911964965,False,,-0.2121136911964965,False,48,0.0,True
50,-0.20394371556303015,False,,-0.20394371556303015,False,48,0.0,True
51,-0.20595781470765323,False,,-0.20595781470765323,False,48,0.0,True
52,-0.2110290956811744,False,,-0.2110290956811744,False,48,0.0,True
53,-0.2132850500208237,False,,-0.2132850500208237,False,48,0.0,True
54,-0.21328447510249138,False,,-0.21328447510249138,False,48,0.0,True
55,-0.2180880523452168,False,,-0.2180880523452168,False,48,0.0,True
56,-0.20643518011172174,False,,-0.20643518011172174,False,48,0.0,True
57,-0.2081862678902055,False,,-0.2081862678902055,False,48,0.0,True
58,-0.2253663731767171,False,,-0.2253663731767171,False,48,0.0,True
59,-0.20075159831718425,False,,-0.20075159831718425,False,48,0.0,True
60,-0.2057458042696088,False,,-0.2057458042696088,False,48,0.0,True
61,-0.21246136631612672,False,,-0.21246136631612672,False,48,0.0,True
62,-0.214000125283551,False,,-0.214000125283551,False,48,0.0,True
63,-0.2152586163297201,False,,-0.2152586163297201,False,48,0.0,True
0,-0.2897610872750107,True,,-0.2897610872750107,True,49,0.0,True
1,-0.28274684675756784,False,,-0.28274684675756784,False,49,0.0,True
2,-0.20207142830227115,False,,-0.20207142830227115,False,49,0.0,True
3,-0.205246443262228,False,,-0.205246443262228,False,49,0.0,True
4,-0.19104433313169417,False,,-0.19104433313169417,False,49,0.0,True
5,-0.20811898865024608,False,,-0.20811898865024608,False,49,0.0,True
6,-0.21102489732528462,False,,-0.21102489732528462,False,49,0.0,True
7,-0.2256429966864588,False,,-0.2256429966864588,False,49,0.0,True
8,-0.20243359017283907,False,,-0.20243359017283907,False,49,0.0,True
9,-0.21595497805867675,False,,-0.21595497805867675,False,49,0.0,True
10,-0.19849984585225114,False,,-0.19849984585225114,False,49,0.0,True
11,-0.18392245282234215,False,,-0.18392245282234215,False,49,0.0,True
12,-0.2085213029117485,False,,-0.2085213029117485,False,49,0.0,True
13,-0.1949960795768766,False,,-0.1949960795768766,False,49,0.0,True
14,-0.19546145424485614,False,,-0.19546145424485614,False,49,0.0,True
15,-0.21963206726872936,False,,-0.21963206726872936,False,49,0.0,True
16,-0.19590941549200802,False,,-0.19590941549200802,False,49,0.0,True
17,-0.1907053703074963,False,,-0.1907053703074963,False,49,0.0,True
18,-0.22617680880609953,False,,-0.22617680880609953,False,49,0.0,True
19,-0.20437965382119766,False,,-0.20437965382119766,False,49,0.0,True
20,-0.2372204463105378,False,,-0.2372204463105378,False,49,0.0,True
21,-0.20708845541871948,False,,-0.20708845541871948,False,49,0.0,True
22,-0.19265123690305644,False,,-0.19265123690305644,False,49,0.0,True
23,-0.210045705954091,False,,-0.210045705954091,False,49,0.0,True
24,-0.21902403829938888,False,,-0.21902403829938888,False,49,0.0,True
25,-0.19566226413079846,False,,-0.19566226413079846,False,49,0.0,True
26,-0.1910330779128981,False,,-0.1910330779128981,False,49,0.0,True
27,-0.20280054022678623,False,,-0.20280054022678623,False,49,0.0,True
28,-0.1908957068709936,False,,-0.1908957068709936,False,49,0.0,True
29,-0.20850748360112087,False,,-0.20850748360112087,False,49,0.0,True
30,-0.19265325957790042,False,,-0.19265325957790042,False,49,0.0,True
31,-0.20474460627578694,False,,-0.20474460627578694,False,49,0.0,True
32,-0.19907758025473143,False,,-0.19907758025473143,False,49,0.0,True
33,-0.2036805766489006,False,,-0.2036805766489006,False,49,0.0,True
34,-0.2287184967382803,False,,-0.2287184967382803,False,49,0.0,True
35,-0.20642129608013568,False,,-0.20642129608013568,False,49,0.0,True
36,-0.2162111858332592,False,,-0.2162111858332592,False,49,0.0,True
37,-0.2040566208626527,False,,-0.2040566208626527,False,49,0.0,True
38,-0.2024092322481784,False,,-0.2024092322481784,False,49,0.0,True
39,-0.20123039660568448,False,,-0.20123039660568448,False,49,0.0,True
40,-0.20846990432284637,False,,-0.20846990432284637,False,49,0.0,True
41,-0.19783561780140385,False,,-0.19783561780140385,False,49,0.0,True
42,-0.1872036070555818,False,,-0.1872036070555818,False,49,0.0,True
43,-0.20404235766503956,False,,-0.20404235766503956,False,49,0.0,True
44,-0.20886322235514776,False,,-0.20886322235514776,False,49,0.0,True
45,-0.20572494523325577,False,,-0.20572494523325577,False,49,0.0,True
46,-0.21199841177504142,False,,-0.21199841177504142,False,49,0.0,True
47,-0.22397896291387634,False,,-0.22397896291387634,False,49,0.0,True
48,-0.21611773351610974,False,,-0.21611773351610974,False,49,0.0,True
49,-0.20956308003168087,False,,-0.20956308003168087,False,49,0.0,True
50,-0.21361431345345397,False,,-0.21361431345345397,False,49,0.0,True
51,-0.21280053205182198,False,,-0.21280053205182198,False,49,0.0,True
52,-0.19713380525047336,False,,-0.19713380525047336,False,49,0.0,True
53,-0.20571413646913478,False,,-0.20571413646913478,False,49,0.0,True
54,-0.2154589307878345,False,,-0.2154589307878345,False,49,0.0,True
55,-0.19583779534594742,False,,-0.19583779534594742,False,49,0.0,True
56,-0.19145030495846554,False,,-0.19145030495846554,False,49,0.0,True
57,-0.20538590098055903,False,,-0.20538590098055903,False,49,0.0,True
58,-0.20843822924369176,False,,-0.20843822924369176,False,49,0.0,True
59,-0.2040805151187999,False,,-0.2040805151187999,False,49,0.0,True
60,-0.21571911485306286,False,,-0.21571911485306286,False,49,0.0,True
61,-0.1826077553767031,False,,-0.1826077553767031,False,49,0.0,True
62,-0.19605559944271722,False,,-0.19605559944271722,False,49,0.0,True
63,-0.18874825757350447,False,,-0.18874825757350447,False,49,0.0,True
0,-0.29452014883166994,True,,-0.29452014883166994,True,50,0.0,True
1,-0.29782633290430965,False,,-0.29782633290430965,False,50,0.0,True
2,-0.22816913540630207,False,,-0.22816913540630207,False,50,0.0,True
3,-0.206549687232876,False,,-0.206549687232876,False,50,0.0,True
4,-0.21139142529994015,False,,-0.21139142529994015,False,50,0.0,True
5,-0.22179691054688574,False,,-0.22179691054688574,False,50,0.0,True
6,-0.21143259997582425,False,,-0.21143259997582425,False,50,0.0,True
7,-0.2119505253744554,False,,-0.2119505253744554,False,50,0.0,True
8,-0.21227492304105905,False,,-0.21227492304105905,False,50,0.0,True
9,-0.20017819435764145,False,,-0.20017819435764145,False,50,0.0,True
10,-0.22086485178307158,False,,-0.22086485178307158,False,50,0.0,True
11,-0.2065967239419304,False,,-0.2065967239419304,False,50,0.0,True
12,-0.20266550750578674,False,,-0.20266550750578674,False,50,0.0,True
13,-0.1900590173536759,False,,-0.1900590173536759,False,50,0.0,True
14,-0.212772181516805,False,,-0.212772181516805,False,50,0.0,True
15,-0.196471734522209,False,,-0.196471734522209,False,50,0.0,True
16,-0.2002199250441831,False,,-0.2002199250441831,False,50,0.0,True
17,-0.21939808961448198,False,,-0.21939808961448198,False,50,0.0,True
18,-0.2439832389643634,False,,-0.2439832389643634,False,50,0.0,True
19,-0.23476593350362204,False,,-0.23476593350362204,False,50,0.0,True
20,-0.1888651213093359,False,,-0.1888651213093359,False,50,0.0,True
21,-0.2112031242000811,False,,-0.2112031242000811,False,50,0.0,True
22,-0.20172684720473827,False,,-0.20172684720473827,False,50,0.0,True
23,-0.19482214400719966,False,,-0.19482214400719966,False,50,0.0,True
24,-0.1850318316573638,False,,-0.1850318316573638,False,50,0.0,True
25,-0.2041866859242397,False,,-0.2041866859242397,False,50,0.0,True
26,-0.22958407770749087,False,,-0.22958407770749087,False,50,0.0,True
27,-0.20207325916550894,False,,-0.20207325916550894,False,50,0.0,True
28,-0.260708687651485,False,,-0.260708687651485,False,50,0.0,True
29,-0.22466736230332945,False,,-0.22466736230332945,False,50,0.0,True
30,-0.20909555480010028,False,,-0.20909555480010028,False,50,0.0,True
31,-0.24129035888258832,False,,-0.24129035888258832,False,50,0.0,True
32,-0.1905257850011206,False,,-0.1905257850011206,False,50,0.0,True
33,-0.22220581727668212,False,,-0.22220581727668212,False,50,0.0,True
34,-0.21629487446142992,False,,-0.21629487446142992,False,50,0.0,True
35,-0.18244137295390891,False,,-0.18244137295390891,False,50,0.0,True
36,-0.2173415694843807,False,,-0.2173415694843807,False,50,0.0,True
37,-0.21988075400678103,False,,-0.21988075400678103,False,50,0.0,True
38,-0.19160575711794842,False,,-0.19160575711794842,False,50,0.0,True
39,-0.1828279141481,False,,-0.1828279141481,False,50,0.0,True
40,-0.21191496265696613,False,,-0.21191496265696613,False,50,0.0,True
41,-0.2035069170400064,False,,-0.2035069170400064,False,50,0.0,True
42,-0.23118730847657065,False,,-0.23118730847657065,False,50,0.0,True
43,-0.24522810300940667,False,,-0.24522810300940667,False,50,0.0,True
44,-0.20600533260446707,False,,-0.20600533260446707,False,50,0.0,True
45,-0.19121878462104241,False,,-0.19121878462104241,False,50,0.0,True
46,-0.21670722763746178,False,,-0.21670722763746178,False,50,0.0,True
47,-0.19288385047734113,False,,-0.19288385047734113,False,50,0.0,True
48,-0.21252251715556814,False,,-0.21252251715556814,False,50,0.0,True
49,-0.20586127886356567,False,,-0.20586127886356567,False,50,0.0,True
50,-0.1961034113930411,False,,-0.1961034113930411,False,50,0.0,True
51,-0.2182795202751375,False,,-0.2182795202751375,False,50,0.0,True
52,-0.24187677738040522,False,,-0.24187677738040522,False,50,0.0,True
53,-0.19378193528187215,False,,-0.19378193528187215,False,50,0.0,True
54,-0.21744996434947145,False,,-0.21744996434947145,False,50,0.0,True
55,-0.22336821429129106,False,,-0.22336821429129106,False,50,0.0,True
56,-0.20499179162423237,False,,-0.20499179162423237,False,50,0.0,True
57,-0.20391825480242914,False,,-0.20391825480242914,False,50,0.0,True
58,-0.1986885581692585,False,,-0.1986885581692585,False,50,0.0,True
59,-0.21496564866374002,False,,-0.21496564866374002,False,50,0.0,True
60,-0.23219833745554486,False,,-0.23219833745554486,False,50,0.0,True
61,-0.2362547835480942,False,,-0.2362547835480942,False,50,0.0,True
62,-0.22182918995634188,False,,-0.22182918995634188,False,50,0.0,True
63,-0.2035298913480413,False,,-0.2035298913480413,False,50,0.0,True
0,-0.28813317886238876,True,,-0.28813317886238876,True,51,0.0,True
1,-0.3114841811776217,False,,-0.3114841811776217,False,51,0.0,True
2,-0.18914773587816885,False,,-0.18914773587816885,False,51,0.0,True
3,-0.19975145611958825,False,,-0.19975145611958825,False,51,0.0,True
4,-0.192759066917871,False,,-0.192759066917871,False,51,0.0,True
5,-0.1924746235260712,False,,-0.1924746235260712,False,51,0.0,True
6,-0.22464101228235386,False,,-0.22464101228235386,False,51,0.0,True
7,-0.1815714809616383,False,,-0.1815714809616383,False,51,0.0,True
8,-0.17000948198278157,False,,-0.17000948198278157,False,51,0.0,True
9,-0.18082663301602142,False,,-0.18082663301602142,False,51,0.0,True
10,-0.18638488802261474,False,,-0.18638488802261474,False,51,0.0,True
11,-0.19489899850018344,False,,-0.19489899850018344,False,51,0.0,True
12,-0.17719522737916116,False,,-0.17719522737916116,False,51,0.0,True
13,-0.1851634209243609,False,,-0.1851634209243609,False,51,0.0,True
14,-0.17684748690286917,False,,-0.17684748690286917,False,51,0.0,True
15,-0.1843781539671558,False,,-0.1843781539671558,False,51,0.0,True
16,-0.21178869226383562,False,,-0.21178869226383562,False,51,0.0,True
17,-0.16670596463809528,False,,-0.16670596463809528,False,51,0.0,True
18,-0.1746659024179939,False,,-0.1746659024179939,False,51,0.0,True
19,-0.19633876074825776,False,,-0.19633876074825776,False,51,0.0,True
20,-0.179545720453922,False,,-0.179545720453922,False,51,0.0,True
21,-0.20103757342227802,False,,-0.20103757342227802,False,51,0.0,True
22,-0.19857119267516987,False,,-0.19857119267516987,False,51,0.0,True
23,-0.20259242596676438,False,,-0.20259242596676438,False,51,0.0,True
24,-0.18262492043654568,False,,-0.18262492043654568,False,51,0.0,True
25,-0.23702652249827824,False,,-0.23702652249827824,False,51,0.0,True
26,-0.17842670066531396,False,,-0.17842670066531396,False,51,0.0,True
27,-0.1841392422540788,False,,-0.1841392422540788,False,51,0.0,True
28,-0.1772373689507758,False,,-0.1772373689507758,False,51,0.0,True
29,-0.21110825382798887,False,,-0.21110825382798887,False,51,0.0,True
30,-0.18197455357827935,False,,-0.18197455357827935,False,51,0.0,True
31,-0.2127621548988189,False,,-0.2127621548988189,False,51,0.0,True
32,-0.16728886950714097,False,,-0.16728886950714097,False,51,0.0,True
33,-0.1730997645679502,False,,-0.1730997645679502,False,51,0.0,True
34,-0.16893823153553578,False,,-0.16893823153553578,False,51,0.0,True
35,-0.18035074345574867,False,,-0.18035074345574867,False,51,0.0,True
36,-0.17630890707079167,False,,-0.17630890707079167,False,51,0.0,True
37,-0.1721349037106294,False,,-0.1721349037106294,False,51,0.0,True
38,-0.17969031971673868,False,,-0.17969031971673868,False,51,0.0,True
39,-0.17313454088429753,False,,-0.17313454088429753,False,51,0.0,True
40,-0.2154503953482139,False,,-0.2154503953482139,False,51,0.0,True
41,-0.16658782149706244,False,,-0.16658782149706244,False,51,0.0,True
42,-0.18334639285899623,False,,-0.18334639285899623,False,51,0.0,True
43,-0.17483562626041937,False,,-0.17483562626041937,False,51,0.0,True
44,-0.17341948931820772,False,,-0.17341948931820772,False,51,0.0,True
45,-0.19730606663428982,False,,-0.19730606663428982,False,51,0.0,True
46,-0.1921639435095469,False,,-0.1921639435095469,False,51,0.0,True
47,-0.1808685736264116,False,,-0.1808685736264116,False,51,0.0,True
48,-0.19815618824758738,False,,-0.19815618824758738,False,51,0.0,True
49,-0.17723025638597162,False,,-0.17723025638597162,False,51,0.0,True
50,-0.18425431051534139,False,,-0.18425431051534139,False,51,0.0,True
51,-0.18853330232499918,False,,-0.18853330232499918,False,51,0.0,True
52,-0.19492123378824858,False,,-0.19492123378824858,False,51,0.0,True
53,-0.21228241259207875,False,,-0.21228241259207875,False,51,0.0,True
54,-0.18874060095294076,False,,-0.18874060095294076,False,51,0.0,True
55,-0.19773752913732134,False,,-0.19773752913732134,False,51,0.0,True
56,-0.18083897656395637,False,,-0.18083897656395637,False,51,0.0,True
57,-0.17213670416975776,False,,-0.17213670416975776,False,51,0.0,True
58,-0.23057456764212336,False,,-0.23057456764212336,False,51,0.0,True
59,-0.19394739305109795,False,,-0.19394739305109795,False,51,0.0,True
60,-0.19383210639270998,False,,-0.19383210639270998,False,51,0.0,True
61,-0.18339624202167779,False,,-0.18339624202167779,False,51,0.0,True
62,-0.17042714016645255,False,,-0.17042714016645255,False,51,0.0,True
63,-0.18058628709195132,False,,-0.18058628709195132,False,51,0.0,True
0,-0.28260528433850884,True,,-0.28260528433850884,True,52,0.0,True
1,-0.27831476937171906,False,,-0.27831476937171906,False,52,0.0,True
2,-0.16540392612140284,False,,-0.16540392612140284,False,52,0.0,True
3,-0.21980713349402767,False,,-0.21980713349402767,False,52,0.0,True
4,-0.1706636220494984,False,,-0.1706636220494984,False,52,0.0,True
5,-0.22694512680038892,False,,-0.22694512680038892,False,52,0.0,True
6,-0.18772406842766987,False,,-0.18772406842766987,False,52,0.0,True
7,-0.16422726769125995,False,,-0.16422726769125995,False,52,0.0,True
8,-0.19464094237338653,False,,-0.19464094237338653,False,52,0.0,True
9,-0.16842698758847685,False,,-0.16842698758847685,False,52,0.0,True
10,-0.19477412500172098,False,,-0.19477412500172098,False,52,0.0,True
11,-0.19722457601801313,False,,-0.19722457601801313,False,52,0.0,True
12,-0.1807797490062032,False,,-0.1807797490062032,False,52,0.0,True
13,-0.192915828325041,False,,-0.192915828325041,False,52,0.0,True
14,-0.19768667011551774,False,,-0.19768667011551774,False,52,0.0,True
15,-0.2107258468624132,False,,-0.2107258468624132,False,52,0.0,True
16,-0.17431234458602674,False,,-0.17431234458602674,False,52,0.0,True
17,-0.18650859635455783,False,,-0.18650859635455783,False,52,0.0,True
18,-0.16467323911328896,False,,-0.16467323911328896,False,52,0.0,True
19,-0.20127506418629487,False,,-0.20127506418629487,False,52,0.0,True
20,-0.20624875974051077,False,,-0.20624875974051077,False,52,0.0,True
21,-0.21196238588700522,False,,-0.21196238588700522,False,52,0.0,True
22,-0.19474779386649604,False,,-0.19474779386649604,False,52,0.0,True
23,-0.18485075497656778,False,,-0.18485075497656778,False,52,0.0,True
24,-0.20317060644495688,False,,-0.20317060644495688,False,52,0.0,True
25,-0.1865476107029225,False,,-0.1865476107029225,False,52,0.0,True
26,-0.21742302943781303,False,,-0.21742302943781303,False,52,0.0,True
27,-0.16874432836003686,False,,-0.16874432836003686,False,52,0.0,True
28,-0.22018692138306883,False,,-0.22018692138306883,False,52,0.0,True
29,-0.20709171442160915,False,,-0.20709171442160915,False,52,0.0,True
30,-0.17524460124917485,False,,-0.17524460124917485,False,52,0.0,True
31,-0.17794140632828293,False,,-0.17794140632828293,False,52,0.0,True
32,-0.2011383695480089,False,,-0.2011383695480089,False,52,0.0,True
33,-0.23974059033995715,False,,-0.23974059033995715,False,52,0.0,True
34,-0.20345576023975648,False,,-0.20345576023975648,False,52,0.0,True
35,-0.19239231813213803,False,,-0.19239231813213803,False,52,0.0,True
36,-0.17702813355420394,False,,-0.17702813355420394,False,52,0.0,True
37,-0.19212247247117387,False,,-0.19212247247117387,False,52,0.0,True
38,-0.18747634659978868,False,,-0.18747634659978868,False,52,0.0,True
39,-0.22358009668745737,False,,-0.22358009668745737,False,52,0.0,True
40,-0.20140873887211697,False,,-0.20140873887211697,False,52,0.0,True
41,-0.20553532344264952,False,,-0.20553532344264952,False,52,0.0,True
42,-0.17282619542046826,False,,-0.17282619542046826,False,52,0.0,True
43,-0.18163654427489845,False,,-0.18163654427489845,False,52,0.0,True
44,-0.1891161991801464,False,,-0.1891161991801464,False,52,0.0,True
45,-0.175733089032543,False,,-0.175733089032543,False,52,0.0,True
46,-0.18959182137905808,False,,-0.18959182137905808,False,52,0.0,True
47,-0.22502536445008478,False,,-0.22502536445008478,False,52,0.0,True
48,-0.19637052114793133,False,,-0.19637052114793133,False,52,0.0,True
49,-0.19622276043807785,False,,-0.19622276043807785,False,52,0.0,True
50,-0.1985161666156122,False,,-0.1985161666156122,False,52,0.0,True
51,-0.2040616213460162,False,,-0.2040616213460162,False,52,0.0,True
52,-0.18909184034369175,False,,-0.18909184034369175,False,52,0.0,True
53,-0.18997287779357364,False,,-0.18997287779357364,False,52,0.0,True
54,-0.20814176700959458,False,,-0.20814176700959458,False,52,0.0,True
55,-0.2062142953991492,False,,-0.2062142953991492,False,52,0.0,True
56,-0.18625737322968008,False,,-0.18625737322968008,False,52,0.0,True
57,-0.17671040103984165,False,,-0.17671040103984165,False,52,0.0,True
58,-0.179595348263916,False,,-0.179595348263916,False,52,0.0,True
59,-0.1779526471163151,False,,-0.1779526471163151,False,52,0.0,True
60,-0.17719952785807047,False,,-0.17719952785807047,False,52,0.0,True
61,-0.21712984786985193,False,,-0.21712984786985193,False,52,0.0,True
62,-0.197554874175014,False,,-0.197554874175014,False,52,0.0,True
63,-0.19143174919378372,False,,-0.19143174919378372,False,52,0.0,True
0,-0.2928421005187041,True,,-0.2928421005187041,True,53,0.0,True
1,-0.29184832331944555,False,,-0.29184832331944555,False,53,0.0,True
2,-0.2938974405833025,False,,-0.2938974405833025,False,53,0.0,True
3,-0.2306328334326329,False,,-0.2306328334326329,False,53,0.0,True
4,-0.2542587525649807,False,,-0.2542587525649807,False,53,0.0,True
5,-0.2947242369533406,False,,-0.2947242369533406,False,53,0.0,True
6,-0.20197077542543457,False,,-0.20197077542543457,False,53,0.0,True
7,-0.22104288451556675,False,,-0.22104288451556675,False,53,0.0,True
8,-0.23421737616394178,False,,-0.23421737616394178,False,53,0.0,True
9,-0.2414242929272378,False,,-0.2414242929272378,False,53,0.0,True
10,-0.20690962580047226,False,,-0.20690962580047226,False,53,0.0,True
11,-0.24053020813157905,False,,-0.24053020813157905,False,53,0.0,True
12,-0.31486934402999817,False,,-0.31486934402999817,False,53,0.0,True
13,-0.22953534115420393,False,,-0.22953534115420393,False,53,0.0,True
14,-0.2212131098346732,False,,-0.2212131098346732,False,53,0.0,True
15,-0.2534429438482665,False,,-0.2534429438482665,False,53,0.0,True
16,-0.2695361380626396,False,,-0.2695361380626396,False,53,0.0,True
17,-0.2526507825111658,False,,-0.2526507825111658,False,53,0.0,True
18,-0.22429844145015537,False,,-0.22429844145015537,False,53,0.0,True
19,-0.2577462306948961,False,,-0.2577462306948961,False,53,0.0,True
20,-0.23213869498982564,False,,-0.23213869498982564,False,53,0.0,True
21,-0.24564120627456618,False,,-0.24564120627456618,False,53,0.0,True
22,-0.2849130608552636,False,,-0.2849130608552636,False,53,0.0,True
23,-0.2242746901260708,False,,-0.2242746901260708,False,53,0.0,True
24,-0.21143922362537582,False,,-0.21143922362537582,False,53,0.0,True
25,-0.2154376849803228,False,,-0.2154376849803228,False,53,0.0,True
26,-0.26177254925501137,False,,-0.26177254925501137,False,53,0.0,True
27,-0.22423042266099766,False,,-0.22423042266099766,False,53,0.0,True
28,-0.27641469803652874,False,,-0.27641469803652874,False,53,0.0,True
29,-0.2313936898408756,False,,-0.2313936898408756,False,53,0.0,True
30,-0.19239550449031856,False,,-0.19239550449031856,False,53,0.0,True
31,-0.26153608009142687,False,,-0.26153608009142687,False,53,0.0,True
32,-0.19606631533219332,False,,-0.19606631533219332,False,53,0.0,True
33,-0.25826614369287015,False,,-0.25826614369287015,False,53,0.0,True
34,-0.2748748954677248,False,,-0.2748748954677248,False,53,0.0,True
35,-0.25422816450764274,False,,-0.25422816450764274,False,53,0.0,True
36,-0.23672699131813338,False,,-0.23672699131813338,False,53,0.0,True
37,-0.2306286113054168,False,,-0.2306286113054168,False,53,0.0,True
38,-0.22577848612752427,False,,-0.22577848612752427,False,53,0.0,True
39,-0.22108818166149663,False,,-0.22108818166149663,False,53,0.0,True
40,-0.222610956655649,False,,-0.222610956655649,False,53,0.0,True
41,-0.3006763501078116,False,,-0.3006763501078116,False,53,0.0,True
42,-0.24462631918720368,False,,-0.24462631918720368,False,53,0.0,True
43,-0.2680974695037933,False,,-0.2680974695037933,False,53,0.0,True
44,-0.2227403430105408,False,,-0.2227403430105408,False,53,0.0,True
45,-0.25648236924307255,False,,-0.25648236924307255,False,53,0.0,True
46,-0.2395785467498007,False,,-0.2395785467498007,False,53,0.0,True
47,-0.22365098595348287,False,,-0.22365098595348287,False,53,0.0,True
48,-0.26668990511097734,False,,-0.26668990511097734,False,53,0.0,True
49,-0.23062255143050134,False,,-0.23062255143050134,False,53,0.0,True
50,-0.28409989776994665,False,,-0.28409989776994665,False,53,0.0,True
51,-0.27026415278086074,False,,-0.27026415278086074,False,53,0.0,True
52,-0.25334091840971384,False,,-0.25334091840971384,False,53,0.0,True
53,-0.2292991365138051,False,,-0.2292991365138051,False,53,0.0,True
54,-0.3092396511148633,False,,-0.3092396511148633,False,53,0.0,True
55,-0.1716171078900658,False,,-0.1716171078900658,False,53,0.0,True
56,-0.23587404244497373,False,,-0.23587404244497373,False,53,0.0,True
57,-0.20467473534041256,False,,-0.20467473534041256,False,53,0.0,True
58,-0.28923848992641743,False,,-0.28923848992641743,False,53,0.0,True
59,-0.25555823751292683,False,,-0.25555823751292683,False,53,0.0,True
60,-0.2466184143446945,False,,-0.2466184143446945,False,53,0.0,True
61,-0.24812618991275737,False,,-0.24812618991275737,False,53,0.0,True
62,-0.2183686281114064,False,,-0.2183686281114064,False,53,0.0,True
63,-0.26832187165942545,False,,-0.26832187165942545,False,53,0.0,True
0,-0.3163849729848158,True,,-0.3163849729848158,True,54,0.0,True
1,-0.29818155818891867,False,,-0.29818155818891867,False,54,0.0,True
2,-0.19378176125689311,False,,-0.19378176125689311,False,54,0.0,True
3,-0.24584170059833357,False,,-0.24584170059833357,False,54,0.0,True
4,-0.19866612936348446,False,,-0.19866612936348446,False,54,0.0,True
5,-0.22108821295847345,False,,-0.22108821295847345,False,54,0.0,True
6,-0.2066855176362039,False,,-0.2066855176362039,False,54,0.0,True
7,-0.22502362217691252,False,,-0.22502362217691252,False,54,0.0,True
8,-0.20614927314308967,False,,-0.20614927314308967,False,54,0.0,True
9,-0.2583518895686797,False,,-0.2583518895686797,False,54,0.0,True
10,-0.2015364454963636,False,,-0.2015364454963636,False,54,0.0,True
11,-0.22097152533777317,False,,-0.22097152533777317,False,54,0.0,True
12,-0.21057581783507248,False,,-0.21057581783507248,False,54,0.0,True
13,-0.21713917648315903,False,,-0.21713917648315903,False,54,0.0,True
14,-0.19360581537463112,False,,-0.19360581537463112,False,54,0.0,True
15,-0.20373856922605788,False,,-0.20373856922605788,False,54,0.0,True
16,-0.2111993873657253,False,,-0.2111993873657253,False,54,0.0,True
17,-0.22268679393890453,False,,-0.22268679393890453,False,54,0.0,True
18,-0.19127430257463168,False,,-0.19127430257463168,False,54,0.0,True
19,-0.22633766555077822,False,,-0.22633766555077822,False,54,0.0,True
20,-0.19449501145064027,False,,-0.19449501145064027,False,54,0.0,True
21,-0.20552401149201543,False,,-0.20552401149201543,False,54,0.0,True
22,-0.18805873331176265,False,,-0.18805873331176265,False,54,0.0,True
23,-0.22467860475335888,False,,-0.22467860475335888,False,54,0.0,True
24,-0.19124678827861283,False,,-0.19124678827861283,False,54,0.0,True
25,-0.23508093817568118,False,,-0.23508093817568118,False,54,0.0,True
26,-0.22211341090284836,False,,-0.22211341090284836,False,54,0.0,True
27,-0.2156884079025027,False,,-0.2156884079025027,False,54,0.0,True
28,-0.22330837009586746,False,,-0.22330837009586746,False,54,0.0,True
29,-0.2128138256181401,False,,-0.2128138256181401,False,54,0.0,True
30,-0.2281530394618571,False,,-0.2281530394618571,False,54,0.0,True
31,-0.21575006088400328,False,,-0.21575006088400328,False,54,0.0,True
32,-0.21297641335812806,False,,-0.21297641335812806,False,54,0.0,True
33,-0.248802508333046,False,,-0.248802508333046,False,54,0.0,True
34,-0.18959690903859644,False,,-0.18959690903859644,False,54,0.0,True
35,-0.25699512989004725,False,,-0.25699512989004725,False,54,0.0,True
36,-0.17847010560054344,False,,-0.17847010560054344,False,54,0.0,True
37,-0.26393097438778645,False,,-0.26393097438778645,False,54,0.0,True
38,-0.20523473352139698,False,,-0.20523473352139698,False,54,0.0,True
39,-0.21203288548356286,False,,-0.21203288548356286,False,54,0.0,True
40,-0.19289911782245492,False,,-0.19289911782245492,False,54,0.0,True
41,-0.1884397425701703,False,,-0.1884397425701703,False,54,0.0,True
42,-0.21122727402114272,False,,-0.21122727402114272,False,54,0.0,True
43,-0.20264030344245323,False,,-0.20264030344245323,False,54,0.0,True
44,-0.20568536060243597,False,,-0.20568536060243597,False,54,0.0,True
45,-0.19101497446800816,False,,-0.19101497446800816,False,54,0.0,True
46,-0.2096078733782002,False,,-0.2096078733782002,False,54,0.0,True
47,-0.22218163843431693,False,,-0.22218163843431693,False,54,0.0,True
48,-0.2079617067107475,False,,-0.2079617067107475,False,54,0.0,True
49,-0.2610104896022341,False,,-0.2610104896022341,False,54,0.0,True
50,-0.23919699991177432,False,,-0.23919699991177432,False,54,0.0,True
51,-0.17503171818946944,False,,-0.17503171818946944,False,54,0.0,True
52,-0.20392089678654862,False,,-0.20392089678654862,False,54,0.0,True
53,-0.1953978453274702,False,,-0.1953978453274702,False,54,0.0,True
54,-0.25148288971188437,False,,-0.25148288971188437,False,54,0.0,True
55,-0.2525140506233519,False,,-0.2525140506233519,False,54,0.0,True
56,-0.22709223035380316,False,,-0.22709223035380316,False,54,0.0,True
57,-0.20825988430337483,False,,-0.20825988430337483,False,54,0.0,True
58,-0.2140432917435426,False,,-0.2140432917435426,False,54,0.0,True
59,-0.23077060648241085,False,,-0.23077060648241085,False,54,0.0,True
60,-0.25338015204997266,False,,-0.25338015204997266,False,54,0.0,True
61,-0.19735016110522519,False,,-0.19735016110522519,False,54,0.0,True
62,-0.20712421787339547,False,,-0.20712421787339547,False,54,0.0,True
63,-0.2014503931091105,False,,-0.2014503931091105,False,54,0.0,True
0,-0.3047970535241451,True,,-0.3047970535241451,True,55,0.0,True
1,-0.3200354672497926,False,,-0.3200354672497926,False,55,0.0,True
2,-0.22330455861314502,False,,-0.22330455861314502,False,55,0.0,True
3,-0.20748270366676808,False,,-0.20748270366676808,False,55,0.0,True
4,-0.22011324123627268,False,,-0.22011324123627268,False,55,0.0,True
5,-0.24631072706749876,False,,-0.24631072706749876,False,55,0.0,True
6,-0.20924493448675513,False,,-0.20924493448675513,False,55,0.0,True
7,-0.1981910444209108,False,,-0.1981910444209108,False,55,0.0,True
8,-0.23689490404163266,False,,-0.23689490404163266,False,55,0.0,True
9,-0.22561573126030415,False,,-0.22561573126030415,False,55,0.0,True
10,-0.20835860052404118,False,,-0.20835860052404118,False,55,0.0,True
11,-0.1852443662367661,False,,-0.1852443662367661,False,55,0.0,True
12,-0.21687472360516385,False,,-0.21687472360516385,False,55,0.0,True
13,-0.2143246614656232,False,,-0.2143246614656232,False,55,0.0,True
14,-0.20560664648875074,False,,-0.20560664648875074,False,55,0.0,True
15,-0.20839256943143614,False,,-0.20839256943143614,False,55,0.0,True
16,-0.22403146337157284,False,,-0.22403146337157284,False,55,0.0,True
17,-0.2085903184008058,False,,-0.2085903184008058,False,55,0.0,True
18,-0.20497244805361803,False,,-0.20497244805361803,False,55,0.0,True
19,-0.2117945668867985,False,,-0.2117945668867985,False,55,0.0,True
20,-0.22103033067418693,False,,-0.22103033067418693,False,55,0.0,True
21,-0.2203186081895392,False,,-0.2203186081895392,False,55,0.0,True
22,-0.23292070426397227,False,,-0.23292070426397227,False,55,0.0,True
23,-0.22563316931061883,False,,-0.22563316931061883,False,55,0.0,True
24,-0.17833989984355086,False,,-0.17833989984355086,False,55,0.0,True
25,-0.206567891736017,False,,-0.206567891736017,False,55,0.0,True
26,-0.20341754960491,False,,-0.20341754960491,False,55,0.0,True
27,-0.22417726557654485,False,,-0.22417726557654485,False,55,0.0,True
28,-0.2221686762824067,False,,-0.2221686762824067,False,55,0.0,True
29,-0.2156853365107526,False,,-0.2156853365107526,False,55,0.0,True
30,-0.18837081519064489,False,,-0.18837081519064489,False,55,0.0,True
31,-0.22746666683698047,False,,-0.22746666683698047,False,55,0.0,True
32,-0.21055477083926874,False,,-0.21055477083926874,False,55,0.0,True
33,-0.20050535745009757,False,,-0.20050535745009757,False,55,0.0,True
34,-0.19332637562261792,False,,-0.19332637562261792,False,55,0.0,True
35,-0.21296760747173793,False,,-0.21296760747173793,False,55,0.0,True
36,-0.1959491459082338,False,,-0.1959491459082338,False,55,0.0,True
37,-0.21632926991942106,False,,-0.21632926991942106,False,55,0.0,True
38,-0.2198541652941375,False,,-0.2198541652941375,False,55,0.0,True
39,-0.21231062780935778,False,,-0.21231062780935778,False,55,0.0,True
40,-0.2038939380164889,False,,-0.2038939380164889,False,55,0.0,True
41,-0.20210442897187317,False,,-0.20210442897187317,False,55,0.0,True
42,-0.20586502622510705,False,,-0.20586502622510705,False,55,0.0,True
43,-0.2001010108430287,False,,-0.2001010108430287,False,55,0.0,True
44,-0.20785797278796128,False,,-0.20785797278796128,False,55,0.0,True
45,-0.21508975268938366,False,,-0.21508975268938366,False,55,0.0,True
46,-0.22309163329736845,False,,-0.22309163329736845,False,55,0.0,True
47,-0.2223414847822902,False,,-0.2223414847822902,False,55,0.0,True
48,-0.21814560891885915,False,,-0.21814560891885915,False,55,0.0,True
49,-0.23062379570718378,False,,-0.23062379570718378,False,55,0.0,True
50,-0.2210368787920809,False,,-0.2210368787920809,False,55,0.0,True
51,-0.22313371581188757,False,,-0.22313371581188757,False,55,0.0,True
52,-0.21440363137210022,False,,-0.21440363137210022,False,55,0.0,True
53,-0.1821830325123287,False,,-0.1821830325123287,False,55,0.0,True
54,-0.208838253511285,False,,-0.208838253511285,False,55,0.0,True
55,-0.22251582195267278,False,,-0.22251582195267278,False,55,0.0,True
56,-0.24002389056773749,False,,-0.24002389056773749,False,55,0.0,True
57,-0.23536614770848854,False,,-0.23536614770848854,False,55,0.0,True
58,-0.21195504097824105,False,,-0.21195504097824105,False,55,0.0,True
59,-0.22081656637001085,False,,-0.22081656637001085,False,55,0.0,True
60,-0.2073792544224538,False,,-0.2073792544224538,False,55,0.0,True
61,-0.20149980555661498,False,,-0.20149980555661498,False,55,0.0,True
62,-0.22560642981846393,False,,-0.22560642981846393,False,55,0.0,True
63,-0.21299018967590777,False,,-0.21299018967590777,False,55,0.0,True
0,-0.2658042317366315,True,,-0.2658042317366315,True,56,0.0,True
1,-0.2884350630814662,False,,-0.2884350630814662,False,56,0.0,True
2,-0.19964506232909313,False,,-0.19964506232909313,False,56,0.0,True
3,-0.18175029226249173,False,,-0.18175029226249173,False,56,0.0,True
4,-0.19755205454346675,False,,-0.19755205454346675,False,56,0.0,True
5,-0.17740433798157934,False,,-0.17740433798157934,False,56,0.0,True
6,-0.1623628187429072,False,,-0.1623628187429072,False,56,0.0,True
7,-0.17093770459142815,False,,-0.17093770459142815,False,56,0.0,True
8,-0.2078927106910891,False,,-0.2078927106910891,False,56,0.0,True
9,-0.1949405690514499,False,,-0.1949405690514499,False,56,0.0,True
10,-0.17762855146253448,False,,-0.17762855146253448,False,56,0.0,True
11,-0.1939939099942684,False,,-0.1939939099942684,False,56,0.0,True
12,-0.1854822493870307,False,,-0.1854822493870307,False,56,0.0,True
13,-0.20038612500347716,False,,-0.20038612500347716,False,56,0.0,True
14,-0.19678068969452017,False,,-0.19678068969452017,False,56,0.0,True
15,-0.193890709908445,False,,-0.193890709908445,False,56,0.0,True
16,-0.1815880052511228,False,,-0.1815880052511228,False,56,0.0,True
17,-0.1918641095188493,False,,-0.1918641095188493,False,56,0.0,True
18,-0.19246290858044424,False,,-0.19246290858044424,False,56,0.0,True
19,-0.183356186641837,False,,-0.183356186641837,False,56,0.0,True
20,-0.19953028452759913,False,,-0.19953028452759913,False,56,0.0,True
21,-0.20404145686275724,False,,-0.20404145686275724,False,56,0.0,True
22,-0.18814166261063373,False,,-0.18814166261063373,False,56,0.0,True
23,-0.18415774288342826,False,,-0.18415774288342826,False,56,0.0,True
24,-0.1986810884888891,False,,-0.1986810884888891,False,56,0.0,True
25,-0.18910044298277923,False,,-0.18910044298277923,False,56,0.0,True
26,-0.1987500361252233,False,,-0.1987500361252233,False,56,0.0,True
27,-0.19685503381785788,False,,-0.19685503381785788,False,56,0.0,True
28,-0.19499169743358966,False,,-0.19499169743358966,False,56,0.0,True
29,-0.16113321293410246,False,,-0.16113321293410246,False,56,0.0,True
30,-0.16475038021752036,False,,-0.16475038021752036,False,56,0.0,True
31,-0.19876562512988522,False,,-0.19876562512988522,False,56,0.0,True
32,-0.19435314035004073,False,,-0.19435314035004073,False,56,0.0,True
33,-0.18109605482858243,False,,-0.18109605482858243,False,56,0.0,True
34,-0.21032043717295773,False,,-0.21032043717295773,False,56,0.0,True
35,-0.1774357697546563,False,,-0.1774357697546563,False,56,0.0,True
36,-0.18199688389880905,False,,-0.18199688389880905,False,56,0.0,True
37,-0.19431950099188808,False,,-0.19431950099188808,False,56,0.0,True
38,-0.1766974068889828,False,,-0.1766974068889828,False,56,0.0,True
39,-0.2044288814200394,False,,-0.2044288814200394,False,56,0.0,True
40,-0.19037297991111882,False,,-0.19037297991111882,False,56,0.0,True
41,-0.20835906412267916,False,,-0.20835906412267916,False,56,0.0,True
42,-0.19116567641339635,False,,-0.19116567641339635,False,56,0.0,True
43,-0.21867953175694071,False,,-0.21867953175694071,False,56,0.0,True
44,-0.17597197704161943,False,,-0.17597197704161943,False,56,0.0,True
45,-0.17577752133679594,False,,-0.17577752133679594,False,56,0.0,True
46,-0.16868306524801935,False,,-0.16868306524801935,False,56,0.0,True
47,-0.17964793361439307,False,,-0.17964793361439307,False,56,0.0,True
48,-0.17418482659555676,False,,-0.17418482659555676,False,56,0.0,True
49,-0.17373594044395932,False,,-0.17373594044395932,False,56,0.0,True
50,-0.19029092424154218,False,,-0.19029092424154218,False,56,0.0,True
51,-0.22195013028432964,False,,-0.22195013028432964,False,56,0.0,True
52,-0.20892432944309872,False,,-0.20892432944309872,False,56,0.0,True
53,-0.19481448327003698,False,,-0.19481448327003698,False,56,0.0,True
54,-0.2007647440772209,False,,-0.2007647440772209,False,56,0.0,True
55,-0.19309187214279838,False,,-0.19309187214279838,False,56,0.0,True
56,-0.17686664092790497,False,,-0.17686664092790497,False,56,0.0,True
57,-0.18976492660420996,False,,-0.18976492660420996,False,56,0.0,True
58,-0.19673432830438398,False,,-0.19673432830438398,False,56,0.0,True
59,-0.16972463737603002,False,,-0.16972463737603002,False,56,0.0,True
60,-0.17529132545393888,False,,-0.17529132545393888,False,56,0.0,True
61,-0.2028913424305467,False,,-0.2028913424305467,False,56,0.0,True
62,-0.18581740376937997,False,,-0.18581740376937997,False,56,0.0,True
63,-0.1946557821186478,False,,-0.1946557821186478,False,56,0.0,True
0,-0.2558662609464478,True,,-0.2558662609464478,True,57,0.0,True
1,-0.2765232305562477,False,,-0.2765232305562477,False,57,0.0,True
2,-0.1981674834024746,False,,-0.1981674834024746,False,57,0.0,True
3,-0.18669714380386856,False,,-0.18669714380386856,False,57,0.0,True
4,-0.1620361916519384,False,,-0.1620361916519384,False,57,0.0,True
5,-0.1919994356293831,False,,-0.1919994356293831,False,57,0.0,True
6,-0.16822202557623006,False,,-0.16822202557623006,False,57,0.0,True
7,-0.17368452475779764,False,,-0.17368452475779764,False,57,0.0,True
8,-0.1849229150570802,False,,-0.1849229150570802,False,57,0.0,True
9,-0.16706198150090695,False,,-0.16706198150090695,False,57,0.0,True
10,-0.20584687158590487,False,,-0.20584687158590487,False,57,0.0,True
11,-0.17471394466323842,False,,-0.17471394466323842,False,57,0.0,True
12,-0.15339850704122696,False,,-0.15339850704122696,False,57,0.0,True
13,-0.17306846740516185,False,,-0.17306846740516185,False,57,0.0,True
14,-0.1953687235677306,False,,-0.1953687235677306,False,57,0.0,True
15,-0.15838221096896024,False,,-0.15838221096896024,False,57,0.0,True
16,-0.20175143259229142,False,,-0.20175143259229142,False,57,0.0,True
17,-0.1693341537291379,False,,-0.1693341537291379,False,57,0.0,True
18,-0.18213192798530045,False,,-0.18213192798530045,False,57,0.0,True
19,-0.17448528616868908,False,,-0.17448528616868908,False,57,0.0,True
20,-0.17346586103467382,False,,-0.17346586103467382,False,57,0.0,True
21,-0.1763492129555395,False,,-0.1763492129555395,False,57,0.0,True
22,-0.16797343840508278,False,,-0.16797343840508278,False,57,0.0,True
23,-0.1799172368411999,False,,-0.1799172368411999,False,57,0.0,True
24,-0.17732737515236663,False,,-0.17732737515236663,False,57,0.0,True
25,-0.17952679199373558,False,,-0.17952679199373558,False,57,0.0,True
26,-0.15944590857589883,False,,-0.15944590857589883,False,57,0.0,True
27,-0.18011935718846345,False,,-0.18011935718846345,False,57,0.0,True
28,-0.17917473151462718,False,,-0.17917473151462718,False,57,0.0,True
29,-0.20281117795341,False,,-0.20281117795341,False,57,0.0,True
30,-0.17900610129298658,False,,-0.17900610129298658,False,57,0.0,True
31,-0.1771289055592767,False,,-0.1771289055592767,False,57,0.0,True
32,-0.15706836495759738,False,,-0.15706836495759738,False,57,0.0,True
33,-0.17955949252381787,False,,-0.17955949252381787,False,57,0.0,True
34,-0.18345449797501667,False,,-0.18345449797501667,False,57,0.0,True
35,-0.16781414283590002,False,,-0.16781414283590002,False,57,0.0,True
36,-0.2056273672200329,False,,-0.2056273672200329,False,57,0.0,True
37,-0.15491586253285683,False,,-0.15491586253285683,False,57,0.0,True
38,-0.18629806929996123,False,,-0.18629806929996123,False,57,0.0,True
39,-0.1732979196260294,False,,-0.1732979196260294,False,57,0.0,True
40,-0.18185897623211753,False,,-0.18185897623211753,False,57,0.0,True
41,-0.18341179937277768,False,,-0.18341179937277768,False,57,0.0,True
42,-0.19346921003915166,False,,-0.19346921003915166,False,57,0.0,True
43,-0.17663040606192815,False,,-0.17663040606192815,False,57,0.0,True
44,-0.1649500225589849,False,,-0.1649500225589849,False,57,0.0,True
45,-0.18325450481606423,False,,-0.18325450481606423,False,57,0.0,True
46,-0.2011019945171645,False,,-0.2011019945171645,False,57,0.0,True
47,-0.18980630954259123,False,,-0.18980630954259123,False,57,0.0,True
48,-0.16672172672841745,False,,-0.16672172672841745,False,57,0.0,True
49,-0.1710077562504984,False,,-0.1710077562504984,False,57,0.0,True
50,-0.17554979811889054,False,,-0.17554979811889054,False,57,0.0,True
51,-0.17542812326459323,False,,-0.17542812326459323,False,57,0.0,True
52,-0.182628327066503,False,,-0.182628327066503,False,57,0.0,True
53,-0.16008582715578018,False,,-0.16008582715578018,False,57,0.0,True
54,-0.1975636117938495,False,,-0.1975636117938495,False,57,0.0,True
55,-0.20485941252438972,False,,-0.20485941252438972,False,57,0.0,True
56,-0.17579623819089754,False,,-0.17579623819089754,False,57,0.0,True
57,-0.1640072936641607,False,,-0.1640072936641607,False,57,0.0,True
58,-0.1620020510527821,False,,-0.1620020510527821,False,57,0.0,True
59,-0.15947717737173406,False,,-0.15947717737173406,False,57,0.0,True
60,-0.16676942676560758,False,,-0.16676942676560758,False,57,0.0,True
61,-0.16302991854663137,False,,-0.16302991854663137,False,57,0.0,True
62,-0.15163851551778984,False,,-0.15163851551778984,False,57,0.0,True
63,-0.16619258222131333,False,,-0.16619258222131333,False,57,0.0,True
0,-0.2447847908431716,True,,-0.2447847908431716,True,58,0.0,True
1,-0.24384363223090105,False,,-0.24384363223090105,False,58,0.0,True
2,-0.1549661646845042,False,,-0.1549661646845042,False,58,0.0,True
3,-0.18648414661814172,False,,-0.18648414661814172,False,58,0.0,True
4,-0.13832349524854162,False,,-0.13832349524854162,False,58,0.0,True
5,-0.17715590127737463,False,,-0.17715590127737463,False,58,0.0,True
6,-0.13946059442911873,False,,-0.13946059442911873,False,58,0.0,True
7,-0.1332793894546758,False,,-0.1332793894546758,False,58,0.0,True
8,-0.1478336854445516,False,,-0.1478336854445516,False,58,0.0,True
9,-0.16755277567282817,False,,-0.16755277567282817,False,58,0.0,True
10,-0.14332150313585584,False,,-0.14332150313585584,False,58,0.0,True
11,-0.18475772803943669,False,,-0.18475772803943669,False,58,0.0,True
12,-0.15222303109668217,False,,-0.15222303109668217,False,58,0.0,True
13,-0.1842518837177752,False,,-0.1842518837177752,False,58,0.0,True
14,-0.13934651526469924,False,,-0.13934651526469924,False,58,0.0,True
15,-0.15071575750693378,False,,-0.15071575750693378,False,58,0.0,True
16,-0.1577475810319333,False,,-0.1577475810319333,False,58,0.0,True
17,-0.14712194169277387,False,,-0.14712194169277387,False,58,0.0,True
18,-0.1622080957560575,False,,-0.1622080957560575,False,58,0.0,True
19,-0.1511508627478576,False,,-0.1511508627478576,False,58,0.0,True
20,-0.13443209415845567,False,,-0.13443209415845567,False,58,0.0,True
21,-0.12682201032190304,False,,-0.12682201032190304,False,58,0.0,True
22,-0.13554277825174876,False,,-0.13554277825174876,False,58,0.0,True
23,-0.1410218830578087,False,,-0.1410218830578087,False,58,0.0,True
24,-0.1340498623941378,False,,-0.1340498623941378,False,58,0.0,True
25,-0.1842763032417479,False,,-0.1842763032417479,False,58,0.0,True
26,-0.14711973368419945,False,,-0.14711973368419945,False,58,0.0,True
27,-0.1529388778224829,False,,-0.1529388778224829,False,58,0.0,True
28,-0.1429499715061015,False,,-0.1429499715061015,False,58,0.0,True
29,-0.15188124686491628,False,,-0.15188124686491628,False,58,0.0,True
30,-0.16006822358896367,False,,-0.16006822358896367,False,58,0.0,True
31,-0.1341208380196503,False,,-0.1341208380196503,False,58,0.0,True
32,-0.1602840985919112,False,,-0.1602840985919112,False,58,0.0,True
33,-0.13475199593637338,False,,-0.13475199593637338,False,58,0.0,True
34,-0.1409178279409833,False,,-0.1409178279409833,False,58,0.0,True
35,-0.1516334286320817,False,,-0.1516334286320817,False,58,0.0,True
36,-0.1409066068751889,False,,-0.1409066068751889,False,58,0.0,True
37,-0.13092269259135425,False,,-0.13092269259135425,False,58,0.0,True
38,-0.15581784849536495,False,,-0.15581784849536495,False,58,0.0,True
39,-0.14296575109181364,False,,-0.14296575109181364,False,58,0.0,True
40,-0.1662398376863433,False,,-0.1662398376863433,False,58,0.0,True
41,-0.15105076131350959,False,,-0.15105076131350959,False,58,0.0,True
42,-0.14104372501095874,False,,-0.14104372501095874,False,58,0.0,True
43,-0.18521056542077657,False,,-0.18521056542077657,False,58,0.0,True
44,-0.18900448978315723,False,,-0.18900448978315723,False,58,0.0,True
45,-0.1604003256775266,False,,-0.1604003256775266,False,58,0.0,True
46,-0.13269273721898406,False,,-0.13269273721898406,False,58,0.0,True
47,-0.1607545796368942,False,,-0.1607545796368942,False,58,0.0,True
48,-0.17309257729121955,False,,-0.17309257729121955,False,58,0.0,True
49,-0.15017259192428772,False,,-0.15017259192428772,False,58,0.0,True
50,-0.14438320268360078,False,,-0.14438320268360078,False,58,0.0,True
51,-0.15989892602292605,False,,-0.15989892602292605,False,58,0.0,True
52,-0.14343363424327468,False,,-0.14343363424327468,False,58,0.0,True
53,-0.15471830074261972,False,,-0.15471830074261972,False,58,0.0,True
54,-0.17521193817072145,False,,-0.17521193817072145,False,58,0.0,True
55,-0.1638487581719778,False,,-0.1638487581719778,False,58,0.0,True
56,-0.155185263057139,False,,-0.155185263057139,False,58,0.0,True
57,-0.14326605003710913,False,,-0.14326605003710913,False,58,0.0,True
58,-0.15824026190404822,False,,-0.15824026190404822,False,58,0.0,True
59,-0.14827189085379242,False,,-0.14827189085379242,False,58,0.0,True
60,-0.13602411630058736,False,,-0.13602411630058736,False,58,0.0,True
61,-0.15709790313855582,False,,-0.15709790313855582,False,58,0.0,True
62,-0.14876335354951825,False,,-0.14876335354951825,False,58,0.0,True
63,-0.14393922033421677,False,,-0.14393922033421677,False,58,0.0,True
0,-0.19937646616379756,True,,-0.19937646616379756,True,59,0.0,True
1,-0.22751206879902397,False,,-0.22751206879902397,False,59,0.0,True
2,-0.13803548174588975,False,,-0.13803548174588975,False,59,0.0,True
3,-0.13623704958677862,False,,-0.13623704958677862,False,59,0.0,True
4,-0.1355176234778261,False,,-0.1355176234778261,False,59,0.0,True
5,-0.13693364205475375,False,,-0.13693364205475375,False,59,0.0,True
6,-0.13118403162166947,False,,-0.13118403162166947,False,59,0.0,True
7,-0.1462742350112461,False,,-0.1462742350112461,False,59,0.0,True
8,-0.13787532123743831,False,,-0.13787532123743831,False,59,0.0,True
9,-0.14352802089821295,False,,-0.14352802089821295,False,59,0.0,True
10,-0.13925459760447687,False,,-0.13925459760447687,False,59,0.0,True
11,-0.13483950671768924,False,,-0.13483950671768924,False,59,0.0,True
12,-0.14024386380949683,False,,-0.14024386380949683,False,59,0.0,True
13,-0.13615332062616076,False,,-0.13615332062616076,False,59,0.0,True
14,-0.13851614572134027,False,,-0.13851614572134027,False,59,0.0,True
15,-0.13316590045522808,False,,-0.13316590045522808,False,59,0.0,True
16,-0.12965449898210257,False,,-0.12965449898210257,False,59,0.0,True
17,-0.13028064748368262,False,,-0.13028064748368262,False,59,0.0,True
18,-0.12996060889979233,False,,-0.12996060889979233,False,59,0.0,True
19,-0.14165889866239745,False,,-0.14165889866239745,False,59,0.0,True
20,-0.13517032715603583,False,,-0.13517032715603583,False,59,0.0,True
21,-0.14586886726403214,False,,-0.14586886726403214,False,59,0.0,True
22,-0.13377205095917732,False,,-0.13377205095917732,False,59,0.0,True
23,-0.14231859380957243,False,,-0.14231859380957243,False,59,0.0,True
24,-0.14730010705404178,False,,-0.14730010705404178,False,59,0.0,True
25,-0.14205932188041726,False,,-0.14205932188041726,False,59,0.0,True
26,-0.1361514510217563,False,,-0.1361514510217563,False,59,0.0,True
27,-0.1320897446184346,False,,-0.1320897446184346,False,59,0.0,True
28,-0.14325140471037545,False,,-0.14325140471037545,False,59,0.0,True
29,-0.13530279453559807,False,,-0.13530279453559807,False,59,0.0,True
30,-0.13795674604210026,False,,-0.13795674604210026,False,59,0.0,True
31,-0.13535341116511587,False,,-0.13535341116511587,False,59,0.0,True
32,-0.1510558881275896,False,,-0.1510558881275896,False,59,0.0,True
33,-0.13492782725988067,False,,-0.13492782725988067,False,59,0.0,True
34,-0.13791751044569756,False,,-0.13791751044569756,False,59,0.0,True
35,-0.14099760098749264,False,,-0.14099760098749264,False,59,0.0,True
36,-0.13789724008042253,False,,-0.13789724008042253,False,59,0.0,True
37,-0.1452686992160348,False,,-0.1452686992160348,False,59,0.0,True
38,-0.13644013236220348,False,,-0.13644013236220348,False,59,0.0,True
39,-0.1340638925106527,False,,-0.1340638925106527,False,59,0.0,True
40,-0.12912618902924317,False,,-0.12912618902924317,False,59,0.0,True
41,-0.13986127585100422,False,,-0.13986127585100422,False,59,0.0,True
42,-0.14057155531601312,False,,-0.14057155531601312,False,59,0.0,True
43,-0.14337943840196687,False,,-0.14337943840196687,False,59,0.0,True
44,-0.13723202114694869,False,,-0.13723202114694869,False,59,0.0,True
45,-0.135761348515414,False,,-0.135761348515414,False,59,0.0,True
46,-0.14175686453797992,False,,-0.14175686453797992,False,59,0.0,True
47,-0.15205822086667253,False,,-0.15205822086667253,False,59,0.0,True
48,-0.13055813383835443,False,,-0.13055813383835443,False,59,0.0,True
49,-0.1294485114943889,False,,-0.1294485114943889,False,59,0.0,True
50,-0.1419747925397037,False,,-0.1419747925397037,False,59,0.0,True
51,-0.13511152849590546,False,,-0.13511152849590546,False,59,0.0,True
52,-0.12957027493368217,False,,-0.12957027493368217,False,59,0.0,True
53,-0.14098087431412598,False,,-0.14098087431412598,False,59,0.0,True
54,-0.13824923139926804,False,,-0.13824923139926804,False,59,0.0,True
55,-0.13297224308320987,False,,-0.13297224308320987,False,59,0.0,True
56,-0.14327065981668033,False,,-0.14327065981668033,False,59,0.0,True
57,-0.14052275816115212,False,,-0.14052275816115212,False,59,0.0,True
58,-0.13533989756872947,False,,-0.13533989756872947,False,59,0.0,True
59,-0.14813745960038716,False,,-0.14813745960038716,False,59,0.0,True
60,-0.13758267597701224,False,,-0.13758267597701224,False,59,0.0,True
61,-0.15154762539691702,False,,-0.15154762539691702,False,59,0.0,True
62,-0.12923531054168813,False,,-0.12923531054168813,False,59,0.0,True
63,-0.14206502730078593,False,,-0.14206502730078593,False,59,0.0,True
0,-0.26545050636643197,True,,-0.26545050636643197,True,60,0.0,True
1,-0.21155405422959808,False,,-0.21155405422959808,False,60,0.0,True
2,-0.17199321013642338,False,,-0.17199321013642338,False,60,0.0,True
3,-0.1815894997228808,False,,-0.1815894997228808,False,60,0.0,True
4,-0.17325231925076037,False,,-0.17325231925076037,False,60,0.0,True
5,-0.19823222644993527,False,,-0.19823222644993527,False,60,0.0,True
6,-0.18831413541306818,False,,-0.18831413541306818,False,60,0.0,True
7,-0.15200294201884523,False,,-0.15200294201884523,False,60,0.0,True
8,-0.18063494766179017,False,,-0.18063494766179017,False,60,0.0,True
9,-0.1700837185182067,False,,-0.1700837185182067,False,60,0.0,True
10,-0.16809516803462396,False,,-0.16809516803462396,False,60,0.0,True
11,-0.17618792924849852,False,,-0.17618792924849852,False,60,0.0,True
12,-0.1852403770180552,False,,-0.1852403770180552,False,60,0.0,True
13,-0.17423142574207703,False,,-0.17423142574207703,False,60,0.0,True
14,-0.164900055616177,False,,-0.164900055616177,False,60,0.0,True
15,-0.17551634812087846,False,,-0.17551634812087846,False,60,0.0,True
16,-0.1645887899378065,False,,-0.1645887899378065,False,60,0.0,True
17,-0.17589343360849874,False,,-0.17589343360849874,False,60,0.0,True
18,-0.20051193235294654,False,,-0.20051193235294654,False,60,0.0,True
19,-0.18116979798907346,False,,-0.18116979798907346,False,60,0.0,True
20,-0.16388754684441104,False,,-0.16388754684441104,False,60,0.0,True
21,-0.21449991236139554,False,,-0.21449991236139554,False,60,0.0,True
22,-0.1816941674598484,False,,-0.1816941674598484,False,60,0.0,True
23,-0.18697208993107312,False,,-0.18697208993107312,False,60,0.0,True
24,-0.18325993949724012,False,,-0.18325993949724012,False,60,0.0,True
25,-0.1868041519301178,False,,-0.1868041519301178,False,60,0.0,True
26,-0.16812342667008354,False,,-0.16812342667008354,False,60,0.0,True
27,-0.1953959102427388,False,,-0.1953959102427388,False,60,0.0,True
28,-0.16575828052281888,False,,-0.16575828052281888,False,60,0.0,True
29,-0.199911684671919,False,,-0.199911684671919,False,60,0.0,True
30,-0.1793310932522093,False,,-0.1793310932522093,False,60,0.0,True
31,-0.19183991607844472,False,,-0.19183991607844472,False,60,0.0,True
32,-0.17663176463824398,False,,-0.17663176463824398,False,60,0.0,True
33,-0.2011951243752635,False,,-0.2011951243752635,False,60,0.0,True
34,-0.16640123135827634,False,,-0.16640123135827634,False,60,0.0,True
35,-0.19176397761587172,False,,-0.19176397761587172,False,60,0.0,True
36,-0.18220859744225648,False,,-0.18220859744225648,False,60,0.0,True
37,-0.18028399076902138,False,,-0.18028399076902138,False,60,0.0,True
38,-0.2015594939121366,False,,-0.2015594939121366,False,60,0.0,True
39,-0.18088255941098244,False,,-0.18088255941098244,False,60,0.0,True
40,-0.1846880911594732,False,,-0.1846880911594732,False,60,0.0,True
41,-0.18275752037047144,False,,-0.18275752037047144,False,60,0.0,True
42,-0.1726988559138683,False,,-0.1726988559138683,False,60,0.0,True
43,-0.17404857739338775,False,,-0.17404857739338775,False,60,0.0,True
44,-0.17657386432175978,False,,-0.17657386432175978,False,60,0.0,True
45,-0.17482300012148336,False,,-0.17482300012148336,False,60,0.0,True
46,-0.19190234892689662,False,,-0.19190234892689662,False,60,0.0,True
47,-0.16009025771060875,False,,-0.16009025771060875,False,60,0.0,True
48,-0.17046001345146017,False,,-0.17046001345146017,False,60,0.0,True
49,-0.16876259971658114,False,,-0.16876259971658114,False,60,0.0,True
50,-0.17689287440310364,False,,-0.17689287440310364,False,60,0.0,True
51,-0.20936037046728173,False,,-0.20936037046728173,False,60,0.0,True
52,-0.17876379312193205,False,,-0.17876379312193205,False,60,0.0,True
53,-0.19682675180804332,False,,-0.19682675180804332,False,60,0.0,True
54,-0.17359714369954873,False,,-0.17359714369954873,False,60,0.0,True
55,-0.19026840492204675,False,,-0.19026840492204675,False,60,0.0,True
56,-0.19195922577740984,False,,-0.19195922577740984,False,60,0.0,True
57,-0.18681494727210107,False,,-0.18681494727210107,False,60,0.0,True
58,-0.17190431550046684,False,,-0.17190431550046684,False,60,0.0,True
59,-0.19013117225959608,False,,-0.19013117225959608,False,60,0.0,True
60,-0.1772665848792046,False,,-0.1772665848792046,False,60,0.0,True
61,-0.17075707770948212,False,,-0.17075707770948212,False,60,0.0,True
62,-0.1887811710441954,False,,-0.1887811710441954,False,60,0.0,True
63,-0.1774069121592456,False,,-0.1774069121592456,False,60,0.0,True
0,-0.2262205139582173,True,,-0.2262205139582173,True,61,0.0,True
1,-0.2513368946875286,False,,-0.2513368946875286,False,61,0.0,True
2,-0.13600568523695986,False,,-0.13600568523695986,False,61,0.0,True
3,-0.17118278949497143,False,,-0.17118278949497143,False,61,0.0,True
4,-0.1371893013412792,False,,-0.1371893013412792,False,61,0.0,True
5,-0.15520014968193468,False,,-0.15520014968193468,False,61,0.0,True
6,-0.13803344684320434,False,,-0.13803344684320434,False,61,0.0,True
7,-0.12669745918768754,False,,-0.12669745918768754,False,61,0.0,True
8,-0.1583842110738372,False,,-0.1583842110738372,False,61,0.0,True
9,-0.14419489925477805,False,,-0.14419489925477805,False,61,0.0,True
10,-0.1250176888382756,False,,-0.1250176888382756,False,61,0.0,True
11,-0.13407356685044525,False,,-0.13407356685044525,False,61,0.0,True
12,-0.13173511922535247,False,,-0.13173511922535247,False,61,0.0,True
13,-0.12684866654512258,False,,-0.12684866654512258,False,61,0.0,True
14,-0.12904021256777792,False,,-0.12904021256777792,False,61,0.0,True
15,-0.13691271892027496,False,,-0.13691271892027496,False,61,0.0,True
16,-0.12614358924375635,False,,-0.12614358924375635,False,61,0.0,True
17,-0.1515153892695068,False,,-0.1515153892695068,False,61,0.0,True
18,-0.12796364087910275,False,,-0.12796364087910275,False,61,0.0,True
19,-0.1276099811568963,False,,-0.1276099811568963,False,61,0.0,True
20,-0.1412717058462587,False,,-0.1412717058462587,False,61,0.0,True
21,-0.13909722580307893,False,,-0.13909722580307893,False,61,0.0,True
22,-0.1255199668340354,False,,-0.1255199668340354,False,61,0.0,True
23,-0.12717662363481685,False,,-0.12717662363481685,False,61,0.0,True
24,-0.14248124246172594,False,,-0.14248124246172594,False,61,0.0,True
25,-0.13369448012008203,False,,-0.13369448012008203,False,61,0.0,True
26,-0.14170152927444968,False,,-0.14170152927444968,False,61,0.0,True
27,-0.13101656604742534,False,,-0.13101656604742534,False,61,0.0,True
28,-0.1500481308362529,False,,-0.1500481308362529,False,61,0.0,True
29,-0.14050198032450292,False,,-0.14050198032450292,False,61,0.0,True
30,-0.17174755320618942,False,,-0.17174755320618942,False,61,0.0,True
31,-0.1361114708358926,False,,-0.1361114708358926,False,61,0.0,True
32,-0.13290472305173373,False,,-0.13290472305173373,False,61,0.0,True
33,-0.14080455752451332,False,,-0.14080455752451332,False,61,0.0,True
34,-0.13005403043085473,False,,-0.13005403043085473,False,61,0.0,True
35,-0.15841173693446542,False,,-0.15841173693446542,False,61,0.0,True
36,-0.1324602808409202,False,,-0.1324602808409202,False,61,0.0,True
37,-0.1545541499337728,False,,-0.1545541499337728,False,61,0.0,True
38,-0.14450948844347952,False,,-0.14450948844347952,False,61,0.0,True
39,-0.1365333939091941,False,,-0.1365333939091941,False,61,0.0,True
40,-0.14766217497500278,False,,-0.14766217497500278,False,61,0.0,True
41,-0.15070083401059264,False,,-0.15070083401059264,False,61,0.0,True
42,-0.1448263823576441,False,,-0.1448263823576441,False,61,0.0,True
43,-0.14977784169832611,False,,-0.14977784169832611,False,61,0.0,True
44,-0.1377265104632551,False,,-0.1377265104632551,False,61,0.0,True
45,-0.1341206344867556,False,,-0.1341206344867556,False,61,0.0,True
46,-0.13870020686854262,False,,-0.13870020686854262,False,61,0.0,True
47,-0.17019034216059942,False,,-0.17019034216059942,False,61,0.0,True
48,-0.1275154351754597,False,,-0.1275154351754597,False,61,0.0,True
49,-0.14147683547632484,False,,-0.14147683547632484,False,61,0.0,True
50,-0.13190270812065047,False,,-0.13190270812065047,False,61,0.0,True
51,-0.1521754621079321,False,,-0.1521754621079321,False,61,0.0,True
52,-0.17362143010427883,False,,-0.17362143010427883,False,61,0.0,True
53,-0.1328290267331796,False,,-0.1328290267331796,False,61,0.0,True
54,-0.14078484288331605,False,,-0.14078484288331605,False,61,0.0,True
55,-0.1468716532605565,False,,-0.1468716532605565,False,61,0.0,True
56,-0.155122622117444,False,,-0.155122622117444,False,61,0.0,True
57,-0.15626758809130226,False,,-0.15626758809130226,False,61,0.0,True
58,-0.144848530504708,False,,-0.144848530504708,False,61,0.0,True
59,-0.15985649876093433,False,,-0.15985649876093433,False,61,0.0,True
60,-0.1463497868944592,False,,-0.1463497868944592,False,61,0.0,True
61,-0.12835339988096833,False,,-0.12835339988096833,False,61,0.0,True
62,-0.1294221459468245,False,,-0.1294221459468245,False,61,0.0,True
63,-0.14654204827035508,False,,-0.14654204827035508,False,61,0.0,True
0,-0.25218723962612904,True,,-0.25218723962612904,True,62,0.0,True
1,-0.21172612476524294,False,,-0.21172612476524294,False,62,0.0,True
2,-0.19549176715621785,False,,-0.19549176715621785,False,62,0.0,True
3,-0.1773930534139393,False,,-0.1773930534139393,False,62,0.0,True
4,-0.1519649827627097,False,,-0.1519649827627097,False,62,0.0,True
5,-0.19122580468250033,False,,-0.19122580468250033,False,62,0.0,True
6,-0.16311020886640498,False,,-0.16311020886640498,False,62,0.0,True
7,-0.1721571986033703,False,,-0.1721571986033703,False,62,0.0,True
8,-0.1574591782717373,False,,-0.1574591782717373,False,62,0.0,True
9,-0.1577658298142548,False,,-0.1577658298142548,False,62,0.0,True
10,-0.18073891002319337,False,,-0.18073891002319337,False,62,0.0,True
11,-0.17098356820761085,False,,-0.17098356820761085,False,62,0.0,True
12,-0.1852529087388506,False,,-0.1852529087388506,False,62,0.0,True
13,-0.16734998297667752,False,,-0.16734998297667752,False,62,0.0,True
14,-0.18344482882445295,False,,-0.18344482882445295,False,62,0.0,True
15,-0.18877336528480704,False,,-0.18877336528480704,False,62,0.0,True
16,-0.21852234829648676,False,,-0.21852234829648676,False,62,0.0,True
17,-0.18729908176541382,False,,-0.18729908176541382,False,62,0.0,True
18,-0.17065502637291752,False,,-0.17065502637291752,False,62,0.0,True
19,-0.17914980298128705,False,,-0.17914980298128705,False,62,0.0,True
20,-0.20187200820078494,False,,-0.20187200820078494,False,62,0.0,True
21,-0.1899336223934288,False,,-0.1899336223934288,False,62,0.0,True
22,-0.15896173031458247,False,,-0.15896173031458247,False,62,0.0,True
23,-0.2007638670705571,False,,-0.2007638670705571,False,62,0.0,True
24,-0.16513765775628977,False,,-0.16513765775628977,False,62,0.0,True
25,-0.16967572872079068,False,,-0.16967572872079068,False,62,0.0,True
26,-0.1888490514199785,False,,-0.1888490514199785,False,62,0.0,True
27,-0.14494529100752218,False,,-0.14494529100752218,False,62,0.0,True
28,-0.1814720599913535,False,,-0.1814720599913535,False,62,0.0,True
29,-0.17505258202630442,False,,-0.17505258202630442,False,62,0.0,True
30,-0.18166321600696203,False,,-0.18166321600696203,False,62,0.0,True
31,-0.2012465318513768,False,,-0.2012465318513768,False,62,0.0,True
32,-0.17615131792004787,False,,-0.17615131792004787,False,62,0.0,True
33,-0.16245389153995204,False,,-0.16245389153995204,False,62,0.0,True
34,-0.17033434994897015,False,,-0.17033434994897015,False,62,0.0,True
35,-0.16238145587133485,False,,-0.16238145587133485,False,62,0.0,True
36,-0.16525425904990976,False,,-0.16525425904990976,False,62,0.0,True
37,-0.15858593143709998,False,,-0.15858593143709998,False,62,0.0,True
38,-0.17125129503481776,False,,-0.17125129503481776,False,62,0.0,True
39,-0.1668572541193347,False,,-0.1668572541193347,False,62,0.0,True
40,-0.1738116359454958,False,,-0.1738116359454958,False,62,0.0,True
41,-0.1618929182696212,False,,-0.1618929182696212,False,62,0.0,True
42,-0.1563025124749311,False,,-0.1563025124749311,False,62,0.0,True
43,-0.17986580352926804,False,,-0.17986580352926804,False,62,0.0,True
44,-0.15903779285776995,False,,-0.15903779285776995,False,62,0.0,True
45,-0.1539994697049141,False,,-0.1539994697049141,False,62,0.0,True
46,-0.1656587966885835,False,,-0.1656587966885835,False,62,0.0,True
47,-0.1606431619775704,False,,-0.1606431619775704,False,62,0.0,True
48,-0.17636578723924437,False,,-0.17636578723924437,False,62,0.0,True
49,-0.17126823957846782,False,,-0.17126823957846782,False,62,0.0,True
50,-0.1785248324328388,False,,-0.1785248324328388,False,62,0.0,True
51,-0.1844110487094894,False,,-0.1844110487094894,False,62,0.0,True
52,-0.17014194381283676,False,,-0.17014194381283676,False,62,0.0,True
53,-0.20214492432543768,False,,-0.20214492432543768,False,62,0.0,True
54,-0.168369975937853,False,,-0.168369975937853,False,62,0.0,True
55,-0.15695781987133883,False,,-0.15695781987133883,False,62,0.0,True
56,-0.18573520114485395,False,,-0.18573520114485395,False,62,0.0,True
57,-0.14914126093741698,False,,-0.14914126093741698,False,62,0.0,True
58,-0.17405574564716286,False,,-0.17405574564716286,False,62,0.0,True
59,-0.1903799632346585,False,,-0.1903799632346585,False,62,0.0,True
60,-0.174252046797437,False,,-0.174252046797437,False,62,0.0,True
61,-0.17678685480670392,False,,-0.17678685480670392,False,62,0.0,True
62,-0.17294575862574463,False,,-0.17294575862574463,False,62,0.0,True
63,-0.16889228321581967,False,,-0.16889228321581967,False,62,0.0,True
0,-0.19087058468616963,True,,-0.19087058468616963,True,63,0.0,True
1,-0.2533956566462071,False,,-0.2533956566462071,False,63,0.0,True
2,-0.13241790112482194,False,,-0.13241790112482194,False,63,0.0,True
3,-0.11695648427142566,False,,-0.11695648427142566,False,63,0.0,True
4,-0.13230157172507345,False,,-0.13230157172507345,False,63,0.0,True
5,-0.12648579459848763,False,,-0.12648579459848763,False,63,0.0,True
6,-0.1372426408415319,False,,-0.1372426408415319,False,63,0.0,True
7,-0.12775466339455477,False,,-0.12775466339455477,False,63,0.0,True
8,-0.12262566679800674,False,,-0.12262566679800674,False,63,0.0,True
9,-0.12743667353272992,False,,-0.12743667353272992,False,63,0.0,True
10,-0.1299344333143977,False,,-0.1299344333143977,False,63,0.0,True
11,-0.1252982994049276,False,,-0.1252982994049276,False,63,0.0,True
12,-0.1256362001671555,False,,-0.1256362001671555,False,63,0.0,True
13,-0.12356984969932641,False,,-0.12356984969932641,False,63,0.0,True
14,-0.12661006064483038,False,,-0.12661006064483038,False,63,0.0,True
15,-0.1251667231225364,False,,-0.1251667231225364,False,63,0.0,True
16,-0.12743168556979653,False,,-0.12743168556979653,False,63,0.0,True
17,-0.12601643718425268,False,,-0.12601643718425268,False,63,0.0,True
18,-0.13939123455034025,False,,-0.13939123455034025,False,63,0.0,True
19,-0.12763678788907384,False,,-0.12763678788907384,False,63,0.0,True
20,-0.13248710450401227,False,,-0.13248710450401227,False,63,0.0,True
21,-0.12834114940505106,False,,-0.12834114940505106,False,63,0.0,True
22,-0.12879431286287918,False,,-0.12879431286287918,False,63,0.0,True
23,-0.12541887142403607,False,,-0.12541887142403607,False,63,0.0,True
24,-0.1160228064078691,False,,-0.1160228064078691,False,63,0.0,True
25,-0.1414301264320734,False,,-0.1414301264320734,False,63,0.0,True
26,-0.12457523579503234,False,,-0.12457523579503234,False,63,0.0,True
27,-0.1301486262035635,False,,-0.1301486262035635,False,63,0.0,True
28,-0.12940302887112945,False,,-0.12940302887112945,False,63,0.0,True
29,-0.12382430550701404,False,,-0.12382430550701404,False,63,0.0,True
30,-0.12529093522491958,False,,-0.12529093522491958,False,63,0.0,True
31,-0.122326696457987,False,,-0.122326696457987,False,63,0.0,True
32,-0.1358467896001054,False,,-0.1358467896001054,False,63,0.0,True
33,-0.12752837375630055,False,,-0.12752837375630055,False,63,0.0,True
34,-0.12362640384811407,False,,-0.12362640384811407,False,63,0.0,True
35,-0.1368080041132415,False,,-0.1368080041132415,False,63,0.0,True
36,-0.12346131771394764,False,,-0.12346131771394764,False,63,0.0,True
37,-0.1261953704326093,False,,-0.1261953704326093,False,63,0.0,True
38,-0.1246272496868213,False,,-0.1246272496868213,False,63,0.0,True
39,-0.13346969616961793,False,,-0.13346969616961793,False,63,0.0,True
40,-0.12194754391101958,False,,-0.12194754391101958,False,63,0.0,True
41,-0.12481874528113396,False,,-0.12481874528113396,False,63,0.0,True
42,-0.125145193596085,False,,-0.125145193596085,False,63,0.0,True
43,-0.12547632694341715,False,,-0.12547632694341715,False,63,0.0,True
44,-0.1404603057304225,False,,-0.1404603057304225,False,63,0.0,True
45,-0.1162174816694549,False,,-0.1162174816694549,False,63,0.0,True
46,-0.13196029031933088,False,,-0.13196029031933088,False,63,0.0,True
47,-0.12213250488589086,False,,-0.12213250488589086,False,63,0.0,True
48,-0.11959387813221091,False,,-0.11959387813221091,False,63,0.0,True
49,-0.1208738076706794,False,,-0.1208738076706794,False,63,0.0,True
50,-0.13264607567618228,False,,-0.13264607567618228,False,63,0.0,True
51,-0.12149698527832764,False,,-0.12149698527832764,False,63,0.0,True
52,-0.12125774752145733,False,,-0.12125774752145733,False,63,0.0,True
53,-0.12179660447905574,False,,-0.12179660447905574,False,63,0.0,True
54,-0.12664298334826596,False,,-0.12664298334826596,False,63,0.0,True
55,-0.12900816329009407,False,,-0.12900816329009407,False,63,0.0,True
56,-0.12721198859537292,False,,-0.12721198859537292,False,63,0.0,True
57,-0.12223918181024475,False,,-0.12223918181024475,False,63,0.0,True
58,-0.12019998423212444,False,,-0.12019998423212444,False,63,0.0,True
59,-0.12207619065817735,False,,-0.12207619065817735,False,63,0.0,True
60,-0.132083472291965,False,,-0.132083472291965,False,63,0.0,True
61,-0.12945609094240307,False,,-0.12945609094240307,False,63,0.0,True
62,-0.13304942880104292,False,,-0.13304942880104292,False,63,0.0,True
63,-0.13355028932499236,False,,-0.13355028932499236,False,63,0.0,True
0,-0.13810111865545283,True,,-0.13810111865545283,True,64,0.0,True
1,-0.14910816806195953,False,,-0.14910816806195953,False,64,0.0,True
2,-0.09661479833513428,False,,-0.09661479833513428,False,64,0.0,True
3,-0.09549119734450193,False,,-0.09549119734450193,False,64,0.0,True
4,-0.08992135926939702,False,,-0.08992135926939702,False,64,0.0,True
5,-0.10459002554724717,False,,-0.10459002554724717,False,64,0.0,True
6,-0.08359550153965004,False,,-0.08359550153965004,False,64,0.0,True
7,-0.09946777780135249,False,,-0.09946777780135249,False,64,0.0,True
8,-0.09530100931270513,False,,-0.09530100931270513,False,64,0.0,True
9,-0.09608630801639244,False,,-0.09608630801639244,False,64,0.0,True
10,-0.09361672411358923,False,,-0.09361672411358923,False,64,0.0,True
11,-0.09520290156514674,False,,-0.09520290156514674,False,64,0.0,True
12,-0.09413411166122473,False,,-0.09413411166122473,False,64,0.0,True
13,-0.09284435801978264,False,,-0.09284435801978264,False,64,0.0,True
14,-0.09023396078185522,False,,-0.09023396078185522,False,64,0.0,True
15,-0.08899780777737416,False,,-0.08899780777737416,False,64,0.0,True
16,-0.09239418679814304,False,,-0.09239418679814304,False,64,0.0,True
17,-0.09303073590430372,False,,-0.09303073590430372,False,64,0.0,True
18,-0.09636979771776463,False,,-0.09636979771776463,False,64,0.0,True
19,-0.08699295862378317,False,,-0.08699295862378317,False,64,0.0,True
20,-0.10416374790974936,False,,-0.10416374790974936,False,64,0.0,True
21,-0.0913115023774029,False,,-0.0913115023774029,False,64,0.0,True
22,-0.09396431133893939,False,,-0.09396431133893939,False,64,0.0,True
23,-0.10032821472215853,False,,-0.10032821472215853,False,64,0.0,True
24,-0.09466646422512703,False,,-0.09466646422512703,False,64,0.0,True
25,-0.09052895476461364,False,,-0.09052895476461364,False,64,0.0,True
26,-0.09874213424134973,False,,-0.09874213424134973,False,64,0.0,True
27,-0.10287393644910445,False,,-0.10287393644910445,False,64,0.0,True
28,-0.0898867329585776,False,,-0.0898867329585776,False,64,0.0,True
29,-0.09240896606192336,False,,-0.09240896606192336,False,64,0.0,True
30,-0.10344794402529409,False,,-0.10344794402529409,False,64,0.0,True
31,-0.09031030085444394,False,,-0.09031030085444394,False,64,0.0,True
32,-0.09063508269190286,False,,-0.09063508269190286,False,64,0.0,True
33,-0.08781647262229282,False,,-0.08781647262229282,False,64,0.0,True
34,-0.08937589080067856,False,,-0.08937589080067856,False,64,0.0,True
35,-0.08908531260520874,False,,-0.08908531260520874,False,64,0.0,True
36,-0.10764222719243711,False,,-0.10764222719243711,False,64,0.0,True
37,-0.08986557786759322,False,,-0.08986557786759322,False,64,0.0,True
38,-0.08868499894865536,False,,-0.08868499894865536,False,64,0.0,True
39,-0.08856712482341593,False,,-0.08856712482341593,False,64,0.0,True
40,-0.09849215358443053,False,,-0.09849215358443053,False,64,0.0,True
41,-0.08756660324534861,False,,-0.08756660324534861,False,64,0.0,True
42,-0.09255798728053428,False,,-0.09255798728053428,False,64,0.0,True
43,-0.08452518786249265,False,,-0.08452518786249265,False,64,0.0,True
44,-0.09353414987621446,False,,-0.09353414987621446,False,64,0.0,True
45,-0.09323976359767537,False,,-0.09323976359767537,False,64,0.0,True
46,-0.10150573053968098,False,,-0.10150573053968098,False,64,0.0,True
47,-0.09938145969811857,False,,-0.09938145969811857,False,64,0.0,True
48,-0.10141709628629367,False,,-0.10141709628629367,False,64,0.0,True
49,-0.09351763522309536,False,,-0.09351763522309536,False,64,0.0,True
50,-0.09496002898043283,False,,-0.09496002898043283,False,64,0.0,True
51,-0.09796747289412804,False,,-0.09796747289412804,False,64,0.0,True
52,-0.10680213402090324,False,,-0.10680213402090324,False,64,0.0,True
53,-0.08594856043545515,False,,-0.08594856043545515,False,64,0.0,True
54,-0.09751930901017175,False,,-0.09751930901017175,False,64,0.0,True
55,-0.0903696932965509,False,,-0.0903696932965509,False,64,0.0,True
56,-0.0931458226379244,False,,-0.0931458226379244,False,64,0.0,True
57,-0.08946242135063404,False,,-0.08946242135063404,False,64,0.0,True
58,-0.09783973279470559,False,,-0.09783973279470559,False,64,0.0,True
59,-0.09475897924307039,False,,-0.09475897924307039,False,64,0.0,True
60,-0.08704136089600566,False,,-0.08704136089600566,False,64,0.0,True
61,-0.09844943815955388,False,,-0.09844943815955388,False,64,0.0,True
62,-0.0894833108298875,False,,-0.0894833108298875,False,64,0.0,True
63,-0.09427387281242497,False,,-0.09427387281242497,False,64,0.0,True
0,-0.11594818944418106,True,,-0.11594818944418106,True,65,0.0,True
1,-0.1386428013066191,False,,-0.1386428013066191,False,65,0.0,True
2,-0.1058246828895849,False,,-0.1058246828895849,False,65,0.0,True
3,-0.10525095053651506,False,,-0.10525095053651506,False,65,0.0,True
4,-0.1141117582353222,False,,-0.1141117582353222,False,65,0.0,True
5,-0.10052105071585862,False,,-0.10052105071585862,False,65,0.0,True
6,-0.09584788123841599,False,,-0.09584788123841599,False,65,0.0,True
7,-0.09290906340090518,False,,-0.09290906340090518,False,65,0.0,True
8,-0.10575985050866461,False,,-0.10575985050866461,False,65,0.0,True
9,-0.09491941781904208,False,,-0.09491941781904208,False,65,0.0,True
10,-0.09994028657092399,False,,-0.09994028657092399,False,65,0.0,True
11,-0.09017887878097407,False,,-0.09017887878097407,False,65,0.0,True
12,-0.10272324342903442,False,,-0.10272324342903442,False,65,0.0,True
13,-0.09919041713664807,False,,-0.09919041713664807,False,65,0.0,True
14,-0.09523486509015194,False,,-0.09523486509015194,False,65,0.0,True
15,-0.09622669867369502,False,,-0.09622669867369502,False,65,0.0,True
16,-0.09222206784428885,False,,-0.09222206784428885,False,65,0.0,True
17,-0.0991987053308131,False,,-0.0991987053308131,False,65,0.0,True
18,-0.10555623416469176,False,,-0.10555623416469176,False,65,0.0,True
19,-0.10666646185544723,False,,-0.10666646185544723,False,65,0.0,True
20,-0.09794717007850626,False,,-0.09794717007850626,False,65,0.0,True
21,-0.09820143153089425,False,,-0.09820143153089425,False,65,0.0,True
22,-0.09785045415333335,False,,-0.09785045415333335,False,65,0.0,True
23,-0.0996192018890858,False,,-0.0996192018890858,False,65,0.0,True
24,-0.10488836337519788,False,,-0.10488836337519788,False,65,0.0,True
25,-0.10349727896461973,False,,-0.10349727896461973,False,65,0.0,True
26,-0.1065039472878548,False,,-0.1065039472878548,False,65,0.0,True
27,-0.09992077069839513,False,,-0.09992077069839513,False,65,0.0,True
28,-0.09652647549438623,False,,-0.09652647549438623,False,65,0.0,True
29,-0.10433222958454294,False,,-0.10433222958454294,False,65,0.0,True
30,-0.09760148566899415,False,,-0.09760148566899415,False,65,0.0,True
31,-0.10538948204564504,False,,-0.10538948204564504,False,65,0.0,True
32,-0.10624615551065171,False,,-0.10624615551065171,False,65,0.0,True
33,-0.10222322357924,False,,-0.10222322357924,False,65,0.0,True
34,-0.09830601811316184,False,,-0.09830601811316184,False,65,0.0,True
35,-0.09565348891430414,False,,-0.09565348891430414,False,65,0.0,True
36,-0.10484163189466096,False,,-0.10484163189466096,False,65,0.0,True
37,-0.09688376558634185,False,,-0.09688376558634185,False,65,0.0,True
38,-0.0999673236740434,False,,-0.0999673236740434,False,65,0.0,True
39,-0.10886603910402465,False,,-0.10886603910402465,False,65,0.0,True
40,-0.09483664357715058,False,,-0.09483664357715058,False,65,0.0,True
41,-0.10267932714151937,False,,-0.10267932714151937,False,65,0.0,True
42,-0.09776262561798421,False,,-0.09776262561798421,False,65,0.0,True
43,-0.10164737445421236,False,,-0.10164737445421236,False,65,0.0,True
44,-0.09122820792674732,False,,-0.09122820792674732,False,65,0.0,True
45,-0.10137914556099492,False,,-0.10137914556099492,False,65,0.0,True
46,-0.09755347747689116,False,,-0.09755347747689116,False,65,0.0,True
47,-0.09512259139427306,False,,-0.09512259139427306,False,65,0.0,True
48,-0.10577386537646485,False,,-0.10577386537646485,False,65,0.0,True
49,-0.09929127390717993,False,,-0.09929127390717993,False,65,0.0,True
50,-0.09218184792791248,False,,-0.09218184792791248,False,65,0.0,True
51,-0.09987836066808051,False,,-0.09987836066808051,False,65,0.0,True
52,-0.09330530182154763,False,,-0.09330530182154763,False,65,0.0,True
53,-0.09278215676919231,False,,-0.09278215676919231,False,65,0.0,True
54,-0.10123643461230053,False,,-0.10123643461230053,False,65,0.0,True
55,-0.0962035643562992,False,,-0.0962035643562992,False,65,0.0,True
56,-0.10011687185919521,False,,-0.10011687185919521,False,65,0.0,True
57,-0.10058437674275353,False,,-0.10058437674275353,False,65,0.0,True
58,-0.10323620752603643,False,,-0.10323620752603643,False,65,0.0,True
59,-0.1018856014442065,False,,-0.1018856014442065,False,65,0.0,True
60,-0.10032709926996428,False,,-0.10032709926996428,False,65,0.0,True
61,-0.09895871671318815,False,,-0.09895871671318815,False,65,0.0,True
62,-0.1046933640177045,False,,-0.1046933640177045,False,65,0.0,True
63,-0.10794998530946456,False,,-0.10794998530946456,False,65,0.0,True
0,-0.09532519638903267,True,,-0.09532519638903267,True,66,0.0,True
1,-0.0971547121154985,False,,-0.0971547121154985,False,66,0.0,True
2,-0.0957280697301499,False,,-0.0957280697301499,False,66,0.0,True
3,-0.09316548876583891,False,,-0.09316548876583891,False,66,0.0,True
4,-0.10861312282901892,False,,-0.10861312282901892,False,66,0.0,True
5,-0.09409309573188007,False,,-0.09409309573188007,False,66,0.0,True
6,-0.1042317859579616,False,,-0.1042317859579616,False,66,0.0,True
7,-0.09137239662815994,False,,-0.09137239662815994,False,66,0.0,True
8,-0.10101403054325304,False,,-0.10101403054325304,False,66,0.0,True
9,-0.09403194726845746,False,,-0.09403194726845746,False,66,0.0,True
10,-0.09241078497765293,False,,-0.09241078497765293,False,66,0.0,True
11,-0.08911714346172733,False,,-0.08911714346172733,False,66,0.0,True
12,-0.08691620000885798,False,,-0.08691620000885798,False,66,0.0,True
13,-0.08936205291877704,False,,-0.08936205291877704,False,66,0.0,True
14,-0.09396720637242588,False,,-0.09396720637242588,False,66,0.0,True
15,-0.09642096174738404,False,,-0.09642096174738404,False,66,0.0,True
16,-0.0965107410081564,False,,-0.0965107410081564,False,66,0.0,True
17,-0.0912843116981499,False,,-0.0912843116981499,False,66,0.0,True
18,-0.09232193955202281,False,,-0.09232193955202281,False,66,0.0,True
19,-0.09469130737744161,False,,-0.09469130737744161,False,66,0.0,True
20,-0.09538537075063691,False,,-0.09538537075063691,False,66,0.0,True
21,-0.10199378006623808,False,,-0.10199378006623808,False,66,0.0,True
22,-0.10661858114216578,False,,-0.10661858114216578,False,66,0.0,True
23,-0.11021064662707972,False,,-0.11021064662707972,False,66,0.0,True
24,-0.09543975393713167,False,,-0.09543975393713167,False,66,0.0,True
25,-0.1082567031435333,False,,-0.1082567031435333,False,66,0.0,True
26,-0.10659986625765087,False,,-0.10659986625765087,False,66,0.0,True
27,-0.10427803608126175,False,,-0.10427803608126175,False,66,0.0,True
28,-0.08580030816482037,False,,-0.08580030816482037,False,66,0.0,True
29,-0.10126820401232545,False,,-0.10126820401232545,False,66,0.0,True
30,-0.09822543533111816,False,,-0.09822543533111816,False,66,0.0,True
31,-0.0916717252620248,False,,-0.0916717252620248,False,66,0.0,True
32,-0.09488992450469369,False,,-0.09488992450469369,False,66,0.0,True
33,-0.09854918060940543,False,,-0.09854918060940543,False,66,0.0,True
34,-0.0914408029813582,False,,-0.0914408029813582,False,66,0.0,True
35,-0.09135850228417527,False,,-0.09135850228417527,False,66,0.0,True
36,-0.09485483751137394,False,,-0.09485483751137394,False,66,0.0,True
37,-0.09824992323393182,False,,-0.09824992323393182,False,66,0.0,True
38,-0.10049879274249382,False,,-0.10049879274249382,False,66,0.0,True
39,-0.0973512385766413,False,,-0.0973512385766413,False,66,0.0,True
40,-0.10739116833135959,False,,-0.10739116833135959,False,66,0.0,True
41,-0.09125620701653524,False,,-0.09125620701653524,False,66,0.0,True
42,-0.09945290437678525,False,,-0.09945290437678525,False,66,0.0,True
43,-0.09346093598755675,False,,-0.09346093598755675,False,66,0.0,True
44,-0.09294439956313962,False,,-0.09294439956313962,False,66,0.0,True
45,-0.08734404757654636,False,,-0.08734404757654636,False,66,0.0,True
46,-0.11767010967774193,False,,-0.11767010967774193,False,66,0.0,True
47,-0.09581331643467945,False,,-0.09581331643467945,False,66,0.0,True
48,-0.0973015071397923,False,,-0.0973015071397923,False,66,0.0,True
49,-0.10230324176008151,False,,-0.10230324176008151,False,66,0.0,True
50,-0.10519666728281565,False,,-0.10519666728281565,False,66,0.0,True
51,-0.0893464731193881,False,,-0.0893464731193881,False,66,0.0,True
52,-0.09515252159596133,False,,-0.09515252159596133,False,66,0.0,True
53,-0.09635191595672368,False,,-0.09635191595672368,False,66,0.0,True
54,-0.11175368487717313,False,,-0.11175368487717313,False,66,0.0,True
55,-0.09342503861714074,False,,-0.09342503861714074,False,66,0.0,True
56,-0.09824936594058525,False,,-0.09824936594058525,False,66,0.0,True
57,-0.09305511765189364,False,,-0.09305511765189364,False,66,0.0,True
58,-0.09177622603776765,False,,-0.09177622603776765,False,66,0.0,True
59,-0.0936548852249144,False,,-0.0936548852249144,False,66,0.0,True
60,-0.09368821401459393,False,,-0.09368821401459393,False,66,0.0,True
61,-0.09770975733836641,False,,-0.09770975733836641,False,66,0.0,True
62,-0.09942631260143125,False,,-0.09942631260143125,False,66,0.0,True
63,-0.09793379126495318,False,,-0.09793379126495318,False,66,0.0,True
0,0.2527657587329377,True,,0.2527657587329377,True,67,0.0,True
1,0.23845907364433305,False,,0.23845907364433305,False,67,0.0,True
2,0.4486282103582043,False,,0.4486282103582043,False,67,0.0,True
3,0.4517183458819335,False,,0.4517183458819335,False,67,0.0,True
4,0.45228171135873335,False,,0.45228171135873335,False,67,0.0,True
5,0.45047129834927363,False,,0.45047129834927363,False,67,0.0,True
6,0.41905816909238736,False,,0.41905816909238736,False,67,0.0,True
7,0.43584999868192653,False,,0.43584999868192653,False,67,0.0,True
8,0.45301532180580634,False,,0.45301532180580634,False,67,0.0,True
9,0.4505319254721676,False,,0.4505319254721676,False,67,0.0,True
10,0.44719645912182104,False,,0.44719645912182104,False,67,0.0,True
11,0.4415129925750154,False,,0.4415129925750154,False,67,0.0,True
12,0.44731343226473264,False,,0.44731343226473264,False,67,0.0,True
13,0.4475106824746589,False,,0.4475106824746589,False,67,0.0,True
14,0.45153583821245574,False,,0.45153583821245574,False,67,0.0,True
15,0.42569242063784557,False,,0.42569242063784557,False,67,0.0,True
16,0.44755203799477394,False,,0.44755203799477394,False,67,0.0,True
17,0.4511861993316536,False,,0.4511861993316536,False,67,0.0,True
18,0.4479168043328485,False,,0.4479168043328485,False,67,0.0,True
19,0.4496328046561769,False,,0.4496328046561769,False,67,0.0,True
20,0.4414595191219388,False,,0.4414595191219388,False,67,0.0,True
21,0.4495492731029592,False,,0.4495492731029592,False,67,0.0,True
22,0.4492309034290338,False,,0.4492309034290338,False,67,0.0,True
23,0.4486719501503067,False,,0.4486719501503067,False,67,0.0,True
24,0.45192545065168566,False,,0.45192545065168566,False,67,0.0,True
25,0.40792325904691995,False,,0.40792325904691995,False,67,0.0,True
26,0.4500222374412709,False,,0.4500222374412709,False,67,0.0,True
27,0.4510557317047522,False,,0.4510557317047522,False,67,0.0,True
28,0.4499700018410222,False,,0.4499700018410222,False,67,0.0,True
29,0.45170160825961564,False,,0.45170160825961564,False,67,0.0,True
30,0.4457125249756507,False,,0.4457125249756507,False,67,0.0,True
31,0.4405039086554979,False,,0.4405039086554979,False,67,0.0,True
32,0.45104277342225685,False,,0.45104277342225685,False,67,0.0,True
33,0.4491732435112584,False,,0.4491732435112584,False,67,0.0,True
34,0.4506947781798853,False,,0.4506947781798853,False,67,0.0,True
35,0.33604185242388274,False,,0.33604185242388274,False,67,0.0,True
36,0.4492451971482504,False,,0.4492451971482504,False,67,0.0,True
37,0.45034354487802275,False,,0.45034354487802275,False,67,0.0,True
38,0.446116953255132,False,,0.446116953255132,False,67,0.0,True
39,0.439334347278289,False,,0.439334347278289,False,67,0.0,True
40,0.45112286674041513,False,,0.45112286674041513,False,67,0.0,True
41,0.44720551975639333,False,,0.44720551975639333,False,67,0.0,True
42,0.44821847855237584,False,,0.44821847855237584,False,67,0.0,True
43,0.4480967829577099,False,,0.4480967829577099,False,67,0.0,True
44,0.44838589740721657,False,,0.44838589740721657,False,67,0.0,True
45,0.4519903639123547,False,,0.4519903639123547,False,67,0.0,True
46,0.4493628154524706,False,,0.4493628154524706,False,67,0.0,True
47,0.4473060223092583,False,,0.4473060223092583,False,67,0.0,True
48,0.4459438961835402,False,,0.4459438961835402,False,67,0.0,True
49,0.44773019112301193,False,,0.44773019112301193,False,67,0.0,True
50,0.4487544324399035,False,,0.4487544324399035,False,67,0.0,True
51,0.4504697202445926,False,,0.4504697202445926,False,67,0.0,True
52,0.4489921236575201,False,,0.4489921236575201,False,67,0.0,True
53,0.44991228298143265,False,,0.44991228298143265,False,67,0.0,True
54,0.45070273554144896,False,,0.45070273554144896,False,67,0.0,True
55,0.4493104489751375,False,,0.4493104489751375,False,67,0.0,True
56,0.41503896345578833,False,,0.41503896345578833,False,67,0.0,True
57,0.4513942170090566,False,,0.4513942170090566,False,67,0.0,True
58,0.447635811226529,False,,0.447635811226529,False,67,0.0,True
59,0.44071946920118266,False,,0.44071946920118266,False,67,0.0,True
60,0.44756500908635877,False,,0.44756500908635877,False,67,0.0,True
61,0.44697965178080984,False,,0.44697965178080984,False,67,0.0,True
62,0.4486893526880421,False,,0.4486893526880421,False,67,0.0,True
63,0.4506978884399827,False,,0.4506978884399827,False,67,0.0,True
0,0.22152760556548518,True,,0.22152760556548518,True,68,0.0,True
1,0.2530662015593324,False,,0.2530662015593324,False,68,0.0,True
2,0.3600777479653091,False,,0.3600777479653091,False,68,0.0,True
3,0.3444903067812436,False,,0.3444903067812436,False,68,0.0,True
4,0.3860069063386301,False,,0.3860069063386301,False,68,0.0,True
5,0.414626437032354,False,,0.414626437032354,False,68,0.0,True
6,0.4128418594445161,False,,0.4128418594445161,False,68,0.0,True
7,0.41473232151267625,False,,0.41473232151267625,False,68,0.0,True
8,0.41023985961985704,False,,0.41023985961985704,False,68,0.0,True
9,0.42033618026801256,False,,0.42033618026801256,False,68,0.0,True
10,0.4203107506075753,False,,0.4203107506075753,False,68,0.0,True
11,0.37902721521719396,False,,0.37902721521719396,False,68,0.0,True
12,0.36888626742733094,False,,0.36888626742733094,False,68,0.0,True
13,0.4205520470343673,False,,0.4205520470343673,False,68,0.0,True
14,0.3931049906329636,False,,0.3931049906329636,False,68,0.0,True
15,0.4191092334981088,False,,0.4191092334981088,False,68,0.0,True
16,0.30794346882561674,False,,0.30794346882561674,False,68,0.0,True
17,0.4092995676322354,False,,0.4092995676322354,False,68,0.0,True
18,0.2700909608749457,False,,0.2700909608749457,False,68,0.0,True
19,0.41746518110008773,False,,0.41746518110008773,False,68,0.0,True
20,0.3815514305975914,False,,0.3815514305975914,False,68,0.0,True
21,0.4135480865806612,False,,0.4135480865806612,False,68,0.0,True
22,0.41252897669547073,False,,0.41252897669547073,False,68,0.0,True
23,0.41492803811659623,False,,0.41492803811659623,False,68,0.0,True
24,0.3981609525467215,False,,0.3981609525467215,False,68,0.0,True
25,0.3629442431352931,False,,0.3629442431352931,False,68,0.0,True
26,0.3297211977924552,False,,0.3297211977924552,False,68,0.0,True
27,0.34295606870998363,False,,0.34295606870998363,False,68,0.0,True
28,0.4147161445454861,False,,0.4147161445454861,False,68,0.0,True
29,0.4139725641749898,False,,0.4139725641749898,False,68,0.0,True
30,0.37193592701988365,False,,0.37193592701988365,False,68,0.0,True
31,0.31667181941458167,False,,0.31667181941458167,False,68,0.0,True
32,0.40515022348889007,False,,0.40515022348889007,False,68,0.0,True
33,0.4137609549313474,False,,0.4137609549313474,False,68,0.0,True
34,0.4163977326251929,False,,0.4163977326251929,False,68,0.0,True
35,0.3034257325304736,False,,0.3034257325304736,False,68,0.0,True
36,0.41329298142656684,False,,0.41329298142656684,False,68,0.0,True
37,0.38747600214746564,False,,0.38747600214746564,False,68,0.0,True
38,0.4092829609108316,False,,0.4092829609108316,False,68,0.0,True
39,0.4097725377829446,False,,0.4097725377829446,False,68,0.0,True
40,0.4129009394572238,False,,0.4129009394572238,False,68,0.0,True
41,0.4185582825108758,False,,0.4185582825108758,False,68,0.0,True
42,0.42276521133335193,False,,0.42276521133335193,False,68,0.0,True
43,0.4166742922780895,False,,0.4166742922780895,False,68,0.0,True
44,0.4174818467717909,False,,0.4174818467717909,False,68,0.0,True
45,0.34628062378792707,False,,0.34628062378792707,False,68,0.0,True
46,0.41609451437404044,False,,0.41609451437404044,False,68,0.0,True
47,0.2779285983929275,False,,0.2779285983929275,False,68,0.0,True
48,0.41733066539610464,False,,0.41733066539610464,False,68,0.0,True
49,0.41182646548304735,False,,0.41182646548304735,False,68,0.0,True
50,0.4162092693287568,False,,0.4162092693287568,False,68,0.0,True
51,0.4136115774525012,False,,0.4136115774525012,False,68,0.0,True
52,0.4223293452648089,False,,0.4223293452648089,False,68,0.0,True
53,0.29610437635899906,False,,0.29610437635899906,False,68,0.0,True
54,0.4158933610449303,False,,0.4158933610449303,False,68,0.0,True
55,0.4162532876896255,False,,0.4162532876896255,False,68,0.0,True
56,0.3827230432676107,False,,0.3827230432676107,False,68,0.0,True
57,0.41735066413882393,False,,0.41735066413882393,False,68,0.0,True
58,0.4212856800281851,False,,0.4212856800281851,False,68,0.0,True
59,0.38299961996621823,False,,0.38299961996621823,False,68,0.0,True
60,0.41782465952795583,False,,0.41782465952795583,False,68,0.0,True
61,0.4104679947521048,False,,0.4104679947521048,False,68,0.0,True
62,0.32220454697907847,False,,0.32220454697907847,False,68,0.0,True
63,0.3994090454098612,False,,0.3994090454098612,False,68,0.0,True
0,0.3943797264203065,True,,0.3943797264203065,True,69,0.0,True
1,0.18859791909763446,False,,0.18859791909763446,False,69,0.0,True
2,0.39715042328105926,False,,0.39715042328105926,False,69,0.0,True
3,0.39835169694148226,False,,0.39835169694148226,False,69,0.0,True
4,0.39800821908457606,False,,0.39800821908457606,False,69,0.0,True
5,0.39719843316033454,False,,0.39719843316033454,False,69,0.0,True
6,0.39757186792101207,False,,0.39757186792101207,False,69,0.0,True
7,0.3985355482632992,False,,0.3985355482632992,False,69,0.0,True
8,0.39755147798533835,False,,0.39755147798533835,False,69,0.0,True
9,0.3973799057867464,False,,0.3973799057867464,False,69,0.0,True
10,0.3964840107068804,False,,0.3964840107068804,False,69,0.0,True
11,0.39687003295181633,False,,0.39687003295181633,False,69,0.0,True
12,0.39814303472426754,False,,0.39814303472426754,False,69,0.0,True
13,0.39502985971064536,False,,0.39502985971064536,False,69,0.0,True
14,0.39460043739909306,False,,0.39460043739909306,False,69,0.0,True
15,0.3970275101586013,False,,0.3970275101586013,False,69,0.0,True
16,0.3972839964197541,False,,0.3972839964197541,False,69,0.0,True
17,0.39911388642293993,False,,0.39911388642293993,False,69,0.0,True
18,0.3984538644268633,False,,0.3984538644268633,False,69,0.0,True
19,0.3967169271818858,False,,0.3967169271818858,False,69,0.0,True
20,0.3976181069986948,False,,0.3976181069986948,False,69,0.0,True
21,0.39785726917022163,False,,0.39785726917022163,False,69,0.0,True
22,0.3958229693885113,False,,0.3958229693885113,False,69,0.0,True
23,0.3989182240301283,False,,0.3989182240301283,False,69,0.0,True
24,0.3976602051166967,False,,0.3976602051166967,False,69,0.0,True
25,0.3971908809478962,False,,0.3971908809478962,False,69,0.0,True
26,0.3965525171864419,False,,0.3965525171864419,False,69,0.0,True
27,0.3972450780193479,False,,0.3972450780193479,False,69,0.0,True
28,0.39845636880539953,False,,0.39845636880539953,False,69,0.0,True
29,0.39594187464807273,False,,0.39594187464807273,False,69,0.0,True
30,0.3980317038562883,False,,0.3980317038562883,False,69,0.0,True
31,0.3964723088725714,False,,0.3964723088725714,False,69,0.0,True
32,0.3966655146840792,False,,0.3966655146840792,False,69,0.0,True
33,0.3968053987362167,False,,0.3968053987362167,False,69,0.0,True
34,0.39790588170688046,False,,0.39790588170688046,False,69,0.0,True
35,0.39575331257723356,False,,0.39575331257723356,False,69,0.0,True
36,0.39608311085150183,False,,0.39608311085150183,False,69,0.0,True
37,0.39851417720089877,False,,0.39851417720089877,False,69,0.0,True
38,0.39707196250937377,False,,0.39707196250937377,False,69,0.0,True
39,0.3962516530826887,False,,0.3962516530826887,False,69,0.0,True
40,0.3966129497625152,False,,0.3966129497625152,False,69,0.0,True
41,0.39918760471777737,False,,0.39918760471777737,False,69,0.0,True
42,0.3973253954606395,False,,0.3973253954606395,False,69,0.0,True
43,0.39782335717908607,False,,0.39782335717908607,False,69,0.0,True
44,0.3972984743472786,False,,0.3972984743472786,False,69,0.0,True
45,0.39468454511198053,False,,0.39468454511198053,False,69,0.0,True
46,0.3980863741450135,False,,0.3980863741450135,False,69,0.0,True
47,0.3968221168298012,False,,0.3968221168298012,False,69,0.0,True
48,0.3970729463923177,False,,0.3970729463923177,False,69,0.0,True
49,0.393384274420157,False,,0.393384274420157,False,69,0.0,True
50,0.39853981580224096,False,,0.39853981580224096,False,69,0.0,True
51,0.39873785458067146,False,,0.39873785458067146,False,69,0.0,True
52,0.3984850286926332,False,,0.3984850286926332,False,69,0.0,True
53,0.39735049666793887,False,,0.39735049666793887,False,69,0.0,True
54,0.39679178434300055,False,,0.39679178434300055,False,69,0.0,True
55,0.39832823613378315,False,,0.39832823613378315,False,69,0.0,True
56,0.39700751629557085,False,,0.39700751629557085,False,69,0.0,True
57,0.3966617183439172,False,,0.3966617183439172,False,69,0.0,True
58,0.3984911133286045,False,,0.3984911133286045,False,69,0.0,True
59,0.3984375983246405,False,,0.3984375983246405,False,69,0.0,True
60,0.3986294086883478,False,,0.3986294086883478,False,69,0.0,True
61,0.3967984902063217,False,,0.3967984902063217,False,69,0.0,True
62,0.3980461063972238,False,,0.3980461063972238,False,69,0.0,True
63,0.3990579364389481,False,,0.3990579364389481,False,69,0.0,True
0,0.3710252396920319,True,,0.3710252396920319,True,70,0.0,True
1,0.37147768072154086,False,,0.37147768072154086,False,70,0.0,True
2,0.37492466625503307,False,,0.37492466625503307,False,70,0.0,True
3,0.3726269947709805,False,,0.3726269947709805,False,70,0.0,True
4,0.37594162559431477,False,,0.37594162559431477,False,70,0.0,True
5,0.3724677739860346,False,,0.3724677739860346,False,70,0.0,True
6,0.37559385068658113,False,,0.37559385068658113,False,70,0.0,True
7,0.37440379673969776,False,,0.37440379673969776,False,70,0.0,True
8,0.3736657354270069,False,,0.3736657354270069,False,70,0.0,True
9,0.37439539145023737,False,,0.37439539145023737,False,70,0.0,True
10,0.3735781035716689,False,,0.3735781035716689,False,70,0.0,True
11,0.3733503078671923,False,,0.3733503078671923,False,70,0.0,True
12,0.3748364224486463,False,,0.3748364224486463,False,70,0.0,True
13,0.3763812210418873,False,,0.3763812210418873,False,70,0.0,True
14,0.37494819987650635,False,,0.37494819987650635,False,70,0.0,True
15,0.37388937884395956,False,,0.37388937884395956,False,70,0.0,True
16,0.37384754111496055,False,,0.37384754111496055,False,70,0.0,True
17,0.3756231716669819,False,,0.3756231716669819,False,70,0.0,True
18,0.37393971308014023,False,,0.37393971308014023,False,70,0.0,True
19,0.3734301349815001,False,,0.3734301349815001,False,70,0.0,True
20,0.3755193348534894,False,,0.3755193348534894,False,70,0.0,True
21,0.3764573860895649,False,,0.3764573860895649,False,70,0.0,True
22,0.37383430904686227,False,,0.37383430904686227,False,70,0.0,True
23,0.3749623740297241,False,,0.3749623740297241,False,70,0.0,True
24,0.37259910322097034,False,,0.37259910322097034,False,70,0.0,True
25,0.375239011365227,False,,0.375239011365227,False,70,0.0,True
26,0.3747676608016757,False,,0.3747676608016757,False,70,0.0,True
27,0.37531820714108427,False,,0.37531820714108427,False,70,0.0,True
28,0.37414859676251133,False,,0.37414859676251133,False,70,0.0,True
29,0.3745037156047994,False,,0.3745037156047994,False,70,0.0,True
30,0.3720169015496245,False,,0.3720169015496245,False,70,0.0,True
31,0.3742214253364599,False,,0.3742214253364599,False,70,0.0,True
32,0.374295641299088,False,,0.374295641299088,False,70,0.0,True
33,0.3754729410102934,False,,0.3754729410102934,False,70,0.0,True
34,0.3741182882633654,False,,0.3741182882633654,False,70,0.0,True
35,0.3738414305103363,False,,0.3738414305103363,False,70,0.0,True
36,0.37570973976085253,False,,0.37570973976085253,False,70,0.0,True
37,0.3752378973977375,False,,0.3752378973977375,False,70,0.0,True
38,0.36949422166759827,False,,0.36949422166759827,False,70,0.0,True
39,0.37641752671656364,False,,0.37641752671656364,False,70,0.0,True
40,0.37412520769806373,False,,0.37412520769806373,False,70,0.0,True
41,0.3750301893194221,False,,0.3750301893194221,False,70,0.0,True
42,0.37373333838136413,False,,0.37373333838136413,False,70,0.0,True
43,0.37233536042689047,False,,0.37233536042689047,False,70,0.0,True
44,0.37359334560808644,False,,0.37359334560808644,False,70,0.0,True
45,0.3754802324927593,False,,0.3754802324927593,False,70,0.0,True
46,0.37603958300750934,False,,0.37603958300750934,False,70,0.0,True
47,0.37235666794882244,False,,0.37235666794882244,False,70,0.0,True
48,0.3741716643546435,False,,0.3741716643546435,False,70,0.0,True
49,0.37581551564043825,False,,0.37581551564043825,False,70,0.0,True
50,0.3752335669374801,False,,0.3752335669374801,False,70,0.0,True
51,0.3722612329799856,False,,0.3722612329799856,False,70,0.0,True
52,0.3755567548553663,False,,0.3755567548553663,False,70,0.0,True
53,0.3726848867609974,False,,0.3726848867609974,False,70,0.0,True
54,0.375313607773648,False,,0.375313607773648,False,70,0.0,True
55,0.37606636505176383,False,,0.37606636505176383,False,70,0.0,True
56,0.3716254164146937,False,,0.3716254164146937,False,70,0.0,True
57,0.37597512878834416,False,,0.37597512878834416,False,70,0.0,True
58,0.3736020509967955,False,,0.3736020509967955,False,70,0.0,True
59,0.375371372776132,False,,0.375371372776132,False,70,0.0,True
60,0.37237873988029263,False,,0.37237873988029263,False,70,0.0,True
61,0.3731635824626039,False,,0.3731635824626039,False,70,0.0,True
62,0.37515290244044175,False,,0.37515290244044175,False,70,0.0,True
63,0.3744573836901216,False,,0.3744573836901216,False,70,0.0,True
0,0.3397685914805312,True,,0.3397685914805312,True,71,0.0,True
1,0.3399350955443893,False,,0.3399350955443893,False,71,0.0,True
2,0.3424594161852402,False,,0.3424594161852402,False,71,0.0,True
3,0.34242353569994205,False,,0.34242353569994205,False,71,0.0,True
4,0.3429194272768375,False,,0.3429194272768375,False,71,0.0,True
5,0.3433483550313089,False,,0.3433483550313089,False,71,0.0,True
6,0.34175123466141333,False,,0.34175123466141333,False,71,0.0,True
7,0.34289564381591975,False,,0.34289564381591975,False,71,0.0,True
8,0.3441680698377563,False,,0.3441680698377563,False,71,0.0,True
9,0.34114824228155277,False,,0.34114824228155277,False,71,0.0,True
10,0.3441835497968148,False,,0.3441835497968148,False,71,0.0,True
11,0.34282540645022574,False,,0.34282540645022574,False,71,0.0,True
12,0.3426691295827257,False,,0.3426691295827257,False,71,0.0,True
13,0.3425860801594062,False,,0.3425860801594062,False,71,0.0,True
14,0.3431255188588908,False,,0.3431255188588908,False,71,0.0,True
15,0.3433365718822705,False,,0.3433365718822705,False,71,0.0,True
16,0.3426450485366218,False,,0.3426450485366218,False,71,0.0,True
17,0.3433958167854978,False,,0.3433958167854978,False,71,0.0,True
18,0.3421526847449302,False,,0.3421526847449302,False,71,0.0,True
19,0.3433673412604481,False,,0.3433673412604481,False,71,0.0,True
20,0.34278077409990854,False,,0.34278077409990854,False,71,0.0,True
21,0.34352365034809107,False,,0.34352365034809107,False,71,0.0,True
22,0.34162488017494125,False,,0.34162488017494125,False,71,0.0,True
23,0.34196993267878895,False,,0.34196993267878895,False,71,0.0,True
24,0.34194644640798355,False,,0.34194644640798355,False,71,0.0,True
25,0.3423477406034066,False,,0.3423477406034066,False,71,0.0,True
26,0.3428959738647973,False,,0.3428959738647973,False,71,0.0,True
27,0.34248856021528024,False,,0.34248856021528024,False,71,0.0,True
28,0.3435365428596105,False,,0.3435365428596105,False,71,0.0,True
29,0.3411542215546316,False,,0.3411542215546316,False,71,0.0,True
30,0.34230948080569557,False,,0.34230948080569557,False,71,0.0,True
31,0.3426865491177552,False,,0.3426865491177552,False,71,0.0,True
32,0.34302315830379393,False,,0.34302315830379393,False,71,0.0,True
33,0.34188988890686656,False,,0.34188988890686656,False,71,0.0,True
34,0.34329321134141316,False,,0.34329321134141316,False,71,0.0,True
35,0.3440264535057909,False,,0.3440264535057909,False,71,0.0,True
36,0.34287720218050877,False,,0.34287720218050877,False,71,0.0,True
37,0.34156256978544025,False,,0.34156256978544025,False,71,0.0,True
38,0.342649678495265,False,,0.342649678495265,False,71,0.0,True
39,0.3418051977480703,False,,0.3418051977480703,False,71,0.0,True
40,0.3425786420312629,False,,0.3425786420312629,False,71,0.0,True
41,0.34202320314326184,False,,0.34202320314326184,False,71,0.0,True
42,0.34240155231866976,False,,0.34240155231866976,False,71,0.0,True
43,0.3421097666508893,False,,0.3421097666508893,False,71,0.0,True
44,0.34207458327303764,False,,0.34207458327303764,False,71,0.0,True
45,0.34292693940486085,False,,0.34292693940486085,False,71,0.0,True
46,0.34263579777549935,False,,0.34263579777549935,False,71,0.0,True
47,0.3400662570767467,False,,0.3400662570767467,False,71,0.0,True
48,0.34223516757787065,False,,0.34223516757787065,False,71,0.0,True
49,0.34064078334582304,False,,0.34064078334582304,False,71,0.0,True
50,0.3416632262351365,False,,0.3416632262351365,False,71,0.0,True
51,0.34348201467374906,False,,0.34348201467374906,False,71,0.0,True
52,0.34354711569224045,False,,0.34354711569224045,False,71,0.0,True
53,0.34311982462558793,False,,0.34311982462558793,False,71,0.0,True
54,0.343106453516866,False,,0.343106453516866,False,71,0.0,True
55,0.3415998795917256,False,,0.3415998795917256,False,71,0.0,True
56,0.3407368351349773,False,,0.3407368351349773,False,71,0.0,True
57,0.3430711368230747,False,,0.3430711368230747,False,71,0.0,True
58,0.3411973296850904,False,,0.3411973296850904,False,71,0.0,True
59,0.3406469990470025,False,,0.3406469990470025,False,71,0.0,True
60,0.34414681915010725,False,,0.34414681915010725,False,71,0.0,True
61,0.3423786955457199,False,,0.3423786955457199,False,71,0.0,True
62,0.34134521455499267,False,,0.34134521455499267,False,71,0.0,True
63,0.3432137647558818,False,,0.3432137647558818,False,71,0.0,True
0,0.3265736562962242,True,,0.3265736562962242,True,72,0.0,True
1,0.32632000332253003,False,,0.32632000332253003,False,72,0.0,True
2,0.3292324024754603,False,,0.3292324024754603,False,72,0.0,True
3,0.32795065416474983,False,,0.32795065416474983,False,72,0.0,True
4,0.3309482729289875,False,,0.3309482729289875,False,72,0.0,True
5,0.3298062395622399,False,,0.3298062395622399,False,72,0.0,True
6,0.3284863885426439,False,,0.3284863885426439,False,72,0.0,True
7,0.3290517855496527,False,,0.3290517855496527,False,72,0.0,True
8,0.33014867885733556,False,,0.33014867885733556,False,72,0.0,True
9,0.3272348104965961,False,,0.3272348104965961,False,72,0.0,True
10,0.3288936173757963,False,,0.3288936173757963,False,72,0.0,True
11,0.32952994193969853,False,,0.32952994193969853,False,72,0.0,True
12,0.3282486034233907,False,,0.3282486034233907,False,72,0.0,True
13,0.3279004589490429,False,,0.3279004589490429,False,72,0.0,True
14,0.32770790600318045,False,,0.32770790600318045,False,72,0.0,True
15,0.32923881631009955,False,,0.32923881631009955,False,72,0.0,True
16,0.328582662465798,False,,0.328582662465798,False,72,0.0,True
17,0.3293812229912382,False,,0.3293812229912382,False,72,0.0,True
18,0.3275521464645518,False,,0.3275521464645518,False,72,0.0,True
19,0.3285297729419062,False,,0.3285297729419062,False,72,0.0,True
20,0.33046392239545896,False,,0.33046392239545896,False,72,0.0,True
21,0.3266871282954308,False,,0.3266871282954308,False,72,0.0,True
22,0.3272746149130382,False,,0.3272746149130382,False,72,0.0,True
23,0.3294229753283531,False,,0.3294229753283531,False,72,0.0,True
24,0.32922993299627873,False,,0.32922993299627873,False,72,0.0,True
25,0.3301354514902087,False,,0.3301354514902087,False,72,0.0,True
26,0.3282116179410751,False,,0.3282116179410751,False,72,0.0,True
27,0.33047216466268703,False,,0.33047216466268703,False,72,0.0,True
28,0.32666260680118125,False,,0.32666260680118125,False,72,0.0,True
29,0.31737134270917433,False,,0.31737134270917433,False,72,0.0,True
30,0.3295038266367008,False,,0.3295038266367008,False,72,0.0,True
31,0.33046470314655135,False,,0.33046470314655135,False,72,0.0,True
32,0.33110658288244926,False,,0.33110658288244926,False,72,0.0,True
33,0.32962050423363437,False,,0.32962050423363437,False,72,0.0,True
34,0.33009893752671204,False,,0.33009893752671204,False,72,0.0,True
35,0.32990205745905343,False,,0.32990205745905343,False,72,0.0,True
36,0.3305865667472509,False,,0.3305865667472509,False,72,0.0,True
37,0.32859340100956547,False,,0.32859340100956547,False,72,0.0,True
38,0.3307545598796796,False,,0.3307545598796796,False,72,0.0,True
39,0.32689267074038614,False,,0.32689267074038614,False,72,0.0,True
40,0.3304274240457557,False,,0.3304274240457557,False,72,0.0,True
41,0.3296742511940616,False,,0.3296742511940616,False,72,0.0,True
42,0.3300958104989671,False,,0.3300958104989671,False,72,0.0,True
43,0.27213207021359176,False,,0.27213207021359176,False,72,0.0,True
44,0.32769861221770813,False,,0.32769861221770813,False,72,0.0,True
45,0.32981577630569864,False,,0.32981577630569864,False,72,0.0,True
46,0.32384732771360714,False,,0.32384732771360714,False,72,0.0,True
47,0.3316140583507038,False,,0.3316140583507038,False,72,0.0,True
48,0.32957098270990454,False,,0.32957098270990454,False,72,0.0,True
49,0.3287554722882018,False,,0.3287554722882018,False,72,0.0,True
50,0.33126704686072334,False,,0.33126704686072334,False,72,0.0,True
51,0.32914321892200366,False,,0.32914321892200366,False,72,0.0,True
52,0.3303375388438019,False,,0.3303375388438019,False,72,0.0,True
53,0.32868685677454695,False,,0.32868685677454695,False,72,0.0,True
54,0.3293502677736325,False,,0.3293502677736325,False,72,0.0,True
55,0.3298862924007245,False,,0.3298862924007245,False,72,0.0,True
56,0.3295273473333015,False,,0.3295273473333015,False,72,0.0,True
57,0.33092811898733665,False,,0.33092811898733665,False,72,0.0,True
58,0.22799410765338274,False,,0.22799410765338274,False,72,0.0,True
59,0.3303635222162359,False,,0.3303635222162359,False,72,0.0,True
60,0.32918814941806795,False,,0.32918814941806795,False,72,0.0,True
61,0.3296095618043396,False,,0.3296095618043396,False,72,0.0,True
62,0.32962342141725737,False,,0.32962342141725737,False,72,0.0,True
63,0.32552446723796646,False,,0.32552446723796646,False,72,0.0,True
0,0.32009708649690316,True,,0.32009708649690316,True,73,0.0,True
1,0.32124914274171074,False,,0.32124914274171074,False,73,0.0,True
2,0.32067010136706603,False,,0.32067010136706603,False,73,0.0,True
3,0.32140307826450204,False,,0.32140307826450204,False,73,0.0,True
4,0.32142407723893607,False,,0.32142407723893607,False,73,0.0,True
5,0.3225476244350743,False,,0.3225476244350743,False,73,0.0,True
6,0.3227503127059067,False,,0.3227503127059067,False,73,0.0,True
7,0.32038181516667547,False,,0.32038181516667547,False,73,0.0,True
8,0.3218315573955659,False,,0.3218315573955659,False,73,0.0,True
9,0.3214772370173291,False,,0.3214772370173291,False,73,0.0,True
10,0.3216520211948529,False,,0.3216520211948529,False,73,0.0,True
11,0.3224897430675731,False,,0.3224897430675731,False,73,0.0,True
12,0.32161803913287196,False,,0.32161803913287196,False,73,0.0,True
13,0.3219423872583564,False,,0.3219423872583564,False,73,0.0,True
14,0.32129246341070883,False,,0.32129246341070883,False,73,0.0,True
15,0.3216352485264224,False,,0.3216352485264224,False,73,0.0,True
16,0.32061821404933816,False,,0.32061821404933816,False,73,0.0,True
17,0.32072911346373467,False,,0.32072911346373467,False,73,0.0,True
18,0.3230347598416118,False,,0.3230347598416118,False,73,0.0,True
19,0.3213050406651915,False,,0.3213050406651915,False,73,0.0,True
20,0.32158214739353913,False,,0.32158214739353913,False,73,0.0,True
21,0.3212791483837554,False,,0.3212791483837554,False,73,0.0,True
22,0.3219777474114194,False,,0.3219777474114194,False,73,0.0,True
23,0.3192433095343251,False,,0.3192433095343251,False,73,0.0,True
24,0.3223113437538389,False,,0.3223113437538389,False,73,0.0,True
25,0.3225273739173952,False,,0.3225273739173952,False,73,0.0,True
26,0.32223785698179375,False,,0.32223785698179375,False,73,0.0,True
27,0.320896541253983,False,,0.320896541253983,False,73,0.0,True
28,0.32067801088294073,False,,0.32067801088294073,False,73,0.0,True
29,0.32197179073078774,False,,0.32197179073078774,False,73,0.0,True
30,0.32260395311898993,False,,0.32260395311898993,False,73,0.0,True
31,0.3219454767755859,False,,0.3219454767755859,False,73,0.0,True
32,0.3218852171016784,False,,0.3218852171016784,False,73,0.0,True
33,0.3222981991716233,False,,0.3222981991716233,False,73,0.0,True
34,0.321850157301254,False,,0.321850157301254,False,73,0.0,True
35,0.3174237419745895,False,,0.3174237419745895,False,73,0.0,True
36,0.32191936174230845,False,,0.32191936174230845,False,73,0.0,True
37,0.32033913092837396,False,,0.32033913092837396,False,73,0.0,True
38,0.3214491217147878,False,,0.3214491217147878,False,73,0.0,True
39,0.3215443877501203,False,,0.3215443877501203,False,73,0.0,True
40,0.32218713109152797,False,,0.32218713109152797,False,73,0.0,True
41,0.3212157033313549,False,,0.3212157033313549,False,73,0.0,True
42,0.320725539003653,False,,0.320725539003653,False,73,0.0,True
43,0.3213875793035277,False,,0.3213875793035277,False,73,0.0,True
44,0.32258689575306043,False,,0.32258689575306043,False,73,0.0,True
45,0.32245638408965716,False,,0.32245638408965716,False,73,0.0,True
46,0.3219608689979868,False,,0.3219608689979868,False,73,0.0,True
47,0.3213508785214938,False,,0.3213508785214938,False,73,0.0,True
48,0.32191708810925634,False,,0.32191708810925634,False,73,0.0,True
49,0.32320009677068917,False,,0.32320009677068917,False,73,0.0,True
50,0.3213014800743484,False,,0.3213014800743484,False,73,0.0,True
51,0.32144650215416487,False,,0.32144650215416487,False,73,0.0,True
52,0.3227517859613856,False,,0.3227517859613856,False,73,0.0,True
53,0.3225291688158587,False,,0.3225291688158587,False,73,0.0,True
54,0.3202938390189187,False,,0.3202938390189187,False,73,0.0,True
55,0.32136730939671104,False,,0.32136730939671104,False,73,0.0,True
56,0.321994531729017,False,,0.321994531729017,False,73,0.0,True
57,0.32081454054972847,False,,0.32081454054972847,False,73,0.0,True
58,0.3216021198715673,False,,0.3216021198715673,False,73,0.0,True
59,0.32241752025217224,False,,0.32241752025217224,False,73,0.0,True
60,0.3211771347465229,False,,0.3211771347465229,False,73,0.0,True
61,0.32248271980609255,False,,0.32248271980609255,False,73,0.0,True
62,0.3186738757478849,False,,0.3186738757478849,False,73,0.0,True
63,0.3218421907783533,False,,0.3218421907783533,False,73,0.0,True
0,0.3448218285427509,True,,0.3448218285427509,True,74,0.0,True
1,0.3442062222335234,False,,0.3442062222335234,False,74,0.0,True
2,0.3454904366716509,False,,0.3454904366716509,False,74,0.0,True
3,0.3470834439297842,False,,0.3470834439297842,False,74,0.0,True
4,0.3461442302620733,False,,0.3461442302620733,False,74,0.0,True
5,0.3462175807956561,False,,0.3462175807956561,False,74,0.0,True
6,0.34731139831650165,False,,0.34731139831650165,False,74,0.0,True
7,0.34671265422710007,False,,0.34671265422710007,False,74,0.0,True
8,0.3466132354623195,False,,0.3466132354623195,False,74,0.0,True
9,0.34674117943332505,False,,0.34674117943332505,False,74,0.0,True
10,0.3459649269010066,False,,0.3459649269010066,False,74,0.0,True
11,0.3469341132676517,False,,0.3469341132676517,False,74,0.0,True
12,0.3468244261275759,False,,0.3468244261275759,False,74,0.0,True
13,0.34693789393284763,False,,0.34693789393284763,False,74,0.0,True
14,0.345903130765979,False,,0.345903130765979,False,74,0.0,True
15,0.3440682409058083,False,,0.3440682409058083,False,74,0.0,True
16,0.3461465338255796,False,,0.3461465338255796,False,74,0.0,True
17,0.34698634467792266,False,,0.34698634467792266,False,74,0.0,True
18,0.3454767154311888,False,,0.3454767154311888,False,74,0.0,True
19,0.34641002024297995,False,,0.34641002024297995,False,74,0.0,True
20,0.34505903502954804,False,,0.34505903502954804,False,74,0.0,True
21,0.3457202653018372,False,,0.3457202653018372,False,74,0.0,True
22,0.346059119054862,False,,0.346059119054862,False,74,0.0,True
23,0.3460635932363845,False,,0.3460635932363845,False,74,0.0,True
24,0.3474323225569796,False,,0.3474323225569796,False,74,0.0,True
25,0.34692493894281395,False,,0.34692493894281395,False,74,0.0,True
26,0.34606214356784054,False,,0.34606214356784054,False,74,0.0,True
27,0.3464003709949011,False,,0.3464003709949011,False,74,0.0,True
28,0.34637774960312817,False,,0.34637774960312817,False,74,0.0,True
29,0.3462001671009278,False,,0.3462001671009278,False,74,0.0,True
30,0.3470428025894239,False,,0.3470428025894239,False,74,0.0,True
31,0.34691946540365537,False,,0.34691946540365537,False,74,0.0,True
32,0.3472103056208564,False,,0.3472103056208564,False,74,0.0,True
33,0.3447308043514176,False,,0.3447308043514176,False,74,0.0,True
34,0.34609106717994575,False,,0.34609106717994575,False,74,0.0,True
35,0.3454869212866225,False,,0.3454869212866225,False,74,0.0,True
36,0.3464802824114477,False,,0.3464802824114477,False,74,0.0,True
37,0.3444574835047846,False,,0.3444574835047846,False,74,0.0,True
38,0.3463530079922625,False,,0.3463530079922625,False,74,0.0,True
39,0.34667622648081237,False,,0.34667622648081237,False,74,0.0,True
40,0.34534191626446936,False,,0.34534191626446936,False,74,0.0,True
41,0.34737205602604193,False,,0.34737205602604193,False,74,0.0,True
42,0.34595676425410576,False,,0.34595676425410576,False,74,0.0,True
43,0.346539132602719,False,,0.346539132602719,False,74,0.0,True
44,0.34463223120977354,False,,0.34463223120977354,False,74,0.0,True
45,0.3459893617968629,False,,0.3459893617968629,False,74,0.0,True
46,0.3467561023817196,False,,0.3467561023817196,False,74,0.0,True
47,0.3459130060818757,False,,0.3459130060818757,False,74,0.0,True
48,0.3460362198836184,False,,0.3460362198836184,False,74,0.0,True
49,0.3447672168559106,False,,0.3447672168559106,False,74,0.0,True
50,0.3461371296066522,False,,0.3461371296066522,False,74,0.0,True
51,0.34523586960145275,False,,0.34523586960145275,False,74,0.0,True
52,0.3463826947885118,False,,0.3463826947885118,False,74,0.0,True
53,0.34584151154626297,False,,0.34584151154626297,False,74,0.0,True
54,0.345185125706141,False,,0.345185125706141,False,74,0.0,True
55,0.3467176534872589,False,,0.3467176534872589,False,74,0.0,True
56,0.3468125053052886,False,,0.3468125053052886,False,74,0.0,True
57,0.34647681255894264,False,,0.34647681255894264,False,74,0.0,True
58,0.34710577849514745,False,,0.34710577849514745,False,74,0.0,True
59,0.3464551464896731,False,,0.3464551464896731,False,74,0.0,True
60,0.3444305540154414,False,,0.3444305540154414,False,74,0.0,True
61,0.3468492192706503,False,,0.3468492192706503,False,74,0.0,True
62,0.3470725264773873,False,,0.3470725264773873,False,74,0.0,True
63,0.345105873486353,False,,0.345105873486353,False,74,0.0,True
0,-0.2373522177899687,True,,-0.2373522177899687,True,75,0.0,True
1,-0.23788711628445336,False,,-0.23788711628445336,False,75,0.0,True
2,-0.23662959061878597,False,,-0.23662959061878597,False,75,0.0,True
3,-0.23626259678974032,False,,-0.23626259678974032,False,75,0.0,True
4,-0.23626669509252002,False,,-0.23626669509252002,False,75,0.0,True
5,-0.2377569939518232,False,,-0.2377569939518232,False,75,0.0,True
6,-0.23600744738541812,False,,-0.23600744738541812,False,75,0.0,True
7,-0.23581838466569227,False,,-0.23581838466569227,False,75,0.0,True
8,-0.23642767631061257,False,,-0.23642767631061257,False,75,0.0,True
9,-0.2356211987515085,False,,-0.2356211987515085,False,75,0.0,True
10,-0.2372361281577492,False,,-0.2372361281577492,False,75,0.0,True
11,-0.23626428926984622,False,,-0.23626428926984622,False,75,0.0,True
12,-0.23706751819099922,False,,-0.23706751819099922,False,75,0.0,True
13,-0.23708452187545645,False,,-0.23708452187545645,False,75,0.0,True
14,-0.23605931659845628,False,,-0.23605931659845628,False,75,0.0,True
15,-0.2371697104046292,False,,-0.2371697104046292,False,75,0.0,True
16,-0.2369667097617726,False,,-0.2369667097617726,False,75,0.0,True
17,-0.23577478804597407,False,,-0.23577478804597407,False,75,0.0,True
18,-0.23574297734978758,False,,-0.23574297734978758,False,75,0.0,True
19,-0.23675028922301458,False,,-0.23675028922301458,False,75,0.0,True
20,-0.235302012182234,False,,-0.235302012182234,False,75,0.0,True
21,-0.23647641810939332,False,,-0.23647641810939332,False,75,0.0,True
22,-0.23551592444494493,False,,-0.23551592444494493,False,75,0.0,True
23,-0.2366917702622435,False,,-0.2366917702622435,False,75,0.0,True
24,-0.2349567213755241,False,,-0.2349567213755241,False,75,0.0,True
25,-0.23597992204489066,False,,-0.23597992204489066,False,75,0.0,True
26,-0.23601150769163773,False,,-0.23601150769163773,False,75,0.0,True
27,-0.2363147989656158,False,,-0.2363147989656158,False,75,0.0,True
28,-0.2361970931785562,False,,-0.2361970931785562,False,75,0.0,True
29,-0.23609780203491812,False,,-0.23609780203491812,False,75,0.0,True
30,-0.2353332226294602,False,,-0.2353332226294602,False,75,0.0,True
31,-0.23549656860607526,False,,-0.23549656860607526,False,75,0.0,True
32,-0.2373194187118563,False,,-0.2373194187118563,False,75,0.0,True
33,-0.2354981372036372,False,,-0.2354981372036372,False,75,0.0,True
34,-0.23543865189029842,False,,-0.23543865189029842,False,75,0.0,True
35,-0.2353280740211777,False,,-0.2353280740211777,False,75,0.0,True
36,-0.2359181643786872,False,,-0.2359181643786872,False,75,0.0,True
37,-0.23675818737082993,False,,-0.23675818737082993,False,75,0.0,True
38,-0.23515617853669923,False,,-0.23515617853669923,False,75,0.0,True
39,-0.2366690395533246,False,,-0.2366690395533246,False,75,0.0,True
40,-0.2357068529686791,False,,-0.2357068529686791,False,75,0.0,True
41,-0.237531645051691,False,,-0.237531645051691,False,75,0.0,True
42,-0.23542721533298405,False,,-0.23542721533298405,False,75,0.0,True
43,-0.23512439238876293,False,,-0.23512439238876293,False,75,0.0,True
44,-0.23699010318354388,False,,-0.23699010318354388,False,75,0.0,True
45,-0.2352511050602329,False,,-0.2352511050602329,False,75,0.0,True
46,-0.23681388230512418,False,,-0.23681388230512418,False,75,0.0,True
47,-0.23701894518945812,False,,-0.23701894518945812,False,75,0.0,True
48,-0.23719089253305478,False,,-0.23719089253305478,False,75,0.0,True
49,-0.23620826936216555,False,,-0.23620826936216555,False,75,0.0,True
50,-0.23650184933524562,False,,-0.23650184933524562,False,75,0.0,True
51,-0.23536152944140898,False,,-0.23536152944140898,False,75,0.0,True
52,-0.23680281303960288,False,,-0.23680281303960288,False,75,0.0,True
53,-0.2361454058373392,False,,-0.2361454058373392,False,75,0.0,True
54,-0.23681414526519692,False,,-0.23681414526519692,False,75,0.0,True
55,-0.2360436365493981,False,,-0.2360436365493981,False,75,0.0,True
56,-0.2369260489360801,False,,-0.2369260489360801,False,75,0.0,True
57,-0.23634412136932037,False,,-0.23634412136932037,False,75,0.0,True
58,-0.2369679230345828,False,,-0.2369679230345828,False,75,0.0,True
59,-0.2360792267042354,False,,-0.2360792267042354,False,75,0.0,True
60,-0.23772819024486827,False,,-0.23772819024486827,False,75,0.0,True
61,-0.23594591997769843,False,,-0.23594591997769843,False,75,0.0,True
62,-0.2362039817812065,False,,-0.2362039817812065,False,75,0.0,True
63,-0.23666787913514975,False,,-0.23666787913514975,False,75,0.0,True
0,-0.27254839879833037,True,,-0.27254839879833037,True,76,0.0,True
1,-0.2731083818103365,False,,-0.2731083818103365,False,76,0.0,True
2,-0.2731033495459753,False,,-0.2731033495459753,False,76,0.0,True
3,-0.271775100248708,False,,-0.271775100248708,False,76,0.0,True
4,-0.2730393454334826,False,,-0.2730393454334826,False,76,0.0,True
5,-0.2731031941922011,False,,-0.2731031941922011,False,76,0.0,True
6,-0.27367974418994856,False,,-0.27367974418994856,False,76,0.0,True
7,-0.27383743486923706,False,,-0.27383743486923706,False,76,0.0,True
8,-0.2719262475782852,False,,-0.2719262475782852,False,76,0.0,True
9,-0.27169466545222654,False,,-0.27169466545222654,False,76,0.0,True
10,-0.27226099820888716,False,,-0.27226099820888716,False,76,0.0,True
11,-0.27280565508940446,False,,-0.27280565508940446,False,76,0.0,True
12,-0.27192518213810246,False,,-0.27192518213810246,False,76,0.0,True
13,-0.2729212748498642,False,,-0.2729212748498642,False,76,0.0,True
14,-0.27146020694615625,False,,-0.27146020694615625,False,76,0.0,True
15,-0.27253110150522464,False,,-0.27253110150522464,False,76,0.0,True
16,-0.27163860283441443,False,,-0.27163860283441443,False,76,0.0,True
17,-0.2722312099815189,False,,-0.2722312099815189,False,76,0.0,True
18,-0.27312258250216326,False,,-0.27312258250216326,False,76,0.0,True
19,-0.27243218515171314,False,,-0.27243218515171314,False,76,0.0,True
20,-0.2720409006399744,False,,-0.2720409006399744,False,76,0.0,True
21,-0.27343271158477395,False,,-0.27343271158477395,False,76,0.0,True
22,-0.2720241992120811,False,,-0.2720241992120811,False,76,0.0,True
23,-0.2763461848372345,False,,-0.2763461848372345,False,76,0.0,True
24,-0.2719007713949351,False,,-0.2719007713949351,False,76,0.0,True
25,-0.2720164297710268,False,,-0.2720164297710268,False,76,0.0,True
26,-0.27222863805715913,False,,-0.27222863805715913,False,76,0.0,True
27,-0.2717155788370813,False,,-0.2717155788370813,False,76,0.0,True
28,-0.2728664588337093,False,,-0.2728664588337093,False,76,0.0,True
29,-0.27311441371129136,False,,-0.27311441371129136,False,76,0.0,True
30,-0.27381054883703315,False,,-0.27381054883703315,False,76,0.0,True
31,-0.2736413826661149,False,,-0.2736413826661149,False,76,0.0,True
32,-0.27234059552853684,False,,-0.27234059552853684,False,76,0.0,True
33,-0.2730473255358005,False,,-0.2730473255358005,False,76,0.0,True
34,-0.27426458934171594,False,,-0.27426458934171594,False,76,0.0,True
35,-0.2714364711229418,False,,-0.2714364711229418,False,76,0.0,True
36,-0.27244769354493914,False,,-0.27244769354493914,False,76,0.0,True
37,-0.2719927921383248,False,,-0.2719927921383248,False,76,0.0,True
38,-0.2721301849761214,False,,-0.2721301849761214,False,76,0.0,True
39,-0.27273688150233516,False,,-0.27273688150233516,False,76,0.0,True
40,-0.27199527733267287,False,,-0.27199527733267287,False,76,0.0,True
41,-0.2715261956830028,False,,-0.2715261956830028,False,76,0.0,True
42,-0.271792293986644,False,,-0.271792293986644,False,76,0.0,True
43,-0.27321404569940255,False,,-0.27321404569940255,False,76,0.0,True
44,-0.27232905686761133,False,,-0.27232905686761133,False,76,0.0,True
45,-0.2723203139755645,False,,-0.2723203139755645,False,76,0.0,True
46,-0.2718982976006806,False,,-0.2718982976006806,False,76,0.0,True
47,-0.27176219500820425,False,,-0.27176219500820425,False,76,0.0,True
48,-0.2716944806881609,False,,-0.2716944806881609,False,76,0.0,True
49,-0.2717312818133347,False,,-0.2717312818133347,False,76,0.0,True
50,-0.27160139484948714,False,,-0.27160139484948714,False,76,0.0,True
51,-0.2737017505778412,False,,-0.2737017505778412,False,76,0.0,True
52,-0.2715860184250285,False,,-0.2715860184250285,False,76,0.0,True
53,-0.2717009744973832,False,,-0.2717009744973832,False,76,0.0,True
54,-0.2728792172993238,False,,-0.2728792172993238,False,76,0.0,True
55,-0.27236791986787035,False,,-0.27236791986787035,False,76,0.0,True
56,-0.27145107447013417,False,,-0.27145107447013417,False,76,0.0,True
57,-0.27193102588263995,False,,-0.27193102588263995,False,76,0.0,True
58,-0.2730700126176596,False,,-0.2730700126176596,False,76,0.0,True
59,-0.2720190026610519,False,,-0.2720190026610519,False,76,0.0,True
60,-0.27502248233312665,False,,-0.27502248233312665,False,76,0.0,True
61,-0.27239696715990613,False,,-0.27239696715990613,False,76,0.0,True
62,-0.27143343926143315,False,,-0.27143343926143315,False,76,0.0,True
63,-0.2735205927018727,False,,-0.2735205927018727,False,76,0.0,True
0,-0.2679602083750538,True,,-0.2679602083750538,True,77,0.0,True
1,-0.26729365907882624,False,,-0.26729365907882624,False,77,0.0,True
2,-0.26773053110890216,False,,-0.26773053110890216,False,77,0.0,True
3,-0.26651789496168293,False,,-0.26651789496168293,False,77,0.0,True
4,-0.2666552634803053,False,,-0.2666552634803053,False,77,0.0,True
5,-0.2669834289943228,False,,-0.2669834289943228,False,77,0.0,True
6,-0.2659321696203739,False,,-0.2659321696203739,False,77,0.0,True
7,-0.2662834924747245,False,,-0.2662834924747245,False,77,0.0,True
8,-0.2672439162639336,False,,-0.2672439162639336,False,77,0.0,True
9,-0.2664879708433065,False,,-0.2664879708433065,False,77,0.0,True
10,-0.2662621422303171,False,,-0.2662621422303171,False,77,0.0,True
11,-0.26572657639437713,False,,-0.26572657639437713,False,77,0.0,True
12,-0.2674144215311851,False,,-0.2674144215311851,False,77,0.0,True
13,-0.2670438158376319,False,,-0.2670438158376319,False,77,0.0,True
14,-0.2657836492319855,False,,-0.2657836492319855,False,77,0.0,True
15,-0.2659138417465562,False,,-0.2659138417465562,False,77,0.0,True
16,-0.2657604026158913,False,,-0.2657604026158913,False,77,0.0,True
17,-0.268557384277603,False,,-0.268557384277603,False,77,0.0,True
18,-0.2662760711171395,False,,-0.2662760711171395,False,77,0.0,True
19,-0.2661873833358518,False,,-0.2661873833358518,False,77,0.0,True
20,-0.2668130218056751,False,,-0.2668130218056751,False,77,0.0,True
21,-0.2661399940710168,False,,-0.2661399940710168,False,77,0.0,True
22,-0.2674693859086138,False,,-0.2674693859086138,False,77,0.0,True
23,-0.26708768670032573,False,,-0.26708768670032573,False,77,0.0,True
24,-0.266746580979632,False,,-0.266746580979632,False,77,0.0,True
25,-0.2679942283428844,False,,-0.2679942283428844,False,77,0.0,True
26,-0.265778076037159,False,,-0.265778076037159,False,77,0.0,True
27,-0.26644239398073166,False,,-0.26644239398073166,False,77,0.0,True
28,-0.26776555250862877,False,,-0.26776555250862877,False,77,0.0,True
29,-0.2660039720079487,False,,-0.2660039720079487,False,77,0.0,True
30,-0.2667182926373607,False,,-0.2667182926373607,False,77,0.0,True
31,-0.26706408343154553,False,,-0.26706408343154553,False,77,0.0,True
32,-0.2661525876650994,False,,-0.2661525876650994,False,77,0.0,True
33,-0.26650929605450124,False,,-0.26650929605450124,False,77,0.0,True
34,-0.26640359560161386,False,,-0.26640359560161386,False,77,0.0,True
35,-0.26576454047892006,False,,-0.26576454047892006,False,77,0.0,True
36,-0.26666767663913044,False,,-0.26666767663913044,False,77,0.0,True
37,-0.26595064084866005,False,,-0.26595064084866005,False,77,0.0,True
38,-0.2658996167704185,False,,-0.2658996167704185,False,77,0.0,True
39,-0.26628342369731695,False,,-0.26628342369731695,False,77,0.0,True
40,-0.2656818664534296,False,,-0.2656818664534296,False,77,0.0,True
41,-0.26697439295477676,False,,-0.26697439295477676,False,77,0.0,True
42,-0.2677069370000643,False,,-0.2677069370000643,False,77,0.0,True
43,-0.2664338839101888,False,,-0.2664338839101888,False,77,0.0,True
44,-0.2664991264211998,False,,-0.2664991264211998,False,77,0.0,True
45,-0.26667434519110006,False,,-0.26667434519110006,False,77,0.0,True
46,-0.2670534710707543,False,,-0.2670534710707543,False,77,0.0,True
47,-0.26693048432819705,False,,-0.26693048432819705,False,77,0.0,True
48,-0.26605482578228873,False,,-0.26605482578228873,False,77,0.0,True
49,-0.2665468591143419,False,,-0.2665468591143419,False,77,0.0,True
50,-0.2657078619694663,False,,-0.2657078619694663,False,77,0.0,True
51,-0.2658374879122104,False,,-0.2658374879122104,False,77,0.0,True
52,-0.26569995561178367,False,,-0.26569995561178367,False,77,0.0,True
53,-0.2669185198306625,False,,-0.2669185198306625,False,77,0.0,True
54,-0.265961071007379,False,,-0.265961071007379,False,77,0.0,True
55,-0.26566331834192114,False,,-0.26566331834192114,False,77,0.0,True
56,-0.2663314995116034,False,,-0.2663314995116034,False,77,0.0,True
57,-0.26706037495827706,False,,-0.26706037495827706,False,77,0.0,True
58,-0.26675659098578475,False,,-0.26675659098578475,False,77,0.0,True
59,-0.2667388475159924,False,,-0.2667388475159924,False,77,0.0,True
60,-0.2666277924827508,False,,-0.2666277924827508,False,77,0.0,True
61,-0.2673155881852368,False,,-0.2673155881852368,False,77,0.0,True
62,-0.26608091067161516,False,,-0.26608091067161516,False,77,0.0,True
63,-0.26591112159740815,False,,-0.26591112159740815,False,77,0.0,True
0,-0.2743516831073781,True,,-0.2743516831073781,True,78,0.0,True
1,-0.2736523502626801,False,,-0.2736523502626801,False,78,0.0,True
2,-0.27239143637313606,False,,-0.27239143637313606,False,78,0.0,True
3,-0.2737865860729039,False,,-0.2737865860729039,False,78,0.0,True
4,-0.27245977395019083,False,,-0.27245977395019083,False,78,0.0,True
5,-0.2726534325307714,False,,-0.2726534325307714,False,78,0.0,True
6,-0.27323259664014166,False,,-0.27323259664014166,False,78,0.0,True
7,-0.27316241790967244,False,,-0.27316241790967244,False,78,0.0,True
8,-0.2728028858561594,False,,-0.2728028858561594,False,78,0.0,True
9,-0.2729503349528224,False,,-0.2729503349528224,False,78,0.0,True
10,-0.2725702604432319,False,,-0.2725702604432319,False,78,0.0,True
11,-0.2728766711674481,False,,-0.2728766711674481,False,78,0.0,True
12,-0.27341403981053786,False,,-0.27341403981053786,False,78,0.0,True
13,-0.27272655012122676,False,,-0.27272655012122676,False,78,0.0,True
14,-0.2728937962750087,False,,-0.2728937962750087,False,78,0.0,True
15,-0.2731868124603771,False,,-0.2731868124603771,False,78,0.0,True
16,-0.27412126539371795,False,,-0.27412126539371795,False,78,0.0,True
17,-0.2732020462011957,False,,-0.2732020462011957,False,78,0.0,True
18,-0.27349097964133057,False,,-0.27349097964133057,False,78,0.0,True
19,-0.273153577557407,False,,-0.273153577557407,False,78,0.0,True
20,-0.2750046720881284,False,,-0.2750046720881284,False,78,0.0,True
21,-0.2739091625315154,False,,-0.2739091625315154,False,78,0.0,True
22,-0.27231577259319495,False,,-0.27231577259319495,False,78,0.0,True
23,-0.2743202626147373,False,,-0.2743202626147373,False,78,0.0,True
24,-0.27500374641132314,False,,-0.27500374641132314,False,78,0.0,True
25,-0.272519452839003,False,,-0.272519452839003,False,78,0.0,True
26,-0.27365404826137163,False,,-0.27365404826137163,False,78,0.0,True
27,-0.2738252588242445,False,,-0.2738252588242445,False,78,0.0,True
28,-0.2730493642050966,False,,-0.2730493642050966,False,78,0.0,True
29,-0.27280642363486135,False,,-0.27280642363486135,False,78,0.0,True
30,-0.2724412053364027,False,,-0.2724412053364027,False,78,0.0,True
31,-0.27292669626803057,False,,-0.27292669626803057,False,78,0.0,True
32,-0.27479101076510754,False,,-0.27479101076510754,False,78,0.0,True
33,-0.27353859152987425,False,,-0.27353859152987425,False,78,0.0,True
34,-0.2731819997253845,False,,-0.2731819997253845,False,78,0.0,True
35,-0.27200563390946164,False,,-0.27200563390946164,False,78,0.0,True
36,-0.27314243076571665,False,,-0.27314243076571665,False,78,0.0,True
37,-0.27304332167479617,False,,-0.27304332167479617,False,78,0.0,True
38,-0.27251899147193326,False,,-0.27251899147193326,False,78,0.0,True
39,-0.2726736342625987,False,,-0.2726736342625987,False,78,0.0,True
40,-0.27334896803512454,False,,-0.27334896803512454,False,78,0.0,True
41,-0.27252130032921956,False,,-0.27252130032921956,False,78,0.0,True
42,-0.273551754921884,False,,-0.273551754921884,False,78,0.0,True
43,-0.27356133595223686,False,,-0.27356133595223686,False,78,0.0,True
44,-0.2738777068051228,False,,-0.2738777068051228,False,78,0.0,True
45,-0.27369632790095844,False,,-0.27369632790095844,False,78,0.0,True
46,-0.27336427079329034,False,,-0.27336427079329034,False,78,0.0,True
47,-0.2718939646771132,False,,-0.2718939646771132,False,78,0.0,True
48,-0.2733229583775139,False,,-0.2733229583775139,False,78,0.0,True
49,-0.2729151010302553,False,,-0.2729151010302553,False,78,0.0,True
50,-0.27197255970318823,False,,-0.27197255970318823,False,78,0.0,True
51,-0.2722122300954767,False,,-0.2722122300954767,False,78,0.0,True
52,-0.2724388016663336,False,,-0.2724388016663336,False,78,0.0,True
53,-0.2733208932816524,False,,-0.2733208932816524,False,78,0.0,True
54,-0.273721006528015,False,,-0.273721006528015,False,78,0.0,True
55,-0.2737386225238523,False,,-0.2737386225238523,False,78,0.0,True
56,-0.2731166924905509,False,,-0.2731166924905509,False,78,0.0,True
57,-0.27332268454356756,False,,-0.27332268454356756,False,78,0.0,True
58,-0.2718195745949494,False,,-0.2718195745949494,False,78,0.0,True
59,-0.2729116078023742,False,,-0.2729116078023742,False,78,0.0,True
60,-0.2739401075997922,False,,-0.2739401075997922,False,78,0.0,True
61,-0.2725620324889832,False,,-0.2725620324889832,False,78,0.0,True
62,-0.27348259603726655,False,,-0.27348259603726655,False,78,0.0,True
63,-0.27234200872706554,False,,-0.27234200872706554,False,78,0.0,True
0,-0.28312964898318876,True,,-0.28312964898318876,True,79,0.0,True
1,-0.283632324901777,False,,-0.283632324901777,False,79,0.0,True
2,-0.2802873105146614,False,,-0.2802873105146614,False,79,0.0,True
3,-0.2815371999871591,False,,-0.2815371999871591,False,79,0.0,True
4,-0.28064021074511086,False,,-0.28064021074511086,False,79,0.0,True
5,-0.27964822264173117,False,,-0.27964822264173117,False,79,0.0,True
6,-0.2816434186926784,False,,-0.2816434186926784,False,79,0.0,True
7,-0.2804512411590656,False,,-0.2804512411590656,False,79,0.0,True
8,-0.28064527646575976,False,,-0.28064527646575976,False,79,0.0,True
9,-0.2815878762171645,False,,-0.2815878762171645,False,79,0.0,True
10,-0.27945651403433763,False,,-0.27945651403433763,False,79,0.0,True
11,-0.2821827326780984,False,,-0.2821827326780984,False,79,0.0,True
12,-0.279648987372927,False,,-0.279648987372927,False,79,0.0,True
13,-0.2809382706455229,False,,-0.2809382706455229,False,79,0.0,True
14,-0.28067404500730064,False,,-0.28067404500730064,False,79,0.0,True
15,-0.2809772840364462,False,,-0.2809772840364462,False,79,0.0,True
16,-0.2808514873691391,False,,-0.2808514873691391,False,79,0.0,True
17,-0.28231483060542806,False,,-0.28231483060542806,False,79,0.0,True
18,-0.2832916348038228,False,,-0.2832916348038228,False,79,0.0,True
19,-0.2812241650071712,False,,-0.2812241650071712,False,79,0.0,True
20,-0.2814029794640407,False,,-0.2814029794640407,False,79,0.0,True
21,-0.2799291296490546,False,,-0.2799291296490546,False,79,0.0,True
22,-0.28106948901735784,False,,-0.28106948901735784,False,79,0.0,True
23,-0.2807984600079901,False,,-0.2807984600079901,False,79,0.0,True
24,-0.2817093376149641,False,,-0.2817093376149641,False,79,0.0,True
25,-0.2813284105261185,False,,-0.2813284105261185,False,79,0.0,True
26,-0.2801575921868122,False,,-0.2801575921868122,False,79,0.0,True
27,-0.2806107489010845,False,,-0.2806107489010845,False,79,0.0,True
28,-0.2816210336039299,False,,-0.2816210336039299,False,79,0.0,True
29,-0.28224273411882794,False,,-0.28224273411882794,False,79,0.0,True
30,-0.2807688319125219,False,,-0.2807688319125219,False,79,0.0,True
31,-0.2805153548621312,False,,-0.2805153548621312,False,79,0.0,True
32,-0.28067360483332937,False,,-0.28067360483332937,False,79,0.0,True
33,-0.2809353343454588,False,,-0.2809353343454588,False,79,0.0,True
34,-0.2817195576586752,False,,-0.2817195576586752,False,79,0.0,True
35,-0.28041902212347597,False,,-0.28041902212347597,False,79,0.0,True
36,-0.2802220861358054,False,,-0.2802220861358054,False,79,0.0,True
37,-0.2838555500055539,False,,-0.2838555500055539,False,79,0.0,True
38,-0.2808786656441936,False,,-0.2808786656441936,False,79,0.0,True
39,-0.280495253194064,False,,-0.280495253194064,False,79,0.0,True
40,-0.2814736982390299,False,,-0.2814736982390299,False,79,0.0,True
41,-0.2828090868236947,False,,-0.2828090868236947,False,79,0.0,True
42,-0.2806747755239846,False,,-0.2806747755239846,False,79,0.0,True
43,-0.2803400566943796,False,,-0.2803400566943796,False,79,0.0,True
44,-0.27978528617986115,False,,-0.27978528617986115,False,79,0.0,True
45,-0.28106648312207166,False,,-0.28106648312207166,False,79,0.0,True
46,-0.2821942809730907,False,,-0.2821942809730907,False,79,0.0,True
47,-0.2805735974030321,False,,-0.2805735974030321,False,79,0.0,True
48,-0.2809817958599937,False,,-0.2809817958599937,False,79,0.0,True
49,-0.281271582677908,False,,-0.281271582677908,False,79,0.0,True
50,-0.2803733330121535,False,,-0.2803733330121535,False,79,0.0,True
51,-0.28116662933975545,False,,-0.28116662933975545,False,79,0.0,True
52,-0.280740655698662,False,,-0.280740655698662,False,79,0.0,True
53,-0.2798822706571427,False,,-0.2798822706571427,False,79,0.0,True
54,-0.28003356314621797,False,,-0.28003356314621797,False,79,0.0,True
55,-0.2818539009951959,False,,-0.2818539009951959,False,79,0.0,True
56,-0.2815185459993942,False,,-0.2815185459993942,False,79,0.0,True
57,-0.2808450250841972,False,,-0.2808450250841972,False,79,0.0,True
58,-0.28031811318921385,False,,-0.28031811318921385,False,79,0.0,True
59,-0.27970656471300953,False,,-0.27970656471300953,False,79,0.0,True
60,-0.2818900496001434,False,,-0.2818900496001434,False,79,0.0,True
61,-0.28029783066675495,False,,-0.28029783066675495,False,79,0.0,True
62,-0.2798769361470222,False,,-0.2798769361470222,False,79,0.0,True
63,-0.2792216900558559,False,,-0.2792216900558559,False,79,0.0,True
0,-0.2778121671054768,True,,-0.2778121671054768,True,80,0.0,True
1,-0.2775926985154583,False,,-0.2775926985154583,False,80,0.0,True
2,-0.27489740615860797,False,,-0.27489740615860797,False,80,0.0,True
3,-0.2753570601835442,False,,-0.2753570601835442,False,80,0.0,True
4,-0.27443079117920327,False,,-0.27443079117920327,False,80,0.0,True
5,-0.27423793400499974,False,,-0.27423793400499974,False,80,0.0,True
6,-0.2749548420072847,False,,-0.2749548420072847,False,80,0.0,True
7,-0.2729745813870627,False,,-0.2729745813870627,False,80,0.0,True
8,-0.27513706300081575,False,,-0.27513706300081575,False,80,0.0,True
9,-0.273253054118188,False,,-0.273253054118188,False,80,0.0,True
10,-0.2734583755075928,False,,-0.2734583755075928,False,80,0.0,True
11,-0.2736592924799498,False,,-0.2736592924799498,False,80,0.0,True
12,-0.27601996935575734,False,,-0.27601996935575734,False,80,0.0,True
13,-0.2734165401064636,False,,-0.2734165401064636,False,80,0.0,True
14,-0.27375107693383505,False,,-0.27375107693383505,False,80,0.0,True
15,-0.272984922648297,False,,-0.272984922648297,False,80,0.0,True
16,-0.2756928311584435,False,,-0.2756928311584435,False,80,0.0,True
17,-0.2736573515776787,False,,-0.2736573515776787,False,80,0.0,True
18,-0.274565409761068,False,,-0.274565409761068,False,80,0.0,True
19,-0.274504820080067,False,,-0.274504820080067,False,80,0.0,True
20,-0.2754079451967877,False,,-0.2754079451967877,False,80,0.0,True
21,-0.27502235738615216,False,,-0.27502235738615216,False,80,0.0,True
22,-0.2728194277368482,False,,-0.2728194277368482,False,80,0.0,True
23,-0.27268326050852754,False,,-0.27268326050852754,False,80,0.0,True
24,-0.27311473114431806,False,,-0.27311473114431806,False,80,0.0,True
25,-0.275677997161785,False,,-0.275677997161785,False,80,0.0,True
26,-0.27620746905105875,False,,-0.27620746905105875,False,80,0.0,True
27,-0.2752851311338408,False,,-0.2752851311338408,False,80,0.0,True
28,-0.27331691680928305,False,,-0.27331691680928305,False,80,0.0,True
29,-0.27326375488087395,False,,-0.27326375488087395,False,80,0.0,True
30,-0.27589381514218747,False,,-0.27589381514218747,False,80,0.0,True
31,-0.27472520515616583,False,,-0.27472520515616583,False,80,0.0,True
32,-0.27568858847206995,False,,-0.27568858847206995,False,80,0.0,True
33,-0.27265605935224607,False,,-0.27265605935224607,False,80,0.0,True
34,-0.2736242124062668,False,,-0.2736242124062668,False,80,0.0,True
35,-0.2733354189023984,False,,-0.2733354189023984,False,80,0.0,True
36,-0.27310763303400076,False,,-0.27310763303400076,False,80,0.0,True
37,-0.27442293750361124,False,,-0.27442293750361124,False,80,0.0,True
38,-0.27325405032877914,False,,-0.27325405032877914,False,80,0.0,True
39,-0.27422148254893386,False,,-0.27422148254893386,False,80,0.0,True
40,-0.27472236075989576,False,,-0.27472236075989576,False,80,0.0,True
41,-0.2735381019277562,False,,-0.2735381019277562,False,80,0.0,True
42,-0.27430017175185084,False,,-0.27430017175185084,False,80,0.0,True
43,-0.27406703388511405,False,,-0.27406703388511405,False,80,0.0,True
44,-0.2747500314695575,False,,-0.2747500314695575,False,80,0.0,True
45,-0.2751451124275605,False,,-0.2751451124275605,False,80,0.0,True
46,-0.2741036284362324,False,,-0.2741036284362324,False,80,0.0,True
47,-0.27438085943756907,False,,-0.27438085943756907,False,80,0.0,True
48,-0.2743125302197441,False,,-0.2743125302197441,False,80,0.0,True
49,-0.2742525690429998,False,,-0.2742525690429998,False,80,0.0,True
50,-0.27379161419082926,False,,-0.27379161419082926,False,80,0.0,True
51,-0.2734578872378499,False,,-0.2734578872378499,False,80,0.0,True
52,-0.27192522623485693,False,,-0.27192522623485693,False,80,0.0,True
53,-0.27473776133057703,False,,-0.27473776133057703,False,80,0.0,True
54,-0.2752638167441206,False,,-0.2752638167441206,False,80,0.0,True
55,-0.27393475609188994,False,,-0.27393475609188994,False,80,0.0,True
56,-0.27649275399651685,False,,-0.27649275399651685,False,80,0.0,True
57,-0.27619849018645515,False,,-0.27619849018645515,False,80,0.0,True
58,-0.2745015655382541,False,,-0.2745015655382541,False,80,0.0,True
59,-0.2738597155602964,False,,-0.2738597155602964,False,80,0.0,True
60,-0.2749909551657659,False,,-0.2749909551657659,False,80,0.0,True
61,-0.27334169367931527,False,,-0.27334169367931527,False,80,0.0,True
62,-0.27528643964371025,False,,-0.27528643964371025,False,80,0.0,True
63,-0.2763701736507565,False,,-0.2763701736507565,False,80,0.0,True
0,-0.29738334824499624,True,,-0.29738334824499624,True,81,0.0,True
1,-0.29565239610938066,False,,-0.29565239610938066,False,81,0.0,True
2,-0.29174458309357776,False,,-0.29174458309357776,False,81,0.0,True
3,-0.2911628129976224,False,,-0.2911628129976224,False,81,0.0,True
4,-0.28783302779329223,False,,-0.28783302779329223,False,81,0.0,True
5,-0.28943143029762874,False,,-0.28943143029762874,False,81,0.0,True
6,-0.28956328252660657,False,,-0.28956328252660657,False,81,0.0,True
7,-0.28778534825917357,False,,-0.28778534825917357,False,81,0.0,True
8,-0.28808987321578566,False,,-0.28808987321578566,False,81,0.0,True
9,-0.2897407384131737,False,,-0.2897407384131737,False,81,0.0,True
10,-0.29171958942412013,False,,-0.29171958942412013,False,81,0.0,True
11,-0.28826628517287556,False,,-0.28826628517287556,False,81,0.0,True
12,-0.2894047259392941,False,,-0.2894047259392941,False,81,0.0,True
13,-0.28898960608345997,False,,-0.28898960608345997,False,81,0.0,True
14,-0.287308113234593,False,,-0.287308113234593,False,81,0.0,True
15,-0.28765642543956593,False,,-0.28765642543956593,False,81,0.0,True
16,-0.29034221823607526,False,,-0.29034221823607526,False,81,0.0,True
17,-0.2946274598550575,False,,-0.2946274598550575,False,81,0.0,True
18,-0.28998955926926406,False,,-0.28998955926926406,False,81,0.0,True
19,-0.2919917501402865,False,,-0.2919917501402865,False,81,0.0,True
20,-0.2905807478071153,False,,-0.2905807478071153,False,81,0.0,True
21,-0.29083916861054004,False,,-0.29083916861054004,False,81,0.0,True
22,-0.29241825442216357,False,,-0.29241825442216357,False,81,0.0,True
23,-0.2905724149031549,False,,-0.2905724149031549,False,81,0.0,True
24,-0.2869735048432087,False,,-0.2869735048432087,False,81,0.0,True
25,-0.29229465691950984,False,,-0.29229465691950984,False,81,0.0,True
26,-0.2889128677489664,False,,-0.2889128677489664,False,81,0.0,True
27,-0.2901996850075954,False,,-0.2901996850075954,False,81,0.0,True
28,-0.2870516939452716,False,,-0.2870516939452716,False,81,0.0,True
29,-0.28862039881268464,False,,-0.28862039881268464,False,81,0.0,True
30,-0.28896502427129334,False,,-0.28896502427129334,False,81,0.0,True
31,-0.292680373946812,False,,-0.292680373946812,False,81,0.0,True
32,-0.28805636091921294,False,,-0.28805636091921294,False,81,0.0,True
33,-0.2887944009355472,False,,-0.2887944009355472,False,81,0.0,True
34,-0.289362917117695,False,,-0.289362917117695,False,81,0.0,True
35,-0.2900382671405549,False,,-0.2900382671405549,False,81,0.0,True
36,-0.2884186378384645,False,,-0.2884186378384645,False,81,0.0,True
37,-0.28861999228056445,False,,-0.28861999228056445,False,81,0.0,True
38,-0.28712191470596116,False,,-0.28712191470596116,False,81,0.0,True
39,-0.2927458880855228,False,,-0.2927458880855228,False,81,0.0,True
40,-0.28821214467695244,False,,-0.28821214467695244,False,81,0.0,True
41,-0.290388540342679,False,,-0.290388540342679,False,81,0.0,True
42,-0.2897668126283056,False,,-0.2897668126283056,False,81,0.0,True
43,-0.28865852916095014,False,,-0.28865852916095014,False,81,0.0,True
44,-0.29176280766967994,False,,-0.29176280766967994,False,81,0.0,True
45,-0.2886971562895955,False,,-0.2886971562895955,False,81,0.0,True
46,-0.28811014579634336,False,,-0.28811014579634336,False,81,0.0,True
47,-0.28907133369219,False,,-0.28907133369219,False,81,0.0,True
48,-0.2926376281347261,False,,-0.2926376281347261,False,81,0.0,True
49,-0.28844928599806974,False,,-0.28844928599806974,False,81,0.0,True
50,-0.2914811089905194,False,,-0.2914811089905194,False,81,0.0,True
51,-0.2923139144343375,False,,-0.2923139144343375,False,81,0.0,True
52,-0.28879170852437475,False,,-0.28879170852437475,False,81,0.0,True
53,-0.2906603994295308,False,,-0.2906603994295308,False,81,0.0,True
54,-0.2888322052089991,False,,-0.2888322052089991,False,81,0.0,True
55,-0.2899536231860946,False,,-0.2899536231860946,False,81,0.0,True
56,-0.2904862954689883,False,,-0.2904862954689883,False,81,0.0,True
57,-0.2896919070483621,False,,-0.2896919070483621,False,81,0.0,True
58,-0.2868602586539324,False,,-0.2868602586539324,False,81,0.0,True
59,-0.29069011982223936,False,,-0.29069011982223936,False,81,0.0,True
60,-0.2887372513204177,False,,-0.2887372513204177,False,81,0.0,True
61,-0.2892138776609469,False,,-0.2892138776609469,False,81,0.0,True
62,-0.28836407276160636,False,,-0.28836407276160636,False,81,0.0,True
63,-0.2886748948912983,False,,-0.2886748948912983,False,81,0.0,True
0,-0.26849140162254814,True,,-0.26849140162254814,True,82,0.0,True
1,-0.27187470724055673,False,,-0.27187470724055673,False,82,0.0,True
2,-0.2568088159941565,False,,-0.2568088159941565,False,82,0.0,True
3,-0.2603632603472958,False,,-0.2603632603472958,False,82,0.0,True
4,-0.2607357469250513,False,,-0.2607357469250513,False,82,0.0,True
5,-0.2601971845696791,False,,-0.2601971845696791,False,82,0.0,True
6,-0.2658202567604811,False,,-0.2658202567604811,False,82,0.0,True
7,-0.25909779059179316,False,,-0.25909779059179316,False,82,0.0,True
8,-0.26132925798900797,False,,-0.26132925798900797,False,82,0.0,True
9,-0.2624723697265306,False,,-0.2624723697265306,False,82,0.0,True
10,-0.2627819064788961,False,,-0.2627819064788961,False,82,0.0,True
11,-0.26128556455633856,False,,-0.26128556455633856,False,82,0.0,True
12,-0.26090308033361137,False,,-0.26090308033361137,False,82,0.0,True
13,-0.2581035582234998,False,,-0.2581035582234998,False,82,0.0,True
14,-0.26222487675913364,False,,-0.26222487675913364,False,82,0.0,True
15,-0.2620932551997966,False,,-0.2620932551997966,False,82,0.0,True
16,-0.2606154802452386,False,,-0.2606154802452386,False,82,0.0,True
17,-0.2602186165830077,False,,-0.2602186165830077,False,82,0.0,True
18,-0.2593636734700978,False,,-0.2593636734700978,False,82,0.0,True
19,-0.2601679084802919,False,,-0.2601679084802919,False,82,0.0,True
20,-0.2643473217479909,False,,-0.2643473217479909,False,82,0.0,True
21,-0.25889859110736213,False,,-0.25889859110736213,False,82,0.0,True
22,-0.2604992205751705,False,,-0.2604992205751705,False,82,0.0,True
23,-0.26183149570110353,False,,-0.26183149570110353,False,82,0.0,True
24,-0.2579487049333403,False,,-0.2579487049333403,False,82,0.0,True
25,-0.2608730961708777,False,,-0.2608730961708777,False,82,0.0,True
26,-0.25890547462370905,False,,-0.25890547462370905,False,82,0.0,True
27,-0.2616550012179246,False,,-0.2616550012179246,False,82,0.0,True
28,-0.25760578253875843,False,,-0.25760578253875843,False,82,0.0,True
29,-0.2589737425523423,False,,-0.2589737425523423,False,82,0.0,True
30,-0.2582217583941262,False,,-0.2582217583941262,False,82,0.0,True
31,-0.26141292209873235,False,,-0.26141292209873235,False,82,0.0,True
32,-0.2596796051035978,False,,-0.2596796051035978,False,82,0.0,True
33,-0.2585779571773838,False,,-0.2585779571773838,False,82,0.0,True
34,-0.26161076920005644,False,,-0.26161076920005644,False,82,0.0,True
35,-0.25798378439041875,False,,-0.25798378439041875,False,82,0.0,True
36,-0.25917617777667146,False,,-0.25917617777667146,False,82,0.0,True
37,-0.258859962864522,False,,-0.258859962864522,False,82,0.0,True
38,-0.26033244908683995,False,,-0.26033244908683995,False,82,0.0,True
39,-0.2625749145465978,False,,-0.2625749145465978,False,82,0.0,True
40,-0.26072864624694747,False,,-0.26072864624694747,False,82,0.0,True
41,-0.26008957521687526,False,,-0.26008957521687526,False,82,0.0,True
42,-0.25985173767777275,False,,-0.25985173767777275,False,82,0.0,True
43,-0.2587555916953885,False,,-0.2587555916953885,False,82,0.0,True
44,-0.26437322722908785,False,,-0.26437322722908785,False,82,0.0,True
45,-0.2591222244811041,False,,-0.2591222244811041,False,82,0.0,True
46,-0.25706192225322666,False,,-0.25706192225322666,False,82,0.0,True
47,-0.26012069532142557,False,,-0.26012069532142557,False,82,0.0,True
48,-0.25824389130222924,False,,-0.25824389130222924,False,82,0.0,True
49,-0.25759432329399834,False,,-0.25759432329399834,False,82,0.0,True
50,-0.2577215808359975,False,,-0.2577215808359975,False,82,0.0,True
51,-0.2607233405335573,False,,-0.2607233405335573,False,82,0.0,True
52,-0.25827023481009115,False,,-0.25827023481009115,False,82,0.0,True
53,-0.2576958429048384,False,,-0.2576958429048384,False,82,0.0,True
54,-0.25768182981565974,False,,-0.25768182981565974,False,82,0.0,True
55,-0.2591686536598181,False,,-0.2591686536598181,False,82,0.0,True
56,-0.2608979272214493,False,,-0.2608979272214493,False,82,0.0,True
57,-0.2614413883170663,False,,-0.2614413883170663,False,82,0.0,True
58,-0.25791159747236503,False,,-0.25791159747236503,False,82,0.0,True
59,-0.26013024092619175,False,,-0.26013024092619175,False,82,0.0,True
60,-0.258506569438037,False,,-0.258506569438037,False,82,0.0,True
61,-0.25689365951039594,False,,-0.25689365951039594,False,82,0.0,True
62,-0.2579323843759136,False,,-0.2579323843759136,False,82,0.0,True
63,-0.2604637278135764,False,,-0.2604637278135764,False,82,0.0,True
0,-0.2900400773589587,True,,-0.2900400773589587,True,83,0.0,True
1,-0.2882132659237184,False,,-0.2882132659237184,False,83,0.0,True
2,-0.2755661290262871,False,,-0.2755661290262871,False,83,0.0,True
3,-0.27908257787294205,False,,-0.27908257787294205,False,83,0.0,True
4,-0.2802809216656181,False,,-0.2802809216656181,False,83,0.0,True
5,-0.28105730551394764,False,,-0.28105730551394764,False,83,0.0,True
6,-0.27609471869880153,False,,-0.27609471869880153,False,83,0.0,True
7,-0.27730594257198604,False,,-0.27730594257198604,False,83,0.0,True
8,-0.2762888818955302,False,,-0.2762888818955302,False,83,0.0,True
9,-0.2774505824536633,False,,-0.2774505824536633,False,83,0.0,True
10,-0.27551824256109947,False,,-0.27551824256109947,False,83,0.0,True
11,-0.281227648994251,False,,-0.281227648994251,False,83,0.0,True
12,-0.28034673111233915,False,,-0.28034673111233915,False,83,0.0,True
13,-0.275398698557198,False,,-0.275398698557198,False,83,0.0,True
14,-0.28305944019376006,False,,-0.28305944019376006,False,83,0.0,True
15,-0.27817242262459013,False,,-0.27817242262459013,False,83,0.0,True
16,-0.2797186024428637,False,,-0.2797186024428637,False,83,0.0,True
17,-0.2838451041575363,False,,-0.2838451041575363,False,83,0.0,True
18,-0.27912931857251494,False,,-0.27912931857251494,False,83,0.0,True
19,-0.28016241418203225,False,,-0.28016241418203225,False,83,0.0,True
20,-0.28012816866822243,False,,-0.28012816866822243,False,83,0.0,True
21,-0.28058867581773816,False,,-0.28058867581773816,False,83,0.0,True
22,-0.27797830928603773,False,,-0.27797830928603773,False,83,0.0,True
23,-0.2814554507592282,False,,-0.2814554507592282,False,83,0.0,True
24,-0.2775669239954245,False,,-0.2775669239954245,False,83,0.0,True
25,-0.279375793415647,False,,-0.279375793415647,False,83,0.0,True
26,-0.28173885345684374,False,,-0.28173885345684374,False,83,0.0,True
27,-0.2798349492041493,False,,-0.2798349492041493,False,83,0.0,True
28,-0.276111799876499,False,,-0.276111799876499,False,83,0.0,True
29,-0.2809723382930593,False,,-0.2809723382930593,False,83,0.0,True
30,-0.2792061771163141,False,,-0.2792061771163141,False,83,0.0,True
31,-0.2792038222025244,False,,-0.2792038222025244,False,83,0.0,True
32,-0.2749466377678459,False,,-0.2749466377678459,False,83,0.0,True
33,-0.2792299348110793,False,,-0.2792299348110793,False,83,0.0,True
34,-0.2824774422253653,False,,-0.2824774422253653,False,83,0.0,True
35,-0.28040238021791486,False,,-0.28040238021791486,False,83,0.0,True
36,-0.27693853721070905,False,,-0.27693853721070905,False,83,0.0,True
37,-0.2780702526647333,False,,-0.2780702526647333,False,83,0.0,True
38,-0.27689041098453604,False,,-0.27689041098453604,False,83,0.0,True
39,-0.28106546111365127,False,,-0.28106546111365127,False,83,0.0,True
40,-0.27947148544822875,False,,-0.27947148544822875,False,83,0.0,True
41,-0.28260102142438737,False,,-0.28260102142438737,False,83,0.0,True
42,-0.27840262041757086,False,,-0.27840262041757086,False,83,0.0,True
43,-0.28419323997701385,False,,-0.28419323997701385,False,83,0.0,True
44,-0.28215324794455626,False,,-0.28215324794455626,False,83,0.0,True
45,-0.28093915537905995,False,,-0.28093915537905995,False,83,0.0,True
46,-0.28167960928586844,False,,-0.28167960928586844,False,83,0.0,True
47,-0.2793282649110395,False,,-0.2793282649110395,False,83,0.0,True
48,-0.2774732553584439,False,,-0.2774732553584439,False,83,0.0,True
49,-0.27923482603448435,False,,-0.27923482603448435,False,83,0.0,True
50,-0.2815874929547809,False,,-0.2815874929547809,False,83,0.0,True
51,-0.2796084559288481,False,,-0.2796084559288481,False,83,0.0,True
52,-0.2789236831152909,False,,-0.2789236831152909,False,83,0.0,True
53,-0.2775096519739918,False,,-0.2775096519739918,False,83,0.0,True
54,-0.28237991526220596,False,,-0.28237991526220596,False,83,0.0,True
55,-0.27935931173828565,False,,-0.27935931173828565,False,83,0.0,True
56,-0.27689183453748234,False,,-0.27689183453748234,False,83,0.0,True
57,-0.2774696190193684,False,,-0.2774696190193684,False,83,0.0,True
58,-0.27786037810154074,False,,-0.27786037810154074,False,83,0.0,True
59,-0.2831060227092046,False,,-0.2831060227092046,False,83,0.0,True
60,-0.2780650843249141,False,,-0.2780650843249141,False,83,0.0,True
61,-0.27616491746669675,False,,-0.27616491746669675,False,83,0.0,True
62,-0.2787015636503716,False,,-0.2787015636503716,False,83,0.0,True
63,-0.27752832967864327,False,,-0.27752832967864327,False,83,0.0,True
0,-0.25135191007786206,True,,-0.25135191007786206,True,84,0.0,True
1,-0.25535049012169114,False,,-0.25535049012169114,False,84,0.0,True
2,-0.2406155336740154,False,,-0.2406155336740154,False,84,0.0,True
3,-0.2348171219481792,False,,-0.2348171219481792,False,84,0.0,True
4,-0.2361534109352545,False,,-0.2361534109352545,False,84,0.0,True
5,-0.23205846474166258,False,,-0.23205846474166258,False,84,0.0,True
6,-0.23978109056703406,False,,-0.23978109056703406,False,84,0.0,True
7,-0.23528984050541668,False,,-0.23528984050541668,False,84,0.0,True
8,-0.23653744724901407,False,,-0.23653744724901407,False,84,0.0,True
9,-0.23267520839716163,False,,-0.23267520839716163,False,84,0.0,True
10,-0.23963741101456099,False,,-0.23963741101456099,False,84,0.0,True
11,-0.23268877489623147,False,,-0.23268877489623147,False,84,0.0,True
12,-0.23470117597414397,False,,-0.23470117597414397,False,84,0.0,True
13,-0.2436623219627334,False,,-0.2436623219627334,False,84,0.0,True
14,-0.23574894451619244,False,,-0.23574894451619244,False,84,0.0,True
15,-0.2352217786324574,False,,-0.2352217786324574,False,84,0.0,True
16,-0.2356195774905004,False,,-0.2356195774905004,False,84,0.0,True
17,-0.23649674391137834,False,,-0.23649674391137834,False,84,0.0,True
18,-0.234158187685678,False,,-0.234158187685678,False,84,0.0,True
19,-0.23975069889554682,False,,-0.23975069889554682,False,84,0.0,True
20,-0.23648697897742335,False,,-0.23648697897742335,False,84,0.0,True
21,-0.23645368613939727,False,,-0.23645368613939727,False,84,0.0,True
22,-0.23221933597709996,False,,-0.23221933597709996,False,84,0.0,True
23,-0.23607615031917656,False,,-0.23607615031917656,False,84,0.0,True
24,-0.23763984136717048,False,,-0.23763984136717048,False,84,0.0,True
25,-0.23964099225026503,False,,-0.23964099225026503,False,84,0.0,True
26,-0.2348824632082112,False,,-0.2348824632082112,False,84,0.0,True
27,-0.23633174880941168,False,,-0.23633174880941168,False,84,0.0,True
28,-0.23453886866855023,False,,-0.23453886866855023,False,84,0.0,True
29,-0.23662572465148057,False,,-0.23662572465148057,False,84,0.0,True
30,-0.23355969472575477,False,,-0.23355969472575477,False,84,0.0,True
31,-0.23359713228731233,False,,-0.23359713228731233,False,84,0.0,True
32,-0.23617515439260134,False,,-0.23617515439260134,False,84,0.0,True
33,-0.23637803019538267,False,,-0.23637803019538267,False,84,0.0,True
34,-0.23463599961301282,False,,-0.23463599961301282,False,84,0.0,True
35,-0.23679400529123623,False,,-0.23679400529123623,False,84,0.0,True
36,-0.23515665627665633,False,,-0.23515665627665633,False,84,0.0,True
37,-0.23317930003263487,False,,-0.23317930003263487,False,84,0.0,True
38,-0.23654265473931105,False,,-0.23654265473931105,False,84,0.0,True
39,-0.2355415917302461,False,,-0.2355415917302461,False,84,0.0,True
40,-0.2348377683456965,False,,-0.2348377683456965,False,84,0.0,True
41,-0.23355908225219768,False,,-0.23355908225219768,False,84,0.0,True
42,-0.2333355903953932,False,,-0.2333355903953932,False,84,0.0,True
43,-0.23552217203624273,False,,-0.23552217203624273,False,84,0.0,True
44,-0.23579311349596233,False,,-0.23579311349596233,False,84,0.0,True
45,-0.23931368714466916,False,,-0.23931368714466916,False,84,0.0,True
46,-0.23869178776203556,False,,-0.23869178776203556,False,84,0.0,True
47,-0.23734706195276756,False,,-0.23734706195276756,False,84,0.0,True
48,-0.24075083555668725,False,,-0.24075083555668725,False,84,0.0,True
49,-0.233854561887184,False,,-0.233854561887184,False,84,0.0,True
50,-0.23762287627337,False,,-0.23762287627337,False,84,0.0,True
51,-0.240841444993266,False,,-0.240841444993266,False,84,0.0,True
52,-0.23430928049618716,False,,-0.23430928049618716,False,84,0.0,True
53,-0.23757192533889365,False,,-0.23757192533889365,False,84,0.0,True
54,-0.2366533332641846,False,,-0.2366533332641846,False,84,0.0,True
55,-0.2376180073138885,False,,-0.2376180073138885,False,84,0.0,True
56,-0.23426928413521453,False,,-0.23426928413521453,False,84,0.0,True
57,-0.23813206096444278,False,,-0.23813206096444278,False,84,0.0,True
58,-0.2333660284777457,False,,-0.2333660284777457,False,84,0.0,True
59,-0.23518848740852047,False,,-0.23518848740852047,False,84,0.0,True
60,-0.23426164589874376,False,,-0.23426164589874376,False,84,0.0,True
61,-0.24083315068503458,False,,-0.24083315068503458,False,84,0.0,True
62,-0.235868761101078,False,,-0.235868761101078,False,84,0.0,True
63,-0.2368380590810386,False,,-0.2368380590810386,False,84,0.0,True
0,-0.2585460982440485,True,,-0.2585460982440485,True,85,0.0,True
1,-0.2592120951977744,False,,-0.2592120951977744,False,85,0.0,True
2,-0.2470545152524905,False,,-0.2470545152524905,False,85,0.0,True
3,-0.2566537581969964,False,,-0.2566537581969964,False,85,0.0,True
4,-0.2445078397739942,False,,-0.2445078397739942,False,85,0.0,True
5,-0.24939361272967323,False,,-0.24939361272967323,False,85,0.0,True
6,-0.24521796043496363,False,,-0.24521796043496363,False,85,0.0,True
7,-0.24715912392129338,False,,-0.24715912392129338,False,85,0.0,True
8,-0.2506758801076598,False,,-0.2506758801076598,False,85,0.0,True
9,-0.24500182599473042,False,,-0.24500182599473042,False,85,0.0,True
10,-0.24848191807883444,False,,-0.24848191807883444,False,85,0.0,True
11,-0.2518047886705931,False,,-0.2518047886705931,False,85,0.0,True
12,-0.2534879231310971,False,,-0.2534879231310971,False,85,0.0,True
13,-0.24791246686524498,False,,-0.24791246686524498,False,85,0.0,True
14,-0.25566896374815995,False,,-0.25566896374815995,False,85,0.0,True
15,-0.24589874845755533,False,,-0.24589874845755533,False,85,0.0,True
16,-0.24327441437346725,False,,-0.24327441437346725,False,85,0.0,True
17,-0.2502986497762768,False,,-0.2502986497762768,False,85,0.0,True
18,-0.24516583166083925,False,,-0.24516583166083925,False,85,0.0,True
19,-0.2458281525714965,False,,-0.2458281525714965,False,85,0.0,True
20,-0.24523035987390704,False,,-0.24523035987390704,False,85,0.0,True
21,-0.24725868538212817,False,,-0.24725868538212817,False,85,0.0,True
22,-0.250917982450394,False,,-0.250917982450394,False,85,0.0,True
23,-0.24698894666192078,False,,-0.24698894666192078,False,85,0.0,True
24,-0.24808064652051093,False,,-0.24808064652051093,False,85,0.0,True
25,-0.24985447281501522,False,,-0.24985447281501522,False,85,0.0,True
26,-0.24621085720028482,False,,-0.24621085720028482,False,85,0.0,True
27,-0.2486155773736799,False,,-0.2486155773736799,False,85,0.0,True
28,-0.24609378412414143,False,,-0.24609378412414143,False,85,0.0,True
29,-0.25087137702689305,False,,-0.25087137702689305,False,85,0.0,True
30,-0.25159667316886836,False,,-0.25159667316886836,False,85,0.0,True
31,-0.25205334907208243,False,,-0.25205334907208243,False,85,0.0,True
32,-0.2467796141352991,False,,-0.2467796141352991,False,85,0.0,True
33,-0.24480453552303807,False,,-0.24480453552303807,False,85,0.0,True
34,-0.2471248765022477,False,,-0.2471248765022477,False,85,0.0,True
35,-0.24476799092704807,False,,-0.24476799092704807,False,85,0.0,True
36,-0.2507058193187661,False,,-0.2507058193187661,False,85,0.0,True
37,-0.25013830448911334,False,,-0.25013830448911334,False,85,0.0,True
38,-0.25225933637674786,False,,-0.25225933637674786,False,85,0.0,True
39,-0.24808958071037676,False,,-0.24808958071037676,False,85,0.0,True
40,-0.2494024447172684,False,,-0.2494024447172684,False,85,0.0,True
41,-0.2558856362758076,False,,-0.2558856362758076,False,85,0.0,True
42,-0.24867622623802063,False,,-0.24867622623802063,False,85,0.0,True
43,-0.24658343894363072,False,,-0.24658343894363072,False,85,0.0,True
44,-0.2480841622357872,False,,-0.2480841622357872,False,85,0.0,True
45,-0.24814801114226143,False,,-0.24814801114226143,False,85,0.0,True
46,-0.2481055815383228,False,,-0.2481055815383228,False,85,0.0,True
47,-0.25278772227817503,False,,-0.25278772227817503,False,85,0.0,True
48,-0.25294384021225325,False,,-0.25294384021225325,False,85,0.0,True
49,-0.24630804713624843,False,,-0.24630804713624843,False,85,0.0,True
50,-0.24432339288416915,False,,-0.24432339288416915,False,85,0.0,True
51,-0.25020247528625084,False,,-0.25020247528625084,False,85,0.0,True
52,-0.25214735099142144,False,,-0.25214735099142144,False,85,0.0,True
53,-0.25415309320556945,False,,-0.25415309320556945,False,85,0.0,True
54,-0.24913128040747945,False,,-0.24913128040747945,False,85,0.0,True
55,-0.24782900506879973,False,,-0.24782900506879973,False,85,0.0,True
56,-0.2471013299080827,False,,-0.2471013299080827,False,85,0.0,True
57,-0.24840342267905416,False,,-0.24840342267905416,False,85,0.0,True
58,-0.2482050810848607,False,,-0.2482050810848607,False,85,0.0,True
59,-0.2500562703101413,False,,-0.2500562703101413,False,85,0.0,True
60,-0.25204923584251826,False,,-0.25204923584251826,False,85,0.0,True
61,-0.2499265791480495,False,,-0.2499265791480495,False,85,0.0,True
62,-0.24530724928877443,False,,-0.24530724928877443,False,85,0.0,True
63,-0.25027513222454795,False,,-0.25027513222454795,False,85,0.0,True
0,-0.24822919892842388,True,,-0.24822919892842388,True,86,0.0,True
1,-0.24617795788492025,False,,-0.24617795788492025,False,86,0.0,True
2,-0.23516065055763752,False,,-0.23516065055763752,False,86,0.0,True
3,-0.23484813211388766,False,,-0.23484813211388766,False,86,0.0,True
4,-0.23634710363034422,False,,-0.23634710363034422,False,86,0.0,True
5,-0.23281323808276796,False,,-0.23281323808276796,False,86,0.0,True
6,-0.23462489589107866,False,,-0.23462489589107866,False,86,0.0,True
7,-0.23508403112108472,False,,-0.23508403112108472,False,86,0.0,True
8,-0.23312556801401532,False,,-0.23312556801401532,False,86,0.0,True
9,-0.24067518984704453,False,,-0.24067518984704453,False,86,0.0,True
10,-0.23786691395124077,False,,-0.23786691395124077,False,86,0.0,True
11,-0.2361641178908324,False,,-0.2361641178908324,False,86,0.0,True
12,-0.2325456337043285,False,,-0.2325456337043285,False,86,0.0,True
13,-0.2350234403473508,False,,-0.2350234403473508,False,86,0.0,True
14,-0.23349544375488218,False,,-0.23349544375488218,False,86,0.0,True
15,-0.23221232055380045,False,,-0.23221232055380045,False,86,0.0,True
16,-0.23255572601944396,False,,-0.23255572601944396,False,86,0.0,True
17,-0.23675277401083666,False,,-0.23675277401083666,False,86,0.0,True
18,-0.23405946433043065,False,,-0.23405946433043065,False,86,0.0,True
19,-0.2350628523371407,False,,-0.2350628523371407,False,86,0.0,True
20,-0.23575809694950478,False,,-0.23575809694950478,False,86,0.0,True
21,-0.2324284143826429,False,,-0.2324284143826429,False,86,0.0,True
22,-0.23314077770160976,False,,-0.23314077770160976,False,86,0.0,True
23,-0.23663390562538567,False,,-0.23663390562538567,False,86,0.0,True
24,-0.23919187360045277,False,,-0.23919187360045277,False,86,0.0,True
25,-0.24001641608462668,False,,-0.24001641608462668,False,86,0.0,True
26,-0.2349061992738846,False,,-0.2349061992738846,False,86,0.0,True
27,-0.2350422939988396,False,,-0.2350422939988396,False,86,0.0,True
28,-0.23740686431305,False,,-0.23740686431305,False,86,0.0,True
29,-0.22993774014622412,False,,-0.22993774014622412,False,86,0.0,True
30,-0.23322929076900636,False,,-0.23322929076900636,False,86,0.0,True
31,-0.23222970300364743,False,,-0.23222970300364743,False,86,0.0,True
32,-0.23436710752155065,False,,-0.23436710752155065,False,86,0.0,True
33,-0.23685674679916702,False,,-0.23685674679916702,False,86,0.0,True
34,-0.2323666808135667,False,,-0.2323666808135667,False,86,0.0,True
35,-0.23506797560830708,False,,-0.23506797560830708,False,86,0.0,True
36,-0.23514235706631625,False,,-0.23514235706631625,False,86,0.0,True
37,-0.23444300395040094,False,,-0.23444300395040094,False,86,0.0,True
38,-0.23863082342489156,False,,-0.23863082342489156,False,86,0.0,True
39,-0.2321167228968711,False,,-0.2321167228968711,False,86,0.0,True
40,-0.2335608094035037,False,,-0.2335608094035037,False,86,0.0,True
41,-0.23761783076262033,False,,-0.23761783076262033,False,86,0.0,True
42,-0.23398388400039688,False,,-0.23398388400039688,False,86,0.0,True
43,-0.23259400351063614,False,,-0.23259400351063614,False,86,0.0,True
44,-0.23446856915778588,False,,-0.23446856915778588,False,86,0.0,True
45,-0.2354693966340976,False,,-0.2354693966340976,False,86,0.0,True
46,-0.23401217803888108,False,,-0.23401217803888108,False,86,0.0,True
47,-0.23738125919715933,False,,-0.23738125919715933,False,86,0.0,True
48,-0.23017549311279537,False,,-0.23017549311279537,False,86,0.0,True
49,-0.23530601396013454,False,,-0.23530601396013454,False,86,0.0,True
50,-0.2344395105026673,False,,-0.2344395105026673,False,86,0.0,True
51,-0.23428158111333686,False,,-0.23428158111333686,False,86,0.0,True
52,-0.2335779289281588,False,,-0.2335779289281588,False,86,0.0,True
53,-0.23532369162308905,False,,-0.23532369162308905,False,86,0.0,True
54,-0.2353570718536807,False,,-0.2353570718536807,False,86,0.0,True
55,-0.23379773096037265,False,,-0.23379773096037265,False,86,0.0,True
56,-0.23321599108409763,False,,-0.23321599108409763,False,86,0.0,True
57,-0.23710499248473338,False,,-0.23710499248473338,False,86,0.0,True
58,-0.23390083467785172,False,,-0.23390083467785172,False,86,0.0,True
59,-0.2405310510205601,False,,-0.2405310510205601,False,86,0.0,True
60,-0.2316962903835978,False,,-0.2316962903835978,False,86,0.0,True
61,-0.23638038467378303,False,,-0.23638038467378303,False,86,0.0,True
62,-0.23082832135994064,False,,-0.23082832135994064,False,86,0.0,True
63,-0.2386586371831541,False,,-0.2386586371831541,False,86,0.0,True
0,-0.23062437697433552,True,,-0.23062437697433552,True,87,0.0,True
1,-0.2354998859355671,False,,-0.2354998859355671,False,87,0.0,True
2,-0.22224097125662762,False,,-0.22224097125662762,False,87,0.0,True
3,-0.21650963068467322,False,,-0.21650963068467322,False,87,0.0,True
4,-0.2159372311588837,False,,-0.2159372311588837,False,87,0.0,True
5,-0.21987738031683451,False,,-0.21987738031683451,False,87,0.0,True
6,-0.21910898457271957,False,,-0.21910898457271957,False,87,0.0,True
7,-0.22183973378918892,False,,-0.22183973378918892,False,87,0.0,True
8,-0.21888274325211549,False,,-0.21888274325211549,False,87,0.0,True
9,-0.2204843567607927,False,,-0.2204843567607927,False,87,0.0,True
10,-0.21934435208848027,False,,-0.21934435208848027,False,87,0.0,True
11,-0.21731399487135156,False,,-0.21731399487135156,False,87,0.0,True
12,-0.21470327864898653,False,,-0.21470327864898653,False,87,0.0,True
13,-0.21658654942085723,False,,-0.21658654942085723,False,87,0.0,True
14,-0.2186576040593281,False,,-0.2186576040593281,False,87,0.0,True
15,-0.221359273209508,False,,-0.221359273209508,False,87,0.0,True
16,-0.21807202725205355,False,,-0.21807202725205355,False,87,0.0,True
17,-0.21796657755336238,False,,-0.21796657755336238,False,87,0.0,True
18,-0.21727003100708836,False,,-0.21727003100708836,False,87,0.0,True
19,-0.21660170742281543,False,,-0.21660170742281543,False,87,0.0,True
20,-0.2182258651033946,False,,-0.2182258651033946,False,87,0.0,True
21,-0.21656128625267348,False,,-0.21656128625267348,False,87,0.0,True
22,-0.21506756589628623,False,,-0.21506756589628623,False,87,0.0,True
23,-0.21749022035353371,False,,-0.21749022035353371,False,87,0.0,True
24,-0.21713540155083783,False,,-0.21713540155083783,False,87,0.0,True
25,-0.222768135520248,False,,-0.222768135520248,False,87,0.0,True
26,-0.21805125598655972,False,,-0.21805125598655972,False,87,0.0,True
27,-0.21861946894819875,False,,-0.21861946894819875,False,87,0.0,True
28,-0.22017314707248137,False,,-0.22017314707248137,False,87,0.0,True
29,-0.2175709361026235,False,,-0.2175709361026235,False,87,0.0,True
30,-0.2224031851765157,False,,-0.2224031851765157,False,87,0.0,True
31,-0.21966161966221234,False,,-0.21966161966221234,False,87,0.0,True
32,-0.21559339154209597,False,,-0.21559339154209597,False,87,0.0,True
33,-0.2173443057720168,False,,-0.2173443057720168,False,87,0.0,True
34,-0.21834575040018475,False,,-0.21834575040018475,False,87,0.0,True
35,-0.2181243084322086,False,,-0.2181243084322086,False,87,0.0,True
36,-0.2173080792279804,False,,-0.2173080792279804,False,87,0.0,True
37,-0.21665706404095555,False,,-0.21665706404095555,False,87,0.0,True
38,-0.21794116883653458,False,,-0.21794116883653458,False,87,0.0,True
39,-0.219103699131743,False,,-0.219103699131743,False,87,0.0,True
40,-0.21535692127318895,False,,-0.21535692127318895,False,87,0.0,True
41,-0.21599711426440218,False,,-0.21599711426440218,False,87,0.0,True
42,-0.2175012446338263,False,,-0.2175012446338263,False,87,0.0,True
43,-0.21771683382307033,False,,-0.21771683382307033,False,87,0.0,True
44,-0.2211449169627151,False,,-0.2211449169627151,False,87,0.0,True
45,-0.21722828555341178,False,,-0.21722828555341178,False,87,0.0,True
46,-0.2170747479117292,False,,-0.2170747479117292,False,87,0.0,True
47,-0.2206431721599558,False,,-0.2206431721599558,False,87,0.0,True
48,-0.21532768176590528,False,,-0.21532768176590528,False,87,0.0,True
49,-0.21604868486415033,False,,-0.21604868486415033,False,87,0.0,True
50,-0.2183683228664138,False,,-0.2183683228664138,False,87,0.0,True
51,-0.21576967595243995,False,,-0.21576967595243995,False,87,0.0,True
52,-0.21991650508947475,False,,-0.21991650508947475,False,87,0.0,True
53,-0.21955621573059858,False,,-0.21955621573059858,False,87,0.0,True
54,-0.2196285313215839,False,,-0.2196285313215839,False,87,0.0,True
55,-0.2173306133452682,False,,-0.2173306133452682,False,87,0.0,True
56,-0.21574694039602277,False,,-0.21574694039602277,False,87,0.0,True
57,-0.21588786528772125,False,,-0.21588786528772125,False,87,0.0,True
58,-0.222484499274282,False,,-0.222484499274282,False,87,0.0,True
59,-0.21756644825845092,False,,-0.21756644825845092,False,87,0.0,True
60,-0.2183192893727558,False,,-0.2183192893727558,False,87,0.0,True
61,-0.21738350739074752,False,,-0.21738350739074752,False,87,0.0,True
62,-0.21927098139262446,False,,-0.21927098139262446,False,87,0.0,True
63,-0.2178388739302468,False,,-0.2178388739302468,False,87,0.0,True
0,-0.222874939889168,True,,-0.222874939889168,True,88,0.0,True
1,-0.2143846821060827,False,,-0.2143846821060827,False,88,0.0,True
2,-0.2086321846110059,False,,-0.2086321846110059,False,88,0.0,True
3,-0.20323396272558783,False,,-0.20323396272558783,False,88,0.0,True
4,-0.20928079456254298,False,,-0.20928079456254298,False,88,0.0,True
5,-0.20396526240960355,False,,-0.20396526240960355,False,88,0.0,True
6,-0.20625783434767592,False,,-0.20625783434767592,False,88,0.0,True
7,-0.20140267808417067,False,,-0.20140267808417067,False,88,0.0,True
8,-0.2105905517190078,False,,-0.2105905517190078,False,88,0.0,True
9,-0.20426221511268097,False,,-0.20426221511268097,False,88,0.0,True
10,-0.1985985707070277,False,,-0.1985985707070277,False,88,0.0,True
11,-0.20656580767208818,False,,-0.20656580767208818,False,88,0.0,True
12,-0.19857561191826856,False,,-0.19857561191826856,False,88,0.0,True
13,-0.20172509722317775,False,,-0.20172509722317775,False,88,0.0,True
14,-0.20171209446422786,False,,-0.20171209446422786,False,88,0.0,True
15,-0.20333378766460447,False,,-0.20333378766460447,False,88,0.0,True
16,-0.20422474600310653,False,,-0.20422474600310653,False,88,0.0,True
17,-0.20919882826232056,False,,-0.20919882826232056,False,88,0.0,True
18,-0.20706922103048575,False,,-0.20706922103048575,False,88,0.0,True
19,-0.20201954231617117,False,,-0.20201954231617117,False,88,0.0,True
20,-0.19770525949644685,False,,-0.19770525949644685,False,88,0.0,True
21,-0.2046762693340213,False,,-0.2046762693340213,False,88,0.0,True
22,-0.20518112364675495,False,,-0.20518112364675495,False,88,0.0,True
23,-0.2069778692246359,False,,-0.2069778692246359,False,88,0.0,True
24,-0.20663111448522203,False,,-0.20663111448522203,False,88,0.0,True
25,-0.20602379625526634,False,,-0.20602379625526634,False,88,0.0,True
26,-0.19990521454386728,False,,-0.19990521454386728,False,88,0.0,True
27,-0.20348808030229798,False,,-0.20348808030229798,False,88,0.0,True
28,-0.20466688977695977,False,,-0.20466688977695977,False,88,0.0,True
29,-0.20384977047962022,False,,-0.20384977047962022,False,88,0.0,True
30,-0.20391647590048423,False,,-0.20391647590048423,False,88,0.0,True
31,-0.19982354178877465,False,,-0.19982354178877465,False,88,0.0,True
32,-0.21226409446322064,False,,-0.21226409446322064,False,88,0.0,True
33,-0.20150757862878899,False,,-0.20150757862878899,False,88,0.0,True
34,-0.20971677363773542,False,,-0.20971677363773542,False,88,0.0,True
35,-0.2058806386531841,False,,-0.2058806386531841,False,88,0.0,True
36,-0.20766890435127633,False,,-0.20766890435127633,False,88,0.0,True
37,-0.20375776205816104,False,,-0.20375776205816104,False,88,0.0,True
38,-0.2067125292467686,False,,-0.2067125292467686,False,88,0.0,True
39,-0.21017118710619542,False,,-0.21017118710619542,False,88,0.0,True
40,-0.2009326713528793,False,,-0.2009326713528793,False,88,0.0,True
41,-0.20768036384426455,False,,-0.20768036384426455,False,88,0.0,True
42,-0.21211077450414634,False,,-0.21211077450414634,False,88,0.0,True
43,-0.20272891944621405,False,,-0.20272891944621405,False,88,0.0,True
44,-0.20699373760108405,False,,-0.20699373760108405,False,88,0.0,True
45,-0.20417883183883279,False,,-0.20417883183883279,False,88,0.0,True
46,-0.20119985264025092,False,,-0.20119985264025092,False,88,0.0,True
47,-0.20317826929556568,False,,-0.20317826929556568,False,88,0.0,True
48,-0.19763245701670457,False,,-0.19763245701670457,False,88,0.0,True
49,-0.2082673766850865,False,,-0.2082673766850865,False,88,0.0,True
50,-0.20035706296293063,False,,-0.20035706296293063,False,88,0.0,True
51,-0.20605558366431942,False,,-0.20605558366431942,False,88,0.0,True
52,-0.2027675954271323,False,,-0.2027675954271323,False,88,0.0,True
53,-0.21331921416466634,False,,-0.21331921416466634,False,88,0.0,True
54,-0.20794030303273187,False,,-0.20794030303273187,False,88,0.0,True
55,-0.2002836840508147,False,,-0.2002836840508147,False,88,0.0,True
56,-0.19724172284528968,False,,-0.19724172284528968,False,88,0.0,True
57,-0.20212415063655678,False,,-0.20212415063655678,False,88,0.0,True
58,-0.20051377540303056,False,,-0.20051377540303056,False,88,0.0,True
59,-0.20798563209834875,False,,-0.20798563209834875,False,88,0.0,True
60,-0.19989821551282985,False,,-0.19989821551282985,False,88,0.0,True
61,-0.20527826922967166,False,,-0.20527826922967166,False,88,0.0,True
62,-0.20325016176737062,False,,-0.20325016176737062,False,88,0.0,True
63,-0.20318480991653814,False,,-0.20318480991653814,False,88,0.0,True
0,-0.20033010763727774,True,,-0.20033010763727774,True,89,0.0,True
1,-0.20988102148005736,False,,-0.20988102148005736,False,89,0.0,True
2,-0.19032852167913908,False,,-0.19032852167913908,False,89,0.0,True
3,-0.1880843265523195,False,,-0.1880843265523195,False,89,0.0,True
4,-0.19121873925751515,False,,-0.19121873925751515,False,89,0.0,True
5,-0.1932233382100938,False,,-0.1932233382100938,False,89,0.0,True
6,-0.18450621649622737,False,,-0.18450621649622737,False,89,0.0,True
7,-0.18933045441744983,False,,-0.18933045441744983,False,89,0.0,True
8,-0.18447702706910377,False,,-0.18447702706910377,False,89,0.0,True
9,-0.18287683860473758,False,,-0.18287683860473758,False,89,0.0,True
10,-0.1814083626592705,False,,-0.1814083626592705,False,89,0.0,True
11,-0.18367498765946136,False,,-0.18367498765946136,False,89,0.0,True
12,-0.18509600357418665,False,,-0.18509600357418665,False,89,0.0,True
13,-0.18171396772319648,False,,-0.18171396772319648,False,89,0.0,True
14,-0.1897787539228965,False,,-0.1897787539228965,False,89,0.0,True
15,-0.18171609504722888,False,,-0.18171609504722888,False,89,0.0,True
16,-0.18561012945332728,False,,-0.18561012945332728,False,89,0.0,True
17,-0.18418374808485335,False,,-0.18418374808485335,False,89,0.0,True
18,-0.18751374031672724,False,,-0.18751374031672724,False,89,0.0,True
19,-0.1828892968835007,False,,-0.1828892968835007,False,89,0.0,True
20,-0.18932419221319596,False,,-0.18932419221319596,False,89,0.0,True
21,-0.18456539324570378,False,,-0.18456539324570378,False,89,0.0,True
22,-0.1880586515037238,False,,-0.1880586515037238,False,89,0.0,True
23,-0.18222603223178133,False,,-0.18222603223178133,False,89,0.0,True
24,-0.183498351853296,False,,-0.183498351853296,False,89,0.0,True
25,-0.18386886582339107,False,,-0.18386886582339107,False,89,0.0,True
26,-0.1836042169382987,False,,-0.1836042169382987,False,89,0.0,True
27,-0.18446083212558922,False,,-0.18446083212558922,False,89,0.0,True
28,-0.19061722949381965,False,,-0.19061722949381965,False,89,0.0,True
29,-0.18448361290655418,False,,-0.18448361290655418,False,89,0.0,True
30,-0.18180800091814991,False,,-0.18180800091814991,False,89,0.0,True
31,-0.186231822969471,False,,-0.186231822969471,False,89,0.0,True
32,-0.1832227704011829,False,,-0.1832227704011829,False,89,0.0,True
33,-0.1874615762035603,False,,-0.1874615762035603,False,89,0.0,True
34,-0.18445173102795212,False,,-0.18445173102795212,False,89,0.0,True
35,-0.19209199207581118,False,,-0.19209199207581118,False,89,0.0,True
36,-0.1887740183178983,False,,-0.1887740183178983,False,89,0.0,True
37,-0.18387926531798282,False,,-0.18387926531798282,False,89,0.0,True
38,-0.1859112592890561,False,,-0.1859112592890561,False,89,0.0,True
39,-0.18579015515021371,False,,-0.18579015515021371,False,89,0.0,True
40,-0.1839513312725802,False,,-0.1839513312725802,False,89,0.0,True
41,-0.18757984269594769,False,,-0.18757984269594769,False,89,0.0,True
42,-0.18649319279716495,False,,-0.18649319279716495,False,89,0.0,True
43,-0.18775378552754307,False,,-0.18775378552754307,False,89,0.0,True
44,-0.18593007475463955,False,,-0.18593007475463955,False,89,0.0,True
45,-0.18659008510682087,False,,-0.18659008510682087,False,89,0.0,True
46,-0.18589150705622737,False,,-0.18589150705622737,False,89,0.0,True
47,-0.18341042708110267,False,,-0.18341042708110267,False,89,0.0,True
48,-0.18602027154400047,False,,-0.18602027154400047,False,89,0.0,True
49,-0.18637526399295684,False,,-0.18637526399295684,False,89,0.0,True
50,-0.1872459549383934,False,,-0.1872459549383934,False,89,0.0,True
51,-0.18449214459189392,False,,-0.18449214459189392,False,89,0.0,True
52,-0.19154719851568247,False,,-0.19154719851568247,False,89,0.0,True
53,-0.18417203174879881,False,,-0.18417203174879881,False,89,0.0,True
54,-0.1880621420613155,False,,-0.1880621420613155,False,89,0.0,True
55,-0.18674937869878727,False,,-0.18674937869878727,False,89,0.0,True
56,-0.1815775173642889,False,,-0.1815775173642889,False,89,0.0,True
57,-0.18348824468198383,False,,-0.18348824468198383,False,89,0.0,True
58,-0.18570582574805528,False,,-0.18570582574805528,False,89,0.0,True
59,-0.19088962130466422,False,,-0.19088962130466422,False,89,0.0,True
60,-0.18589106643710213,False,,-0.18589106643710213,False,89,0.0,True
61,-0.18434510885378474,False,,-0.18434510885378474,False,89,0.0,True
62,-0.18501628380912832,False,,-0.18501628380912832,False,89,0.0,True
63,-0.18477737812796538,False,,-0.18477737812796538,False,89,0.0,True
0,-0.16634008682952467,True,,-0.16634008682952467,True,90,0.0,True
1,-0.1740734578183549,False,,-0.1740734578183549,False,90,0.0,True
2,-0.158163126936574,False,,-0.158163126936574,False,90,0.0,True
3,-0.157298886596618,False,,-0.157298886596618,False,90,0.0,True
4,-0.1592600609498811,False,,-0.1592600609498811,False,90,0.0,True
5,-0.15421639186593983,False,,-0.15421639186593983,False,90,0.0,True
6,-0.15526064195708916,False,,-0.15526064195708916,False,90,0.0,True
7,-0.15650949514350437,False,,-0.15650949514350437,False,90,0.0,True
8,-0.16125145623639425,False,,-0.16125145623639425,False,90,0.0,True
9,-0.15626724780864437,False,,-0.15626724780864437,False,90,0.0,True
10,-0.16378093647189518,False,,-0.16378093647189518,False,90,0.0,True
11,-0.15782509776154005,False,,-0.15782509776154005,False,90,0.0,True
12,-0.15871939331274137,False,,-0.15871939331274137,False,90,0.0,True
13,-0.15741737895610158,False,,-0.15741737895610158,False,90,0.0,True
14,-0.15636457810845714,False,,-0.15636457810845714,False,90,0.0,True
15,-0.15925887787343118,False,,-0.15925887787343118,False,90,0.0,True
16,-0.1541172325818459,False,,-0.1541172325818459,False,90,0.0,True
17,-0.15598310628954445,False,,-0.15598310628954445,False,90,0.0,True
18,-0.1628702872710973,False,,-0.1628702872710973,False,90,0.0,True
19,-0.1532523762205877,False,,-0.1532523762205877,False,90,0.0,True
20,-0.1570533411572091,False,,-0.1570533411572091,False,90,0.0,True
21,-0.15551316609807364,False,,-0.15551316609807364,False,90,0.0,True
22,-0.16405083933613782,False,,-0.16405083933613782,False,90,0.0,True
23,-0.15677297135860996,False,,-0.15677297135860996,False,90,0.0,True
24,-0.15910366241330698,False,,-0.15910366241330698,False,90,0.0,True
25,-0.1541256906597458,False,,-0.1541256906597458,False,90,0.0,True
26,-0.1540531032740336,False,,-0.1540531032740336,False,90,0.0,True
27,-0.15780007939304713,False,,-0.15780007939304713,False,90,0.0,True
28,-0.15676276397712519,False,,-0.15676276397712519,False,90,0.0,True
29,-0.15562234631494387,False,,-0.15562234631494387,False,90,0.0,True
30,-0.154347636036554,False,,-0.154347636036554,False,90,0.0,True
31,-0.15600605357464137,False,,-0.15600605357464137,False,90,0.0,True
32,-0.1562403649868594,False,,-0.1562403649868594,False,90,0.0,True
33,-0.15626711190864795,False,,-0.15626711190864795,False,90,0.0,True
34,-0.15362360135945483,False,,-0.15362360135945483,False,90,0.0,True
35,-0.15535147713602313,False,,-0.15535147713602313,False,90,0.0,True
36,-0.15517944628190372,False,,-0.15517944628190372,False,90,0.0,True
37,-0.15210267164814256,False,,-0.15210267164814256,False,90,0.0,True
38,-0.1598626876581391,False,,-0.1598626876581391,False,90,0.0,True
39,-0.15664114159243553,False,,-0.15664114159243553,False,90,0.0,True
40,-0.15355758575724945,False,,-0.15355758575724945,False,90,0.0,True
41,-0.15519923940534136,False,,-0.15519923940534136,False,90,0.0,True
42,-0.15361253066431746,False,,-0.15361253066431746,False,90,0.0,True
43,-0.1602787336894733,False,,-0.1602787336894733,False,90,0.0,True
44,-0.15667769529267916,False,,-0.15667769529267916,False,90,0.0,True
45,-0.159862014520799,False,,-0.159862014520799,False,90,0.0,True
46,-0.15578736009774813,False,,-0.15578736009774813,False,90,0.0,True
47,-0.15454038964535333,False,,-0.15454038964535333,False,90,0.0,True
48,-0.15531537569917808,False,,-0.15531537569917808,False,90,0.0,True
49,-0.15599507586764394,False,,-0.15599507586764394,False,90,0.0,True
50,-0.15977163337428518,False,,-0.15977163337428518,False,90,0.0,True
51,-0.15646555258325834,False,,-0.15646555258325834,False,90,0.0,True
52,-0.1595974726498903,False,,-0.1595974726498903,False,90,0.0,True
53,-0.16129155777584725,False,,-0.16129155777584725,False,90,0.0,True
54,-0.15386475621968093,False,,-0.15386475621968093,False,90,0.0,True
55,-0.15430088654678215,False,,-0.15430088654678215,False,90,0.0,True
56,-0.15397639861927184,False,,-0.15397639861927184,False,90,0.0,True
57,-0.15792694855522238,False,,-0.15792694855522238,False,90,0.0,True
58,-0.15898341485502276,False,,-0.15898341485502276,False,90,0.0,True
59,-0.15792713654078988,False,,-0.15792713654078988,False,90,0.0,True
60,-0.15503277794376596,False,,-0.15503277794376596,False,90,0.0,True
61,-0.15662679733047408,False,,-0.15662679733047408,False,90,0.0,True
62,-0.1570732168538787,False,,-0.1570732168538787,False,90,0.0,True
63,-0.1639257130141111,False,,-0.1639257130141111,False,90,0.0,True
0,-0.15204320333606003,True,,-0.15204320333606003,True,91,0.0,True
1,-0.14882350554505308,False,,-0.14882350554505308,False,91,0.0,True
2,-0.13976186358514647,False,,-0.13976186358514647,False,91,0.0,True
3,-0.14179487350319817,False,,-0.14179487350319817,False,91,0.0,True
4,-0.1417181111302158,False,,-0.1417181111302158,False,91,0.0,True
5,-0.14431066214389743,False,,-0.14431066214389743,False,91,0.0,True
6,-0.1450003075944222,False,,-0.1450003075944222,False,91,0.0,True
7,-0.14303439176482838,False,,-0.14303439176482838,False,91,0.0,True
8,-0.14110161693875398,False,,-0.14110161693875398,False,91,0.0,True
9,-0.14115567434826176,False,,-0.14115567434826176,False,91,0.0,True
10,-0.14546690373463556,False,,-0.14546690373463556,False,91,0.0,True
11,-0.14209877617119523,False,,-0.14209877617119523,False,91,0.0,True
12,-0.14311968900080416,False,,-0.14311968900080416,False,91,0.0,True
13,-0.1435105052955271,False,,-0.1435105052955271,False,91,0.0,True
14,-0.14570265843411556,False,,-0.14570265843411556,False,91,0.0,True
15,-0.14462058509333614,False,,-0.14462058509333614,False,91,0.0,True
16,-0.1421156732799772,False,,-0.1421156732799772,False,91,0.0,True
17,-0.14236440873937622,False,,-0.14236440873937622,False,91,0.0,True
18,-0.14315051991566463,False,,-0.14315051991566463,False,91,0.0,True
19,-0.14215750445448197,False,,-0.14215750445448197,False,91,0.0,True
20,-0.14359339536456617,False,,-0.14359339536456617,False,91,0.0,True
21,-0.14002734940973738,False,,-0.14002734940973738,False,91,0.0,True
22,-0.14312691831586807,False,,-0.14312691831586807,False,91,0.0,True
23,-0.1394023217017784,False,,-0.1394023217017784,False,91,0.0,True
24,-0.14104088290976494,False,,-0.14104088290976494,False,91,0.0,True
25,-0.14179537043238918,False,,-0.14179537043238918,False,91,0.0,True
26,-0.14075440872297482,False,,-0.14075440872297482,False,91,0.0,True
27,-0.1397638266069792,False,,-0.1397638266069792,False,91,0.0,True
28,-0.14316701339396598,False,,-0.14316701339396598,False,91,0.0,True
29,-0.14444676183197047,False,,-0.14444676183197047,False,91,0.0,True
30,-0.1426918249439584,False,,-0.1426918249439584,False,91,0.0,True
31,-0.14369002817581794,False,,-0.14369002817581794,False,91,0.0,True
32,-0.14334293410186458,False,,-0.14334293410186458,False,91,0.0,True
33,-0.14266152033606588,False,,-0.14266152033606588,False,91,0.0,True
34,-0.13993171765403523,False,,-0.13993171765403523,False,91,0.0,True
35,-0.14110185703825529,False,,-0.14110185703825529,False,91,0.0,True
36,-0.1412051202034708,False,,-0.1412051202034708,False,91,0.0,True
37,-0.14156115074415304,False,,-0.14156115074415304,False,91,0.0,True
38,-0.14031381557188163,False,,-0.14031381557188163,False,91,0.0,True
39,-0.1412228060563956,False,,-0.1412228060563956,False,91,0.0,True
40,-0.14245713912862001,False,,-0.14245713912862001,False,91,0.0,True
41,-0.14261137026504805,False,,-0.14261137026504805,False,91,0.0,True
42,-0.14162918219108162,False,,-0.14162918219108162,False,91,0.0,True
43,-0.14137115417103102,False,,-0.14137115417103102,False,91,0.0,True
44,-0.14429004993517297,False,,-0.14429004993517297,False,91,0.0,True
45,-0.14412016741885453,False,,-0.14412016741885453,False,91,0.0,True
46,-0.14135238459648303,False,,-0.14135238459648303,False,91,0.0,True
47,-0.14217280067419558,False,,-0.14217280067419558,False,91,0.0,True
48,-0.14417111637353597,False,,-0.14417111637353597,False,91,0.0,True
49,-0.14847385848615194,False,,-0.14847385848615194,False,91,0.0,True
50,-0.14163705088313186,False,,-0.14163705088313186,False,91,0.0,True
51,-0.14125226579204891,False,,-0.14125226579204891,False,91,0.0,True
52,-0.14403476415338434,False,,-0.14403476415338434,False,91,0.0,True
53,-0.1422262208889635,False,,-0.1422262208889635,False,91,0.0,True
54,-0.14370139354276057,False,,-0.14370139354276057,False,91,0.0,True
55,-0.1441332482668174,False,,-0.1441332482668174,False,91,0.0,True
56,-0.1423758539395658,False,,-0.1423758539395658,False,91,0.0,True
57,-0.14188519504722585,False,,-0.14188519504722585,False,91,0.0,True
58,-0.1458514457020263,False,,-0.1458514457020263,False,91,0.0,True
59,-0.14194658310310218,False,,-0.14194658310310218,False,91,0.0,True
60,-0.1428090865067675,False,,-0.1428090865067675,False,91,0.0,True
61,-0.14142039370378753,False,,-0.14142039370378753,False,91,0.0,True
62,-0.1414626600907825,False,,-0.1414626600907825,False,91,0.0,True
63,-0.14043082065854512,False,,-0.14043082065854512,False,91,0.0,True
0,-0.1408960369789511,True,,-0.1408960369789511,True,92,0.0,True
1,-0.1349715832370554,False,,-0.1349715832370554,False,92,0.0,True
2,-0.13051201995618406,False,,-0.13051201995618406,False,92,0.0,True
3,-0.13219046034372717,False,,-0.13219046034372717,False,92,0.0,True
4,-0.13227070128622093,False,,-0.13227070128622093,False,92,0.0,True
5,-0.13274666182870876,False,,-0.13274666182870876,False,92,0.0,True
6,-0.13157078204751577,False,,-0.13157078204751577,False,92,0.0,True
7,-0.13221485035129094,False,,-0.13221485035129094,False,92,0.0,True
8,-0.13306235972946992,False,,-0.13306235972946992,False,92,0.0,True
9,-0.13050066927872045,False,,-0.13050066927872045,False,92,0.0,True
10,-0.13062583128418848,False,,-0.13062583128418848,False,92,0.0,True
11,-0.1446599733510135,False,,-0.1446599733510135,False,92,0.0,True
12,-0.1286021892835551,False,,-0.1286021892835551,False,92,0.0,True
13,-0.13139305415402563,False,,-0.13139305415402563,False,92,0.0,True
14,-0.13405004642651658,False,,-0.13405004642651658,False,92,0.0,True
15,-0.12781006047666593,False,,-0.12781006047666593,False,92,0.0,True
16,-0.13249639144224615,False,,-0.13249639144224615,False,92,0.0,True
17,-0.13555395605430445,False,,-0.13555395605430445,False,92,0.0,True
18,-0.13413060622844575,False,,-0.13413060622844575,False,92,0.0,True
19,-0.1327287799077222,False,,-0.1327287799077222,False,92,0.0,True
20,-0.13536325467929028,False,,-0.13536325467929028,False,92,0.0,True
21,-0.13198054636118536,False,,-0.13198054636118536,False,92,0.0,True
22,-0.13251111003442917,False,,-0.13251111003442917,False,92,0.0,True
23,-0.13310933554384147,False,,-0.13310933554384147,False,92,0.0,True
24,-0.13516760144568898,False,,-0.13516760144568898,False,92,0.0,True
25,-0.13240798549342248,False,,-0.13240798549342248,False,92,0.0,True
26,-0.13126205953216802,False,,-0.13126205953216802,False,92,0.0,True
27,-0.135962595732871,False,,-0.135962595732871,False,92,0.0,True
28,-0.13614556963970384,False,,-0.13614556963970384,False,92,0.0,True
29,-0.13329971812422733,False,,-0.13329971812422733,False,92,0.0,True
30,-0.13162335055533952,False,,-0.13162335055533952,False,92,0.0,True
31,-0.13426829151745126,False,,-0.13426829151745126,False,92,0.0,True
32,-0.1346335725647778,False,,-0.1346335725647778,False,92,0.0,True
33,-0.13540209853408905,False,,-0.13540209853408905,False,92,0.0,True
34,-0.13530925932928056,False,,-0.13530925932928056,False,92,0.0,True
35,-0.1346071625219501,False,,-0.1346071625219501,False,92,0.0,True
36,-0.1324985302640504,False,,-0.1324985302640504,False,92,0.0,True
37,-0.13543063250805762,False,,-0.13543063250805762,False,92,0.0,True
38,-0.13436177248440467,False,,-0.13436177248440467,False,92,0.0,True
39,-0.1319219004917814,False,,-0.1319219004917814,False,92,0.0,True
40,-0.13281832247530156,False,,-0.13281832247530156,False,92,0.0,True
41,-0.13068055402026232,False,,-0.13068055402026232,False,92,0.0,True
42,-0.1319072272318878,False,,-0.1319072272318878,False,92,0.0,True
43,-0.13236286096918762,False,,-0.13236286096918762,False,92,0.0,True
44,-0.13595380818338484,False,,-0.13595380818338484,False,92,0.0,True
45,-0.1300755588832459,False,,-0.1300755588832459,False,92,0.0,True
46,-0.13796370124757595,False,,-0.13796370124757595,False,92,0.0,True
47,-0.1315486166510884,False,,-0.1315486166510884,False,92,0.0,True
48,-0.14014842929134413,False,,-0.14014842929134413,False,92,0.0,True
49,-0.13125896859543762,False,,-0.13125896859543762,False,92,0.0,True
50,-0.13234990193659915,False,,-0.13234990193659915,False,92,0.0,True
51,-0.1374997997869742,False,,-0.1374997997869742,False,92,0.0,True
52,-0.13113280421538417,False,,-0.13113280421538417,False,92,0.0,True
53,-0.13636988177208284,False,,-0.13636988177208284,False,92,0.0,True
54,-0.1372267720714115,False,,-0.1372267720714115,False,92,0.0,True
55,-0.13324128015647796,False,,-0.13324128015647796,False,92,0.0,True
56,-0.13446589833992856,False,,-0.13446589833992856,False,92,0.0,True
57,-0.13231896263725243,False,,-0.13231896263725243,False,92,0.0,True
58,-0.13574684636497358,False,,-0.13574684636497358,False,92,0.0,True
59,-0.13300413770546463,False,,-0.13300413770546463,False,92,0.0,True
60,-0.1313836345447522,False,,-0.1313836345447522,False,92,0.0,True
61,-0.13071682677996174,False,,-0.13071682677996174,False,92,0.0,True
62,-0.13048046012946046,False,,-0.13048046012946046,False,92,0.0,True
63,-0.13163328158934934,False,,-0.13163328158934934,False,92,0.0,True
0,-0.1227581969894681,True,,-0.1227581969894681,True,93,0.0,True
1,-0.12219221415475112,False,,-0.12219221415475112,False,93,0.0,True
2,-0.11136784042294265,False,,-0.11136784042294265,False,93,0.0,True
3,-0.11890562352769023,False,,-0.11890562352769023,False,93,0.0,True
4,-0.11573560534607645,False,,-0.11573560534607645,False,93,0.0,True
5,-0.1187264683760419,False,,-0.1187264683760419,False,93,0.0,True
6,-0.11491452106626819,False,,-0.11491452106626819,False,93,0.0,True
7,-0.11351302773027916,False,,-0.11351302773027916,False,93,0.0,True
8,-0.11391354308602746,False,,-0.11391354308602746,False,93,0.0,True
9,-0.116321729357699,False,,-0.116321729357699,False,93,0.0,True
10,-0.11679321307606053,False,,-0.11679321307606053,False,93,0.0,True
11,-0.1163927222366293,False,,-0.1163927222366293,False,93,0.0,True
12,-0.11343102947419546,False,,-0.11343102947419546,False,93,0.0,True
13,-0.11347476199707396,False,,-0.11347476199707396,False,93,0.0,True
14,-0.11326223107023506,False,,-0.11326223107023506,False,93,0.0,True
15,-0.11636446534237517,False,,-0.11636446534237517,False,93,0.0,True
16,-0.11368074508035067,False,,-0.11368074508035067,False,93,0.0,True
17,-0.11791405889766507,False,,-0.11791405889766507,False,93,0.0,True
18,-0.11575311320681975,False,,-0.11575311320681975,False,93,0.0,True
19,-0.1185297266157222,False,,-0.1185297266157222,False,93,0.0,True
20,-0.11349932205699373,False,,-0.11349932205699373,False,93,0.0,True
21,-0.11483609784353993,False,,-0.11483609784353993,False,93,0.0,True
22,-0.11221078202259621,False,,-0.11221078202259621,False,93,0.0,True
23,-0.11629663253455694,False,,-0.11629663253455694,False,93,0.0,True
24,-0.11602471430986955,False,,-0.11602471430986955,False,93,0.0,True
25,-0.11356464753200829,False,,-0.11356464753200829,False,93,0.0,True
26,-0.11726800880397327,False,,-0.11726800880397327,False,93,0.0,True
27,-0.11429049066948596,False,,-0.11429049066948596,False,93,0.0,True
28,-0.11396452937538784,False,,-0.11396452937538784,False,93,0.0,True
29,-0.11486029723611951,False,,-0.11486029723611951,False,93,0.0,True
30,-0.11635593257475134,False,,-0.11635593257475134,False,93,0.0,True
31,-0.11729123953850121,False,,-0.11729123953850121,False,93,0.0,True
32,-0.1120353860503076,False,,-0.1120353860503076,False,93,0.0,True
33,-0.11534635924324278,False,,-0.11534635924324278,False,93,0.0,True
34,-0.11574616374106755,False,,-0.11574616374106755,False,93,0.0,True
35,-0.11585384580321598,False,,-0.11585384580321598,False,93,0.0,True
36,-0.11386495213040901,False,,-0.11386495213040901,False,93,0.0,True
37,-0.11464946636083906,False,,-0.11464946636083906,False,93,0.0,True
38,-0.1166553500450733,False,,-0.1166553500450733,False,93,0.0,True
39,-0.11569937691043362,False,,-0.11569937691043362,False,93,0.0,True
40,-0.11387637617228052,False,,-0.11387637617228052,False,93,0.0,True
41,-0.11516415760375598,False,,-0.11516415760375598,False,93,0.0,True
42,-0.12113202351192773,False,,-0.12113202351192773,False,93,0.0,True
43,-0.11671419720742911,False,,-0.11671419720742911,False,93,0.0,True
44,-0.11420864803502694,False,,-0.11420864803502694,False,93,0.0,True
45,-0.11285369682950394,False,,-0.11285369682950394,False,93,0.0,True
46,-0.11660156180497104,False,,-0.11660156180497104,False,93,0.0,True
47,-0.11471441696504178,False,,-0.11471441696504178,False,93,0.0,True
48,-0.1144804900277012,False,,-0.1144804900277012,False,93,0.0,True
49,-0.11759809574016866,False,,-0.11759809574016866,False,93,0.0,True
50,-0.11566479030806247,False,,-0.11566479030806247,False,93,0.0,True
51,-0.11683940124241396,False,,-0.11683940124241396,False,93,0.0,True
52,-0.11662974220512906,False,,-0.11662974220512906,False,93,0.0,True
53,-0.11480553285523297,False,,-0.11480553285523297,False,93,0.0,True
54,-0.11310780259314325,False,,-0.11310780259314325,False,93,0.0,True
55,-0.11582144250180143,False,,-0.11582144250180143,False,93,0.0,True
56,-0.11612866959676148,False,,-0.11612866959676148,False,93,0.0,True
57,-0.11548345487450591,False,,-0.11548345487450591,False,93,0.0,True
58,-0.11915481484910254,False,,-0.11915481484910254,False,93,0.0,True
59,-0.11502628441165845,False,,-0.11502628441165845,False,93,0.0,True
60,-0.11577227779747513,False,,-0.11577227779747513,False,93,0.0,True
61,-0.11707254655883055,False,,-0.11707254655883055,False,93,0.0,True
62,-0.11442697513859616,False,,-0.11442697513859616,False,93,0.0,True
63,-0.11337916817849253,False,,-0.11337916817849253,False,93,0.0,True
0,-0.07793842544690123,True,,-0.07793842544690123,True,94,0.0,True
1,-0.07844990217448666,False,,-0.07844990217448666,False,94,0.0,True
2,-0.07141696123083172,False,,-0.07141696123083172,False,94,0.0,True
3,-0.07377656823971716,False,,-0.07377656823971716,False,94,0.0,True
4,-0.07120249808751195,False,,-0.07120249808751195,False,94,0.0,True
5,-0.07123067958899873,False,,-0.07123067958899873,False,94,0.0,True
6,-0.07175996940752752,False,,-0.07175996940752752,False,94,0.0,True
7,-0.07128724326509307,False,,-0.07128724326509307,False,94,0.0,True
8,-0.07169162907871335,False,,-0.07169162907871335,False,94,0.0,True
9,-0.07284248154714201,False,,-0.07284248154714201,False,94,0.0,True
10,-0.07211647185575618,False,,-0.07211647185575618,False,94,0.0,True
11,-0.07274809747403585,False,,-0.07274809747403585,False,94,0.0,True
12,-0.07120429863809691,False,,-0.07120429863809691,False,94,0.0,True
13,-0.0706786168659369,False,,-0.0706786168659369,False,94,0.0,True
14,-0.0721366567562905,False,,-0.0721366567562905,False,94,0.0,True
15,-0.07165416936614974,False,,-0.07165416936614974,False,94,0.0,True
16,-0.06981910018832359,False,,-0.06981910018832359,False,94,0.0,True
17,-0.07131213559588181,False,,-0.07131213559588181,False,94,0.0,True
18,-0.07044096640125835,False,,-0.07044096640125835,False,94,0.0,True
19,-0.0733245185883556,False,,-0.0733245185883556,False,94,0.0,True
20,-0.06977232156742436,False,,-0.06977232156742436,False,94,0.0,True
21,-0.07173089464101744,False,,-0.07173089464101744,False,94,0.0,True
22,-0.07337724469314946,False,,-0.07337724469314946,False,94,0.0,True
23,-0.0723559188719897,False,,-0.0723559188719897,False,94,0.0,True
24,-0.07207267856618539,False,,-0.07207267856618539,False,94,0.0,True
25,-0.07176377610244532,False,,-0.07176377610244532,False,94,0.0,True
26,-0.07051590753433377,False,,-0.07051590753433377,False,94,0.0,True
27,-0.07187304000868225,False,,-0.07187304000868225,False,94,0.0,True
28,-0.07193623067384772,False,,-0.07193623067384772,False,94,0.0,True
29,-0.07080896247093224,False,,-0.07080896247093224,False,94,0.0,True
30,-0.07277291323132569,False,,-0.07277291323132569,False,94,0.0,True
31,-0.07294390981932664,False,,-0.07294390981932664,False,94,0.0,True
32,-0.07324636576898241,False,,-0.07324636576898241,False,94,0.0,True
33,-0.07193733424613544,False,,-0.07193733424613544,False,94,0.0,True
34,-0.07430933272043708,False,,-0.07430933272043708,False,94,0.0,True
35,-0.07116466783032827,False,,-0.07116466783032827,False,94,0.0,True
36,-0.07529816367516771,False,,-0.07529816367516771,False,94,0.0,True
37,-0.0697402062133844,False,,-0.0697402062133844,False,94,0.0,True
38,-0.0725370899371769,False,,-0.0725370899371769,False,94,0.0,True
39,-0.07126550943285727,False,,-0.07126550943285727,False,94,0.0,True
40,-0.06927447998085468,False,,-0.06927447998085468,False,94,0.0,True
41,-0.07141303625262943,False,,-0.07141303625262943,False,94,0.0,True
42,-0.0730258083622269,False,,-0.0730258083622269,False,94,0.0,True
43,-0.07236852462319177,False,,-0.07236852462319177,False,94,0.0,True
44,-0.06957773181751094,False,,-0.06957773181751094,False,94,0.0,True
45,-0.07184667753717079,False,,-0.07184667753717079,False,94,0.0,True
46,-0.07052939112558468,False,,-0.07052939112558468,False,94,0.0,True
47,-0.07239235885835427,False,,-0.07239235885835427,False,94,0.0,True
48,-0.07355337170518021,False,,-0.07355337170518021,False,94,0.0,True
49,-0.0758487731047487,False,,-0.0758487731047487,False,94,0.0,True
50,-0.0716097205406947,False,,-0.0716097205406947,False,94,0.0,True
51,-0.0696203761104966,False,,-0.0696203761104966,False,94,0.0,True
52,-0.07305648590266381,False,,-0.07305648590266381,False,94,0.0,True
53,-0.07063325184533537,False,,-0.07063325184533537,False,94,0.0,True
54,-0.06904875462844556,False,,-0.06904875462844556,False,94,0.0,True
55,-0.07319201618999777,False,,-0.07319201618999777,False,94,0.0,True
56,-0.07209255701686756,False,,-0.07209255701686756,False,94,0.0,True
57,-0.07111625322282025,False,,-0.07111625322282025,False,94,0.0,True
58,-0.0713388788342959,False,,-0.0713388788342959,False,94,0.0,True
59,-0.07167400921480707,False,,-0.07167400921480707,False,94,0.0,True
60,-0.07540581604948131,False,,-0.07540581604948131,False,94,0.0,True
61,-0.0711863818418925,False,,-0.0711863818418925,False,94,0.0,True
62,-0.07188449747661377,False,,-0.07188449747661377,False,94,0.0,True
63,-0.06927549954178402,False,,-0.06927549954178402,False,94,0.0,True
0,-0.09275217117238917,True,,-0.09275217117238917,True,95,0.0,True
1,-0.0953423256658182,False,,-0.0953423256658182,False,95,0.0,True
2,-0.08983059185706911,False,,-0.08983059185706911,False,95,0.0,True
3,-0.09077481747338273,False,,-0.09077481747338273,False,95,0.0,True
4,-0.0904537373892434,False,,-0.0904537373892434,False,95,0.0,True
5,-0.09472620657134749,False,,-0.09472620657134749,False,95,0.0,True
6,-0.09163832193456792,False,,-0.09163832193456792,False,95,0.0,True
7,-0.09219556161602835,False,,-0.09219556161602835,False,95,0.0,True
8,-0.09045236562528165,False,,-0.09045236562528165,False,95,0.0,True
9,-0.09231107275847844,False,,-0.09231107275847844,False,95,0.0,True
10,-0.09000448781067215,False,,-0.09000448781067215,False,95,0.0,True
11,-0.09113231509949843,False,,-0.09113231509949843,False,95,0.0,True
12,-0.09030376679025248,False,,-0.09030376679025248,False,95,0.0,True
13,-0.09050635053373199,False,,-0.09050635053373199,False,95,0.0,True
14,-0.09101526567353102,False,,-0.09101526567353102,False,95,0.0,True
15,-0.09296764750117348,False,,-0.09296764750117348,False,95,0.0,True
16,-0.09230770575328724,False,,-0.09230770575328724,False,95,0.0,True
17,-0.09107384503047539,False,,-0.09107384503047539,False,95,0.0,True
18,-0.09099516474067687,False,,-0.09099516474067687,False,95,0.0,True
19,-0.09124516387760018,False,,-0.09124516387760018,False,95,0.0,True
20,-0.0909710427505167,False,,-0.0909710427505167,False,95,0.0,True
21,-0.09076483952352003,False,,-0.09076483952352003,False,95,0.0,True
22,-0.09053832914917291,False,,-0.09053832914917291,False,95,0.0,True
23,-0.09106305590828871,False,,-0.09106305590828871,False,95,0.0,True
24,-0.0923200634782711,False,,-0.0923200634782711,False,95,0.0,True
25,-0.09348440987428808,False,,-0.09348440987428808,False,95,0.0,True
26,-0.09075802538923661,False,,-0.09075802538923661,False,95,0.0,True
27,-0.09377827620416743,False,,-0.09377827620416743,False,95,0.0,True
28,-0.09087822400809117,False,,-0.09087822400809117,False,95,0.0,True
29,-0.09200593157327225,False,,-0.09200593157327225,False,95,0.0,True
30,-0.09187462361279455,False,,-0.09187462361279455,False,95,0.0,True
31,-0.09045223406324468,False,,-0.09045223406324468,False,95,0.0,True
32,-0.09261983117840912,False,,-0.09261983117840912,False,95,0.0,True
33,-0.09054756252514823,False,,-0.09054756252514823,False,95,0.0,True
34,-0.09105489057408789,False,,-0.09105489057408789,False,95,0.0,True
35,-0.09003528148943404,False,,-0.09003528148943404,False,95,0.0,True
36,-0.0911794491097423,False,,-0.0911794491097423,False,95,0.0,True
37,-0.09125800639680931,False,,-0.09125800639680931,False,95,0.0,True
38,-0.09142032221576213,False,,-0.09142032221576213,False,95,0.0,True
39,-0.08992821297855569,False,,-0.08992821297855569,False,95,0.0,True
40,-0.09251905286639939,False,,-0.09251905286639939,False,95,0.0,True
41,-0.09121780713811363,False,,-0.09121780713811363,False,95,0.0,True
42,-0.09195509085600023,False,,-0.09195509085600023,False,95,0.0,True
43,-0.09334829957379677,False,,-0.09334829957379677,False,95,0.0,True
44,-0.09020139876093113,False,,-0.09020139876093113,False,95,0.0,True
45,-0.09271358778621917,False,,-0.09271358778621917,False,95,0.0,True
46,-0.09102936676332772,False,,-0.09102936676332772,False,95,0.0,True
47,-0.08998431266315626,False,,-0.08998431266315626,False,95,0.0,True
48,-0.08941058890974835,False,,-0.08941058890974835,False,95,0.0,True
49,-0.09317483455675617,False,,-0.09317483455675617,False,95,0.0,True
50,-0.09174987886998043,False,,-0.09174987886998043,False,95,0.0,True
51,-0.09214389172456544,False,,-0.09214389172456544,False,95,0.0,True
52,-0.09248565036334744,False,,-0.09248565036334744,False,95,0.0,True
53,-0.09123388113232639,False,,-0.09123388113232639,False,95,0.0,True
54,-0.09137130686127837,False,,-0.09137130686127837,False,95,0.0,True
55,-0.0921323891280196,False,,-0.0921323891280196,False,95,0.0,True
56,-0.09145305738130538,False,,-0.09145305738130538,False,95,0.0,True
57,-0.09033913336281715,False,,-0.09033913336281715,False,95,0.0,True
58,-0.09302490025028377,False,,-0.09302490025028377,False,95,0.0,True
59,-0.0905343781651334,False,,-0.0905343781651334,False,95,0.0,True
60,-0.09049869980319894,False,,-0.09049869980319894,False,95,0.0,True
61,-0.09022804194968524,False,,-0.09022804194968524,False,95,0.0,True
62,-0.09028139899142901,False,,-0.09028139899142901,False,95,0.0,True
63,-0.09093943329060755,False,,-0.09093943329060755,False,95,0.0,True
0,-0.05079348765342963,True,,-0.05079348765342963,True,96,0.0,True
1,-0.05001130449484794,False,,-0.05001130449484794,False,96,0.0,True
2,-0.04763791592255274,False,,-0.04763791592255274,False,96,0.0,True
3,-0.04677009825249658,False,,-0.04677009825249658,False,96,0.0,True
4,-0.04651320800232449,False,,-0.04651320800232449,False,96,0.0,True
5,-0.04875372170775309,False,,-0.04875372170775309,False,96,0.0,True
6,-0.049491685506725586,False,,-0.049491685506725586,False,96,0.0,True
7,-0.047183938456186895,False,,-0.047183938456186895,False,96,0.0,True
8,-0.04862903658590172,False,,-0.04862903658590172,False,96,0.0,True
9,-0.04606533990759438,False,,-0.04606533990759438,False,96,0.0,True
10,-0.04698828023452511,False,,-0.04698828023452511,False,96,0.0,True
11,-0.04867952719146071,False,,-0.04867952719146071,False,96,0.0,True
12,-0.04949601801450823,False,,-0.04949601801450823,False,96,0.0,True
13,-0.046325617016374374,False,,-0.046325617016374374,False,96,0.0,True
14,-0.04691037032624617,False,,-0.04691037032624617,False,96,0.0,True
15,-0.04696770474113417,False,,-0.04696770474113417,False,96,0.0,True
16,-0.04655302387109756,False,,-0.04655302387109756,False,96,0.0,True
17,-0.04747977718031416,False,,-0.04747977718031416,False,96,0.0,True
18,-0.04997938755533938,False,,-0.04997938755533938,False,96,0.0,True
19,-0.04817991831463386,False,,-0.04817991831463386,False,96,0.0,True
20,-0.046136160041040805,False,,-0.046136160041040805,False,96,0.0,True
21,-0.04714103313083916,False,,-0.04714103313083916,False,96,0.0,True
22,-0.04834690785004832,False,,-0.04834690785004832,False,96,0.0,True
23,-0.04620132524572403,False,,-0.04620132524572403,False,96,0.0,True
24,-0.04743253062167248,False,,-0.04743253062167248,False,96,0.0,True
25,-0.048530987671970324,False,,-0.048530987671970324,False,96,0.0,True
26,-0.04727784847219792,False,,-0.04727784847219792,False,96,0.0,True
27,-0.047257723223963516,False,,-0.047257723223963516,False,96,0.0,True
28,-0.0467067488098267,False,,-0.0467067488098267,False,96,0.0,True
29,-0.04745987963866248,False,,-0.04745987963866248,False,96,0.0,True
30,-0.049288163786742,False,,-0.049288163786742,False,96,0.0,True
31,-0.04695014680275422,False,,-0.04695014680275422,False,96,0.0,True
32,-0.04603822583460806,False,,-0.04603822583460806,False,96,0.0,True
33,-0.04641105456345046,False,,-0.04641105456345046,False,96,0.0,True
34,-0.048437610741688876,False,,-0.048437610741688876,False,96,0.0,True
35,-0.04814904378028614,False,,-0.04814904378028614,False,96,0.0,True
36,-0.04634680898522714,False,,-0.04634680898522714,False,96,0.0,True
37,-0.04751986047801068,False,,-0.04751986047801068,False,96,0.0,True
38,-0.04705974701098677,False,,-0.04705974701098677,False,96,0.0,True
39,-0.04941479084097771,False,,-0.04941479084097771,False,96,0.0,True
40,-0.04762513489299569,False,,-0.04762513489299569,False,96,0.0,True
41,-0.04781058794174715,False,,-0.04781058794174715,False,96,0.0,True
42,-0.04779623412684084,False,,-0.04779623412684084,False,96,0.0,True
43,-0.048238663426511216,False,,-0.048238663426511216,False,96,0.0,True
44,-0.04851608483227464,False,,-0.04851608483227464,False,96,0.0,True
45,-0.04634659865848947,False,,-0.04634659865848947,False,96,0.0,True
46,-0.05107053801519112,False,,-0.05107053801519112,False,96,0.0,True
47,-0.046803042440410024,False,,-0.046803042440410024,False,96,0.0,True
48,-0.04709938953893297,False,,-0.04709938953893297,False,96,0.0,True
49,-0.0465779744615847,False,,-0.0465779744615847,False,96,0.0,True
50,-0.04554404650864597,False,,-0.04554404650864597,False,96,0.0,True
51,-0.04794210344444893,False,,-0.04794210344444893,False,96,0.0,True
52,-0.04793906934416924,False,,-0.04793906934416924,False,96,0.0,True
53,-0.05224395846404306,False,,-0.05224395846404306,False,96,0.0,True
54,-0.04697003458707098,False,,-0.04697003458707098,False,96,0.0,True
55,-0.0489814063705071,False,,-0.0489814063705071,False,96,0.0,True
56,-0.04573744159569379,False,,-0.04573744159569379,False,96,0.0,True
57,-0.046502145618819254,False,,-0.046502145618819254,False,96,0.0,True
58,-0.047134829621859456,False,,-0.047134829621859456,False,96,0.0,True
59,-0.0475710470987126,False,,-0.0475710470987126,False,96,0.0,True
60,-0.04656835186814724,False,,-0.04656835186814724,False,96,0.0,True
61,-0.048358541520170856,False,,-0.048358541520170856,False,96,0.0,True
62,-0.04680950059141981,False,,-0.04680950059141981,False,96,0.0,True
63,-0.0469850259534053,False,,-0.0469850259534053,False,96,0.0,True
0,-0.07707516500697438,True,,-0.07707516500697438,True,97,0.0,True
1,-0.07684121626646581,False,,-0.07684121626646581,False,97,0.0,True
2,-0.0715453841587049,False,,-0.0715453841587049,False,97,0.0,True
3,-0.0750902766836597,False,,-0.0750902766836597,False,97,0.0,True
4,-0.07199152761343428,False,,-0.07199152761343428,False,97,0.0,True
5,-0.07573401237054711,False,,-0.07573401237054711,False,97,0.0,True
6,-0.07354420058714667,False,,-0.07354420058714667,False,97,0.0,True
7,-0.07559026596924076,False,,-0.07559026596924076,False,97,0.0,True
8,-0.07495674822696015,False,,-0.07495674822696015,False,97,0.0,True
9,-0.07406899689653185,False,,-0.07406899689653185,False,97,0.0,True
10,-0.07374219578005894,False,,-0.07374219578005894,False,97,0.0,True
11,-0.07304183792504376,False,,-0.07304183792504376,False,97,0.0,True
12,-0.07238425976007831,False,,-0.07238425976007831,False,97,0.0,True
13,-0.07640242333073703,False,,-0.07640242333073703,False,97,0.0,True
14,-0.07798871443503486,False,,-0.07798871443503486,False,97,0.0,True
15,-0.07532314571222253,False,,-0.07532314571222253,False,97,0.0,True
16,-0.07290034483390123,False,,-0.07290034483390123,False,97,0.0,True
17,-0.07321499661792052,False,,-0.07321499661792052,False,97,0.0,True
18,-0.07564180949511011,False,,-0.07564180949511011,False,97,0.0,True
19,-0.0725554338418799,False,,-0.0725554338418799,False,97,0.0,True
20,-0.07415559558253329,False,,-0.07415559558253329,False,97,0.0,True
21,-0.07650141438278707,False,,-0.07650141438278707,False,97,0.0,True
22,-0.07408030469964169,False,,-0.07408030469964169,False,97,0.0,True
23,-0.07286583242298317,False,,-0.07286583242298317,False,97,0.0,True
24,-0.07515838049776105,False,,-0.07515838049776105,False,97,0.0,True
25,-0.07416515635718851,False,,-0.07416515635718851,False,97,0.0,True
26,-0.07276521802826458,False,,-0.07276521802826458,False,97,0.0,True
27,-0.0720493504846812,False,,-0.0720493504846812,False,97,0.0,True
28,-0.07402788996070989,False,,-0.07402788996070989,False,97,0.0,True
29,-0.07307842966779515,False,,-0.07307842966779515,False,97,0.0,True
30,-0.0738698788265093,False,,-0.0738698788265093,False,97,0.0,True
31,-0.07410900802153872,False,,-0.07410900802153872,False,97,0.0,True
32,-0.07224981555988741,False,,-0.07224981555988741,False,97,0.0,True
33,-0.07426962215282494,False,,-0.07426962215282494,False,97,0.0,True
34,-0.07223821243853551,False,,-0.07223821243853551,False,97,0.0,True
35,-0.0780006041069275,False,,-0.0780006041069275,False,97,0.0,True
36,-0.0729769790434326,False,,-0.0729769790434326,False,97,0.0,True
37,-0.07236878714881266,False,,-0.07236878714881266,False,97,0.0,True
38,-0.07375523720064389,False,,-0.07375523720064389,False,97,0.0,True
39,-0.07426628595479234,False,,-0.07426628595479234,False,97,0.0,True
40,-0.07282665596735886,False,,-0.07282665596735886,False,97,0.0,True
41,-0.07346122380261105,False,,-0.07346122380261105,False,97,0.0,True
42,-0.07392269079206536,False,,-0.07392269079206536,False,97,0.0,True
43,-0.07974662041383515,False,,-0.07974662041383515,False,97,0.0,True
44,-0.07854945951751889,False,,-0.07854945951751889,False,97,0.0,True
45,-0.07282978165607316,False,,-0.07282978165607316,False,97,0.0,True
46,-0.07271874527868757,False,,-0.07271874527868757,False,97,0.0,True
47,-0.07179037291737388,False,,-0.07179037291737388,False,97,0.0,True
48,-0.07363130031186953,False,,-0.07363130031186953,False,97,0.0,True
49,-0.07155974957811403,False,,-0.07155974957811403,False,97,0.0,True
50,-0.07332923319637022,False,,-0.07332923319637022,False,97,0.0,True
51,-0.07415703366890014,False,,-0.07415703366890014,False,97,0.0,True
52,-0.07303086222868616,False,,-0.07303086222868616,False,97,0.0,True
53,-0.07330183449501296,False,,-0.07330183449501296,False,97,0.0,True
54,-0.07445304330842335,False,,-0.07445304330842335,False,97,0.0,True
55,-0.07409686044547152,False,,-0.07409686044547152,False,97,0.0,True
56,-0.0750297916203648,False,,-0.0750297916203648,False,97,0.0,True
57,-0.07409090463850948,False,,-0.07409090463850948,False,97,0.0,True
58,-0.07440900675443553,False,,-0.07440900675443553,False,97,0.0,True
59,-0.07336214432543724,False,,-0.07336214432543724,False,97,0.0,True
60,-0.07381463138906129,False,,-0.07381463138906129,False,97,0.0,True
61,-0.07411220226079558,False,,-0.07411220226079558,False,97,0.0,True
62,-0.07436839527015461,False,,-0.07436839527015461,False,97,0.0,True
63,-0.07452793585159365,False,,-0.07452793585159365,False,97,0.0,True
0,-0.06689064168253617,True,,-0.06689064168253617,True,98,0.0,True
1,-0.0669788673643689,False,,-0.0669788673643689,False,98,0.0,True
2,-0.059368648575809195,False,,-0.059368648575809195,False,98,0.0,True
3,-0.06587873879999517,False,,-0.06587873879999517,False,98,0.0,True
4,-0.05941154157101219,False,,-0.05941154157101219,False,98,0.0,True
5,-0.06020243098368303,False,,-0.06020243098368303,False,98,0.0,True
6,-0.061251858999449904,False,,-0.061251858999449904,False,98,0.0,True
7,-0.06787190772860625,False,,-0.06787190772860625,False,98,0.0,True
8,-0.06372872959247933,False,,-0.06372872959247933,False,98,0.0,True
9,-0.060101625134319187,False,,-0.060101625134319187,False,98,0.0,True
10,-0.06232227267450932,False,,-0.06232227267450932,False,98,0.0,True
11,-0.06166243092049823,False,,-0.06166243092049823,False,98,0.0,True
12,-0.06286558280399397,False,,-0.06286558280399397,False,98,0.0,True
13,-0.061542826090634675,False,,-0.061542826090634675,False,98,0.0,True
14,-0.0641863496127393,False,,-0.0641863496127393,False,98,0.0,True
15,-0.06272687865274586,False,,-0.06272687865274586,False,98,0.0,True
16,-0.05995097986477585,False,,-0.05995097986477585,False,98,0.0,True
17,-0.06176421191728444,False,,-0.06176421191728444,False,98,0.0,True
18,-0.06102748988907458,False,,-0.06102748988907458,False,98,0.0,True
19,-0.06207761770899135,False,,-0.06207761770899135,False,98,0.0,True
20,-0.06222766014766595,False,,-0.06222766014766595,False,98,0.0,True
21,-0.06250099594608077,False,,-0.06250099594608077,False,98,0.0,True
22,-0.06231520802863133,False,,-0.06231520802863133,False,98,0.0,True
23,-0.06135598600244399,False,,-0.06135598600244399,False,98,0.0,True
24,-0.06347644532314187,False,,-0.06347644532314187,False,98,0.0,True
25,-0.061710384030518504,False,,-0.061710384030518504,False,98,0.0,True
26,-0.06240702836865005,False,,-0.06240702836865005,False,98,0.0,True
27,-0.06068827920116025,False,,-0.06068827920116025,False,98,0.0,True
28,-0.061539634653313705,False,,-0.061539634653313705,False,98,0.0,True
29,-0.06266369907414376,False,,-0.06266369907414376,False,98,0.0,True
30,-0.06291213273684891,False,,-0.06291213273684891,False,98,0.0,True
31,-0.061791936223117176,False,,-0.061791936223117176,False,98,0.0,True
32,-0.06113107558038866,False,,-0.06113107558038866,False,98,0.0,True
33,-0.06181374440416107,False,,-0.06181374440416107,False,98,0.0,True
34,-0.062252712980824215,False,,-0.062252712980824215,False,98,0.0,True
35,-0.06486293220418518,False,,-0.06486293220418518,False,98,0.0,True
36,-0.06134984848110379,False,,-0.06134984848110379,False,98,0.0,True
37,-0.06216919162804267,False,,-0.06216919162804267,False,98,0.0,True
38,-0.0628276216388884,False,,-0.0628276216388884,False,98,0.0,True
39,-0.0634204922250776,False,,-0.0634204922250776,False,98,0.0,True
40,-0.06266977125373983,False,,-0.06266977125373983,False,98,0.0,True
41,-0.06101966617400628,False,,-0.06101966617400628,False,98,0.0,True
42,-0.06133392868666001,False,,-0.06133392868666001,False,98,0.0,True
43,-0.06014895274774215,False,,-0.06014895274774215,False,98,0.0,True
44,-0.061932398534531384,False,,-0.061932398534531384,False,98,0.0,True
45,-0.06540385584874718,False,,-0.06540385584874718,False,98,0.0,True
46,-0.06160340745179088,False,,-0.06160340745179088,False,98,0.0,True
47,-0.06351691501553229,False,,-0.06351691501553229,False,98,0.0,True
48,-0.061970219216062675,False,,-0.061970219216062675,False,98,0.0,True
49,-0.060683372394708904,False,,-0.060683372394708904,False,98,0.0,True
50,-0.06175248577565992,False,,-0.06175248577565992,False,98,0.0,True
51,-0.059954691080102526,False,,-0.059954691080102526,False,98,0.0,True
52,-0.06095112436337453,False,,-0.06095112436337453,False,98,0.0,True
53,-0.0642785968698804,False,,-0.0642785968698804,False,98,0.0,True
54,-0.06065265375631706,False,,-0.06065265375631706,False,98,0.0,True
55,-0.06209723654643376,False,,-0.06209723654643376,False,98,0.0,True
56,-0.06330235617635507,False,,-0.06330235617635507,False,98,0.0,True
57,-0.06274236977314963,False,,-0.06274236977314963,False,98,0.0,True
58,-0.06030990477461401,False,,-0.06030990477461401,False,98,0.0,True
59,-0.06342152067516948,False,,-0.06342152067516948,False,98,0.0,True
60,-0.0613700165851145,False,,-0.0613700165851145,False,98,0.0,True
61,-0.06140968517127056,False,,-0.06140968517127056,False,98,0.0,True
62,-0.060440069102056584,False,,-0.060440069102056584,False,98,0.0,True
63,-0.06433944161552722,False,,-0.06433944161552722,False,98,0.0,True
0,-0.04111774666789356,True,,-0.04111774666789356,True,99,0.0,True
1,-0.04124201463674383,False,,-0.04124201463674383,False,99,0.0,True
2,-0.037468226734825825,False,,-0.037468226734825825,False,99,0.0,True
3,-0.034586656900343155,False,,-0.034586656900343155,False,99,0.0,True
4,-0.03428215886106387,False,,-0.03428215886106387,False,99,0.0,True
5,-0.0364029843449174,False,,-0.0364029843449174,False,99,0.0,True
6,-0.035643116606180275,False,,-0.035643116606180275,False,99,0.0,True
7,-0.03736681157883452,False,,-0.03736681157883452,False,99,0.0,True
8,-0.041350096000536504,False,,-0.041350096000536504,False,99,0.0,True
9,-0.03657892889869736,False,,-0.03657892889869736,False,99,0.0,True
10,-0.03860021483505753,False,,-0.03860021483505753,False,99,0.0,True
11,-0.03524367169514613,False,,-0.03524367169514613,False,99,0.0,True
12,-0.03695709571974272,False,,-0.03695709571974272,False,99,0.0,True
13,-0.03636026999833679,False,,-0.03636026999833679,False,99,0.0,True
14,-0.03461272075972187,False,,-0.03461272075972187,False,99,0.0,True
15,-0.03777091359758393,False,,-0.03777091359758393,False,99,0.0,True
16,-0.03623412144056757,False,,-0.03623412144056757,False,99,0.0,True
17,-0.03631813781293801,False,,-0.03631813781293801,False,99,0.0,True
18,-0.03550721274618347,False,,-0.03550721274618347,False,99,0.0,True
19,-0.04079735698963971,False,,-0.04079735698963971,False,99,0.0,True
20,-0.03716811132671715,False,,-0.03716811132671715,False,99,0.0,True
21,-0.03627088719224421,False,,-0.03627088719224421,False,99,0.0,True
22,-0.03728817228600852,False,,-0.03728817228600852,False,99,0.0,True
23,-0.034342093961256995,False,,-0.034342093961256995,False,99,0.0,True
24,-0.035614082852567924,False,,-0.035614082852567924,False,99,0.0,True
25,-0.03560920318066691,False,,-0.03560920318066691,False,99,0.0,True
26,-0.03575647178166641,False,,-0.03575647178166641,False,99,0.0,True
27,-0.03868329227914519,False,,-0.03868329227914519,False,99,0.0,True
28,-0.03517231856514587,False,,-0.03517231856514587,False,99,0.0,True
29,-0.03552445883867554,False,,-0.03552445883867554,False,99,0.0,True
30,-0.041955476572313494,False,,-0.041955476572313494,False,99,0.0,True
31,-0.043005538717722516,False,,-0.043005538717722516,False,99,0.0,True
32,-0.03674835723621184,False,,-0.03674835723621184,False,99,0.0,True
33,-0.03419429449740203,False,,-0.03419429449740203,False,99,0.0,True
34,-0.03421599569829172,False,,-0.03421599569829172,False,99,0.0,True
35,-0.040276027296967075,False,,-0.040276027296967075,False,99,0.0,True
36,-0.03604965319402904,False,,-0.03604965319402904,False,99,0.0,True
37,-0.03255443908593532,False,,-0.03255443908593532,False,99,0.0,True
38,-0.035511775100993556,False,,-0.035511775100993556,False,99,0.0,True
39,-0.04488018959714567,False,,-0.04488018959714567,False,99,0.0,True
40,-0.041610466204188276,False,,-0.041610466204188276,False,99,0.0,True
41,-0.03598790875715654,False,,-0.03598790875715654,False,99,0.0,True
42,-0.03840304686700358,False,,-0.03840304686700358,False,99,0.0,True
43,-0.03326832023306105,False,,-0.03326832023306105,False,99,0.0,True
44,-0.03798736328103017,False,,-0.03798736328103017,False,99,0.0,True
45,-0.03636668257424035,False,,-0.03636668257424035,False,99,0.0,True
46,-0.03512959517526837,False,,-0.03512959517526837,False,99,0.0,True
47,-0.037798543714298166,False,,-0.037798543714298166,False,99,0.0,True
48,-0.03873679358237138,False,,-0.03873679358237138,False,99,0.0,True
49,-0.03607403239024618,False,,-0.03607403239024618,False,99,0.0,True
50,-0.03914218395529974,False,,-0.03914218395529974,False,99,0.0,True
51,-0.03636414055334069,False,,-0.03636414055334069,False,99,0.0,True
52,-0.03718259615028475,False,,-0.03718259615028475,False,99,0.0,True
53,-0.037908685912366,False,,-0.037908685912366,False,99,0.0,True
54,-0.040684610060464435,False,,-0.040684610060464435,False,99,0.0,True
55,-0.03625939459378196,False,,-0.03625939459378196,False,99,0.0,True
56,-0.03567322517229166,False,,-0.03567322517229166,False,99,0.0,True
57,-0.03503510541838764,False,,-0.03503510541838764,False,99,0.0,True
58,-0.03512104595115935,False,,-0.03512104595115935,False,99,0.0,True
59,-0.036657731354054215,False,,-0.036657731354054215,False,99,0.0,True
60,-0.036373060390098445,False,,-0.036373060390098445,False,99,0.0,True
61,-0.03993131410010843,False,,-0.03993131410010843,False,99,0.0,True
62,-0.03637786147214778,False,,-0.03637786147214778,False,99,0.0,True
63,-0.03663812878433012,False,,-0.03663812878433012,False,99,0.0,True
0,-0.04295400354738404,True,,-0.04295400354738404,True,100,0.0,True
1,-0.04241741081609818,False,,-0.04241741081609818,False,100,0.0,True
2,-0.03912122304760823,False,,-0.03912122304760823,False,100,0.0,True
3,-0.0358990192267469,False,,-0.0358990192267469,False,100,0.0,True
4,-0.03783916488577229,False,,-0.03783916488577229,False,100,0.0,True
5,-0.03592383370332171,False,,-0.03592383370332171,False,100,0.0,True
6,-0.03737275160837351,False,,-0.03737275160837351,False,100,0.0,True
7,-0.036075307109826135,False,,-0.036075307109826135,False,100,0.0,True
8,-0.0381622144529645,False,,-0.0381622144529645,False,100,0.0,True
9,-0.03752496200757188,False,,-0.03752496200757188,False,100,0.0,True
10,-0.03688259853587034,False,,-0.03688259853587034,False,100,0.0,True
11,-0.03527106467861678,False,,-0.03527106467861678,False,100,0.0,True
12,-0.03868010057647403,False,,-0.03868010057647403,False,100,0.0,True
13,-0.0365282810649789,False,,-0.0365282810649789,False,100,0.0,True
14,-0.035156381393801374,False,,-0.035156381393801374,False,100,0.0,True
15,-0.033576974431743414,False,,-0.033576974431743414,False,100,0.0,True
16,-0.03725797295352515,False,,-0.03725797295352515,False,100,0.0,True
17,-0.03976559614614106,False,,-0.03976559614614106,False,100,0.0,True
18,-0.03570094744072651,False,,-0.03570094744072651,False,100,0.0,True
19,-0.03458476103518786,False,,-0.03458476103518786,False,100,0.0,True
20,-0.03518255018023565,False,,-0.03518255018023565,False,100,0.0,True
21,-0.03988746914635811,False,,-0.03988746914635811,False,100,0.0,True
22,-0.03825752845057043,False,,-0.03825752845057043,False,100,0.0,True
23,-0.03510388313044081,False,,-0.03510388313044081,False,100,0.0,True
24,-0.03591160866751699,False,,-0.03591160866751699,False,100,0.0,True
25,-0.035283762136014134,False,,-0.035283762136014134,False,100,0.0,True
26,-0.036220955204955926,False,,-0.036220955204955926,False,100,0.0,True
27,-0.03688917931118514,False,,-0.03688917931118514,False,100,0.0,True
28,-0.035534823423838,False,,-0.035534823423838,False,100,0.0,True
29,-0.03628940520841889,False,,-0.03628940520841889,False,100,0.0,True
30,-0.0378446453742991,False,,-0.0378446453742991,False,100,0.0,True
31,-0.03763249165201981,False,,-0.03763249165201981,False,100,0.0,True
32,-0.03889463027592183,False,,-0.03889463027592183,False,100,0.0,True
33,-0.03662317100453433,False,,-0.03662317100453433,False,100,0.0,True
34,-0.03747881796173998,False,,-0.03747881796173998,False,100,0.0,True
35,-0.03532803800797939,False,,-0.03532803800797939,False,100,0.0,True
36,-0.036632100778916,False,,-0.036632100778916,False,100,0.0,True
37,-0.035468374530534835,False,,-0.035468374530534835,False,100,0.0,True
38,-0.03505113397675666,False,,-0.03505113397675666,False,100,0.0,True
39,-0.037802241406589374,False,,-0.037802241406589374,False,100,0.0,True
40,-0.036273573848019325,False,,-0.036273573848019325,False,100,0.0,True
41,-0.03918315297975836,False,,-0.03918315297975836,False,100,0.0,True
42,-0.036644065749721434,False,,-0.036644065749721434,False,100,0.0,True
43,-0.03620536110389878,False,,-0.03620536110389878,False,100,0.0,True
44,-0.035332910671054304,False,,-0.035332910671054304,False,100,0.0,True
45,-0.03648205317284196,False,,-0.03648205317284196,False,100,0.0,True
46,-0.039436324194623396,False,,-0.039436324194623396,False,100,0.0,True
47,-0.03575366557296936,False,,-0.03575366557296936,False,100,0.0,True
48,-0.03574708722385689,False,,-0.03574708722385689,False,100,0.0,True
49,-0.03713502958413874,False,,-0.03713502958413874,False,100,0.0,True
50,-0.035265585051410364,False,,-0.035265585051410364,False,100,0.0,True
51,-0.0357819909665755,False,,-0.0357819909665755,False,100,0.0,True
52,-0.037129395391468034,False,,-0.037129395391468034,False,100,0.0,True
53,-0.034737151094846465,False,,-0.034737151094846465,False,100,0.0,True
54,-0.03614552962024151,False,,-0.03614552962024151,False,100,0.0,True
55,-0.035282574563996714,False,,-0.035282574563996714,False,100,0.0,True
56,-0.035656108903116934,False,,-0.035656108903116934,False,100,0.0,True
57,-0.035592634923407834,False,,-0.035592634923407834,False,100,0.0,True
58,-0.034935170106754204,False,,-0.034935170106754204,False,100,0.0,True
59,-0.03746050888236531,False,,-0.03746050888236531,False,100,0.0,True
60,-0.037285276282680586,False,,-0.037285276282680586,False,100,0.0,True
61,-0.03584166702432949,False,,-0.03584166702432949,False,100,0.0,True
62,-0.03622965973186133,False,,-0.03622965973186133,False,100,0.0,True
63,-0.03734512698878231,False,,-0.03734512698878231,False,100,0.0,True
0,-0.028732132437948303,True,,-0.028732132437948303,True,101,0.0,True
1,-0.029657500255798712,False,,-0.029657500255798712,False,101,0.0,True
2,-0.023101935862859142,False,,-0.023101935862859142,False,101,0.0,True
3,-0.023908068281396196,False,,-0.023908068281396196,False,101,0.0,True
4,-0.0218880115063695,False,,-0.0218880115063695,False,101,0.0,True
5,-0.02543496112237556,False,,-0.02543496112237556,False,101,0.0,True
6,-0.02449065605624245,False,,-0.02449065605624245,False,101,0.0,True
7,-0.022789031322697075,False,,-0.022789031322697075,False,101,0.0,True
8,-0.023097150064759278,False,,-0.023097150064759278,False,101,0.0,True
9,-0.0237596014070885,False,,-0.0237596014070885,False,101,0.0,True
10,-0.022256046684833605,False,,-0.022256046684833605,False,101,0.0,True
11,-0.027921886324751503,False,,-0.027921886324751503,False,101,0.0,True
12,-0.022011344683763884,False,,-0.022011344683763884,False,101,0.0,True
13,-0.0217940115578569,False,,-0.0217940115578569,False,101,0.0,True
14,-0.025935460849628375,False,,-0.025935460849628375,False,101,0.0,True
15,-0.024214464287654017,False,,-0.024214464287654017,False,101,0.0,True
16,-0.022147265959234573,False,,-0.022147265959234573,False,101,0.0,True
17,-0.022673405506907447,False,,-0.022673405506907447,False,101,0.0,True
18,-0.02546830010162333,False,,-0.02546830010162333,False,101,0.0,True
19,-0.021659657640318103,False,,-0.021659657640318103,False,101,0.0,True
20,-0.022101537103598072,False,,-0.022101537103598072,False,101,0.0,True
21,-0.023668376473565688,False,,-0.023668376473565688,False,101,0.0,True
22,-0.023901048630408782,False,,-0.023901048630408782,False,101,0.0,True
23,-0.023662102340313577,False,,-0.023662102340313577,False,101,0.0,True
24,-0.024032099030036988,False,,-0.024032099030036988,False,101,0.0,True
25,-0.023057688185477015,False,,-0.023057688185477015,False,101,0.0,True
26,-0.023080599005875627,False,,-0.023080599005875627,False,101,0.0,True
27,-0.026612428549865508,False,,-0.026612428549865508,False,101,0.0,True
28,-0.023933731374922558,False,,-0.023933731374922558,False,101,0.0,True
29,-0.02282745675159349,False,,-0.02282745675159349,False,101,0.0,True
30,-0.022194308270248337,False,,-0.022194308270248337,False,101,0.0,True
31,-0.026968371925803453,False,,-0.026968371925803453,False,101,0.0,True
32,-0.02517697750441163,False,,-0.02517697750441163,False,101,0.0,True
33,-0.025640634654758094,False,,-0.025640634654758094,False,101,0.0,True
34,-0.025016629546484287,False,,-0.025016629546484287,False,101,0.0,True
35,-0.02248180722327804,False,,-0.02248180722327804,False,101,0.0,True
36,-0.023874185757239097,False,,-0.023874185757239097,False,101,0.0,True
37,-0.021626752573097034,False,,-0.021626752573097034,False,101,0.0,True
38,-0.02276183099720098,False,,-0.02276183099720098,False,101,0.0,True
39,-0.02324410939498531,False,,-0.02324410939498531,False,101,0.0,True
40,-0.02298171365222809,False,,-0.02298171365222809,False,101,0.0,True
41,-0.022829395997957816,False,,-0.022829395997957816,False,101,0.0,True
42,-0.022137063079594448,False,,-0.022137063079594448,False,101,0.0,True
43,-0.02362775627199219,False,,-0.02362775627199219,False,101,0.0,True
44,-0.02367974769762119,False,,-0.02367974769762119,False,101,0.0,True
45,-0.02341449125048009,False,,-0.02341449125048009,False,101,0.0,True
46,-0.022390160137142415,False,,-0.022390160137142415,False,101,0.0,True
47,-0.02197051026191696,False,,-0.02197051026191696,False,101,0.0,True
48,-0.022251145200969935,False,,-0.022251145200969935,False,101,0.0,True
49,-0.02344868841910419,False,,-0.02344868841910419,False,101,0.0,True
50,-0.024132508790127655,False,,-0.024132508790127655,False,101,0.0,True
51,-0.02356774875801715,False,,-0.02356774875801715,False,101,0.0,True
52,-0.021175813606396348,False,,-0.021175813606396348,False,101,0.0,True
53,-0.022953610168645056,False,,-0.022953610168645056,False,101,0.0,True
54,-0.023068936045182106,False,,-0.023068936045182106,False,101,0.0,True
55,-0.023048271085169495,False,,-0.023048271085169495,False,101,0.0,True
56,-0.022300736982019842,False,,-0.022300736982019842,False,101,0.0,True
57,-0.021976395264203738,False,,-0.021976395264203738,False,101,0.0,True
58,-0.02535069802526116,False,,-0.02535069802526116,False,101,0.0,True
59,-0.023291261299109082,False,,-0.023291261299109082,False,101,0.0,True
60,-0.021938882096535564,False,,-0.021938882096535564,False,101,0.0,True
61,-0.02324130432296324,False,,-0.02324130432296324,False,101,0.0,True
62,-0.023355198341925922,False,,-0.023355198341925922,False,101,0.0,True
63,-0.021789641611002386,False,,-0.021789641611002386,False,101,0.0,True
0,-0.008865188646690616,True,,-0.008865188646690616,True,102,0.0,True
1,-0.010852756030536054,False,,-0.010852756030536054,False,102,0.0,True
2,-0.005650383973066012,False,,-0.005650383973066012,False,102,0.0,True
3,-0.0042108706719680734,False,,-0.0042108706719680734,False,102,0.0,True
4,-0.004974055044481601,False,,-0.004974055044481601,False,102,0.0,True
5,-0.002704695053342198,False,,-0.002704695053342198,False,102,0.0,True
6,-0.004685974261200345,False,,-0.004685974261200345,False,102,0.0,True
7,-0.005299204291633988,False,,-0.005299204291633988,False,102,0.0,True
8,-0.005158342217486857,False,,-0.005158342217486857,False,102,0.0,True
9,-0.007107989548617483,False,,-0.007107989548617483,False,102,0.0,True
10,-0.006499965622917076,False,,-0.006499965622917076,False,102,0.0,True
11,-0.008040133090044914,False,,-0.008040133090044914,False,102,0.0,True
12,-0.0076171133785223905,False,,-0.0076171133785223905,False,102,0.0,True
13,-0.007523126090557545,False,,-0.007523126090557545,False,102,0.0,True
14,-0.009115123341233784,False,,-0.009115123341233784,False,102,0.0,True
15,-0.0042728775819916975,False,,-0.0042728775819916975,False,102,0.0,True
16,-0.006451045931298783,False,,-0.006451045931298783,False,102,0.0,True
17,-0.004025774641969151,False,,-0.004025774641969151,False,102,0.0,True
18,-0.004470375371570932,False,,-0.004470375371570932,False,102,0.0,True
19,-0.0016965052335474664,False,,-0.0016965052335474664,False,102,0.0,True
20,-0.006218502341084838,False,,-0.006218502341084838,False,102,0.0,True
21,-0.004928999918826262,False,,-0.004928999918826262,False,102,0.0,True
22,-0.004178139906826748,False,,-0.004178139906826748,False,102,0.0,True
23,-0.004785548912554583,False,,-0.004785548912554583,False,102,0.0,True
24,-0.0030118661781608994,False,,-0.0030118661781608994,False,102,0.0,True
25,-0.006822630413053102,False,,-0.006822630413053102,False,102,0.0,True
26,-0.005349247867607851,False,,-0.005349247867607851,False,102,0.0,True
27,-0.0037503700117577574,False,,-0.0037503700117577574,False,102,0.0,True
28,-0.004729651357876846,False,,-0.004729651357876846,False,102,0.0,True
29,-0.006404272878301411,False,,-0.006404272878301411,False,102,0.0,True
30,-0.0035414346772478563,False,,-0.0035414346772478563,False,102,0.0,True
31,-0.006936921794935111,False,,-0.006936921794935111,False,102,0.0,True
32,-0.0053342876041185434,False,,-0.0053342876041185434,False,102,0.0,True
33,-0.005863819444824187,False,,-0.005863819444824187,False,102,0.0,True
34,-0.0046819231609267825,False,,-0.0046819231609267825,False,102,0.0,True
35,-0.004172613220397704,False,,-0.004172613220397704,False,102,0.0,True
36,-0.005735509444379613,False,,-0.005735509444379613,False,102,0.0,True
37,-0.0034916458726214654,False,,-0.0034916458726214654,False,102,0.0,True
38,-0.003229518217162638,False,,-0.003229518217162638,False,102,0.0,True
39,-0.005342558053218817,False,,-0.005342558053218817,False,102,0.0,True
40,-0.00393753881666944,False,,-0.00393753881666944,False,102,0.0,True
41,-0.004005927306208077,False,,-0.004005927306208077,False,102,0.0,True
42,-0.0053994975110975936,False,,-0.0053994975110975936,False,102,0.0,True
43,-0.004757778874300483,False,,-0.004757778874300483,False,102,0.0,True
44,-0.005720667975763353,False,,-0.005720667975763353,False,102,0.0,True
45,-0.005556035610096415,False,,-0.005556035610096415,False,102,0.0,True
46,-0.002873701036819694,False,,-0.002873701036819694,False,102,0.0,True
47,-0.004196871024831777,False,,-0.004196871024831777,False,102,0.0,True
48,-0.005615659958696785,False,,-0.005615659958696785,False,102,0.0,True
49,-0.007977743656134136,False,,-0.007977743656134136,False,102,0.0,True
50,-0.00550601151570701,False,,-0.00550601151570701,False,102,0.0,True
51,-0.003064045531636544,False,,-0.003064045531636544,False,102,0.0,True
52,-0.0026675300327425495,False,,-0.0026675300327425495,False,102,0.0,True
53,-0.0050534479607101165,False,,-0.0050534479607101165,False,102,0.0,True
54,-0.0033141592095477256,False,,-0.0033141592095477256,False,102,0.0,True
55,-0.0028314169646696265,False,,-0.0028314169646696265,False,102,0.0,True
56,-0.004166868572177513,False,,-0.004166868572177513,False,102,0.0,True
57,-0.007601888247487549,False,,-0.007601888247487549,False,102,0.0,True
58,-0.0025139857677777336,False,,-0.0025139857677777336,False,102,0.0,True
59,-0.0045133494310164056,False,,-0.0045133494310164056,False,102,0.0,True
60,-0.004784562283589725,False,,-0.004784562283589725,False,102,0.0,True
61,-0.005183476927435331,False,,-0.005183476927435331,False,102,0.0,True
62,-0.00827926036679112,False,,-0.00827926036679112,False,102,0.0,True
63,-0.003525486386670129,False,,-0.003525486386670129,False,102,0.0,True
0,-0.019550486784093324,True,,-0.019550486784093324,True,103,0.0,True
1,-0.01963956257236131,False,,-0.01963956257236131,False,103,0.0,True
2,-0.015331199199429105,False,,-0.015331199199429105,False,103,0.0,True
3,-0.01695159801666163,False,,-0.01695159801666163,False,103,0.0,True
4,-0.018117379778764493,False,,-0.018117379778764493,False,103,0.0,True
5,-0.016338304667278404,False,,-0.016338304667278404,False,103,0.0,True
6,-0.017950925015908947,False,,-0.017950925015908947,False,103,0.0,True
7,-0.017183552043812902,False,,-0.017183552043812902,False,103,0.0,True
8,-0.016341229485683763,False,,-0.016341229485683763,False,103,0.0,True
9,-0.017375497388901685,False,,-0.017375497388901685,False,103,0.0,True
10,-0.017917348629094467,False,,-0.017917348629094467,False,103,0.0,True
11,-0.01785405138519163,False,,-0.01785405138519163,False,103,0.0,True
12,-0.016983559352313007,False,,-0.016983559352313007,False,103,0.0,True
13,-0.017187947725251118,False,,-0.017187947725251118,False,103,0.0,True
14,-0.0159614756425373,False,,-0.0159614756425373,False,103,0.0,True
15,-0.01576335378426802,False,,-0.01576335378426802,False,103,0.0,True
16,-0.01598570713182821,False,,-0.01598570713182821,False,103,0.0,True
17,-0.017403950486844198,False,,-0.017403950486844198,False,103,0.0,True
18,-0.0179006623057828,False,,-0.0179006623057828,False,103,0.0,True
19,-0.01656120216252618,False,,-0.01656120216252618,False,103,0.0,True
20,-0.01764732566581647,False,,-0.01764732566581647,False,103,0.0,True
21,-0.01885597150899383,False,,-0.01885597150899383,False,103,0.0,True
22,-0.021247986631799363,False,,-0.021247986631799363,False,103,0.0,True
23,-0.019306315822126278,False,,-0.019306315822126278,False,103,0.0,True
24,-0.01746792466626383,False,,-0.01746792466626383,False,103,0.0,True
25,-0.016946801894474173,False,,-0.016946801894474173,False,103,0.0,True
26,-0.01669610023267985,False,,-0.01669610023267985,False,103,0.0,True
27,-0.017155659560636874,False,,-0.017155659560636874,False,103,0.0,True
28,-0.015484910984163177,False,,-0.015484910984163177,False,103,0.0,True
29,-0.016436460840527103,False,,-0.016436460840527103,False,103,0.0,True
30,-0.01598721408995333,False,,-0.01598721408995333,False,103,0.0,True
31,-0.01669990555773027,False,,-0.01669990555773027,False,103,0.0,True
32,-0.020723482350528497,False,,-0.020723482350528497,False,103,0.0,True
33,-0.017956291251480593,False,,-0.017956291251480593,False,103,0.0,True
34,-0.015978672454302012,False,,-0.015978672454302012,False,103,0.0,True
35,-0.01691092875204278,False,,-0.01691092875204278,False,103,0.0,True
36,-0.018259996143009424,False,,-0.018259996143009424,False,103,0.0,True
37,-0.017168019775573102,False,,-0.017168019775573102,False,103,0.0,True
38,-0.016162335782218543,False,,-0.016162335782218543,False,103,0.0,True
39,-0.019358348330700874,False,,-0.019358348330700874,False,103,0.0,True
40,-0.016753198128469163,False,,-0.016753198128469163,False,103,0.0,True
41,-0.015084366834608023,False,,-0.015084366834608023,False,103,0.0,True
42,-0.01476571416971674,False,,-0.01476571416971674,False,103,0.0,True
43,-0.018485220850353073,False,,-0.018485220850353073,False,103,0.0,True
44,-0.01829433506145042,False,,-0.01829433506145042,False,103,0.0,True
45,-0.016755404966238046,False,,-0.016755404966238046,False,103,0.0,True
46,-0.017714964045857977,False,,-0.017714964045857977,False,103,0.0,True
47,-0.01898520685715644,False,,-0.01898520685715644,False,103,0.0,True
48,-0.015609551919159399,False,,-0.015609551919159399,False,103,0.0,True
49,-0.018326356911474346,False,,-0.018326356911474346,False,103,0.0,True
50,-0.017253344254411718,False,,-0.017253344254411718,False,103,0.0,True
51,-0.01587576140372682,False,,-0.01587576140372682,False,103,0.0,True
52,-0.017256069099698956,False,,-0.017256069099698956,False,103,0.0,True
53,-0.01714450886046755,False,,-0.01714450886046755,False,103,0.0,True
54,-0.02107896333423498,False,,-0.02107896333423498,False,103,0.0,True
55,-0.017122091838731025,False,,-0.017122091838731025,False,103,0.0,True
56,-0.020821368700914306,False,,-0.020821368700914306,False,103,0.0,True
57,-0.01661877346673749,False,,-0.01661877346673749,False,103,0.0,True
58,-0.018567188327712945,False,,-0.018567188327712945,False,103,0.0,True
59,-0.01553723360803166,False,,-0.01553723360803166,False,103,0.0,True
60,-0.016289654105230172,False,,-0.016289654105230172,False,103,0.0,True
61,-0.017077455486079827,False,,-0.017077455486079827,False,103,0.0,True
62,-0.017999695428751447,False,,-0.017999695428751447,False,103,0.0,True
63,-0.0164795524205202,False,,-0.0164795524205202,False,103,0.0,True
0,-0.030806222217627313,True,,-0.030806222217627313,True,104,0.0,True
1,-0.02911623454412105,False,,-0.02911623454412105,False,104,0.0,True
2,-0.02346253672190184,False,,-0.02346253672190184,False,104,0.0,True
3,-0.025064317167177802,False,,-0.025064317167177802,False,104,0.0,True
4,-0.024598844618162634,False,,-0.024598844618162634,False,104,0.0,True
5,-0.023534371750042832,False,,-0.023534371750042832,False,104,0.0,True
6,-0.024421119494706225,False,,-0.024421119494706225,False,104,0.0,True
7,-0.024837756682468626,False,,-0.024837756682468626,False,104,0.0,True
8,-0.02278793479392377,False,,-0.02278793479392377,False,104,0.0,True
9,-0.025460312701888015,False,,-0.025460312701888015,False,104,0.0,True
10,-0.023078693497625667,False,,-0.023078693497625667,False,104,0.0,True
11,-0.02795276400546543,False,,-0.02795276400546543,False,104,0.0,True
12,-0.025967007929905517,False,,-0.025967007929905517,False,104,0.0,True
13,-0.02481003948662496,False,,-0.02481003948662496,False,104,0.0,True
14,-0.026624178057453075,False,,-0.026624178057453075,False,104,0.0,True
15,-0.023131674163936383,False,,-0.023131674163936383,False,104,0.0,True
16,-0.023866162429322803,False,,-0.023866162429322803,False,104,0.0,True
17,-0.02553980340735739,False,,-0.02553980340735739,False,104,0.0,True
18,-0.023474929056304383,False,,-0.023474929056304383,False,104,0.0,True
19,-0.022719546230043422,False,,-0.022719546230043422,False,104,0.0,True
20,-0.03247901124295261,False,,-0.03247901124295261,False,104,0.0,True
21,-0.028836777856502727,False,,-0.028836777856502727,False,104,0.0,True
22,-0.02609571418054446,False,,-0.02609571418054446,False,104,0.0,True
23,-0.02282072421407058,False,,-0.02282072421407058,False,104,0.0,True
24,-0.023350167553188445,False,,-0.023350167553188445,False,104,0.0,True
25,-0.02232754134853432,False,,-0.02232754134853432,False,104,0.0,True
26,-0.023908078667660697,False,,-0.023908078667660697,False,104,0.0,True
27,-0.026060687311189608,False,,-0.026060687311189608,False,104,0.0,True
28,-0.024481996690562495,False,,-0.024481996690562495,False,104,0.0,True
29,-0.021684202199686656,False,,-0.021684202199686656,False,104,0.0,True
30,-0.02477970152439045,False,,-0.02477970152439045,False,104,0.0,True
31,-0.025539125086582428,False,,-0.025539125086582428,False,104,0.0,True
32,-0.026798931041134767,False,,-0.026798931041134767,False,104,0.0,True
33,-0.025535129892006923,False,,-0.025535129892006923,False,104,0.0,True
34,-0.024262478650904976,False,,-0.024262478650904976,False,104,0.0,True
35,-0.027645301224053342,False,,-0.027645301224053342,False,104,0.0,True
36,-0.024795760548988417,False,,-0.024795760548988417,False,104,0.0,True
37,-0.028011048186286733,False,,-0.028011048186286733,False,104,0.0,True
38,-0.024050806917679635,False,,-0.024050806917679635,False,104,0.0,True
39,-0.024570037745882695,False,,-0.024570037745882695,False,104,0.0,True
40,-0.021688610030239572,False,,-0.021688610030239572,False,104,0.0,True
41,-0.02738857408276154,False,,-0.02738857408276154,False,104,0.0,True
42,-0.025166082109092804,False,,-0.025166082109092804,False,104,0.0,True
43,-0.03196460777976585,False,,-0.03196460777976585,False,104,0.0,True
44,-0.024899973243337578,False,,-0.024899973243337578,False,104,0.0,True
45,-0.024915715472991123,False,,-0.024915715472991123,False,104,0.0,True
46,-0.02485718099273499,False,,-0.02485718099273499,False,104,0.0,True
47,-0.023900734350592968,False,,-0.023900734350592968,False,104,0.0,True
48,-0.024787233639036593,False,,-0.024787233639036593,False,104,0.0,True
49,-0.0297319856474971,False,,-0.0297319856474971,False,104,0.0,True
50,-0.021316229262048493,False,,-0.021316229262048493,False,104,0.0,True
51,-0.02339979755807142,False,,-0.02339979755807142,False,104,0.0,True
52,-0.024690415166054483,False,,-0.024690415166054483,False,104,0.0,True
53,-0.023616995767007577,False,,-0.023616995767007577,False,104,0.0,True
54,-0.02422934081553272,False,,-0.02422934081553272,False,104,0.0,True
55,-0.022046638576772866,False,,-0.022046638576772866,False,104,0.0,True
56,-0.024445697414913776,False,,-0.024445697414913776,False,104,0.0,True
57,-0.022566384885224108,False,,-0.022566384885224108,False,104,0.0,True
58,-0.02303111751783144,False,,-0.02303111751783144,False,104,0.0,True
59,-0.0231292797205784,False,,-0.0231292797205784,False,104,0.0,True
60,-0.023705302926133532,False,,-0.023705302926133532,False,104,0.0,True
61,-0.02359082264742448,False,,-0.02359082264742448,False,104,0.0,True
62,-0.026422986398300315,False,,-0.026422986398300315,False,104,0.0,True
63,-0.025018042115228078,False,,-0.025018042115228078,False,104,0.0,True
0,-0.012169292316647111,True,,-0.012169292316647111,True,105,0.0,True
1,-0.012430488240117547,False,,-0.012430488240117547,False,105,0.0,True
2,-0.010131279594141661,False,,-0.010131279594141661,False,105,0.0,True
3,-0.002295027718053148,False,,-0.002295027718053148,False,105,0.0,True
4,-0.000871388598326024,False,,-0.000871388598326024,False,105,0.0,True
5,0.0007448200809243998,False,,0.0007448200809243998,False,105,0.0,True
6,-0.0027487880288876386,False,,-0.0027487880288876386,False,105,0.0,True
7,0.004463192978931009,False,,0.004463192978931009,False,105,0.0,True
8,-0.0029089840019202676,False,,-0.0029089840019202676,False,105,0.0,True
9,-0.005977821290726272,False,,-0.005977821290726272,False,105,0.0,True
10,-0.00465337620618214,False,,-0.00465337620618214,False,105,0.0,True
11,-0.003251944385722233,False,,-0.003251944385722233,False,105,0.0,True
12,-0.001440678604885155,False,,-0.001440678604885155,False,105,0.0,True
13,-0.004322863815956637,False,,-0.004322863815956637,False,105,0.0,True
14,-0.006181598870762294,False,,-0.006181598870762294,False,105,0.0,True
15,-0.015026461008073987,False,,-0.015026461008073987,False,105,0.0,True
16,-0.005169115946156573,False,,-0.005169115946156573,False,105,0.0,True
17,0.0011004817504258239,False,,0.0011004817504258239,False,105,0.0,True
18,0.00042332328718684004,False,,0.00042332328718684004,False,105,0.0,True
19,-0.0026808495314376212,False,,-0.0026808495314376212,False,105,0.0,True
20,-0.0011026554178731685,False,,-0.0011026554178731685,False,105,0.0,True
21,0.00047065416605739964,False,,0.00047065416605739964,False,105,0.0,True
22,-0.0063893011176437,False,,-0.0063893011176437,False,105,0.0,True
23,0.0038520941893355554,False,,0.0038520941893355554,False,105,0.0,True
24,-0.0017561005728294284,False,,-0.0017561005728294284,False,105,0.0,True
25,0.0014967451111801487,False,,0.0014967451111801487,False,105,0.0,True
26,-0.0002713011152587247,False,,-0.0002713011152587247,False,105,0.0,True
27,-0.0025742450125823694,False,,-0.0025742450125823694,False,105,0.0,True
28,-0.004848941584683629,False,,-0.004848941584683629,False,105,0.0,True
29,9.764837732966977e-06,False,,9.764837732966977e-06,False,105,0.0,True
30,-0.0018728575862000177,False,,-0.0018728575862000177,False,105,0.0,True
31,-0.005574744350642505,False,,-0.005574744350642505,False,105,0.0,True
32,-0.0011557776446932738,False,,-0.0011557776446932738,False,105,0.0,True
33,6.752314808298023e-05,False,,6.752314808298023e-05,False,105,0.0,True
34,0.0018348717550932324,False,,0.0018348717550932324,False,105,0.0,True
35,0.00203365479984627,False,,0.00203365479984627,False,105,0.0,True
36,-0.0002776606525264295,False,,-0.0002776606525264295,False,105,0.0,True
37,0.00037190482225640115,False,,0.00037190482225640115,False,105,0.0,True
38,-0.0012340407025045958,False,,-0.0012340407025045958,False,105,0.0,True
39,-0.0014245936735004573,False,,-0.0014245936735004573,False,105,0.0,True
40,-0.0050946669270658385,False,,-0.0050946669270658385,False,105,0.0,True
41,-0.0022482174438519056,False,,-0.0022482174438519056,False,105,0.0,True
42,-0.006580706007365713,False,,-0.006580706007365713,False,105,0.0,True
43,-0.001445999351586479,False,,-0.001445999351586479,False,105,0.0,True
44,-0.002998007761145868,False,,-0.002998007761145868,False,105,0.0,True
45,0.0022751555436684176,False,,0.0022751555436684176,False,105,0.0,True
46,0.0008306679852377076,False,,0.0008306679852377076,False,105,0.0,True
47,-0.004718209147853553,False,,-0.004718209147853553,False,105,0.0,True
48,-0.0046423372279915266,False,,-0.0046423372279915266,False,105,0.0,True
49,-3.0901441197602603e-06,False,,-3.0901441197602603e-06,False,105,0.0,True
50,-0.0032256380012467864,False,,-0.0032256380012467864,False,105,0.0,True
51,-0.009246605470269982,False,,-0.009246605470269982,False,105,0.0,True
52,-0.0012482005917769851,False,,-0.0012482005917769851,False,105,0.0,True
53,-0.004802689377479833,False,,-0.004802689377479833,False,105,0.0,True
54,-0.003687931985844226,False,,-0.003687931985844226,False,105,0.0,True
55,-0.0018274508797217568,False,,-0.0018274508797217568,False,105,0.0,True
56,-0.007309064109566144,False,,-0.007309064109566144,False,105,0.0,True
57,-0.005092343808327635,False,,-0.005092343808327635,False,105,0.0,True
58,-0.0039885806576641335,False,,-0.0039885806576641335,False,105,0.0,True
59,-0.0052406945649531925,False,,-0.0052406945649531925,False,105,0.0,True
60,-0.007586798026994309,False,,-0.007586798026994309,False,105,0.0,True
61,0.001670055974079412,False,,0.001670055974079412,False,105,0.0,True
62,-0.0004321751677689011,False,,-0.0004321751677689011,False,105,0.0,True
63,-0.0031821592304433505,False,,-0.0031821592304433505,False,105,0.0,True
0,-0.0512113019606793,True,,-0.0512113019606793,True,106,0.0,True
1,-0.045964054380684446,False,,-0.045964054380684446,False,106,0.0,True
2,-0.034854644088764486,False,,-0.034854644088764486,False,106,0.0,True
3,-0.03399964297650973,False,,-0.03399964297650973,False,106,0.0,True
4,-0.03475895642387427,False,,-0.03475895642387427,False,106,0.0,True
5,-0.030669736989154303,False,,-0.030669736989154303,False,106,0.0,True
6,-0.026679434485922946,False,,-0.026679434485922946,False,106,0.0,True
7,-0.02712076094541556,False,,-0.02712076094541556,False,106,0.0,True
8,-0.0304160809041939,False,,-0.0304160809041939,False,106,0.0,True
9,-0.03166850717387058,False,,-0.03166850717387058,False,106,0.0,True
10,-0.03807678227603061,False,,-0.03807678227603061,False,106,0.0,True
11,-0.03419454469451165,False,,-0.03419454469451165,False,106,0.0,True
12,-0.03050554592571541,False,,-0.03050554592571541,False,106,0.0,True
13,-0.033290214514468106,False,,-0.033290214514468106,False,106,0.0,True
14,-0.023309960604677715,False,,-0.023309960604677715,False,106,0.0,True
15,-0.02717863832146708,False,,-0.02717863832146708,False,106,0.0,True
16,-0.03271010346814834,False,,-0.03271010346814834,False,106,0.0,True
17,-0.032546995004077955,False,,-0.032546995004077955,False,106,0.0,True
18,-0.035571932403655894,False,,-0.035571932403655894,False,106,0.0,True
19,-0.03377978581507467,False,,-0.03377978581507467,False,106,0.0,True
20,-0.03046751254925828,False,,-0.03046751254925828,False,106,0.0,True
21,-0.033779963293866525,False,,-0.033779963293866525,False,106,0.0,True
22,-0.043081122340199715,False,,-0.043081122340199715,False,106,0.0,True
23,-0.030989616714682526,False,,-0.030989616714682526,False,106,0.0,True
24,-0.03138222598790098,False,,-0.03138222598790098,False,106,0.0,True
25,-0.032065560859919705,False,,-0.032065560859919705,False,106,0.0,True
26,-0.029478922912427274,False,,-0.029478922912427274,False,106,0.0,True
27,-0.03156332103417533,False,,-0.03156332103417533,False,106,0.0,True
28,-0.03250161223793428,False,,-0.03250161223793428,False,106,0.0,True
29,-0.03845547748371899,False,,-0.03845547748371899,False,106,0.0,True
30,-0.03678079126664837,False,,-0.03678079126664837,False,106,0.0,True
31,-0.034836577187885895,False,,-0.034836577187885895,False,106,0.0,True
32,-0.03292852952584792,False,,-0.03292852952584792,False,106,0.0,True
33,-0.03629196612824237,False,,-0.03629196612824237,False,106,0.0,True
34,-0.025937472378075303,False,,-0.025937472378075303,False,106,0.0,True
35,-0.03108961541311505,False,,-0.03108961541311505,False,106,0.0,True
36,-0.029228565128361396,False,,-0.029228565128361396,False,106,0.0,True
37,-0.03355950144344229,False,,-0.03355950144344229,False,106,0.0,True
38,-0.0320131492672935,False,,-0.0320131492672935,False,106,0.0,True
39,-0.036886967013423616,False,,-0.036886967013423616,False,106,0.0,True
40,-0.03524615006528205,False,,-0.03524615006528205,False,106,0.0,True
41,-0.03306304487545554,False,,-0.03306304487545554,False,106,0.0,True
42,-0.028938486219951452,False,,-0.028938486219951452,False,106,0.0,True
43,-0.024748338469874225,False,,-0.024748338469874225,False,106,0.0,True
44,-0.02851814744069528,False,,-0.02851814744069528,False,106,0.0,True
45,-0.02871391192733183,False,,-0.02871391192733183,False,106,0.0,True
46,-0.03047369038978445,False,,-0.03047369038978445,False,106,0.0,True
47,-0.03505267876846181,False,,-0.03505267876846181,False,106,0.0,True
48,-0.03368478916343204,False,,-0.03368478916343204,False,106,0.0,True
49,-0.030725706252566626,False,,-0.030725706252566626,False,106,0.0,True
50,-0.03075143813036229,False,,-0.03075143813036229,False,106,0.0,True
51,-0.028715721374662915,False,,-0.028715721374662915,False,106,0.0,True
52,-0.03488090284803438,False,,-0.03488090284803438,False,106,0.0,True
53,-0.032966866845208435,False,,-0.032966866845208435,False,106,0.0,True
54,-0.028921536578896782,False,,-0.028921536578896782,False,106,0.0,True
55,-0.034488079150109784,False,,-0.034488079150109784,False,106,0.0,True
56,-0.02843053651409044,False,,-0.02843053651409044,False,106,0.0,True
57,-0.03005721081687807,False,,-0.03005721081687807,False,106,0.0,True
58,-0.03492138690917559,False,,-0.03492138690917559,False,106,0.0,True
59,-0.02728804267356989,False,,-0.02728804267356989,False,106,0.0,True
60,-0.034252339557630726,False,,-0.034252339557630726,False,106,0.0,True
61,-0.028770698604723567,False,,-0.028770698604723567,False,106,0.0,True
62,-0.03046942613779665,False,,-0.03046942613779665,False,106,0.0,True
63,-0.030452838865563374,False,,-0.030452838865563374,False,106,0.0,True
0,-0.06637588168199202,True,,-0.06637588168199202,True,107,0.0,True
1,-0.06618350812028931,False,,-0.06618350812028931,False,107,0.0,True
2,-0.04596683844801261,False,,-0.04596683844801261,False,107,0.0,True
3,-0.03474746370421847,False,,-0.03474746370421847,False,107,0.0,True
4,-0.03770935224740979,False,,-0.03770935224740979,False,107,0.0,True
5,-0.043870930569320586,False,,-0.043870930569320586,False,107,0.0,True
6,-0.04977138740481184,False,,-0.04977138740481184,False,107,0.0,True
7,-0.046145697582688994,False,,-0.046145697582688994,False,107,0.0,True
8,-0.042035942911438445,False,,-0.042035942911438445,False,107,0.0,True
9,-0.05022837487178252,False,,-0.05022837487178252,False,107,0.0,True
10,-0.045252830792619506,False,,-0.045252830792619506,False,107,0.0,True
11,-0.046525745702569475,False,,-0.046525745702569475,False,107,0.0,True
12,-0.05264597486302046,False,,-0.05264597486302046,False,107,0.0,True
13,-0.041188063590785515,False,,-0.041188063590785515,False,107,0.0,True
14,-0.043613637448042,False,,-0.043613637448042,False,107,0.0,True
15,-0.04816471881719646,False,,-0.04816471881719646,False,107,0.0,True
16,-0.05585667369230072,False,,-0.05585667369230072,False,107,0.0,True
17,-0.049964684717900984,False,,-0.049964684717900984,False,107,0.0,True
18,-0.05759631046875867,False,,-0.05759631046875867,False,107,0.0,True
19,-0.05196169869775355,False,,-0.05196169869775355,False,107,0.0,True
20,-0.04983475323683576,False,,-0.04983475323683576,False,107,0.0,True
21,-0.046847104084301844,False,,-0.046847104084301844,False,107,0.0,True
22,-0.04318393696591611,False,,-0.04318393696591611,False,107,0.0,True
23,-0.04904677485049001,False,,-0.04904677485049001,False,107,0.0,True
24,-0.047912950853561745,False,,-0.047912950853561745,False,107,0.0,True
25,-0.04334090559963269,False,,-0.04334090559963269,False,107,0.0,True
26,-0.045865369611224574,False,,-0.045865369611224574,False,107,0.0,True
27,-0.05573701937315379,False,,-0.05573701937315379,False,107,0.0,True
28,-0.041402623896270654,False,,-0.041402623896270654,False,107,0.0,True
29,-0.04511318477315608,False,,-0.04511318477315608,False,107,0.0,True
30,-0.05194875642018233,False,,-0.05194875642018233,False,107,0.0,True
31,-0.04681325493146146,False,,-0.04681325493146146,False,107,0.0,True
32,-0.056112020632488234,False,,-0.056112020632488234,False,107,0.0,True
33,-0.04329057660438477,False,,-0.04329057660438477,False,107,0.0,True
34,-0.0449264992280638,False,,-0.0449264992280638,False,107,0.0,True
35,-0.046585532746180255,False,,-0.046585532746180255,False,107,0.0,True
36,-0.05560875688970211,False,,-0.05560875688970211,False,107,0.0,True
37,-0.04154052342228154,False,,-0.04154052342228154,False,107,0.0,True
38,-0.040650266086165045,False,,-0.040650266086165045,False,107,0.0,True
39,-0.05126394305844835,False,,-0.05126394305844835,False,107,0.0,True
40,-0.05968841532705274,False,,-0.05968841532705274,False,107,0.0,True
41,-0.04260309360464787,False,,-0.04260309360464787,False,107,0.0,True
42,-0.05143184218394406,False,,-0.05143184218394406,False,107,0.0,True
43,-0.04257488369963351,False,,-0.04257488369963351,False,107,0.0,True
44,-0.043270811268871195,False,,-0.043270811268871195,False,107,0.0,True
45,-0.05057473379570184,False,,-0.05057473379570184,False,107,0.0,True
46,-0.05167396323582284,False,,-0.05167396323582284,False,107,0.0,True
47,-0.04658895664170393,False,,-0.04658895664170393,False,107,0.0,True
48,-0.05179202583199272,False,,-0.05179202583199272,False,107,0.0,True
49,-0.05072345568948171,False,,-0.05072345568948171,False,107,0.0,True
50,-0.048773528620004426,False,,-0.048773528620004426,False,107,0.0,True
51,-0.04357424636980733,False,,-0.04357424636980733,False,107,0.0,True
52,-0.044031063894283094,False,,-0.044031063894283094,False,107,0.0,True
53,-0.05133198640615051,False,,-0.05133198640615051,False,107,0.0,True
54,-0.050169439012022074,False,,-0.050169439012022074,False,107,0.0,True
55,-0.04963193410025479,False,,-0.04963193410025479,False,107,0.0,True
56,-0.04518819116908725,False,,-0.04518819116908725,False,107,0.0,True
57,-0.05941977110028966,False,,-0.05941977110028966,False,107,0.0,True
58,-0.045353149469859674,False,,-0.045353149469859674,False,107,0.0,True
59,-0.07285047837752398,False,,-0.07285047837752398,False,107,0.0,True
60,-0.045100465562249836,False,,-0.045100465562249836,False,107,0.0,True
61,-0.04402335560719356,False,,-0.04402335560719356,False,107,0.0,True
62,-0.05238474392775,False,,-0.05238474392775,False,107,0.0,True
63,-0.05975764000464277,False,,-0.05975764000464277,False,107,0.0,True
0,-0.05919908839421893,True,,-0.05919908839421893,True,108,0.0,True
1,-0.06122352208268526,False,,-0.06122352208268526,False,108,0.0,True
2,-0.02982860203720271,False,,-0.02982860203720271,False,108,0.0,True
3,-0.029191693985335478,False,,-0.029191693985335478,False,108,0.0,True
4,-0.029123745212573493,False,,-0.029123745212573493,False,108,0.0,True
5,-0.03841768050580989,False,,-0.03841768050580989,False,108,0.0,True
6,-0.023666837550803156,False,,-0.023666837550803156,False,108,0.0,True
7,-0.03558328677828113,False,,-0.03558328677828113,False,108,0.0,True
8,-0.030329327309761733,False,,-0.030329327309761733,False,108,0.0,True
9,-0.030171769719594645,False,,-0.030171769719594645,False,108,0.0,True
10,-0.03157734979990721,False,,-0.03157734979990721,False,108,0.0,True
11,-0.034090784744816034,False,,-0.034090784744816034,False,108,0.0,True
12,-0.024199906529680598,False,,-0.024199906529680598,False,108,0.0,True
13,-0.02377058977079237,False,,-0.02377058977079237,False,108,0.0,True
14,-0.03224461628828568,False,,-0.03224461628828568,False,108,0.0,True
15,-0.035230298277211164,False,,-0.035230298277211164,False,108,0.0,True
16,-0.029783496376178116,False,,-0.029783496376178116,False,108,0.0,True
17,-0.030015953589749268,False,,-0.030015953589749268,False,108,0.0,True
18,-0.03080434899226492,False,,-0.03080434899226492,False,108,0.0,True
19,-0.02142260615621604,False,,-0.02142260615621604,False,108,0.0,True
20,-0.04225785785590691,False,,-0.04225785785590691,False,108,0.0,True
21,-0.03030707439299716,False,,-0.03030707439299716,False,108,0.0,True
22,-0.02655005594143413,False,,-0.02655005594143413,False,108,0.0,True
23,-0.028019632088528586,False,,-0.028019632088528586,False,108,0.0,True
24,-0.026118516715926816,False,,-0.026118516715926816,False,108,0.0,True
25,-0.02130673615243509,False,,-0.02130673615243509,False,108,0.0,True
26,-0.025110012870726638,False,,-0.025110012870726638,False,108,0.0,True
27,-0.03030827618537419,False,,-0.03030827618537419,False,108,0.0,True
28,-0.03033002654340329,False,,-0.03033002654340329,False,108,0.0,True
29,-0.032490834393757204,False,,-0.032490834393757204,False,108,0.0,True
30,-0.030940486416089465,False,,-0.030940486416089465,False,108,0.0,True
31,-0.023570612267729683,False,,-0.023570612267729683,False,108,0.0,True
32,-0.03453968115571364,False,,-0.03453968115571364,False,108,0.0,True
33,-0.030891405729243895,False,,-0.030891405729243895,False,108,0.0,True
34,-0.03015480410656159,False,,-0.03015480410656159,False,108,0.0,True
35,-0.0328125542978059,False,,-0.0328125542978059,False,108,0.0,True
36,-0.030994115345496315,False,,-0.030994115345496315,False,108,0.0,True
37,-0.03620438630436723,False,,-0.03620438630436723,False,108,0.0,True
38,-0.02741044962283243,False,,-0.02741044962283243,False,108,0.0,True
39,-0.01950664935081863,False,,-0.01950664935081863,False,108,0.0,True
40,-0.024455467197779218,False,,-0.024455467197779218,False,108,0.0,True
41,-0.033912204161213,False,,-0.033912204161213,False,108,0.0,True
42,-0.02775706981619583,False,,-0.02775706981619583,False,108,0.0,True
43,-0.0319933386199748,False,,-0.0319933386199748,False,108,0.0,True
44,-0.04127644558445357,False,,-0.04127644558445357,False,108,0.0,True
45,-0.0335423727041517,False,,-0.0335423727041517,False,108,0.0,True
46,-0.03596538411530346,False,,-0.03596538411530346,False,108,0.0,True
47,-0.03697684277821866,False,,-0.03697684277821866,False,108,0.0,True
48,-0.03720615784022896,False,,-0.03720615784022896,False,108,0.0,True
49,-0.023947088682308174,False,,-0.023947088682308174,False,108,0.0,True
50,-0.03750401583005249,False,,-0.03750401583005249,False,108,0.0,True
51,-0.03738377174595835,False,,-0.03738377174595835,False,108,0.0,True
52,-0.02496673746702593,False,,-0.02496673746702593,False,108,0.0,True
53,-0.030229442018069104,False,,-0.030229442018069104,False,108,0.0,True
54,-0.02645083826320264,False,,-0.02645083826320264,False,108,0.0,True
55,-0.05088063167575457,False,,-0.05088063167575457,False,108,0.0,True
56,-0.03468469774653878,False,,-0.03468469774653878,False,108,0.0,True
57,-0.04508221644178073,False,,-0.04508221644178073,False,108,0.0,True
58,-0.04327851232917011,False,,-0.04327851232917011,False,108,0.0,True
59,-0.04375445224458349,False,,-0.04375445224458349,False,108,0.0,True
60,-0.041728801442837145,False,,-0.041728801442837145,False,108,0.0,True
61,-0.04368811342677466,False,,-0.04368811342677466,False,108,0.0,True
62,-0.028799117338421457,False,,-0.028799117338421457,False,108,0.0,True
63,-0.03982243704305599,False,,-0.03982243704305599,False,108,0.0,True
0,-0.062358307812966356,True,,-0.062358307812966356,True,109,0.0,True
1,-0.0579887825608345,False,,-0.0579887825608345,False,109,0.0,True
2,-0.05667490014153523,False,,-0.05667490014153523,False,109,0.0,True
3,-0.07390025836602201,False,,-0.07390025836602201,False,109,0.0,True
4,-0.048917216343158924,False,,-0.048917216343158924,False,109,0.0,True
5,-0.05018910307299123,False,,-0.05018910307299123,False,109,0.0,True
6,-0.0590318998682745,False,,-0.0590318998682745,False,109,0.0,True
7,-0.05363723903266108,False,,-0.05363723903266108,False,109,0.0,True
8,-0.04773742150884851,False,,-0.04773742150884851,False,109,0.0,True
9,-0.06049517134595857,False,,-0.06049517134595857,False,109,0.0,True
10,-0.04420770733269338,False,,-0.04420770733269338,False,109,0.0,True
11,-0.0505400541852756,False,,-0.0505400541852756,False,109,0.0,True
12,-0.04892975249617045,False,,-0.04892975249617045,False,109,0.0,True
13,-0.0577361378096964,False,,-0.0577361378096964,False,109,0.0,True
14,-0.0502503350455389,False,,-0.0502503350455389,False,109,0.0,True
15,-0.05114681270654452,False,,-0.05114681270654452,False,109,0.0,True
16,-0.055090841072462156,False,,-0.055090841072462156,False,109,0.0,True
17,-0.04828460636644361,False,,-0.04828460636644361,False,109,0.0,True
18,-0.052283744397200904,False,,-0.052283744397200904,False,109,0.0,True
19,-0.06767757725820028,False,,-0.06767757725820028,False,109,0.0,True
20,-0.050637807785342034,False,,-0.050637807785342034,False,109,0.0,True
21,-0.05255618479767689,False,,-0.05255618479767689,False,109,0.0,True
22,-0.046121236480134234,False,,-0.046121236480134234,False,109,0.0,True
23,-0.044819223760653115,False,,-0.044819223760653115,False,109,0.0,True
24,-0.05354407991564804,False,,-0.05354407991564804,False,109,0.0,True
25,-0.044100850176072695,False,,-0.044100850176072695,False,109,0.0,True
26,-0.05523601875459619,False,,-0.05523601875459619,False,109,0.0,True
27,-0.0533467615397601,False,,-0.0533467615397601,False,109,0.0,True
28,-0.04943384559400633,False,,-0.04943384559400633,False,109,0.0,True
29,-0.051540840519881496,False,,-0.051540840519881496,False,109,0.0,True
30,-0.04588369499953735,False,,-0.04588369499953735,False,109,0.0,True
31,-0.06052088053257031,False,,-0.06052088053257031,False,109,0.0,True
32,-0.04481800051698438,False,,-0.04481800051698438,False,109,0.0,True
33,-0.06114254399008346,False,,-0.06114254399008346,False,109,0.0,True
34,-0.054195198183428536,False,,-0.054195198183428536,False,109,0.0,True
35,-0.04490576975865078,False,,-0.04490576975865078,False,109,0.0,True
36,-0.04524449688637918,False,,-0.04524449688637918,False,109,0.0,True
37,-0.04902433656157824,False,,-0.04902433656157824,False,109,0.0,True
38,-0.05624884947890745,False,,-0.05624884947890745,False,109,0.0,True
39,-0.045682293654808165,False,,-0.045682293654808165,False,109,0.0,True
40,-0.04780053497995383,False,,-0.04780053497995383,False,109,0.0,True
41,-0.043624104540421704,False,,-0.043624104540421704,False,109,0.0,True
42,-0.052278908511033395,False,,-0.052278908511033395,False,109,0.0,True
43,-0.04982817235136295,False,,-0.04982817235136295,False,109,0.0,True
44,-0.061939794702365485,False,,-0.061939794702365485,False,109,0.0,True
45,-0.043171407661693355,False,,-0.043171407661693355,False,109,0.0,True
46,-0.06609380660874337,False,,-0.06609380660874337,False,109,0.0,True
47,-0.051211611863502246,False,,-0.051211611863502246,False,109,0.0,True
48,-0.052524505727306145,False,,-0.052524505727306145,False,109,0.0,True
49,-0.04688897357590811,False,,-0.04688897357590811,False,109,0.0,True
50,-0.054845430015800764,False,,-0.054845430015800764,False,109,0.0,True
51,-0.04902411617741824,False,,-0.04902411617741824,False,109,0.0,True
52,-0.05505480807256924,False,,-0.05505480807256924,False,109,0.0,True
53,-0.04551322749322419,False,,-0.04551322749322419,False,109,0.0,True
54,-0.05073244038672922,False,,-0.05073244038672922,False,109,0.0,True
55,-0.05236019059946778,False,,-0.05236019059946778,False,109,0.0,True
56,-0.05259819385302853,False,,-0.05259819385302853,False,109,0.0,True
57,-0.0433060821354008,False,,-0.0433060821354008,False,109,0.0,True
58,-0.04575430577430331,False,,-0.04575430577430331,False,109,0.0,True
59,-0.05653205206279599,False,,-0.05653205206279599,False,109,0.0,True
60,-0.05238155051989665,False,,-0.05238155051989665,False,109,0.0,True
61,-0.04817732167040274,False,,-0.04817732167040274,False,109,0.0,True
62,-0.051599808690143495,False,,-0.051599808690143495,False,109,0.0,True
63,-0.05034483568293452,False,,-0.05034483568293452,False,109,0.0,True
0,-0.017392671470123085,True,,-0.017392671470123085,True,110,0.0,True
1,-0.017634480861322882,False,,-0.017634480861322882,False,110,0.0,True
2,-0.0003898278655452693,False,,-0.0003898278655452693,False,110,0.0,True
3,-0.0017313274776343105,False,,-0.0017313274776343105,False,110,0.0,True
4,-0.006317416472192755,False,,-0.006317416472192755,False,110,0.0,True
5,-0.0041305385783549625,False,,-0.0041305385783549625,False,110,0.0,True
6,-0.004517203537848813,False,,-0.004517203537848813,False,110,0.0,True
7,-0.004717359085834764,False,,-0.004717359085834764,False,110,0.0,True
8,-0.00728283976232331,False,,-0.00728283976232331,False,110,0.0,True
9,-0.00816097126080137,False,,-0.00816097126080137,False,110,0.0,True
10,-0.0024193963232653896,False,,-0.0024193963232653896,False,110,0.0,True
11,7.785543379859768e-05,False,,7.785543379859768e-05,False,110,0.0,True
12,-0.0014521054061606637,False,,-0.0014521054061606637,False,110,0.0,True
13,-0.0049272920503596615,False,,-0.0049272920503596615,False,110,0.0,True
14,-0.005696954146488551,False,,-0.005696954146488551,False,110,0.0,True
15,-0.0009649736065985299,False,,-0.0009649736065985299,False,110,0.0,True
16,-0.0019043450170407848,False,,-0.0019043450170407848,False,110,0.0,True
17,0.0003958035318573374,False,,0.0003958035318573374,False,110,0.0,True
18,0.0002287732452315788,False,,0.0002287732452315788,False,110,0.0,True
19,-0.0011842127268434956,False,,-0.0011842127268434956,False,110,0.0,True
20,-0.0009396657225785258,False,,-0.0009396657225785258,False,110,0.0,True
21,-0.006005498710706585,False,,-0.006005498710706585,False,110,0.0,True
22,0.0005647436717184142,False,,0.0005647436717184142,False,110,0.0,True
23,0.0007768475654167072,False,,0.0007768475654167072,False,110,0.0,True
24,-0.0047676792557882425,False,,-0.0047676792557882425,False,110,0.0,True
25,-0.005305579375232059,False,,-0.005305579375232059,False,110,0.0,True
26,-0.0059388833387583094,False,,-0.0059388833387583094,False,110,0.0,True
27,-0.0017346027869099031,False,,-0.0017346027869099031,False,110,0.0,True
28,-0.004054516848461547,False,,-0.004054516848461547,False,110,0.0,True
29,-0.000335149740875478,False,,-0.000335149740875478,False,110,0.0,True
30,0.0005167566904314227,False,,0.0005167566904314227,False,110,0.0,True
31,-0.002806662068392144,False,,-0.002806662068392144,False,110,0.0,True
32,-0.0011110310863393547,False,,-0.0011110310863393547,False,110,0.0,True
33,-0.004109463984027771,False,,-0.004109463984027771,False,110,0.0,True
34,-0.0049818481456636,False,,-0.0049818481456636,False,110,0.0,True
35,-0.003772070657568195,False,,-0.003772070657568195,False,110,0.0,True
36,-0.0012305816309659255,False,,-0.0012305816309659255,False,110,0.0,True
37,-0.002931565918530941,False,,-0.002931565918530941,False,110,0.0,True
38,-0.0007831043842874775,False,,-0.0007831043842874775,False,110,0.0,True
39,-0.0025979191468907875,False,,-0.0025979191468907875,False,110,0.0,True
40,0.0037309957198150235,False,,0.0037309957198150235,False,110,0.0,True
41,-0.00392745415155964,False,,-0.00392745415155964,False,110,0.0,True
42,-0.0011855618469129657,False,,-0.0011855618469129657,False,110,0.0,True
43,-0.004032729352060605,False,,-0.004032729352060605,False,110,0.0,True
44,-0.0060700891337283,False,,-0.0060700891337283,False,110,0.0,True
45,-0.0023464949283147143,False,,-0.0023464949283147143,False,110,0.0,True
46,0.0008267124902211611,False,,0.0008267124902211611,False,110,0.0,True
47,-0.0015013260268886032,False,,-0.0015013260268886032,False,110,0.0,True
48,0.002453430847140037,False,,0.002453430847140037,False,110,0.0,True
49,-0.0020778198193868655,False,,-0.0020778198193868655,False,110,0.0,True
50,-0.003836785228550035,False,,-0.003836785228550035,False,110,0.0,True
51,-0.005052094312738505,False,,-0.005052094312738505,False,110,0.0,True
52,0.00028166002644850266,False,,0.00028166002644850266,False,110,0.0,True
53,-0.0019290224880770684,False,,-0.0019290224880770684,False,110,0.0,True
54,0.0007956756890199546,False,,0.0007956756890199546,False,110,0.0,True
55,0.0009506202836787501,False,,0.0009506202836787501,False,110,0.0,True
56,-0.0017259050628667966,False,,-0.0017259050628667966,False,110,0.0,True
57,0.0012725464998987188,False,,0.0012725464998987188,False,110,0.0,True
58,-0.0041283861550563275,False,,-0.0041283861550563275,False,110,0.0,True
59,-0.0025801411692677363,False,,-0.0025801411692677363,False,110,0.0,True
60,-0.002035465986663412,False,,-0.002035465986663412,False,110,0.0,True
61,-0.017409994149832936,False,,-0.017409994149832936,False,110,0.0,True
62,-0.0068024551185483255,False,,-0.0068024551185483255,False,110,0.0,True
63,-0.006243688472497002,False,,-0.006243688472497002,False,110,0.0,True
0,-0.009093522446996209,True,,-0.009093522446996209,True,111,0.0,True
1,-0.007248211615550392,False,,-0.007248211615550392,False,111,0.0,True
2,0.0005502571097609689,False,,0.0005502571097609689,False,111,0.0,True
3,-0.008047236824883546,False,,-0.008047236824883546,False,111,0.0,True
4,0.0030163563655499445,False,,0.0030163563655499445,False,111,0.0,True
5,-0.0013538371409897018,False,,-0.0013538371409897018,False,111,0.0,True
6,-0.0002353577755992418,False,,-0.0002353577755992418,False,111,0.0,True
7,-0.002805202170731975,False,,-0.002805202170731975,False,111,0.0,True
8,-0.002599582644023375,False,,-0.002599582644023375,False,111,0.0,True
9,0.0013793085608565696,False,,0.0013793085608565696,False,111,0.0,True
10,0.00514818167969499,False,,0.00514818167969499,False,111,0.0,True
11,-0.001557403552989225,False,,-0.001557403552989225,False,111,0.0,True
12,-0.0031266741495748194,False,,-0.0031266741495748194,False,111,0.0,True
13,0.0008015709627094477,False,,0.0008015709627094477,False,111,0.0,True
14,0.0017249473413171947,False,,0.0017249473413171947,False,111,0.0,True
15,0.004269020988326463,False,,0.004269020988326463,False,111,0.0,True
16,1.7432079070696122e-06,False,,1.7432079070696122e-06,False,111,0.0,True
17,0.003949740957915431,False,,0.003949740957915431,False,111,0.0,True
18,-0.0012916651707350442,False,,-0.0012916651707350442,False,111,0.0,True
19,0.00043384437013736375,False,,0.00043384437013736375,False,111,0.0,True
20,0.001779710219772623,False,,0.001779710219772623,False,111,0.0,True
21,-0.004262416973233702,False,,-0.004262416973233702,False,111,0.0,True
22,0.0010469613696566025,False,,0.0010469613696566025,False,111,0.0,True
23,-0.0004851978696473909,False,,-0.0004851978696473909,False,111,0.0,True
24,0.004788045875805605,False,,0.004788045875805605,False,111,0.0,True
25,0.0029810256017641966,False,,0.0029810256017641966,False,111,0.0,True
26,0.002378429064394698,False,,0.002378429064394698,False,111,0.0,True
27,-0.004989252106310441,False,,-0.004989252106310441,False,111,0.0,True
28,-0.002217275688962572,False,,-0.002217275688962572,False,111,0.0,True
29,-0.005480144835012435,False,,-0.005480144835012435,False,111,0.0,True
30,0.0017973228614175626,False,,0.0017973228614175626,False,111,0.0,True
31,0.0013535514036455945,False,,0.0013535514036455945,False,111,0.0,True
32,-0.0064945738855679,False,,-0.0064945738855679,False,111,0.0,True
33,-0.005442117599428529,False,,-0.005442117599428529,False,111,0.0,True
34,0.0009262797673767929,False,,0.0009262797673767929,False,111,0.0,True
35,-0.0006159952091260126,False,,-0.0006159952091260126,False,111,0.0,True
36,-0.0022188106636228722,False,,-0.0022188106636228722,False,111,0.0,True
37,-0.0011140612433668943,False,,-0.0011140612433668943,False,111,0.0,True
38,0.0019135644628813086,False,,0.0019135644628813086,False,111,0.0,True
39,0.0025571497814538585,False,,0.0025571497814538585,False,111,0.0,True
40,-0.0032028467556299497,False,,-0.0032028467556299497,False,111,0.0,True
41,-0.010820398657260677,False,,-0.010820398657260677,False,111,0.0,True
42,0.0015190581053849009,False,,0.0015190581053849009,False,111,0.0,True
43,-0.0004616037289563034,False,,-0.0004616037289563034,False,111,0.0,True
44,-0.004847571055265181,False,,-0.004847571055265181,False,111,0.0,True
45,0.0025367789860907724,False,,0.0025367789860907724,False,111,0.0,True
46,-0.010458821573474573,False,,-0.010458821573474573,False,111,0.0,True
47,0.0032564818633024307,False,,0.0032564818633024307,False,111,0.0,True
48,0.0015863657336652754,False,,0.0015863657336652754,False,111,0.0,True
49,-0.0015603972458933454,False,,-0.0015603972458933454,False,111,0.0,True
50,0.0008635745858981804,False,,0.0008635745858981804,False,111,0.0,True
51,-0.0035553811347540866,False,,-0.0035553811347540866,False,111,0.0,True
52,-0.009293103663728638,False,,-0.009293103663728638,False,111,0.0,True
53,0.00045265219420982834,False,,0.00045265219420982834,False,111,0.0,True
54,-0.00041723842040997106,False,,-0.00041723842040997106,False,111,0.0,True
55,-0.003737970724302128,False,,-0.003737970724302128,False,111,0.0,True
56,0.0019287797411320518,False,,0.0019287797411320518,False,111,0.0,True
57,-0.011662034012732785,False,,-0.011662034012732785,False,111,0.0,True
58,-0.006678819507286098,False,,-0.006678819507286098,False,111,0.0,True
59,-0.00374817780860067,False,,-0.00374817780860067,False,111,0.0,True
60,-0.00971926962208978,False,,-0.00971926962208978,False,111,0.0,True
61,-0.0001251602324319537,False,,-0.0001251602324319537,False,111,0.0,True
62,0.0009447513316219178,False,,0.0009447513316219178,False,111,0.0,True
63,-0.00224064075642322,False,,-0.00224064075642322,False,111,0.0,True
0,-0.05919791303711833,True,,-0.05919791303711833,True,112,0.0,True
1,-0.059318526567537354,False,,-0.059318526567537354,False,112,0.0,True
2,-0.04390613533561015,False,,-0.04390613533561015,False,112,0.0,True
3,-0.049390691965569555,False,,-0.049390691965569555,False,112,0.0,True
4,-0.04095666900193758,False,,-0.04095666900193758,False,112,0.0,True
5,-0.045938278726502094,False,,-0.045938278726502094,False,112,0.0,True
6,-0.042319241269666394,False,,-0.042319241269666394,False,112,0.0,True
7,-0.04076014161537258,False,,-0.04076014161537258,False,112,0.0,True
8,-0.05397622498347643,False,,-0.05397622498347643,False,112,0.0,True
9,-0.04223275510218458,False,,-0.04223275510218458,False,112,0.0,True
10,-0.05015935573488864,False,,-0.05015935573488864,False,112,0.0,True
11,-0.04176721864151789,False,,-0.04176721864151789,False,112,0.0,True
12,-0.0452330954978887,False,,-0.0452330954978887,False,112,0.0,True
13,-0.046965925388628135,False,,-0.046965925388628135,False,112,0.0,True
14,-0.053607067369827066,False,,-0.053607067369827066,False,112,0.0,True
15,-0.04640032488111839,False,,-0.04640032488111839,False,112,0.0,True
16,-0.042078117541678436,False,,-0.042078117541678436,False,112,0.0,True
17,-0.05725108121765113,False,,-0.05725108121765113,False,112,0.0,True
18,-0.05343050185810605,False,,-0.05343050185810605,False,112,0.0,True
19,-0.04750854538847444,False,,-0.04750854538847444,False,112,0.0,True
20,-0.045904836686691805,False,,-0.045904836686691805,False,112,0.0,True
21,-0.04962247688639533,False,,-0.04962247688639533,False,112,0.0,True
22,-0.03907853640880274,False,,-0.03907853640880274,False,112,0.0,True
23,-0.044279847412754605,False,,-0.044279847412754605,False,112,0.0,True
24,-0.04393397674121695,False,,-0.04393397674121695,False,112,0.0,True
25,-0.04086061045439749,False,,-0.04086061045439749,False,112,0.0,True
26,-0.0416615933035838,False,,-0.0416615933035838,False,112,0.0,True
27,-0.04853118760761403,False,,-0.04853118760761403,False,112,0.0,True
28,-0.04722722614386127,False,,-0.04722722614386127,False,112,0.0,True
29,-0.0467631603466359,False,,-0.0467631603466359,False,112,0.0,True
30,-0.044731528016176594,False,,-0.044731528016176594,False,112,0.0,True
31,-0.04778816987902915,False,,-0.04778816987902915,False,112,0.0,True
32,-0.04515180021886782,False,,-0.04515180021886782,False,112,0.0,True
33,-0.04833712433492962,False,,-0.04833712433492962,False,112,0.0,True
34,-0.042032677015713095,False,,-0.042032677015713095,False,112,0.0,True
35,-0.039730100820361026,False,,-0.039730100820361026,False,112,0.0,True
36,-0.041522294955552826,False,,-0.041522294955552826,False,112,0.0,True
37,-0.04819041483825175,False,,-0.04819041483825175,False,112,0.0,True
38,-0.04037964513942087,False,,-0.04037964513942087,False,112,0.0,True
39,-0.04214398778588393,False,,-0.04214398778588393,False,112,0.0,True
40,-0.04437764709157596,False,,-0.04437764709157596,False,112,0.0,True
41,-0.03898157743419683,False,,-0.03898157743419683,False,112,0.0,True
42,-0.04398536913160481,False,,-0.04398536913160481,False,112,0.0,True
43,-0.047418600482714596,False,,-0.047418600482714596,False,112,0.0,True
44,-0.043957314049153706,False,,-0.043957314049153706,False,112,0.0,True
45,-0.039205311019436535,False,,-0.039205311019436535,False,112,0.0,True
46,-0.04583274180647849,False,,-0.04583274180647849,False,112,0.0,True
47,-0.04853956831594134,False,,-0.04853956831594134,False,112,0.0,True
48,-0.04518602854653411,False,,-0.04518602854653411,False,112,0.0,True
49,-0.04604073788109206,False,,-0.04604073788109206,False,112,0.0,True
50,-0.039931421261490144,False,,-0.039931421261490144,False,112,0.0,True
51,-0.04655030260238713,False,,-0.04655030260238713,False,112,0.0,True
52,-0.045585903634107146,False,,-0.045585903634107146,False,112,0.0,True
53,-0.049072064004151185,False,,-0.049072064004151185,False,112,0.0,True
54,-0.04029114371879081,False,,-0.04029114371879081,False,112,0.0,True
55,-0.04576997313135085,False,,-0.04576997313135085,False,112,0.0,True
56,-0.068088533081322,False,,-0.068088533081322,False,112,0.0,True
57,-0.044774231996936295,False,,-0.044774231996936295,False,112,0.0,True
58,-0.04158668151400033,False,,-0.04158668151400033,False,112,0.0,True
59,-0.04722594601914826,False,,-0.04722594601914826,False,112,0.0,True
60,-0.043013411959063316,False,,-0.043013411959063316,False,112,0.0,True
61,-0.042204316172522516,False,,-0.042204316172522516,False,112,0.0,True
62,-0.043498384620362,False,,-0.043498384620362,False,112,0.0,True
63,-0.04054010143703845,False,,-0.04054010143703845,False,112,0.0,True
0,-0.04715630441718397,True,,-0.04715630441718397,True,113,0.0,True
1,-0.020906735098608298,False,,-0.020906735098608298,False,113,0.0,True
2,-0.017577819990374756,False,,-0.017577819990374756,False,113,0.0,True
3,-0.021772682359716966,False,,-0.021772682359716966,False,113,0.0,True
4,-0.024673722139229005,False,,-0.024673722139229005,False,113,0.0,True
5,-0.022778188901696868,False,,-0.022778188901696868,False,113,0.0,True
6,-0.025252912570427544,False,,-0.025252912570427544,False,113,0.0,True
7,-0.025928573720013906,False,,-0.025928573720013906,False,113,0.0,True
8,-0.023699669254324526,False,,-0.023699669254324526,False,113,0.0,True
9,-0.018833892176179957,False,,-0.018833892176179957,False,113,0.0,True
10,-0.017964554016440603,False,,-0.017964554016440603,False,113,0.0,True
11,-0.023383143497323792,False,,-0.023383143497323792,False,113,0.0,True
12,-0.03437322231348012,False,,-0.03437322231348012,False,113,0.0,True
13,-0.02842616238594948,False,,-0.02842616238594948,False,113,0.0,True
14,-0.02059882123158694,False,,-0.02059882123158694,False,113,0.0,True
15,-0.01874013763775025,False,,-0.01874013763775025,False,113,0.0,True
16,-0.02977066889400884,False,,-0.02977066889400884,False,113,0.0,True
17,-0.023660544295152904,False,,-0.023660544295152904,False,113,0.0,True
18,-0.027080473083636196,False,,-0.027080473083636196,False,113,0.0,True
19,-0.024171917572468605,False,,-0.024171917572468605,False,113,0.0,True
20,-0.0204918114604693,False,,-0.0204918114604693,False,113,0.0,True
21,-0.017943586700518096,False,,-0.017943586700518096,False,113,0.0,True
22,-0.015403793837166021,False,,-0.015403793837166021,False,113,0.0,True
23,-0.020101020933149055,False,,-0.020101020933149055,False,113,0.0,True
24,-0.01644680473909591,False,,-0.01644680473909591,False,113,0.0,True
25,-0.028825978860001024,False,,-0.028825978860001024,False,113,0.0,True
26,-0.01886347218235133,False,,-0.01886347218235133,False,113,0.0,True
27,-0.02218152452262157,False,,-0.02218152452262157,False,113,0.0,True
28,-0.02238364514694291,False,,-0.02238364514694291,False,113,0.0,True
29,-0.022512907944995313,False,,-0.022512907944995313,False,113,0.0,True
30,-0.03000222390224485,False,,-0.03000222390224485,False,113,0.0,True
31,-0.0384116321669678,False,,-0.0384116321669678,False,113,0.0,True
32,-0.02036490677442878,False,,-0.02036490677442878,False,113,0.0,True
33,-0.024509948445182325,False,,-0.024509948445182325,False,113,0.0,True
34,-0.030936039978282773,False,,-0.030936039978282773,False,113,0.0,True
35,-0.022006239334261827,False,,-0.022006239334261827,False,113,0.0,True
36,-0.02940584943806976,False,,-0.02940584943806976,False,113,0.0,True
37,-0.03438001737900623,False,,-0.03438001737900623,False,113,0.0,True
38,-0.02095511309476552,False,,-0.02095511309476552,False,113,0.0,True
39,-0.022043073523163755,False,,-0.022043073523163755,False,113,0.0,True
40,-0.030944878819120947,False,,-0.030944878819120947,False,113,0.0,True
41,-0.018676877100987414,False,,-0.018676877100987414,False,113,0.0,True
42,-0.015702610577541517,False,,-0.015702610577541517,False,113,0.0,True
43,-0.01764999113187199,False,,-0.01764999113187199,False,113,0.0,True
44,-0.02107436742835805,False,,-0.02107436742835805,False,113,0.0,True
45,-0.023623172090478706,False,,-0.023623172090478706,False,113,0.0,True
46,-0.03034817115570343,False,,-0.03034817115570343,False,113,0.0,True
47,-0.017566356072468224,False,,-0.017566356072468224,False,113,0.0,True
48,-0.021768651921614823,False,,-0.021768651921614823,False,113,0.0,True
49,-0.017714540382744993,False,,-0.017714540382744993,False,113,0.0,True
50,-0.02519890912561146,False,,-0.02519890912561146,False,113,0.0,True
51,-0.031822489399403825,False,,-0.031822489399403825,False,113,0.0,True
52,-0.03271326832225825,False,,-0.03271326832225825,False,113,0.0,True
53,-0.020384917230426784,False,,-0.020384917230426784,False,113,0.0,True
54,-0.0200590655663019,False,,-0.0200590655663019,False,113,0.0,True
55,-0.04661572132010369,False,,-0.04661572132010369,False,113,0.0,True
56,-0.02079417964805174,False,,-0.02079417964805174,False,113,0.0,True
57,-0.030661570714384287,False,,-0.030661570714384287,False,113,0.0,True
58,-0.022899297107463537,False,,-0.022899297107463537,False,113,0.0,True
59,-0.020395142851108786,False,,-0.020395142851108786,False,113,0.0,True
60,-0.023156994844338565,False,,-0.023156994844338565,False,113,0.0,True
61,-0.02745766287804575,False,,-0.02745766287804575,False,113,0.0,True
62,-0.02830045521140285,False,,-0.02830045521140285,False,113,0.0,True
63,-0.025441808466709525,False,,-0.025441808466709525,False,113,0.0,True
0,0.012191751905133053,True,,0.012191751905133053,True,114,0.0,True
1,0.0042012839427077765,False,,0.0042012839427077765,False,114,0.0,True
2,0.022523066739993266,False,,0.022523066739993266,False,114,0.0,True
3,0.013903372607389483,False,,0.013903372607389483,False,114,0.0,True
4,0.020252454900107124,False,,0.020252454900107124,False,114,0.0,True
5,0.02676048789735,False,,0.02676048789735,False,114,0.0,True
6,0.021024023554949797,False,,0.021024023554949797,False,114,0.0,True
7,0.018052674048048303,False,,0.018052674048048303,False,114,0.0,True
8,0.024126496491941145,False,,0.024126496491941145,False,114,0.0,True
9,0.014779148225970692,False,,0.014779148225970692,False,114,0.0,True
10,0.02527913847309879,False,,0.02527913847309879,False,114,0.0,True
11,0.018871345190626804,False,,0.018871345190626804,False,114,0.0,True
12,0.025963479395643467,False,,0.025963479395643467,False,114,0.0,True
13,0.024809534660326878,False,,0.024809534660326878,False,114,0.0,True
14,0.026973006820780222,False,,0.026973006820780222,False,114,0.0,True
15,0.024434121875727875,False,,0.024434121875727875,False,114,0.0,True
16,0.020762250505759677,False,,0.020762250505759677,False,114,0.0,True
17,0.02302189827726102,False,,0.02302189827726102,False,114,0.0,True
18,0.02260107501259729,False,,0.02260107501259729,False,114,0.0,True
19,0.021454736642025234,False,,0.021454736642025234,False,114,0.0,True
20,0.023677403633832986,False,,0.023677403633832986,False,114,0.0,True
21,0.023224041691529054,False,,0.023224041691529054,False,114,0.0,True
22,0.01937056280455324,False,,0.01937056280455324,False,114,0.0,True
23,0.02549210795974287,False,,0.02549210795974287,False,114,0.0,True
24,0.024158781212357813,False,,0.024158781212357813,False,114,0.0,True
25,0.021533526491686397,False,,0.021533526491686397,False,114,0.0,True
26,0.011103679337962495,False,,0.011103679337962495,False,114,0.0,True
27,0.019328835279385947,False,,0.019328835279385947,False,114,0.0,True
28,0.026221599605965484,False,,0.026221599605965484,False,114,0.0,True
29,0.020480516715697037,False,,0.020480516715697037,False,114,0.0,True
30,0.025657644402568118,False,,0.025657644402568118,False,114,0.0,True
31,0.0243177389417953,False,,0.0243177389417953,False,114,0.0,True
32,0.02094545499024915,False,,0.02094545499024915,False,114,0.0,True
33,0.02201472233097971,False,,0.02201472233097971,False,114,0.0,True
34,0.021478162720597948,False,,0.021478162720597948,False,114,0.0,True
35,0.01781233578024638,False,,0.01781233578024638,False,114,0.0,True
36,0.025189012161556584,False,,0.025189012161556584,False,114,0.0,True
37,0.02217714372307726,False,,0.02217714372307726,False,114,0.0,True
38,0.014830635956949504,False,,0.014830635956949504,False,114,0.0,True
39,0.025547782073704124,False,,0.025547782073704124,False,114,0.0,True
40,0.02141326843245221,False,,0.02141326843245221,False,114,0.0,True
41,0.02001406162877966,False,,0.02001406162877966,False,114,0.0,True
42,0.02119043751449926,False,,0.02119043751449926,False,114,0.0,True
43,0.020931682801210737,False,,0.020931682801210737,False,114,0.0,True
44,0.02182384184768732,False,,0.02182384184768732,False,114,0.0,True
45,0.021698378566183563,False,,0.021698378566183563,False,114,0.0,True
46,0.026688245076651452,False,,0.026688245076651452,False,114,0.0,True
47,0.013385381005340452,False,,0.013385381005340452,False,114,0.0,True
48,0.02289272704044533,False,,0.02289272704044533,False,114,0.0,True
49,0.024900614878597835,False,,0.024900614878597835,False,114,0.0,True
50,0.02207558655459019,False,,0.02207558655459019,False,114,0.0,True
51,0.01875828892942988,False,,0.01875828892942988,False,114,0.0,True
52,0.024227547390344266,False,,0.024227547390344266,False,114,0.0,True
53,0.0226879965170707,False,,0.0226879965170707,False,114,0.0,True
54,0.02617220460620768,False,,0.02617220460620768,False,114,0.0,True
55,0.022680518447672784,False,,0.022680518447672784,False,114,0.0,True
56,0.023611484592628594,False,,0.023611484592628594,False,114,0.0,True
57,0.02443608530810359,False,,0.02443608530810359,False,114,0.0,True
58,0.024601818201291856,False,,0.024601818201291856,False,114,0.0,True
59,0.016276170759734657,False,,0.016276170759734657,False,114,0.0,True
60,0.024286468463014563,False,,0.024286468463014563,False,114,0.0,True
61,0.02027073162786113,False,,0.02027073162786113,False,114,0.0,True
62,0.021737905477862914,False,,0.021737905477862914,False,114,0.0,True
63,0.017632467069808186,False,,0.017632467069808186,False,114,0.0,True
0,-0.03174632036018051,True,,-0.03174632036018051,True,115,0.0,True
1,-0.03124657836129551,False,,-0.03124657836129551,False,115,0.0,True
2,-0.0234958031556258,False,,-0.0234958031556258,False,115,0.0,True
3,-0.02565554831491073,False,,-0.02565554831491073,False,115,0.0,True
4,-0.026397556027752633,False,,-0.026397556027752633,False,115,0.0,True
5,-0.02823060295617092,False,,-0.02823060295617092,False,115,0.0,True
6,-0.03101265954968266,False,,-0.03101265954968266,False,115,0.0,True
7,-0.02605361210989534,False,,-0.02605361210989534,False,115,0.0,True
8,-0.02423553906006706,False,,-0.02423553906006706,False,115,0.0,True
9,-0.027984057022516225,False,,-0.027984057022516225,False,115,0.0,True
10,-0.02469831583701336,False,,-0.02469831583701336,False,115,0.0,True
11,-0.036357968701332136,False,,-0.036357968701332136,False,115,0.0,True
12,-0.030411727004050974,False,,-0.030411727004050974,False,115,0.0,True
13,-0.027320533394139184,False,,-0.027320533394139184,False,115,0.0,True
14,-0.03386981842924136,False,,-0.03386981842924136,False,115,0.0,True
15,-0.02701592881811966,False,,-0.02701592881811966,False,115,0.0,True
16,-0.028526703250268536,False,,-0.028526703250268536,False,115,0.0,True
17,-0.031101534208691647,False,,-0.031101534208691647,False,115,0.0,True
18,-0.024764494072080274,False,,-0.024764494072080274,False,115,0.0,True
19,-0.02977037538803779,False,,-0.02977037538803779,False,115,0.0,True
20,-0.028082556642976958,False,,-0.028082556642976958,False,115,0.0,True
21,-0.029848609690447468,False,,-0.029848609690447468,False,115,0.0,True
22,-0.035059525396452976,False,,-0.035059525396452976,False,115,0.0,True
23,-0.027897654890554062,False,,-0.027897654890554062,False,115,0.0,True
24,-0.028752054917069475,False,,-0.028752054917069475,False,115,0.0,True
25,-0.028969226859953703,False,,-0.028969226859953703,False,115,0.0,True
26,-0.03612285795256749,False,,-0.03612285795256749,False,115,0.0,True
27,-0.030485939950724957,False,,-0.030485939950724957,False,115,0.0,True
28,-0.02767007163961107,False,,-0.02767007163961107,False,115,0.0,True
29,-0.02666882384343495,False,,-0.02666882384343495,False,115,0.0,True
30,-0.028460692160865705,False,,-0.028460692160865705,False,115,0.0,True
31,-0.02899856623009575,False,,-0.02899856623009575,False,115,0.0,True
32,-0.028327861201968875,False,,-0.028327861201968875,False,115,0.0,True
33,-0.026100417021939715,False,,-0.026100417021939715,False,115,0.0,True
34,-0.023141217316525492,False,,-0.023141217316525492,False,115,0.0,True
35,-0.023553959529407573,False,,-0.023553959529407573,False,115,0.0,True
36,-0.03233690900703139,False,,-0.03233690900703139,False,115,0.0,True
37,-0.028993448122347644,False,,-0.028993448122347644,False,115,0.0,True
38,-0.03065564688647468,False,,-0.03065564688647468,False,115,0.0,True
39,-0.026051983206849885,False,,-0.026051983206849885,False,115,0.0,True
40,-0.0308000413487255,False,,-0.0308000413487255,False,115,0.0,True
41,-0.03605379160075002,False,,-0.03605379160075002,False,115,0.0,True
42,-0.024270404786659303,False,,-0.024270404786659303,False,115,0.0,True
43,-0.02686460431339302,False,,-0.02686460431339302,False,115,0.0,True
44,-0.033496671166930475,False,,-0.033496671166930475,False,115,0.0,True
45,-0.029344451310017814,False,,-0.029344451310017814,False,115,0.0,True
46,-0.030428526474314856,False,,-0.030428526474314856,False,115,0.0,True
47,-0.02740619513619464,False,,-0.02740619513619464,False,115,0.0,True
48,-0.034497603782214885,False,,-0.034497603782214885,False,115,0.0,True
49,-0.031010674866686114,False,,-0.031010674866686114,False,115,0.0,True
50,-0.027998041901890675,False,,-0.027998041901890675,False,115,0.0,True
51,-0.0306850687431772,False,,-0.0306850687431772,False,115,0.0,True
52,-0.02906110324642225,False,,-0.02906110324642225,False,115,0.0,True
53,-0.025537745654818023,False,,-0.025537745654818023,False,115,0.0,True
54,-0.03433741333538333,False,,-0.03433741333538333,False,115,0.0,True
55,-0.025343683117356023,False,,-0.025343683117356023,False,115,0.0,True
56,-0.02764329238046178,False,,-0.02764329238046178,False,115,0.0,True
57,-0.030512370293356794,False,,-0.030512370293356794,False,115,0.0,True
58,-0.032170435740383724,False,,-0.032170435740383724,False,115,0.0,True
59,-0.021975918118476743,False,,-0.021975918118476743,False,115,0.0,True
60,-0.030943008455568424,False,,-0.030943008455568424,False,115,0.0,True
61,-0.03147872545832424,False,,-0.03147872545832424,False,115,0.0,True
62,-0.027994920889449958,False,,-0.027994920889449958,False,115,0.0,True
63,-0.029202502159814347,False,,-0.029202502159814347,False,115,0.0,True
0,-0.04931105553370239,True,,-0.04931105553370239,True,116,0.0,True
1,-0.05271823682054171,False,,-0.05271823682054171,False,116,0.0,True
2,-0.03356005925391631,False,,-0.03356005925391631,False,116,0.0,True
3,-0.0385090432592719,False,,-0.0385090432592719,False,116,0.0,True
4,-0.04004983311057054,False,,-0.04004983311057054,False,116,0.0,True
5,-0.034642688902278604,False,,-0.034642688902278604,False,116,0.0,True
6,-0.033533652222269325,False,,-0.033533652222269325,False,116,0.0,True
7,-0.033149205063411,False,,-0.033149205063411,False,116,0.0,True
8,-0.04071123129181957,False,,-0.04071123129181957,False,116,0.0,True
9,-0.0421141784749461,False,,-0.0421141784749461,False,116,0.0,True
10,-0.04150240262369726,False,,-0.04150240262369726,False,116,0.0,True
11,-0.03262046438953018,False,,-0.03262046438953018,False,116,0.0,True
12,-0.03760486271719915,False,,-0.03760486271719915,False,116,0.0,True
13,-0.04111330075777157,False,,-0.04111330075777157,False,116,0.0,True
14,-0.0354030960646729,False,,-0.0354030960646729,False,116,0.0,True
15,-0.029408179252959944,False,,-0.029408179252959944,False,116,0.0,True
16,-0.03678348419375719,False,,-0.03678348419375719,False,116,0.0,True
17,-0.03722763193818731,False,,-0.03722763193818731,False,116,0.0,True
18,-0.04152597544999389,False,,-0.04152597544999389,False,116,0.0,True
19,-0.039335516365642934,False,,-0.039335516365642934,False,116,0.0,True
20,-0.029686421205856555,False,,-0.029686421205856555,False,116,0.0,True
21,-0.033853737174936706,False,,-0.033853737174936706,False,116,0.0,True
22,-0.035121289159326,False,,-0.035121289159326,False,116,0.0,True
23,-0.043270163133957075,False,,-0.043270163133957075,False,116,0.0,True
24,-0.03265093101569683,False,,-0.03265093101569683,False,116,0.0,True
25,-0.03259033990611079,False,,-0.03259033990611079,False,116,0.0,True
26,-0.027489136236885984,False,,-0.027489136236885984,False,116,0.0,True
27,-0.043983785633887704,False,,-0.043983785633887704,False,116,0.0,True
28,-0.03518589005241592,False,,-0.03518589005241592,False,116,0.0,True
29,-0.03443852277104633,False,,-0.03443852277104633,False,116,0.0,True
30,-0.03154182651913682,False,,-0.03154182651913682,False,116,0.0,True
31,-0.0374037280158926,False,,-0.0374037280158926,False,116,0.0,True
32,-0.036509639186733195,False,,-0.036509639186733195,False,116,0.0,True
33,-0.041518171481208524,False,,-0.041518171481208524,False,116,0.0,True
34,-0.03358543802990793,False,,-0.03358543802990793,False,116,0.0,True
35,-0.03511017259800535,False,,-0.03511017259800535,False,116,0.0,True
36,-0.034433544795504124,False,,-0.034433544795504124,False,116,0.0,True
37,-0.03581147445423839,False,,-0.03581147445423839,False,116,0.0,True
38,-0.04116135953959872,False,,-0.04116135953959872,False,116,0.0,True
39,-0.035882274471341374,False,,-0.035882274471341374,False,116,0.0,True
40,-0.03528531493616578,False,,-0.03528531493616578,False,116,0.0,True
41,-0.04186979210400293,False,,-0.04186979210400293,False,116,0.0,True
42,-0.03330212363036731,False,,-0.03330212363036731,False,116,0.0,True
43,-0.03405476713093275,False,,-0.03405476713093275,False,116,0.0,True
44,-0.03642054342956331,False,,-0.03642054342956331,False,116,0.0,True
45,-0.03410594522578295,False,,-0.03410594522578295,False,116,0.0,True
46,-0.04247860968805421,False,,-0.04247860968805421,False,116,0.0,True
47,-0.03834417072257709,False,,-0.03834417072257709,False,116,0.0,True
48,-0.03577853254339375,False,,-0.03577853254339375,False,116,0.0,True
49,-0.03756424889482865,False,,-0.03756424889482865,False,116,0.0,True
50,-0.030664838488183646,False,,-0.030664838488183646,False,116,0.0,True
51,-0.0358514117381185,False,,-0.0358514117381185,False,116,0.0,True
52,-0.036176844805202925,False,,-0.036176844805202925,False,116,0.0,True
53,-0.027215208914584035,False,,-0.027215208914584035,False,116,0.0,True
54,-0.04161197321619148,False,,-0.04161197321619148,False,116,0.0,True
55,-0.03692310020904172,False,,-0.03692310020904172,False,116,0.0,True
56,-0.03641530848763239,False,,-0.03641530848763239,False,116,0.0,True
57,-0.03631783550899686,False,,-0.03631783550899686,False,116,0.0,True
58,-0.029365269631550495,False,,-0.029365269631550495,False,116,0.0,True
59,-0.0317632041709542,False,,-0.0317632041709542,False,116,0.0,True
60,-0.033268146881778524,False,,-0.033268146881778524,False,116,0.0,True
61,-0.03984870793996972,False,,-0.03984870793996972,False,116,0.0,True
62,-0.039067937510058603,False,,-0.039067937510058603,False,116,0.0,True
63,-0.03270048626295662,False,,-0.03270048626295662,False,116,0.0,True
0,-0.1195322092491401,True,,-0.1195322092491401,True,117,0.0,True
1,-0.11571884388714158,False,,-0.11571884388714158,False,117,0.0,True
2,-0.10331333101386864,False,,-0.10331333101386864,False,117,0.0,True
3,-0.09973971311639807,False,,-0.09973971311639807,False,117,0.0,True
4,-0.10137371020076708,False,,-0.10137371020076708,False,117,0.0,True
5,-0.1036462011149561,False,,-0.1036462011149561,False,117,0.0,True
6,-0.10821509259754589,False,,-0.10821509259754589,False,117,0.0,True
7,-0.10090963637480227,False,,-0.10090963637480227,False,117,0.0,True
8,-0.10543488120774851,False,,-0.10543488120774851,False,117,0.0,True
9,-0.0991754877306556,False,,-0.0991754877306556,False,117,0.0,True
10,-0.09850856021042045,False,,-0.09850856021042045,False,117,0.0,True
11,-0.0972193720633738,False,,-0.0972193720633738,False,117,0.0,True
12,-0.10485703070421046,False,,-0.10485703070421046,False,117,0.0,True
13,-0.10062335829798016,False,,-0.10062335829798016,False,117,0.0,True
14,-0.097720899839324,False,,-0.097720899839324,False,117,0.0,True
15,-0.09693830301314423,False,,-0.09693830301314423,False,117,0.0,True
16,-0.11032920197042873,False,,-0.11032920197042873,False,117,0.0,True
17,-0.09823651931416685,False,,-0.09823651931416685,False,117,0.0,True
18,-0.10007022694667243,False,,-0.10007022694667243,False,117,0.0,True
19,-0.09711626986334357,False,,-0.09711626986334357,False,117,0.0,True
20,-0.11279473846908095,False,,-0.11279473846908095,False,117,0.0,True
21,-0.0949424284486125,False,,-0.0949424284486125,False,117,0.0,True
22,-0.11002166145520115,False,,-0.11002166145520115,False,117,0.0,True
23,-0.1009128662233294,False,,-0.1009128662233294,False,117,0.0,True
24,-0.11070513498793605,False,,-0.11070513498793605,False,117,0.0,True
25,-0.09937416901912782,False,,-0.09937416901912782,False,117,0.0,True
26,-0.10384581636149402,False,,-0.10384581636149402,False,117,0.0,True
27,-0.10247117035578872,False,,-0.10247117035578872,False,117,0.0,True
28,-0.10130978006060076,False,,-0.10130978006060076,False,117,0.0,True
29,-0.09449995346372103,False,,-0.09449995346372103,False,117,0.0,True
30,-0.11675612361901372,False,,-0.11675612361901372,False,117,0.0,True
31,-0.10556147935616658,False,,-0.10556147935616658,False,117,0.0,True
32,-0.10496141219296864,False,,-0.10496141219296864,False,117,0.0,True
33,-0.0987807906900096,False,,-0.0987807906900096,False,117,0.0,True
34,-0.0916905197122366,False,,-0.0916905197122366,False,117,0.0,True
35,-0.1050065439923014,False,,-0.1050065439923014,False,117,0.0,True
36,-0.10310059018094717,False,,-0.10310059018094717,False,117,0.0,True
37,-0.10863216778640522,False,,-0.10863216778640522,False,117,0.0,True
38,-0.09379075729178674,False,,-0.09379075729178674,False,117,0.0,True
39,-0.10141931864093745,False,,-0.10141931864093745,False,117,0.0,True
40,-0.09673931141557296,False,,-0.09673931141557296,False,117,0.0,True
41,-0.09785089657201052,False,,-0.09785089657201052,False,117,0.0,True
42,-0.09547292124744974,False,,-0.09547292124744974,False,117,0.0,True
43,-0.09356914635656144,False,,-0.09356914635656144,False,117,0.0,True
44,-0.0954606994905276,False,,-0.0954606994905276,False,117,0.0,True
45,-0.10098693890706181,False,,-0.10098693890706181,False,117,0.0,True
46,-0.09824547023770237,False,,-0.09824547023770237,False,117,0.0,True
47,-0.09616010003026604,False,,-0.09616010003026604,False,117,0.0,True
48,-0.10437967970607093,False,,-0.10437967970607093,False,117,0.0,True
49,-0.09422203392268583,False,,-0.09422203392268583,False,117,0.0,True
50,-0.10688892002496608,False,,-0.10688892002496608,False,117,0.0,True
51,-0.10581332547308525,False,,-0.10581332547308525,False,117,0.0,True
52,-0.09815847609342881,False,,-0.09815847609342881,False,117,0.0,True
53,-0.10977970472894405,False,,-0.10977970472894405,False,117,0.0,True
54,-0.0998111397249139,False,,-0.0998111397249139,False,117,0.0,True
55,-0.10839613210952448,False,,-0.10839613210952448,False,117,0.0,True
56,-0.09847695070553306,False,,-0.09847695070553306,False,117,0.0,True
57,-0.10155940265397259,False,,-0.10155940265397259,False,117,0.0,True
58,-0.10308718049106944,False,,-0.10308718049106944,False,117,0.0,True
59,-0.09928896987090699,False,,-0.09928896987090699,False,117,0.0,True
60,-0.1028776084088886,False,,-0.1028776084088886,False,117,0.0,True
61,-0.09745341401946031,False,,-0.09745341401946031,False,117,0.0,True
62,-0.11063422312525543,False,,-0.11063422312525543,False,117,0.0,True
63,-0.10405597485407522,False,,-0.10405597485407522,False,117,0.0,True
0,-0.08708111979867666,True,,-0.08708111979867666,True,118,0.0,True
1,-0.0878456813025187,False,,-0.0878456813025187,False,118,0.0,True
2,-0.09079377161328095,False,,-0.09079377161328095,False,118,0.0,True
3,-0.08659294510634823,False,,-0.08659294510634823,False,118,0.0,True
4,-0.10092597066628767,False,,-0.10092597066628767,False,118,0.0,True
5,-0.07930113094475222,False,,-0.07930113094475222,False,118,0.0,True
6,-0.07987090340819775,False,,-0.07987090340819775,False,118,0.0,True
7,-0.08374316509811681,False,,-0.08374316509811681,False,118,0.0,True
8,-0.09313935618238892,False,,-0.09313935618238892,False,118,0.0,True
9,-0.09874716904388789,False,,-0.09874716904388789,False,118,0.0,True
10,-0.08004186807227169,False,,-0.08004186807227169,False,118,0.0,True
11,-0.08997457560373318,False,,-0.08997457560373318,False,118,0.0,True
12,-0.09000649453186585,False,,-0.09000649453186585,False,118,0.0,True
13,-0.08622360923074429,False,,-0.08622360923074429,False,118,0.0,True
14,-0.07588639276718456,False,,-0.07588639276718456,False,118,0.0,True
15,-0.08318201114143724,False,,-0.08318201114143724,False,118,0.0,True
16,-0.08840652236509304,False,,-0.08840652236509304,False,118,0.0,True
17,-0.08260065316967208,False,,-0.08260065316967208,False,118,0.0,True
18,-0.07863826201753427,False,,-0.07863826201753427,False,118,0.0,True
19,-0.08088330269562286,False,,-0.08088330269562286,False,118,0.0,True
20,-0.08524602116631635,False,,-0.08524602116631635,False,118,0.0,True
21,-0.08414624031240499,False,,-0.08414624031240499,False,118,0.0,True
22,-0.08590408615980896,False,,-0.08590408615980896,False,118,0.0,True
23,-0.08710423701805345,False,,-0.08710423701805345,False,118,0.0,True
24,-0.0867187080257415,False,,-0.0867187080257415,False,118,0.0,True
25,-0.09105350816068555,False,,-0.09105350816068555,False,118,0.0,True
26,-0.09499571202066148,False,,-0.09499571202066148,False,118,0.0,True
27,-0.08886216639906017,False,,-0.08886216639906017,False,118,0.0,True
28,-0.09341963298748562,False,,-0.09341963298748562,False,118,0.0,True
29,-0.08597588372584755,False,,-0.08597588372584755,False,118,0.0,True
30,-0.10517528938089438,False,,-0.10517528938089438,False,118,0.0,True
31,-0.1007959237069071,False,,-0.1007959237069071,False,118,0.0,True
32,-0.09647557443346169,False,,-0.09647557443346169,False,118,0.0,True
33,-0.10061036559318719,False,,-0.10061036559318719,False,118,0.0,True
34,-0.08581959943217897,False,,-0.08581959943217897,False,118,0.0,True
35,-0.0801176861687072,False,,-0.0801176861687072,False,118,0.0,True
36,-0.08037817547653489,False,,-0.08037817547653489,False,118,0.0,True
37,-0.0855536014899896,False,,-0.0855536014899896,False,118,0.0,True
38,-0.08066724802517046,False,,-0.08066724802517046,False,118,0.0,True
39,-0.08469400653228078,False,,-0.08469400653228078,False,118,0.0,True
40,-0.08677184815248826,False,,-0.08677184815248826,False,118,0.0,True
41,-0.08387234648285632,False,,-0.08387234648285632,False,118,0.0,True
42,-0.0874716487062582,False,,-0.0874716487062582,False,118,0.0,True
43,-0.08612968295295668,False,,-0.08612968295295668,False,118,0.0,True
44,-0.08984385406596353,False,,-0.08984385406596353,False,118,0.0,True
45,-0.08365471818996108,False,,-0.08365471818996108,False,118,0.0,True
46,-0.08463882865557747,False,,-0.08463882865557747,False,118,0.0,True
47,-0.08768289722020656,False,,-0.08768289722020656,False,118,0.0,True
48,-0.08054918538315137,False,,-0.08054918538315137,False,118,0.0,True
49,-0.08991291217877193,False,,-0.08991291217877193,False,118,0.0,True
50,-0.08196235201959996,False,,-0.08196235201959996,False,118,0.0,True
51,-0.085219970418734,False,,-0.085219970418734,False,118,0.0,True
52,-0.09649939948370662,False,,-0.09649939948370662,False,118,0.0,True
53,-0.09987259629284094,False,,-0.09987259629284094,False,118,0.0,True
54,-0.08688356672424734,False,,-0.08688356672424734,False,118,0.0,True
55,-0.08453037511366215,False,,-0.08453037511366215,False,118,0.0,True
56,-0.08610240973339274,False,,-0.08610240973339274,False,118,0.0,True
57,-0.07949653597105526,False,,-0.07949653597105526,False,118,0.0,True
58,-0.0795502190381161,False,,-0.0795502190381161,False,118,0.0,True
59,-0.08674513769972989,False,,-0.08674513769972989,False,118,0.0,True
60,-0.07967439257508085,False,,-0.07967439257508085,False,118,0.0,True
61,-0.08653252825557119,False,,-0.08653252825557119,False,118,0.0,True
62,-0.10255556984423575,False,,-0.10255556984423575,False,118,0.0,True
63,-0.08886355445378676,False,,-0.08886355445378676,False,118,0.0,True
0,-0.16723871504018684,True,,-0.16723871504018684,True,119,0.0,True
1,-0.16476700222300517,False,,-0.16476700222300517,False,119,0.0,True
2,-0.1585001438800711,False,,-0.1585001438800711,False,119,0.0,True
3,-0.14992302146983147,False,,-0.14992302146983147,False,119,0.0,True
4,-0.15158555997550624,False,,-0.15158555997550624,False,119,0.0,True
5,-0.15396279891093412,False,,-0.15396279891093412,False,119,0.0,True
6,-0.14602806516865827,False,,-0.14602806516865827,False,119,0.0,True
7,-0.15918200211929026,False,,-0.15918200211929026,False,119,0.0,True
8,-0.14847996701785002,False,,-0.14847996701785002,False,119,0.0,True
9,-0.15537096962979574,False,,-0.15537096962979574,False,119,0.0,True
10,-0.1513670463980003,False,,-0.1513670463980003,False,119,0.0,True
11,-0.1564355451476044,False,,-0.1564355451476044,False,119,0.0,True
12,-0.15554648373380725,False,,-0.15554648373380725,False,119,0.0,True
13,-0.1530918964723923,False,,-0.1530918964723923,False,119,0.0,True
14,-0.15431335944183341,False,,-0.15431335944183341,False,119,0.0,True
15,-0.15358101139244212,False,,-0.15358101139244212,False,119,0.0,True
16,-0.15836844710461795,False,,-0.15836844710461795,False,119,0.0,True
17,-0.15200576176360764,False,,-0.15200576176360764,False,119,0.0,True
18,-0.15180069114090397,False,,-0.15180069114090397,False,119,0.0,True
19,-0.15230168193721283,False,,-0.15230168193721283,False,119,0.0,True
20,-0.15840241656866835,False,,-0.15840241656866835,False,119,0.0,True
21,-0.15086163563037397,False,,-0.15086163563037397,False,119,0.0,True
22,-0.1566961673518033,False,,-0.1566961673518033,False,119,0.0,True
23,-0.14999044781682497,False,,-0.14999044781682497,False,119,0.0,True
24,-0.1470204023086013,False,,-0.1470204023086013,False,119,0.0,True
25,-0.15170275487345952,False,,-0.15170275487345952,False,119,0.0,True
26,-0.15109378895899334,False,,-0.15109378895899334,False,119,0.0,True
27,-0.1551902899686535,False,,-0.1551902899686535,False,119,0.0,True
28,-0.1508119566223267,False,,-0.1508119566223267,False,119,0.0,True
29,-0.151284464339839,False,,-0.151284464339839,False,119,0.0,True
30,-0.16185075144981043,False,,-0.16185075144981043,False,119,0.0,True
31,-0.15255979904482264,False,,-0.15255979904482264,False,119,0.0,True
32,-0.1558627352225468,False,,-0.1558627352225468,False,119,0.0,True
33,-0.15265705294289428,False,,-0.15265705294289428,False,119,0.0,True
34,-0.14887116712100407,False,,-0.14887116712100407,False,119,0.0,True
35,-0.1584379964807973,False,,-0.1584379964807973,False,119,0.0,True
36,-0.16162688238451145,False,,-0.16162688238451145,False,119,0.0,True
37,-0.1495921251218641,False,,-0.1495921251218641,False,119,0.0,True
38,-0.15770889987223113,False,,-0.15770889987223113,False,119,0.0,True
39,-0.1518372489747271,False,,-0.1518372489747271,False,119,0.0,True
40,-0.1539147253721934,False,,-0.1539147253721934,False,119,0.0,True
41,-0.15530326856620574,False,,-0.15530326856620574,False,119,0.0,True
42,-0.1551029786371329,False,,-0.1551029786371329,False,119,0.0,True
43,-0.1629710908323292,False,,-0.1629710908323292,False,119,0.0,True
44,-0.1562923373958795,False,,-0.1562923373958795,False,119,0.0,True
45,-0.15802429704617232,False,,-0.15802429704617232,False,119,0.0,True
46,-0.15578541157739412,False,,-0.15578541157739412,False,119,0.0,True
47,-0.1513467722776008,False,,-0.1513467722776008,False,119,0.0,True
48,-0.1504763792692757,False,,-0.1504763792692757,False,119,0.0,True
49,-0.15290666565431266,False,,-0.15290666565431266,False,119,0.0,True
50,-0.16166468749002014,False,,-0.16166468749002014,False,119,0.0,True
51,-0.15199721623577322,False,,-0.15199721623577322,False,119,0.0,True
52,-0.1542011893317906,False,,-0.1542011893317906,False,119,0.0,True
53,-0.15186285897806068,False,,-0.15186285897806068,False,119,0.0,True
54,-0.14804889821923764,False,,-0.14804889821923764,False,119,0.0,True
55,-0.15570940028939323,False,,-0.15570940028939323,False,119,0.0,True
56,-0.14941162118810547,False,,-0.14941162118810547,False,119,0.0,True
57,-0.15440436699014207,False,,-0.15440436699014207,False,119,0.0,True
58,-0.1597256347667481,False,,-0.1597256347667481,False,119,0.0,True
59,-0.15823386617033797,False,,-0.15823386617033797,False,119,0.0,True
60,-0.15170444137955236,False,,-0.15170444137955236,False,119,0.0,True
61,-0.1576322873411955,False,,-0.1576322873411955,False,119,0.0,True
62,-0.15977515931051045,False,,-0.15977515931051045,False,119,0.0,True
63,-0.16191574788089041,False,,-0.16191574788089041,False,119,0.0,True
0,-0.18590693101256373,True,,-0.18590693101256373,True,120,0.0,True
1,-0.1879894632384705,False,,-0.1879894632384705,False,120,0.0,True
2,-0.17659875698585006,False,,-0.17659875698585006,False,120,0.0,True
3,-0.1817000610059939,False,,-0.1817000610059939,False,120,0.0,True
4,-0.17199156077263936,False,,-0.17199156077263936,False,120,0.0,True
5,-0.16837610677244075,False,,-0.16837610677244075,False,120,0.0,True
6,-0.1754083563893395,False,,-0.1754083563893395,False,120,0.0,True
7,-0.17297928892216274,False,,-0.17297928892216274,False,120,0.0,True
8,-0.16928871501504375,False,,-0.16928871501504375,False,120,0.0,True
9,-0.1828285574720061,False,,-0.1828285574720061,False,120,0.0,True
10,-0.17569738537189095,False,,-0.17569738537189095,False,120,0.0,True
11,-0.17276772053187361,False,,-0.17276772053187361,False,120,0.0,True
12,-0.1756768839895631,False,,-0.1756768839895631,False,120,0.0,True
13,-0.18549726147455922,False,,-0.18549726147455922,False,120,0.0,True
14,-0.16785263090232078,False,,-0.16785263090232078,False,120,0.0,True
15,-0.17664145234898332,False,,-0.17664145234898332,False,120,0.0,True
16,-0.16722812109963625,False,,-0.16722812109963625,False,120,0.0,True
17,-0.17315136802665476,False,,-0.17315136802665476,False,120,0.0,True
18,-0.18181746098622525,False,,-0.18181746098622525,False,120,0.0,True
19,-0.16987086142896807,False,,-0.16987086142896807,False,120,0.0,True
20,-0.19446603448268518,False,,-0.19446603448268518,False,120,0.0,True
21,-0.18030294575809297,False,,-0.18030294575809297,False,120,0.0,True
22,-0.16459754666534104,False,,-0.16459754666534104,False,120,0.0,True
23,-0.17290285845891568,False,,-0.17290285845891568,False,120,0.0,True
24,-0.17172854353145756,False,,-0.17172854353145756,False,120,0.0,True
25,-0.16861978833120816,False,,-0.16861978833120816,False,120,0.0,True
26,-0.1817669636801748,False,,-0.1817669636801748,False,120,0.0,True
27,-0.17299114596333207,False,,-0.17299114596333207,False,120,0.0,True
28,-0.1755846188427833,False,,-0.1755846188427833,False,120,0.0,True
29,-0.17013502812392667,False,,-0.17013502812392667,False,120,0.0,True
30,-0.17119907764635167,False,,-0.17119907764635167,False,120,0.0,True
31,-0.1794100133320115,False,,-0.1794100133320115,False,120,0.0,True
32,-0.17650525388149269,False,,-0.17650525388149269,False,120,0.0,True
33,-0.16565953057853555,False,,-0.16565953057853555,False,120,0.0,True
34,-0.17477279639411153,False,,-0.17477279639411153,False,120,0.0,True
35,-0.16926230840505613,False,,-0.16926230840505613,False,120,0.0,True
36,-0.17977596772362708,False,,-0.17977596772362708,False,120,0.0,True
37,-0.16463793530524454,False,,-0.16463793530524454,False,120,0.0,True
38,-0.1827346378930878,False,,-0.1827346378930878,False,120,0.0,True
39,-0.17448081913153413,False,,-0.17448081913153413,False,120,0.0,True
40,-0.16853512075099925,False,,-0.16853512075099925,False,120,0.0,True
41,-0.17973725813965816,False,,-0.17973725813965816,False,120,0.0,True
42,-0.16916586164050665,False,,-0.16916586164050665,False,120,0.0,True
43,-0.17482399468783974,False,,-0.17482399468783974,False,120,0.0,True
44,-0.18433375825618875,False,,-0.18433375825618875,False,120,0.0,True
45,-0.18179938338401874,False,,-0.18179938338401874,False,120,0.0,True
46,-0.1819528952777461,False,,-0.1819528952777461,False,120,0.0,True
47,-0.17677444979352894,False,,-0.17677444979352894,False,120,0.0,True
48,-0.1756187284626217,False,,-0.1756187284626217,False,120,0.0,True
49,-0.17481176658478464,False,,-0.17481176658478464,False,120,0.0,True
50,-0.17497573615690998,False,,-0.17497573615690998,False,120,0.0,True
51,-0.17188847357091946,False,,-0.17188847357091946,False,120,0.0,True
52,-0.1752858322056992,False,,-0.1752858322056992,False,120,0.0,True
53,-0.1659733431469328,False,,-0.1659733431469328,False,120,0.0,True
54,-0.17212434431811868,False,,-0.17212434431811868,False,120,0.0,True
55,-0.17475271409094803,False,,-0.17475271409094803,False,120,0.0,True
56,-0.17079322895401705,False,,-0.17079322895401705,False,120,0.0,True
57,-0.17664643398308547,False,,-0.17664643398308547,False,120,0.0,True
58,-0.17517028037448437,False,,-0.17517028037448437,False,120,0.0,True
59,-0.16993797430651011,False,,-0.16993797430651011,False,120,0.0,True
60,-0.18314677691171852,False,,-0.18314677691171852,False,120,0.0,True
61,-0.17851917459850547,False,,-0.17851917459850547,False,120,0.0,True
62,-0.1863719582325796,False,,-0.1863719582325796,False,120,0.0,True
63,-0.17787179112639195,False,,-0.17787179112639195,False,120,0.0,True
0,-0.23798505543890047,True,,-0.23798505543890047,True,121,0.0,True
1,-0.23193416448418408,False,,-0.23193416448418408,False,121,0.0,True
2,-0.21563007175724,False,,-0.21563007175724,False,121,0.0,True
3,-0.2237263526973649,False,,-0.2237263526973649,False,121,0.0,True
4,-0.2158880452465514,False,,-0.2158880452465514,False,121,0.0,True
5,-0.21678314045447097,False,,-0.21678314045447097,False,121,0.0,True
6,-0.2165541040503089,False,,-0.2165541040503089,False,121,0.0,True
7,-0.21872005939218958,False,,-0.21872005939218958,False,121,0.0,True
8,-0.217314879585162,False,,-0.217314879585162,False,121,0.0,True
9,-0.22228487851383127,False,,-0.22228487851383127,False,121,0.0,True
10,-0.21794321715051376,False,,-0.21794321715051376,False,121,0.0,True
11,-0.2178713882050918,False,,-0.2178713882050918,False,121,0.0,True
12,-0.21814858630213185,False,,-0.21814858630213185,False,121,0.0,True
13,-0.21578581731890378,False,,-0.21578581731890378,False,121,0.0,True
14,-0.2161069768333675,False,,-0.2161069768333675,False,121,0.0,True
15,-0.22280555367679822,False,,-0.22280555367679822,False,121,0.0,True
16,-0.21766820588306623,False,,-0.21766820588306623,False,121,0.0,True
17,-0.21698727810684332,False,,-0.21698727810684332,False,121,0.0,True
18,-0.22426805976167233,False,,-0.22426805976167233,False,121,0.0,True
19,-0.21467435457979156,False,,-0.21467435457979156,False,121,0.0,True
20,-0.21992198416870926,False,,-0.21992198416870926,False,121,0.0,True
21,-0.2307762520160011,False,,-0.2307762520160011,False,121,0.0,True
22,-0.2234745625215917,False,,-0.2234745625215917,False,121,0.0,True
23,-0.2126747264557254,False,,-0.2126747264557254,False,121,0.0,True
24,-0.21874841745922138,False,,-0.21874841745922138,False,121,0.0,True
25,-0.21914319248132214,False,,-0.21914319248132214,False,121,0.0,True
26,-0.2085404832302334,False,,-0.2085404832302334,False,121,0.0,True
27,-0.2162281046602681,False,,-0.2162281046602681,False,121,0.0,True
28,-0.22223108840762787,False,,-0.22223108840762787,False,121,0.0,True
29,-0.21670488369737437,False,,-0.21670488369737437,False,121,0.0,True
30,-0.22600602028563188,False,,-0.22600602028563188,False,121,0.0,True
31,-0.23079967533015056,False,,-0.23079967533015056,False,121,0.0,True
32,-0.2274950982074939,False,,-0.2274950982074939,False,121,0.0,True
33,-0.22797993545376105,False,,-0.22797993545376105,False,121,0.0,True
34,-0.21529232397738673,False,,-0.21529232397738673,False,121,0.0,True
35,-0.22554231654675455,False,,-0.22554231654675455,False,121,0.0,True
36,-0.22974109432124273,False,,-0.22974109432124273,False,121,0.0,True
37,-0.21467676231047955,False,,-0.21467676231047955,False,121,0.0,True
38,-0.21703038527697321,False,,-0.21703038527697321,False,121,0.0,True
39,-0.218111425839003,False,,-0.218111425839003,False,121,0.0,True
40,-0.2182329865023483,False,,-0.2182329865023483,False,121,0.0,True
41,-0.2195829601206631,False,,-0.2195829601206631,False,121,0.0,True
42,-0.22554216859584852,False,,-0.22554216859584852,False,121,0.0,True
43,-0.22601478744421832,False,,-0.22601478744421832,False,121,0.0,True
44,-0.21943489237535402,False,,-0.21943489237535402,False,121,0.0,True
45,-0.22139694521373698,False,,-0.22139694521373698,False,121,0.0,True
46,-0.2254546446511304,False,,-0.2254546446511304,False,121,0.0,True
47,-0.21727656755846525,False,,-0.21727656755846525,False,121,0.0,True
48,-0.21288755697159745,False,,-0.21288755697159745,False,121,0.0,True
49,-0.2198680647653372,False,,-0.2198680647653372,False,121,0.0,True
50,-0.22457829136322155,False,,-0.22457829136322155,False,121,0.0,True
51,-0.21506025112519017,False,,-0.21506025112519017,False,121,0.0,True
52,-0.22128041065347354,False,,-0.22128041065347354,False,121,0.0,True
53,-0.21298534943288389,False,,-0.21298534943288389,False,121,0.0,True
54,-0.22502335626095135,False,,-0.22502335626095135,False,121,0.0,True
55,-0.21779170198386233,False,,-0.21779170198386233,False,121,0.0,True
56,-0.2250608755096852,False,,-0.2250608755096852,False,121,0.0,True
57,-0.221007374599287,False,,-0.221007374599287,False,121,0.0,True
58,-0.21842156039700947,False,,-0.21842156039700947,False,121,0.0,True
59,-0.21514930527816598,False,,-0.21514930527816598,False,121,0.0,True
60,-0.21922634269875546,False,,-0.21922634269875546,False,121,0.0,True
61,-0.22232074513950462,False,,-0.22232074513950462,False,121,0.0,True
62,-0.22339483572414753,False,,-0.22339483572414753,False,121,0.0,True
63,-0.22500411499412432,False,,-0.22500411499412432,False,121,0.0,True
0,-0.2548950039512943,True,,-0.2548950039512943,True,122,0.0,True
1,-0.2607067785342191,False,,-0.2607067785342191,False,122,0.0,True
2,-0.23878204095694786,False,,-0.23878204095694786,False,122,0.0,True
3,-0.23604072062681297,False,,-0.23604072062681297,False,122,0.0,True
4,-0.23676078816049545,False,,-0.23676078816049545,False,122,0.0,True
5,-0.23991068205977215,False,,-0.23991068205977215,False,122,0.0,True
6,-0.23406038325987458,False,,-0.23406038325987458,False,122,0.0,True
7,-0.24432290459750045,False,,-0.24432290459750045,False,122,0.0,True
8,-0.23127628784693616,False,,-0.23127628784693616,False,122,0.0,True
9,-0.23175371214106494,False,,-0.23175371214106494,False,122,0.0,True
10,-0.23544066956514867,False,,-0.23544066956514867,False,122,0.0,True
11,-0.236849934788714,False,,-0.236849934788714,False,122,0.0,True
12,-0.23228289512694572,False,,-0.23228289512694572,False,122,0.0,True
13,-0.23676538704326716,False,,-0.23676538704326716,False,122,0.0,True
14,-0.23225351700178637,False,,-0.23225351700178637,False,122,0.0,True
15,-0.24506103383291872,False,,-0.24506103383291872,False,122,0.0,True
16,-0.23486828488641137,False,,-0.23486828488641137,False,122,0.0,True
17,-0.2365181868050668,False,,-0.2365181868050668,False,122,0.0,True
18,-0.23727391151533275,False,,-0.23727391151533275,False,122,0.0,True
19,-0.2354997498351231,False,,-0.2354997498351231,False,122,0.0,True
20,-0.23212808672424762,False,,-0.23212808672424762,False,122,0.0,True
21,-0.23494465326732983,False,,-0.23494465326732983,False,122,0.0,True
22,-0.2285801635875208,False,,-0.2285801635875208,False,122,0.0,True
23,-0.23286983629385982,False,,-0.23286983629385982,False,122,0.0,True
24,-0.23505344749776555,False,,-0.23505344749776555,False,122,0.0,True
25,-0.2426141448682131,False,,-0.2426141448682131,False,122,0.0,True
26,-0.2347874626812819,False,,-0.2347874626812819,False,122,0.0,True
27,-0.24016636575366354,False,,-0.24016636575366354,False,122,0.0,True
28,-0.2314829272792972,False,,-0.2314829272792972,False,122,0.0,True
29,-0.23076372832346975,False,,-0.23076372832346975,False,122,0.0,True
30,-0.23662221483657514,False,,-0.23662221483657514,False,122,0.0,True
31,-0.23067793038862439,False,,-0.23067793038862439,False,122,0.0,True
32,-0.2303472763409211,False,,-0.2303472763409211,False,122,0.0,True
33,-0.23668355838433805,False,,-0.23668355838433805,False,122,0.0,True
34,-0.24063039138114642,False,,-0.24063039138114642,False,122,0.0,True
35,-0.2314553635754379,False,,-0.2314553635754379,False,122,0.0,True
36,-0.23949638437811135,False,,-0.23949638437811135,False,122,0.0,True
37,-0.22629742063202452,False,,-0.22629742063202452,False,122,0.0,True
38,-0.22904623340872993,False,,-0.22904623340872993,False,122,0.0,True
39,-0.23673559774289332,False,,-0.23673559774289332,False,122,0.0,True
40,-0.24989973372265845,False,,-0.24989973372265845,False,122,0.0,True
41,-0.2300519691859601,False,,-0.2300519691859601,False,122,0.0,True
42,-0.23810952990073875,False,,-0.23810952990073875,False,122,0.0,True
43,-0.23415169217823037,False,,-0.23415169217823037,False,122,0.0,True
44,-0.23779538809175071,False,,-0.23779538809175071,False,122,0.0,True
45,-0.23623856034658233,False,,-0.23623856034658233,False,122,0.0,True
46,-0.23913885716049815,False,,-0.23913885716049815,False,122,0.0,True
47,-0.241538567873073,False,,-0.241538567873073,False,122,0.0,True
48,-0.23201089929201962,False,,-0.23201089929201962,False,122,0.0,True
49,-0.24166731088634122,False,,-0.24166731088634122,False,122,0.0,True
50,-0.2318109316917008,False,,-0.2318109316917008,False,122,0.0,True
51,-0.2364590810017253,False,,-0.2364590810017253,False,122,0.0,True
52,-0.23451280555921267,False,,-0.23451280555921267,False,122,0.0,True
53,-0.2346563122591232,False,,-0.2346563122591232,False,122,0.0,True
54,-0.22803065881507928,False,,-0.22803065881507928,False,122,0.0,True
55,-0.24183461797400868,False,,-0.24183461797400868,False,122,0.0,True
56,-0.24112508588837722,False,,-0.24112508588837722,False,122,0.0,True
57,-0.24000235837515183,False,,-0.24000235837515183,False,122,0.0,True
58,-0.2310273620215439,False,,-0.2310273620215439,False,122,0.0,True
59,-0.23398738070253072,False,,-0.23398738070253072,False,122,0.0,True
60,-0.23047494268929,False,,-0.23047494268929,False,122,0.0,True
61,-0.24598221158650532,False,,-0.24598221158650532,False,122,0.0,True
62,-0.23472617370673582,False,,-0.23472617370673582,False,122,0.0,True
63,-0.23802368770413607,False,,-0.23802368770413607,False,122,0.0,True
0,-0.24851931453559384,True,,-0.24851931453559384,True,123,0.0,True
1,-0.24341276163701092,False,,-0.24341276163701092,False,123,0.0,True
2,-0.22314770389609667,False,,-0.22314770389609667,False,123,0.0,True
3,-0.2252112512484819,False,,-0.2252112512484819,False,123,0.0,True
4,-0.22644569286558267,False,,-0.22644569286558267,False,123,0.0,True
5,-0.2269844962831952,False,,-0.2269844962831952,False,123,0.0,True
6,-0.22991839242036272,False,,-0.22991839242036272,False,123,0.0,True
7,-0.22400471047392545,False,,-0.22400471047392545,False,123,0.0,True
8,-0.23246356407710722,False,,-0.23246356407710722,False,123,0.0,True
9,-0.21845026889730457,False,,-0.21845026889730457,False,123,0.0,True
10,-0.21818016599843634,False,,-0.21818016599843634,False,123,0.0,True
11,-0.228726105868636,False,,-0.228726105868636,False,123,0.0,True
12,-0.22501717777265082,False,,-0.22501717777265082,False,123,0.0,True
13,-0.2213499901914882,False,,-0.2213499901914882,False,123,0.0,True
14,-0.23336287556559698,False,,-0.23336287556559698,False,123,0.0,True
15,-0.22641774201614956,False,,-0.22641774201614956,False,123,0.0,True
16,-0.2358666448695871,False,,-0.2358666448695871,False,123,0.0,True
17,-0.22587097246953503,False,,-0.22587097246953503,False,123,0.0,True
18,-0.2333547283875221,False,,-0.2333547283875221,False,123,0.0,True
19,-0.2329352963006074,False,,-0.2329352963006074,False,123,0.0,True
20,-0.22685990619792573,False,,-0.22685990619792573,False,123,0.0,True
21,-0.22137221516508682,False,,-0.22137221516508682,False,123,0.0,True
22,-0.2236880000441085,False,,-0.2236880000441085,False,123,0.0,True
23,-0.22752347694506986,False,,-0.22752347694506986,False,123,0.0,True
24,-0.22708634202936998,False,,-0.22708634202936998,False,123,0.0,True
25,-0.21967631886705158,False,,-0.21967631886705158,False,123,0.0,True
26,-0.22599068673041317,False,,-0.22599068673041317,False,123,0.0,True
27,-0.2201051369725087,False,,-0.2201051369725087,False,123,0.0,True
28,-0.2358182636571987,False,,-0.2358182636571987,False,123,0.0,True
29,-0.22087401745168422,False,,-0.22087401745168422,False,123,0.0,True
30,-0.2178067579135682,False,,-0.2178067579135682,False,123,0.0,True
31,-0.23907127122432983,False,,-0.23907127122432983,False,123,0.0,True
32,-0.22582246590483243,False,,-0.22582246590483243,False,123,0.0,True
33,-0.22174838849037043,False,,-0.22174838849037043,False,123,0.0,True
34,-0.22077452106828893,False,,-0.22077452106828893,False,123,0.0,True
35,-0.2357006071453815,False,,-0.2357006071453815,False,123,0.0,True
36,-0.2252334037303069,False,,-0.2252334037303069,False,123,0.0,True
37,-0.2326847463375193,False,,-0.2326847463375193,False,123,0.0,True
38,-0.22262734332138606,False,,-0.22262734332138606,False,123,0.0,True
39,-0.22413488278204793,False,,-0.22413488278204793,False,123,0.0,True
40,-0.21713807868801344,False,,-0.21713807868801344,False,123,0.0,True
41,-0.22014739289032842,False,,-0.22014739289032842,False,123,0.0,True
42,-0.22510779777335557,False,,-0.22510779777335557,False,123,0.0,True
43,-0.22116820002342244,False,,-0.22116820002342244,False,123,0.0,True
44,-0.221223192255133,False,,-0.221223192255133,False,123,0.0,True
45,-0.22343587450728325,False,,-0.22343587450728325,False,123,0.0,True
46,-0.2362169125470711,False,,-0.2362169125470711,False,123,0.0,True
47,-0.22471958709133388,False,,-0.22471958709133388,False,123,0.0,True
48,-0.2202269785331666,False,,-0.2202269785331666,False,123,0.0,True
49,-0.22424985836986686,False,,-0.22424985836986686,False,123,0.0,True
50,-0.22943111919539844,False,,-0.22943111919539844,False,123,0.0,True
51,-0.2280981239326224,False,,-0.2280981239326224,False,123,0.0,True
52,-0.23104156573585374,False,,-0.23104156573585374,False,123,0.0,True
53,-0.24983472360208425,False,,-0.24983472360208425,False,123,0.0,True
54,-0.2270349395546517,False,,-0.2270349395546517,False,123,0.0,True
55,-0.2318099511676801,False,,-0.2318099511676801,False,123,0.0,True
56,-0.23111218628409863,False,,-0.23111218628409863,False,123,0.0,True
57,-0.23175682208156506,False,,-0.23175682208156506,False,123,0.0,True
58,-0.22653866888042307,False,,-0.22653866888042307,False,123,0.0,True
59,-0.2267645868522706,False,,-0.2267645868522706,False,123,0.0,True
60,-0.2323535449000601,False,,-0.2323535449000601,False,123,0.0,True
61,-0.233294904561092,False,,-0.233294904561092,False,123,0.0,True
62,-0.22299454396018153,False,,-0.22299454396018153,False,123,0.0,True
63,-0.2223695012834809,False,,-0.2223695012834809,False,123,0.0,True
0,-1.674934581322545,True,,-1.674934581322545,True,124,0.0,True
1,-1.6533089013021582,False,,-1.6533089013021582,False,124,0.0,True
2,-1.6598910297272575,False,,-1.6598910297272575,False,124,0.0,True
3,-1.655885866168475,False,,-1.655885866168475,False,124,0.0,True
4,-1.6524861900065528,False,,-1.6524861900065528,False,124,0.0,True
5,-1.653594530933227,False,,-1.653594530933227,False,124,0.0,True
6,-1.6556471869063971,False,,-1.6556471869063971,False,124,0.0,True
7,-1.6487076635301507,False,,-1.6487076635301507,False,124,0.0,True
8,-1.655209738455337,False,,-1.655209738455337,False,124,0.0,True
9,-1.6468353332526853,False,,-1.6468353332526853,False,124,0.0,True
10,-1.6501306504094417,False,,-1.6501306504094417,False,124,0.0,True
11,-1.6420379566493828,False,,-1.6420379566493828,False,124,0.0,True
12,-1.643815772239825,False,,-1.643815772239825,False,124,0.0,True
13,-1.6477977914803628,False,,-1.6477977914803628,False,124,0.0,True
14,-1.6420553462643888,False,,-1.6420553462643888,False,124,0.0,True
15,-1.6414961820575058,False,,-1.6414961820575058,False,124,0.0,True
16,-1.6509955925439233,False,,-1.6509955925439233,False,124,0.0,True
17,-1.6532466914132191,False,,-1.6532466914132191,False,124,0.0,True
18,-1.6546773109348822,False,,-1.6546773109348822,False,124,0.0,True
19,-1.6488744440651886,False,,-1.6488744440651886,False,124,0.0,True
20,-1.649719794853772,False,,-1.649719794853772,False,124,0.0,True
21,-1.652298053810949,False,,-1.652298053810949,False,124,0.0,True
22,-1.6439712173646268,False,,-1.6439712173646268,False,124,0.0,True
23,-1.6558595761035684,False,,-1.6558595761035684,False,124,0.0,True
24,-1.6445346809217976,False,,-1.6445346809217976,False,124,0.0,True
25,-1.6435367264591934,False,,-1.6435367264591934,False,124,0.0,True
26,-1.6508921683162525,False,,-1.6508921683162525,False,124,0.0,True
27,-1.6538944528370543,False,,-1.6538944528370543,False,124,0.0,True
28,-1.6519841113624651,False,,-1.6519841113624651,False,124,0.0,True
29,-1.6531252879442884,False,,-1.6531252879442884,False,124,0.0,True
30,-1.6453567262336168,False,,-1.6453567262336168,False,124,0.0,True
31,-1.6471249010293831,False,,-1.6471249010293831,False,124,0.0,True
32,-1.644158646467234,False,,-1.644158646467234,False,124,0.0,True
33,-1.680240277032181,False,,-1.680240277032181,False,124,0.0,True
34,-1.647836205784583,False,,-1.647836205784583,False,124,0.0,True
35,-1.6416721595145058,False,,-1.6416721595145058,False,124,0.0,True
36,-1.6582216190797077,False,,-1.6582216190797077,False,124,0.0,True
37,-1.645440415672096,False,,-1.645440415672096,False,124,0.0,True
38,-1.6488283251841866,False,,-1.6488283251841866,False,124,0.0,True
39,-1.6469882679552426,False,,-1.6469882679552426,False,124,0.0,True
40,-1.6480482929752869,False,,-1.6480482929752869,False,124,0.0,True
41,-1.6481816842354413,False,,-1.6481816842354413,False,124,0.0,True
42,-1.6459213232427294,False,,-1.6459213232427294,False,124,0.0,True
43,-1.6421807832063389,False,,-1.6421807832063389,False,124,0.0,True
44,-1.6665069667705055,False,,-1.6665069667705055,False,124,0.0,True
45,-1.6445207104668638,False,,-1.6445207104668638,False,124,0.0,True
46,-1.641361375286716,False,,-1.641361375286716,False,124,0.0,True
47,-1.645654179372511,False,,-1.645654179372511,False,124,0.0,True
48,-1.6517158076228617,False,,-1.6517158076228617,False,124,0.0,True
49,-1.654366343508678,False,,-1.654366343508678,False,124,0.0,True
50,-1.6535068719037427,False,,-1.6535068719037427,False,124,0.0,True
51,-1.6444689961157393,False,,-1.6444689961157393,False,124,0.0,True
52,-1.6460016938145186,False,,-1.6460016938145186,False,124,0.0,True
53,-1.65372594914386,False,,-1.65372594914386,False,124,0.0,True
54,-1.6540393945964091,False,,-1.6540393945964091,False,124,0.0,True
55,-1.6493084571571852,False,,-1.6493084571571852,False,124,0.0,True
56,-1.6457742094600611,False,,-1.6457742094600611,False,124,0.0,True
57,-1.65269869307192,False,,-1.65269869307192,False,124,0.0,True
58,-1.660083772025857,False,,-1.660083772025857,False,124,0.0,True
59,-1.6420394660593285,False,,-1.6420394660593285,False,124,0.0,True
60,-1.647148408710053,False,,-1.647148408710053,False,124,0.0,True
61,-1.6474023149156547,False,,-1.6474023149156547,False,124,0.0,True
62,-1.644824895602306,False,,-1.644824895602306,False,124,0.0,True
63,-1.6461555246572421,False,,-1.6461555246572421,False,124,0.0,True
0,-1.6502437407680675,True,,-1.6502437407680675,True,125,0.0,True
1,-1.645954625230671,False,,-1.645954625230671,False,125,0.0,True
2,-1.6116788056845708,False,,-1.6116788056845708,False,125,0.0,True
3,-1.607640375830896,False,,-1.607640375830896,False,125,0.0,True
4,-1.612691462747135,False,,-1.612691462747135,False,125,0.0,True
5,-1.6089640842440165,False,,-1.6089640842440165,False,125,0.0,True
6,-1.6115304371945298,False,,-1.6115304371945298,False,125,0.0,True
7,-1.6153504173992324,False,,-1.6153504173992324,False,125,0.0,True
8,-1.6233847936122983,False,,-1.6233847936122983,False,125,0.0,True
9,-1.618939035983289,False,,-1.618939035983289,False,125,0.0,True
10,-1.6181316559757037,False,,-1.6181316559757037,False,125,0.0,True
11,-1.6133176527212758,False,,-1.6133176527212758,False,125,0.0,True
12,-1.6062269966301475,False,,-1.6062269966301475,False,125,0.0,True
13,-1.6191229936952791,False,,-1.6191229936952791,False,125,0.0,True
14,-1.6193433251868106,False,,-1.6193433251868106,False,125,0.0,True
15,-1.6228461308612612,False,,-1.6228461308612612,False,125,0.0,True
16,-1.637367240807581,False,,-1.637367240807581,False,125,0.0,True
17,-1.6292666879224813,False,,-1.6292666879224813,False,125,0.0,True
18,-1.6201568209141433,False,,-1.6201568209141433,False,125,0.0,True
19,-1.612123462040565,False,,-1.612123462040565,False,125,0.0,True
20,-1.605987336080125,False,,-1.605987336080125,False,125,0.0,True
21,-1.6243773331711715,False,,-1.6243773331711715,False,125,0.0,True
22,-1.6164397828835053,False,,-1.6164397828835053,False,125,0.0,True
23,-1.6233799857089142,False,,-1.6233799857089142,False,125,0.0,True
24,-1.6217480314642498,False,,-1.6217480314642498,False,125,0.0,True
25,-1.6132583093681112,False,,-1.6132583093681112,False,125,0.0,True
26,-1.611566276238842,False,,-1.611566276238842,False,125,0.0,True
27,-1.6074577602926676,False,,-1.6074577602926676,False,125,0.0,True
28,-1.6162757243674881,False,,-1.6162757243674881,False,125,0.0,True
29,-1.6093142865760997,False,,-1.6093142865760997,False,125,0.0,True
30,-1.607992696089414,False,,-1.607992696089414,False,125,0.0,True
31,-1.6222756700582763,False,,-1.6222756700582763,False,125,0.0,True
32,-1.6240823170563654,False,,-1.6240823170563654,False,125,0.0,True
33,-1.6130027621014755,False,,-1.6130027621014755,False,125,0.0,True
34,-1.6135312688419121,False,,-1.6135312688419121,False,125,0.0,True
35,-1.6114682552308819,False,,-1.6114682552308819,False,125,0.0,True
36,-1.6231906202254356,False,,-1.6231906202254356,False,125,0.0,True
37,-1.6171483441697985,False,,-1.6171483441697985,False,125,0.0,True
38,-1.623772478533475,False,,-1.623772478533475,False,125,0.0,True
39,-1.6033238255760631,False,,-1.6033238255760631,False,125,0.0,True
40,-1.6393991016557512,False,,-1.6393991016557512,False,125,0.0,True
41,-1.6145266276734942,False,,-1.6145266276734942,False,125,0.0,True
42,-1.604791936245202,False,,-1.604791936245202,False,125,0.0,True
43,-1.6178161018217252,False,,-1.6178161018217252,False,125,0.0,True
44,-1.604301189841882,False,,-1.604301189841882,False,125,0.0,True
45,-1.6132271724332208,False,,-1.6132271724332208,False,125,0.0,True
46,-1.609205919816756,False,,-1.609205919816756,False,125,0.0,True
47,-1.606245038433248,False,,-1.606245038433248,False,125,0.0,True
48,-1.625825810182878,False,,-1.625825810182878,False,125,0.0,True
49,-1.6263825973091428,False,,-1.6263825973091428,False,125,0.0,True
50,-1.6227132074009318,False,,-1.6227132074009318,False,125,0.0,True
51,-1.6164615237818694,False,,-1.6164615237818694,False,125,0.0,True
52,-1.624405228441776,False,,-1.624405228441776,False,125,0.0,True
53,-1.6096953806242205,False,,-1.6096953806242205,False,125,0.0,True
54,-1.6114729842843198,False,,-1.6114729842843198,False,125,0.0,True
55,-1.6171772088172418,False,,-1.6171772088172418,False,125,0.0,True
56,-1.6111372008167846,False,,-1.6111372008167846,False,125,0.0,True
57,-1.6243001335254466,False,,-1.6243001335254466,False,125,0.0,True
58,-1.6250518060011285,False,,-1.6250518060011285,False,125,0.0,True
59,-1.6131370695617746,False,,-1.6131370695617746,False,125,0.0,True
60,-1.6082776918896342,False,,-1.6082776918896342,False,125,0.0,True
61,-1.6181647284169547,False,,-1.6181647284169547,False,125,0.0,True
62,-1.6197329279535897,False,,-1.6197329279535897,False,125,0.0,True
63,-1.6133374597582133,False,,-1.6133374597582133,False,125,0.0,True
0,-1.6219286609874775,True,,-1.6219286609874775,True,126,0.0,True
1,-1.650932579687477,False,,-1.650932579687477,False,126,0.0,True
2,-1.6394450167721324,False,,-1.6394450167721324,False,126,0.0,True
3,-1.6077634126128781,False,,-1.6077634126128781,False,126,0.0,True
4,-1.607170301077804,False,,-1.607170301077804,False,126,0.0,True
5,-1.6040408400865453,False,,-1.6040408400865453,False,126,0.0,True
6,-1.604824115199026,False,,-1.604824115199026,False,126,0.0,True
7,-1.6240470325464988,False,,-1.6240470325464988,False,126,0.0,True
8,-1.6127335184392892,False,,-1.6127335184392892,False,126,0.0,True
9,-1.5944446295287245,False,,-1.5944446295287245,False,126,0.0,True
10,-1.6026207201320293,False,,-1.6026207201320293,False,126,0.0,True
11,-1.6316898818993684,False,,-1.6316898818993684,False,126,0.0,True
12,-1.6215614551514954,False,,-1.6215614551514954,False,126,0.0,True
13,-1.6292078528453589,False,,-1.6292078528453589,False,126,0.0,True
14,-1.6340192068037929,False,,-1.6340192068037929,False,126,0.0,True
15,-1.622246500733575,False,,-1.622246500733575,False,126,0.0,True
16,-1.6184529287828684,False,,-1.6184529287828684,False,126,0.0,True
17,-1.6253228110686986,False,,-1.6253228110686986,False,126,0.0,True
18,-1.6103507906052816,False,,-1.6103507906052816,False,126,0.0,True
19,-1.6239703218418617,False,,-1.6239703218418617,False,126,0.0,True
20,-1.6067799407109056,False,,-1.6067799407109056,False,126,0.0,True
21,-1.6130692146048449,False,,-1.6130692146048449,False,126,0.0,True
22,-1.6120718195678876,False,,-1.6120718195678876,False,126,0.0,True
23,-1.6127465362739835,False,,-1.6127465362739835,False,126,0.0,True
24,-1.609777954146628,False,,-1.609777954146628,False,126,0.0,True
25,-1.604135828047432,False,,-1.604135828047432,False,126,0.0,True
26,-1.6166884656346372,False,,-1.6166884656346372,False,126,0.0,True
27,-1.6313267865613947,False,,-1.6313267865613947,False,126,0.0,True
28,-1.6149932260583224,False,,-1.6149932260583224,False,126,0.0,True
29,-1.6187661055466958,False,,-1.6187661055466958,False,126,0.0,True
30,-1.598569123822561,False,,-1.598569123822561,False,126,0.0,True
31,-1.6467730689909914,False,,-1.6467730689909914,False,126,0.0,True
32,-1.6172449838687637,False,,-1.6172449838687637,False,126,0.0,True
33,-1.6377326090951558,False,,-1.6377326090951558,False,126,0.0,True
34,-1.6093027579116574,False,,-1.6093027579116574,False,126,0.0,True
35,-1.619026039953352,False,,-1.619026039953352,False,126,0.0,True
36,-1.6297274548633252,False,,-1.6297274548633252,False,126,0.0,True
37,-1.6069164042198232,False,,-1.6069164042198232,False,126,0.0,True
38,-1.6464316024631551,False,,-1.6464316024631551,False,126,0.0,True
39,-1.5929072916554352,False,,-1.5929072916554352,False,126,0.0,True
40,-1.6249790605415064,False,,-1.6249790605415064,False,126,0.0,True
41,-1.608032096549019,False,,-1.608032096549019,False,126,0.0,True
42,-1.6203081504486259,False,,-1.6203081504486259,False,126,0.0,True
43,-1.6239657180937563,False,,-1.6239657180937563,False,126,0.0,True
44,-1.6103764068484976,False,,-1.6103764068484976,False,126,0.0,True
45,-1.632053921956043,False,,-1.632053921956043,False,126,0.0,True
46,-1.6182056456579472,False,,-1.6182056456579472,False,126,0.0,True
47,-1.6227242419235233,False,,-1.6227242419235233,False,126,0.0,True
48,-1.6236053185164325,False,,-1.6236053185164325,False,126,0.0,True
49,-1.6141551075944411,False,,-1.6141551075944411,False,126,0.0,True
50,-1.6045142306411533,False,,-1.6045142306411533,False,126,0.0,True
51,-1.6096249717751427,False,,-1.6096249717751427,False,126,0.0,True
52,-1.6098820231522606,False,,-1.6098820231522606,False,126,0.0,True
53,-1.613822493816466,False,,-1.613822493816466,False,126,0.0,True
54,-1.6062067945951712,False,,-1.6062067945951712,False,126,0.0,True
55,-1.6239579237295056,False,,-1.6239579237295056,False,126,0.0,True
56,-1.60856605001877,False,,-1.60856605001877,False,126,0.0,True
57,-1.6074133849013712,False,,-1.6074133849013712,False,126,0.0,True
58,-1.6151141629404562,False,,-1.6151141629404562,False,126,0.0,True
59,-1.6159779975922726,False,,-1.6159779975922726,False,126,0.0,True
60,-1.6108557488795323,False,,-1.6108557488795323,False,126,0.0,True
61,-1.6101547282708435,False,,-1.6101547282708435,False,126,0.0,True
62,-1.6067698129316064,False,,-1.6067698129316064,False,126,0.0,True
63,-1.624827935887083,False,,-1.624827935887083,False,126,0.0,True
0,-1.6703288056851087,True,,-1.6703288056851087,True,127,0.0,True
1,-1.6616830689106967,False,,-1.6616830689106967,False,127,0.0,True
2,-1.631856914593357,False,,-1.631856914593357,False,127,0.0,True
3,-1.6304519862052669,False,,-1.6304519862052669,False,127,0.0,True
4,-1.6274282687256032,False,,-1.6274282687256032,False,127,0.0,True
5,-1.6277570305515594,False,,-1.6277570305515594,False,127,0.0,True
6,-1.6383555591088461,False,,-1.6383555591088461,False,127,0.0,True
7,-1.6329445631814876,False,,-1.6329445631814876,False,127,0.0,True
8,-1.645507986645599,False,,-1.645507986645599,False,127,0.0,True
9,-1.6393157722477587,False,,-1.6393157722477587,False,127,0.0,True
10,-1.6251273308307954,False,,-1.6251273308307954,False,127,0.0,True
11,-1.6437581340047198,False,,-1.6437581340047198,False,127,0.0,True
12,-1.6397082582018916,False,,-1.6397082582018916,False,127,0.0,True
13,-1.63557045746771,False,,-1.63557045746771,False,127,0.0,True
14,-1.6265446898818503,False,,-1.6265446898818503,False,127,0.0,True
15,-1.6431377806390566,False,,-1.6431377806390566,False,127,0.0,True
16,-1.6282327159162864,False,,-1.6282327159162864,False,127,0.0,True
17,-1.628134229364493,False,,-1.628134229364493,False,127,0.0,True
18,-1.626065942989041,False,,-1.626065942989041,False,127,0.0,True
19,-1.6350425743760773,False,,-1.6350425743760773,False,127,0.0,True
20,-1.6198297868411164,False,,-1.6198297868411164,False,127,0.0,True
21,-1.6338136900679843,False,,-1.6338136900679843,False,127,0.0,True
22,-1.6402034203443208,False,,-1.6402034203443208,False,127,0.0,True
23,-1.622931045950302,False,,-1.622931045950302,False,127,0.0,True
24,-1.6341595287919746,False,,-1.6341595287919746,False,127,0.0,True
25,-1.6404198286939817,False,,-1.6404198286939817,False,127,0.0,True
26,-1.6590862444221053,False,,-1.6590862444221053,False,127,0.0,True
27,-1.651639068395126,False,,-1.651639068395126,False,127,0.0,True
28,-1.6391555560605415,False,,-1.6391555560605415,False,127,0.0,True
29,-1.6231744986528862,False,,-1.6231744986528862,False,127,0.0,True
30,-1.654263290018621,False,,-1.654263290018621,False,127,0.0,True
31,-1.6316437873795997,False,,-1.6316437873795997,False,127,0.0,True
32,-1.6247246656072258,False,,-1.6247246656072258,False,127,0.0,True
33,-1.626429375993856,False,,-1.626429375993856,False,127,0.0,True
34,-1.6351303862714943,False,,-1.6351303862714943,False,127,0.0,True
35,-1.624414126183968,False,,-1.624414126183968,False,127,0.0,True
36,-1.6231866521507594,False,,-1.6231866521507594,False,127,0.0,True
37,-1.6314109761523647,False,,-1.6314109761523647,False,127,0.0,True
38,-1.6414855757867177,False,,-1.6414855757867177,False,127,0.0,True
39,-1.6227103677775057,False,,-1.6227103677775057,False,127,0.0,True
40,-1.6345865864889417,False,,-1.6345865864889417,False,127,0.0,True
41,-1.6453174765766636,False,,-1.6453174765766636,False,127,0.0,True
42,-1.6194148710074756,False,,-1.6194148710074756,False,127,0.0,True
43,-1.6393704884358995,False,,-1.6393704884358995,False,127,0.0,True
44,-1.621711615508663,False,,-1.621711615508663,False,127,0.0,True
45,-1.6196841216081785,False,,-1.6196841216081785,False,127,0.0,True
46,-1.6164121110150043,False,,-1.6164121110150043,False,127,0.0,True
47,-1.6216354152482662,False,,-1.6216354152482662,False,127,0.0,True
48,-1.6277947258487073,False,,-1.6277947258487073,False,127,0.0,True
49,-1.6297156339202628,False,,-1.6297156339202628,False,127,0.0,True
50,-1.6306500773813442,False,,-1.6306500773813442,False,127,0.0,True
51,-1.6334560360000787,False,,-1.6334560360000787,False,127,0.0,True
52,-1.6247584765785448,False,,-1.6247584765785448,False,127,0.0,True
53,-1.6315618365598366,False,,-1.6315618365598366,False,127,0.0,True
54,-1.618103618972862,False,,-1.618103618972862,False,127,0.0,True
55,-1.6344032013120156,False,,-1.6344032013120156,False,127,0.0,True
56,-1.6294882959363404,False,,-1.6294882959363404,False,127,0.0,True
57,-1.623932677477125,False,,-1.623932677477125,False,127,0.0,True
58,-1.6295144955881398,False,,-1.6295144955881398,False,127,0.0,True
59,-1.619190514107424,False,,-1.619190514107424,False,127,0.0,True
60,-1.6296285491669362,False,,-1.6296285491669362,False,127,0.0,True
61,-1.6328764678864598,False,,-1.6328764678864598,False,127,0.0,True
62,-1.6398120814573127,False,,-1.6398120814573127,False,127,0.0,True
63,-1.6257314974034385,False,,-1.6257314974034385,False,127,0.0,True
0,-1.6467729999746958,True,,-1.6467729999746958,True,128,0.0,True
1,-1.6454965514024522,False,,-1.6454965514024522,False,128,0.0,True
2,-1.6159849543625755,False,,-1.6159849543625755,False,128,0.0,True
3,-1.610824742076835,False,,-1.610824742076835,False,128,0.0,True
4,-1.6176814443477827,False,,-1.6176814443477827,False,128,0.0,True
5,-1.6048106221193357,False,,-1.6048106221193357,False,128,0.0,True
6,-1.6277617606839858,False,,-1.6277617606839858,False,128,0.0,True
7,-1.6082853616812212,False,,-1.6082853616812212,False,128,0.0,True
8,-1.598218877357042,False,,-1.598218877357042,False,128,0.0,True
9,-1.636545152944615,False,,-1.636545152944615,False,128,0.0,True
10,-1.6078819389175443,False,,-1.6078819389175443,False,128,0.0,True
11,-1.6197499741231192,False,,-1.6197499741231192,False,128,0.0,True
12,-1.6177500270975056,False,,-1.6177500270975056,False,128,0.0,True
13,-1.609503259291218,False,,-1.609503259291218,False,128,0.0,True
14,-1.6063850759777516,False,,-1.6063850759777516,False,128,0.0,True
15,-1.6276031095595944,False,,-1.6276031095595944,False,128,0.0,True
16,-1.623990937354187,False,,-1.623990937354187,False,128,0.0,True
17,-1.6212950315783357,False,,-1.6212950315783357,False,128,0.0,True
18,-1.6169636866985913,False,,-1.6169636866985913,False,128,0.0,True
19,-1.6306771015704267,False,,-1.6306771015704267,False,128,0.0,True
20,-1.6344063707996201,False,,-1.6344063707996201,False,128,0.0,True
21,-1.627598550160853,False,,-1.627598550160853,False,128,0.0,True
22,-1.6062206902628864,False,,-1.6062206902628864,False,128,0.0,True
23,-1.6057037871132251,False,,-1.6057037871132251,False,128,0.0,True
24,-1.6198041788977184,False,,-1.6198041788977184,False,128,0.0,True
25,-1.615557968119098,False,,-1.615557968119098,False,128,0.0,True
26,-1.618327371167907,False,,-1.618327371167907,False,128,0.0,True
27,-1.6037026549194957,False,,-1.6037026549194957,False,128,0.0,True
28,-1.6221517792090476,False,,-1.6221517792090476,False,128,0.0,True
29,-1.60548674255053,False,,-1.60548674255053,False,128,0.0,True
30,-1.6050516147444278,False,,-1.6050516147444278,False,128,0.0,True
31,-1.6088413526222445,False,,-1.6088413526222445,False,128,0.0,True
32,-1.6074629792901316,False,,-1.6074629792901316,False,128,0.0,True
33,-1.6385887136812571,False,,-1.6385887136812571,False,128,0.0,True
34,-1.610699569530181,False,,-1.610699569530181,False,128,0.0,True
35,-1.6295905826625225,False,,-1.6295905826625225,False,128,0.0,True
36,-1.6001271314259826,False,,-1.6001271314259826,False,128,0.0,True
37,-1.6082472796551506,False,,-1.6082472796551506,False,128,0.0,True
38,-1.602054124977475,False,,-1.602054124977475,False,128,0.0,True
39,-1.6124180989584973,False,,-1.6124180989584973,False,128,0.0,True
40,-1.6304057480579777,False,,-1.6304057480579777,False,128,0.0,True
41,-1.5986257215752173,False,,-1.5986257215752173,False,128,0.0,True
42,-1.607399507258162,False,,-1.607399507258162,False,128,0.0,True
43,-1.606000044495139,False,,-1.606000044495139,False,128,0.0,True
44,-1.6100522231680918,False,,-1.6100522231680918,False,128,0.0,True
45,-1.6338311810232389,False,,-1.6338311810232389,False,128,0.0,True
46,-1.6119438080166533,False,,-1.6119438080166533,False,128,0.0,True
47,-1.605419510115797,False,,-1.605419510115797,False,128,0.0,True
48,-1.6195754284898125,False,,-1.6195754284898125,False,128,0.0,True
49,-1.6013515798982363,False,,-1.6013515798982363,False,128,0.0,True
50,-1.6090960890779937,False,,-1.6090960890779937,False,128,0.0,True
51,-1.617434621194433,False,,-1.617434621194433,False,128,0.0,True
52,-1.6054119628344468,False,,-1.6054119628344468,False,128,0.0,True
53,-1.6040874150707745,False,,-1.6040874150707745,False,128,0.0,True
54,-1.6124686937442791,False,,-1.6124686937442791,False,128,0.0,True
55,-1.6039919218589738,False,,-1.6039919218589738,False,128,0.0,True
56,-1.6126727670681311,False,,-1.6126727670681311,False,128,0.0,True
57,-1.6023980544225378,False,,-1.6023980544225378,False,128,0.0,True
58,-1.6112751304759854,False,,-1.6112751304759854,False,128,0.0,True
59,-1.605549019260112,False,,-1.605549019260112,False,128,0.0,True
60,-1.6135881001303423,False,,-1.6135881001303423,False,128,0.0,True
61,-1.6008512309048926,False,,-1.6008512309048926,False,128,0.0,True
62,-1.6072916900291123,False,,-1.6072916900291123,False,128,0.0,True
63,-1.6008989574901258,False,,-1.6008989574901258,False,128,0.0,True
0,-1.67299141547038,True,,-1.67299141547038,True,129,0.0,True
1,-1.6716429226190797,False,,-1.6716429226190797,False,129,0.0,True
2,-1.657692221026553,False,,-1.657692221026553,False,129,0.0,True
3,-1.656793841698518,False,,-1.656793841698518,False,129,0.0,True
4,-1.6270034028003482,False,,-1.6270034028003482,False,129,0.0,True
5,-1.6271163642646953,False,,-1.6271163642646953,False,129,0.0,True
6,-1.6463186377568193,False,,-1.6463186377568193,False,129,0.0,True
7,-1.6332068948093434,False,,-1.6332068948093434,False,129,0.0,True
8,-1.6373068941819102,False,,-1.6373068941819102,False,129,0.0,True
9,-1.6274782557003793,False,,-1.6274782557003793,False,129,0.0,True
10,-1.6404336478404034,False,,-1.6404336478404034,False,129,0.0,True
11,-1.6298054408717275,False,,-1.6298054408717275,False,129,0.0,True
12,-1.6199175291404964,False,,-1.6199175291404964,False,129,0.0,True
13,-1.6295536318810782,False,,-1.6295536318810782,False,129,0.0,True
14,-1.6382573001737377,False,,-1.6382573001737377,False,129,0.0,True
15,-1.635001203548218,False,,-1.635001203548218,False,129,0.0,True
16,-1.6276981340363705,False,,-1.6276981340363705,False,129,0.0,True
17,-1.626449740839545,False,,-1.626449740839545,False,129,0.0,True
18,-1.6268191126241645,False,,-1.6268191126241645,False,129,0.0,True
19,-1.6398518137237856,False,,-1.6398518137237856,False,129,0.0,True
20,-1.6335842561839633,False,,-1.6335842561839633,False,129,0.0,True
21,-1.6340808352585179,False,,-1.6340808352585179,False,129,0.0,True
22,-1.633736128119802,False,,-1.633736128119802,False,129,0.0,True
23,-1.6275804277370192,False,,-1.6275804277370192,False,129,0.0,True
24,-1.6269020980457967,False,,-1.6269020980457967,False,129,0.0,True
25,-1.6456322405943795,False,,-1.6456322405943795,False,129,0.0,True
26,-1.634419370236126,False,,-1.634419370236126,False,129,0.0,True
27,-1.636350207505147,False,,-1.636350207505147,False,129,0.0,True
28,-1.6250290065972341,False,,-1.6250290065972341,False,129,0.0,True
29,-1.6273146699223697,False,,-1.6273146699223697,False,129,0.0,True
30,-1.6250139939554016,False,,-1.6250139939554016,False,129,0.0,True
31,-1.6237175781763074,False,,-1.6237175781763074,False,129,0.0,True
32,-1.6241796233955463,False,,-1.6241796233955463,False,129,0.0,True
33,-1.6259625763781989,False,,-1.6259625763781989,False,129,0.0,True
34,-1.651196269450584,False,,-1.651196269450584,False,129,0.0,True
35,-1.632373321373701,False,,-1.632373321373701,False,129,0.0,True
36,-1.653437484324979,False,,-1.653437484324979,False,129,0.0,True
37,-1.637022736368971,False,,-1.637022736368971,False,129,0.0,True
38,-1.6502573548328165,False,,-1.6502573548328165,False,129,0.0,True
39,-1.6395393497743584,False,,-1.6395393497743584,False,129,0.0,True
40,-1.6227649620940616,False,,-1.6227649620940616,False,129,0.0,True
41,-1.6387440436270024,False,,-1.6387440436270024,False,129,0.0,True
42,-1.6275862671570929,False,,-1.6275862671570929,False,129,0.0,True
43,-1.6322179458615684,False,,-1.6322179458615684,False,129,0.0,True
44,-1.6649884345093457,False,,-1.6649884345093457,False,129,0.0,True
45,-1.6260051507424838,False,,-1.6260051507424838,False,129,0.0,True
46,-1.6281084377226986,False,,-1.6281084377226986,False,129,0.0,True
47,-1.652221311502856,False,,-1.652221311502856,False,129,0.0,True
48,-1.627179975318959,False,,-1.627179975318959,False,129,0.0,True
49,-1.6705132481781844,False,,-1.6705132481781844,False,129,0.0,True
50,-1.629835673326046,False,,-1.629835673326046,False,129,0.0,True
51,-1.6447392040319644,False,,-1.6447392040319644,False,129,0.0,True
52,-1.6313033582847634,False,,-1.6313033582847634,False,129,0.0,True
53,-1.63894990053582,False,,-1.63894990053582,False,129,0.0,True
54,-1.6286189517916567,False,,-1.6286189517916567,False,129,0.0,True
55,-1.6476403644046462,False,,-1.6476403644046462,False,129,0.0,True
56,-1.6349383688927306,False,,-1.6349383688927306,False,129,0.0,True
57,-1.6390912768655816,False,,-1.6390912768655816,False,129,0.0,True
58,-1.6325134492739732,False,,-1.6325134492739732,False,129,0.0,True
59,-1.6505372622180015,False,,-1.6505372622180015,False,129,0.0,True
60,-1.639213826000268,False,,-1.639213826000268,False,129,0.0,True
61,-1.6480806280014164,False,,-1.6480806280014164,False,129,0.0,True
62,-1.6412158800592935,False,,-1.6412158800592935,False,129,0.0,True
63,-1.6403748016530095,False,,-1.6403748016530095,False,129,0.0,True
0,-1.6651928849847588,True,,-1.6651928849847588,True,130,0.0,True
1,-1.6748261408104448,False,,-1.6748261408104448,False,130,0.0,True
2,-1.6265550053959335,False,,-1.6265550053959335,False,130,0.0,True
3,-1.627846071031014,False,,-1.627846071031014,False,130,0.0,True
4,-1.6270272819693994,False,,-1.6270272819693994,False,130,0.0,True
5,-1.6401052303338295,False,,-1.6401052303338295,False,130,0.0,True
6,-1.6313930402192847,False,,-1.6313930402192847,False,130,0.0,True
7,-1.6434537883644298,False,,-1.6434537883644298,False,130,0.0,True
8,-1.6272482858928243,False,,-1.6272482858928243,False,130,0.0,True
9,-1.6219465193726739,False,,-1.6219465193726739,False,130,0.0,True
10,-1.6402635275270994,False,,-1.6402635275270994,False,130,0.0,True
11,-1.6389630476552428,False,,-1.6389630476552428,False,130,0.0,True
12,-1.6269394203626977,False,,-1.6269394203626977,False,130,0.0,True
13,-1.62972940491964,False,,-1.62972940491964,False,130,0.0,True
14,-1.6218396530193917,False,,-1.6218396530193917,False,130,0.0,True
15,-1.6300851431271526,False,,-1.6300851431271526,False,130,0.0,True
16,-1.6263086166722398,False,,-1.6263086166722398,False,130,0.0,True
17,-1.624673375212646,False,,-1.624673375212646,False,130,0.0,True
18,-1.6350385268416376,False,,-1.6350385268416376,False,130,0.0,True
19,-1.626907380810954,False,,-1.626907380810954,False,130,0.0,True
20,-1.6320859026166163,False,,-1.6320859026166163,False,130,0.0,True
21,-1.6534901940905997,False,,-1.6534901940905997,False,130,0.0,True
22,-1.6218304214981603,False,,-1.6218304214981603,False,130,0.0,True
23,-1.6215614797451918,False,,-1.6215614797451918,False,130,0.0,True
24,-1.6261323802463936,False,,-1.6261323802463936,False,130,0.0,True
25,-1.6357092162969777,False,,-1.6357092162969777,False,130,0.0,True
26,-1.6224454526883039,False,,-1.6224454526883039,False,130,0.0,True
27,-1.6437668679027377,False,,-1.6437668679027377,False,130,0.0,True
28,-1.6300429330798387,False,,-1.6300429330798387,False,130,0.0,True
29,-1.6276536240173411,False,,-1.6276536240173411,False,130,0.0,True
30,-1.6280831013823371,False,,-1.6280831013823371,False,130,0.0,True
31,-1.6183555129145226,False,,-1.6183555129145226,False,130,0.0,True
32,-1.6209705061996527,False,,-1.6209705061996527,False,130,0.0,True
33,-1.628708873548442,False,,-1.628708873548442,False,130,0.0,True
34,-1.6291762765384985,False,,-1.6291762765384985,False,130,0.0,True
35,-1.6372204958082468,False,,-1.6372204958082468,False,130,0.0,True
36,-1.6187840334463348,False,,-1.6187840334463348,False,130,0.0,True
37,-1.627889321697048,False,,-1.627889321697048,False,130,0.0,True
38,-1.6339078669554719,False,,-1.6339078669554719,False,130,0.0,True
39,-1.6244157855547168,False,,-1.6244157855547168,False,130,0.0,True
40,-1.6338580909114189,False,,-1.6338580909114189,False,130,0.0,True
41,-1.6264424772636814,False,,-1.6264424772636814,False,130,0.0,True
42,-1.620856050662799,False,,-1.620856050662799,False,130,0.0,True
43,-1.6339375329297974,False,,-1.6339375329297974,False,130,0.0,True
44,-1.6244813092006023,False,,-1.6244813092006023,False,130,0.0,True
45,-1.6385493344741304,False,,-1.6385493344741304,False,130,0.0,True
46,-1.6267964996042916,False,,-1.6267964996042916,False,130,0.0,True
47,-1.645121993948344,False,,-1.645121993948344,False,130,0.0,True
48,-1.6322975052080968,False,,-1.6322975052080968,False,130,0.0,True
49,-1.6200070469219376,False,,-1.6200070469219376,False,130,0.0,True
50,-1.6379162165248462,False,,-1.6379162165248462,False,130,0.0,True
51,-1.6211838264346916,False,,-1.6211838264346916,False,130,0.0,True
52,-1.6315584436984254,False,,-1.6315584436984254,False,130,0.0,True
53,-1.6178012443766727,False,,-1.6178012443766727,False,130,0.0,True
54,-1.6367988782978264,False,,-1.6367988782978264,False,130,0.0,True
55,-1.6218395157989431,False,,-1.6218395157989431,False,130,0.0,True
56,-1.6232862296008876,False,,-1.6232862296008876,False,130,0.0,True
57,-1.6341786124918083,False,,-1.6341786124918083,False,130,0.0,True
58,-1.6356159220377917,False,,-1.6356159220377917,False,130,0.0,True
59,-1.65252834840925,False,,-1.65252834840925,False,130,0.0,True
60,-1.6278655663426354,False,,-1.6278655663426354,False,130,0.0,True
61,-1.621575598758357,False,,-1.621575598758357,False,130,0.0,True
62,-1.6195294684706096,False,,-1.6195294684706096,False,130,0.0,True
63,-1.6232358298885465,False,,-1.6232358298885465,False,130,0.0,True
0,-1.61449592469267,True,,-1.61449592469267,True,131,0.0,True
1,-1.6345271317806522,False,,-1.6345271317806522,False,131,0.0,True
2,-1.6171099032762792,False,,-1.6171099032762792,False,131,0.0,True
3,-1.613922842157693,False,,-1.613922842157693,False,131,0.0,True
4,-1.6055186089805342,False,,-1.6055186089805342,False,131,0.0,True
5,-1.60558592327828,False,,-1.60558592327828,False,131,0.0,True
6,-1.603973846241075,False,,-1.603973846241075,False,131,0.0,True
7,-1.5986380675486354,False,,-1.5986380675486354,False,131,0.0,True
8,-1.5969260918495334,False,,-1.5969260918495334,False,131,0.0,True
9,-1.6219599770401538,False,,-1.6219599770401538,False,131,0.0,True
10,-1.5987686555639327,False,,-1.5987686555639327,False,131,0.0,True
11,-1.5998395272632362,False,,-1.5998395272632362,False,131,0.0,True
12,-1.599280798459634,False,,-1.599280798459634,False,131,0.0,True
13,-1.6142042261448615,False,,-1.6142042261448615,False,131,0.0,True
14,-1.6056280117777022,False,,-1.6056280117777022,False,131,0.0,True
15,-1.6130720348096657,False,,-1.6130720348096657,False,131,0.0,True
16,-1.5960825517024197,False,,-1.5960825517024197,False,131,0.0,True
17,-1.5972408084427872,False,,-1.5972408084427872,False,131,0.0,True
18,-1.616044634885692,False,,-1.616044634885692,False,131,0.0,True
19,-1.6100333055142713,False,,-1.6100333055142713,False,131,0.0,True
20,-1.6004604274934011,False,,-1.6004604274934011,False,131,0.0,True
21,-1.6138457891812648,False,,-1.6138457891812648,False,131,0.0,True
22,-1.606744155655683,False,,-1.606744155655683,False,131,0.0,True
23,-1.5974822444348635,False,,-1.5974822444348635,False,131,0.0,True
24,-1.5980363578588397,False,,-1.5980363578588397,False,131,0.0,True
25,-1.6008658088506977,False,,-1.6008658088506977,False,131,0.0,True
26,-1.5988636300077823,False,,-1.5988636300077823,False,131,0.0,True
27,-1.6148378555497702,False,,-1.6148378555497702,False,131,0.0,True
28,-1.5985168531870317,False,,-1.5985168531870317,False,131,0.0,True
29,-1.6152769738222965,False,,-1.6152769738222965,False,131,0.0,True
30,-1.6017266882935384,False,,-1.6017266882935384,False,131,0.0,True
31,-1.6050860915201988,False,,-1.6050860915201988,False,131,0.0,True
32,-1.60672327103839,False,,-1.60672327103839,False,131,0.0,True
33,-1.6236060171110267,False,,-1.6236060171110267,False,131,0.0,True
34,-1.5996893353257486,False,,-1.5996893353257486,False,131,0.0,True
35,-1.5918803882970867,False,,-1.5918803882970867,False,131,0.0,True
36,-1.5938452290906544,False,,-1.5938452290906544,False,131,0.0,True
37,-1.6006499811251764,False,,-1.6006499811251764,False,131,0.0,True
38,-1.6138004722419932,False,,-1.6138004722419932,False,131,0.0,True
39,-1.611009144435123,False,,-1.611009144435123,False,131,0.0,True
40,-1.599767224958122,False,,-1.599767224958122,False,131,0.0,True
41,-1.6082046001578885,False,,-1.6082046001578885,False,131,0.0,True
42,-1.605473524494497,False,,-1.605473524494497,False,131,0.0,True
43,-1.6028531385123548,False,,-1.6028531385123548,False,131,0.0,True
44,-1.6053469747235165,False,,-1.6053469747235165,False,131,0.0,True
45,-1.5997915129556388,False,,-1.5997915129556388,False,131,0.0,True
46,-1.6131897931916614,False,,-1.6131897931916614,False,131,0.0,True
47,-1.602183353643274,False,,-1.602183353643274,False,131,0.0,True
48,-1.596104268050501,False,,-1.596104268050501,False,131,0.0,True
49,-1.6133029652448039,False,,-1.6133029652448039,False,131,0.0,True
50,-1.6103529825890504,False,,-1.6103529825890504,False,131,0.0,True
51,-1.5901170704480374,False,,-1.5901170704480374,False,131,0.0,True
52,-1.5908088444013913,False,,-1.5908088444013913,False,131,0.0,True
53,-1.6110021952227962,False,,-1.6110021952227962,False,131,0.0,True
54,-1.5972067197079034,False,,-1.5972067197079034,False,131,0.0,True
55,-1.6030162402683714,False,,-1.6030162402683714,False,131,0.0,True
56,-1.615228980366117,False,,-1.615228980366117,False,131,0.0,True
57,-1.6050284235015704,False,,-1.6050284235015704,False,131,0.0,True
58,-1.6104077932256147,False,,-1.6104077932256147,False,131,0.0,True
59,-1.604200808891747,False,,-1.604200808891747,False,131,0.0,True
60,-1.5990220422637336,False,,-1.5990220422637336,False,131,0.0,True
61,-1.6137190525652474,False,,-1.6137190525652474,False,131,0.0,True
62,-1.602110439213532,False,,-1.602110439213532,False,131,0.0,True
63,-1.5977693318269384,False,,-1.5977693318269384,False,131,0.0,True
0,-0.07240652316845247,True,,-0.07240652316845247,True,132,0.0,True
1,-0.077474270857575,False,,-0.077474270857575,False,132,0.0,True
2,-0.0768142222933432,False,,-0.0768142222933432,False,132,0.0,True
3,-0.05731750461532218,False,,-0.05731750461532218,False,132,0.0,True
4,-0.06097754607842901,False,,-0.06097754607842901,False,132,0.0,True
5,-0.05790872838975451,False,,-0.05790872838975451,False,132,0.0,True
6,-0.05634622871701037,False,,-0.05634622871701037,False,132,0.0,True
7,-0.061649932231378914,False,,-0.061649932231378914,False,132,0.0,True
8,-0.0644505828559953,False,,-0.0644505828559953,False,132,0.0,True
9,-0.06126558437735778,False,,-0.06126558437735778,False,132,0.0,True
10,-0.07323473084196327,False,,-0.07323473084196327,False,132,0.0,True
11,-0.049975341862224215,False,,-0.049975341862224215,False,132,0.0,True
12,-0.07648398646798907,False,,-0.07648398646798907,False,132,0.0,True
13,-0.061676597092389956,False,,-0.061676597092389956,False,132,0.0,True
14,-0.0740902026697392,False,,-0.0740902026697392,False,132,0.0,True
15,-0.06302589104312208,False,,-0.06302589104312208,False,132,0.0,True
16,-0.060220635954550454,False,,-0.060220635954550454,False,132,0.0,True
17,-0.06201152441806193,False,,-0.06201152441806193,False,132,0.0,True
18,-0.08122839522766803,False,,-0.08122839522766803,False,132,0.0,True
19,-0.07552418411903312,False,,-0.07552418411903312,False,132,0.0,True
20,-0.07033724408746851,False,,-0.07033724408746851,False,132,0.0,True
21,-0.05081616331516284,False,,-0.05081616331516284,False,132,0.0,True
22,-0.05143060743242756,False,,-0.05143060743242756,False,132,0.0,True
23,-0.06228202197075689,False,,-0.06228202197075689,False,132,0.0,True
24,-0.05145288117838433,False,,-0.05145288117838433,False,132,0.0,True
25,-0.07352248594300413,False,,-0.07352248594300413,False,132,0.0,True
26,-0.06195564616402861,False,,-0.06195564616402861,False,132,0.0,True
27,-0.055625474227342646,False,,-0.055625474227342646,False,132,0.0,True
28,-0.07068425246369922,False,,-0.07068425246369922,False,132,0.0,True
29,-0.06994846960073872,False,,-0.06994846960073872,False,132,0.0,True
30,-0.06691550382275296,False,,-0.06691550382275296,False,132,0.0,True
31,-0.06668931564723413,False,,-0.06668931564723413,False,132,0.0,True
32,-0.05878463508959465,False,,-0.05878463508959465,False,132,0.0,True
33,-0.05800965532448558,False,,-0.05800965532448558,False,132,0.0,True
34,-0.05511706459130436,False,,-0.05511706459130436,False,132,0.0,True
35,-0.060482427786879525,False,,-0.060482427786879525,False,132,0.0,True
36,-0.05126094899768948,False,,-0.05126094899768948,False,132,0.0,True
37,-0.06939155345921058,False,,-0.06939155345921058,False,132,0.0,True
38,-0.06675421083276661,False,,-0.06675421083276661,False,132,0.0,True
39,-0.07259269330805736,False,,-0.07259269330805736,False,132,0.0,True
40,-0.066420260932745,False,,-0.066420260932745,False,132,0.0,True
41,-0.05655782160885624,False,,-0.05655782160885624,False,132,0.0,True
42,-0.08106084179940987,False,,-0.08106084179940987,False,132,0.0,True
43,-0.06590552966312035,False,,-0.06590552966312035,False,132,0.0,True
44,-0.06154902896622693,False,,-0.06154902896622693,False,132,0.0,True
45,-0.057464537076906574,False,,-0.057464537076906574,False,132,0.0,True
46,-0.059746448535323175,False,,-0.059746448535323175,False,132,0.0,True
47,-0.06493402127464067,False,,-0.06493402127464067,False,132,0.0,True
48,-0.06047156366623567,False,,-0.06047156366623567,False,132,0.0,True
49,-0.05966957763615248,False,,-0.05966957763615248,False,132,0.0,True
50,-0.04841208835449808,False,,-0.04841208835449808,False,132,0.0,True
51,-0.06754207905569842,False,,-0.06754207905569842,False,132,0.0,True
52,-0.06345060698251442,False,,-0.06345060698251442,False,132,0.0,True
53,-0.058389737600136694,False,,-0.058389737600136694,False,132,0.0,True
54,-0.060444087558013775,False,,-0.060444087558013775,False,132,0.0,True
55,-0.05055198881241871,False,,-0.05055198881241871,False,132,0.0,True
56,-0.0917179126281373,False,,-0.0917179126281373,False,132,0.0,True
57,-0.07197747797159745,False,,-0.07197747797159745,False,132,0.0,True
58,-0.08277516603458179,False,,-0.08277516603458179,False,132,0.0,True
59,-0.056451358354459816,False,,-0.056451358354459816,False,132,0.0,True
60,-0.054701386984669455,False,,-0.054701386984669455,False,132,0.0,True
61,-0.08074395767013731,False,,-0.08074395767013731,False,132,0.0,True
62,-0.06587593824734336,False,,-0.06587593824734336,False,132,0.0,True
63,-0.06784611869898681,False,,-0.06784611869898681,False,132,0.0,True
0,-0.09581691456660438,True,,-0.09581691456660438,True,133,0.0,True
1,-0.07795217210575972,False,,-0.07795217210575972,False,133,0.0,True
2,-0.06154888193414624,False,,-0.06154888193414624,False,133,0.0,True
3,-0.059273079852355574,False,,-0.059273079852355574,False,133,0.0,True
4,-0.06737665087787512,False,,-0.06737665087787512,False,133,0.0,True
5,-0.06166012588465127,False,,-0.06166012588465127,False,133,0.0,True
6,-0.07913536681532982,False,,-0.07913536681532982,False,133,0.0,True
7,-0.07484805584105908,False,,-0.07484805584105908,False,133,0.0,True
8,-0.07187594119108717,False,,-0.07187594119108717,False,133,0.0,True
9,-0.0680472024995055,False,,-0.0680472024995055,False,133,0.0,True
10,-0.07982591749154525,False,,-0.07982591749154525,False,133,0.0,True
11,-0.06314531700466322,False,,-0.06314531700466322,False,133,0.0,True
12,-0.088675502020995,False,,-0.088675502020995,False,133,0.0,True
13,-0.06638861209384517,False,,-0.06638861209384517,False,133,0.0,True
14,-0.06681051486541964,False,,-0.06681051486541964,False,133,0.0,True
15,-0.06443681501752505,False,,-0.06443681501752505,False,133,0.0,True
16,-0.07929524272835375,False,,-0.07929524272835375,False,133,0.0,True
17,-0.07778117886628064,False,,-0.07778117886628064,False,133,0.0,True
18,-0.07688617689941336,False,,-0.07688617689941336,False,133,0.0,True
19,-0.05337793696967406,False,,-0.05337793696967406,False,133,0.0,True
20,-0.06659170720385107,False,,-0.06659170720385107,False,133,0.0,True
21,-0.05579595411273338,False,,-0.05579595411273338,False,133,0.0,True
22,-0.07848439590171627,False,,-0.07848439590171627,False,133,0.0,True
23,-0.06029270414210284,False,,-0.06029270414210284,False,133,0.0,True
24,-0.08618453366743609,False,,-0.08618453366743609,False,133,0.0,True
25,-0.07856713093554515,False,,-0.07856713093554515,False,133,0.0,True
26,-0.07282676608920716,False,,-0.07282676608920716,False,133,0.0,True
27,-0.06730465371547428,False,,-0.06730465371547428,False,133,0.0,True
28,-0.06523336033808266,False,,-0.06523336033808266,False,133,0.0,True
29,-0.07011248864038482,False,,-0.07011248864038482,False,133,0.0,True
30,-0.07051662523485006,False,,-0.07051662523485006,False,133,0.0,True
31,-0.07523592987376262,False,,-0.07523592987376262,False,133,0.0,True
32,-0.06702846782944416,False,,-0.06702846782944416,False,133,0.0,True
33,-0.06549901908264277,False,,-0.06549901908264277,False,133,0.0,True
34,-0.06896772801247318,False,,-0.06896772801247318,False,133,0.0,True
35,-0.061944812504214714,False,,-0.061944812504214714,False,133,0.0,True
36,-0.08616747817777433,False,,-0.08616747817777433,False,133,0.0,True
37,-0.07327984809073367,False,,-0.07327984809073367,False,133,0.0,True
38,-0.07953037902807888,False,,-0.07953037902807888,False,133,0.0,True
39,-0.0665742022997988,False,,-0.0665742022997988,False,133,0.0,True
40,-0.06617193700372469,False,,-0.06617193700372469,False,133,0.0,True
41,-0.058350460935839246,False,,-0.058350460935839246,False,133,0.0,True
42,-0.06889859116594624,False,,-0.06889859116594624,False,133,0.0,True
43,-0.05951437138717912,False,,-0.05951437138717912,False,133,0.0,True
44,-0.06356746174032737,False,,-0.06356746174032737,False,133,0.0,True
45,-0.061682248663763754,False,,-0.061682248663763754,False,133,0.0,True
46,-0.07680512688518523,False,,-0.07680512688518523,False,133,0.0,True
47,-0.05894430323767196,False,,-0.05894430323767196,False,133,0.0,True
48,-0.07834732940987636,False,,-0.07834732940987636,False,133,0.0,True
49,-0.06731791212439964,False,,-0.06731791212439964,False,133,0.0,True
50,-0.060826947639798956,False,,-0.060826947639798956,False,133,0.0,True
51,-0.06561205783034468,False,,-0.06561205783034468,False,133,0.0,True
52,-0.06116668229497077,False,,-0.06116668229497077,False,133,0.0,True
53,-0.07797724983442259,False,,-0.07797724983442259,False,133,0.0,True
54,-0.08251753485701113,False,,-0.08251753485701113,False,133,0.0,True
55,-0.07704930139449069,False,,-0.07704930139449069,False,133,0.0,True
56,-0.06640896553018868,False,,-0.06640896553018868,False,133,0.0,True
57,-0.07954404629040167,False,,-0.07954404629040167,False,133,0.0,True
58,-0.06678598962211015,False,,-0.06678598962211015,False,133,0.0,True
59,-0.06943458413970685,False,,-0.06943458413970685,False,133,0.0,True
60,-0.07625315293433599,False,,-0.07625315293433599,False,133,0.0,True
61,-0.08347651823731939,False,,-0.08347651823731939,False,133,0.0,True
62,-0.06712073056694684,False,,-0.06712073056694684,False,133,0.0,True
63,-0.060176004507023984,False,,-0.060176004507023984,False,133,0.0,True
0,-0.16124914521726413,True,,-0.16124914521726413,True,134,0.0,True
1,-0.11724763641129603,False,,-0.11724763641129603,False,134,0.0,True
2,-0.09412573104416774,False,,-0.09412573104416774,False,134,0.0,True
3,-0.10587355198759912,False,,-0.10587355198759912,False,134,0.0,True
4,-0.08339507298750419,False,,-0.08339507298750419,False,134,0.0,True
5,-0.09090909509962199,False,,-0.09090909509962199,False,134,0.0,True
6,-0.0858487865905375,False,,-0.0858487865905375,False,134,0.0,True
7,-0.09196012216959443,False,,-0.09196012216959443,False,134,0.0,True
8,-0.09649247305304334,False,,-0.09649247305304334,False,134,0.0,True
9,-0.11379609442658697,False,,-0.11379609442658697,False,134,0.0,True
10,-0.08757009363745151,False,,-0.08757009363745151,False,134,0.0,True
11,-0.10198927127990992,False,,-0.10198927127990992,False,134,0.0,True
12,-0.09847474062967121,False,,-0.09847474062967121,False,134,0.0,True
13,-0.11068397946818068,False,,-0.11068397946818068,False,134,0.0,True
14,-0.10858067952768938,False,,-0.10858067952768938,False,134,0.0,True
15,-0.098950235853871,False,,-0.098950235853871,False,134,0.0,True
16,-0.1111043336961948,False,,-0.1111043336961948,False,134,0.0,True
17,-0.1042310548628625,False,,-0.1042310548628625,False,134,0.0,True
18,-0.10522059659047474,False,,-0.10522059659047474,False,134,0.0,True
19,-0.09313579444991865,False,,-0.09313579444991865,False,134,0.0,True
20,-0.09503065009003595,False,,-0.09503065009003595,False,134,0.0,True
21,-0.09628235744547278,False,,-0.09628235744547278,False,134,0.0,True
22,-0.10510165642970784,False,,-0.10510165642970784,False,134,0.0,True
23,-0.09063531075801116,False,,-0.09063531075801116,False,134,0.0,True
24,-0.11264771612678506,False,,-0.11264771612678506,False,134,0.0,True
25,-0.09012071607293062,False,,-0.09012071607293062,False,134,0.0,True
26,-0.1088409378189234,False,,-0.1088409378189234,False,134,0.0,True
27,-0.1270689326714563,False,,-0.1270689326714563,False,134,0.0,True
28,-0.08167904116624747,False,,-0.08167904116624747,False,134,0.0,True
29,-0.0995298608276202,False,,-0.0995298608276202,False,134,0.0,True
30,-0.11358424836245325,False,,-0.11358424836245325,False,134,0.0,True
31,-0.10533608746281396,False,,-0.10533608746281396,False,134,0.0,True
32,-0.09610255685675162,False,,-0.09610255685675162,False,134,0.0,True
33,-0.08111549678290117,False,,-0.08111549678290117,False,134,0.0,True
34,-0.10307933382338792,False,,-0.10307933382338792,False,134,0.0,True
35,-0.08700004539807664,False,,-0.08700004539807664,False,134,0.0,True
36,-0.08772294486342104,False,,-0.08772294486342104,False,134,0.0,True
37,-0.09203587700152578,False,,-0.09203587700152578,False,134,0.0,True
38,-0.10032320320384261,False,,-0.10032320320384261,False,134,0.0,True
39,-0.08952775126343933,False,,-0.08952775126343933,False,134,0.0,True
40,-0.1119051230465079,False,,-0.1119051230465079,False,134,0.0,True
41,-0.09070026272269245,False,,-0.09070026272269245,False,134,0.0,True
42,-0.08990891163910542,False,,-0.08990891163910542,False,134,0.0,True
43,-0.10160341386416628,False,,-0.10160341386416628,False,134,0.0,True
44,-0.09751215401423119,False,,-0.09751215401423119,False,134,0.0,True
45,-0.09656499807254715,False,,-0.09656499807254715,False,134,0.0,True
46,-0.09448419140232417,False,,-0.09448419140232417,False,134,0.0,True
47,-0.11998099353702582,False,,-0.11998099353702582,False,134,0.0,True
48,-0.08053379857280987,False,,-0.08053379857280987,False,134,0.0,True
49,-0.10602142525169522,False,,-0.10602142525169522,False,134,0.0,True
50,-0.09617685110880433,False,,-0.09617685110880433,False,134,0.0,True
51,-0.1005865237138334,False,,-0.1005865237138334,False,134,0.0,True
52,-0.09801625327818761,False,,-0.09801625327818761,False,134,0.0,True
53,-0.10827594442193417,False,,-0.10827594442193417,False,134,0.0,True
54,-0.09469149979806359,False,,-0.09469149979806359,False,134,0.0,True
55,-0.09721760358998353,False,,-0.09721760358998353,False,134,0.0,True
56,-0.09910897559936445,False,,-0.09910897559936445,False,134,0.0,True
57,-0.08766183392835626,False,,-0.08766183392835626,False,134,0.0,True
58,-0.08912782866114466,False,,-0.08912782866114466,False,134,0.0,True
59,-0.09275805292559329,False,,-0.09275805292559329,False,134,0.0,True
60,-0.10929907480627564,False,,-0.10929907480627564,False,134,0.0,True
61,-0.0988567915758242,False,,-0.0988567915758242,False,134,0.0,True
62,-0.08961074025916525,False,,-0.08961074025916525,False,134,0.0,True
63,-0.10699148908796638,False,,-0.10699148908796638,False,134,0.0,True
0,-0.20886953716384726,True,,-0.20886953716384726,True,135,0.0,True
1,-0.21502548852557932,False,,-0.21502548852557932,False,135,0.0,True
2,-0.11156098793187492,False,,-0.11156098793187492,False,135,0.0,True
3,-0.12832526382427772,False,,-0.12832526382427772,False,135,0.0,True
4,-0.10054150114867219,False,,-0.10054150114867219,False,135,0.0,True
5,-0.10966364369715233,False,,-0.10966364369715233,False,135,0.0,True
6,-0.1282556604542125,False,,-0.1282556604542125,False,135,0.0,True
7,-0.12600969314568575,False,,-0.12600969314568575,False,135,0.0,True
8,-0.12034089362619968,False,,-0.12034089362619968,False,135,0.0,True
9,-0.13809788546397989,False,,-0.13809788546397989,False,135,0.0,True
10,-0.12359597114582048,False,,-0.12359597114582048,False,135,0.0,True
11,-0.15071012285420107,False,,-0.15071012285420107,False,135,0.0,True
12,-0.11215691207384801,False,,-0.11215691207384801,False,135,0.0,True
13,-0.12694101565896995,False,,-0.12694101565896995,False,135,0.0,True
14,-0.11658099391405943,False,,-0.11658099391405943,False,135,0.0,True
15,-0.14168986082310792,False,,-0.14168986082310792,False,135,0.0,True
16,-0.11290737308182308,False,,-0.11290737308182308,False,135,0.0,True
17,-0.12740662809548856,False,,-0.12740662809548856,False,135,0.0,True
18,-0.10428491350464456,False,,-0.10428491350464456,False,135,0.0,True
19,-0.10873960153953205,False,,-0.10873960153953205,False,135,0.0,True
20,-0.10986823537641631,False,,-0.10986823537641631,False,135,0.0,True
21,-0.10940203423441368,False,,-0.10940203423441368,False,135,0.0,True
22,-0.12163727199047633,False,,-0.12163727199047633,False,135,0.0,True
23,-0.1425472365166559,False,,-0.1425472365166559,False,135,0.0,True
24,-0.11495085700855287,False,,-0.11495085700855287,False,135,0.0,True
25,-0.11315095014979157,False,,-0.11315095014979157,False,135,0.0,True
26,-0.12201544327515426,False,,-0.12201544327515426,False,135,0.0,True
27,-0.11417858614828577,False,,-0.11417858614828577,False,135,0.0,True
28,-0.1123599930587267,False,,-0.1123599930587267,False,135,0.0,True
29,-0.12249249241846771,False,,-0.12249249241846771,False,135,0.0,True
30,-0.1347814416733545,False,,-0.1347814416733545,False,135,0.0,True
31,-0.12851865372385246,False,,-0.12851865372385246,False,135,0.0,True
32,-0.12083188602550249,False,,-0.12083188602550249,False,135,0.0,True
33,-0.11917567874678656,False,,-0.11917567874678656,False,135,0.0,True
34,-0.11742005581780515,False,,-0.11742005581780515,False,135,0.0,True
35,-0.13822870174378554,False,,-0.13822870174378554,False,135,0.0,True
36,-0.10123462458764543,False,,-0.10123462458764543,False,135,0.0,True
37,-0.09637917110108431,False,,-0.09637917110108431,False,135,0.0,True
38,-0.12350362953823671,False,,-0.12350362953823671,False,135,0.0,True
39,-0.12331307169949143,False,,-0.12331307169949143,False,135,0.0,True
40,-0.120996478715399,False,,-0.120996478715399,False,135,0.0,True
41,-0.12910028936191054,False,,-0.12910028936191054,False,135,0.0,True
42,-0.12113121257599431,False,,-0.12113121257599431,False,135,0.0,True
43,-0.12746092589877683,False,,-0.12746092589877683,False,135,0.0,True
44,-0.10248499693034557,False,,-0.10248499693034557,False,135,0.0,True
45,-0.11882166504651331,False,,-0.11882166504651331,False,135,0.0,True
46,-0.12114070981808886,False,,-0.12114070981808886,False,135,0.0,True
47,-0.10823783197841082,False,,-0.10823783197841082,False,135,0.0,True
48,-0.12812359531054923,False,,-0.12812359531054923,False,135,0.0,True
49,-0.11517521950428436,False,,-0.11517521950428436,False,135,0.0,True
50,-0.13307179626694216,False,,-0.13307179626694216,False,135,0.0,True
51,-0.11044702396742452,False,,-0.11044702396742452,False,135,0.0,True
52,-0.11070981373665265,False,,-0.11070981373665265,False,135,0.0,True
53,-0.14789122956037054,False,,-0.14789122956037054,False,135,0.0,True
54,-0.11992294240186868,False,,-0.11992294240186868,False,135,0.0,True
55,-0.12072077551810752,False,,-0.12072077551810752,False,135,0.0,True
56,-0.11443763274563784,False,,-0.11443763274563784,False,135,0.0,True
57,-0.12178105452020341,False,,-0.12178105452020341,False,135,0.0,True
58,-0.12348543341633253,False,,-0.12348543341633253,False,135,0.0,True
59,-0.09596848171404634,False,,-0.09596848171404634,False,135,0.0,True
60,-0.10632748372336316,False,,-0.10632748372336316,False,135,0.0,True
61,-0.13436649791497074,False,,-0.13436649791497074,False,135,0.0,True
62,-0.11911085502402984,False,,-0.11911085502402984,False,135,0.0,True
63,-0.12385466833144632,False,,-0.12385466833144632,False,135,0.0,True
0,-0.22239595667651865,True,,-0.22239595667651865,True,136,0.0,True
1,-0.22635103219724417,False,,-0.22635103219724417,False,136,0.0,True
2,-0.14928563798389155,False,,-0.14928563798389155,False,136,0.0,True
3,-0.13594954234302242,False,,-0.13594954234302242,False,136,0.0,True
4,-0.13658142146316374,False,,-0.13658142146316374,False,136,0.0,True
5,-0.13389094743984142,False,,-0.13389094743984142,False,136,0.0,True
6,-0.14125358914089636,False,,-0.14125358914089636,False,136,0.0,True
7,-0.14612284277095894,False,,-0.14612284277095894,False,136,0.0,True
8,-0.15143811676408947,False,,-0.15143811676408947,False,136,0.0,True
9,-0.13521569931815486,False,,-0.13521569931815486,False,136,0.0,True
10,-0.11223729458623895,False,,-0.11223729458623895,False,136,0.0,True
11,-0.1114354732158234,False,,-0.1114354732158234,False,136,0.0,True
12,-0.10158921490394747,False,,-0.10158921490394747,False,136,0.0,True
13,-0.1454368049799123,False,,-0.1454368049799123,False,136,0.0,True
14,-0.14774639258642658,False,,-0.14774639258642658,False,136,0.0,True
15,-0.10954992184734572,False,,-0.10954992184734572,False,136,0.0,True
16,-0.1288220025832004,False,,-0.1288220025832004,False,136,0.0,True
17,-0.11196645223766946,False,,-0.11196645223766946,False,136,0.0,True
18,-0.1188964058897028,False,,-0.1188964058897028,False,136,0.0,True
19,-0.14558688343879128,False,,-0.14558688343879128,False,136,0.0,True
20,-0.1302358588835503,False,,-0.1302358588835503,False,136,0.0,True
21,-0.16761361843554604,False,,-0.16761361843554604,False,136,0.0,True
22,-0.13929606724941174,False,,-0.13929606724941174,False,136,0.0,True
23,-0.1321287317254086,False,,-0.1321287317254086,False,136,0.0,True
24,-0.1289078012920795,False,,-0.1289078012920795,False,136,0.0,True
25,-0.13521942657770367,False,,-0.13521942657770367,False,136,0.0,True
26,-0.16277710503243564,False,,-0.16277710503243564,False,136,0.0,True
27,-0.13340184080780793,False,,-0.13340184080780793,False,136,0.0,True
28,-0.13661809470586667,False,,-0.13661809470586667,False,136,0.0,True
29,-0.14352484849116998,False,,-0.14352484849116998,False,136,0.0,True
30,-0.1586445661739812,False,,-0.1586445661739812,False,136,0.0,True
31,-0.14145662969877482,False,,-0.14145662969877482,False,136,0.0,True
32,-0.16775505342080044,False,,-0.16775505342080044,False,136,0.0,True
33,-0.13287508082234456,False,,-0.13287508082234456,False,136,0.0,True
34,-0.11423846255145612,False,,-0.11423846255145612,False,136,0.0,True
35,-0.13153793887006948,False,,-0.13153793887006948,False,136,0.0,True
36,-0.14749895475766173,False,,-0.14749895475766173,False,136,0.0,True
37,-0.12876686863216108,False,,-0.12876686863216108,False,136,0.0,True
38,-0.10220681176905251,False,,-0.10220681176905251,False,136,0.0,True
39,-0.12123320322764099,False,,-0.12123320322764099,False,136,0.0,True
40,-0.12173661775151681,False,,-0.12173661775151681,False,136,0.0,True
41,-0.14427012020468313,False,,-0.14427012020468313,False,136,0.0,True
42,-0.17001637714504858,False,,-0.17001637714504858,False,136,0.0,True
43,-0.1440356834214221,False,,-0.1440356834214221,False,136,0.0,True
44,-0.13781723068885382,False,,-0.13781723068885382,False,136,0.0,True
45,-0.11553491053417254,False,,-0.11553491053417254,False,136,0.0,True
46,-0.17407187184468836,False,,-0.17407187184468836,False,136,0.0,True
47,-0.1210799445891959,False,,-0.1210799445891959,False,136,0.0,True
48,-0.13088218380131686,False,,-0.13088218380131686,False,136,0.0,True
49,-0.12874393440000972,False,,-0.12874393440000972,False,136,0.0,True
50,-0.139307734676964,False,,-0.139307734676964,False,136,0.0,True
51,-0.1333681703570379,False,,-0.1333681703570379,False,136,0.0,True
52,-0.15081847449085273,False,,-0.15081847449085273,False,136,0.0,True
53,-0.11207222082232306,False,,-0.11207222082232306,False,136,0.0,True
54,-0.15270672586494838,False,,-0.15270672586494838,False,136,0.0,True
55,-0.11828014558813446,False,,-0.11828014558813446,False,136,0.0,True
56,-0.12550756450216044,False,,-0.12550756450216044,False,136,0.0,True
57,-0.12202814409760485,False,,-0.12202814409760485,False,136,0.0,True
58,-0.1556111258426282,False,,-0.1556111258426282,False,136,0.0,True
59,-0.13841039275279415,False,,-0.13841039275279415,False,136,0.0,True
60,-0.13856216933851564,False,,-0.13856216933851564,False,136,0.0,True
61,-0.16453839672958046,False,,-0.16453839672958046,False,136,0.0,True
62,-0.14256546100698186,False,,-0.14256546100698186,False,136,0.0,True
63,-0.13256380662186523,False,,-0.13256380662186523,False,136,0.0,True
0,-0.20659119873114887,True,,-0.20659119873114887,True,137,0.0,True
1,-0.23149901778440007,False,,-0.23149901778440007,False,137,0.0,True
2,-0.122132274559421,False,,-0.122132274559421,False,137,0.0,True
3,-0.10656981417545791,False,,-0.10656981417545791,False,137,0.0,True
4,-0.10452643458859076,False,,-0.10452643458859076,False,137,0.0,True
5,-0.11623604800541429,False,,-0.11623604800541429,False,137,0.0,True
6,-0.11324180778408924,False,,-0.11324180778408924,False,137,0.0,True
7,-0.11412452934516173,False,,-0.11412452934516173,False,137,0.0,True
8,-0.1197192045780979,False,,-0.1197192045780979,False,137,0.0,True
9,-0.10838002325802412,False,,-0.10838002325802412,False,137,0.0,True
10,-0.09938183999183625,False,,-0.09938183999183625,False,137,0.0,True
11,-0.12941691940740632,False,,-0.12941691940740632,False,137,0.0,True
12,-0.1113499986833596,False,,-0.1113499986833596,False,137,0.0,True
13,-0.12003937785712197,False,,-0.12003937785712197,False,137,0.0,True
14,-0.09593215661286633,False,,-0.09593215661286633,False,137,0.0,True
15,-0.11613543400837079,False,,-0.11613543400837079,False,137,0.0,True
16,-0.11798302683899543,False,,-0.11798302683899543,False,137,0.0,True
17,-0.10689728984315713,False,,-0.10689728984315713,False,137,0.0,True
18,-0.1005796652252693,False,,-0.1005796652252693,False,137,0.0,True
19,-0.10736672804100988,False,,-0.10736672804100988,False,137,0.0,True
20,-0.10738270937367841,False,,-0.10738270937367841,False,137,0.0,True
21,-0.11493590048787322,False,,-0.11493590048787322,False,137,0.0,True
22,-0.11236073914104151,False,,-0.11236073914104151,False,137,0.0,True
23,-0.1286004336084812,False,,-0.1286004336084812,False,137,0.0,True
24,-0.09707707901869284,False,,-0.09707707901869284,False,137,0.0,True
25,-0.12029723135031431,False,,-0.12029723135031431,False,137,0.0,True
26,-0.11437323265870765,False,,-0.11437323265870765,False,137,0.0,True
27,-0.1416690033025426,False,,-0.1416690033025426,False,137,0.0,True
28,-0.1258535055204739,False,,-0.1258535055204739,False,137,0.0,True
29,-0.10572202496563418,False,,-0.10572202496563418,False,137,0.0,True
30,-0.11690193753245834,False,,-0.11690193753245834,False,137,0.0,True
31,-0.10316070222435457,False,,-0.10316070222435457,False,137,0.0,True
32,-0.11203861559952179,False,,-0.11203861559952179,False,137,0.0,True
33,-0.1150167454090973,False,,-0.1150167454090973,False,137,0.0,True
34,-0.10786035307999006,False,,-0.10786035307999006,False,137,0.0,True
35,-0.10268523389733425,False,,-0.10268523389733425,False,137,0.0,True
36,-0.11687695138674035,False,,-0.11687695138674035,False,137,0.0,True
37,-0.11769334204277926,False,,-0.11769334204277926,False,137,0.0,True
38,-0.11005497754959241,False,,-0.11005497754959241,False,137,0.0,True
39,-0.12485258564009329,False,,-0.12485258564009329,False,137,0.0,True
40,-0.10909956551090212,False,,-0.10909956551090212,False,137,0.0,True
41,-0.1097168088796561,False,,-0.1097168088796561,False,137,0.0,True
42,-0.11569291707565457,False,,-0.11569291707565457,False,137,0.0,True
43,-0.10086984049088459,False,,-0.10086984049088459,False,137,0.0,True
44,-0.1296091656690016,False,,-0.1296091656690016,False,137,0.0,True
45,-0.13402082870515059,False,,-0.13402082870515059,False,137,0.0,True
46,-0.11724673483576217,False,,-0.11724673483576217,False,137,0.0,True
47,-0.12454437565062862,False,,-0.12454437565062862,False,137,0.0,True
48,-0.0871232581634323,False,,-0.0871232581634323,False,137,0.0,True
49,-0.1078577446641537,False,,-0.1078577446641537,False,137,0.0,True
50,-0.10758374444153375,False,,-0.10758374444153375,False,137,0.0,True
51,-0.11647493632319572,False,,-0.11647493632319572,False,137,0.0,True
52,-0.10690888357408562,False,,-0.10690888357408562,False,137,0.0,True
53,-0.1079721077651602,False,,-0.1079721077651602,False,137,0.0,True
54,-0.11705529539510302,False,,-0.11705529539510302,False,137,0.0,True
55,-0.09783673070730327,False,,-0.09783673070730327,False,137,0.0,True
56,-0.10258374995514133,False,,-0.10258374995514133,False,137,0.0,True
57,-0.09606490428046047,False,,-0.09606490428046047,False,137,0.0,True
58,-0.10988623487201278,False,,-0.10988623487201278,False,137,0.0,True
59,-0.11261998064589292,False,,-0.11261998064589292,False,137,0.0,True
60,-0.10155670071763326,False,,-0.10155670071763326,False,137,0.0,True
61,-0.10461645867550501,False,,-0.10461645867550501,False,137,0.0,True
62,-0.10323379471896146,False,,-0.10323379471896146,False,137,0.0,True
63,-0.1445936958724362,False,,-0.1445936958724362,False,137,0.0,True
0,13.45845158655131,True,,13.45845158655131,True,138,0.0,True
1,13.459338619723756,False,,13.459338619723756,False,138,0.0,True
2,13.464592011648154,False,,13.464592011648154,False,138,0.0,True
3,13.466275808224406,False,,13.466275808224406,False,138,0.0,True
4,13.466016811007036,False,,13.466016811007036,False,138,0.0,True
5,13.466903161554436,False,,13.466903161554436,False,138,0.0,True
6,13.467147340059046,False,,13.467147340059046,False,138,0.0,True
7,13.465264295332291,False,,13.465264295332291,False,138,0.0,True
8,13.465607080424563,False,,13.465607080424563,False,138,0.0,True
9,13.46616894468449,False,,13.46616894468449,False,138,0.0,True
10,13.466413797990635,False,,13.466413797990635,False,138,0.0,True
11,13.467165070022952,False,,13.467165070022952,False,138,0.0,True
12,13.466329271080193,False,,13.466329271080193,False,138,0.0,True
13,13.462370983048022,False,,13.462370983048022,False,138,0.0,True
14,13.465433189380867,False,,13.465433189380867,False,138,0.0,True
15,13.46693986403206,False,,13.46693986403206,False,138,0.0,True
16,13.46685876668237,False,,13.46685876668237,False,138,0.0,True
17,13.463602172512603,False,,13.463602172512603,False,138,0.0,True
18,13.466022800040733,False,,13.466022800040733,False,138,0.0,True
19,13.464553611020682,False,,13.464553611020682,False,138,0.0,True
20,13.46659968942914,False,,13.46659968942914,False,138,0.0,True
21,13.463829128311698,False,,13.463829128311698,False,138,0.0,True
22,13.464114789906558,False,,13.464114789906558,False,138,0.0,True
23,13.465044693062485,False,,13.465044693062485,False,138,0.0,True
24,13.46340276904346,False,,13.46340276904346,False,138,0.0,True
25,13.466430274653236,False,,13.466430274653236,False,138,0.0,True
26,13.467607973731095,False,,13.467607973731095,False,138,0.0,True
27,13.468159073882491,False,,13.468159073882491,False,138,0.0,True
28,13.465173858071577,False,,13.465173858071577,False,138,0.0,True
29,13.468689141908929,False,,13.468689141908929,False,138,0.0,True
30,13.466270143444943,False,,13.466270143444943,False,138,0.0,True
31,13.466163863015309,False,,13.466163863015309,False,138,0.0,True
32,13.467915516048173,False,,13.467915516048173,False,138,0.0,True
33,13.4630957669161,False,,13.4630957669161,False,138,0.0,True
34,13.465555885975421,False,,13.465555885975421,False,138,0.0,True
35,13.465707083258721,False,,13.465707083258721,False,138,0.0,True
36,13.464588738928796,False,,13.464588738928796,False,138,0.0,True
37,13.465861575931632,False,,13.465861575931632,False,138,0.0,True
38,13.463706848097848,False,,13.463706848097848,False,138,0.0,True
39,13.465806935445286,False,,13.465806935445286,False,138,0.0,True
40,13.46751286323764,False,,13.46751286323764,False,138,0.0,True
41,13.466108752187294,False,,13.466108752187294,False,138,0.0,True
42,13.4648949333693,False,,13.4648949333693,False,138,0.0,True
43,13.468812807474725,False,,13.468812807474725,False,138,0.0,True
44,13.466710575387024,False,,13.466710575387024,False,138,0.0,True
45,13.467912670984601,False,,13.467912670984601,False,138,0.0,True
46,13.465739687772444,False,,13.465739687772444,False,138,0.0,True
47,13.466824144551401,False,,13.466824144551401,False,138,0.0,True
48,13.466661772666344,False,,13.466661772666344,False,138,0.0,True
49,13.46730091689183,False,,13.46730091689183,False,138,0.0,True
50,13.46627411198473,False,,13.46627411198473,False,138,0.0,True
51,13.466910294347047,False,,13.466910294347047,False,138,0.0,True
52,13.466311375957353,False,,13.466311375957353,False,138,0.0,True
53,13.46479926269965,False,,13.46479926269965,False,138,0.0,True
54,13.465867918321889,False,,13.465867918321889,False,138,0.0,True
55,13.464171678915786,False,,13.464171678915786,False,138,0.0,True
56,13.468286461423867,False,,13.468286461423867,False,138,0.0,True
57,13.467423185670267,False,,13.467423185670267,False,138,0.0,True
58,13.467041463869517,False,,13.467041463869517,False,138,0.0,True
59,13.462839510779473,False,,13.462839510779473,False,138,0.0,True
60,13.466453660744595,False,,13.466453660744595,False,138,0.0,True
61,13.466829621947506,False,,13.466829621947506,False,138,0.0,True
62,13.467156427750913,False,,13.467156427750913,False,138,0.0,True
63,13.466463749773363,False,,13.466463749773363,False,138,0.0,True
0,13.606973376026222,True,,13.606973376026222,True,139,0.0,True
1,13.606751305585963,False,,13.606751305585963,False,139,0.0,True
2,13.61545066184248,False,,13.61545066184248,False,139,0.0,True
3,13.615165601905073,False,,13.615165601905073,False,139,0.0,True
4,13.61208628829252,False,,13.61208628829252,False,139,0.0,True
5,13.61281037142524,False,,13.61281037142524,False,139,0.0,True
6,13.613950828014396,False,,13.613950828014396,False,139,0.0,True
7,13.614650508156583,False,,13.614650508156583,False,139,0.0,True
8,13.61439331858376,False,,13.61439331858376,False,139,0.0,True
9,13.614708122007922,False,,13.614708122007922,False,139,0.0,True
10,13.615908053010472,False,,13.615908053010472,False,139,0.0,True
11,13.615406110561912,False,,13.615406110561912,False,139,0.0,True
12,13.610821594681752,False,,13.610821594681752,False,139,0.0,True
13,13.613665146973927,False,,13.613665146973927,False,139,0.0,True
14,13.614891559439958,False,,13.614891559439958,False,139,0.0,True
15,13.61603923229699,False,,13.61603923229699,False,139,0.0,True
16,13.611962782190616,False,,13.611962782190616,False,139,0.0,True
17,13.613915180822982,False,,13.613915180822982,False,139,0.0,True
18,13.612341989938665,False,,13.612341989938665,False,139,0.0,True
19,13.613703314918444,False,,13.613703314918444,False,139,0.0,True
20,13.614860389026097,False,,13.614860389026097,False,139,0.0,True
21,13.616541705231143,False,,13.616541705231143,False,139,0.0,True
22,13.61521472919816,False,,13.61521472919816,False,139,0.0,True
23,13.613784672494914,False,,13.613784672494914,False,139,0.0,True
24,13.615747601181855,False,,13.615747601181855,False,139,0.0,True
25,13.615516641795908,False,,13.615516641795908,False,139,0.0,True
26,13.613199617727926,False,,13.613199617727926,False,139,0.0,True
27,13.614341403639328,False,,13.614341403639328,False,139,0.0,True
28,13.613736910490719,False,,13.613736910490719,False,139,0.0,True
29,13.610813643589106,False,,13.610813643589106,False,139,0.0,True
30,13.611773611971344,False,,13.611773611971344,False,139,0.0,True
31,13.616032231357392,False,,13.616032231357392,False,139,0.0,True
32,13.615380378149297,False,,13.615380378149297,False,139,0.0,True
33,13.616027392272484,False,,13.616027392272484,False,139,0.0,True
34,13.615801296549378,False,,13.615801296549378,False,139,0.0,True
35,13.612416832811737,False,,13.612416832811737,False,139,0.0,True
36,13.616682439263453,False,,13.616682439263453,False,139,0.0,True
37,13.61460493484767,False,,13.61460493484767,False,139,0.0,True
38,13.616611729414629,False,,13.616611729414629,False,139,0.0,True
39,13.615292561766614,False,,13.615292561766614,False,139,0.0,True
40,13.613952584861785,False,,13.613952584861785,False,139,0.0,True
41,13.615032332143805,False,,13.615032332143805,False,139,0.0,True
42,13.614191654520122,False,,13.614191654520122,False,139,0.0,True
43,13.616570947293281,False,,13.616570947293281,False,139,0.0,True
44,13.612355710599156,False,,13.612355710599156,False,139,0.0,True
45,13.614030273418711,False,,13.614030273418711,False,139,0.0,True
46,13.617032217476027,False,,13.617032217476027,False,139,0.0,True
47,13.61544996842544,False,,13.61544996842544,False,139,0.0,True
48,13.615122783987538,False,,13.615122783987538,False,139,0.0,True
49,13.613978555451036,False,,13.613978555451036,False,139,0.0,True
50,13.614146022835747,False,,13.614146022835747,False,139,0.0,True
51,13.614356779007563,False,,13.614356779007563,False,139,0.0,True
52,13.61556316883968,False,,13.61556316883968,False,139,0.0,True
53,13.613353851054214,False,,13.613353851054214,False,139,0.0,True
54,13.614531474338513,False,,13.614531474338513,False,139,0.0,True
55,13.614279989765498,False,,13.614279989765498,False,139,0.0,True
56,13.608939378855284,False,,13.608939378855284,False,139,0.0,True
57,13.616138611830788,False,,13.616138611830788,False,139,0.0,True
58,13.61646734634329,False,,13.61646734634329,False,139,0.0,True
59,13.614540924184967,False,,13.614540924184967,False,139,0.0,True
60,13.616640383044249,False,,13.616640383044249,False,139,0.0,True
61,13.610726298871112,False,,13.610726298871112,False,139,0.0,True
62,13.614633503966301,False,,13.614633503966301,False,139,0.0,True
63,13.615395259183131,False,,13.615395259183131,False,139,0.0,True
0,13.755601442257385,True,,13.755601442257385,True,140,0.0,True
1,13.755594358754474,False,,13.755594358754474,False,140,0.0,True
2,13.766630109911445,False,,13.766630109911445,False,140,0.0,True
3,13.764775554332948,False,,13.764775554332948,False,140,0.0,True
4,13.765090186988106,False,,13.765090186988106,False,140,0.0,True
5,13.762614143545214,False,,13.762614143545214,False,140,0.0,True
6,13.760954744460843,False,,13.760954744460843,False,140,0.0,True
7,13.765542942154077,False,,13.765542942154077,False,140,0.0,True
8,13.765213898661681,False,,13.765213898661681,False,140,0.0,True
9,13.762526682274117,False,,13.762526682274117,False,140,0.0,True
10,13.76387365864031,False,,13.76387365864031,False,140,0.0,True
11,13.765120238017744,False,,13.765120238017744,False,140,0.0,True
12,13.759632277635614,False,,13.759632277635614,False,140,0.0,True
13,13.766605593208004,False,,13.766605593208004,False,140,0.0,True
14,13.764176758491335,False,,13.764176758491335,False,140,0.0,True
15,13.762806563473696,False,,13.762806563473696,False,140,0.0,True
16,13.762906541138051,False,,13.762906541138051,False,140,0.0,True
17,13.765282578156434,False,,13.765282578156434,False,140,0.0,True
18,13.763795288016079,False,,13.763795288016079,False,140,0.0,True
19,13.761784788243657,False,,13.761784788243657,False,140,0.0,True
20,13.765998244107603,False,,13.765998244107603,False,140,0.0,True
21,13.762672965344088,False,,13.762672965344088,False,140,0.0,True
22,13.762243854205842,False,,13.762243854205842,False,140,0.0,True
23,13.765894576756002,False,,13.765894576756002,False,140,0.0,True
24,13.761435630514537,False,,13.761435630514537,False,140,0.0,True
25,13.765935645903722,False,,13.765935645903722,False,140,0.0,True
26,13.764493847550769,False,,13.764493847550769,False,140,0.0,True
27,13.763981016689627,False,,13.763981016689627,False,140,0.0,True
28,13.761881110508314,False,,13.761881110508314,False,140,0.0,True
29,13.76240566072907,False,,13.76240566072907,False,140,0.0,True
30,13.764634156360035,False,,13.764634156360035,False,140,0.0,True
31,13.762930089692443,False,,13.762930089692443,False,140,0.0,True
32,13.7642853756849,False,,13.7642853756849,False,140,0.0,True
33,13.76278862106103,False,,13.76278862106103,False,140,0.0,True
34,13.76549005890886,False,,13.76549005890886,False,140,0.0,True
35,13.76445184639545,False,,13.76445184639545,False,140,0.0,True
36,13.762404817638327,False,,13.762404817638327,False,140,0.0,True
37,13.765611701709984,False,,13.765611701709984,False,140,0.0,True
38,13.766825790301677,False,,13.766825790301677,False,140,0.0,True
39,13.766388220579513,False,,13.766388220579513,False,140,0.0,True
40,13.763269072552884,False,,13.763269072552884,False,140,0.0,True
41,13.764202509314055,False,,13.764202509314055,False,140,0.0,True
42,13.762461551676417,False,,13.762461551676417,False,140,0.0,True
43,13.765067567986737,False,,13.765067567986737,False,140,0.0,True
44,13.763430202701342,False,,13.763430202701342,False,140,0.0,True
45,13.765554745473954,False,,13.765554745473954,False,140,0.0,True
46,13.764186123213609,False,,13.764186123213609,False,140,0.0,True
47,13.76550424168036,False,,13.76550424168036,False,140,0.0,True
48,13.762118465232984,False,,13.762118465232984,False,140,0.0,True
49,13.762742215154697,False,,13.762742215154697,False,140,0.0,True
50,13.765557091252639,False,,13.765557091252639,False,140,0.0,True
51,13.763812819012808,False,,13.763812819012808,False,140,0.0,True
52,13.765658607942592,False,,13.765658607942592,False,140,0.0,True
53,13.764947093147871,False,,13.764947093147871,False,140,0.0,True
54,13.766709756298788,False,,13.766709756298788,False,140,0.0,True
55,13.761939599011516,False,,13.761939599011516,False,140,0.0,True
56,13.762499869791295,False,,13.762499869791295,False,140,0.0,True
57,13.764024056117355,False,,13.764024056117355,False,140,0.0,True
58,13.764356025001394,False,,13.764356025001394,False,140,0.0,True
59,13.763443521369469,False,,13.763443521369469,False,140,0.0,True
60,13.76117640008848,False,,13.76117640008848,False,140,0.0,True
61,13.761018968679346,False,,13.761018968679346,False,140,0.0,True
62,13.765984454116756,False,,13.765984454116756,False,140,0.0,True
63,13.764787359764448,False,,13.764787359764448,False,140,0.0,True
0,13.922945059328422,True,,13.922945059328422,True,141,0.0,True
1,13.922901927853797,False,,13.922901927853797,False,141,0.0,True
2,13.92526388073873,False,,13.92526388073873,False,141,0.0,True
3,13.928337862566414,False,,13.928337862566414,False,141,0.0,True
4,13.928138722840455,False,,13.928138722840455,False,141,0.0,True
5,13.931205207169382,False,,13.931205207169382,False,141,0.0,True
6,13.928376247775775,False,,13.928376247775775,False,141,0.0,True
7,13.92876202879924,False,,13.92876202879924,False,141,0.0,True
8,13.930241091629874,False,,13.930241091629874,False,141,0.0,True
9,13.93124813182484,False,,13.93124813182484,False,141,0.0,True
10,13.927892024257199,False,,13.927892024257199,False,141,0.0,True
11,13.930044924242358,False,,13.930044924242358,False,141,0.0,True
12,13.931409113487906,False,,13.931409113487906,False,141,0.0,True
13,13.929552846559927,False,,13.929552846559927,False,141,0.0,True
14,13.928865481796478,False,,13.928865481796478,False,141,0.0,True
15,13.92832228865203,False,,13.92832228865203,False,141,0.0,True
16,13.92596039878592,False,,13.92596039878592,False,141,0.0,True
17,13.926218902269877,False,,13.926218902269877,False,141,0.0,True
18,13.926954829341366,False,,13.926954829341366,False,141,0.0,True
19,13.924178904693303,False,,13.924178904693303,False,141,0.0,True
20,13.929284409419159,False,,13.929284409419159,False,141,0.0,True
21,13.93110058334668,False,,13.93110058334668,False,141,0.0,True
22,13.93076194954815,False,,13.93076194954815,False,141,0.0,True
23,13.929859561251716,False,,13.929859561251716,False,141,0.0,True
24,13.929193311054592,False,,13.929193311054592,False,141,0.0,True
25,13.927780032220983,False,,13.927780032220983,False,141,0.0,True
26,13.928891863237025,False,,13.928891863237025,False,141,0.0,True
27,13.928534523942629,False,,13.928534523942629,False,141,0.0,True
28,13.92905039173453,False,,13.92905039173453,False,141,0.0,True
29,13.929561793252306,False,,13.929561793252306,False,141,0.0,True
30,13.929714887570855,False,,13.929714887570855,False,141,0.0,True
31,13.931131439330711,False,,13.931131439330711,False,141,0.0,True
32,13.928415212280575,False,,13.928415212280575,False,141,0.0,True
33,13.92567838576169,False,,13.92567838576169,False,141,0.0,True
34,13.925383831421303,False,,13.925383831421303,False,141,0.0,True
35,13.929341890149184,False,,13.929341890149184,False,141,0.0,True
36,13.926679253194823,False,,13.926679253194823,False,141,0.0,True
37,13.929929734453628,False,,13.929929734453628,False,141,0.0,True
38,13.931266390697683,False,,13.931266390697683,False,141,0.0,True
39,13.930828005037831,False,,13.930828005037831,False,141,0.0,True
40,13.930129936613225,False,,13.930129936613225,False,141,0.0,True
41,13.929722333164085,False,,13.929722333164085,False,141,0.0,True
42,13.927825142108748,False,,13.927825142108748,False,141,0.0,True
43,13.929778162259092,False,,13.929778162259092,False,141,0.0,True
44,13.931230691497976,False,,13.931230691497976,False,141,0.0,True
45,13.927101510108855,False,,13.927101510108855,False,141,0.0,True
46,13.930761292494326,False,,13.930761292494326,False,141,0.0,True
47,13.929854928121536,False,,13.929854928121536,False,141,0.0,True
48,13.92751853175562,False,,13.92751853175562,False,141,0.0,True
49,13.929030997656918,False,,13.929030997656918,False,141,0.0,True
50,13.925714829118684,False,,13.925714829118684,False,141,0.0,True
51,13.930213922001817,False,,13.930213922001817,False,141,0.0,True
52,13.928489353777191,False,,13.928489353777191,False,141,0.0,True
53,13.927155963387817,False,,13.927155963387817,False,141,0.0,True
54,13.92929618560174,False,,13.92929618560174,False,141,0.0,True
55,13.928230279598225,False,,13.928230279598225,False,141,0.0,True
56,13.928205292020609,False,,13.928205292020609,False,141,0.0,True
57,13.928157634740753,False,,13.928157634740753,False,141,0.0,True
58,13.928901436284084,False,,13.928901436284084,False,141,0.0,True
59,13.929441306106279,False,,13.929441306106279,False,141,0.0,True
60,13.931909376786473,False,,13.931909376786473,False,141,0.0,True
61,13.928396457424807,False,,13.928396457424807,False,141,0.0,True
62,13.930394085648539,False,,13.930394085648539,False,141,0.0,True
63,13.930557541094727,False,,13.930557541094727,False,141,0.0,True
0,14.10526129100895,False,finger_width,-1000000000.0,False,142,0.0,False
1,14.105322579109876,False,finger_width,-1000000000.0,False,142,0.0,False
2,14.114872313275196,False,,14.114872313275196,False,142,0.0,True
3,14.11344934368816,False,,14.11344934368816,False,142,0.0,True
4,14.114749032043472,False,,14.114749032043472,False,142,0.0,True
5,14.114317860158586,False,,14.114317860158586,False,142,0.0,True
6,14.112782040809327,False,,14.112782040809327,False,142,0.0,True
7,14.113328886820936,False,,14.113328886820936,False,142,0.0,True
8,14.114020273035921,False,,14.114020273035921,False,142,0.0,True
9,14.11453310933532,False,,14.11453310933532,False,142,0.0,True
10,14.115425721766137,True,,14.115425721766137,True,142,0.0,True
11,14.113149015911507,False,,14.113149015911507,False,142,0.0,True
12,14.113437525318615,False,,14.113437525318615,False,142,0.0,True
13,14.112607786976316,False,,14.112607786976316,False,142,0.0,True
14,14.112841929139764,False,,14.112841929139764,False,142,0.0,True
15,14.11399701194226,False,,14.11399701194226,False,142,0.0,True
16,14.113894324127427,False,,14.113894324127427,False,142,0.0,True
17,14.112336371230947,False,,14.112336371230947,False,142,0.0,True
18,14.114139041483469,False,,14.114139041483469,False,142,0.0,True
19,14.115130082662077,False,,14.115130082662077,False,142,0.0,True
20,14.112790459424012,False,,14.112790459424012,False,142,0.0,True
21,14.113474748608285,False,,14.113474748608285,False,142,0.0,True
22,14.114600895840102,False,,14.114600895840102,False,142,0.0,True
23,14.111103295454548,False,,14.111103295454548,False,142,0.0,True
24,14.113790056140491,False,,14.113790056140491,False,142,0.0,True
25,14.113491782043823,False,,14.113491782043823,False,142,0.0,True
26,14.114506518907229,False,,14.114506518907229,False,142,0.0,True
27,14.114130644416631,False,,14.114130644416631,False,142,0.0,True
28,14.112636115010254,False,,14.112636115010254,False,142,0.0,True
29,14.113062841056854,False,,14.113062841056854,False,142,0.0,True
30,14.113938010096287,False,,14.113938010096287,False,142,0.0,True
31,14.11371285041342,False,,14.11371285041342,False,142,0.0,True
32,14.11471364741905,False,,14.11471364741905,False,142,0.0,True
33,14.111704321398081,False,,14.111704321398081,False,142,0.0,True
34,14.114356162059732,False,,14.114356162059732,False,142,0.0,True
35,14.113638641925894,False,,14.113638641925894,False,142,0.0,True
36,14.111129441196761,False,,14.111129441196761,False,142,0.0,True
37,14.113193201312988,False,,14.113193201312988,False,142,0.0,True
38,14.114435494085052,False,,14.114435494085052,False,142,0.0,True
39,14.11392213055102,False,,14.11392213055102,False,142,0.0,True
40,14.112224308725581,False,,14.112224308725581,False,142,0.0,True
41,14.114600930593028,False,,14.114600930593028,False,142,0.0,True
42,14.114300995261104,False,,14.114300995261104,False,142,0.0,True
43,14.114053272006274,False,,14.114053272006274,False,142,0.0,True
44,14.11475844482425,False,,14.11475844482425,False,142,0.0,True
45,14.113028082132601,False,,14.113028082132601,False,142,0.0,True
46,14.113573901310353,False,,14.113573901310353,False,142,0.0,True
47,14.1133974803686,False,,14.1133974803686,False,142,0.0,True
48,14.113186685969755,False,,14.113186685969755,False,142,0.0,True
49,14.112635273247502,False,,14.112635273247502,False,142,0.0,True
50,14.112939805443615,False,,14.112939805443615,False,142,0.0,True
51,14.112494549894572,False,,14.112494549894572,False,142,0.0,True
52,14.114060930296256,False,,14.114060930296256,False,142,0.0,True
53,14.113842237179057,False,,14.113842237179057,False,142,0.0,True
54,14.113868001135156,False,,14.113868001135156,False,142,0.0,True
55,14.112657092313903,False,,14.112657092313903,False,142,0.0,True
56,14.113006953099921,False,,14.113006953099921,False,142,0.0,True
57,14.113359254747087,False,,14.113359254747087,False,142,0.0,True
58,14.114495167801223,False,,14.114495167801223,False,142,0.0,True
59,14.114483168847947,False,,14.114483168847947,False,142,0.0,True
60,14.113588992134675,False,,14.113588992134675,False,142,0.0,True
61,14.113693716046951,False,,14.113693716046951,False,142,0.0,True
62,14.115089648759515,False,,14.115089648759515,False,142,0.0,True
63,14.113272194293836,False,,14.113272194293836,False,142,0.0,True
0,14.289232573132217,False,finger_width,-1000000000.0,False,143,0.0,False
1,14.296190243493019,False,,14.296190243493019,False,143,0.0,True
2,14.29527886685729,False,,14.29527886685729,False,143,0.0,True
3,14.294367428305744,False,,14.294367428305744,False,143,0.0,True
4,14.295180757591128,False,,14.295180757591128,False,143,0.0,True
5,14.295197025842963,False,,14.295197025842963,False,143,0.0,True
6,14.295784217124432,False,,14.295784217124432,False,143,0.0,True
7,14.295439355696738,False,,14.295439355696738,False,143,0.0,True
8,14.295387476729601,False,,14.295387476729601,False,143,0.0,True
9,14.294974673080445,False,,14.294974673080445,False,143,0.0,True
10,14.293902048637719,False,,14.293902048637719,False,143,0.0,True
11,14.295253179465979,False,,14.295253179465979,False,143,0.0,True
12,14.294045946766435,False,,14.294045946766435,False,143,0.0,True
13,14.295524012503773,False,,14.295524012503773,False,143,0.0,True
14,14.294835214817523,False,,14.294835214817523,False,143,0.0,True
15,14.29380553498864,False,,14.29380553498864,False,143,0.0,True
16,14.294579251461474,False,,14.294579251461474,False,143,0.0,True
17,14.29515131232515,False,,14.29515131232515,False,143,0.0,True
18,14.294284042734652,False,,14.294284042734652,False,143,0.0,True
19,14.295958456276358,False,,14.295958456276358,False,143,0.0,True
20,14.295761924107373,False,,14.295761924107373,False,143,0.0,True
21,14.29367712259069,False,,14.29367712259069,False,143,0.0,True
22,14.295634954810142,False,,14.295634954810142,False,143,0.0,True
23,14.295243715900183,False,,14.295243715900183,False,143,0.0,True
24,14.295226343050599,False,,14.295226343050599,False,143,0.0,True
25,14.296420110497623,True,,14.296420110497623,True,143,0.0,True
26,14.292531860584019,False,finger_width,-1000000000.0,False,143,0.0,False
27,14.29540353472382,False,,14.29540353472382,False,143,0.0,True
28,14.295216391034424,False,,14.295216391034424,False,143,0.0,True
29,14.294359431121498,False,,14.294359431121498,False,143,0.0,True
30,14.294138347750902,False,,14.294138347750902,False,143,0.0,True
31,14.294674641158432,False,,14.294674641158432,False,143,0.0,True
32,14.295506129484624,False,,14.295506129484624,False,143,0.0,True
33,14.295526306083799,False,,14.295526306083799,False,143,0.0,True
34,14.294737256435305,False,,14.294737256435305,False,143,0.0,True
35,14.296059702315926,False,,14.296059702315926,False,143,0.0,True
36,14.29455311788544,False,,14.29455311788544,False,143,0.0,True
37,14.295694268288463,False,,14.295694268288463,False,143,0.0,True
38,14.295041258105636,False,,14.295041258105636,False,143,0.0,True
39,14.295290931300073,False,,14.295290931300073,False,143,0.0,True
40,14.294869468635321,False,,14.294869468635321,False,143,0.0,True
41,14.295426053594053,False,,14.295426053594053,False,143,0.0,True
42,14.295458772437273,False,,14.295458772437273,False,143,0.0,True
43,14.29573394442126,False,,14.29573394442126,False,143,0.0,True
44,14.295912418340146,False,,14.295912418340146,False,143,0.0,True
45,14.29572500104457,False,,14.29572500104457,False,143,0.0,True
46,14.294536799661069,False,,14.294536799661069,False,143,0.0,True
47,14.295397639026493,False,,14.295397639026493,False,143,0.0,True
48,14.295042600181699,False,,14.295042600181699,False,143,0.0,True
49,14.294651074513048,False,,14.294651074513048,False,143,0.0,True
50,14.295552162852138,False,,14.295552162852138,False,143,0.0,True
51,14.295899508026242,False,,14.295899508026242,False,143,0.0,True
52,14.294333324961363,False,,14.294333324961363,False,143,0.0,True
53,14.293669185665994,False,,14.293669185665994,False,143,0.0,True
54,14.294906115606427,False,,14.294906115606427,False,143,0.0,True
55,14.294698656568675,False,,14.294698656568675,False,143,0.0,True
56,14.29452647505626,False,,14.29452647505626,False,143,0.0,True
57,14.294119439054281,False,,14.294119439054281,False,143,0.0,True
58,14.293763030213118,False,,14.293763030213118,False,143,0.0,True
59,14.295564756914974,False,,14.295564756914974,False,143,0.0,True
60,14.294654585030674,False,,14.294654585030674,False,143,0.0,True
61,14.29446659676358,False,,14.29446659676358,False,143,0.0,True
62,14.29476310606599,False,,14.29476310606599,False,143,0.0,True
63,14.294864968279004,False,,14.294864968279004,False,143,0.0,True
0,14.452731697112322,True,,14.452731697112322,True,144,0.0,True
1,14.457537585943937,False,,14.457537585943937,False,144,0.0,True
2,14.457515800893306,False,,14.457515800893306,False,144,0.0,True
3,14.457235222235322,False,,14.457235222235322,False,144,0.0,True
4,14.456838192120195,False,,14.456838192120195,False,144,0.0,True
5,14.45636202543974,False,,14.45636202543974,False,144,0.0,True
6,14.457080876752734,False,,14.457080876752734,False,144,0.0,True
7,14.45713696911931,False,,14.45713696911931,False,144,0.0,True
8,14.456269383653998,False,,14.456269383653998,False,144,0.0,True
9,14.455857392400503,False,,14.455857392400503,False,144,0.0,True
10,14.456947324052454,False,,14.456947324052454,False,144,0.0,True
11,14.456979494169355,False,,14.456979494169355,False,144,0.0,True
12,14.456219665333629,False,,14.456219665333629,False,144,0.0,True
13,14.457119509801268,False,,14.457119509801268,False,144,0.0,True
14,14.45685436911881,False,,14.45685436911881,False,144,0.0,True
15,14.457360283955932,False,,14.457360283955932,False,144,0.0,True
16,14.456532725840807,False,,14.456532725840807,False,144,0.0,True
17,14.457111490517855,False,,14.457111490517855,False,144,0.0,True
18,14.456396419554949,False,,14.456396419554949,False,144,0.0,True
19,14.45754664056003,False,,14.45754664056003,False,144,0.0,True
20,14.456210540607572,False,,14.456210540607572,False,144,0.0,True
21,14.457193687185645,False,,14.457193687185645,False,144,0.0,True
22,14.45613427489996,False,,14.45613427489996,False,144,0.0,True
23,14.457230248600244,False,,14.457230248600244,False,144,0.0,True
24,14.456813758313656,False,,14.456813758313656,False,144,0.0,True
25,14.456799204871059,False,,14.456799204871059,False,144,0.0,True
26,14.457389066666364,False,,14.457389066666364,False,144,0.0,True
27,14.457482264339923,False,,14.457482264339923,False,144,0.0,True
28,14.457386888936162,False,,14.457386888936162,False,144,0.0,True
29,14.457108246460557,False,,14.457108246460557,False,144,0.0,True
30,14.455578493401408,False,,14.455578493401408,False,144,0.0,True
31,14.456614003926516,False,,14.456614003926516,False,144,0.0,True
32,14.457001034244895,False,,14.457001034244895,False,144,0.0,True
33,14.457484725639224,False,,14.457484725639224,False,144,0.0,True
34,14.455972151756287,False,,14.455972151756287,False,144,0.0,True
35,14.457022878974676,False,,14.457022878974676,False,144,0.0,True
36,14.45677012823522,False,,14.45677012823522,False,144,0.0,True
37,14.457361691668629,False,,14.457361691668629,False,144,0.0,True
38,14.457244632691145,False,,14.457244632691145,False,144,0.0,True
39,14.456916360259056,False,,14.456916360259056,False,144,0.0,True
40,14.456305705308914,False,,14.456305705308914,False,144,0.0,True
41,14.457116382420063,False,,14.457116382420063,False,144,0.0,True
42,14.457440290525556,False,,14.457440290525556,False,144,0.0,True
43,14.457221769168973,False,,14.457221769168973,False,144,0.0,True
44,14.457034500092268,False,,14.457034500092268,False,144,0.0,True
45,14.456272671893238,False,,14.456272671893238,False,144,0.0,True
46,14.457248468771576,False,,14.457248468771576,False,144,0.0,True
47,14.456617099791766,False,,14.456617099791766,False,144,0.0,True
48,14.456409563720227,False,,14.456409563720227,False,144,0.0,True
49,14.4573070397228,False,,14.4573070397228,False,144,0.0,True
50,14.456612736433744,False,,14.456612736433744,False,144,0.0,True
51,14.45666682779789,False,,14.45666682779789,False,144,0.0,True
52,14.457279559150338,False,,14.457279559150338,False,144,0.0,True
53,14.456593906208873,False,,14.456593906208873,False,144,0.0,True
54,14.457468945458531,False,,14.457468945458531,False,144,0.0,True
55,14.457200221121312,False,,14.457200221121312,False,144,0.0,True
56,14.456021777838469,False,,14.456021777838469,False,144,0.0,True
57,14.455869965553283,False,,14.455869965553283,False,144,0.0,True
58,14.457025314569472,False,,14.457025314569472,False,144,0.0,True
59,14.456584793925286,False,,14.456584793925286,False,144,0.0,True
60,14.456686374247074,False,,14.456686374247074,False,144,0.0,True
61,14.456190685257315,False,,14.456190685257315,False,144,0.0,True
62,14.456947248354554,False,,14.456947248354554,False,144,0.0,True
63,14.456737161725759,False,,14.456737161725759,False,144,0.0,True
0,14.62829303741455,False,finger_width,-1000000000.0,False,145,0.0,False
1,14.628301620483398,False,,14.628301620483398,False,145,0.0,True
2,14.63051700592041,False,,14.63051700592041,False,145,0.0,True
3,14.63001823425293,False,,14.63001823425293,False,145,0.0,True
4,14.630465507507324,False,,14.630465507507324,False,145,0.0,True
5,14.62984848022461,False,,14.62984848022461,False,145,0.0,True
6,14.62994384765625,False,,14.62994384765625,False,145,0.0,True
7,14.630313873291016,False,,14.630313873291016,False,145,0.0,True
8,14.630152702331543,False,,14.630152702331543,False,145,0.0,True
9,14.630556106567383,False,,14.630556106567383,False,145,0.0,True
10,14.630288124084473,False,,14.630288124084473,False,145,0.0,True
11,14.630598068237305,False,,14.630598068237305,False,145,0.0,True
12,14.630054473876953,False,,14.630054473876953,False,145,0.0,True
13,14.630352020263672,False,,14.630352020263672,False,145,0.0,True
14,14.630311965942383,False,,14.630311965942383,False,145,0.0,True
15,14.630395889282227,False,,14.630395889282227,False,145,0.0,True
16,14.630367279052734,False,,14.630367279052734,False,145,0.0,True
17,14.630516052246094,False,,14.630516052246094,False,145,0.0,True
18,14.630546569824219,False,,14.630546569824219,False,145,0.0,True
19,14.630114555358887,False,,14.630114555358887,False,145,0.0,True
20,14.630071640014648,False,,14.630071640014648,False,145,0.0,True
21,14.630356788635254,False,,14.630356788635254,False,145,0.0,True
22,14.63029956817627,False,,14.63029956817627,False,145,0.0,True
23,14.630218505859375,False,,14.630218505859375,False,145,0.0,True
24,14.630022048950195,False,,14.630022048950195,False,145,0.0,True
25,14.630038261413574,False,,14.630038261413574,False,145,0.0,True
26,14.630199432373047,False,,14.630199432373047,False,145,0.0,True
27,14.6304349899292,False,,14.6304349899292,False,145,0.0,True
28,14.63050365447998,False,,14.63050365447998,False,145,0.0,True
29,14.63001537322998,False,,14.63001537322998,False,145,0.0,True
30,14.630250930786133,False,,14.630250930786133,False,145,0.0,True
31,14.630280494689941,False,,14.630280494689941,False,145,0.0,True
32,14.63063907623291,False,,14.63063907623291,False,145,0.0,True
33,14.629990577697754,False,,14.629990577697754,False,145,0.0,True
34,14.629761695861816,False,,14.629761695861816,False,145,0.0,True
35,14.63045597076416,False,,14.63045597076416,False,145,0.0,True
36,14.630274772644043,False,,14.630274772644043,False,145,0.0,True
37,14.630316734313965,False,,14.630316734313965,False,145,0.0,True
38,14.630545616149902,False,,14.630545616149902,False,145,0.0,True
39,14.6299409866333,False,,14.6299409866333,False,145,0.0,True
40,14.630106925964355,False,,14.630106925964355,False,145,0.0,True
41,14.630324363708496,False,,14.630324363708496,False,145,0.0,True
42,14.630498886108398,False,,14.630498886108398,False,145,0.0,True
43,14.630455017089844,False,,14.630455017089844,False,145,0.0,True
44,14.629982948303223,False,,14.629982948303223,False,145,0.0,True
45,14.629915237426758,False,,14.629915237426758,False,145,0.0,True
46,14.630180358886719,False,,14.630180358886719,False,145,0.0,True
47,14.630244255065918,False,,14.630244255065918,False,145,0.0,True
48,14.629594802856445,False,,14.629594802856445,False,145,0.0,True
49,14.630659103393555,True,,14.630659103393555,True,145,0.0,True
50,14.630480766296387,False,,14.630480766296387,False,145,0.0,True
51,14.63039779663086,False,,14.63039779663086,False,145,0.0,True
52,14.630392074584961,False,,14.630392074584961,False,145,0.0,True
53,14.6303071975708,False,,14.6303071975708,False,145,0.0,True
54,14.630379676818848,False,,14.630379676818848,False,145,0.0,True
55,14.629964828491211,False,,14.629964828491211,False,145,0.0,True
56,14.630393028259277,False,,14.630393028259277,False,145,0.0,True
57,14.63017749786377,False,,14.63017749786377,False,145,0.0,True
58,14.630614280700684,False,,14.630614280700684,False,145,0.0,True
59,14.630325317382812,False,,14.630325317382812,False,145,0.0,True
60,14.630250930786133,False,,14.630250930786133,False,145,0.0,True
61,14.630300521850586,False,,14.630300521850586,False,145,0.0,True
62,14.630141258239746,False,,14.630141258239746,False,145,0.0,True
63,14.630619049072266,False,,14.630619049072266,False,145,0.0,True
