D_Q_one_step_height_mae_cm,D_Q_one_step_xyz_mae_cm,D_one_step_ee_mae_cm,D_one_step_latent_normalized_mse,Q_actual_observation_held_probability,Q_actual_observation_x,Q_actual_observation_xyz_mae_cm,Q_actual_observation_y,Q_actual_observation_z,Q_observed_supported_reward,action_dx,action_dy,action_dyaw,action_dz,action_gripper,actual_goal_distance_cm,actual_held,actual_lift_cm,actual_object_x,actual_object_y,actual_object_z,control_component_goal,control_component_penalties,control_component_progress,control_component_time,control_reward,decision_seconds,obstacle_contact,planner_fallback_to_RL_Q,predicted_first_supported_reward,predicted_score,step,table_contact,task_success,time_s,true_component_action,true_component_collision,true_component_drop,true_component_fail,true_component_grasp,true_component_lift,true_component_place,true_component_proximity,true_component_reach,true_component_success,true_component_table_hit,true_component_transport,true_original_reward,valid_candidates
,,,,4.020169944851659e-05,0.1800769865512848,0.44861286878585815,-0.2245519459247589,0.772156298160553,-0.0003936997056007401,0.9983900785446167,-0.991990327835083,0.01685166358947754,-0.9897590279579163,1.0,51.01118087768555,False,0.0,0.18475039303302765,-0.23302233219146729,0.7724708914756775,0.0,-0.007401836514472962,0.01583587199449539,-0.01,-0.0015659645199775727,0.1173548772931099,False,True,,-1000000000.0,1,False,False,0.6000000000000004,-0.7401836514472961,-0.0,0.0,0.0,0.0,0.0,0.0,-0.0,0.03199162418228252,0.0,-0.0,0.0,0.008593975576668297,0
,,,,5.0998409278690815e-05,0.1802595555782318,0.48360922932624817,-0.2232651263475418,0.7722106575965881,-0.014208807051181792,0.9994504451751709,-0.9944462776184082,0.008778929710388184,-0.99237459897995,1.0,51.01118087768555,False,0.0,0.18475039303302765,-0.23302233219146729,0.7724708914756775,0.0,-0.0074317723512649534,0.0029042401909828187,-0.01,-0.014527532160282134,0.11143751069903374,False,True,,-1000000000.0,2,False,False,0.7000000000000005,-0.7431772351264954,-0.0,0.0,0.0,0.0,0.0,0.0,-0.0,0.0381819475886479,0.0,-0.0,0.0,0.011659201443058997,0
,,,,4.256011743564159e-05,0.18233907222747803,0.3096858859062195,-0.22632570564746857,0.7722882628440857,-0.014317574203014374,0.9994490146636963,-0.9938852787017822,0.0017998218536376953,-0.9924058318138123,1.0,51.01118087768555,False,0.0,0.18475039303302765,-0.23302233219146729,0.7724708914756775,0.0,-0.007428947687149048,0.0035255402326583862,-0.01,-0.013903407454490662,0.12624370818957686,False,True,,-1000000000.0,3,False,False,0.8000000000000006,-0.7428947687149048,-0.0,0.0,0.0,0.0,0.0,0.0,-0.0,0.045689903668608034,0.0,-0.0,0.0,0.01541600414715497,0
,,,,4.5307649997994304e-05,0.1808786690235138,0.44667622447013855,-0.2237756997346878,0.7721889615058899,-0.01250976264476776,0.9994246959686279,-0.993312418460846,-0.008739233016967773,-0.992125391960144,1.0,51.01118087768555,False,0.0,0.18475039303302765,-0.23302233219146729,0.7724708914756775,0.0,-0.007424770593643188,0.0041657140851020825,-0.01,-0.013259056508541107,0.11221244931221008,False,True,,-1000000000.0,4,False,False,0.9000000000000007,-0.7424770593643188,-0.0,0.0,0.0,0.0,0.0,0.0,-0.0,0.054567018604254613,0.0,-0.0,0.0,0.01985873870848412,0
,,,,4.7070694563444704e-05,0.18175114691257477,0.30364543199539185,-0.22694946825504303,0.7724336385726929,-0.012946347296237944,0.9993550777435303,-0.9925349950790405,-0.008195579051971436,-0.9926841259002686,1.0,51.01118087768555,False,0.0,0.18475039303302765,-0.23302233219146729,0.7724708914756775,0.0,-0.00742331326007843,0.0048485210537910425,-0.01,-0.012574792206287388,0.11794441007077694,False,True,,-1000000000.0,5,False,False,1.0000000000000007,-0.742331326007843,-0.0,0.0,0.0,0.0,0.0,0.0,-0.0,0.06491320843246717,0.0,-0.0,0.0,0.025033290956155155,0
,,,,3.6946377804270014e-05,0.18524904549121857,0.27660131454467773,-0.2254422903060913,0.772251546382904,-0.012281723916530613,0.999232292175293,-0.992457926273346,-0.0022107362747192383,-0.9950302839279175,1.0,51.01118087768555,False,0.0,0.18475039303302765,-0.23302233219146729,0.7724708914756775,0.0,-0.0074338197708129885,0.0055054539442062345,-0.01,-0.011928365826606755,0.11185149708762765,False,True,,-1000000000.0,6,False,False,1.1000000000000008,-0.7433819770812988,-0.0,0.0,0.0,0.0,0.0,0.0,-0.0,0.07669100459340406,0.0,-0.0,0.0,0.03091168252588904,0
,,,,4.856754094362259e-05,0.182954803109169,0.3001973032951355,-0.22583286464214325,0.7724500298500061,-0.010799769759178164,0.9991793632507324,-0.9928607940673828,-0.012325108051300049,-0.9965301156044006,1.0,51.01118087768555,False,0.0,0.18475039303302765,-0.23302233219146729,0.7724708914756775,0.0,-0.0074433904886245725,0.006001688241958618,-0.01,-0.011441702246665955,0.11829384695738554,False,True,,-1000000000.0,7,False,False,1.2000000000000008,-0.7443390488624573,-0.0,0.0,0.0,0.0,0.0,0.0,-0.0,0.08959026699913242,0.0,-0.0,0.0,0.037351743010941636,0
,,,,3.496508361422457e-05,0.18663735687732697,0.33219754695892334,-0.22511211037635803,0.7723021507263184,-0.011694289445877078,0.9987748861312866,-0.9926254749298096,-0.011051774024963379,-0.9965068101882935,1.0,51.01118087768555,False,0.0,0.18475039303302765,-0.23302233219146729,0.7724708914756775,0.0,-0.007440010905265808,0.006488804221153256,-0.01,-0.010951206684112553,0.11625559395179152,False,True,,-1000000000.0,8,False,False,1.300000000000001,-0.7440010905265808,-0.0,0.0,0.0,0.0,0.0,0.0,-0.0,0.10360399532391673,0.0,-0.0,0.0,0.044361986756692555,0
,,,,3.4314241929678246e-05,0.1865692138671875,0.3622189164161682,-0.2242223024368286,0.772223174571991,-0.01005796194076538,0.9987640380859375,-0.9929584860801697,-0.010651051998138428,-0.997342050075531,1.0,51.01118087768555,False,0.0,0.18475039303302765,-0.23302233219146729,0.7724708914756775,0.0,-0.007445752024650574,0.007157110571861268,-0.01,-0.010288641452789307,0.11646808683872223,False,True,,-1000000000.0,9,False,False,1.400000000000001,-0.7445752024650574,-0.0,0.0,0.0,0.0,0.0,0.0,-0.0,0.11910929953597693,0.0,-0.0,0.0,0.05210889774333789,0
,,,,2.594842044345569e-05,0.19115719199180603,0.5967581868171692,-0.2219318151473999,0.7720654606819153,-0.01042886674404145,0.9985716342926025,-0.9920865893363953,-0.006572365760803223,-0.9976257085800171,1.0,51.01118087768555,False,0.0,0.18475039303302765,-0.23302233219146729,0.7724708914756775,0.0,-0.00744170367717743,0.008103294670581823,-0.01,-0.009338409006595607,0.11368498206138611,False,True,,-1000000000.0,10,False,False,1.500000000000001,-0.7441703677177429,-0.0,0.0,0.0,0.0,0.0,0.0,-0.0,0.1366826595924121,0.0,-0.0,0.0,0.06089962611902862,0
,,,,2.6946396246785298e-05,0.18702222406864166,0.4733463227748871,-0.2216612696647644,0.771903395652771,-0.006678667068481453,0.9987030029296875,-0.9908244609832764,-0.001644730567932129,-0.998187243938446,1.0,51.01118087768555,False,0.0,0.18475039303302765,-0.23302233219146729,0.7724708914756775,0.0,-0.0074388027191162115,0.009339019954204553,-0.01,-0.008099782764911658,0.11877550696954131,False,True,,-1000000000.0,11,False,False,1.6000000000000012,-0.7438802719116211,-0.0,0.0,0.0,0.0,0.0,0.0,-0.0,0.1569300978849414,0.0,-0.0,0.0,0.07102624622335449,0
,,,,2.2996133338892832e-05,0.18878184258937836,0.6003523468971252,-0.2195161134004593,0.7719979882240295,-0.006829954385757447,0.9979981184005737,-0.9860376119613647,-0.007779717445373535,-0.9975905418395996,1.0,51.01118087768555,False,0.0,0.18475039303302765,-0.23302233219146729,0.7724708914756775,0.0,-0.00740879476070404,0.010815171599388121,-0.01,-0.00659362316131592,0.11075462680310011,False,True,,-1000000000.0,12,False,False,1.7000000000000013,-0.740879476070404,-0.0,0.0,0.0,0.0,0.0,0.0,-0.0,0.1803640315866929,0.0,-0.0,0.0,0.08277322103264241,0
,,,,2.5139228455373086e-05,0.1868729442358017,0.49729397892951965,-0.22064734995365143,0.772049605846405,-0.004403674602508546,0.9979598522186279,-0.9774948954582214,-0.010178446769714355,-0.9971120357513428,1.0,51.01118087768555,False,0.0,0.18475039303302765,-0.23302233219146729,0.7724708914756775,0.0,-0.00736439049243927,0.012472980320453644,-0.01,-0.004891410171985626,0.11067984998226166,False,True,,-1000000000.0,13,False,False,1.8000000000000014,-0.736439049243927,-0.0,0.0,0.0,0.0,0.0,0.0,-0.0,0.20738383380262904,0.0,-0.0,0.0,0.09632752640887525,0
,,,,2.302086249983404e-05,0.18707165122032166,0.6116295456886292,-0.21723270416259766,0.7722328901290894,-0.0023644283413887003,0.997361421585083,-0.9590696692466736,-0.01008915901184082,-0.995428740978241,1.0,51.01118087768555,False,0.0,0.18475039303302765,-0.23302233219146729,0.7724708914756775,0.0,-0.007263811826705933,0.014292482137680057,-0.01,-0.0029713296890258763,0.11784952506422997,False,True,,-1000000000.0,14,False,False,1.9000000000000015,-0.7263811826705933,-0.0,0.0,0.0,0.0,0.0,0.0,-0.0,0.23835227741596743,0.0,-0.0,0.0,0.11191232688127778,0
,,,,2.5990248104790226e-05,0.18358077108860016,0.5290622115135193,-0.2186598926782608,0.772131085395813,0.0005323198437690666,0.996854305267334,-0.9060400128364563,-0.017844438552856445,-0.991411566734314,1.0,51.01118087768555,False,0.0,0.18475039303302765,-0.23302233219146729,0.7724708914756775,0.0,-0.006994606256484986,0.016274282038211824,-0.01,-0.000720324218273163,0.1112309149466455,False,True,,-1000000000.0,15,False,False,2.0000000000000013,-0.6994606256484985,-0.0,0.0,0.0,0.0,0.0,0.0,-0.0,0.2736372197964425,0.0,-0.0,0.0,0.12982400364173627,0
,,,,2.502446477592457e-05,0.18725375831127167,0.5753705501556396,-0.2184685468673706,0.7722669243812561,-0.0004131755232810886,0.9930469989776611,-0.7614772319793701,-0.040434837341308594,-0.9706531167030334,1.0,51.01118087768555,False,0.0,0.18475039303302765,-0.23302233219146729,0.7724708914756775,0.0,-0.006274481415748596,0.018382463753223416,-0.01,0.0021079823374748185,0.10066119488328695,False,True,,-1000000000.0,16,False,False,2.0999999999999903,-0.6274481415748596,-0.0,0.0,0.0,0.0,0.0,0.0,-0.0,0.3135376195339301,0.0,-0.0,0.0,0.15049432835121646,0
,,,,2.6332843845011666e-05,0.18538962304592133,0.4860038459300995,-0.21935062110424042,0.7722017168998718,0.005947293639183051,0.9902069568634033,-0.5357189774513245,-0.05622965097427368,-0.8838878273963928,1.0,51.01118087768555,False,0.0,0.18475039303302765,-0.23302233219146729,0.7724708914756775,0.0,-0.005129809975624085,0.020468365252017978,-0.01,0.005338555276393894,0.1120465137064457,False,True,,-1000000000.0,17,False,False,2.1999999999999793,-0.5129809975624084,-0.0,0.0,0.0,0.0,0.0,0.0,-0.0,0.3580549050066192,0.0,-0.0,0.0,0.1738976425276855,0
0.0219881534576416,0.51240473985672,0.3900672197341919,0.12977689504623413,2.453386150591541e-05,0.18861901760101318,0.7086192965507507,-0.21587079763412476,0.7722324728965759,0.003325313329696643,1.0,0.48512306809425354,0.7706988453865051,-0.7123985290527344,-1.0,51.01118087768555,False,0.0,0.18475039303302765,-0.23302233219146729,0.7724708914756775,0.0,-0.005842081904411316,0.020712831914424884,-0.01,0.004870750010013568,0.1130662732757628,False,False,0.002055153250694275,0.0363354467898015,18,False,False,2.2999999999999683,-0.5842081904411316,-0.0,0.0,0.0,0.0,0.0,0.0,-0.0,0.40351577031790165,0.0,-0.0,0.0,0.1959158032545395,17
0.02790689468383789,0.7508635520935059,0.721430242061615,0.0972912460565567,2.3864084141678177e-05,0.18413597345352173,0.5998959541320801,-0.21598611772060394,0.7721246480941772,0.01022334828972816,0.250527560710907,-0.05104822292923927,-0.16578008234500885,-0.42996206879615784,1.0,51.01118087768555,False,0.0,0.18475039303302765,-0.23302233219146729,0.7724708914756775,0.0,-0.0006943009793758392,0.016153352558612832,-0.01,0.005459051579236993,0.11268996307626367,False,False,0.012004759162664413,0.04347367906972795,19,False,False,2.3999999999999573,-0.06943009793758392,-0.0,0.0,0.0,0.0,0.0,0.0,-0.0,0.44022466426007334,0.0,-0.0,0.0,0.21941803115066083,64
0.02918243408203125,0.669880747795105,0.5233486890792847,0.0708479955792427,3.3312371670035645e-05,0.18423986434936523,0.6977220773696899,-0.21269448101520538,0.772564172744751,0.003118519186973579,0.5202460289001465,-0.2550288438796997,-0.6845486164093018,-0.9633894562721252,-1.0,51.01118087768555,False,0.0,0.18475039303302765,-0.23302233219146729,0.7724708914756775,0.0,-0.004331054389476776,0.015759943723678588,-0.01,0.0014288893342018112,0.11403015861287713,False,False,-0.015358400531113148,0.02565434583664316,20,False,False,2.4999999999999463,-0.4331054389476776,-0.0,0.0,0.0,0.0,0.0,0.0,-0.0,0.4765096261787247,0.0,-0.0,0.0,0.23392375869988558,64
0.01100301742553711,0.7539674639701843,0.22945304214954376,0.08316731452941895,3.469001967459917e-05,0.18468694388866425,0.7341285943984985,-0.21107760071754456,0.7724865674972534,0.006410274207591991,0.7857066988945007,-0.024954982101917267,-0.6142821907997131,-0.08333037793636322,-1.0,51.01118087768555,False,0.0,0.18475039303302765,-0.23302233219146729,0.7724708914756775,0.0,-0.0025056108832359316,0.018844408690929404,-0.01,0.006338797807693473,0.11772852996364236,False,False,0.004489736165851355,0.051918157807913305,21,False,False,2.5999999999999353,-0.25056108832359314,-0.0,0.0,0.0,0.0,0.0,0.0,-0.0,0.5193923050636398,0.0,-0.0,0.0,0.25719054164858396,64
0.004357099533081055,0.799483060836792,0.45978426933288574,0.08214335143566132,2.836618477886077e-05,0.18545792996883392,0.8605371117591858,-0.20793038606643677,0.7724875211715698,-0.003233679234981513,0.9087313413619995,-0.08842211216688156,-0.5903559923171997,-0.2632640302181244,1.0,51.01118087768555,False,0.0,0.18475039303302765,-0.23302233219146729,0.7724708914756775,0.0,-0.0031285980343818665,0.009686887860298143,-0.01,-0.0034417101740837237,0.11446062009781599,False,False,-0.016598109155893326,-0.00019864977176218494,22,False,False,2.6999999999999242,-0.31285980343818665,-0.0,0.0,0.0,0.0,0.0,0.0,-0.0,0.544208239029708,0.0,-0.0,0.0,0.26897552148047216,64
0.008398294448852539,0.9058822989463806,0.5072301030158997,0.07708875834941864,3.118465610896237e-05,0.186385378241539,0.8971497416496277,-0.2078925520181656,0.7723211646080017,0.0012025192379951314,0.3962315022945404,0.5309931635856628,0.5575259923934937,-0.5571379065513611,1.0,51.01118087768555,False,0.0,0.18475039303302765,-0.23302233219146729,0.7724708914756775,0.0,-0.0026504775881767274,0.012062693089246734,-0.01,-0.0005877844989299937,0.11916981684044003,False,False,-0.012162234634160995,-0.0076681726600694045,23,False,False,2.7999999999999132,-0.26504775881767273,-0.0,0.0,0.0,0.0,0.0,0.0,-0.0,0.574074345229602,0.0,-0.0,0.0,0.2843866950266243,64
0.007969141006469727,0.9436373710632324,0.6026754379272461,0.08245931565761566,2.3789260012563318e-05,0.1868249773979187,0.8358374238014221,-0.21013617515563965,0.7723565101623535,-0.0006385447084903614,0.2290726751089096,-0.8950432538986206,0.5288159251213074,-0.3411087989807129,1.0,51.01118087768555,False,0.0,0.18475039303302765,-0.23302233219146729,0.7724708914756775,0.0,-0.0031239452958106997,0.011260683089494683,-0.01,-0.0018632622063160173,0.11501205386593938,False,False,-0.024184420704841614,0.00870652248014865,24,False,False,2.899999999999902,-0.31239452958106995,-0.0,0.0,0.0,0.0,0.0,0.0,-0.0,0.6026219836526236,0.0,-0.0,0.0,0.2981870465305011,64
0.02358555793762207,0.8800466656684875,0.45593729615211487,0.13054382801055908,2.3605753085575998e-05,0.185033917427063,0.6827369332313538,-0.2130705714225769,0.7722240686416626,-0.0034430226683616425,0.8674923777580261,0.2596701979637146,0.5244390368461609,-0.23216430842876434,1.0,51.01118087768555,False,0.0,0.18475039303302765,-0.23302233219146729,0.7724708914756775,0.0,-0.0028722703456878665,0.012126667648553857,-0.01,-0.00074560269713401,0.11591309029608965,False,False,0.002692986512556672,-0.05345244257382718,25,False,False,2.999999999999891,-0.2872270345687866,-0.0,0.0,0.0,0.0,0.0,0.0,-0.0,0.6332072783837694,0.0,-0.0,0.0,0.31373136884619685,1
0.025069713592529297,0.7282376289367676,0.7711251974105835,0.11439209431409836,2.2951087885303423e-05,0.18532896041870117,0.8114427328109741,-0.2094144970178604,0.7723140120506287,-0.010836054682731654,-0.09093416482210159,0.5725244879722595,0.7621425986289978,0.11932118982076645,1.0,51.01118087768555,False,0.0,0.18475039303302765,-0.23302233219146729,0.7724708914756775,0.0,-0.0023278805613517763,-0.00248423635959627,-0.01,-0.014812116920948047,0.11452792584896088,False,False,0.017458908259868622,0.02607871925366098,26,False,False,3.09999999999988,-0.2327880561351776,-0.0,0.0,0.0,0.0,0.0,0.0,-0.0,0.6345848294946419,0.0,-0.0,0.0,0.31496453418596915,56
0.014871358871459961,0.8134663105010986,0.6696850061416626,0.06952859461307526,2.284834044985473e-05,0.18190358579158783,0.7722312808036804,-0.2127697914838791,0.7725384831428528,-0.017770344614982607,0.652312695980072,-0.23566590249538422,0.09044015407562256,-0.06776662915945053,1.0,51.01118087768555,False,0.0,0.18475039303302765,-0.23302233219146729,0.7724708914756775,0.0,-0.0012345550954341888,-0.007995253503322586,-0.01,-0.019229808598756774,0.11809151479974389,False,False,-0.037756189703941345,-0.05731769885702405,27,False,False,3.199999999999869,-0.12345550954341888,-0.0,0.0,0.0,0.0,0.0,0.0,-0.0,0.6248427411635591,0.0,-0.0,0.0,0.31118681548634536,64
0.009304285049438477,0.8313104510307312,0.5259612798690796,0.07015567272901535,2.571937693574e-05,0.1844245195388794,0.7289355397224426,-0.21196645498275757,0.7719845771789551,-0.018824417591094978,-0.06253663450479507,-0.326669305562973,-0.2666464149951935,0.5072454810142517,-1.0,51.01118087768555,False,0.0,0.18475039303302765,-0.23302233219146729,0.7724708914756775,0.0,-0.0010975548624992371,-0.004811667054891611,-0.01,-0.01590922191739085,0.1130980090238154,False,False,-0.0016365110641345382,0.0135804705040427,28,False,False,3.299999999999858,-0.1097554862499237,-0.0,0.0,0.0,0.0,0.0,0.0,-0.0,0.6214337671939738,0.0,-0.0,0.0,0.30961932873448766,50
0.051593780517578125,0.7982234358787537,0.6129989624023438,0.08860161155462265,1.9446200894890353e-05,0.18133492767810822,0.8275588154792786,-0.21237176656723022,0.7717101573944092,-0.027372279018163692,-0.2613362669944763,0.4927885830402374,0.34762120246887207,0.2657287120819092,1.0,51.01118087768555,False,0.0,0.18475039303302765,-0.23302233219146729,0.7724708914756775,0.0,-0.0012564736604690552,-0.013626202940940857,-0.01,-0.024882676601409914,0.11680457601323724,False,False,0.002836494240909815,-0.0029841539207432592,29,False,False,3.399999999999847,-0.12564736604690552,-0.0,0.0,0.0,0.0,0.0,0.0,-0.0,0.6001830585278116,0.0,-0.0,0.0,0.29883505560343676,54
0.04781484603881836,0.851223349571228,0.6274372339248657,0.12181471288204193,1.371483722323319e-05,0.18637950718402863,0.6963620185852051,-0.2138429582118988,0.7725532650947571,-0.017149171642959097,0.07488161325454712,0.030099697411060333,0.14961937069892883,-0.1611449420452118,1.0,51.01118087768555,False,0.0,0.18475039303302765,-0.23302233219146729,0.7724708914756775,0.0,-0.00013716723769903184,-0.010156784504652017,-0.01,-0.020293951742351046,0.11297323973849416,False,False,-0.04277577996253967,-0.010380526067723559,30,False,False,3.499999999999836,-0.013716723769903183,-0.0,0.0,0.0,0.0,0.0,0.0,-0.0,0.5857267659629752,0.0,-0.0,0.0,0.2927262157437886,61
0.005304813385009766,0.7136294841766357,0.2674475312232971,0.08834818005561829,2.7135545678902417e-05,0.17997057735919952,0.8538931608200073,-0.2124938666820526,0.7721623778343201,-0.005977440029382693,0.027167484164237976,0.024653039872646332,-0.27364489436149597,-0.799545407295227,-1.0,51.01118087768555,False,0.0,0.18475039303302765,-0.23302233219146729,0.7724708914756775,0.0,-0.0017887507379055023,0.0053708963096141815,-0.01,-0.006417854428291321,0.11811415990814567,False,False,-0.013841486535966396,0.02543651143364245,31,False,False,3.599999999999825,-0.17887507379055023,-0.0,0.0,0.0,0.0,0.0,0.0,-0.0,0.6024935015146564,0.0,-0.0,0.0,0.2994580000194227,51
0.002002716064453125,0.859089195728302,0.22649218142032623,0.07536908984184265,1.9797651475528255e-05,0.18410415947437286,0.6607884764671326,-0.21412022411823273,0.772746205329895,0.0027724070847034554,0.5179056525230408,-0.5759989023208618,-0.46921467781066895,-0.169189453125,1.0,51.01118087768555,False,0.0,0.18475039303302765,-0.23302233219146729,0.7724708914756775,0.0,-0.0021219711005687715,0.013552839607000322,-0.01,0.0014308685064315495,0.11386852292343974,False,False,-0.0035988101735711098,0.006190997781679308,32,False,False,3.699999999999814,-0.21219711005687714,-0.0,0.0,0.0,0.0,0.0,0.0,-0.0,0.6359587227335743,0.0,-0.0,0.0,0.3158573902662184,62
0.01042485237121582,0.6920660138130188,0.12345264106988907,0.07210224121809006,2.3777485694154166e-05,0.18031971156597137,0.7911220192909241,-0.21387581527233124,0.7723144292831421,-0.011839673221111291,-0.45856010913848877,0.37403061985969543,0.4671759009361267,0.05358289182186127,1.0,51.01118087768555,False,0.0,0.18475039303302765,-0.23302233219146729,0.7724708914756775,0.0,-0.00142825186252594,0.0025806848704814644,-0.01,-0.008847566992044475,0.11843757377937436,False,False,-0.01028466410934925,-0.06948359230767753,33,False,False,3.799999999999803,-0.142825186252594,-0.0,0.0,0.0,0.0,0.0,0.0,-0.0,0.6475961516800786,0.0,-0.0,0.0,0.32236982397751335,37
0.013208389282226562,0.7975165843963623,0.5006343126296997,0.0812557116150856,2.5404864572919905e-05,0.18437960743904114,0.5169669389724731,-0.21855895221233368,0.7731457352638245,-0.009259542822837837,0.22546562552452087,-0.31721001863479614,0.08938472718000412,-0.6495257019996643,-1.0,51.01118087768555,False,0.0,0.18475039303302765,-0.23302233219146729,0.7724708914756775,0.0,-0.0014533255994319916,0.0006657926738262154,-0.01,-0.010787532925605777,0.11368503794074059,False,False,-0.03415897488594055,-0.03472236943291322,34,False,False,3.899999999999792,-0.14533255994319916,-0.0,0.0,0.0,0.0,0.0,0.0,-0.0,0.6554826023651463,0.0,-0.0,0.0,0.32628797558314115,62
0.061953067779541016,0.56979900598526,0.14031478762626648,0.12210376560688019,3.223749445169233e-05,0.18139353394508362,0.498846173286438,-0.22150357067584991,0.7725606560707092,-0.0006527560949325852,0.40612027049064636,-0.5640098452568054,0.47285977005958557,-0.46699488162994385,-1.0,51.01118087768555,False,0.0,0.18475039303302765,-0.23302233219146729,0.7724708914756775,0.0,-0.00231180340051651,0.016178961843252182,-0.01,0.003867158442735672,0.11629138235002756,False,False,0.0017861872911453247,-0.016768122032456825,35,False,False,3.999999999999781,-0.231180340051651,-0.0,0.0,0.0,0.0,0.0,0.0,-0.0,0.6947882833481166,0.0,-0.0,0.0,0.3450823382735418,55
0.021821260452270508,0.506960391998291,0.4948635995388031,0.0879431813955307,2.4252180082839914e-05,0.1800379455089569,0.39453110098838806,-0.2264508455991745,0.7730228900909424,-0.003046336434781567,-0.28787222504615784,0.04728896915912628,0.015917174518108368,-0.1497814655303955,1.0,51.01118087768555,False,0.0,0.18475039303302765,-0.23302233219146729,0.7724708914756775,0.0,-0.00026948627084493636,0.010974800884723634,-0.01,0.0007053146138786982,0.11640129890292883,False,False,0.019002815708518028,-0.0391528700281641,36,False,False,4.0999999999997705,-0.026948627084493637,-0.0,0.0,0.0,0.0,0.0,0.0,-0.0,0.7239777545129564,0.0,-0.0,0.0,0.36171939098563327,60
0.08011460304260254,0.4173392951488495,0.7758036255836487,0.06465709954500198,2.7568981749936938e-05,0.18099117279052734,0.5382741093635559,-0.22169876098632812,0.7735363245010376,0.00011923789978026365,0.47199904918670654,-0.03600262477993965,-0.31854966282844543,-0.9201398491859436,1.0,51.01118087768555,False,0.0,0.18475039303302765,-0.23302233219146729,0.7724708914756775,0.0,-0.002930526435375214,0.008355995416641226,-0.01,-0.004574531018733988,0.1164854490198195,False,False,-0.040470462292432785,-0.06880627701414992,37,False,False,4.1999999999997595,-0.29305264353752136,-0.0,0.0,0.0,0.0,0.0,0.0,-0.0,0.7481714301298845,0.0,-0.0,0.0,0.37115518862956703,37
0.10686516761779785,0.5329033136367798,0.21336723864078522,0.06865596771240234,4.352334508439526e-05,0.18539738655090332,0.6765628457069397,-0.21395531296730042,0.773053765296936,0.012344079464673965,-1.0,0.5822080969810486,-0.5551571249961853,-1.0,1.0,51.01118087768555,False,0.0,0.18475039303302765,-0.23302233219146729,0.7724708914756775,0.0,-0.006617914438247681,0.018528199121356004,-0.01,0.0019102846831083233,0.11592588573694229,False,False,0.018800269812345505,0.30903313757825773,38,False,False,4.2999999999997485,-0.6617914438247681,-0.0,0.0,0.0,0.0,0.0,0.0,-0.0,0.7931593316608877,0.0,-0.0,0.0,0.3899617513921962,25
0.10826587677001953,0.7247129678726196,0.9897063374519348,0.131984680891037,2.6970305043505505e-05,0.18456850945949554,0.6251687407493591,-0.21514372527599335,0.7731654644012451,0.0044143268465995835,-0.25816234946250916,0.33157286047935486,-0.36309391260147095,-0.7633504867553711,1.0,51.01118087768555,False,0.0,0.18475039303302765,-0.23302233219146729,0.7724708914756775,0.0,-0.0022278237342834473,0.005155553370714161,-0.01,-0.007072270363569286,0.1148093193769455,False,False,-0.027651440352201462,-0.19881041078098366,39,False,False,4.3999999999997375,-0.22278237342834473,-0.0,0.0,0.0,0.0,0.0,0.0,-0.0,0.8115862577746741,0.0,-0.0,0.0,0.4035653051530536,64
0.12018680572509766,0.6478682160377502,0.6667202115058899,0.058462955057621,2.8480297260102816e-05,0.18944455683231354,0.7716069221496582,-0.21531322598457336,0.7732158303260803,-0.022898240610957153,-0.765681803226471,0.46701040863990784,-0.3481191396713257,-0.5493742823600769,1.0,51.01118087768555,False,0.0,0.18475039303302765,-0.23302233219146729,0.7724708914756775,0.0,-0.0030684161186218264,-0.009177340418100366,-0.01,-0.022245756536722193,0.1222388450987637,False,False,-0.019302861765027046,-0.1364275749652264,40,False,False,4.499999999999726,-0.3068416118621826,-0.0,0.0,0.0,0.0,0.0,0.0,-0.0,0.8012440713971647,0.0,-0.0,0.0,0.3975536195799605,35
0.16645193099975586,0.8641208410263062,0.5082026124000549,0.1544031798839569,3.185421155649237e-05,0.18343894183635712,0.5486553311347961,-0.21920175850391388,0.7737985253334045,-0.02014187864959239,0.5906566381454468,-0.43231436610221863,-0.04464980959892273,0.07620181888341904,-1.0,51.01118087768555,False,0.0,0.18475039303302765,-0.23302233219146729,0.7724708914756775,0.0,-0.0013589282333850861,-0.008785156980156916,-0.01,-0.020144085213542003,0.11494695488363504,False,False,-0.016216745600104332,-0.15583852146432609,41,False,False,4.599999999999715,-0.1358928233385086,-0.0,0.0,0.0,0.0,0.0,0.0,-0.0,0.7915896181919471,0.0,-0.0,0.0,0.39443588086258846,64
,,,,2.1596553779090755e-05,0.18353450298309326,0.39710304141044617,-0.2238347977399826,0.7739805579185486,-0.017411659508943585,0.05285060405731201,0.026659369468688965,-0.7389568090438843,0.42715656757354736,0.9996734857559204,51.01118087768555,False,0.0,0.18475039303302765,-0.23302233219146729,0.7724708914756775,0.0,-0.0018300595879554749,0.004199164435267466,-0.01,-0.0076308951526880085,0.11572933383285999,False,True,,-1000000000.0,42,False,False,4.699999999999704,-0.18300595879554749,-0.0,0.0,0.0,0.0,0.0,0.0,-0.0,0.8080687090310537,0.0,-0.0,0.0,0.40220429492757137,0
0.1906871795654297,0.4671066999435425,0.08227229118347168,0.07418198883533478,7.112513412721455e-05,0.18218742311000824,0.5501046776771545,-0.22004829347133636,0.7734370231628418,-0.012070264294743529,-0.4379628002643585,0.22207865118980408,0.011172570288181305,-0.30789393186569214,1.0,51.01118087768555,False,0.0,0.18475039303302765,-0.23302233219146729,0.7724708914756775,0.0,-0.0008401345461606979,-0.009038489535450944,-0.01,-0.019878624081611642,0.11664381297305226,False,False,-0.015836725011467934,-0.12598929198084088,43,False,False,4.799999999999693,-0.0840134546160698,-0.0,0.0,0.0,0.0,0.0,0.0,-0.0,0.7979714260250261,0.0,-0.0,0.0,0.39814557846635235,49
0.15593171119689941,0.6145288944244385,0.2608368992805481,0.09005359560251236,3.270825618528761e-05,0.1890440583229065,0.5708759427070618,-0.2213798463344574,0.7736610174179077,-0.031108180508017523,0.018342912197113037,-0.1976015269756317,-0.18572291731834412,0.339619517326355,1.0,51.01118087768555,False,0.0,0.18475039303302765,-0.23302233219146729,0.7724708914756775,0.0,-0.0004730430990457535,-0.009151029214262973,-0.01,-0.019624072313308726,0.11887719109654427,False,False,-0.018441416323184967,0.2697808711549143,44,False,False,4.899999999999682,-0.04730430990457535,-0.0,0.0,0.0,0.0,0.0,0.0,-0.0,0.7875448097539154,0.0,-0.0,0.0,0.3932993617779119,64
0.16072392463684082,0.49135735630989075,0.1386682093143463,0.10616075992584229,4.218119283905253e-05,0.17680777609348297,0.4743710160255432,-0.22728349268436432,0.7730205655097961,-0.01696109805256127,-0.3580789864063263,-0.04257187247276306,0.04132838547229767,0.26630961894989014,1.0,51.01118087768555,False,0.0,0.18475039303302765,-0.23302233219146729,0.7724708914756775,0.0,-0.0005066544190049172,-0.006171516478061689,-0.01,-0.016678170897066608,0.11425044108182192,False,False,-0.011277168989181519,-0.11791836994704083,45,False,False,4.999999999999671,-0.050665441900491714,-0.0,0.0,0.0,0.0,0.0,0.0,-0.0,0.783032073652287,0.0,-0.0,0.0,0.39100938240713856,52
0.1337885856628418,0.5837043523788452,0.4869133234024048,0.08036097884178162,9.188421245198697e-05,0.17015297710895538,0.5916824340820312,-0.23398630321025848,0.7749993205070496,-0.022877032905817024,1.0,-0.4878326952457428,-0.008518459275364876,-0.5912845134735107,-1.0,51.053611755371094,False,-0.029778480529785156,0.18457329273223877,-0.23348236083984375,0.7721731066703796,0.0,-0.003969176709651947,0.0013016128540038752,-0.01,-0.012667563855648073,0.11527897277846932,False,False,-0.028714170679450035,-0.10957680835568087,46,False,False,5.09999999999966,-0.3969176709651947,-0.0,0.0,0.0,0.0,0.0,0.0,-0.0,0.7935709272865796,0.0,-0.0,0.0,0.39281628693363785,61
,,,,2.7720994694391266e-05,0.18178413808345795,0.24076253175735474,-0.23008427023887634,0.7733697891235352,-0.0005335287004709314,0.07117927074432373,-0.18619894981384277,-0.1940072774887085,0.6268596649169922,1.0,51.05730438232422,False,0.00521540641784668,0.1847553551197052,-0.23348918557167053,0.772523045539856,0.0,-0.0011758209764957427,0.008944428637623791,-0.01,-0.0022313923388719518,0.11568916263058782,False,True,,-1000000000.0,47,False,False,5.199999999999649,-0.11758209764957428,-0.0,0.0,0.0,0.0,0.0,0.0,-0.0,0.8196563656289714,0.0,-0.0,0.0,0.4086523618379899,0
0.11144876480102539,0.3603587746620178,0.3526846766471863,0.12419705092906952,5.658793088514358e-05,0.18634167313575745,0.2527509927749634,-0.22804880142211914,0.773079514503479,-0.034416716769337684,-0.40693894028663635,0.9029760956764221,-0.17908556759357452,0.9087172746658325,1.0,51.09503173828125,False,5.9604644775390625e-05,0.185127392411232,-0.23380902409553528,0.7724714875221252,0.0,-0.004597009420394898,-0.019173769280314445,-0.01,-0.033770778700709346,0.1200669789686799,False,False,-0.018360935151576996,-0.13571994254515324,48,False,False,5.299999999999638,-0.45970094203948975,-0.0,0.0,0.0,0.0,0.0,0.0,-0.0,0.7892010067595491,0.0,-0.0,0.0,0.39000349395937967,51
0.21073222160339355,0.4587789475917816,0.4810134470462799,0.2716982662677765,3.8265039620455354e-05,0.17490023374557495,0.46621909737586975,-0.23669210076332092,0.7733466625213623,-0.038742495849728595,0.33576256036758423,-0.4242709279060364,-0.3703288733959198,-0.8033628463745117,-1.0,51.09496307373047,False,0.0,0.18512724339962006,-0.23380830883979797,0.7724708914756775,0.0,-0.002688194215297699,-0.018201441764831572,-0.01,-0.030889635980129268,0.11518971109762788,False,False,-0.018363559618592262,-0.17257548929048877,49,False,False,5.399999999999627,-0.2688194215297699,-0.0,0.0,0.0,0.0,0.0,0.0,-0.0,0.7604021474864331,0.0,-0.0,0.0,0.37751287952791884,64
0.034880638122558594,0.5125582218170166,0.15918612480163574,0.10870790481567383,0.00024633851717226207,0.17787563800811768,0.4762718975543976,-0.22774609923362732,0.7734452486038208,-0.0006590563058853274,-0.8100128769874573,0.28642547130584717,-0.6168460845947266,0.927175760269165,1.0,51.09496307373047,False,0.0,0.18512724339962006,-0.23380829393863678,0.7724708914756775,0.0,-0.004945785999298096,-0.0035618156194686668,-0.01,-0.018507601618766766,0.11416924418881536,False,False,-0.02280941605567932,0.37277427576592936,50,False,False,5.499999999999616,-0.49457859992980957,-0.0,0.0,0.0,0.0,0.0,0.0,-0.0,0.760887215624219,0.0,-0.0,0.0,0.37549782181281144,37
0.18233656883239746,0.4157215356826782,0.4179343581199646,0.21378543972969055,0.00038457135087810457,0.17392073571681976,0.3865748643875122,-0.2284197062253952,0.7733978033065796,-0.02223056405782698,-0.28683316707611084,-0.4683872163295746,0.0009751779143698514,-0.6484967470169067,-1.0,51.09708786010742,False,-0.02333521842956543,0.1777576357126236,-0.23501978814601898,0.7722375392913818,0.0,-0.00180552214384079,-0.0077484825253486544,-0.01,-0.019554004669189447,0.1140066678635776,False,False,-0.019202958792448044,-0.17790195381103158,51,False,False,5.599999999999605,-0.18055221438407898,-0.0,0.0,0.0,0.0,0.0,0.0,-0.0,0.7529195532178565,0.0,-0.0,0.0,0.3746542544650875,64
0.2101421356201172,0.4378398358821869,0.3385777473449707,0.09449149668216705,0.00013493640290107578,0.16574053466320038,0.7896761298179626,-0.24417850375175476,0.7752751708030701,-0.03376387141644956,1.0,-0.24802124500274658,-0.5117628574371338,-0.1981017291545868,-1.0,51.1490478515625,False,-0.05126595497131348,0.17751769721508026,-0.23558232188224792,0.7719582319259644,0.0,-0.0034066501259803774,0.006237824633717526,-0.01,-0.007168825492262852,0.11357926903292537,False,False,-0.01752125285565853,-0.12769603668034535,52,False,False,5.699999999999594,-0.3406650125980377,-0.0,0.0,0.0,0.0,0.0,0.0,-0.0,0.7731263526572005,0.0,-0.0,0.0,0.38315652620261986,54
,,,,5.6635268265381455e-05,0.16627885401248932,0.7107948660850525,-0.2454565018415451,0.7738334536552429,-0.012631724849343304,0.1276463270187378,-0.19893014430999756,-0.7553316950798035,0.5404605865478516,1.0,51.24404525756836,False,0.020682811737060547,0.17753170430660248,-0.2365412414073944,0.7726777195930481,0.0,-0.0022962260246276855,0.005362029299139981,-0.01,-0.006934196725487705,0.12190315313637257,False,True,,-1000000000.0,53,False,False,5.799999999999583,-0.22962260246276855,-0.0,0.0,0.0,0.0,0.0,0.0,-0.0,0.791768188334002,0.0,-0.0,0.0,0.3935878681423733,0
0.12207627296447754,0.5567505955696106,0.2121453434228897,0.09028899669647217,0.0004860962217207998,0.1647731214761734,0.6587216854095459,-0.24916596710681915,0.7768892645835876,-0.01638149656355381,-0.6620378494262695,-0.4964073896408081,-0.9839558601379395,0.24887409806251526,1.0,51.80495834350586,False,0.29048919677734375,0.1762610673904419,-0.2424057424068451,0.7753757834434509,0.0,-0.004287054538726806,-0.008510764017701178,-0.01,-0.022797818556427984,0.11513312626630068,False,False,-0.02240554429590702,-0.11139640087269677,54,False,False,5.899999999999572,-0.42870545387268066,-0.0,0.0,0.0,0.0,0.0,0.0,-0.0,0.7825722803861956,0.0,-0.0,0.0,0.386999085654371,64
0.01645684242248535,0.4720514118671417,0.2256924957036972,0.16286836564540863,0.00021387999004218727,0.15571095049381256,0.721973180770874,-0.245464488863945,0.7774248123168945,-0.004470831230282766,0.1495317667722702,-0.20169752836227417,-1.0,-0.9562060832977295,1.0,51.99809265136719,False,0.33296942710876465,0.1748473197221756,-0.24456588923931122,0.7758005857467651,0.0,-0.0049434292316436765,-0.0018284419924020634,-0.01,-0.01677187122404574,0.11430308409035206,False,False,-0.021266449242830276,-0.1314019805205682,55,False,False,5.999999999999561,-0.4943429231643677,-0.0,0.0,0.0,0.0,0.0,0.0,-0.0,0.7867832831674332,0.0,-0.0,0.0,0.3884482123520729,64
0.27782320976257324,0.6203497052192688,0.28361427783966064,0.1292509138584137,0.007561183534562588,0.16107723116874695,0.8623778820037842,-0.24697615206241608,0.7821831703186035,-0.01461129479110243,0.007219536229968071,0.12198466807603836,0.25242915749549866,-0.2347838282585144,1.0,51.820838928222656,False,0.12241601943969727,0.17433364689350128,-0.24284934997558594,0.7736950516700745,0.0,-0.00033444076776504515,0.0023263868689537004,-0.01,-0.008008053898811346,0.11358193540945649,False,False,-0.0068872165866196156,-0.06733052493904366,56,False,False,6.09999999999955,-0.03344407677650452,-0.0,0.0,0.0,0.0,0.0,0.0,-0.0,0.7994303818432195,0.0,-0.0,0.0,0.39938075015384467,64
0.5795598030090332,0.765565037727356,0.23667116463184357,0.16951307654380798,0.00514364056289196,0.16089147329330444,0.8249551057815552,-0.24902936816215515,0.7787179946899414,-0.01904660876840355,0.2968640923500061,-0.2806902825832367,-0.06252177804708481,-0.07670722901821136,1.0,51.812923431396484,False,0.05876421928405762,0.17379802465438843,-0.24284672737121582,0.7730585336685181,0.0,-0.00044177073985338214,-0.00044262878596784683,-0.01,-0.01088439952582123,0.11422333680093288,False,False,-0.02148597314953804,-0.08892366184681388,57,False,False,6.199999999999539,-0.04417707398533821,-0.0,0.0,0.0,0.0,0.0,0.0,-0.0,0.8066111827396708,0.0,-0.0,0.0,0.402863820629982,64
0.2763032913208008,0.6619731187820435,0.1339837908744812,0.12877313792705536,0.3169108033180237,0.1716051548719406,0.29533952474594116,-0.24555858969688416,0.7824794054031372,-0.0009382156282663479,-0.7439833283424377,-0.029420390725135803,0.09214062988758087,0.3068629801273346,1.0,52.044002532958984,False,0.19553899765014648,0.17225369811058044,-0.245400071144104,0.774426281452179,0.0,-0.0016425789892673493,-0.00423650301992895,-0.01,-0.0158790820091963,0.11806762404739857,False,False,-0.016708550974726677,-0.10114356077519512,58,False,False,6.299999999999528,-0.16425789892673492,-0.0,0.0,0.0,0.0,0.0,0.0,-0.0,0.8062002611695346,0.0,-0.0,0.0,0.40145755159549995,56
0.1704096794128418,0.25886642932891846,0.26601701974868774,0.3441247045993805,0.03360892832279205,0.15907630324363708,0.5657559037208557,-0.2519073784351349,0.7789779305458069,-0.030829482935369024,0.09264086931943893,0.1676165610551834,0.2361178994178772,0.2304137498140335,1.0,52.35098648071289,False,0.3948628902435303,0.1703452616930008,-0.2487620711326599,0.7764195203781128,0.0,-0.0003637995198369026,-0.013949793279171008,-0.01,-0.02431359279900791,0.11104611121118069,False,False,-0.020279526710510254,-0.1806217526898427,59,False,False,6.399999999999517,-0.03637995198369026,-0.0,0.0,0.0,0.0,0.0,0.0,-0.0,0.7861623432366018,0.0,-0.0,0.0,0.392717372098464,47
0.043773651123046875,0.5252072811126709,0.3421857953071594,0.10256065428256989,0.10242484509944916,0.16191843152046204,0.7506837844848633,-0.25794053077697754,0.7848294377326965,-0.020237148255109798,0.35191264748573303,-1.0,0.6158838868141174,0.21083968877792358,1.0,52.54935073852539,False,0.47141313552856445,0.16970402002334595,-0.25085002183914185,0.7771850228309631,0.0,-0.0038690221309661864,-1.8511712551128046e-05,-0.01,-0.013887533843517316,0.11354930093511939,False,False,-0.02214219607412815,-0.08561304878650278,60,False,False,6.499999999999506,-0.38690221309661865,-0.0,0.0,0.0,0.0,0.0,0.0,-0.0,0.7940659295638743,0.0,-0.0,0.0,0.393163942650971,48
0.6645500659942627,0.42874962091445923,0.5962943434715271,0.1784100979566574,0.08988837152719498,0.167044997215271,0.35777586698532104,-0.25747206807136536,0.7830645442008972,0.0033826940506696875,-0.02397890016436577,-0.21899136900901794,0.40583547949790955,-0.1567365676164627,1.0,52.906681060791016,False,0.5151987075805664,0.1693645417690277,-0.25450000166893005,0.7776228785514832,0.0,-0.0005945024639368058,0.005980755165219287,-0.01,-0.004613747298717519,0.12110750330612063,False,False,-0.003287608502432704,0.5285944598997864,61,False,False,6.599999999999495,-0.05945024639368057,-0.0,0.0,0.0,0.0,0.0,0.0,-0.0,0.8141689943589903,0.0,-0.0,0.0,0.4064899947155583,62
0.8235514163970947,0.3788307309150696,0.5199050307273865,0.1368159055709839,0.03886084258556366,0.16412915289402008,0.551469087600708,-0.25992366671562195,0.779819130897522,-0.018973915278911596,0.3838311433792114,-0.9825345873832703,0.6020420789718628,-0.4120480716228485,1.0,53.023338317871094,False,0.33791661262512207,0.17209027707576752,-0.2553097903728485,0.7758500576019287,0.0,-0.004112347066402435,-0.0006660272181034377,-0.01,-0.014778374284505874,0.11432849196717143,False,False,-0.02058074064552784,-0.08881419365971378,62,False,False,6.699999999999484,-0.41123470664024353,-0.0,0.0,0.0,0.0,0.0,0.0,-0.0,0.8210474383605112,0.0,-0.0,0.0,0.40641137211385314,63
0.5893349647521973,0.6809547543525696,0.35788965225219727,0.18603205680847168,0.1380608081817627,0.1704619973897934,1.0182301998138428,-0.24804547429084778,0.7856951355934143,0.02529592279344795,0.8023629188537598,0.22780735790729523,0.4853658080101013,-0.19905833899974823,1.0,53.64371109008789,False,0.20030736923217773,0.17694289982318878,-0.26089030504226685,0.7744739651679993,0.0,-0.0024272166192531586,-0.0035529392212629296,-0.01,-0.01598015584051609,0.11466902494430542,False,False,-0.007031491491943598,0.32861419073512826,63,False,False,6.799999999999473,-0.24272166192531586,-0.0,0.0,0.0,0.0,0.0,0.0,-0.0,0.8221632278293073,0.0,-0.0,0.0,0.4086543972954005,52
,,,,0.9426335096359253,0.18094362318515778,1.5823354721069336,-0.23958733677864075,0.794577956199646,0.6177615245071219,0.012125134468078613,-0.1500822901725769,0.39235246181488037,0.11373603343963623,1.0,54.154598236083984,False,0.17415881156921387,0.17987476289272308,-0.2656230628490448,0.7742124795913696,0.0,-0.00047387011349201205,-0.004486782252788535,-0.01,-0.014960652366280547,0.11630007019266486,False,True,,-1000000000.0,64,False,False,6.899999999999462,-0.0473870113492012,-0.0,0.0,0.0,0.0,0.0,0.0,-0.0,0.8214036858405172,0.0,-0.0,0.0,0.41022797280676654,0
,,,,0.9527209401130676,0.18113815784454346,1.9547820091247559,-0.2345864474773407,0.7971519231796265,-0.018933420323866496,-0.011757850646972656,0.0324101448059082,-0.43681877851486206,-0.11757439374923706,-1.0,54.47637939453125,False,0.18401741981506348,0.17965751886367798,-0.26890841126441956,0.7743110656738281,0.0,-0.0005145576223731041,-0.0037330074608326047,-0.01,-0.01424756508320571,0.11498485784977674,False,True,,-1000000000.0,65,False,False,6.999999999999451,-0.05145576223731041,-0.0,0.0,0.0,0.0,0.0,0.0,-0.0,0.8221594322036393,0.0,-0.0,0.0,0.4105651584794465,0
1.8198490142822266,1.7842179536819458,0.1260702908039093,0.16588756442070007,0.6638684868812561,0.17532531917095184,1.608168125152588,-0.2410661280155182,0.790276288986206,-0.02458504044292452,0.3628382682800293,0.21998071670532227,0.3078501224517822,0.3229404091835022,1.0,54.55864715576172,False,0.2602517604827881,0.1796998828649521,-0.269733726978302,0.7750734090805054,0.0,-0.0009477633237838745,-0.004671924114227288,-0.01,-0.015619687438011162,0.12020309595391154,False,False,-0.0218605138361454,-0.18080606969188467,66,False,False,7.09999999999944,-0.09477633237838745,-0.0,0.0,0.0,0.0,0.0,0.0,-0.0,0.8210256739772783,0.0,-0.0,0.0,0.4095650736648553,51
,,,,0.9199191927909851,0.17974191904067993,1.8182986974716187,-0.24092219769954681,0.7971207499504089,-0.02155043524582651,0.037877798080444336,0.047022104263305664,-0.26236236095428467,0.31750166416168213,-1.0,54.66751480102539,False,0.2518653869628906,0.17754876613616943,-0.2711468040943146,0.7749895453453064,0.0,-0.00043321780860424043,-0.005214364901185042,-0.01,-0.015647582709789283,0.11705879401415586,False,True,,-1000000000.0,67,False,False,7.199999999999429,-0.04332178086042404,-0.0,0.0,0.0,0.0,0.0,0.0,-0.0,0.8187848071979036,0.0,-0.0,0.0,0.40895918579034757,0
2.9651641845703125,2.254256010055542,0.27501779794692993,0.28993868827819824,0.7914382815361023,0.17183974385261536,2.0285120010375977,-0.23352375626564026,0.7923578023910522,-0.019213200355273317,-0.37705931067466736,0.2601167857646942,-0.49437791109085083,0.7650654911994934,-1.0,54.605804443359375,False,0.2140343189239502,0.17801609635353088,-0.2704561948776245,0.774611234664917,0.0,-0.002598922848701477,-0.011689171716570856,-0.01,-0.024288094565272332,0.12691456312313676,False,False,-0.021077295765280724,-0.17310129847840178,68,False,False,7.299999999999418,-0.2598922848701477,-0.0,0.0,0.0,0.0,0.0,0.0,-0.0,0.8034409498558753,0.0,-0.0,0.0,0.39912155207923616,63
1.638251543045044,1.9314130544662476,0.0945265144109726,0.22286450862884521,0.41750407218933105,0.17559047043323517,1.6895687580108643,-0.23653589189052582,0.7889119386672974,-1.640846773290418,0.12166664749383926,-0.33811256289482117,0.14473271369934082,0.8062516450881958,-1.0,54.53703308105469,False,0.15293359756469727,0.1781613677740097,-0.26974034309387207,0.7740002274513245,0.0,-0.002000280320644379,-0.018111968860030192,-0.01,-0.030112249180674573,0.11612533591687679,False,False,-0.023738304153084755,-1.8253903178945698,69,False,False,7.399999999999407,-0.20002803206443787,-0.0,0.0,0.0,0.0,0.0,0.0,-0.0,0.7749665673876484,0.0,-0.0,0.0,0.3854830033731798,49
1.639622449874878,1.7735475301742554,0.13802149891853333,0.24424058198928833,0.44009146094322205,0.17356513440608978,2.132389545440674,-0.23214402794837952,0.7954853773117065,-0.018825691863894465,-0.13131684064865112,0.06458127498626709,-0.4335063695907593,0.23139655590057373,-1.0,54.36258316040039,False,-0.01819133758544922,0.1785658299922943,-0.2679186165332794,0.772288978099823,0.0,-0.0006572175025939942,-0.013564406484365465,-0.01,-0.02422162398695946,0.1216463353484869,False,False,-0.04116786643862724,0.45388789166513666,70,False,False,7.499999999999396,-0.06572175025939941,-0.0,0.0,0.0,0.0,0.0,0.0,-0.0,0.7553916798920397,0.0,-0.0,0.0,0.37703862244342584,63
1.4960050582885742,1.830776572227478,0.22773493826389313,0.1651071310043335,0.04088423773646355,0.17008377611637115,1.3330798149108887,-0.2430109977722168,0.7789413928985596,-0.06219320081174373,-0.11820900440216064,-0.6058148145675659,0.31419262290000916,0.10658931732177734,-1.0,54.378719329833984,False,-7.748603820800781e-05,0.1785287708044052,-0.26808711886405945,0.7724701166152954,0.0,-0.0012276580184698105,-0.007071335017681146,-0.01,-0.018298993036150957,0.11641758307814598,False,False,-0.05020730942487717,-0.14698843341414164,71,False,False,7.599999999999385,-0.12276580184698105,-0.0,0.0,0.0,0.0,0.0,0.0,-0.0,0.7487364197193096,0.0,-0.0,0.0,0.373140551841185,62
1.026010513305664,1.5687787532806396,0.3941098749637604,0.19174882769584656,0.541593074798584,0.18146748840808868,2.0966639518737793,-0.23423582315444946,0.7985799312591553,0.6512148120183884,0.1713823527097702,0.41616374254226685,-0.013489630073308945,0.5714737772941589,-1.0,54.378787994384766,False,0.0,0.17852862179279327,-0.26808783411979675,0.7724708914756775,0.0,-0.0013233210146427156,-0.007708779722452153,-0.01,-0.019032100737094867,0.11592065915465355,False,False,-0.00182752322871238,-0.06633491840549333,72,False,False,7.699999999999374,-0.13233210146427155,-0.0,0.0,0.0,0.0,0.0,0.0,-0.0,0.7407262472888654,0.0,-0.0,0.0,0.36903980262978997,56
2.034956216812134,1.782187819480896,0.3089393377304077,0.19422096014022827,0.00232193386182189,0.16569145023822784,1.4636952877044678,-0.2411087155342102,0.776565432548523,-1.7155111968540273,0.2221456617116928,0.23656721413135529,0.15107619762420654,0.06007786840200424,-1.0,54.378787994384766,False,0.0,0.17852862179279327,-0.26808786392211914,0.7724708914756775,0.0,-0.0003293652459979057,-0.018198930621147136,-0.01,-0.02852829586714504,0.11384852230548859,False,False,-1.6921250820159912,-1.748768335029544,73,False,False,7.799999999999363,-0.03293652459979057,-0.0,0.0,0.0,0.0,0.0,0.0,-0.0,0.7114428926517158,0.0,-0.0,0.0,0.35539208107986,55
0.056993961334228516,1.311169147491455,0.40795058012008667,0.2974656820297241,7.675894448766485e-05,0.1661914885044098,0.9416605234146118,-0.2526315152645111,0.7720145583152771,-0.04145895972847939,0.7883797883987427,-0.07295248657464981,-0.15541590750217438,0.4570766091346741,1.0,54.378787994384766,False,0.0,0.17852862179279327,-0.26808786392211914,0.7724708914756775,0.0,-0.002149844765663147,-0.010715738385915774,-0.01,-0.02286558315157892,0.11664521461352706,False,False,-0.028665482997894287,-0.02998872263720248,74,False,False,7.899999999999352,-0.2149844765663147,-0.0,0.0,0.0,0.0,0.0,0.0,-0.0,0.6969812064880274,0.0,-0.0,0.0,0.34634075847835055,58
0.18522143363952637,1.0974849462509155,0.655759871006012,0.159738689661026,0.00024464927264489233,0.1617293804883957,1.3580788373947144,-0.24455219507217407,0.7728783488273621,-0.0304674383997917,0.4476168155670166,0.6133686900138855,-0.6275550127029419,0.3480952978134155,1.0,54.378787994384766,False,0.0,0.17852862179279327,-0.26808786392211914,0.7724708914756775,0.0,-0.0027289438247680665,-0.017500775009393676,-0.01,-0.030229718834161742,0.10972669208422303,False,False,-0.015536964870989323,-0.11162128368798295,75,False,False,7.999999999999341,-0.27289438247680664,-0.0,0.0,0.0,0.0,0.0,0.0,-0.0,0.6686661999681429,0.0,-0.0,0.0,0.3316041561593034,30
0.07774233818054199,1.3781886100769043,0.5436351299285889,0.2459866851568222,0.000122909463243559,0.16133490204811096,1.3519153594970703,-0.24488499760627747,0.7723100185394287,-0.026358870342373837,-0.32096293568611145,0.48649704456329346,0.007132345344871283,-0.36869552731513977,1.0,54.378787994384766,False,0.0,0.17852862179279327,-0.26808786392211914,0.7724708914756775,0.0,-0.001189209595322609,-0.016541267633438106,-0.01,-0.027730477228760715,0.11108956718817353,False,False,-0.029205475002527237,-0.12280470075196917,76,False,False,8.099999999999374,-0.1189209595322609,-0.0,0.0,0.0,0.0,0.0,0.0,-0.0,0.6420038405107955,0.0,-0.0,0.0,0.31981271066007516,3
0.11689066886901855,1.3752799034118652,0.44797658920288086,0.19156958162784576,3.795492375502363e-05,0.16097354888916016,1.0974571704864502,-0.2535374164581299,0.7716526985168457,-0.019367887303233147,0.028079647570848465,0.2459656447172165,0.4760415852069855,-0.27577507495880127,1.0,54.378787994384766,False,0.0,0.17852862179279327,-0.26808786392211914,0.7724708914756775,0.0,-0.0009098876267671585,-0.003912854939699173,-0.01,-0.014822742566466332,0.11259960802271962,False,False,-0.026806894689798355,-0.08310153023646204,77,False,False,8.199999999999408,-0.09098876267671585,-0.0,0.0,0.0,0.0,0.0,0.0,-0.0,0.6405838806490824,0.0,-0.0,0.0,0.3193820526977741,60
0.1517951488494873,1.1081562042236328,0.5782797932624817,0.18539446592330933,3.2421492505818605e-05,0.16578041017055511,0.8947938680648804,-0.25400686264038086,0.7724562883377075,-0.0052149353921413285,0.7699392437934875,-0.5416824221611023,0.13427692651748657,-0.637365460395813,1.0,54.378787994384766,False,0.0,0.17852862179279327,-0.26808786392211914,0.7724708914756775,0.0,-0.0032762283086776732,0.004953780621290205,-0.01,-0.008322447687387468,0.10828542616218328,False,False,-0.024518227204680443,-0.026194704738182712,78,False,False,8.299999999999441,-0.32762283086776733,-0.0,0.0,0.0,0.0,0.0,0.0,-0.0,0.6570620978926088,0.0,-0.0,0.0,0.32525482063762673,41
,,,,0.00017426611157134175,0.17433223128318787,0.6283873915672302,-0.25532400608062744,0.7705795168876648,0.010212682634592076,-0.15025246143341064,-0.35290223360061646,0.30104541778564453,-0.6688792705535889,1.0,54.378787994384766,False,0.0,0.17852862179279327,-0.26808786392211914,0.7724708914756775,0.0,-0.0017128589749336243,0.021135944426059705,-0.01,0.00942308545112608,0.11539446795359254,False,True,,-1000000000.0,79,False,False,8.399999999999475,-0.17128589749336243,-0.0,0.0,0.0,0.0,0.0,0.0,-0.0,0.7063978926033883,0.0,-0.0,0.0,0.3514860873267605,0
0.2107381820678711,0.7000634670257568,0.27104419469833374,0.2381041944026947,0.00011885686399182305,0.16842041909694672,0.9912540316581726,-0.2500436305999756,0.770885705947876,0.004407238364219681,0.3603997826576233,-0.08331498503684998,0.23610104620456696,0.021570783108472824,1.0,54.378787994384766,False,0.0,0.17852862179279327,-0.26808786392211914,0.7724708914756775,0.0,-0.0004825960099697113,0.011819068193435645,-0.01,0.0013364721834659334,0.10910692112520337,False,False,-0.011849158443510532,-0.07289862194968652,80,False,False,8.499999999999508,-0.04825960099697113,-0.0,0.0,0.0,0.0,0.0,0.0,-0.0,0.7374102121340143,0.0,-0.0,0.0,0.36822251005703743,32
0.18889904022216797,1.0279700756072998,0.44621774554252625,0.2283710241317749,3.1679082894697785e-05,0.17022502422332764,0.9868517518043518,-0.24762782454490662,0.7716289758682251,-0.0036653948575258097,-0.185054212808609,-0.6373441815376282,0.6323695778846741,-0.6789107918739319,1.0,54.378787994384766,False,0.0,0.17852862179279327,-0.26808786392211914,0.7724708914756775,0.0,-0.003253159523010254,0.006392673030495621,-0.01,-0.006860486492514632,0.11334629310294986,False,False,-0.0021982197649776936,-0.07133776216150256,81,False,False,8.599999999999541,-0.3253159523010254,-0.0,0.0,0.0,0.0,0.0,0.0,-0.0,0.7577732514242752,0.0,-0.0,0.0,0.37563346618912735,63
0.11779665946960449,1.0066673755645752,0.4073595106601715,0.21442797780036926,0.0010732092196121812,0.17332814633846283,0.6928414106369019,-0.25255948305130005,0.772527277469635,0.00976805306971071,-0.19543030858039856,-0.08231532573699951,0.06874124705791473,-0.675575315952301,1.0,54.378787994384766,False,0.0,0.17852862179279327,-0.26808786392211914,0.7724708914756775,0.0,-0.0012652404606342317,0.02054415591061115,-0.01,0.009278915449976917,0.11175580089911819,False,False,-0.0078046927228569984,-0.10903533023939099,82,False,False,8.699999999999575,-0.12652404606342316,-0.0,0.0,0.0,0.0,0.0,0.0,-0.0,0.806930773147403,0.0,-0.0,0.0,0.40220014611306726,49
0.15375614166259766,0.8638441562652588,0.3092164993286133,0.24006658792495728,0.00016817421419546008,0.16788475215435028,1.524675965309143,-0.23455071449279785,0.7709116339683533,0.009437278360128398,-0.8364405035972595,0.7667449712753296,-0.23958952724933624,-0.8466202616691589,1.0,54.378787994384766,False,0.0,0.17852862179279327,-0.26808786392211914,0.7724708914756775,0.0,-0.0051542484760284425,0.002554592937231037,-0.01,-0.012599655538797406,0.1179344579577446,False,False,-0.011562701314687729,-0.10674459198664675,83,False,False,8.799999999999608,-0.5154248476028442,-0.0,0.0,0.0,0.0,0.0,0.0,-0.0,0.8202423964122415,0.0,-0.0,0.0,0.4049669497300923,51
0.18947124481201172,1.5793532133102417,1.1590946912765503,0.22429853677749634,0.002052126917988062,0.17225880920886993,1.378053903579712,-0.23366568982601166,0.7718212604522705,0.006956636626273405,0.31719475984573364,0.1468508392572403,0.3946745991706848,-0.22339121997356415,-1.0,54.378787994384766,False,0.0,0.17852862179279327,-0.26808786392211914,0.7724708914756775,0.0,-0.0008196233958005906,-0.017640395462512948,-0.01,-0.028460018858313542,0.11234534811228514,False,False,-0.04949886351823807,-0.19959417373324756,84,False,False,8.899999999999642,-0.08196233958005905,-0.0,0.0,0.0,0.0,0.0,0.0,-0.0,0.7928905922220361,0.0,-0.0,0.0,0.3956256727152174,51
0.04970431327819824,1.445069432258606,0.3824199438095093,0.20871597528457642,0.00032455031760036945,0.16353294253349304,1.3299272060394287,-0.24324271082878113,0.7724139094352722,-0.050155201181769395,0.16229939460754395,-0.197019562125206,-0.39524775743484497,0.1400151550769806,-1.0,54.378787994384766,False,0.0,0.17852862179279327,-0.26808786392211914,0.7724708914756775,0.0,-0.0006024570763111114,-0.006264378949999816,-0.01,-0.01686683602631093,0.10845620883628726,False,False,-0.008594229817390442,-0.12888294782424958,85,False,False,8.999999999999675,-0.060245707631111145,-0.0,0.0,0.0,0.0,0.0,0.0,-0.0,0.7882442081700465,0.0,-0.0,0.0,0.3935196470087121,63
0.056493282318115234,1.4224951267242432,0.1836329698562622,0.21931658685207367,0.00025014550192281604,0.16667450964450836,1.2734328508377075,-0.24200452864170074,0.7727364301681519,-0.011209934279322646,0.16468337178230286,0.28922441601753235,-0.575936496257782,-0.18656370043754578,-1.0,54.378787994384766,False,0.0,0.17852862179279327,-0.26808786392211914,0.7724708914756775,0.0,-0.001193200647830963,-0.003358924016356457,-0.01,-0.01455212466418742,0.10648446064442396,False,False,-0.01614396460354328,-0.11502654262891254,86,False,False,9.099999999999708,-0.11932006478309631,-0.0,0.0,0.0,0.0,0.0,0.0,-0.0,0.7894205881375336,0.0,-0.0,0.0,0.3935170934209358,56
0.06003975868225098,1.3456628322601318,0.37376683950424194,0.15904557704925537,0.0009671674342826009,0.16929559409618378,1.2087817192077637,-0.24150244891643524,0.7720258831977844,-0.011668838895857347,-0.6887348890304565,-0.28027477860450745,-0.1130085214972496,0.07689999788999557,-1.0,54.378787994384766,False,0.0,0.17852862179279327,-0.26808786392211914,0.7724708914756775,0.0,-0.001428985744714737,-0.007493401393294352,-0.01,-0.01892238713800909,0.11081945896148682,False,False,-0.020024053752422333,-0.13437081445044396,87,False,False,9.199999999999742,-0.1428985744714737,-0.0,0.0,0.0,0.0,0.0,0.0,-0.0,0.7822563215152825,0.0,-0.0,0.0,0.3896991750129265,40
0.07774233818054199,1.2548341751098633,0.514039933681488,0.22448956966400146,0.0005203349865041673,0.16668416559696198,1.5988612174987793,-0.2327338308095932,0.7717035412788391,0.012918919883668402,-0.10852400213479996,-0.12846845388412476,-0.7494608163833618,-0.37758028507232666,-1.0,54.378787994384766,False,0.0,0.17852862179279327,-0.26808786392211914,0.7724708914756775,0.0,-0.0018313500285148622,0.0021909894794225893,-0.01,-0.009640360549092272,0.11127713182941079,False,False,-0.026110215112566948,-0.1798211057237446,88,False,False,9.299999999999775,-0.1831350028514862,-0.0,0.0,0.0,0.0,0.0,0.0,-0.0,0.7945841916698805,0.0,-0.0,0.0,0.3954607458064254,19
0.05168914794921875,1.5907704830169678,0.20193259418010712,0.25603047013282776,0.0006264887633733451,0.17109034955501556,1.127311110496521,-0.24351109564304352,0.7702752351760864,-0.03742525797337292,-0.19736455380916595,-0.04104631021618843,-0.21750999987125397,-0.4597990810871124,-1.0,54.40612030029297,False,-0.048351287841796875,0.1783132404088974,-0.26839539408683777,0.7719873785972595,0.0,-0.0007484084367752076,-0.005198507010936715,-0.01,-0.015946915447711922,0.10766429686918855,False,False,-0.021813945844769478,-0.15020975998414876,89,False,False,9.399999999999809,-0.07484084367752075,-0.0,0.0,0.0,0.0,0.0,0.0,-0.0,0.7921082476505242,0.0,-0.0,0.0,0.3953057153884869,64
0.19855499267578125,1.1928409337997437,0.30057084560394287,0.25250500440597534,0.0003540027537383139,0.17056667804718018,1.098128080368042,-0.2444613128900528,0.771674394607544,-0.022634808123111708,0.17718246579170227,0.12481702864170074,0.3175164461135864,-0.6016786694526672,-1.0,54.57158660888672,False,-0.027954578399658203,0.1772318035364151,-0.27022308111190796,0.7721913456916809,0.0,-0.0012745171785354616,-0.010556418746709817,-0.01,-0.02183093592524528,0.10915187513455749,False,False,-0.020829465240240097,-0.14517937344625692,90,False,False,9.499999999999842,-0.12745171785354614,-0.0,0.0,0.0,0.0,0.0,0.0,-0.0,0.7787831885992795,0.0,-0.0,0.0,0.3881170771211043,60
0.08463859558105469,1.1689181327819824,0.3026326298713684,0.17277193069458008,0.0009234498138539493,0.1672583669424057,1.088909387588501,-0.2488522231578827,0.7718991041183472,-0.028550914302468332,0.1040407121181488,-0.4256480038166046,-0.03356657549738884,-0.19263941049575806,-1.0,54.63407516479492,False,-0.005602836608886719,0.17743708193302155,-0.27082502841949463,0.7724148631095886,0.0,-0.0005755934119224548,-0.0055740971863270095,-0.01,-0.016149690598249465,0.11452030017971992,False,False,-0.013422481715679169,-0.11847011135504745,91,False,False,9.599999999999875,-0.05755934119224548,-0.0,0.0,0.0,0.0,0.0,0.0,-0.0,0.7753887781361222,0.0,-0.0,0.0,0.3871187956561386,58
0.11360645294189453,1.2097253799438477,0.12130836397409439,0.2423521727323532,0.013369550928473473,0.1739797294139862,1.3296782970428467,-0.23853075504302979,0.7747777104377747,-0.0026938274502754343,0.04673910513520241,-0.4621036648750305,-0.33033472299575806,-0.497300386428833,-1.0,54.8076171875,False,0.011348724365234375,0.17766153812408447,-0.2725459635257721,0.7725843787193298,0.0,-0.0014303825795650483,-0.005438518375158297,-0.01,-0.016868900954723345,0.10999453067779541,False,False,-0.016606615856289864,-0.08957066118181045,92,False,False,9.699999999999909,-0.14303825795650482,-0.0,0.0,0.0,0.0,0.0,0.0,-0.0,0.7722341211442498,0.0,-0.0,0.0,0.38468667799255984,63
0.0315546989440918,1.574465036392212,0.44844546914100647,0.23249933123588562,0.00039745154208503664,0.16837912797927856,1.4505858421325684,-0.244901642203331,0.7728204727172852,-0.013205419406294841,0.019712070003151894,-0.7654260396957397,-0.8241005539894104,0.39275750517845154,-1.0,55.36341094970703,False,0.10922551155090332,0.17793431878089905,-0.27812135219573975,0.7735631465911865,0.0,-0.0035491645336151122,-0.003538873270154008,-0.01,-0.01708803780376912,0.10986191080883145,False,False,0.008891587145626545,-0.09767067328588064,93,False,False,9.799999999999942,-0.35491645336151123,-0.0,0.0,0.0,0.0,0.0,0.0,-0.0,0.7728853544217966,0.0,-0.0,0.0,0.3828935126772832,64
0.07991194725036621,2.1999588012695312,0.4779239594936371,0.18372392654418945,0.0009768728632479906,0.1692943572998047,2.093195915222168,-0.24651220440864563,0.7721236348152161,-0.002347317691892388,0.20046716928482056,0.42916569113731384,-0.1083965003490448,-0.7919580936431885,1.0,57.44776153564453,False,0.025010108947753906,0.1789829134941101,-0.2990221679210663,0.772720992565155,0.0,-0.0021582943201065062,-0.02289212509989741,-0.01,-0.03505041942000391,0.1081543741747737,False,False,-0.01859128475189209,-0.12339437365299236,94,False,False,9.899999999999975,-0.21582943201065063,-0.0,0.0,0.0,0.0,0.0,0.0,-0.0,0.7344454462890972,0.0,-0.0,0.0,0.3650644288244421,64
0.07867813110351562,2.2460780143737793,0.2994234561920166,0.20115604996681213,0.023413635790348053,0.17229311168193817,2.433868646621704,-0.23414716124534607,0.7719029784202576,-0.02187799394130707,-0.2590104043483734,0.7353518009185791,-0.07628204673528671,-0.10497883707284927,-1.0,57.48393630981445,False,-0.00029206275939941406,0.17958825826644897,-0.2993030846118927,0.7724679708480835,0.0,-0.0015616704523563386,-0.018828571140766137,-0.01,-0.030390241593122473,0.11663209926337004,False,False,-0.013685219921171665,-0.12228804524621945,95,False,False,10.000000000000009,-0.15616704523563385,-0.0,0.0,0.0,0.0,0.0,0.0,-0.0,0.7038265864461957,0.0,-0.0,0.0,0.3503516227707415,64
0.08848905563354492,2.481062650680542,0.3633052110671997,0.18436409533023834,0.002702355617657304,0.18004439771175385,2.322096109390259,-0.2317592203617096,0.7708085179328918,-0.01741433098912239,0.1086006835103035,0.1515616923570633,-0.09977056086063385,0.48755404353141785,-1.0,57.48403549194336,False,0.0,0.1795887053012848,-0.2993040382862091,0.7724708914756775,0.0,-0.000706070363521576,-0.019577629715204214,-0.01,-0.030283700078725793,0.10822633421048522,False,False,0.001261538127437234,-0.11723159534433063,96,False,False,10.100000000000042,-0.07060703635215759,-0.0,0.0,0.0,0.0,0.0,0.0,-0.0,0.6713852046117049,0.0,-0.0,0.0,0.3349865319423309,64
0.14328360557556152,2.340984344482422,0.2721374034881592,0.2317795604467392,0.003894169582054019,0.17705008387565613,1.954115867614746,-0.2433256357908249,0.7725773453712463,-0.020245666950941064,0.9683166146278381,0.4734744429588318,-0.07129726558923721,0.14198380708694458,-1.0,57.48403549194336,False,0.0,0.1795887053012848,-0.2993040382862091,0.7724708914756775,0.0,-0.0029676446318626405,-0.00875435397028923,-0.01,-0.02172199860215187,0.1086046053096652,False,False,-0.008382434956729412,-0.13091915130563248,97,False,False,10.200000000000076,-0.29676446318626404,-0.0,0.0,0.0,0.0,0.0,0.0,-0.0,0.6604812601986616,0.0,-0.0,0.0,0.32727298546746814,44
0.0713348388671875,2.064552068710327,0.7040107846260071,0.2626846730709076,0.001731005497276783,0.17553852498531342,2.0102128982543945,-0.24381589889526367,0.7717028260231018,-0.023050260320305827,-0.2462453693151474,-0.5906165838241577,0.16206875443458557,-0.6322154402732849,-1.0,57.48403549194336,False,0.0,0.1795887053012848,-0.2993040382862091,0.7724708914756775,0.0,-0.0020885683596134188,-0.007604177594184858,-0.01,-0.019692745953798274,0.11190157476812601,False,False,-0.0067566935904324055,-0.11523267411806552,98,False,False,10.300000000000109,-0.20885683596134186,-0.0,0.0,0.0,0.0,0.0,0.0,-0.0,0.6517908492053917,0.0,-0.0,0.0,0.3238068562430824,51
0.10481476783752441,2.1486153602600098,0.30213695764541626,0.18275226652622223,0.000323947228025645,0.17127247154712677,2.155233860015869,-0.24373817443847656,0.7716959714889526,-0.010615452416241147,0.1928260773420334,-0.0015313243493437767,-0.24473127722740173,-0.19151507318019867,-1.0,57.48403549194336,False,0.0,0.1795887053012848,-0.2993040382862091,0.7724708914756775,0.0,-0.0003343891352415085,0.006972871124744429,-0.01,-0.0033615180104970797,0.11741254571825266,False,False,-0.01686575450003147,-0.12663615123950966,99,False,False,10.400000000000142,-0.03343891352415085,-0.0,0.0,0.0,0.0,0.0,0.0,-0.0,0.672461224603367,0.0,-0.0,0.0,0.33589622316644197,64
0.12413859367370605,2.227200508117676,0.16592195630073547,0.2597864866256714,0.0005363459349609911,0.17130231857299805,2.1994152069091797,-0.2428876757621765,0.7711911797523499,-0.02087075207382442,0.14726470410823822,0.27448412775993347,-0.689998984336853,-0.1577945053577423,1.0,57.48403549194336,False,0.0,0.1795887053012848,-0.2993040382862091,0.7724708914756775,0.0,-0.0014950653910636902,-0.006339584887027738,-0.01,-0.01783465027809143,0.11108546191826463,False,False,-0.023131268098950386,-0.11266808306723522,100,False,False,10.500000000000176,-0.14950653910636902,-0.0,0.0,0.0,0.0,0.0,0.0,-0.0,0.6664465053129072,0.0,-0.0,0.0,0.3317281872653899,64
0.16459226608276367,2.2711613178253174,0.26172399520874023,0.22821144759655,0.007184622343629599,0.1715974658727646,2.5134012699127197,-0.2339625358581543,0.7704015970230103,-0.009003431461751444,-0.16768455505371094,0.3440679907798767,0.06609112024307251,0.003583949990570545,-1.0,57.48403549194336,False,0.0,0.1795887053012848,-0.2993040382862091,0.7724708914756775,0.0,-0.0003772044181823731,-0.01288690477609633,-0.01,-0.023264109194278702,0.1144599518738687,False,False,-0.013026800006628036,-0.12600723551489362,101,False,False,10.60000000000021,-0.037720441818237305,-0.0,0.0,0.0,0.0,0.0,0.0,-0.0,0.6471441309856816,0.0,-0.0,0.0,0.3231948610746584,64
0.20776987075805664,2.543588638305664,0.19748061895370483,0.2990435063838959,0.012250532396137714,0.17733848094940186,2.3397390842437744,-0.2321082204580307,0.7717247605323792,-0.013579606972634812,0.027036447077989578,0.016122695058584213,-0.6645973324775696,-0.4067232608795166,-1.0,57.48403549194336,False,0.0,0.1795887053012848,-0.2993040382862091,0.7724708914756775,0.0,-0.0015202608704566955,-0.010179277211427695,-0.01,-0.021699538081884392,0.11473784875124693,False,False,-0.0172880869358778,-0.1415885403281138,102,False,False,10.700000000000243,-0.15202608704566956,-0.0,0.0,0.0,0.0,0.0,0.0,-0.0,0.6331167680074152,0.0,-0.0,0.0,0.3150381231332509,64
0.12415051460266113,2.4058873653411865,0.1865486204624176,0.1900751143693924,0.007182153407484293,0.1668257713317871,2.444356679916382,-0.23904895782470703,0.7727835774421692,-0.04375336147844792,-0.07840685546398163,0.6838204860687256,0.10735728591680527,0.1448037475347519,-1.0,57.48403549194336,False,0.0,0.1795887053012848,-0.2993040382862091,0.7724708914756775,0.0,-0.001265629529953003,-0.010727078318595873,-0.01,-0.021992707848548877,0.11702590761706233,False,False,-0.014313388615846634,-0.1418723176562111,103,False,False,10.800000000000276,-0.1265629529953003,-0.0,0.0,0.0,0.0,0.0,0.0,-0.0,0.617840952288546,0.0,-0.0,0.0,0.30765484661431997,64
0.023061037063598633,2.4803354740142822,0.3895784616470337,0.2797357439994812,0.004429364111274481,0.1747349202632904,2.1102964878082275,-0.24094560742378235,0.7725675702095032,-0.024362282603979143,-0.4642040431499481,0.2977437376976013,-0.203422412276268,0.44672080874443054,-1.0,57.48403549194336,False,0.0,0.1795887053012848,-0.2993040382862091,0.7724708914756775,0.0,-0.001362692266702652,-0.017802984267473232,-0.01,-0.029165676534175886,0.11297422368079424,False,False,-0.014286527410149574,-0.13769686640769246,104,False,False,10.90000000000031,-0.1362692266702652,-0.0,0.0,0.0,0.0,0.0,0.0,-0.0,0.5881161453299741,0.0,-0.0,0.0,0.2926953803982844,64
0.018614530563354492,2.1941707134246826,0.11520733684301376,0.25152143836021423,0.00045746067189611495,0.1760851889848709,1.6458278894424438,-0.254656046628952,0.7712475657463074,-0.0527856930345297,0.24064135551452637,0.023389402776956558,-0.5959985256195068,0.6976362466812134,1.0,57.48403549194336,False,0.0,0.1795887053012848,-0.2993040382862091,0.7724708914756775,0.0,-0.0022509147226810458,-0.008418113142251993,-0.01,-0.02066902786493304,0.11588406516239047,False,False,-0.019549380987882614,-0.22107868420811141,105,False,False,11.000000000000343,-0.22509147226810455,-0.0,0.0,0.0,0.0,0.0,0.0,-0.0,0.5770504178061395,0.0,-0.0,0.0,0.28627429418038874,55
0.11869668960571289,1.787922739982605,0.11486659198999405,0.3324286639690399,0.0006985155632719398,0.17419345676898956,2.18119478225708,-0.24003711342811584,0.7716972231864929,0.01507508262991906,-0.4729304015636444,0.1703842580318451,-0.48839446902275085,0.17368516325950623,-1.0,57.48403549194336,False,0.0,0.1795887053012848,-0.2993040382862091,0.7724708914756775,0.0,-0.0013034741580486297,-0.006092768013477301,-0.01,-0.01739624217152593,0.11350190779194236,False,False,-0.009715469554066658,-0.11952816745462777,106,False,False,11.100000000000376,-0.13034741580486298,-0.0,0.0,0.0,0.0,0.0,0.0,-0.0,0.570570591585985,0.0,-0.0,0.0,0.28398182163494384,48
0.10167360305786133,2.2496347427368164,0.2003798931837082,0.2753955125808716,0.012255807407200336,0.1776122748851776,1.99143648147583,-0.24477814137935638,0.7757116556167603,-0.03084810368716715,0.8287288546562195,0.039312899112701416,0.2600400447845459,-0.4836050868034363,-1.0,57.48403549194336,False,0.0,0.1795887053012848,-0.2993040382862091,0.7724708914756775,0.0,-0.0024745793640613555,-0.005694884359836561,-0.01,-0.018169463723897918,0.1199058797210455,False,False,-0.024276508018374443,-0.1628190622801387,107,False,False,11.20000000000041,-0.24745793640613556,-0.0,0.0,0.0,0.0,0.0,0.0,-0.0,0.564829157995053,0.0,-0.0,0.0,0.2799399996334651,64
0.23860931396484375,2.0749964714050293,0.42748352885246277,0.2481401413679123,0.05710088461637497,0.18889421224594116,2.3820688724517822,-0.2395433485507965,0.7748667597770691,-0.00953198999166487,-0.08938739448785782,0.12891390919685364,0.1700059324502945,0.4015919864177704,-1.0,57.48403549194336,False,0.0,0.1795887053012848,-0.2993040382862091,0.7724708914756775,0.0,-0.0005369675904512406,-0.005598081052303305,-0.01,-0.016135048642754547,0.11501042870804667,False,False,-0.008116300217807293,-0.12643697270207452,108,False,False,11.300000000000443,-0.053696759045124054,-0.0,0.0,0.0,0.0,0.0,0.0,-0.0,0.5592252628224159,0.0,-0.0,0.0,0.2790756638207567,18
0.10914206504821777,2.1640584468841553,0.1459161341190338,0.1907479465007782,0.004911314230412245,0.17344476282596588,2.1778404712677,-0.24047522246837616,0.7721084356307983,-0.018317365720868097,-0.18645034730434418,0.14663510024547577,-0.24938799440860748,-0.5881112813949585,-1.0,57.48403549194336,False,0.0,0.1795887053012848,-0.2993040382862091,0.7724708914756775,0.0,-0.0011608371138572694,-0.006209670454263683,-0.01,-0.017370507568120953,0.11143591906875372,False,False,-0.019869918003678322,-0.1304330657050575,109,False,False,11.400000000000476,-0.11608371138572693,-0.0,0.0,0.0,0.0,0.0,0.0,-0.0,0.5523291916147643,0.0,-0.0,0.0,0.2750037586935249,57
0.16196370124816895,2.3037900924682617,0.3872429132461548,0.2239426076412201,0.004645039327442646,0.17568495869636536,1.9495656490325928,-0.24562382698059082,0.7715678811073303,-0.028742702901363403,0.43092504143714905,-0.04033178463578224,0.0671161487698555,0.029900383204221725,1.0,57.48403549194336,False,0.0,0.1795887053012848,-0.2993040382862091,0.7724708914756775,0.0,-0.00048180416226387027,-0.005014092773199086,-0.01,-0.015495896935462956,0.11194442911073565,False,False,-0.015183862298727036,-0.11509198463043799,110,False,False,11.50000000000051,-0.048180416226387024,-0.0,0.0,0.0,0.0,0.0,0.0,-0.0,0.5477787760673413,0.0,-0.0,0.0,0.2734075838714068,23
0.1492142677307129,2.1513671875,0.2846623659133911,0.23649945855140686,0.0016948161646723747,0.1700771301984787,1.7833060026168823,-0.25778573751449585,0.7700015902519226,-0.04264767453074454,0.16260021924972534,-0.21606619656085968,0.17834828794002533,-0.36097171902656555,1.0,57.48403549194336,False,0.0,0.1795887053012848,-0.2993040382862091,0.7724708914756775,0.0,-0.0005880802869796753,-0.00047753706574438226,-0.01,-0.011065617352724058,0.11239941697567701,False,False,-0.0042807781137526035,-0.09174750506451951,111,False,False,11.600000000000543,-0.05880802869796753,-0.0,0.0,0.0,0.0,0.0,0.0,-0.0,0.5523471414426877,0.0,-0.0,0.0,0.2755854904343642,53
0.2522766590118408,1.9022607803344727,0.2669389247894287,0.4550476670265198,0.0019198823720216751,0.17469535768032074,1.5600537061691284,-0.2575647532939911,0.7723019123077393,-0.007438647225499142,0.47331559658050537,-0.21792076528072357,0.33337315917015076,0.055673278868198395,1.0,57.48403549194336,False,0.0,0.1795887053012848,-0.2993040382862091,0.7724708914756775,0.0,-0.0009643856436014176,0.002514798045158362,-0.01,-0.008449587598443057,0.11706321081146598,False,False,-0.007829668000340462,-0.07757720538359474,112,False,False,11.700000000000577,-0.09643856436014175,-0.0,0.0,0.0,0.0,0.0,0.0,-0.0,0.5630068626858553,0.0,-0.0,0.0,0.28053904569932625,61
0.059103965759277344,1.7584869861602783,0.522361695766449,0.18852756917476654,0.0023753661662340164,0.17008928954601288,1.9424662590026855,-0.2514190673828125,0.7715812921524048,-0.002152566909790026,0.17857396602630615,-0.09168342500925064,-0.3780396282672882,0.719390332698822,-1.0,57.48403549194336,False,0.0,0.1795887053012848,-0.2993040382862091,0.7724708914756775,0.0,-0.0017518272995948791,0.0013864515721798143,-0.01,-0.010365375727415065,0.11403604270890355,False,False,-0.007273200433701277,0.5314738844363929,113,False,False,11.80000000000061,-0.17518272995948792,-0.0,0.0,0.0,0.0,0.0,0.0,-0.0,0.571494679248826,0.0,-0.0,0.0,0.2839955123248181,63
0.0061571598052978516,2.1061859130859375,0.41377493739128113,0.21105337142944336,0.014827280305325985,0.1767583191394806,2.0528533458709717,-0.24058207869529724,0.7725041508674622,0.020478248670697204,-0.5239983797073364,-0.6861901879310608,0.1940942406654358,0.4128230810165405,-1.0,57.48403549194336,False,0.0,0.1795887053012848,-0.2993040382862091,0.7724708914756775,0.0,-0.0023838169872760773,0.004507979601621637,-0.01,-0.00787583738565444,0.11361726932227612,False,False,-0.006646064110100269,0.5165855481493008,114,False,False,11.900000000000643,-0.23838169872760773,-0.0,0.0,0.0,0.0,0.0,0.0,-0.0,0.5863743722552518,0.0,-0.0,0.0,0.2908033691403498,64
0.0941932201385498,2.1974687576293945,0.46958127617836,0.2370586395263672,0.0007132866885513067,0.16632699966430664,2.210608959197998,-0.24684900045394897,0.7718693614006042,-0.024287102147936827,-0.07329960912466049,-0.512731671333313,0.19759327173233032,0.685259222984314,-1.0,57.48403549194336,False,0.0,0.1795887053012848,-0.2993040382862091,0.7724708914756775,0.0,-0.0019422248005867004,0.01290966466069221,-0.01,0.0009674398601055099,0.12197969807311893,False,False,-0.02151940017938614,0.47798606577641745,115,False,False,12.000000000000677,-0.19422248005867004,-0.0,0.0,0.0,0.0,0.0,0.0,-0.0,0.6183775111607916,0.0,-0.0,0.0,0.3072465307798091,63
0.07721185684204102,2.280787467956543,0.6607418656349182,0.2975880205631256,0.0002054983051493764,0.1775197833776474,1.4910624027252197,-0.25719523429870605,0.7719167470932007,-0.021274212598800656,0.8039664626121521,-0.6724138855934143,-0.04361166059970856,-0.12138915061950684,-1.0,57.48403549194336,False,0.0,0.1795887053012848,-0.2993040382862091,0.7724708914756775,0.0,-0.0027878496050834658,0.010427690297365177,-0.01,-0.002360159307718289,0.11757576884701848,False,False,-0.029901668429374695,-0.11221342241218024,116,False,False,12.10000000000071,-0.27878496050834656,-0.0,0.0,0.0,0.0,0.0,0.0,-0.0,0.6456898582716779,0.0,-0.0,0.0,0.32005707953075546,64
0.11579394340515137,1.7101085186004639,0.27743327617645264,0.19243881106376648,0.00020158725965302438,0.1686735451221466,2.0390799045562744,-0.2502463459968567,0.7712713479995728,-0.0018946596980094852,-0.21471372246742249,-0.5250169038772583,0.29423055052757263,0.4882441759109497,1.0,57.48403549194336,False,0.0,0.1795887053012848,-0.2993040382862091,0.7724708914756775,0.0,-0.0016167469322681427,0.012253327071666709,-0.01,0.000636580139398565,0.11444694409146905,False,False,-0.0039357892237603664,-0.08861358366867492,117,False,False,12.200000000000744,-0.16167469322681427,-0.0,0.0,0.0,0.0,0.0,0.0,-0.0,0.6769660990339571,0.0,-0.0,0.0,0.3368663025847104,63
0.1537799835205078,2.175294876098633,0.5433574318885803,0.251968652009964,0.00030141646857373416,0.17439709603786469,1.5938842296600342,-0.25764232873916626,0.7715076804161072,-0.016788503006100686,-0.4652729630470276,0.5343983173370361,0.46117517352104187,-0.4121902883052826,-1.0,57.48403549194336,False,0.0,0.1795887053012848,-0.2993040382862091,0.7724708914756775,0.0,-0.00221160963177681,0.0011469116806984148,-0.01,-0.011064697951078395,0.10890641901642084,False,False,-0.0029316835571080446,-0.10031944054327993,118,False,False,12.300000000000777,-0.22116096317768097,-0.0,0.0,0.0,0.0,0.0,0.0,-0.0,0.6861211419014823,0.0,-0.0,0.0,0.34084896131896436,64
0.17507076263427734,1.7470532655715942,0.7755512595176697,0.20321419835090637,0.00026555900694802403,0.16451188921928406,1.937211513519287,-0.25794094800949097,0.7707944512367249,-0.01884758152067663,-0.33563232421875,0.07482719421386719,0.21531684696674347,-0.710199236869812,-1.0,57.48403549194336,False,0.0,0.1795887053012848,-0.2993040382862091,0.7724708914756775,0.0,-0.0016724811494350433,-0.009785876125097293,-0.01,-0.02145835727453234,0.11710104113444686,False,False,-0.033418089151382446,-0.11627171918837778,119,False,False,12.40000000000081,-0.16724811494350433,-0.0,0.0,0.0,0.0,0.0,0.0,-0.0,0.6732822849613149,0.0,-0.0,0.0,0.33496866133122244,59
0.22872090339660645,1.9896223545074463,0.7012283205986023,0.1434248387813568,8.105717279249802e-05,0.17498941719532013,1.5345995426177979,-0.2595656216144562,0.7707706093788147,-0.010571311488747605,-0.0011113629443570971,0.3726431727409363,0.17310188710689545,-0.7854741811752319,-1.0,57.48403549194336,False,0.0,0.1795887053012848,-0.2993040382862091,0.7724708914756775,0.0,-0.0019644953310489653,-0.006640577018260985,-0.01,-0.01860507234930995,0.11833435390144587,False,False,-0.022080931812524796,-0.09315983610961309,120,False,False,12.500000000000844,-0.19644953310489655,-0.0,0.0,0.0,0.0,0.0,0.0,-0.0,0.666667808594662,0.0,-0.0,0.0,0.33136940896628203,61
0.1968681812286377,1.6595101356506348,0.3885512351989746,0.25047504901885986,3.855576869682409e-05,0.1687813252210617,1.6262495517730713,-0.2620832920074463,0.771711528301239,-0.027688798606395712,-0.023618781939148903,-0.05865272134542465,-0.41560909152030945,-0.7513225674629211,1.0,57.48403549194336,False,0.0,0.1795887053012848,-0.2993040382862091,0.7724708914756775,0.0,-0.0018530362844467164,-0.010207088142633436,-0.01,-0.022060124427080153,0.11618029000237584,False,False,-0.009523104876279831,-0.08965844684749345,121,False,False,12.600000000000877,-0.18530362844467163,-0.0,0.0,0.0,0.0,0.0,0.0,-0.0,0.6527814215105421,0.0,-0.0,0.0,0.3245376744708243,64
0.13346076011657715,1.7209357023239136,0.25602978467941284,0.2158980667591095,4.656716191675514e-05,0.17603720724582672,1.4778311252593994,-0.25926363468170166,0.7717278599739075,-0.008595993071794537,0.3998529016971588,-0.10630204528570175,0.241502583026886,-0.000582104257773608,1.0,57.48403549194336,False,0.0,0.1795887053012848,-0.2993040382862091,0.7724708914756775,0.0,-0.0005737657845020295,-0.0026178956031799316,-0.01,-0.013191661387681962,0.11671481793746352,False,False,-0.0059930868446826935,-0.0978526335752373,122,False,False,12.70000000000091,-0.05737657845020294,-0.0,0.0,0.0,0.0,0.0,0.0,-0.0,0.6540864626299476,0.0,-0.0,0.0,0.3264694655304718,63
0.14041662216186523,1.6635066270828247,0.14219185709953308,0.20999518036842346,0.00024372083134949207,0.16818980872631073,1.7703616619110107,-0.2595974802970886,0.7704654932022095,-0.013924354538321493,-0.6991486549377441,-0.09675911068916321,0.44663071632385254,0.01906605437397957,-1.0,57.48403549194336,False,0.0,0.1795887053012848,-0.2993040382862091,0.7724708914756775,0.0,-0.001745034158229828,-0.0011111602187156566,-0.01,-0.012856194376945485,0.10820261714980006,False,False,-0.006850234232842922,-0.1229687106818528,123,False,False,12.800000000000944,-0.1745034158229828,-0.0,0.0,0.0,0.0,0.0,0.0,-0.0,0.6584486404060763,0.0,-0.0,0.0,0.3274792860448083,40
0.23600459098815918,1.8865054845809937,0.457194447517395,0.20410272479057312,4.63320393464528e-05,0.17208342254161835,1.6227736473083496,-0.2589719593524933,0.7716250419616699,-0.012844144403934459,0.11114829778671265,-0.043102867901325226,0.9365904331207275,-0.07965078204870224,1.0,57.48403549194336,False,0.0,0.1795887053012848,-0.2993040382862091,0.7724708914756775,0.0,-0.0022443941235542296,-0.0020469699800014785,-0.01,-0.014291364103555708,0.11047618603333831,False,False,-0.008036168292164803,-0.1168071499374153,124,False,False,12.900000000000977,-0.22443941235542297,-0.0,0.0,0.0,0.0,0.0,0.0,-0.0,0.6609643463886199,0.0,-0.0,0.0,0.32823777907075574,62
0.13382434844970703,1.7913057804107666,0.07834881544113159,0.16918104887008667,0.0004506674886215478,0.170317605137825,1.7419562339782715,-0.259123831987381,0.7696635127067566,-0.013569632447324724,0.07603899389505386,0.08545442670583725,-0.001573376590386033,-0.06404922902584076,-1.0,57.48403549194336,False,0.0,0.1795887053012848,-0.2993040382862091,0.7724708914756775,0.0,-4.297291394323111e-05,-0.0035930491983890422,-0.01,-0.013636022112332273,0.11304511083289981,False,False,-0.004781754687428474,-0.0935290325831052,125,False,False,13.00000000000101,-0.004297291394323111,-0.0,0.0,0.0,0.0,0.0,0.0,-0.0,0.6603820382749435,0.0,-0.0,0.0,0.3301480462235285,64
0.2874016761779785,1.84547758102417,0.07036030292510986,0.2253870815038681,7.762917812215164e-05,0.17609642446041107,1.5697851181030273,-0.2566814720630646,0.7714921832084656,-0.01152612581849096,-0.07489163428544998,-0.4566290080547333,-0.34978801012039185,-0.3481876254081726,-1.0,57.48403549194336,False,0.0,0.1795887053012848,-0.2993040382862091,0.7724708914756775,0.0,-0.0011442627012729645,-0.000979833453893686,-0.01,-0.012124096155166651,0.10962521098554134,False,False,-0.009418302215635777,-0.0982494576019708,126,False,False,13.100000000001044,-0.11442627012729645,-0.0,0.0,0.0,0.0,0.0,0.0,-0.0,0.6650731246592703,0.0,-0.0,0.0,0.33139229962836214,64
0.12137293815612793,1.6076767444610596,0.43316781520843506,0.19824883341789246,7.922880467958748e-05,0.16705383360385895,1.7482942342758179,-0.26048246026039124,0.7713785171508789,-0.01271341599524019,0.7722102999687195,-0.41058510541915894,-0.11649026721715927,-0.5101459622383118,-1.0,57.48403549194336,False,0.0,0.1795887053012848,-0.2993040382862091,0.7724708914756775,0.0,-0.002596769332885742,0.00923629626631739,-0.01,-0.0033604730665683525,0.10682415682822466,False,False,-0.009815850295126438,-0.10274713871564109,127,False,False,13.200000000001078,-0.2596769332885742,-0.0,0.0,0.0,0.0,0.0,0.0,-0.0,0.6904502129632097,0.0,-0.0,0.0,0.34262833714871915,64
0.15749335289001465,1.8288573026657104,0.3460824489593506,0.20708918571472168,0.00020331838459242135,0.17498011887073517,1.6315386295318604,-0.256124883890152,0.7713124752044678,-0.0035322972387075427,-0.40193361043930054,-0.6254564523696899,0.24985042214393616,-0.23708376288414001,-1.0,57.48403549194336,False,0.0,0.1795887053012848,-0.2993040382862091,0.7724708914756775,0.0,-0.0016784510016441346,0.00150441214442254,-0.01,-0.010174038857221596,0.11153277335688472,False,False,-0.00038326281355693936,-0.09390533072975377,128,False,False,13.300000000001111,-0.16784510016441345,-0.0,0.0,0.0,0.0,0.0,0.0,-0.0,0.7004636189735007,0.0,-0.0,0.0,0.3485533584851062,47
0.16716718673706055,1.693240761756897,0.11886110156774521,0.2014896273612976,0.0001090523655875586,0.16927893459796906,1.7055577039718628,-0.25951603055000305,0.7714019417762756,-0.022253999821841702,0.21297594904899597,-0.09183774888515472,-0.4103056490421295,-0.07475921511650085,-1.0,57.48403549194336,False,0.0,0.1795887053012848,-0.2993040382862091,0.7724708914756775,0.0,-0.0005693314969539643,-0.002429483085870765,-0.01,-0.01299881458282473,0.11459119012579322,False,False,-0.008284289389848709,-0.10654104091367601,129,False,False,13.400000000001144,-0.05693314969539642,-0.0,0.0,0.0,0.0,0.0,0.0,-0.0,0.7026310173151342,0.0,-0.0,0.0,0.3507461771606131,64
0.1599133014678955,1.8118536472320557,0.27389776706695557,0.17621147632598877,4.292451558285393e-05,0.17157045006752014,1.6298115253448486,-0.25883737206459045,0.7720695734024048,-0.005064494237303714,0.4593053162097931,-0.02393573336303234,0.07253354042768478,1.0,-1.0,57.48609161376953,False,-0.0007510185241699219,0.17958274483680725,-0.2993256151676178,0.7724633812904358,0.0,-0.0030419883131980897,0.006745238900184636,-0.01,-0.006296749413013454,0.11857616109773517,False,False,-0.006759081035852432,-0.1319974279204566,130,False,False,13.500000000001178,-0.30419883131980896,-0.0,0.0,0.0,0.0,0.0,0.0,-0.0,0.7233550579726551,0.0,-0.0,0.0,0.35863554067312947,38
0.11577010154724121,1.7594575881958008,0.2089868038892746,0.17093081772327423,0.0001341379393124953,0.16873490810394287,1.8077651262283325,-0.25761890411376953,0.7707898616790771,-0.004033126495778554,0.06534387171268463,0.6460318565368652,-0.4369720220565796,-0.3865852952003479,-1.0,57.48587417602539,False,0.0,0.17958226799964905,-0.2993234694004059,0.7724708914756775,0.0,-0.0019050492346286774,0.00620679914951322,-0.01,-0.005698250085115457,0.11515886802226305,False,False,-0.007054765243083239,-0.1304337575348738,131,False,False,13.600000000001211,-0.19050492346286774,-0.0,0.0,0.0,0.0,0.0,0.0,-0.0,0.743200639285607,0.0,-0.0,0.0,0.3696952704081748,39
0.2144932746887207,1.8148800134658813,0.4388168454170227,0.251569926738739,0.00011089568579336628,0.17566043138504028,1.6129990816116333,-0.2557021975517273,0.7716240286827087,-0.02440161470323799,-0.31132200360298157,0.5255125164985657,0.012517745606601238,-0.24030821025371552,-1.0,57.48587417602539,False,0.0,0.17958226799964905,-0.2993234694004059,0.7724708914756775,0.0,-0.0010774737596511842,-0.022367323040962228,-0.01,-0.033444796800613415,0.11064877081662416,False,False,-0.01821199245750904,-0.13621019089308078,132,False,False,13.700000000001245,-0.10774737596511841,-0.0,0.0,0.0,0.0,0.0,0.0,-0.0,0.7055212287040102,0.0,-0.0,0.0,0.35168314059235395,64
0.14911890029907227,1.644284963607788,0.4500637352466583,0.17264550924301147,0.0002723225625231862,0.17267128825187683,1.7848849296569824,-0.25405314564704895,0.7711056470870972,-0.021987574771046625,-0.2268248349428177,-0.2781635522842407,-0.2684584856033325,-0.18051232397556305,-1.0,57.48587417602539,False,0.0,0.17958226799964905,-0.2993234694004059,0.7724708914756775,0.0,-0.0005836978182196617,-0.013384962975978854,-0.01,-0.023968660794198515,0.11621541669592261,False,False,-0.01824125088751316,-0.13533994471776312,133,False,False,13.800000000001278,-0.05836978182196617,-0.0,0.0,0.0,0.0,0.0,0.0,-0.0,0.6856073331775243,0.0,-0.0,0.0,0.3422199687705425,64
0.19031167030334473,1.8294298648834229,0.33818233013153076,0.16603972017765045,0.0002041542757069692,0.1649870127439499,1.9674396514892578,-0.2563406527042389,0.7710257768630981,-0.016357683725655076,-0.21304790675640106,-0.29462555050849915,-0.035680659115314484,-0.44281205534935,-1.0,57.48587417602539,False,0.0,0.17958226799964905,-0.2993234694004059,0.7724708914756775,0.0,-0.0008238731324672699,0.0020544815063476274,-0.01,-0.008769391626119644,0.11413630098104477,False,False,-0.013133461587131023,-0.1203487345842277,134,False,False,13.900000000001311,-0.08238731324672699,-0.0,0.0,0.0,0.0,0.0,0.0,-0.0,0.6966831607886496,0.0,-0.0,0.0,0.3475177072618575,63
0.17714500427246094,2.016007423400879,0.46599307656288147,0.2578905522823334,0.0004795597633346915,0.16817641258239746,2.077864646911621,-0.24996820092201233,0.7708960771560669,0.0007284159958362551,-0.19930464029312134,-0.1127583459019661,-0.1887015849351883,0.00437092874199152,-1.0,57.48587417602539,False,0.0,0.17958226799964905,-0.2993234694004059,0.7724708914756775,0.0,-0.00022016044706106187,0.0011289174854755557,-0.01,-0.009091242961585507,0.1144988383166492,False,False,-0.011814075522124767,-0.11416828518902927,135,False,False,14.000000000001345,-0.022016044706106186,-0.0,0.0,0.0,0.0,0.0,0.0,-0.0,0.706000946738933,0.0,-0.0,0.0,0.3527803129224054,64
0.18651485443115234,2.1082570552825928,0.2285783439874649,0.2226446121931076,0.00036049517802894115,0.17625902593135834,1.6550695896148682,-0.2541440725326538,0.7714740037918091,-0.02828616328537463,0.2550593316555023,-0.3819703757762909,-0.09308705478906631,-0.5880807042121887,-1.0,57.495880126953125,False,0.0040590763092041016,0.17959493398666382,-0.2994227707386017,0.7725114822387695,0.0,-0.00141365185379982,0.0005884705483913399,-0.01,-0.01082518130540848,0.10491481609642506,False,False,-0.014555102214217186,-0.11313377847611453,136,False,False,14.100000000001378,-0.141365185379982,-0.0,0.0,0.0,0.0,0.0,0.0,-0.0,0.7143211653897192,0.0,-0.0,0.0,0.3557469308410598,61
0.1436293125152588,1.7346725463867188,0.2176736742258072,0.23129406571388245,0.0005597885465249419,0.16988611221313477,1.8228719234466553,-0.2569315731525421,0.7708093523979187,-0.008467255085706732,0.022879259660840034,-0.07977838069200516,-0.3743308186531067,-0.4436006247997284,-1.0,57.56700134277344,False,0.00813603401184082,0.17962419986724854,-0.3001367449760437,0.7725522518157959,0.0,-0.0008594828099012375,-0.000617222338914869,-0.01,-0.011476705148816107,0.11181474383920431,False,False,-0.008935200981795788,-0.11848813368085122,137,False,False,14.200000000001411,-0.08594828099012375,-0.0,0.0,0.0,0.0,0.0,0.0,-0.0,0.720289608370947,0.0,-0.0,0.0,0.3592853213755723,42
0.1950085163116455,1.8471757173538208,0.2423505038022995,0.22098124027252197,0.002231050282716751,0.16811351478099823,1.9569963216781616,-0.2562371492385864,0.769657552242279,-0.011827962994575489,-0.0971231609582901,-0.46852776408195496,0.16530536115169525,-0.5406236052513123,-1.0,57.620216369628906,False,-0.002759695053100586,0.179596945643425,-0.3006778657436371,0.7724432945251465,0.0,-0.0013713772594928742,-0.0030751799046993544,-0.01,-0.014446557164192228,0.10438476130366325,False,False,-0.0081860963255167,-0.10841876486051114,138,False,False,14.300000000001445,-0.13713772594928741,-0.0,0.0,0.0,0.0,0.0,0.0,-0.0,0.7213527534004944,0.0,-0.0,0.0,0.35930499944075434,63
0.34378767013549805,2.1056711673736572,0.34510642290115356,0.24265992641448975,0.002254967112094164,0.16407498717308044,2.1004016399383545,-0.2585611045360565,0.7711564302444458,-0.02058496564626696,0.5148596167564392,-0.7424480319023132,0.5449448823928833,0.4062512218952179,-1.0,57.8507080078125,False,0.07763504981994629,0.18070770800113678,-0.3028496205806732,0.773247241973877,0.0,-0.0031957861781120303,-0.00417867526412008,-0.01,-0.01737446144223211,0.10524921398609877,False,False,-0.0025082919746637344,-0.10743536912651057,139,False,False,14.400000000001478,-0.319578617811203,-0.0,0.0,0.0,0.0,0.0,0.0,-0.0,0.7201974564306315,0.0,-0.0,0.0,0.35690294203720374,49
0.2940237522125244,2.644299030303955,0.857734203338623,0.21769723296165466,0.0024028781335800886,0.16449755430221558,2.5297160148620605,-0.25964537262916565,0.7702269554138184,0.005723770242184413,-0.3587327301502228,0.5460653901100159,0.29927197098731995,0.614016592502594,-1.0,58.94904708862305,False,0.13840794563293457,0.1827532798051834,-0.3136531114578247,0.7738549709320068,0.0,-0.002233641743659973,0.0006081700325012429,-0.01,-0.011625471711158731,0.10566340805962682,False,False,-0.029548222199082375,-0.10158935373754893,140,False,False,14.500000000001512,-0.22336417436599731,-0.0,0.0,0.0,0.0,0.0,0.0,-0.0,0.7287008134108662,0.0,-0.0,0.0,0.36211676496177314,62
0.24626851081848145,2.4664618968963623,0.367798388004303,0.21541520953178406,0.002248138189315796,0.1659894585609436,2.533658742904663,-0.25629162788391113,0.7692887783050537,-0.010079394951462737,-0.2383359670639038,0.7915059328079224,-0.17502325773239136,0.5641652345657349,-1.0,58.81102752685547,False,-0.0027000904083251953,0.1828971952199936,-0.31223854422569275,0.7724438905715942,0.0,-0.002580502927303314,-0.015323223173618339,-0.01,-0.027903726100921657,0.10328626679256558,False,False,-0.017254075035452843,-0.21112398890809675,141,False,False,14.600000000001545,-0.2580502927303314,-0.0,0.0,0.0,0.0,0.0,0.0,-0.0,0.7051053362343083,0.0,-0.0,0.0,0.3499721651898508,57
0.3061950206756592,2.564466953277588,0.35594749450683594,0.23265710473060608,0.00011012652248609811,0.16710925102233887,2.2261760234832764,-0.26254332065582275,0.7711859345436096,-0.05494981084018945,0.06684567034244537,0.011577230878174305,-0.13107940554618835,0.8975374102592468,1.0,58.81277847290039,False,-1.1920928955078125e-05,0.18289673328399658,-0.3122562766075134,0.7724707722663879,0.0,-0.0020683939754962922,-0.02241683453321458,-0.01,-0.03448522850871087,0.10535035096108913,False,False,-0.04555602744221687,-0.23828721717539872,142,False,False,14.700000000001578,-0.2068393975496292,-0.0,0.0,0.0,0.0,0.0,0.0,-0.0,0.6669412090767934,0.0,-0.0,0.0,0.3314022105629004,40
0.16968250274658203,2.245614767074585,0.5290970206260681,0.34614551067352295,9.816967940423638e-05,0.17600542306900024,1.8790900707244873,-0.2632109522819519,0.7720348834991455,-0.03718476302921771,0.5910302996635437,-0.4656938314437866,0.19318078458309174,0.6282459497451782,-1.0,58.81277847290039,False,0.0,0.18289673328399658,-0.3122563362121582,0.7724708914756775,0.0,-0.0024954983592033386,-0.003709439635276812,-0.01,-0.01620493799448015,0.11282113706693053,False,False,-0.05633881315588951,-0.10775005627326809,143,False,False,14.800000000001612,-0.24954983592033386,-0.0,0.0,0.0,0.0,0.0,0.0,-0.0,0.6661840910009511,0.0,-0.0,0.0,0.33059654714127223,53
0.09615421295166016,1.9654234647750854,0.4095201790332794,0.2788046598434448,4.9860915169119835e-05,0.1758400946855545,1.798022747039795,-0.2655273377895355,0.7721880078315735,-0.01724395334720611,-0.10667186230421066,-0.9754881262779236,-0.07812824845314026,-0.3901136815547943,1.0,58.833152770996094,False,-0.022417306900024414,0.18276916444301605,-0.31248024106025696,0.7722467184066772,0.0,-0.0028031215071678164,0.010916927009820943,-0.01,-0.0018861944973468745,0.11426311591640115,False,False,-0.02777080051600933,-0.12770973659412457,144,False,False,14.900000000001645,-0.2803121507167816,-0.0,0.0,0.0,0.0,0.0,0.0,-0.0,0.6949676500789584,0.0,-0.0,0.0,0.3446807035323114,38
0.04667043685913086,1.9314736127853394,0.5505149960517883,0.18189942836761475,0.0001478889462305233,0.16738446056842804,2.278681755065918,-0.2603300213813782,0.7718011736869812,-0.009107113331556307,0.03209415823221207,0.026592740789055824,0.5762941837310791,-0.045592594891786575,1.0,59.09306335449219,False,-0.04085898399353027,0.18037472665309906,-0.3154390752315521,0.7720623016357422,0.0,-0.0008398272097110748,0.006862524300813688,-0.01,-0.0039773029088973864,0.11393796419724822,False,False,0.009568384848535061,-0.07970308660004914,145,False,False,15.000000000001679,-0.08398272097110748,-0.0,0.0,0.0,0.0,0.0,0.0,-0.0,0.7158511114250097,0.0,-0.0,0.0,0.35708572850279374,64
0.0975489616394043,2.3678884506225586,0.34523606300354004,0.17375628650188446,4.742221790365875e-05,0.17635488510131836,1.7648086547851562,-0.26764005422592163,0.7712834477424622,-0.00985228132456539,0.6702519655227661,0.29263803362846375,-0.05930222198367119,-0.4465026557445526,1.0,59.09728240966797,False,-0.02046823501586914,0.1804906278848648,-0.3154658079147339,0.7722662091255188,0.0,-0.0018443901836872102,0.00030587032437323636,-0.01,-0.011538519859313975,0.11341275135055184,False,False,-0.02637680247426033,-0.07632489581985062,146,False,False,15.100000000001712,-0.184439018368721,-0.0,0.0,0.0,0.0,0.0,0.0,-0.0,0.7236999495025127,0.0,-0.0,0.0,0.36000558456756915,64
0.1775503158569336,1.835884690284729,0.4605988562107086,0.22091254591941833,4.235940286889672e-05,0.1648065596818924,2.19582462310791,-0.26624035835266113,0.7718838453292847,-0.020083010010421294,0.8857386112213135,-0.09601891785860062,-0.1559707671403885,0.3816978335380554,1.0,59.10688781738281,False,0.011235475540161133,0.1806865632534027,-0.31553569436073303,0.7725832462310791,0.0,-0.0024094316363334656,-0.0033680965006351316,-0.01,-0.015777528136968595,0.11072349408641458,False,False,-0.0011145337484776974,-0.08305208049063614,147,False,False,15.200000000001745,-0.24094316363334656,-0.0,0.0,0.0,0.0,0.0,0.0,-0.0,0.7242058406708882,0.0,-0.0,0.0,0.35969348869911066,64
0.1161038875579834,2.2455663681030273,0.408993661403656,0.2642945647239685,6.846477481303737e-05,0.1702626347541809,2.11386775970459,-0.2629989981651306,0.7718186378479004,-0.011591272056102758,-0.005378591828048229,0.1078244298696518,0.09456790238618851,-0.5750747919082642,-1.0,59.09398651123047,False,-0.0004112720489501953,0.18061399459838867,-0.31541553139686584,0.772466778755188,0.0,-0.0008782728016376495,-0.00435381233692167,-0.01,-0.01523208513855932,0.11369188874959946,False,False,-0.014735898934304714,-0.11029855012613178,148,False,False,15.300000000001779,-0.08782728016376495,-0.0,0.0,0.0,0.0,0.0,0.0,-0.0,0.7227253282793245,0.0,-0.0,0.0,0.36048439133802457,61
0.07119178771972656,2.1806955337524414,0.04746069759130478,0.35827189683914185,2.995127215399407e-05,0.1650446504354477,2.2595808506011963,-0.2638472020626068,0.7731156945228577,-0.014868585653603078,-0.0017603595042601228,-0.2290707677602768,0.3906378448009491,-0.35115036368370056,1.0,59.09416580200195,False,0.0,0.18061771988868713,-0.31541675329208374,0.7724708914756775,0.0,-0.0008209525048732758,-0.0005022658407687897,-0.01,-0.011323218345642067,0.11353478115051985,False,False,-0.00569833954796195,-0.10616256988250988,149,False,False,15.400000000001812,-0.08209525048732758,-0.0,0.0,0.0,0.0,0.0,0.0,-0.0,0.7290110291089349,0.0,-0.0,0.0,0.36368456204959415,64
0.03210306167602539,2.280489444732666,0.4444584250450134,0.18576765060424805,0.00032375301816500723,0.16730566322803497,2.2655317783355713,-0.26216375827789307,0.7710700035095215,-0.0008984532952308524,-0.6417024731636047,0.7572032809257507,-0.2409052848815918,-0.5218982100486755,-1.0,59.09416580200195,False,0.0,0.18061773478984833,-0.31541675329208374,0.7724708914756775,0.0,-0.0032888799905776978,-0.005491330623626722,-0.01,-0.018780210614204422,0.109970822930336,False,False,-0.014464880339801311,-0.11390919590364947,150,False,False,15.500000000001846,-0.3288879990577698,-0.0,0.0,0.0,0.0,0.0,0.0,-0.0,0.7252811442936165,0.0,-0.0,0.0,0.35935169215623053,64
0.20402073860168457,2.242004871368408,0.8861462473869324,0.2301158905029297,5.6777982536004856e-05,0.16022303700447083,2.599943161010742,-0.25798654556274414,0.7722975015640259,-0.019529092088341738,0.07576816529035568,0.06538324058055878,0.2932031750679016,-0.24919971823692322,-1.0,59.09416580200195,False,0.0,0.18061773478984833,-0.31541675329208374,0.7724708914756775,0.0,-0.00039521098136901855,-0.0189885860681534,-0.01,-0.029383797049522417,0.11018512677401304,False,False,-0.02786954492330551,-0.17799620335864225,151,False,False,15.600000000001879,-0.039521098136901855,-0.0,0.0,0.0,0.0,0.0,0.0,-0.0,0.6942464133031714,0.0,-0.0,0.0,0.34672799567021667,64
0.07522702217102051,2.6259729862213135,0.552057683467865,0.1587248146533966,3.709143493324518e-05,0.16702774167060852,2.2846267223358154,-0.26059943437576294,0.772339403629303,-0.011949168443679797,0.4393537640571594,-0.11227284371852875,0.22064901888370514,-0.6748363971710205,-1.0,59.09416580200195,False,0.0,0.18061773478984833,-0.31541675329208374,0.7724708914756775,0.0,-0.0017743176221847535,-0.005184871256351475,-0.01,-0.01695918887853623,0.11229864694178104,False,False,-0.012250212021172047,-0.11843652650311706,152,False,False,15.700000000001912,-0.17743176221847534,-0.0,0.0,0.0,0.0,0.0,0.0,-0.0,0.6907845369456521,0.0,-0.0,0.0,0.3436179508506413,63
0.06095170974731445,2.3253679275512695,0.4172036945819855,0.23697733879089355,2.9886476113460958e-05,0.16031934320926666,2.477848529815674,-0.26191380620002747,0.7730050086975098,-0.03838523450773207,0.017147576436400414,-0.06226692721247673,-0.14375269412994385,-0.07320230454206467,1.0,59.09416580200195,False,0.0,0.18061773478984833,-0.31541675329208374,0.7724708914756775,0.0,-7.548655848950147e-05,-0.002504075914621373,-0.01,-0.012579562473110876,0.11465033795684576,False,False,-0.03859947249293327,-0.129888047012253,153,False,False,15.800000000001946,-0.007548655848950148,-0.0,0.0,0.0,0.0,0.0,0.0,-0.0,0.6927033433242304,0.0,-0.0,0.0,0.34627618510362573,64
0.04658102989196777,2.470738172531128,0.30677515268325806,0.3560880422592163,0.00016418294399045408,0.16861815750598907,2.453866481781006,-0.25447332859039307,0.7717978954315186,0.008241837993264186,-0.12362516671419144,0.0046450309455394745,-0.5126663446426392,-0.005890558939427137,-1.0,59.09416580200195,False,0.0,0.18061773478984833,-0.31541675329208374,0.7724708914756775,0.0,-0.0006954155862331391,-0.0025516866147518025,-0.01,-0.01324710220098494,0.11259904270991683,False,False,-0.020146284252405167,-0.10165169661772981,154,False,False,15.90000000000198,-0.0695415586233139,-0.0,0.0,0.0,0.0,0.0,0.0,-0.0,0.694545416508777,0.0,-0.0,0.0,0.34657729266815535,57
0.14930963516235352,2.411656141281128,0.1345217227935791,0.27949661016464233,6.181101343827322e-05,0.16353146731853485,2.51975154876709,-0.2572406828403473,0.7728011012077332,-0.02547806423157455,-0.06822699308395386,0.4600679576396942,-0.004553781822323799,0.02285449020564556,-1.0,59.09416580200195,False,0.0,0.18061773478984833,-0.31541675329208374,0.7724708914756775,0.0,-0.0005421513319015503,-0.008163763433694848,-0.01,-0.0187059147655964,0.11277829529717565,False,False,-0.012937604449689388,-0.12693842926501234,155,False,False,16.00000000000201,-0.05421513319015503,-0.0,0.0,0.0,0.0,0.0,0.0,-0.0,0.6850685799241689,0.0,-0.0,0.0,0.3419921386301829,56
0.04375576972961426,2.5132336616516113,0.17287731170654297,0.20776191353797913,0.00016900981427170336,0.16580064594745636,2.438133955001831,-0.2582567632198334,0.7713039517402649,-0.007817056216299521,-0.019879329949617386,-0.6337804794311523,0.05718054249882698,0.9939532279968262,-1.0,59.09416580200195,False,0.0,0.18061773478984833,-0.31541675329208374,0.7724708914756775,0.0,-0.003483213782310486,-0.005565865337848641,-0.01,-0.01904907912015913,0.11171725764870644,False,False,-0.014996691606938839,-0.12388348545416684,156,False,False,16.100000000001955,-0.3483213782310486,-0.0,0.0,0.0,0.0,0.0,0.0,-0.0,0.680744309793837,0.0,-0.0,0.0,0.33688894111460804,64
0.1591503620147705,2.443162202835083,0.2934257388114929,0.18842732906341553,9.711976599646732e-05,0.1630460023880005,2.395033359527588,-0.26162511110305786,0.77198326587677,-0.019336769841611375,0.11907493323087692,-0.2536088526248932,-0.1876852959394455,0.21708767116069794,-1.0,59.09416580200195,False,0.0,0.18061773478984833,-0.31541675329208374,0.7724708914756775,0.0,-0.00040212281048297884,0.011178483068943035,-0.01,0.0007763602584600557,0.11035200906917453,False,False,-0.020035479217767715,-0.13400272211531022,157,False,False,16.2000000000019,-0.04021228104829788,-0.0,0.0,0.0,0.0,0.0,0.0,-0.0,0.7102033201271261,0.0,-0.0,0.0,0.35469953725308007,48
0.10841488838195801,2.474233627319336,0.3343035578727722,0.17101190984249115,3.3976699342019856e-05,0.16033734381198883,2.6072094440460205,-0.2577442526817322,0.772207498550415,-0.02685564145445822,0.41851744055747986,0.15406140685081482,0.24016167223453522,-0.0795833021402359,1.0,59.09416580200195,False,0.0,0.18061773478984833,-0.31541675329208374,0.7724708914756775,0.0,-0.0006572572141885758,-4.394397139551032e-05,-0.01,-0.010701201185584087,0.1127094510011375,False,False,-0.01720106042921543,-0.11543651773734376,158,False,False,16.300000000001845,-0.06572572141885757,-0.0,0.0,0.0,0.0,0.0,0.0,-0.0,0.7172883873638236,0.0,-0.0,0.0,0.3579869364677232,64
0.09603500366210938,2.5967023372650146,0.23898284137248993,0.27503079175949097,0.0002250165125587955,0.16125889122486115,2.7938952445983887,-0.25213712453842163,0.771292507648468,-0.02017341226339342,-0.2787727415561676,0.06373973935842514,0.38127049803733826,0.4962523281574249,-1.0,59.09416580200195,False,0.0,0.18061773478984833,-0.31541675329208374,0.7724708914756775,0.0,-0.0011835263669490814,-0.008922235220670705,-0.01,-0.020105761587619786,0.11188519606366754,False,False,-0.0095789460465312,-0.10112015077361858,159,False,False,16.40000000000179,-0.11835263669490814,-0.0,0.0,0.0,0.0,0.0,0.0,-0.0,0.706508933942325,0.0,-0.0,0.0,0.3520709406042134,64
0.15494227409362793,2.7677059173583984,0.3918950855731964,0.20376437902450562,4.528825229499489e-05,0.16026228666305542,2.6085591316223145,-0.2577235698699951,0.7726790308952332,-0.022783448621630682,0.17291861772537231,-0.5565553903579712,-0.9916129112243652,0.29003867506980896,-1.0,59.09416580200195,False,0.0,0.18061773478984833,-0.31541675329208374,0.7724708914756775,0.0,-0.0035176831483840943,-0.0016645391285419753,-0.01,-0.01518222227692607,0.1131642572581768,False,False,-0.02959919162094593,-0.10700242396753637,160,False,False,16.500000000001734,-0.3517683148384094,-0.0,0.0,0.0,0.0,0.0,0.0,-0.0,0.7102827123342252,0.0,-0.0,0.0,0.35162367301872854,62
0.04977583885192871,2.567976236343384,0.37457096576690674,0.34203216433525085,3.7511359550990164e-05,0.16086694598197937,2.5794482231140137,-0.25820502638816833,0.7728918194770813,-0.019037163853645327,0.08861850947141647,-0.16076910495758057,0.40767523646354675,-0.4463954269886017,-1.0,59.09416580200195,False,0.0,0.18061773478984833,-0.31541675329208374,0.7724708914756775,0.0,-0.0009979198127985,0.0076949614286422885,-0.01,-0.003302958384156212,0.11322569288313389,False,False,-0.022783169522881508,-0.10654206438370849,161,False,False,16.60000000000168,-0.09979198127985,-0.0,0.0,0.0,0.0,0.0,0.0,-0.0,0.7330026775778287,0.0,-0.0,0.0,0.3655034189761158,62
0.033277273178100586,2.5543808937072754,0.21663804352283478,0.18480370938777924,4.285326576791704e-05,0.1631745547056198,2.426884412765503,-0.260240375995636,0.7722839117050171,-0.008717327788472154,0.4055096507072449,0.444161057472229,0.4859481751918793,-0.6696892380714417,1.0,59.09416580200195,False,0.0,0.18061773478984833,-0.31541675329208374,0.7724708914756775,0.0,-0.00261586606502533,-0.0012778499722480574,-0.01,-0.013893716037273388,0.11539336713030934,False,False,-0.004323307890444994,-0.0989365774574755,162,False,False,16.700000000001623,-0.26158660650253296,-0.0,0.0,0.0,0.0,0.0,0.0,-0.0,0.7378252387248551,0.0,-0.0,0.0,0.3662967532974022,64
0.06916522979736328,2.368901014328003,0.5943775177001953,0.2719201445579529,2.5476703740423545e-05,0.16586212813854218,2.4017879962921143,-0.2585771381855011,0.772929310798645,-0.023183231055736546,0.8112732768058777,-0.5269447565078735,1.0,-0.1444033682346344,1.0,59.09416580200195,False,0.0,0.18061773478984833,-0.31541675329208374,0.7724708914756775,0.0,-0.004891718626022339,-0.008557969778776153,-0.01,-0.02344968840479849,0.1129945176653564,False,False,-0.009626230224967003,-0.09568421469870875,163,False,False,16.800000000001567,-0.4891718626022339,-0.0,0.0,0.0,0.0,0.0,0.0,-0.0,0.7279891122183533,0.0,-0.0,0.0,0.3591028374831543,64
0.029408931732177734,2.3818070888519287,0.3091782331466675,0.14397549629211426,7.392437692033127e-05,0.16391095519065857,2.40274715423584,-0.2602037191390991,0.7723082900047302,-0.02824851930141447,0.3945441246032715,0.020133253186941147,-0.36235904693603516,0.8332110047340393,-1.0,59.09416580200195,False,0.0,0.18061773478984833,-0.31541675329208374,0.7724708914756775,0.0,-0.0024540376663208007,0.0004376958310604029,-0.01,-0.012016341835260399,0.11184204602614045,False,False,-0.013807647861540318,-0.1198184465329219,164,False,False,16.900000000001512,-0.24540376663208008,-0.0,0.0,0.0,0.0,0.0,0.0,-0.0,0.736226861761618,0.0,-0.0,0.0,0.3656593932144882,64
0.08314251899719238,2.4099180698394775,0.5203763246536255,0.31092968583106995,8.573485683882609e-05,0.1562805473804474,2.7400052547454834,-0.25770094990730286,0.7726180553436279,-0.047495238669216656,0.31487396359443665,-0.024680543690919876,0.24661782383918762,-0.16736309230327606,-1.0,59.09416580200195,False,0.0,0.18061773478984833,-0.31541675329208374,0.7724708914756775,0.0,-0.00047146376222372054,-0.007659744620323206,-0.01,-0.018131208382546928,0.11054421309381723,False,False,-0.012186632491648197,-0.09861542780032967,165,False,False,17.000000000001457,-0.047146376222372055,-0.0,0.0,0.0,0.0,0.0,0.0,-0.0,0.7281892552606297,0.0,-0.0,0.0,0.3636231638680911,64
0.06558895111083984,2.7935409545898438,0.5330979824066162,0.1863221377134323,3.7817055272171274e-05,0.15889135003089905,2.6512339115142822,-0.2578268349170685,0.7726916074752808,-0.01479122057557106,0.1794763207435608,0.5807620882987976,-0.24395929276943207,-0.17083559930324554,1.0,59.09416580200195,False,0.0,0.18061773478984833,-0.31541675329208374,0.7724708914756775,0.0,-0.0011454931646585464,-0.011315825730562223,-0.01,-0.02246131889522077,0.10730674769729376,False,False,-0.019426647573709488,-0.09076316302578402,166,False,False,17.1000000000014,-0.11454931646585464,-0.0,0.0,0.0,0.0,0.0,0.0,-0.0,0.7126843759230135,0.0,-0.0,0.0,0.3551966947968482,63
0.07087588310241699,2.597010612487793,0.2978379726409912,0.26906073093414307,0.0001246022729901597,0.16558168828487396,2.506743907928467,-0.25585606694221497,0.7718653082847595,0.000963562615215784,-0.2126556783914566,0.19586317241191864,0.1228819191455841,0.19213862717151642,-1.0,59.09416580200195,False,0.0,0.18061773478984833,-0.31541675329208374,0.7724708914756775,0.0,-0.0003390051051974297,-0.016993425041437138,-0.01,-0.02733243014663457,0.10794157488271594,False,False,-0.007062292657792568,-0.08861307881126207,167,False,False,17.200000000001346,-0.033900510519742966,-0.0,0.0,0.0,0.0,0.0,0.0,-0.0,0.6855530820250416,0.0,-0.0,0.0,0.3424375359073234,64
0.11399984359741211,2.518807888031006,0.27631324529647827,0.18941405415534973,0.00014674242993351072,0.16729645431041718,2.2777340412139893,-0.2612541913986206,0.7716227173805237,-0.011031275615096103,-0.0006236908375285566,-0.13938501477241516,0.22667430341243744,0.5005293488502502,-1.0,59.09416580200195,False,0.0,0.18061773478984833,-0.31541675329208374,0.7724708914756775,0.0,-0.000803348571062088,-0.006285330653190591,-0.01,-0.017088679224252678,0.1077118543908,False,False,-0.021263860166072845,-0.11226760605113503,168,False,False,17.30000000000129,-0.0803348571062088,-0.0,0.0,0.0,0.0,0.0,0.0,-0.0,0.6797802280307581,0.0,-0.0,0.0,0.339086765444317,63
0.1053154468536377,2.261484146118164,0.22768627107143402,0.22380436956882477,3.317351729492657e-05,0.1646161675453186,2.2574121952056885,-0.2641609311103821,0.7729358673095703,-0.02049492172896862,-0.28626593947410583,-1.0,0.37735316157341003,-0.5367595553398132,-1.0,59.09416580200195,False,0.0,0.18061773478984833,-0.31541675329208374,0.7724708914756775,0.0,-0.003781135976314545,0.008337554931640623,-0.01,-0.005443581044673922,0.10834474209696054,False,False,-0.01463741809129715,-0.10659336862634682,169,False,False,17.400000000001235,-0.37811359763145447,-0.0,0.0,0.0,0.0,0.0,0.0,-0.0,0.7034901812728065,0.0,-0.0,0.0,0.3479639546600887,64
0.00032782554626464844,2.274608612060547,0.5785872936248779,0.15298885107040405,8.304960647365078e-05,0.1617891490459442,2.29784893989563,-0.26543110609054565,0.7723496556282043,-0.006916302144527438,-0.29541727900505066,-0.11870166659355164,0.06076402962207794,-0.8614057898521423,-1.0,59.09416580200195,False,0.0,0.18061773478984833,-0.31541675329208374,0.7724708914756775,0.0,-0.0021176841855049134,0.022324641495943043,-0.01,0.010206957310438131,0.10759929800406098,False,False,-0.017081845551729202,-0.13449892054461784,170,False,False,17.50000000000118,-0.21176841855049133,-0.0,0.0,0.0,0.0,0.0,0.0,-0.0,0.7556964886856553,0.0,-0.0,0.0,0.37573056015732276,63
0.06694793701171875,2.3484959602355957,0.3855462074279785,0.3375275135040283,0.0004249506164342165,0.16329286992549896,2.7601966857910156,-0.2509019672870636,0.7715046405792236,-0.00902009978890422,-0.2875387668609619,0.6463416218757629,-0.4760279655456543,0.16348466277122498,-1.0,59.09416580200195,False,0.0,0.18061773478984833,-0.31541675329208374,0.7724708914756775,0.0,-0.001884414702653885,-0.004336725994944557,-0.01,-0.016221140697598443,0.1079210969619453,False,False,-0.022119920700788498,-0.12095940614155536,171,False,False,17.600000000001124,-0.1884414702653885,-0.0,0.0,0.0,0.0,0.0,0.0,-0.0,0.7545686543521933,0.0,-0.0,0.0,0.3753999124734428,63
0.12984871864318848,2.7622973918914795,0.4203488528728485,0.2810174822807312,0.00016382279864046723,0.16665717959403992,2.2455976009368896,-0.2634279131889343,0.771052360534668,0.007283425927162189,-0.08414784073829651,-0.09360246360301971,1.0,0.15892890095710754,-1.0,59.09416580200195,False,0.0,0.18061773478984833,-0.31541675329208374,0.7724708914756775,0.0,-0.0026027515530586244,-0.014963433444499963,-0.01,-0.027566184997558585,0.1114533650688827,False,False,-0.016563113778829575,-0.1330171721007333,172,False,False,17.70000000000107,-0.2602751553058624,-0.0,0.0,0.0,0.0,0.0,0.0,-0.0,0.7319614843156141,0.0,-0.0,0.0,0.36337799060474846,48
0.1747429370880127,2.2496795654296875,0.14000782370567322,0.1894282102584839,0.00044270395301282406,0.16504889726638794,2.454218864440918,-0.25947099924087524,0.7703589200973511,-0.022170153670012953,0.23543527722358704,0.7603771090507507,-0.7191526889801025,-0.7184701561927795,-1.0,59.09416580200195,False,0.0,0.18061773478984833,-0.31541675329208374,0.7724708914756775,0.0,-0.004167457520961762,-0.010316537916660318,-0.01,-0.02448399543762208,0.11155941803008318,False,False,-0.02308538369834423,-0.12265956263936253,173,False,False,17.800000000001013,-0.41674575209617615,-0.0,0.0,0.0,0.0,0.0,0.0,-0.0,0.71851350752257,0.0,-0.0,0.0,0.35508929624032326,60
0.2578318119049072,2.471889019012451,0.5868667960166931,0.19682589173316956,0.00038835202576592565,0.16393738985061646,2.5815839767456055,-0.2561039328575134,0.771016538143158,-0.021648905500769634,-0.438310444355011,0.7637986540794373,-0.37014850974082947,-0.3381381630897522,-1.0,59.09416580200195,False,0.0,0.18061773478984833,-0.31541675329208374,0.7724708914756775,0.0,-0.0025671297311782837,-0.027332670986652374,-0.01,-0.039899800717830655,0.11008071200922132,False,False,-0.016192516312003136,-0.12219921043993412,174,False,False,17.900000000000958,-0.25671297311782837,-0.0,0.0,0.0,0.0,0.0,0.0,-0.0,0.6705536927236935,0.0,-0.0,0.0,0.33270971663066845,64
0.15668869018554688,2.521900177001953,0.5693336725234985,0.30473726987838745,4.339374936535023e-05,0.16709192097187042,2.414292097091675,-0.257123738527298,0.7730808258056641,-0.025197801515459993,0.3250834345817566,0.6619446873664856,-0.6236634254455566,-0.17686083912849426,1.0,59.09416580200195,False,0.0,0.18061773478984833,-0.31541675329208374,0.7724708914756775,0.0,-0.0024102145433425905,-0.025278947651386274,-0.01,-0.03768916219472886,0.11127450410276651,False,False,-0.020280933007597923,-0.16642816879187028,175,False,False,18.000000000000902,-0.24102145433425903,-0.0,0.0,0.0,0.0,0.0,0.0,-0.0,0.6262583892883158,0.0,-0.0,0.0,0.3107189801008153,10
0.003993511199951172,2.4181151390075684,0.42448243498802185,0.23589330911636353,0.00010321337322238833,0.16788482666015625,2.4216299057006836,-0.25580689311027527,0.7721647620201111,-0.028932534828782067,0.01404479332268238,0.3990715444087982,0.18521472811698914,0.32746464014053345,-1.0,59.09416580200195,False,0.0,0.18061773478984833,-0.31541675329208374,0.7724708914756775,0.0,-0.0007524824142456054,-0.02086085334420207,-0.01,-0.03161333575844767,0.11280672578141093,False,False,-0.01890314556658268,-0.13071753537215694,176,False,False,18.100000000000847,-0.07524824142456055,-0.0,0.0,0.0,0.0,0.0,0.0,-0.0,0.5904410975199406,0.0,-0.0,0.0,0.2944680663457247,63
0.025522708892822266,2.433532953262329,0.12420763820409775,0.20395854115486145,0.00010109136928804219,0.16303014755249023,2.596635103225708,-0.25514522194862366,0.772430956363678,-0.02495436169207097,-0.06389255821704865,-0.14501778781414032,-0.3272615075111389,0.5780580639839172,-1.0,59.09416580200195,False,0.0,0.18061773478984833,-0.31541675329208374,0.7724708914756775,0.0,-0.0011659090965986253,-0.009090058803558343,-0.01,-0.02025596790015697,0.1128535931929946,False,False,-0.01847938448190689,-0.13859337839385785,177,False,False,18.20000000000079,-0.11659090965986252,-0.0,0.0,0.0,0.0,0.0,0.0,-0.0,0.5780414091865445,0.0,-0.0,0.0,0.2878547954966736,64
0.0102996826171875,2.6054189205169678,0.20562410354614258,0.1849970519542694,1.8617076420923695e-05,0.16393762826919556,2.553598642349243,-0.25686416029930115,0.7738461494445801,-0.011506119146943099,0.30971163511276245,-0.6282548308372498,-0.3174903988838196,0.03638305142521858,-1.0,59.09416580200195,False,0.0,0.18061773478984833,-0.31541675329208374,0.7724708914756775,0.0,-0.0014818733930587768,0.005036240816116311,-0.01,-0.006445632576942466,0.11138755129650235,False,False,-0.020761050283908844,-0.1371650001161206,178,False,False,18.300000000000736,-0.14818733930587769,-0.0,0.0,0.0,0.0,0.0,0.0,-0.0,0.5940544675373256,0.0,-0.0,0.0,0.295545360375604,60
0.10623931884765625,2.5527095794677734,0.3042365312576294,0.4073442816734314,9.299098019255325e-05,0.18181893229484558,2.3410325050354004,-0.2466503083705902,0.7727342247962952,0.0330254226922989,0.3227646052837372,0.13433592021465302,-1.0,-0.09519181400537491,-1.0,59.09416580200195,False,0.0,0.18061773478984833,-0.31541675329208374,0.7724708914756775,0.0,-0.002828211486339569,0.00641736134886739,-0.01,-0.0064108501374721795,0.11545774387195706,False,False,-0.017640044912695885,-0.12039238186244196,179,False,False,18.40000000000068,-0.2828211486339569,-0.0,0.0,0.0,0.0,0.0,0.0,-0.0,0.6130193641683628,0.0,-0.0,0.0,0.30368147059784184,58
0.0030815601348876953,2.244553565979004,0.2325892448425293,0.35997089743614197,2.4547714929212816e-05,0.1656557023525238,2.589456796646118,-0.2538914680480957,0.7736672759056091,-0.05994674764573577,-0.04142944514751434,-0.12441734969615936,0.050906624644994736,0.36794593930244446,-1.0,59.09416580200195,False,0.0,0.18061773478984833,-0.31541675329208374,0.7724708914756775,0.0,-0.00038792945444583894,-0.005241112709045426,-0.01,-0.015629042163491265,0.11302836518734694,False,False,-0.023547695949673653,-0.1409816065509505,180,False,False,18.500000000000625,-0.03879294544458389,-0.0,0.0,0.0,0.0,0.0,0.0,-0.0,0.6086233941089079,0.0,-0.0,0.0,0.3039237676000081,61
0.10000467300415039,2.569667339324951,0.24817238748073578,0.3056356906890869,2.5091041607083753e-05,0.17075614631175995,2.425882339477539,-0.253915935754776,0.7738849520683289,-0.0029600583016872453,-0.1087837666273117,-0.2634725868701935,0.325579971075058,-0.7989254593849182,-1.0,59.09416580200195,False,0.0,0.18061773478984833,-0.31541675329208374,0.7724708914756775,0.0,-0.0020638397336006165,0.0015557034313678497,-0.01,-0.010508136302232768,0.11198675585910678,False,False,-0.017193375155329704,-0.11438484135654989,181,False,False,18.60000000000057,-0.20638397336006165,-0.0,0.0,0.0,0.0,0.0,0.0,-0.0,0.6179139168083088,0.0,-0.0,0.0,0.30689311867055374,64
0.1057744026184082,2.4769582748413086,0.40540844202041626,0.3097911775112152,2.8416163331712596e-05,0.1634308099746704,2.5823121070861816,-0.25660964846611023,0.773946225643158,-0.02228526733815673,-0.6158981323242188,-0.10174953937530518,-0.23808009922504425,-0.8870842456817627,1.0,59.09416580200195,False,0.0,0.18061773478984833,-0.31541675329208374,0.7724708914756775,0.0,-0.003083209991455078,0.0038683111965656103,-0.01,-0.009214898794889468,0.112603098154068,False,False,-0.01619025506079197,-0.12895555357271637,182,False,False,18.700000000000514,-0.3083209991455078,-0.0,0.0,0.0,0.0,0.0,0.0,-0.0,0.6319701963367292,0.0,-0.0,0.0,0.31290188817690956,63
0.0989377498626709,2.4733245372772217,0.7704774141311646,0.24023427069187164,7.043633377179503e-05,0.16930511593818665,2.5184199810028076,-0.25154441595077515,0.7728385329246521,0.0008401321247220265,1.0,-0.23538897931575775,-0.4114437401294708,-0.6471863389015198,-1.0,59.09416580200195,False,0.0,0.18061773478984833,-0.31541675329208374,0.7724708914756775,0.0,-0.004108860492706299,0.0007170726358890489,-0.01,-0.013391787856817251,0.11129683302715421,False,False,-0.019350387156009674,-0.11150684074910605,183,False,False,18.80000000000046,-0.4108860492706299,-0.0,0.0,0.0,0.0,0.0,0.0,-0.0,0.6398023745080473,0.0,-0.0,0.0,0.31579232676131735,62
0.013333559036254883,2.520597457885742,0.486794114112854,0.28074732422828674,3.317459413665347e-05,0.1648675501346588,2.5359654426574707,-0.25617748498916626,0.7735604047775269,-0.039824246615171456,-0.1866718977689743,-0.5712601542472839,-0.3419142961502075,-0.4413835406303406,-1.0,59.09416580200195,False,0.0,0.18061773478984833,-0.31541675329208374,0.7724708914756775,0.0,-0.0016822734475135804,-0.00270161390304563,-0.01,-0.014383887350559212,0.11181852594017982,False,False,-0.009850463829934597,-0.12704150349116894,184,False,False,18.900000000000404,-0.16822734475135803,-0.0,0.0,0.0,0.0,0.0,0.0,-0.0,0.6408072196495214,0.0,-0.0,0.0,0.3187213363772471,44
0.09590983390808105,2.4963223934173584,0.2862657308578491,0.26961201429367065,0.00017376683535985649,0.16959643363952637,2.4640417098999023,-0.2533196210861206,0.7716680765151978,0.00458624757826329,-0.4738908112049103,-0.1250046342611313,-0.3611108362674713,0.46466344594955444,-1.0,59.09416580200195,False,0.0,0.18061773478984833,-0.31541675329208374,0.7724708914756775,0.0,-0.0014662794768810273,0.00278759345412255,-0.01,-0.008678686022758477,0.11358731193467975,False,False,-0.004045537672936916,-0.11642221626677221,185,False,False,19.000000000000348,-0.14662794768810272,-0.0,0.0,0.0,0.0,0.0,0.0,-0.0,0.6529115718020738,0.0,-0.0,0.0,0.32498950642415586,55
0.10660886764526367,2.417599678039551,0.5347857475280762,0.17258062958717346,4.466756945475936e-05,0.1614300161600113,2.6287147998809814,-0.2557668089866638,0.7724946737289429,-0.015953927226364607,0.4286356270313263,0.21793541312217712,0.02549845539033413,0.3430251479148865,-1.0,59.09416580200195,False,0.0,0.18061773478984833,-0.31541675329208374,0.7724708914756775,0.0,-0.0008738519251346588,0.008592777401208895,-0.01,-0.002281074523925764,0.11303499713540077,False,False,-0.01705496571958065,-0.1584052806759764,186,False,False,19.100000000000293,-0.08738519251346588,-0.0,0.0,0.0,0.0,0.0,0.0,-0.0,0.6768657279419504,0.0,-0.0,0.0,0.33755901204584055,60
0.03331303596496582,2.5990257263183594,0.2563968300819397,0.21678268909454346,0.00013516188482753932,0.1712522953748703,2.4493584632873535,-0.25257954001426697,0.7711927890777588,0.00724775277078153,-0.28026917576789856,0.5179649591445923,0.47729384899139404,0.6936143040657043,-1.0,59.09416580200195,False,0.0,0.18061773478984833,-0.31541675329208374,0.7724708914756775,0.0,-0.0026393717527389525,-0.011545439362525944,-0.01,-0.024184811115264895,0.11421614978462458,False,False,-0.010531976819038391,-0.11455818547287663,187,False,False,19.200000000000237,-0.26393717527389526,-0.0,0.0,0.0,0.0,0.0,0.0,-0.0,0.6603786642169754,0.0,-0.0,0.0,0.3275499603557488,63
0.12933015823364258,2.4334237575531006,0.4321580231189728,0.26662367582321167,2.427066647214815e-05,0.16486358642578125,2.5333786010742188,-0.2554747760295868,0.7727761268615723,-0.047627286463975925,1.0,-0.168182373046875,0.04057880863547325,0.8472905158996582,-1.0,59.09416580200195,False,0.0,0.18061773478984833,-0.31541675329208374,0.7724708914756775,0.0,-0.0043695828318595885,-0.01191475898027422,-0.01,-0.026284341812133807,0.11218198528513312,False,False,-0.024855706840753555,-0.12831356113306827,188,False,False,19.300000000000182,-0.43695828318595886,-0.0,0.0,0.0,0.0,0.0,0.0,-0.0,0.6429789020409395,0.0,-0.0,0.0,0.3171198681886102,58
0.018990039825439453,2.5699193477630615,0.5207285284996033,0.176119863986969,2.853467049135361e-05,0.16672860085964203,2.504127264022827,-0.2544141113758087,0.7727029323577881,-0.026000789180398012,-0.31073856353759766,-0.765846312046051,-0.00598204554989934,-0.9814936518669128,1.0,59.09416580200195,False,0.0,0.18061773478984833,-0.31541675329208374,0.7724708914756775,0.0,-0.004116111397743225,0.003254837393760701,-0.01,-0.010861274003982523,0.10839426191523671,False,False,-0.011700774542987347,-0.1130945102143065,189,False,False,19.400000000000126,-0.4116111397743225,-0.0,0.0,0.0,0.0,0.0,0.0,-0.0,0.6560490966386909,0.0,-0.0,0.0,0.32390843692160226,63
0.0035047531127929688,2.5033042430877686,0.40629705786705017,0.28110215067863464,2.916367884608917e-05,0.15841414034366608,2.6080498695373535,-0.2599043846130371,0.7729964256286621,-0.021211904585361485,-0.30287837982177734,0.3629254102706909,-0.7344207763671875,-0.5954907536506653,-1.0,59.09416580200195,False,0.0,0.18061773478984833,-0.31541675329208374,0.7724708914756775,0.0,-0.0027935832738876345,0.011023851633071902,-0.01,-0.0017697316408157322,0.10894859582185745,False,False,-0.014544655568897724,-0.1361642552808898,190,False,False,19.50000000000007,-0.2793583273887634,-0.0,0.0,0.0,0.0,0.0,0.0,-0.0,0.6849462874118285,0.0,-0.0,0.0,0.33967956043202663,64
0.016766786575317383,2.5238893032073975,0.3832682967185974,0.23859287798404694,4.565736890072003e-05,0.17338518798351288,2.346297264099121,-0.2525256872177124,0.7722055912017822,0.019951877146959278,0.8202447891235352,0.04552921652793884,0.4091116487979889,-0.006335524842143059,-1.0,59.09416580200195,False,0.0,0.18061773478984833,-0.31541675329208374,0.7724708914756775,0.0,-0.0021057172119617463,-0.009844321161508574,-0.01,-0.021950038373470322,0.10836536204442382,False,False,-0.01757846213877201,-0.12763163991148008,191,False,False,19.600000000000016,-0.21057172119617462,-0.0,0.0,0.0,0.0,0.0,0.0,-0.0,0.6719774043956495,0.0,-0.0,0.0,0.333882984985863,64
0.07702112197875977,2.3576204776763916,0.5060842037200928,0.19816812872886658,3.183535227435641e-05,0.16785220801830292,2.3919076919555664,-0.2572951018810272,0.7733409404754639,-0.045380365774035446,-0.3478136360645294,0.3260226547718048,-0.2649534046649933,-0.34174954891204834,-1.0,59.09416580200195,False,0.0,0.18061773478984833,-0.31541675329208374,0.7724708914756775,0.0,-0.001035645455121994,-0.010459344387054426,-0.01,-0.021494989842176418,0.1092431703582406,False,False,-0.014579334296286106,-0.134143611088589,192,False,False,19.69999999999996,-0.1035645455121994,-0.0,0.0,0.0,0.0,0.0,0.0,-0.0,0.657635089191534,0.0,-0.0,0.0,0.32778189914064504,45
0.05519390106201172,2.3383140563964844,0.42215535044670105,0.2724502682685852,7.976742926985025e-05,0.17516735196113586,2.1500165462493896,-0.25719770789146423,0.7716398239135742,-0.009643381200730805,0.5320315361022949,0.46992790699005127,0.1106046661734581,-0.32631251215934753,-1.0,59.09416580200195,False,0.0,0.18061773478984833,-0.31541675329208374,0.7724708914756775,0.0,-0.0015565076470375062,-0.014327607303857792,-0.01,-0.0258841149508953,0.1152115291915834,False,False,-0.016159284859895706,-0.12358437855665438,193,False,False,19.799999999999905,-0.1556507647037506,-0.0,0.0,0.0,0.0,0.0,0.0,-0.0,0.6353332145107917,0.0,-0.0,0.0,0.31611009960835834,64
0.11303424835205078,2.179027557373047,0.49849599599838257,0.3051873445510864,5.833525210618973e-05,0.1705666184425354,2.3558671474456787,-0.25482600927352905,0.7724367380142212,-0.03565544318407777,0.19098228216171265,-0.2479824423789978,0.23634076118469238,0.01764463633298874,-1.0,59.09416580200195,False,0.0,0.18061773478984833,-0.31541675329208374,0.7724708914756775,0.0,-0.0003853445127606392,-0.013163266479969016,-0.01,-0.023548610992729653,0.11104307183995843,False,False,-0.01627826690673828,-0.12945884480002873,194,False,False,19.89999999999985,-0.03853445127606392,-0.0,0.0,0.0,0.0,0.0,0.0,-0.0,0.6151581843255307,0.0,-0.0,0.0,0.30719374765000473,63
0.04026293754577637,2.3578524589538574,0.24144451320171356,0.1848050057888031,3.738429586519487e-05,0.16718246042728424,2.282353401184082,-0.2608802616596222,0.7729697227478027,-0.0367261154204607,0.6232137680053711,0.011689839884638786,-0.7305833101272583,0.1926795244216919,-1.0,59.09416580200195,False,0.0,0.18061773478984833,-0.31541675329208374,0.7724708914756775,0.0,-0.0023985235393047333,-0.001157849580049497,-0.01,-0.013556373119354231,0.10704977996647358,False,False,-0.019599739462137222,-0.12229564684185681,195,False,False,19.999999999999794,-0.23985235393047333,-0.0,0.0,0.0,0.0,0.0,0.0,-0.0,0.6190328310253475,0.0,-0.0,0.0,0.307117891973369,64
0.004851818084716797,2.2789289951324463,0.39618709683418274,0.31562554836273193,6.975898577366024e-05,0.16092531383037567,2.416398286819458,-0.2626745104789734,0.7724136114120483,-0.037904667071998105,-0.0812872126698494,0.20398971438407898,-0.3910497725009918,0.1423843950033188,-1.0,59.09416580200195,False,0.0,0.18061773478984833,-0.31541675329208374,0.7724708914756775,0.0,-0.0005535316094756127,-0.007707084715366352,-0.01,-0.018260616324841966,0.11089332681149244,False,False,-0.009930025786161423,-0.10488416012208983,196,False,False,20.09999999999974,-0.055353160947561264,-0.0,0.0,0.0,0.0,0.0,0.0,-0.0,0.6097158680387971,0.0,-0.0,0.0,0.3043044024099229,64
0.006288290023803711,2.4093947410583496,0.15326589345932007,0.2256472110748291,0.00017815083265304565,0.16900081932544708,2.293712854385376,-0.25960224866867065,0.7710909247398376,0.006697231009602551,-0.1389651596546173,-0.08704746514558792,-0.30045217275619507,0.14876635372638702,-1.0,59.09416580200195,False,0.0,0.18061773478984833,-0.31541675329208374,0.7724708914756775,0.0,-0.0003482288122177124,-0.005142720788717248,-0.01,-0.01549094960093496,0.11349219083786011,False,False,-0.014186243526637554,-0.11648530165905821,197,False,False,20.199999999999683,-0.03482288122177124,-0.0,0.0,0.0,0.0,0.0,0.0,-0.0,0.6054852710007335,0.0,-0.0,0.0,0.30239440668814904,64
0.16546249389648438,2.2891364097595215,0.15523037314414978,0.2587290108203888,0.00010394922719569877,0.16914917528629303,2.4517645835876465,-0.2544292211532593,0.7713740468025208,-0.0011081546545028981,-0.3857777714729309,0.24023126065731049,0.1630992740392685,0.27440735697746277,-1.0,59.09416580200195,False,0.0,0.18061773478984833,-0.31541675329208374,0.7724708914756775,0.0,-0.0007710908353328705,-0.001966673135757435,-0.01,-0.012737763971090306,0.11535352887585759,False,False,-0.016233017668128014,-0.12608030468514125,198,False,False,20.299999999999628,-0.07710908353328705,-0.0,0.0,0.0,0.0,0.0,0.0,-0.0,0.6076282293415678,0.0,-0.0,0.0,0.303043023835451,63
0.11563301086425781,2.4236743450164795,0.20872503519058228,0.288867712020874,4.9546237278264016e-05,0.1739744246006012,1.976527214050293,-0.26390019059181213,0.7713349461555481,-0.02038684561848643,0.00745213171467185,-0.010241805575788021,0.9520431160926819,0.1072753369808197,-1.0,59.09416580200195,False,0.0,0.18061773478984833,-0.31541675329208374,0.7724708914756775,0.0,-0.0022951363027095793,-0.00562770396471024,-0.01,-0.017922840267419818,0.1079201907850802,False,False,-0.020513109862804413,-0.1467618285484322,199,False,False,20.399999999999572,-0.22951363027095795,-0.0,0.0,0.0,0.0,0.0,0.0,-0.0,0.6023968115020023,0.0,-0.0,0.0,0.2989032694482916,48
0.13883113861083984,2.036015033721924,0.37724822759628296,0.530627965927124,5.357914051273838e-05,0.1650686115026474,2.398876190185547,-0.2596769332885742,0.77179354429245,-0.02847646899521352,0.401389479637146,-0.01911085844039917,-1.0,-0.7227591276168823,1.0,59.09416580200195,False,0.0,0.18061773478984833,-0.31541675329208374,0.7724708914756775,0.0,-0.004209648966789246,-0.003430679440498352,-0.01,-0.017640328407287596,0.11165898898616433,False,False,-0.022493645548820496,-0.15812636369878547,200,False,False,20.499999999999517,-0.42096489667892456,-0.0,0.0,0.0,0.0,0.0,0.0,-0.0,0.601550930699285,0.0,-0.0,0.0,0.29656581638285323,4
0.10356307029724121,2.3898377418518066,0.22786855697631836,0.28260666131973267,0.00019972343579865992,0.16789831221103668,2.26629376411438,-0.26235541701316833,0.7702628374099731,-0.012850995510816598,-1.0,-0.2396707981824875,-0.6857830286026001,-0.7892935872077942,-1.0,59.09416580200195,False,0.0,0.18061773478984833,-0.31541675329208374,0.7724708914756775,0.0,-0.005376811623573304,-0.0006699225306510681,-0.01,-0.016046734154224373,0.11163018783554435,False,False,-0.00976455770432949,-0.1159526802077421,201,False,False,20.59999999999946,-0.5376811623573303,-0.0,0.0,0.0,0.0,0.0,0.0,-0.0,0.6062738332577136,0.0,-0.0,0.0,0.2977601050052835,60
0.26094913482666016,2.2478888034820557,0.5715569257736206,0.27938777208328247,5.678832167177461e-05,0.15975868701934814,2.4594480991363525,-0.2635393738746643,0.771423876285553,-0.024507026970386488,0.7790415287017822,0.027961954474449158,-0.3921201825141907,-0.8256885409355164,-1.0,59.09416580200195,False,0.0,0.18061773478984833,-0.31541675329208374,0.7724708914756775,0.0,-0.003608018755912781,0.0025258983671664903,-0.01,-0.011082120388746291,0.10707336803898215,False,False,-0.021201837807893753,-0.15887525567584138,202,False,False,20.699999999999406,-0.3608018755912781,-0.0,0.0,0.0,0.0,0.0,0.0,-0.0,0.6175005613717608,0.0,-0.0,0.0,0.30514226192996763,64
0.13333559036254883,2.4385764598846436,0.45984336733818054,0.25064489245414734,0.0002106368774548173,0.16523343324661255,2.4561359882354736,-0.25988954305648804,0.7696983218193054,-0.015192145183682448,0.020507825538516045,0.6317427754402161,-0.5629279613494873,-0.07306491583585739,-1.0,59.09416580200195,False,0.0,0.18061773478984833,-0.31541675329208374,0.7724708914756775,0.0,-0.0018043646216392517,-0.012984469532966614,-0.01,-0.024788834154605865,0.12021496100351214,False,False,-0.01422708947211504,-0.11247300562229028,203,False,False,20.79999999999935,-0.18043646216392517,-0.0,0.0,0.0,0.0,0.0,0.0,-0.0,0.5975066900934072,0.0,-0.0,0.0,0.29694898042506435,64
0.27567148208618164,2.423367738723755,0.308932363986969,0.20092009007930756,0.00030124239856377244,0.1683695912361145,2.3926680088043213,-0.2587401568889618,0.7696155905723572,-0.015225867307744936,-0.037028055638074875,0.008589724078774452,0.15240433812141418,0.0073275757022202015,1.0,59.09416580200195,False,0.0,0.18061773478984833,-0.31541675329208374,0.7724708914756775,0.0,-6.181409116834402e-05,-0.012724513113498703,-0.01,-0.02278632720466705,0.10881830099970102,False,False,-0.015647299587726593,-0.13498922298831498,204,False,False,20.899999999999295,-0.006181409116834402,-0.0,0.0,0.0,0.0,0.0,0.0,-0.0,0.5778360555709561,0.0,-0.0,0.0,0.2888562136943097,64
0.27576684951782227,2.387760639190674,0.08395612239837646,0.18326567113399506,0.00025743438163772225,0.16980423033237457,2.2839882373809814,-0.2606557309627533,0.7695257663726807,-0.014929584907367847,-0.06898593157529831,-0.05340712144970894,-0.05631696432828903,-0.15112894773483276,1.0,59.09416580200195,False,0.0,0.18061773478984833,-0.31541675329208374,0.7724708914756775,0.0,-8.405734784901142e-05,-0.0037268370389938466,-0.01,-0.013810894386842859,0.10775686986744404,False,False,-0.016726551577448845,-0.1229118722106211,205,False,False,20.99999999999924,-0.008405734784901142,-0.0,0.0,0.0,0.0,0.0,0.0,-0.0,0.5761438211142391,0.0,-0.0,0.0,0.28798785320927056,64
0.3090500831604004,2.3326456546783447,0.1641506850719452,0.29958969354629517,0.00018050945072900504,0.1648011952638626,2.569218635559082,-0.25593218207359314,0.7706954479217529,-0.010974149778485305,-0.671452522277832,-0.2616173326969147,-0.791594922542572,-0.3324340581893921,1.0,59.09416580200195,False,0.0,0.18061773478984833,-0.31541675329208374,0.7724708914756775,0.0,-0.003141067624092102,0.0005670940876006947,-0.01,-0.012573973536491407,0.10640894714742899,False,False,-0.015409192070364952,-0.12503499327258144,206,False,False,21.099999999999184,-0.3141067624092102,-0.0,0.0,0.0,0.0,0.0,0.0,-0.0,0.5831090642495104,0.0,-0.0,0.0,0.2884134645006631,64
0.17406940460205078,2.5842299461364746,0.4030058681964874,0.2121179699897766,0.0003025182231795043,0.167741060256958,2.3741865158081055,-0.26007071137428284,0.7694680094718933,-0.008981012403965018,0.38561004400253296,-0.8033580780029297,1.0,-0.03367369994521141,-1.0,59.09416580200195,False,0.0,0.18061773478984833,-0.31541675329208374,0.7724708914756775,0.0,-0.004488033056259155,0.005032705962657924,-0.01,-0.00945532709360123,0.11373545601963997,False,False,-0.01739879511296749,-0.13245302883314938,207,False,False,21.19999999999913,-0.4488033056259155,-0.0,0.0,0.0,0.0,0.0,0.0,-0.0,0.5991661694933205,0.0,-0.0,0.0,0.29509505169040107,64
0.3168642520904541,2.432281255722046,0.41697821021080017,0.2721879482269287,0.0003105551586486399,0.15727704763412476,2.745389461517334,-0.2593483328819275,0.7695183157920837,-0.022574100494384755,0.019264889881014824,-0.05291961878538132,-0.13497702777385712,0.7782756090164185,-1.0,59.09416580200195,False,0.0,0.18061773478984833,-0.31541675329208374,0.7724708914756775,0.0,-0.001567758470773697,0.011378132402896868,-0.01,-0.0001896260678768292,0.11512922123074532,False,False,-0.018211601302027702,-0.11024382238692293,208,False,False,21.299999999999073,-0.1567758470773697,-0.0,0.0,0.0,0.0,0.0,0.0,-0.0,0.6282044674478497,0.0,-0.0,0.0,0.3125344752531512,63
0.3089725971221924,2.747542142868042,0.5230814218521118,0.21716773509979248,0.00021562824258580804,0.15680751204490662,2.7919278144836426,-0.2579127550125122,0.7700272798538208,-0.007423394769430185,-0.2120005190372467,0.5220431685447693,-0.19571807980537415,-0.48495662212371826,-1.0,59.09416580200195,False,0.0,0.18061773478984833,-0.31541675329208374,0.7724708914756775,0.0,-0.001477404534816742,0.002386091500520715,-0.01,-0.009091313034296028,0.11991803999990225,False,False,-0.018546419218182564,-0.10391831013570298,209,False,False,21.399999999999018,-0.1477404534816742,-0.0,0.0,0.0,0.0,0.0,0.0,-0.0,0.6393704069413444,0.0,-0.0,0.0,0.31820779893585543,64
0.21010041236877441,2.740312099456787,0.38598525524139404,0.2674650549888611,0.00014267870574258268,0.1637783795595169,2.5607080459594727,-0.2580840587615967,0.7698217034339905,-0.003348336517810831,0.35148781538009644,-0.676785409450531,-0.190076544880867,0.6102918386459351,1.0,59.09416580200195,False,0.0,0.18061773478984833,-0.31541675329208374,0.7724708914756775,0.0,-0.002475418597459793,-0.006040623933076861,-0.01,-0.018516042530536653,0.11074492894113064,False,False,-0.009294625371694565,-0.1419280100009791,210,False,False,21.499999999998963,-0.2475418597459793,-0.0,0.0,0.0,0.0,0.0,0.0,-0.0,0.6336254010672729,0.0,-0.0,0.0,0.31433728193617666,50
0.6192445755004883,2.8251051902770996,0.3342553973197937,0.3461982011795044,0.0001258624397451058,0.16285651922225952,2.7591028213500977,-0.2605378031730652,0.7699269652366638,-0.019470814913511277,-0.008339512161910534,-0.42888179421424866,-0.16472037136554718,1.0,1.0,59.521820068359375,False,0.3618180751800537,0.18021732568740845,-0.31978797912597656,0.776089072227478,0.0,-0.003027854561805725,0.0025933544337749526,-0.01,-0.010434500128030773,0.11100064590573311,False,False,-0.009753994643688202,-0.10017745480992453,211,False,False,21.599999999998907,-0.3027854561805725,-0.0,0.0,0.0,0.0,0.0,0.0,-0.0,0.645264830419296,0.0,-0.0,0.0,0.3196045606478423,44
0.28617382049560547,2.604602813720703,0.15358975529670715,0.23958511650562286,0.0001678483677096665,0.16122451424598694,2.539782762527466,-0.2624042332172394,0.7701628804206848,-0.025674654617905614,-0.01777588576078415,0.0007863748469389975,0.5251092910766602,0.3016369938850403,-1.0,59.13539123535156,False,-0.026434659957885742,0.1821599304676056,-0.315618634223938,0.7722065448760986,0.0,-0.000917603075504303,0.011279745101928695,-0.01,0.0003621420264243915,0.1121632237918675,False,False,-0.023995859548449516,-0.11134843185685554,212,False,False,21.69999999999885,-0.0917603075504303,-0.0,0.0,0.0,0.0,0.0,0.0,-0.0,0.6745699587601477,0.0,-0.0,0.0,0.33636737630456953,48
0.24237632751464844,2.573397636413574,0.5875309705734253,0.2898663282394409,2.4875849703676067e-05,0.1612752079963684,2.393822431564331,-0.2657616138458252,0.7714346647262573,-0.02143381528556347,0.428505539894104,-0.518111526966095,-0.405020534992218,-0.13834825158119202,-1.0,59.141876220703125,False,-0.00011920928955078125,0.18212784826755524,-0.3156886100769043,0.772469699382782,0.0,-0.001588096022605896,-7.769167423249401e-05,-0.01,-0.01166578769683839,0.11016004905104637,False,False,-0.026998717337846756,-0.10296652150273497,213,False,False,21.799999999998796,-0.1588096022605896,-0.0,0.0,0.0,0.0,0.0,0.0,-0.0,0.6812267999268724,0.0,-0.0,0.0,0.3390253039408303,63
0.18230676651000977,2.454829216003418,0.19697298109531403,0.2892235815525055,0.00010426024527987465,0.15989957749843597,2.510327100753784,-0.2649635970592499,0.7701144814491272,-0.012670841515064268,-0.754461407661438,-0.36579930782318115,0.4067663550376892,-0.1794191151857376,-1.0,59.14189910888672,False,0.0,0.18212775886058807,-0.315688818693161,0.7724708914756775,0.0,-0.0022516781091690063,0.010192470997571923,-0.01,-0.0020592071115970844,0.1108049233444035,False,False,-0.011360924690961838,-0.11582439576492484,214,False,False,21.89999999999874,-0.22516781091690063,-0.0,0.0,0.0,0.0,0.0,0.0,-0.0,0.7086987978094401,0.0,-0.0,0.0,0.3520977207955511,64
0.2520561218261719,2.4940028190612793,0.7255578637123108,0.32793372869491577,6.47251436021179e-05,0.16523027420043945,2.243239164352417,-0.26721620559692383,0.7705438137054443,0.013010009452700618,0.05307718366384506,-0.16940012574195862,-0.5106660723686218,-0.5675122141838074,-1.0,59.14189910888672,False,0.0,0.18212775886058807,-0.315688818693161,0.7724708914756775,0.0,-0.001535908877849579,0.010501142591238022,-0.01,-0.0010347662866115569,0.1108626052737236,False,False,-0.027439992874860764,-0.12355182734995877,215,False,False,21.999999999998685,-0.15359088778495789,-0.0,0.0,0.0,0.0,0.0,0.0,-0.0,0.737071898881251,0.0,-0.0,0.0,0.3670000405627759,64
0.19488930702209473,2.2428622245788574,0.34223347902297974,0.3031489849090576,0.00018887559417635202,0.1601787954568863,2.5616750717163086,-0.26308512687683105,0.7696735858917236,-0.01718157142400741,-0.24312061071395874,-0.6072183847427368,-0.07547443360090256,-0.6838412880897522,-1.0,59.144561767578125,False,-0.045049190521240234,0.18203917145729065,-0.31572818756103516,0.7720203995704651,0.0,-0.002252892851829529,0.008517589718103402,-0.01,-0.003735303133726127,0.1096413116902113,False,False,-0.014511321671307087,-0.1107148923812534,216,False,False,22.09999999999863,-0.22528928518295288,-0.0,0.0,0.0,0.0,0.0,0.0,-0.0,0.7617242359354013,0.0,-0.0,0.0,0.37860922511587114,54
0.17471909523010254,2.612334966659546,0.34985941648483276,0.24641220271587372,4.8846508434507996e-05,0.16419768333435059,2.279094696044922,-0.2660168409347534,0.7713038921356201,-0.01101907718926666,0.2855027914047241,0.16275152564048767,-0.40380263328552246,-1.0,1.0,59.18532180786133,False,-0.08875131607055664,0.1821891963481903,-0.31611868739128113,0.7715833783149719,0.0,-0.0031776413321495055,-0.0012565950304269657,-0.01,-0.014434236362576472,0.11177618056535721,False,False,-0.017206870019435883,-0.12588807020854964,217,False,False,22.199999999998575,-0.31776413321495056,-0.0,0.0,0.0,0.0,0.0,0.0,-0.0,0.766879878134777,0.0,-0.0,0.0,0.380262297735239,50
0.08994936943054199,2.300504684448242,0.38649243116378784,0.28360533714294434,5.8796624216483906e-05,0.15805833041667938,2.4679317474365234,-0.2669752836227417,0.7714524269104004,-0.043840260431170494,0.47322458028793335,0.058139000087976456,0.32934635877609253,-1.0,-1.0,59.22553634643555,False,-0.06020069122314453,0.18212074041366577,-0.3165343701839447,0.771868884563446,0.0,-0.0033394765853881837,-0.010731818228960022,-0.01,-0.024071294814348207,0.10600005928426981,False,False,-0.016401425004005432,-0.1315373793227501,218,False,False,22.29999999999852,-0.33394765853881836,-0.0,0.0,0.0,0.0,0.0,0.0,-0.0,0.7529456420993802,0.0,-0.0,0.0,0.3731333444643019,51
0.1527726650238037,2.5013928413391113,0.19638687372207642,0.32871559262275696,0.0003022582095582038,0.1624573916196823,2.4529671669006348,-0.26472708582878113,0.7698425054550171,-0.007543031945824639,-0.08379853516817093,0.460703581571579,-0.013148179277777672,-0.10155027359724045,-1.0,59.20844650268555,False,0.018405914306640625,0.1815146803855896,-0.31644636392593384,0.7726549506187439,0.0,-0.0005743882805109024,-0.009950097948312753,-0.01,-0.020524486228823656,0.10563114518299699,False,False,-0.01574699766933918,-0.10723544729382065,219,False,False,22.399999999998464,-0.05743882805109024,-0.0,0.0,0.0,0.0,0.0,0.0,-0.0,0.7404499853934987,0.0,-0.0,0.0,0.3696506044162384,64
0.292360782623291,2.4564528465270996,0.253567099571228,0.2562306821346283,0.00010985655535478145,0.15873835980892181,2.5100698471069336,-0.2661744952201843,0.7702864408493042,-0.02397389598190787,0.2927044928073883,0.4384787976741791,0.24835816025733948,-0.6355346441268921,-1.0,59.18620681762695,False,0.0005781650543212891,0.18184955418109894,-0.3161751627922058,0.7724766731262207,0.0,-0.001858814060688019,-0.004564011245965949,-0.01,-0.016422825306653968,0.10582771291956306,False,False,-0.008854329586029053,-0.11127653211928457,220,False,False,22.49999999999841,-0.18588140606880188,-0.0,0.0,0.0,0.0,0.0,0.0,-0.0,0.7387089558533249,0.0,-0.0,0.0,0.36749566386597443,56
0.24176239967346191,2.5545248985290527,0.24143804609775543,0.2149237096309662,0.00010233565990347415,0.15891651809215546,2.4671926498413086,-0.26730597019195557,0.7701953649520874,-0.016647590249776825,-0.28355228900909424,0.1007935181260109,-0.7851623296737671,-0.6037030220031738,-1.0,59.181846618652344,False,-1.1920928955078125e-05,0.18182876706123352,-0.31613409519195557,0.7724707722663879,0.0,-0.002678745985031128,-0.005999158471822752,-0.01,-0.01867790445685388,0.11820126697421074,False,False,-0.018067041411995888,-0.09558272588517777,221,False,False,22.599999999998353,-0.2678745985031128,-0.0,0.0,0.0,0.0,0.0,0.0,-0.0,0.7340511358893553,0.0,-0.0,0.0,0.3643468219596465,64
0.21620988845825195,2.484333038330078,0.22448797523975372,0.2007571905851364,7.808422378730029e-05,0.16186437010765076,2.277806282043457,-0.2702329158782959,0.7700021862983704,-0.012378124296665191,0.8245505690574646,0.1747322380542755,0.007706455886363983,-0.6543738842010498,1.0,59.181846618652344,False,0.0,0.18182870745658875,-0.3161340653896332,0.7724708914756775,0.0,-0.002846698760986328,-0.007496240735054005,-0.01,-0.02034293949604033,0.11749276937916875,False,False,-0.00907016173005104,-0.10252179461150546,222,False,False,22.699999999998298,-0.2846698760986328,-0.0,0.0,0.0,0.0,0.0,0.0,-0.0,0.7263218980471216,0.0,-0.0,0.0,0.36031425026257446,64
0.24008750915527344,2.316542863845825,0.3593370318412781,0.3592666685581207,0.0001783918560249731,0.16144728660583496,2.137176752090454,-0.2747822701931,0.770099401473999,-0.022260301411151893,0.5632696747779846,0.3191709518432617,-0.5408231616020203,0.15087996423244476,-1.0,59.192420959472656,False,-0.01652836799621582,0.18190903961658478,-0.31622961163520813,0.7723056077957153,0.0,-0.001835993230342865,-0.004575688242912268,-0.01,-0.016411681473255134,0.12227321090176702,False,False,-0.009805349633097649,-0.09498721624270774,223,False,False,22.799999999998242,-0.1835993230342865,-0.0,0.0,0.0,0.0,0.0,0.0,-0.0,0.7244147345902665,0.0,-0.0,0.0,0.36037137406479036,64
0.3082692623138428,2.250767230987549,0.9682868719100952,0.2786881923675537,0.0003683950053527951,0.16329210996627808,2.4587631225585938,-0.264437198638916,0.7688822150230408,-0.030950372368097327,-0.003966717980802059,0.5611538290977478,-0.4135536253452301,0.8294435143470764,-1.0,59.17851257324219,False,-0.0023126602172851562,0.18182584643363953,-0.3161008059978485,0.7724477648735046,0.0,-0.002934781312942505,-0.030267745405435587,-0.01,-0.04320252671837809,0.11151587590575218,False,False,-0.007532500196248293,-0.1028098522156021,224,False,False,22.899999999998187,-0.2934781312942505,-0.0,0.0,0.0,0.0,0.0,0.0,-0.0,0.6705850923646504,0.0,-0.0,0.0,0.3323577648693827,64
0.34641027450561523,2.496687173843384,0.625532329082489,0.19665086269378662,0.00032290039234794676,0.16208694875240326,2.5226094722747803,-0.2644246816635132,0.7682356238365173,-0.037957315295934664,-0.291517972946167,0.7962533235549927,-0.1758408546447754,0.21095792949199677,1.0,59.17949676513672,False,-5.9604644775390625e-06,0.18184684216976166,-0.3161078691482544,0.7724708318710327,0.0,-0.0019860635697841644,-0.03450571820139886,-0.01,-0.04649178177118303,0.11254654405638576,False,False,-0.01638953946530819,-0.1251118753678395,225,False,False,22.99999999999813,-0.19860635697841644,-0.0,0.0,0.0,0.0,0.0,0.0,-0.0,0.6076501747535198,0.0,-0.0,0.0,0.30183902380697575,41
0.4029273986816406,2.5369837284088135,0.5496124029159546,0.2702624797821045,0.00017423604731447995,0.16528145968914032,2.3368656635284424,-0.2655506730079651,0.7694876194000244,-0.028163767606020004,1.0,-0.44863927364349365,0.5796096324920654,1.0,-1.0,59.179508209228516,False,0.0,0.18184693157672882,-0.3161078989505768,0.7724708914756775,0.0,-0.006343061327934265,-0.015078704357147199,-0.01,-0.03142176568508147,0.10780379734933376,False,False,-0.0199549850076437,-0.11569107959248931,226,False,False,23.099999999998076,-0.6343061327934265,-0.0,0.0,0.0,0.0,0.0,0.0,-0.0,0.583325991996201,0.0,-0.0,0.0,0.28531993467016625,64
0.3256857395172119,2.4318997859954834,0.553654670715332,0.24292905628681183,0.00014528540486935526,0.16432036459445953,2.3581483364105225,-0.265851765871048,0.7695091366767883,-0.02023522958159446,-0.3363637626171112,-0.39228299260139465,-0.17371757328510284,-0.1040203645825386,-1.0,59.179508209228516,False,0.0,0.18184693157672882,-0.3161078989505768,0.7724708914756775,0.0,-0.0007700614631175996,0.0028946253657340937,-0.01,-0.007875436097383507,0.10920384479686618,False,False,-0.0027453096117824316,-0.07441796481094617,227,False,False,23.19999999999802,-0.07700614631175995,-0.0,0.0,0.0,0.0,0.0,0.0,-0.0,0.5950658807721245,0.0,-0.0,0.0,0.2967628789229447,63
0.2964794635772705,2.3914222717285156,0.2365514636039734,0.17917698621749878,7.620029646204785e-05,0.16184553503990173,2.4768576622009277,-0.2642374038696289,0.770037055015564,-0.008422977551817885,0.09928128868341446,0.25309014320373535,-0.29907742142677307,-0.3767736256122589,1.0,59.179508209228516,False,0.0,0.18184693157672882,-0.3161078989505768,0.7724708914756775,0.0,-0.0007632926851511002,0.004416382610797853,-0.01,-0.006346910074353247,0.10776813700795174,False,False,-0.014483824372291565,-0.10738990550664834,228,False,False,23.299999999997965,-0.07632926851511002,-0.0,0.0,0.0,0.0,0.0,0.0,-0.0,0.6099986492776086,0.0,-0.0,0.0,0.30423603195365323,63
0.3134727478027344,2.544426441192627,0.17569810152053833,0.2916371524333954,0.0001030234998324886,0.1630537211894989,2.7145400047302246,-0.25495198369026184,0.7709838151931763,-0.000534088537097006,-0.32844048738479614,0.1433001309633255,-0.40341299772262573,-0.2138509303331375,-1.0,59.179508209228516,False,0.0,0.18184693157672882,-0.3161078989505768,0.7724708914756775,0.0,-0.0008422058820724488,-0.007287371158599842,-0.01,-0.018129577040672293,0.10871668579056859,False,False,-0.008531841449439526,-0.10029289207284418,229,False,False,23.39999999999791,-0.08422058820724487,-0.0,0.0,0.0,0.0,0.0,0.0,-0.0,0.6014382764615731,0.0,-0.0,0.0,0.2998769323487141,64
0.19072294235229492,2.771463394165039,0.3201712965965271,0.21210218966007233,0.00026065719430334866,0.16285832226276398,2.7074217796325684,-0.2567199170589447,0.7696248292922974,-0.009790216609835636,-0.1225138008594513,-0.17508965730667114,0.42326244711875916,-0.13458094000816345,-1.0,59.179508209228516,False,0.0,0.18184693157672882,-0.3161078989505768,0.7724708914756775,0.0,-0.0006073229014873505,-0.0022016945481300176,-0.01,-0.012809017449617368,0.10769850807264447,False,False,-0.017317626625299454,-0.12040509404272201,230,False,False,23.499999999997854,-0.060732290148735046,-0.0,0.0,0.0,0.0,0.0,0.0,-0.0,0.6030655831836372,0.0,-0.0,0.0,0.30092546869033127,64
0.30066370964050293,2.7572476863861084,0.3483514189720154,0.21503785252571106,0.00011511874618008733,0.1661548912525177,2.322627544403076,-0.2637943923473358,0.770797610282898,-0.015575852096080796,0.2208094447851181,-0.1627606898546219,-1.0,-0.5452722311019897,-1.0,59.179508209228516,False,0.0,0.18184693157672882,-0.3161078989505768,0.7724708914756775,0.0,-0.0034314242005348207,0.0017500738799571813,-0.01,-0.01168135032057764,0.11323325289413333,False,False,-0.015136754140257835,-0.11996989288173704,231,False,False,23.5999999999978,-0.34314242005348206,-0.0,0.0,0.0,0.0,0.0,0.0,-0.0,0.6126926724710392,0.0,-0.0,0.0,0.3029149120349848,63
0.21573305130004883,2.4299378395080566,0.07647623121738434,0.2283851057291031,0.00015134627756197006,0.15986745059490204,2.762295961380005,-0.25689780712127686,0.7707915902137756,-0.01872308045625687,-0.22743378579616547,0.04208499193191528,0.18307268619537354,-0.4027079939842224,-1.0,59.179508209228516,False,0.0,0.18184693157672882,-0.3161078989505768,0.7724708914756775,0.0,-0.0006229665130376816,-0.001544449031352979,-0.01,-0.012167415544390662,0.11102500790730119,False,False,-0.013874889351427555,-0.1187648210287859,232,False,False,23.699999999997743,-0.06229665130376816,-0.0,0.0,0.0,0.0,0.0,0.0,-0.0,0.6157614203471434,0.0,-0.0,0.0,0.30725774366053404,64
0.21752715110778809,2.780357599258423,0.4714851677417755,0.3177371025085449,0.00011521022679517046,0.1651301383972168,2.5186712741851807,-0.2586214542388916,0.7711139917373657,-0.005938264802098263,0.4292031526565552,-0.07964415103197098,-0.3001621961593628,0.5178356766700745,-1.0,59.179508209228516,False,0.0,0.18184693157672882,-0.3161078989505768,0.7724708914756775,0.0,-0.001372024267911911,-0.0030840437114239005,-0.01,-0.014456067979335812,0.10753842676058412,False,False,-0.009899209253489971,-0.10588357460252845,233,False,False,23.799999999997688,-0.1372024267911911,-0.0,0.0,0.0,0.0,0.0,0.0,-0.0,0.6157507768979793,0.0,-0.0,0.0,0.30650336418107776,63
0.1947641372680664,2.585872173309326,0.3325422406196594,0.1763659566640854,0.0004092181916348636,0.16359387338161469,2.7803680896759033,-0.25416243076324463,0.7692583799362183,-0.013338702693581584,-0.5143755078315735,0.14064517617225647,0.20935186743736267,0.22943535447120667,-1.0,59.179508209228516,False,0.0,0.18184693157672882,-0.3161078989505768,0.7724708914756775,0.0,-0.0009520800411701203,-0.0028802193701267242,-0.01,-0.013832299411296845,0.11000987142324448,False,False,-0.004986087325960398,-0.10589941325429668,234,False,False,23.899999999997632,-0.09520800411701202,-0.0,0.0,0.0,0.0,0.0,0.0,-0.0,0.6161518989006521,0.0,-0.0,0.0,0.3071238694091559,63
0.3372371196746826,2.7601747512817383,0.32774704694747925,0.23149295151233673,6.686276174150407e-05,0.16253891587257385,2.6127898693084717,-0.258589506149292,0.7709136009216309,-0.014510053656995299,0.174341082572937,-0.2450636476278305,-0.03451823815703392,0.339571475982666,-1.0,59.179508209228516,False,0.0,0.18184693157672882,-0.3161078989505768,0.7724708914756775,0.0,-0.0005173782631754876,-0.0012631320953369052,-0.01,-0.011780510358512393,0.10954159405082464,False,False,-0.012876246124505997,-0.1144201283038175,235,False,False,23.999999999997577,-0.05173782631754875,-0.0,0.0,0.0,0.0,0.0,0.0,-0.0,0.6198238250000581,0.0,-0.0,0.0,0.30939453423685354,53
0.16278624534606934,2.6610777378082275,0.30449730157852173,0.18902108073234558,6.607444083783776e-05,0.1604173481464386,2.615774154663086,-0.2608165740966797,0.7707185745239258,-0.024568591713905345,0.3469998240470886,-0.5196720361709595,-0.09896457940340042,0.6130443811416626,-1.0,59.179508209228516,False,0.0,0.18184693157672882,-0.3161078989505768,0.7724708914756775,0.0,-0.001940213143825531,0.003981366902589822,-0.01,-0.007958846241235709,0.10818750830367208,False,False,-0.019565651193261147,-0.11942595875819903,236,False,False,24.09999999999752,-0.1940213143825531,-0.0,0.0,0.0,0.0,0.0,0.0,-0.0,0.634127859375019,0.0,-0.0,0.0,0.315123716543684,61
0.21208524703979492,2.7907207012176514,0.2346426248550415,0.31638145446777344,0.00026822034851647913,0.16151568293571472,2.6267871856689453,-0.2611265182495117,0.7689799070358276,-0.009640091061592082,-1.0,0.09270919859409332,0.19694282114505768,-0.4103117883205414,-1.0,59.179508209228516,False,0.0,0.18184693157672882,-0.3161078989505768,0.7724708914756775,0.0,-0.003039343059062958,0.005645747035741777,-0.01,-0.007393596023321181,0.10915701603516936,False,False,-0.009684406220912933,-0.10346932751169886,237,False,False,24.199999999997466,-0.3039343059062958,-0.0,0.0,0.0,0.0,0.0,0.0,-0.0,0.6519387492037625,0.0,-0.0,0.0,0.3229300315428183,63
0.3673732280731201,2.668062686920166,0.732460618019104,0.18050365149974823,6.631753785768524e-05,0.1609041392803192,2.5057737827301025,-0.2629889249801636,0.7713594436645508,0.004113283678889254,-0.0346960686147213,-0.38941511511802673,-0.4030972123146057,-0.3517289459705353,-1.0,59.179508209228516,False,0.0,0.18184693157672882,-0.3161078989505768,0.7724708914756775,0.0,-0.0010976213961839676,0.004320005178451547,-0.01,-0.006777616217732421,0.11150989169254899,False,False,-0.023490289226174355,-0.17826993494983057,238,False,False,24.29999999999741,-0.10976213961839676,-0.0,0.0,0.0,0.0,0.0,0.0,-0.0,0.6672512442826328,0.0,-0.0,0.0,0.33252800074513245,64
0.14633536338806152,2.5972344875335693,0.15983781218528748,0.176730215549469,4.9984741053776816e-05,0.1638110727071762,2.378173828125,-0.2639276385307312,0.7713418006896973,-0.006673009246587751,0.1867847442626953,0.34306198358535767,-0.9245752692222595,-0.5119383931159973,-1.0,59.179508209228516,False,0.0,0.18184693157672882,-0.3161078989505768,0.7724708914756775,0.0,-0.0031737512350082397,0.0013128395378589341,-0.01,-0.011860911697149305,0.10864286590367556,False,False,-0.01664307340979576,-0.12429653976101239,239,False,False,24.399999999997355,-0.317375123500824,-0.0,0.0,0.0,0.0,0.0,0.0,-0.0,0.6766433702190551,0.0,-0.0,0.0,0.3351479338745193,46
0.13080239295959473,2.465930461883545,0.3149603605270386,0.207136869430542,7.556712807854638e-05,0.16155488789081573,2.3534514904022217,-0.26743283867836,0.7708344459533691,-0.03296237997710707,0.2595762610435486,-0.4442611634731293,-0.09577493369579315,-1.0,-1.0,59.179508209228516,False,0.0,0.18184693157672882,-0.3161078989505768,0.7724708914756775,0.0,-0.0031848016381263735,-0.006883385479450221,-0.01,-0.020068187117576596,0.107106011826545,False,False,-0.01586897484958172,-0.12089648257953603,240,False,False,24.4999999999973,-0.31848016381263733,-0.0,0.0,0.0,0.0,0.0,0.0,-0.0,0.6695723505825821,0.0,-0.0,0.0,0.33160137365316467,64
0.2347707748413086,2.4531116485595703,0.20533502101898193,0.24177506566047668,0.00010463673243066296,0.15886670351028442,2.775130271911621,-0.2573075294494629,0.7709975838661194,-0.015263645276427254,-0.31869035959243774,0.8058075308799744,-0.2856268882751465,-0.5200560688972473,-1.0,59.179508209228516,False,0.0,0.18184693157672882,-0.3161078989505768,0.7724708914756775,0.0,-0.002757325768470764,-0.005038782358169569,-0.01,-0.017796108126640335,0.10691091511398554,False,False,-0.0210798941552639,-0.11620559305984471,241,False,False,24.599999999997245,-0.2757325768470764,-0.0,0.0,0.0,0.0,0.0,0.0,-0.0,0.6661563398755395,0.0,-0.0,0.0,0.33032084416929897,64
0.15078186988830566,2.8135528564453125,0.46001672744750977,0.19137391448020935,9.150944242719561e-05,0.15582092106342316,2.7690858840942383,-0.2610785961151123,0.7704536318778992,-0.03051822528243065,0.37443333864212036,0.18797147274017334,-0.3258894085884094,1.0,1.0,59.179508209228516,False,0.0,0.18184693157672882,-0.3161078989505768,0.7724708914756775,0.0,-0.003204343914985657,-0.018929955214261995,-0.01,-0.03213429912924765,0.11460712505504489,False,False,-0.014448465779423714,-0.12594250864962356,242,False,False,24.69999999999719,-0.3204343914985657,-0.0,0.0,0.0,0.0,0.0,0.0,-0.0,0.6346428418029241,0.0,-0.0,0.0,0.3141170769864764,43
0.26479363441467285,2.8851068019866943,0.4959801733493805,0.22911982238292694,0.00016564283578190953,0.16097500920295715,2.547452449798584,-0.26304885745048523,0.7699782848358154,-0.02033073864877223,-0.21936291456222534,0.9196546673774719,-0.23233771324157715,0.4604998528957367,-1.0,59.179508209228516,False,0.0,0.18184693157672882,-0.3161078989505768,0.7724708914756775,0.0,-0.002899814248085022,-0.015934295505285245,-0.01,-0.028834109753370266,0.11437578918412328,False,False,-0.007008271291851997,-0.09596203065960009,243,False,False,24.799999999997134,-0.2899814248085022,-0.0,0.0,0.0,0.0,0.0,0.0,-0.0,0.6088628567241732,0.0,-0.0,0.0,0.3015316141140016,55
0.24880170822143555,2.6066339015960693,0.4030962884426117,0.23205676674842834,6.556478911079466e-05,0.15741513669490814,2.6363134384155273,-0.26288628578186035,0.7710348963737488,-0.035952934473752994,0.5425876379013062,-0.2133476883172989,-0.39103609323501587,0.2650168538093567,-1.0,59.179508209228516,False,0.0,0.18184693157672882,-0.3161078989505768,0.7724708914756775,0.0,-0.0014076542854309082,-0.018705122470855706,-0.01,-0.030112776756286617,0.12415026500821114,False,False,-0.018612181767821312,-0.11624969089217424,244,False,False,24.89999999999708,-0.14076542854309082,-0.0,0.0,0.0,0.0,0.0,0.0,-0.0,0.577224885549573,0.0,-0.0,0.0,0.2872047884893556,64
0.1958310604095459,2.761997938156128,0.29010576009750366,0.27674904465675354,5.8891229855362326e-05,0.1618521511554718,2.508873224258423,-0.2620580196380615,0.7712493538856506,-0.005516144633293163,-0.6301731467247009,-0.087980717420578,0.006284729111939669,-0.23275260627269745,-1.0,59.179508209228516,False,0.0,0.18184693157672882,-0.3161078989505768,0.7724708914756775,0.0,-0.0011476801335811614,-0.0005638408660888494,-0.01,-0.011711520999670011,0.11139375576749444,False,False,-0.007643227465450764,-0.10110681350594566,245,False,False,24.999999999997023,-0.11476801335811615,-0.0,0.0,0.0,0.0,0.0,0.0,-0.0,0.5819163609289102,0.0,-0.0,0.0,0.2898105003308739,63
0.1722574234008789,2.5327517986297607,0.6187891364097595,0.19364364445209503,5.44553913641721e-05,0.16217270493507385,2.433682918548584,-0.2645658552646637,0.7706766724586487,-0.0035030812770128292,0.16652032732963562,-0.9858470559120178,0.20546779036521912,-0.33306992053985596,-1.0,59.179508209228516,False,0.0,0.18184693157672882,-0.3161078989505768,0.7724708914756775,0.0,-0.002881940007209778,0.010031726807355867,-0.01,-0.00285021319985391,0.11285204207524657,False,False,-0.017187293618917465,-0.10744332891427937,246,False,False,25.099999999996967,-0.2881940007209778,-0.0,0.0,0.0,0.0,0.0,0.0,-0.0,0.6080603999189873,0.0,-0.0,0.0,0.3011482599522839,62
0.22318363189697266,2.5187203884124756,0.5223840475082397,0.16095571219921112,5.494756260304712e-05,0.16364368796348572,2.5937929153442383,-0.25781700015068054,0.7711512446403503,0.013414813876152043,-0.06223724037408829,-0.04752184823155403,-0.15887299180030823,-0.6289865970611572,-1.0,59.179508209228516,False,0.0,0.18184693157672882,-0.3161078989505768,0.7724708914756775,0.0,-0.0010674913972616195,0.016323133558034886,-0.01,0.005255642160773266,0.11177802877500653,False,False,-0.011684810742735863,-0.11056293298915693,247,False,False,25.199999999996912,-0.10674913972616196,-0.0,0.0,0.0,0.0,0.0,0.0,-0.0,0.6471784373347904,0.0,-0.0,0.0,0.32252172727013356,64
0.10607242584228516,2.7551944255828857,0.219687819480896,0.1954965591430664,6.566220690729097e-05,0.15769881010055542,2.8727118968963623,-0.255863755941391,0.7705970406532288,-0.025534377098083524,-0.023256292566657066,-0.14599312841892242,-0.6251980066299438,-0.8855043649673462,1.0,59.1853141784668,False,-0.006878376007080078,0.18176017701625824,-0.31617867946624756,0.7724021077156067,0.0,-0.00299211323261261,-0.0006418594717979564,-0.01,-0.013633972704410566,0.11077594198286533,False,False,-0.025072723627090454,-0.13022509465402032,248,False,False,25.299999999996857,-0.299211323261261,-0.0,0.0,0.0,0.0,0.0,0.0,-0.0,0.6524189406680568,0.0,-0.0,0.0,0.3232173571014158,57
0.25292038917541504,3.00699520111084,0.17292895913124084,0.29087865352630615,8.653330587549135e-05,0.1582718938589096,3.04728364944458,-0.2488323450088501,0.7719054222106934,-0.008853423595428457,-0.2687670588493347,0.18749882280826569,0.04817231744527817,-0.5753582715988159,-1.0,59.18111801147461,False,-0.00011324882507324219,0.1818322092294693,-0.3161261975765228,0.7724697589874268,0.0,-0.0011018730700016021,-0.003518767207860929,-0.01,-0.014620640277862532,0.11171831609681249,False,False,-0.020572442561388016,-0.1154238081787553,249,False,False,25.3999999999968,-0.11018730700016022,-0.0,0.0,0.0,0.0,0.0,0.0,-0.0,0.6519004098005018,0.0,-0.0,0.0,0.3248483318302493,64
0.11823773384094238,3.136587142944336,0.2691422700881958,0.2297118604183197,7.18431401764974e-05,0.15684956312179565,2.990346670150757,-0.25336137413978577,0.7713345289230347,-0.017303069233894353,0.13194604218006134,-0.3014850318431854,-0.30997422337532043,0.23944346606731415,1.0,59.23546600341797,False,0.026273727416992188,0.18184973299503326,-0.31667250394821167,0.7727336287498474,0.0,-0.0006543004512786865,-0.005585340559482566,-0.01,-0.016239641010761252,0.10953140398487449,False,False,-0.009534299373626709,-0.10464366486390034,250,False,False,25.499999999996746,-0.06543004512786865,-0.0,0.0,0.0,0.0,0.0,0.0,-0.0,0.6472017956943308,0.0,-0.0,0.0,0.3229465973958867,64
0.17635822296142578,3.0712685585021973,0.10386904329061508,0.24498793482780457,8.992991206469014e-05,0.16109225153923035,2.978675127029419,-0.2498476654291153,0.7711285352706909,-0.00011603288352489416,-0.17721471190452576,-0.013048486784100533,0.2516672611236572,-0.45269259810447693,-1.0,59.26771926879883,False,-0.0004887580871582031,0.18198320269584656,-0.3169794976711273,0.7724660038948059,0.0,-0.0007496058195829391,0.0025551690161227936,-0.01,-0.008194436803460145,0.11781701305881143,False,False,-0.009266592562198639,-0.10803153392233383,251,False,False,25.59999999999669,-0.07496058195829391,-0.0,0.0,0.0,0.0,0.0,0.0,-0.0,0.6589010965015463,0.0,-0.0,0.0,0.3287009424311902,57
0.19823312759399414,3.033222198486328,0.25427091121673584,0.23587381839752197,0.00010247530008200556,0.16104203462600708,2.831458568572998,-0.25526583194732666,0.7701836824417114,-0.017843737602233907,0.1399194747209549,0.5043275356292725,-0.41085952520370483,-0.27444639801979065,-1.0,59.268009185791016,False,0.0,0.1819816678762436,-0.3169827461242676,0.7724708914756775,0.0,-0.001295125186443329,-0.0077546702325344,-0.01,-0.01904979541897773,0.1113849189132452,False,False,-0.01869310811161995,-0.10786825393820564,252,False,False,25.699999999996635,-0.12951251864433289,-0.0,0.0,0.0,0.0,0.0,0.0,-0.0,0.6498906678328634,0.0,-0.0,0.0,0.3236502087299884,64
0.22614002227783203,2.8818397521972656,0.3030205965042114,0.23422978818416595,8.960103878052905e-05,0.16210554540157318,2.9555916786193848,-0.24981987476348877,0.7708421349525452,-0.019597957283258437,0.23834459483623505,0.5985949039459229,-0.37183675169944763,-0.799316942691803,-1.0,59.268009185791016,False,0.0,0.1819816678762436,-0.3169827461242676,0.7724708914756775,0.0,-0.0029807353019714357,-0.014945075362920779,-0.01,-0.027925810664892213,0.11867665173485875,False,False,-0.015628861263394356,-0.1124337385704045,253,False,False,25.79999999999658,-0.29807353019714355,-0.0,0.0,0.0,0.0,0.0,0.0,-0.0,0.6262630414483519,0.0,-0.0,0.0,0.3101507854222045,64
0.2142190933227539,3.0322139263153076,0.35629916191101074,0.24986743927001953,0.0002857990039046854,0.1579693853855133,3.1602258682250977,-0.24990537762641907,0.7687537670135498,-0.03858726337552071,0.2774553894996643,0.5111637711524963,-0.7626211047172546,1.0,-1.0,59.268009185791016,False,0.0,0.1819816678762436,-0.3169827461242676,0.7724708914756775,0.0,-0.004799652099609375,-0.020750147104263317,-0.01,-0.03554979920387269,0.11772525403648615,False,False,-0.018365370109677315,-0.12020740010402728,254,False,False,25.899999999996524,-0.4799652099609375,-0.0,0.0,0.0,0.0,0.0,0.0,-0.0,0.590669451219475,0.0,-0.0,0.0,0.29053507351012814,64
0.3555715084075928,3.205836296081543,0.24402886629104614,0.23062193393707275,0.00013410457177087665,0.16484220325946808,2.912625789642334,-0.2490643858909607,0.7701499462127686,-0.009501444697380044,-0.10911446809768677,-0.8113557696342468,-0.24837036430835724,0.6770668029785156,-1.0,59.268009185791016,False,0.0,0.1819816678762436,-0.3169827461242676,0.7724708914756775,0.0,-0.002975778579711914,-0.007438001036643993,-0.01,-0.020413779616355907,0.11478656670078635,False,False,-0.015047058463096619,-0.11515288979014596,255,False,False,25.99999999999647,-0.2975778579711914,-0.0,0.0,0.0,0.0,0.0,0.0,-0.0,0.5816095543611892,0.0,-0.0,0.0,0.2878289986008827,64
0.28597116470336914,3.057985544204712,0.5125910043716431,0.22492602467536926,0.00019770537619479,0.15801334381103516,3.1641061305999756,-0.2493518590927124,0.7691469192504883,-0.017592908367514634,-0.44593095779418945,0.05276653543114662,0.314965158700943,0.04994865134358406,-1.0,59.268009185791016,False,0.0,0.1819816678762436,-0.3169827461242676,0.7724708914756775,0.0,-0.0007583416253328323,0.010449861139059047,-0.01,-0.000308480486273785,0.10561017133295536,False,False,-0.011611612513661385,-0.12195260968775799,256,False,False,26.099999999996413,-0.07583416253328323,-0.0,0.0,0.0,0.0,0.0,0.0,-0.0,0.608595260571122,0.0,-0.0,0.0,0.30353928866022817,59
0.32688379287719727,3.1854734420776367,0.4765629768371582,0.24770162999629974,9.679698996478692e-05,0.16103647649288177,3.1845438480377197,-0.2451457679271698,0.769716739654541,0.002135399803519256,0.24167147278785706,-0.15123510360717773,0.29932376742362976,-0.18725824356079102,-1.0,59.268009185791016,False,0.0,0.1819816678762436,-0.3169827461242676,0.7724708914756775,0.0,-0.0005148438364267349,-0.001220200806856142,-0.01,-0.011735044643282877,0.10554709564894438,False,False,-0.02525387704372406,-0.11520564060325797,257,False,False,26.199999999996358,-0.05148438364267349,-0.0,0.0,0.0,0.0,0.0,0.0,-0.0,0.6122775921023884,0.0,-0.0,0.0,0.30562395221476746,56
0.2376079559326172,3.2096261978149414,0.6376246213912964,0.24370115995407104,4.460950367501937e-05,0.1601172834634781,3.1674697399139404,-0.24541573226451874,0.7708781957626343,-0.025203468725085255,0.9948089122772217,-0.56088787317276,-0.2785390019416809,-0.8699535727500916,-1.0,59.268009185791016,False,0.0,0.1819816678762436,-0.3169827461242676,0.7724708914756775,0.0,-0.005346608161926269,0.004450642317533504,-0.01,-0.010895965844392765,0.10763368010520935,False,False,-0.02176188863813877,-0.13511131494989748,258,False,False,26.299999999996302,-0.534660816192627,-0.0,0.0,0.0,0.0,0.0,0.0,-0.0,0.6274534500981552,0.0,-0.0,0.0,0.30838011688715133,40
0.16183257102966309,3.195502996444702,0.24114002287387848,0.14160935580730438,5.850706293131225e-05,0.1624794751405716,3.433483362197876,-0.23524664342403412,0.7707046866416931,-0.006915108636021614,-0.3126769959926605,0.10072055459022522,0.46615827083587646,-0.7821489572525024,-1.0,59.268009185791016,False,0.0,0.1819816678762436,-0.3169827461242676,0.7724708914756775,0.0,-0.002342430055141449,0.000121216922998435,-0.01,-0.012221213132143013,0.10660525318235159,False,False,-0.018068691715598106,-0.12920248318263308,259,False,False,26.399999999996247,-0.2342430055141449,-0.0,0.0,0.0,0.0,0.0,0.0,-0.0,0.6340362132681518,0.0,-0.0,0.0,0.31467567657893447,64
0.08128881454467773,3.432617664337158,0.6570746898651123,0.20842111110687256,4.5600671001011506e-05,0.1657520979642868,3.3006417751312256,-0.23541516065597534,0.771034836769104,-0.011665900684893133,0.7827102541923523,-0.3610883057117462,-0.6132122278213501,-0.7017086148262024,-1.0,59.304229736328125,False,-0.06807446479797363,0.18209917843341827,-0.31733202934265137,0.7717901468276978,0.0,-0.004028610587120056,-0.005257064700126657,-0.01,-0.019285675287246715,0.11350227240473032,False,False,-0.008625773712992668,-0.11187909978385865,260,False,False,26.49999999999619,-0.4028610587120056,-0.0,0.0,0.0,0.0,0.0,0.0,-0.0,0.6298203470554896,0.0,-0.0,0.0,0.31088156294062474,56
0.15900731086730957,3.4130399227142334,0.46349963545799255,0.20773178339004517,6.557435699505731e-05,0.1577461212873459,3.5497684478759766,-0.2351241409778595,0.7722751498222351,-0.04253578864037991,0.0411008782684803,0.5041502118110657,-0.6451306343078613,0.683961033821106,-1.0,59.28800582885742,False,-0.013947486877441406,0.18214534223079681,-0.3171617090702057,0.7723314166069031,0.0,-0.002849632501602173,-0.003109270930290231,-0.01,-0.015958903431892404,0.11412072274833918,False,False,-0.012055052444338799,-0.11666028414174198,261,False,False,26.599999999996136,-0.2849632501602173,-0.0,0.0,0.0,0.0,0.0,0.0,-0.0,0.6299007861980643,0.0,-0.0,0.0,0.31210076059742997,64
0.05015730857849121,3.6210615634918213,0.14914026856422424,0.19642096757888794,8.340460044564679e-05,0.156568244099617,3.406096935272217,-0.24117256700992584,0.7716976404190063,-0.015067646428942705,-0.3181893825531006,0.3412970304489136,-0.6912326812744141,0.4989296495914459,-1.0,59.277618408203125,False,-0.00011324882507324219,0.18208657205104828,-0.31706503033638,0.7724697589874268,0.0,-0.0023611539602279665,-0.012999986410140996,-0.01,-0.025361140370368962,0.11500031175091863,False,False,-0.01681097410619259,-0.13099952435436446,262,False,False,26.69999999999608,-0.23611539602279663,-0.0,0.0,0.0,0.0,0.0,0.0,-0.0,0.6100008067184892,0.0,-0.0,0.0,0.30263924939901665,64
0.11889934539794922,3.453699827194214,0.18645426630973816,0.31738436222076416,3.357123569003306e-05,0.16536279022693634,3.1838860511779785,-0.23910436034202576,0.7733020186424255,0.008476778808981183,0.3287900686264038,0.0566525012254715,-0.07093042135238647,0.019877392798662186,-1.0,59.27769470214844,False,0.0,0.18208682537078857,-0.3170657753944397,0.7724708914756775,0.0,-0.0002918466366827488,-0.009093915671110175,-0.01,-0.019385762307792924,0.11609296221286058,False,False,-0.014806115068495274,-0.15172108330387296,263,False,False,26.799999999996025,-0.02918466366827488,-0.0,0.0,0.0,0.0,0.0,0.0,-0.0,0.597790919080631,0.0,-0.0,0.0,0.29860361290363274,64
0.07050037384033203,3.255904197692871,0.2547551989555359,0.2745837867259979,2.112851507263258e-05,0.16068990528583527,3.3891830444335938,-0.2376576066017151,0.7733412981033325,-0.030484096994623573,0.10225594788789749,0.04595361649990082,0.00836100708693266,-0.1367339789867401,1.0,59.27769470214844,False,0.0,0.18208682537078857,-0.3170657753944397,0.7724708914756775,0.0,-7.833524607121945e-05,-0.00558016970753672,-0.01,-0.01565850495360794,0.11202482180669904,False,False,-0.01350494846701622,-0.14050766870611395,264,False,False,26.89999999999597,-0.007833524607121944,-0.0,0.0,0.0,0.0,0.0,0.0,-0.0,0.5925560886295295,0.0,-0.0,0.0,0.29619970906869353,64
0.040906667709350586,3.445558547973633,0.18798014521598816,0.22343744337558746,3.493925396469422e-05,0.16074219346046448,3.489391803741455,-0.234430193901062,0.7731724381446838,-0.008606053963303587,-0.8328834772109985,0.1270320862531662,-0.5371590852737427,-0.2837579846382141,-1.0,59.27769470214844,False,0.0,0.18208682537078857,-0.3170657753944397,0.7724708914756775,0.0,-0.002697226405143738,-0.005309419929981241,-0.01,-0.018006646335124978,0.11570408288389444,False,False,-0.010970919393002987,-0.12517815718429048,265,False,False,26.999999999995914,-0.2697226405143738,-0.0,0.0,0.0,0.0,0.0,0.0,-0.0,0.5878154201645116,0.0,-0.0,0.0,0.29121048367711205,57
0.010448694229125977,3.4981374740600586,0.6001105308532715,0.2258695363998413,5.512411371455528e-05,0.1677393615245819,3.1403417587280273,-0.2379320114850998,0.7717418670654297,0.007723282501101462,0.5178682804107666,-0.09348724782466888,0.02493460290133953,0.6647891998291016,-1.0,59.27769470214844,False,0.0,0.18208682537078857,-0.3170657753944397,0.7724708914756775,0.0,-0.0017987345159053802,-0.003839917331933951,-0.01,-0.01563865184783933,0.11528476607054472,False,False,-0.013810400851070881,-0.12570677380548195,266,False,False,27.09999999999586,-0.17987345159053802,-0.0,0.0,0.0,0.0,0.0,0.0,-0.0,0.5859955233573295,0.0,-0.0,0.0,0.29119902716275936,64
0.1294255256652832,3.2132890224456787,0.2956002950668335,0.24269992113113403,3.9654165448155254e-05,0.1608806699514389,3.6798107624053955,-0.22826699912548065,0.7720814943313599,-0.04002726994454863,0.5650597810745239,0.2836691737174988,-0.1542738825082779,0.4313275218009949,-1.0,59.27769470214844,False,0.0,0.18208682537078857,-0.3170657753944397,0.7724708914756775,0.0,-0.0015240114927291871,-0.004244423955678922,-0.01,-0.01576843544840811,0.10938828159123659,False,False,-0.022178519517183304,-0.13991887156006996,267,False,False,27.199999999995804,-0.1524011492729187,-0.0,0.0,0.0,0.0,0.0,0.0,-0.0,0.5833401176288473,0.0,-0.0,0.0,0.29014604732169447,43
0.058400630950927734,3.7845253944396973,0.6065716743469238,0.21995913982391357,4.6818160626571625e-05,0.16349847614765167,3.581969738006592,-0.2288343459367752,0.7718315720558167,-0.01533417209982875,-0.6926732063293457,0.19255848228931427,-0.4391779899597168,-0.22001785039901733,-1.0,59.27769470214844,False,0.0,0.18208682537078857,-0.3170657753944397,0.7724708914756775,0.0,-0.0018954001367092134,-0.010791398137807828,-0.01,-0.022686798274517042,0.10925147403031588,False,False,-0.020611997693777084,-0.12783711042088516,268,False,False,27.299999999995748,-0.18954001367092133,-0.0,0.0,0.0,0.0,0.0,0.0,-0.0,0.567431608559467,0.0,-0.0,0.0,0.2818204041430243,63
0.08960366249084473,3.6270618438720703,0.6072486042976379,0.2645249366760254,2.340787796129007e-05,0.16292235255241394,3.702204942703247,-0.22576914727687836,0.7730759382247925,-0.0021040190756321225,0.10969814658164978,-0.12644392251968384,-0.17202673852443695,-0.3897348642349243,-1.0,59.27769470214844,False,0.0,0.18208682537078857,-0.3170657753944397,0.7724708914756775,0.0,-0.0005237705260515214,-0.004331433027982723,-0.01,-0.014855203554034245,0.11300242599099874,False,False,-0.027841592207551003,-0.15512599261153104,269,False,False,27.399999999995693,-0.05237705260515213,-0.0,0.0,0.0,0.0,0.0,0.0,-0.0,0.5644128514323047,0.0,-0.0,0.0,0.28168265519010083,56
0.05219578742980957,3.7131757736206055,0.41267722845077515,0.29047197103500366,2.451980435580481e-05,0.16793951392173767,3.413219690322876,-0.22898875176906586,0.7722986340522766,-0.01614143539220094,0.8045108318328857,0.2875678241252899,-0.11954061686992645,-0.6148437261581421,-1.0,59.27769470214844,False,0.0,0.18208682537078857,-0.3170657753944397,0.7724708914756775,0.0,-0.002805639207363129,-0.003716074377298373,-0.01,-0.0165217135846615,0.11081161303445697,False,False,-0.018127070739865303,-0.1414608293909687,270,False,False,27.499999999995637,-0.28056392073631287,-0.0,0.0,0.0,0.0,0.0,0.0,-0.0,0.5626067930471612,0.0,-0.0,0.0,0.27849775731621745,62
0.0034928321838378906,3.4217562675476074,0.4884496331214905,0.2776801884174347,1.1910963621630799e-05,0.1694558560848236,3.3267128467559814,-0.2314913272857666,0.7740668654441833,-0.030085154324769978,-0.6517109274864197,0.2292776256799698,-0.12668529152870178,-0.4096170663833618,1.0,59.27769470214844,False,0.0,0.18208682537078857,-0.3170657753944397,0.7724708914756775,0.0,-0.0016528266668319703,-0.01204851418733599,-0.01,-0.02370134085416796,0.11227980069816113,False,False,-0.014057504013180733,-0.13751925576413565,271,False,False,27.599999999995582,-0.16528266668319702,-0.0,0.0,0.0,0.0,0.0,0.0,-0.0,0.5439492565998562,0.0,-0.0,0.0,0.2703218016330961,64
0.14284253120422363,3.3447768688201904,0.7607226967811584,0.19983166456222534,2.667369699338451e-05,0.16606202721595764,3.61788010597229,-0.22462837398052216,0.7725450992584229,-0.006256553865969183,-0.19353298842906952,-0.3541468679904938,-0.15575233101844788,0.02416284754872322,-1.0,59.27769470214844,False,0.0,0.18208682537078857,-0.3170657753944397,0.7724708914756775,0.0,-0.00046929415315389634,-0.0037552736699580924,-0.01,-0.014224567823111989,0.11458046827465296,False,False,-0.007544121704995632,-0.1263805059759519,272,False,False,27.699999999995526,-0.04692941531538963,-0.0,0.0,0.0,0.0,0.0,0.0,-0.0,0.5418572713711167,0.0,-0.0,0.0,0.2704593415324045,64
0.03376007080078125,3.6869373321533203,0.28018754720687866,0.24252574145793915,2.884847708628513e-05,0.17009907960891724,3.219265937805176,-0.2325058877468109,0.7725012302398682,-0.004735969416797183,0.019582923501729965,-0.02352279983460903,0.15498442947864532,0.49290725588798523,-1.0,59.27769470214844,False,0.0,0.18208682537078857,-0.3170657753944397,0.7724708914756775,0.0,-0.0006697863340377807,0.0038931706547737366,-0.01,-0.006776615679264044,0.11145724775269628,False,False,-0.012321166694164276,-0.14259844594683105,273,False,False,27.79999999999547,-0.06697863340377808,-0.0,0.0,0.0,0.0,0.0,0.0,-0.0,0.5551955547632574,0.0,-0.0,0.0,0.2769279910475909,60
0.05269050598144531,3.387356996536255,0.2903099060058594,0.2449246346950531,7.282328442670405e-05,0.1659899353981018,3.3684685230255127,-0.23341251909732819,0.771166980266571,-0.017457567378878602,-0.46720603108406067,0.461727499961853,-0.2886629104614258,-0.060186952352523804,-1.0,59.27769470214844,False,0.0,0.18208682537078857,-0.3170657753944397,0.7724708914756775,0.0,-0.0012960562109947205,-0.005575729608535751,-0.01,-0.01687178581953047,0.11462451191619039,False,False,-0.02411530166864395,-0.1396151121645355,274,False,False,27.899999999995416,-0.12960562109947205,-0.0,0.0,0.0,0.0,0.0,0.0,-0.0,0.5495395385276653,0.0,-0.0,0.0,0.27347371305283796,64
0.1546621322631836,3.377150297164917,0.3735865354537964,0.3333914279937744,4.02598234359175e-05,0.1676214188337326,3.425581455230713,-0.22941957414150238,0.7718150615692139,-0.006421028301119787,0.47719863057136536,-0.4868769943714142,-0.02993576042354107,0.7433019876480103,-1.0,59.27769470214844,False,0.0,0.18208682537078857,-0.3170657753944397,0.7724708914756775,0.0,-0.0025454041361808776,-0.006265967488288893,-0.01,-0.018811371624469768,0.1117860903032124,False,False,-0.01858280412852764,-0.13436589311006092,275,False,False,27.99999999999536,-0.25454041361808777,-0.0,0.0,0.0,0.0,0.0,0.0,-0.0,0.5424319185692144,0.0,-0.0,0.0,0.2686705551484263,60
0.11434555053710938,3.532296895980835,0.21467804908752441,0.19888560473918915,3.637071858975105e-05,0.162190243601799,3.5228078365325928,-0.23167520761489868,0.7720738053321838,-0.02904898639768362,-0.5881366729736328,-0.12555518746376038,-0.6671475768089294,0.6644598841667175,-1.0,59.27769470214844,False,0.0,0.18208682537078857,-0.3170657753944397,0.7724708914756775,0.0,-0.0031206542253494262,0.005175106525421136,-0.01,-0.00794554769992829,0.11112330295145512,False,False,-0.0155009925365448,-0.1367126793965222,276,False,False,28.099999999995305,-0.3120654225349426,-0.0,0.0,0.0,0.0,0.0,0.0,-0.0,0.5583657769530909,0.0,-0.0,0.0,0.276062234251196,47
0.10263919830322266,3.539466381072998,0.26269209384918213,0.17677003145217896,1.4766289496037643e-05,0.16897855699062347,3.263345718383789,-0.23293182253837585,0.7718127369880676,-0.014963852576911477,0.2649732828140259,-0.2681097686290741,-0.10547209531068802,0.46702656149864197,-1.0,59.27769470214844,False,0.0,0.18208682537078857,-0.3170657753944397,0.7724708914756775,0.0,-0.0009283296763896942,0.00011033177375791015,-0.01,-0.010817997902631785,0.11142388917505741,False,False,-0.035850945860147476,-0.14174072480155192,277,False,False,28.19999999999525,-0.09283296763896942,-0.0,0.0,0.0,0.0,0.0,0.0,-0.0,0.5642287411773264,0.0,-0.0,0.0,0.2811860409122735,61
0.08926987648010254,3.344682216644287,0.36176741123199463,0.30876702070236206,1.2760831850755494e-05,0.17223651707172394,3.298034906387329,-0.2284020483493805,0.7720438838005066,-0.020066375769674794,-0.21358615159988403,-0.6932810544967651,-0.7991547584533691,-0.32908058166503906,-1.0,59.27769470214844,False,0.0,0.18208682537078857,-0.3170657753944397,0.7724708914756775,0.0,-0.0031830000877380374,0.006777622550725948,-0.01,-0.00640537753701209,0.1139168911613524,False,False,-0.039710480719804764,-0.12824465176652666,278,False,False,28.299999999995194,-0.3183000087738037,-0.0,0.0,0.0,0.0,0.0,0.0,-0.0,0.5836201860905657,0.0,-0.0,0.0,0.2886270929575448,59
0.04540085792541504,3.386408567428589,0.3544504642486572,0.18976721167564392,1.0362740795244463e-05,0.1704985350370407,3.365025281906128,-0.2284393012523651,0.773206889629364,-0.00858487188816072,0.40113431215286255,0.13096848130226135,-0.6881354451179504,-0.4413946866989136,1.0,59.27769470214844,False,0.0,0.18208682537078857,-0.3170657753944397,0.7724708914756775,0.0,-0.002116052806377411,0.0103954631090164,-0.01,-0.0017205896973610108,0.11168866418302059,False,False,-0.004455051850527525,-0.11724183977988467,279,False,False,28.39999999999514,-0.2116052806377411,-0.0,0.0,0.0,0.0,0.0,0.0,-0.0,0.6105162821726093,0.0,-0.0,0.0,0.3031420882799273,63
0.06260275840759277,3.4514968395233154,0.2613176703453064,0.1893143355846405,1.2852773579652421e-05,0.1670009195804596,3.4437921047210693,-0.22926655411720276,0.7729110717773438,-0.006869241148233392,-0.4030359089374542,0.024464953690767288,-0.3458700180053711,-0.46832242608070374,1.0,59.275264739990234,False,-0.010019540786743164,0.18198542296886444,-0.31705543398857117,0.7723706960678101,0.0,-0.0012549710273742677,-0.0037288053333759397,-0.01,-0.014983776360750208,0.11272614216431975,False,False,-0.0037090005353093147,-0.11579839265793508,280,False,False,28.499999999995083,-0.12549710273742676,-0.0,0.0,0.0,0.0,0.0,0.0,-0.0,0.6091502173885432,0.0,-0.0,0.0,0.30332013766689736,60
0.021755695343017578,3.5197927951812744,0.7518699169158936,0.2616105377674103,1.5586216250085272e-05,0.1662101447582245,3.468470573425293,-0.22926631569862366,0.7728391885757446,-0.0063942898996174405,0.33143168687820435,-3.2435691537102684e-05,0.15157844126224518,-0.29049086570739746,-1.0,59.27906036376953,False,-5.9604644775390625e-05,0.18208137154579163,-0.3170803189277649,0.7724702954292297,0.0,-0.0005430198088288307,-0.0028144668042660026,-0.01,-0.013357486613094834,0.11434858106076717,False,False,-0.04878350719809532,-0.12876061334287764,281,False,False,28.599999999995028,-0.05430198088288307,-0.0,0.0,0.0,0.0,0.0,0.0,-0.0,0.6096175306685687,0.0,-0.0,0.0,0.30426574552545554,63
0.003969669342041016,3.5252559185028076,0.34380853176116943,0.2108486294746399,1.361739032290643e-05,0.16762880980968475,3.3795204162597656,-0.2301793247461319,0.7725021243095398,-0.01998372105881574,0.5690223574638367,0.2308703064918518,-0.2888813316822052,-0.42590174078941345,-1.0,59.279083251953125,False,0.0,0.18208207190036774,-0.31708043813705444,0.7724708914756775,0.0,-0.0016048306226730347,-0.004428475350141514,-0.01,-0.01603330597281455,0.11134273884817958,False,False,-0.023763777688145638,-0.14795531226515202,282,False,False,28.699999999994972,-0.16048306226730347,-0.0,0.0,0.0,0.0,0.0,0.0,-0.0,0.606828814113797,0.0,-0.0,0.0,0.30180957643422546,63
0.004506111145019531,3.3924038410186768,0.39341697096824646,0.22956633567810059,1.0523278433538508e-05,0.16432447731494904,3.640151023864746,-0.2264726161956787,0.7733100056648254,-0.04487186305224896,0.523569643497467,-0.025497667491436005,-0.28419187664985657,-0.5383589863777161,1.0,59.279083251953125,False,0.0,0.18208207190036774,-0.31708043813705444,0.7724708914756775,0.0,-0.0016134268045425416,-0.008045242577791212,-0.01,-0.01965866938233375,0.11086173309013247,False,False,-0.018755823373794556,-0.1465793316616854,283,False,False,28.799999999994917,-0.16134268045425415,-0.0,0.0,0.0,0.0,0.0,0.0,-0.0,0.5967052902849386,0.0,-0.0,0.0,0.29673921833792677,64
0.06351470947265625,3.661975622177124,0.4404202103614807,0.19045469164848328,1.2776612493325956e-05,0.1647568941116333,3.5646920204162598,-0.22842127084732056,0.7734273076057434,-0.03135887816548349,0.24362891912460327,0.36968573927879333,-0.07072220742702484,-0.954902708530426,1.0,59.279083251953125,False,0.0,0.18208207190036774,-0.31708043813705444,0.7724708914756775,0.0,-0.0027821585536003113,-0.008530320227146171,-0.01,-0.021312478780746484,0.11477308394387364,False,False,-0.02725396677851677,-0.14051355691054296,284,False,False,28.89999999999486,-0.27821585536003113,-0.0,0.0,0.0,0.0,0.0,0.0,-0.0,0.5854996691977875,0.0,-0.0,0.0,0.28996767604529344,64
0.0684201717376709,3.5473837852478027,0.2753217816352844,0.2209874391555786,1.4584298696718179e-05,0.16762930154800415,3.7715587615966797,-0.21873340010643005,0.772817850112915,-0.01811980918049811,-0.06716029345989227,-0.2047787755727768,-0.7527462840080261,0.11756186932325363,1.0,59.279083251953125,False,0.0,0.18208207190036774,-0.31708043813705444,0.7724708914756775,0.0,-0.0015672315657138825,-0.008844113647937801,-0.01,-0.020411345213651684,0.11313079902902246,False,False,-0.01420743577182293,-0.12749280431281196,285,False,False,28.999999999994806,-0.15672315657138824,-0.0,0.0,0.0,0.0,0.0,0.0,-0.0,0.5735469039643989,0.0,-0.0,0.0,0.2852062204164856,47
0.032454729080200195,3.866997718811035,0.18152543902397156,0.2519109845161438,4.626197551260702e-05,0.1635095477104187,3.8489255905151367,-0.22089138627052307,0.7717646956443787,-0.012132379040122057,-0.4576895534992218,0.5197442173957825,-0.4747660458087921,0.4621856212615967,-1.0,59.279083251953125,False,0.0,0.18208207190036774,-0.31708043813705444,0.7724708914756775,0.0,-0.002296580374240875,-0.0031278888881206557,-0.01,-0.015424469262361531,0.11199944000691175,False,False,-0.016783710569143295,-0.11774059374274859,286,False,False,29.09999999999475,-0.22965803742408752,-0.0,0.0,0.0,0.0,0.0,0.0,-0.0,0.5730213197701601,0.0,-0.0,0.0,0.2842140795108392,55
0.08858442306518555,3.8547563552856445,0.19648919999599457,0.2412649244070053,1.947478267538827e-05,0.1705121248960495,3.4943294525146484,-0.22421878576278687,0.7720726132392883,0.013668818175792711,0.08772297948598862,-0.5702718496322632,0.4250480830669403,0.6503602862358093,-1.0,59.279083251953125,False,0.0,0.18208207190036774,-0.31708043813705444,0.7724708914756775,0.0,-0.0023413491249084472,-0.005133721977472305,-0.01,-0.01747507110238075,0.11745107034221292,False,False,-0.00872696191072464,-0.1173216727423293,287,False,False,29.199999999994695,-0.23413491249084473,-0.0,0.0,0.0,0.0,0.0,0.0,-0.0,0.56843829567899,0.0,-0.0,0.0,0.2818777987145865,64
0.06920099258422852,3.575805187225342,0.30122148990631104,0.24446691572666168,1.6366604540962726e-05,0.16261020302772522,3.567227840423584,-0.2295963317155838,0.7724100351333618,-0.039528831653296924,0.2579217851161957,-0.3091292679309845,-0.32350143790245056,0.6920744776725769,-1.0,59.279083251953125,False,0.0,0.18208207190036774,-0.31708043813705444,0.7724708914756775,0.0,-0.0018642620742321016,0.009201374799013118,-0.01,-0.002662887275218984,0.11303493892773986,False,False,-0.023782195523381233,-0.13823576769605056,288,False,False,29.29999999999464,-0.18642620742321014,-0.0,0.0,0.0,0.0,0.0,0.0,-0.0,0.5927687740638328,0.0,-0.0,0.0,0.29452012495768426,60
0.04082918167114258,3.6509995460510254,0.3902058005332947,0.4103441834449768,1.196714129036991e-05,0.1643267422914505,3.770953416824341,-0.22318917512893677,0.7739529013633728,-0.01833967804908751,-0.8727753758430481,0.4066004157066345,-0.3256476819515228,0.42595580220222473,-1.0,59.279083251953125,False,0.0,0.18208207190036774,-0.31708043813705444,0.7724708914756775,0.0,-0.0030363640189170838,-0.002917153239250181,-0.01,-0.015953517258167266,0.1191025790758431,False,False,-0.014188275672495365,-0.12729861874582987,289,False,False,29.399999999994584,-0.3036364018917084,-0.0,0.0,0.0,0.0,0.0,0.0,-0.0,0.5928630746291041,0.0,-0.0,0.0,0.29339517329563497,58
0.08628368377685547,3.803907632827759,0.3506605625152588,0.2285495102405548,1.134950707637472e-05,0.16469696164131165,3.770813465118408,-0.22183389961719513,0.7729636430740356,-0.01715259231626986,0.7083140015602112,-0.25134626030921936,0.014406925067305565,-0.29629671573638916,-1.0,59.279083251953125,False,0.0,0.18208207190036774,-0.31708043813705444,0.7724708914756775,0.0,-0.0016322074830532073,-0.007054378390312199,-0.01,-0.018686585873365406,0.11669690115377307,False,False,-0.03424353897571564,-0.24521614255332794,290,False,False,29.49999999999453,-0.16322074830532074,-0.0,0.0,0.0,0.0,0.0,0.0,-0.0,0.5846003520964997,0.0,-0.0,0.0,0.29066796856519667,54
0.05449056625366211,3.811394691467285,0.1961718052625656,0.3049589991569519,9.55153791437624e-06,0.167710542678833,3.6969945430755615,-0.2215450406074524,0.7734737992286682,-0.008126989118754896,-0.740298867225647,0.16742104291915894,1.0,-0.9721102714538574,1.0,59.279083251953125,False,0.0,0.18208207190036774,-0.31708043813705444,0.7724708914756775,0.0,-0.006302676200866699,0.0004242905974388145,-0.01,-0.015878385603427886,0.11736338725313544,False,False,-0.015801869332790375,-0.12539454171569053,291,False,False,29.599999999994473,-0.6302676200866699,-0.0,0.0,0.0,0.0,0.0,0.0,-0.0,0.5913625361323628,0.0,-0.0,0.0,0.28937859186531467,63
0.059348344802856445,3.7769336700439453,0.8971462845802307,0.20474819839000702,1.3613392184197437e-05,0.1657390147447586,3.5985965728759766,-0.22657078504562378,0.7735760807991028,0.007950200960040116,-0.1843801736831665,-0.198878213763237,0.013204178772866726,-0.6623829007148743,-1.0,59.279083251953125,False,0.0,0.18208207190036774,-0.31708043813705444,0.7724708914756775,0.0,-0.0012811851501464844,-0.0028527362644672483,-0.01,-0.014133921414613733,0.10976977879181504,False,False,-0.034955959767103195,-0.16618014708041942,292,False,False,29.699999999994418,-0.12811851501464844,-0.0,0.0,0.0,0.0,0.0,0.0,-0.0,0.5915727524516496,0.0,-0.0,0.0,0.29450519107567835,47
0.07807612419128418,3.6625351905822754,0.2909119129180908,0.1733449399471283,1.832776797527913e-05,0.1659259796142578,3.7234139442443848,-0.22172020375728607,0.7726569771766663,-0.015077716466039415,-0.3024974763393402,0.5302931070327759,0.05435945466160774,0.1598275899887085,-1.0,59.279083251953125,False,0.0,0.18208207190036774,-0.31708043813705444,0.7724708914756775,0.0,-0.0010030382871627807,-0.0062572412192821725,-0.01,-0.017260279506444952,0.11310770409181714,False,False,-0.0284944549202919,-9.881079980297622,293,False,False,29.799999999994363,-0.10030382871627808,-0.0,0.0,0.0,0.0,0.0,0.0,-0.0,0.5849073330067823,0.0,-0.0,0.0,0.29145062821622836,64
0.016051530838012695,3.7802140712738037,0.5347321033477783,0.23284469544887543,1.547159263282083e-05,0.15866242349147797,3.5020735263824463,-0.23656316101551056,0.7735961675643921,-0.030739215239882454,-0.1882352977991104,0.4594196081161499,-0.017904454842209816,0.27688151597976685,-1.0,59.279083251953125,False,0.0,0.18208207190036774,-0.31708043813705444,0.7724708914756775,0.0,-0.0008087071776390075,-0.017028934359550496,-0.01,-0.027837641537189504,0.10062633501365781,False,False,-0.017025891691446304,-9.961350361507451,294,False,False,29.899999999994307,-0.08087071776390076,-0.0,0.0,0.0,0.0,0.0,0.0,-0.0,0.5564136589509899,0.0,-0.0,0.0,0.27739812229785593,64
0.06293654441833496,3.4770560264587402,0.46886005997657776,0.31008338928222656,1.4032199942448642e-05,0.16549240052700043,3.5928969383239746,-0.2264477163553238,0.7730354070663452,0.007057860419154146,0.14781898260116577,-0.06360725313425064,-0.2982269525527954,0.10270900279283524,-1.0,59.279083251953125,False,0.0,0.18208207190036774,-0.31708043813705444,0.7724708914756775,0.0,-0.0003134619817137718,-0.010926110446453086,-0.01,-0.021239572428166858,0.08789999317377806,False,False,-0.021839918568730354,-10.03092027352784,295,False,False,29.99999999999425,-0.03134619817137718,-0.0,0.0,0.0,0.0,0.0,0.0,-0.0,0.5399610120908579,0.0,-0.0,0.0,0.26966704406371517,59
0.007784366607666016,3.642693519592285,0.15893033146858215,0.2270018756389618,1.4044757335796021e-05,0.1637820601463318,3.616776704788208,-0.2280641794204712,0.7736579179763794,-0.022744437567889693,-0.12620466947555542,0.279532790184021,-0.19249415397644043,0.02181541919708252,-1.0,59.279083251953125,False,0.0,0.18208207190036774,-0.31708043813705444,0.7724708914756775,0.0,-0.00032899029552936555,-0.004977669864892953,-0.01,-0.015306660160422318,0.07517038192600012,False,False,-0.02181166224181652,-10.13724462795249,296,False,False,30.099999999994196,-0.032899029552936554,-0.0,0.0,0.0,0.0,0.0,0.0,-0.0,0.5353592998519214,0.0,-0.0,0.0,0.26735065963043136,64
0.08913278579711914,3.626492977142334,0.18244287371635437,0.2553330361843109,1.4417343663808424e-05,0.1659081131219864,3.686824321746826,-0.22372105717658997,0.7735422849655151,-0.012625719048082849,0.045904889702796936,0.2719258666038513,0.16207896173000336,-0.10015948861837387,-1.0,59.279083251953125,False,0.0,0.18208207190036774,-0.31708043813705444,0.7724708914756775,0.0,-0.0002808811329305172,-0.009887720942497236,-0.01,-0.020168602075427755,0.06279160315170884,False,False,-0.024586014449596405,-10.216402896846137,297,False,False,30.19999999999414,-0.02808811329305172,-0.0,0.0,0.0,0.0,0.0,0.0,-0.0,0.5207917924278014,0.0,-0.0,0.0,0.2601150150809702,64
0.05676150321960449,3.695067882537842,0.18411478400230408,0.18792708218097687,2.9433360396069475e-05,0.16058671474456787,3.534869909286499,-0.23301512002944946,0.7729563117027283,-0.04658286230638626,0.2191888839006424,0.04342364892363548,0.16688242554664612,0.1277560144662857,-1.0,59.279083251953125,False,0.0,0.18208207190036774,-0.31708043813705444,0.7724708914756775,0.0,-0.0002352518029510975,-0.007616990059614193,-0.01,-0.017852241862565288,0.051322820130735636,False,False,-0.024660242721438408,-10.306602447979897,298,False,False,30.299999999994085,-0.02352518029510975,-0.0,0.0,0.0,0.0,0.0,0.0,-0.0,0.5106644453781909,0.0,-0.0,0.0,0.25509697088614436,64
0.010031461715698242,3.5917694568634033,0.12248257547616959,0.2812885046005249,2.748531915131025e-05,0.16591495275497437,3.584399700164795,-0.22581873834133148,0.7723677158355713,0.0017505415691994042,-0.10462767630815506,0.04101961851119995,-0.003944250289350748,0.0322323702275753,-1.0,59.279083251953125,False,0.0,0.18208207190036774,-0.31708043813705444,0.7724708914756775,0.0,-3.421010682359338e-05,-0.003910770714282974,-0.01,-0.013944980821106567,0.03942788438871503,False,False,-0.01774774305522442,-10.363630874082446,299,False,False,30.39999999999403,-0.003421010682359338,-0.0,0.0,0.0,0.0,0.0,0.0,-0.0,0.5079221007250172,0.0,-0.0,0.0,0.253926840255685,64
0.04480481147766113,3.6621479988098145,0.22627811133861542,0.24082599580287933,2.1934634787612595e-05,0.1634092628955841,3.515611171722412,-0.23106013238430023,0.7732461094856262,-10.470009360811673,0.046483010053634644,-0.059800781309604645,0.013104739598929882,-0.079826720058918,-1.0,59.279083251953125,False,0.0,0.18208207190036774,-0.31708043813705444,0.7724708914756775,0.0,-10.000030702105724,-0.25396105647087097,-0.01,-10.263991758576594,0.022641377057880163,False,False,-10.470009803771973,-10.470009803771973,300,False,False,30.499999999993975,-0.003070210572332144,-0.0,0.0,-1.0,0.0,0.0,0.0,-0.0,0.5072713913556042,0.0,-0.0,0.0,-9.746395006427921,57
