# https://github.com/mikedh/trimesh
v 0.03250000 -0.00949100 0.00000000
v 0.03421900 -0.00933500 0.00000000
v -0.03440600 0.00929800 0.00000000
v -0.03421900 0.00933500 0.00000000
v -0.03477800 0.00921400 0.00000000
v -0.04031600 0.00538500 0.00000000
v -0.04052600 0.00506700 0.00000000
v -0.04042300 0.00522700 0.00000000
v -0.04072300 0.00474000 0.00000000
v 0.03947900 0.00643200 0.00000000
v 0.03960900 0.00628900 0.00000000
v -0.04090600 0.00440700 0.00000000
v 0.04175800 0.00209300 0.00000000
v 0.04072300 0.00474000 0.00000000
v 0.04062700 0.00490300 0.00000000
v 0.04150200 0.00300800 0.00000000
v 0.04186700 0.00153100 0.00000000
v 0.04198300 -0.00038700 0.00000000
v 0.04198900 -0.00019400 0.00000000
v 0.04031600 -0.00538500 0.00000000
v 0.04042300 -0.00522700 0.00000000
v 0.04072300 -0.00474000 0.00000000
v 0.04052600 -0.00506700 0.00000000
v 0.04115600 -0.00389500 0.00000000
v 0.04090600 -0.00440700 0.00000000
v 0.04099300 -0.00423800 0.00000000
v 0.04156000 -0.00282900 0.00000000
v 0.04130500 -0.00354400 0.00000000
v 0.04192100 -0.00115300 0.00000000
v 0.04171400 -0.00227900 0.00000000
v -0.04107600 -0.00406500 0.00000000
v -0.04115600 -0.00389300 0.00000000
v -0.04130500 -0.00354400 0.00000000
v -0.04123200 -0.00372000 0.00000000
v -0.04081700 -0.00457300 0.00000000
v -0.04072300 -0.00474000 0.00000000
v -0.04062700 -0.00490300 0.00000000
v -0.04052700 -0.00506500 0.00000000
v -0.04020700 -0.00554000 0.00000000
v -0.04009300 -0.00569400 0.00000000
v -0.03960900 -0.00628900 0.00000000
v -0.03947900 -0.00643200 0.00000000
v -0.03997700 -0.00584700 0.00000000
v -0.03985700 -0.00599600 0.00000000
v -0.03879200 -0.00710600 0.00000000
v -0.03893400 -0.00697700 0.00000000
v -0.03921100 -0.00671100 0.00000000
v -0.03819500 -0.00759300 0.00000000
v -0.03804100 -0.00770600 0.00000000
v -0.03849800 -0.00735600 0.00000000
v -0.03740400 -0.00812600 0.00000000
v -0.03724000 -0.00822300 0.00000000
v -0.03656700 -0.00857600 0.00000000
v -0.03639400 -0.00865600 0.00000000
v -0.03690700 -0.00840600 0.00000000
v -0.03586800 -0.00887400 0.00000000
v -0.03622000 -0.00873200 0.00000000
v -0.03514700 -0.00911500 0.00000000
v -0.03532900 -0.00906000 0.00000000
v -0.03422100 -0.00933400 0.00000000
v -0.03477900 -0.00921400 0.00000000
v -0.03327100 -0.00946000 0.00000000
v -0.03250000 -0.00949100 0.00000000
v -0.03346200 -0.00944200 0.00000000
v -0.03403200 -0.00936700 0.00000000
v -0.03384300 -0.00939600 0.00000000
v -0.03288700 -0.00948300 0.00000000
v -0.03308000 -0.00947300 0.00000000
v -0.03269400 -0.00948900 0.00000000
v -0.03365300 -0.00942100 0.00000000
v -0.03459400 -0.00925700 0.00000000
v -0.03604400 -0.00880500 0.00000000
v -0.03673800 -0.00849300 0.00000000
v -0.03707400 -0.00831600 0.00000000
v -0.03756700 -0.00802600 0.00000000
v -0.03788500 -0.00781600 0.00000000
v -0.03834700 -0.00747600 0.00000000
v -0.03864600 -0.00723200 0.00000000
v -0.03934700 -0.00657300 0.00000000
v -0.03907400 -0.00684600 0.00000000
v -0.03973500 -0.00614300 0.00000000
v -0.04031700 -0.00538300 0.00000000
v -0.04042300 -0.00522500 0.00000000
v -0.04090700 -0.00440500 0.00000000
v -0.04099300 -0.00423600 0.00000000
v 0.04107600 -0.00406700 0.00000000
v 0.04137400 -0.00336800 0.00000000
v 0.04161500 -0.00264700 0.00000000
v 0.04183400 -0.00172100 0.00000000
v 0.04189600 -0.00134300 0.00000000
v 0.04186700 -0.00153200 0.00000000
v 0.04196000 -0.00077200 0.00000000
v 0.04194200 -0.00096200 0.00000000
v 0.04197300 -0.00058000 0.00000000
v 0.04197400 0.00057600 0.00000000
v 0.04196000 0.00076800 0.00000000
v 0.04198400 0.00038400 0.00000000
v 0.04192100 0.00115200 0.00000000
v 0.04194300 0.00096000 0.00000000
v 0.04189600 0.00134200 0.00000000
v 0.04156000 0.00282800 0.00000000
v 0.04161500 0.00264600 0.00000000
v 0.04144000 0.00318800 0.00000000
v 0.04130500 0.00354400 0.00000000
v 0.04137400 0.00336700 0.00000000
v 0.04123200 0.00372000 0.00000000
v 0.04115600 0.00389300 0.00000000
v 0.04183500 0.00171900 0.00000000
v 0.04179800 0.00190600 0.00000000
v 0.04099300 0.00423600 0.00000000
v 0.04107600 0.00406500 0.00000000
v 0.04171400 0.00227800 0.00000000
v 0.04090700 0.00440500 0.00000000
v 0.04166600 0.00246300 0.00000000
v -0.04186700 0.00153200 0.00000000
v 0.04081700 0.00457300 0.00000000
v 0.04052700 0.00506500 0.00000000
v -0.04183400 0.00172100 0.00000000
v 0.04042300 0.00522500 0.00000000
v 0.04031700 0.00538300 0.00000000
v -0.04171400 0.00227900 0.00000000
v 0.04020700 0.00554000 0.00000000
v -0.04161500 0.00264700 0.00000000
v 0.04009300 0.00569400 0.00000000
v -0.04156000 0.00282900 0.00000000
v 0.03997700 0.00584700 0.00000000
v -0.04137400 0.00336800 0.00000000
v 0.03985700 0.00599600 0.00000000
v -0.04130500 0.00354400 0.00000000
v 0.03973500 0.00614300 0.00000000
v -0.04115600 0.00389500 0.00000000
v -0.04099300 0.00423800 0.00000000
v -0.04107600 0.00406700 0.00000000
v 0.03907400 0.00684600 0.00000000
v 0.03934700 0.00657300 0.00000000
v 0.03864600 0.00723200 0.00000000
v 0.03893400 0.00697700 0.00000000
v 0.03879200 0.00710600 0.00000000
v 0.03804100 0.00770600 0.00000000
v 0.03819500 0.00759300 0.00000000
v 0.03834700 0.00747600 0.00000000
v 0.03724000 0.00822300 0.00000000
v 0.03740400 0.00812600 0.00000000
v 0.03772700 0.00792300 0.00000000
v 0.03673800 0.00849300 0.00000000
v 0.03656700 0.00857600 0.00000000
v 0.03690700 0.00840600 0.00000000
v 0.03707400 0.00831600 0.00000000
v 0.03622000 0.00873200 0.00000000
v 0.03604400 0.00880500 0.00000000
v 0.03639400 0.00865600 0.00000000
v 0.03586800 0.00887400 0.00000000
v 0.03532900 0.00906000 0.00000000
v 0.03514700 0.00911500 0.00000000
v 0.03422100 0.00933400 0.00000000
v 0.03403200 0.00936700 0.00000000
v 0.03459400 0.00925700 0.00000000
v 0.03308000 0.00947300 0.00000000
v 0.03288700 0.00948300 0.00000000
v 0.03365300 0.00942100 0.00000000
v 0.03346200 0.00944200 0.00000000
v 0.03327100 0.00946000 0.00000000
v 0.03269400 0.00948900 0.00000000
v 0.03384300 0.00939600 0.00000000
v 0.03477900 0.00921400 0.00000000
v 0.03756700 0.00802600 0.00000000
v 0.03788500 0.00781600 0.00000000
v 0.03849800 0.00735600 0.00000000
v 0.03921100 0.00671100 0.00000000
v -0.04189600 0.00134300 0.00000000
v -0.04192100 0.00115300 0.00000000
v -0.04194200 0.00096200 0.00000000
v -0.04196000 0.00077200 0.00000000
v -0.04197300 0.00058000 0.00000000
v -0.04198300 0.00038700 0.00000000
v -0.04198900 0.00019400 0.00000000
v -0.04198400 -0.00038400 0.00000000
v -0.04197400 -0.00057600 0.00000000
v -0.04196000 -0.00076800 0.00000000
v -0.04194300 -0.00096000 0.00000000
v -0.04192100 -0.00115200 0.00000000
v -0.04189600 -0.00134200 0.00000000
v -0.04186700 -0.00153100 0.00000000
v -0.04183500 -0.00171900 0.00000000
v -0.04175800 -0.00209300 0.00000000
v -0.04179800 -0.00190600 0.00000000
v -0.04171400 -0.00227800 0.00000000
v -0.04166600 -0.00246300 0.00000000
v -0.04161500 -0.00264600 0.00000000
v -0.04156000 -0.00282800 0.00000000
v -0.04150200 -0.00300800 0.00000000
v -0.04144000 -0.00318800 0.00000000
v -0.04137400 -0.00336700 0.00000000
v 0.03477800 -0.00921400 0.00000000
v 0.03440600 -0.00929800 0.00000000
v -0.03772700 -0.00792300 0.00000000
v -0.03386800 0.00953000 -0.00008800
v -0.03316300 0.00960500 -0.00008800
v -0.03939000 0.00656200 -0.00000200
v -0.03951000 0.00640000 0.00000000
v -0.03937900 0.00654000 0.00000000
v -0.03250000 0.00962800 -0.00008800
v -0.03250000 0.00963600 -0.00010900
v -0.03386700 0.00951800 -0.00006700
v -0.03316200 0.00959300 -0.00006700
v -0.03461300 0.00939300 -0.00008800
v -0.03461100 0.00938100 -0.00006700
v -0.03316100 0.00957800 -0.00004700
v -0.03316000 0.00955900 -0.00003000
v -0.03250000 0.00958200 -0.00003000
v -0.03460700 0.00936600 -0.00004700
v -0.03386500 0.00950300 -0.00004700
v -0.03539400 0.00918300 -0.00008800
v -0.03539000 0.00917100 -0.00006700
v -0.03250000 0.00956100 -0.00001700
v -0.03315900 0.00953800 -0.00001700
v -0.03620300 0.00888700 -0.00008800
v -0.03619800 0.00887600 -0.00006700
v -0.03537400 0.00911900 -0.00001700
v -0.03617700 0.00882500 -0.00001700
v -0.03536700 0.00909700 -0.00000700
v -0.03459400 0.00930500 -0.00000700
v -0.03459900 0.00932700 -0.00001700
v -0.03786400 0.00799500 -0.00008800
v -0.03616800 0.00880400 -0.00000700
v -0.03536000 0.00907400 -0.00000200
v -0.03868400 0.00737900 -0.00008800
v -0.03776300 0.00789900 0.00000000
v -0.03760200 0.00800400 0.00000000
v -0.03780000 0.00790100 -0.00000200
v -0.03903200 0.00708300 -0.00010900
v -0.03823400 0.00756500 0.00000000
v -0.03807900 0.00768000 0.00000000
v -0.03792200 0.00779100 0.00000000
v -0.03861100 0.00729200 -0.00000200
v -0.03868300 0.00720300 0.00000000
v -0.03853600 0.00732600 0.00000000
v -0.03838600 0.00744700 0.00000000
v -0.03910900 0.00681300 0.00000000
v -0.03924600 0.00667800 0.00000000
v -0.03896900 0.00694600 0.00000000
v -0.03976400 0.00611000 0.00000000
v -0.04011200 0.00570900 -0.00000200
v -0.03940700 0.00657800 -0.00000700
v -0.03862600 0.00731000 -0.00000700
v -0.04082600 0.00478000 -0.00004700
v -0.04018100 0.00576000 -0.00004700
v -0.04083900 0.00478800 -0.00006700
v -0.04000600 0.00581000 0.00000000
v -0.03988700 0.00596100 0.00000000
v -0.04034500 0.00534300 0.00000000
v -0.04075100 0.00473700 -0.00000200
v -0.04013000 0.00572300 -0.00000700
v -0.04014900 0.00573600 -0.00001700
v -0.04079100 0.00476100 -0.00001700
v -0.04075100 0.00469100 0.00000000
v -0.04065500 0.00485700 0.00000000
v -0.04157500 0.00323600 -0.00010900
v -0.04138700 0.00370300 -0.00008800
v -0.04136200 0.00369300 -0.00004700
v -0.04176500 0.00251500 -0.00004700
v -0.04134500 0.00368500 -0.00003000
v -0.04093500 0.00435200 0.00000000
v -0.04133200 0.00347600 0.00000000
v -0.04126000 0.00365500 0.00000000
v -0.04128300 0.00365900 -0.00000200
v -0.04118400 0.00383200 0.00000000
v -0.04110400 0.00400700 0.00000000
v -0.04146600 0.00311500 0.00000000
v -0.04168200 0.00249300 -0.00000200
v -0.04152700 0.00293300 0.00000000
v -0.04140100 0.00329600 0.00000000
v -0.04172700 0.00250500 -0.00001700
v -0.04174700 0.00251100 -0.00003000
v -0.04199700 0.00127200 -0.00003000
v -0.04204300 0.00127800 -0.00008800
v -0.04210400 0.00077600 -0.00010900
v -0.04211800 0.00058300 -0.00010900
v -0.04201600 0.00127400 -0.00004700
v -0.04210100 0.00000000 -0.00004700
v -0.04177700 0.00200500 0.00000000
v -0.04193000 0.00126300 -0.00000200
v -0.04208200 0.00000000 -0.00003000
v -0.04197600 0.00126900 -0.00001700
v -0.04188200 0.00143700 0.00000000
v -0.04185100 0.00162600 0.00000000
v -0.04206100 0.00000000 -0.00001700
v -0.04195400 0.00126600 -0.00000700
v -0.04195200 0.00086400 0.00000000
v -0.04193200 0.00105600 0.00000000
v -0.04203800 0.00000000 -0.00000700
v -0.04197900 0.00048000 0.00000000
v -0.04201400 0.00000000 -0.00000200
v -0.04198700 0.00028800 0.00000000
v -0.04179100 -0.00252300 -0.00008800
v -0.04204300 -0.00127800 -0.00008800
v -0.04198700 -0.00028900 0.00000000
v -0.04199100 -0.00009700 0.00000000
v -0.04164000 -0.00305200 -0.00010900
v -0.04157700 -0.00323500 -0.00010900
v -0.04195200 -0.00086500 0.00000000
v -0.04196700 -0.00067400 0.00000000
v -0.04193000 -0.00126300 -0.00000200
v -0.04195400 -0.00126600 -0.00000700
v -0.04174700 -0.00251100 -0.00003000
v -0.04176500 -0.00251500 -0.00004700
v -0.04136200 -0.00369300 -0.00004700
v -0.04197600 -0.00126900 -0.00001700
v -0.04172700 -0.00250500 -0.00001700
v -0.04168200 -0.00249300 -0.00000200
v -0.04083900 -0.00478800 -0.00006700
v -0.04137600 -0.00369800 -0.00006700
v -0.04084900 -0.00479400 -0.00008800
v -0.04152600 -0.00293400 0.00000000
v -0.04128300 -0.00365900 -0.00000200
v -0.04031800 -0.00563300 -0.00010900
v -0.04020200 -0.00577700 -0.00008800
v -0.04134500 -0.00368500 -0.00003000
v -0.04081000 -0.00477100 -0.00003000
v -0.04132500 -0.00367700 -0.00001700
v -0.04093400 -0.00435300 0.00000000
v -0.04102000 -0.00418100 0.00000000
v -0.04075100 -0.00473700 -0.00000200
v -0.04110300 -0.00400700 0.00000000
v -0.04075100 -0.00469100 0.00000000
v -0.04084400 -0.00452300 0.00000000
v -0.04045000 -0.00518400 0.00000000
v -0.04055400 -0.00502200 0.00000000
v -0.03947200 -0.00664000 -0.00008800
v -0.03958200 -0.00653500 -0.00010900
v -0.03945000 -0.00667600 -0.00010900
v -0.03917500 -0.00695000 -0.00010900
v -0.03903400 -0.00708300 -0.00010900
v -0.04079100 -0.00476100 -0.00001700
v -0.04014900 -0.00573600 -0.00001700
v -0.04077100 -0.00474900 -0.00000700
v -0.04016500 -0.00574900 -0.00003000
v -0.03943900 -0.00660800 -0.00003000
v -0.04013000 -0.00572300 -0.00000700
v -0.04011200 -0.00570900 -0.00000200
v -0.03939000 -0.00656200 -0.00000200
v -0.03868400 -0.00737900 -0.00008800
v -0.03874300 -0.00734100 -0.00010900
v -0.03859400 -0.00746500 -0.00010900
v -0.03781300 -0.00804000 -0.00010900
v -0.03786400 -0.00799500 -0.00008800
v -0.03797400 -0.00793100 -0.00010900
v -0.03861100 -0.00729200 -0.00000200
v -0.03940700 -0.00657800 -0.00000700
v -0.03942300 -0.00659400 -0.00001700
v -0.03864100 -0.00732700 -0.00001700
v -0.03862600 -0.00731000 -0.00000700
v -0.03780000 -0.00790100 -0.00000200
v -0.03782600 -0.00794000 -0.00001700
v -0.03781300 -0.00792100 -0.00000700
v -0.03783800 -0.00795700 -0.00003000
v -0.03700900 -0.00845500 -0.00003000
v -0.03697700 -0.00839500 -0.00000200
v -0.03699900 -0.00843600 -0.00001700
v -0.03555100 -0.00914000 -0.00010900
v -0.03539400 -0.00918300 -0.00008800
v -0.03573500 -0.00907700 -0.00010900
v -0.03698800 -0.00841600 -0.00000700
v -0.03693500 -0.00839100 0.00000000
v -0.03539000 -0.00917100 -0.00006700
v -0.03619800 -0.00887600 -0.00006700
v -0.03617700 -0.00882500 -0.00001700
v -0.03538600 -0.00915700 -0.00004700
v -0.03619200 -0.00886200 -0.00004700
v -0.03615900 -0.00878300 -0.00000200
v -0.03616800 -0.00880400 -0.00000700
v -0.03461300 -0.00939300 -0.00008800
v -0.03461100 -0.00938100 -0.00006700
v -0.03570500 -0.00893400 0.00000000
v -0.03250000 -0.00951400 -0.00000200
v -0.03536000 -0.00907400 -0.00000200
v -0.03460700 -0.00936600 -0.00004700
v -0.03552300 -0.00899700 0.00000000
v -0.03315500 -0.00949200 -0.00000200
v -0.03458800 -0.00928200 -0.00000200
v -0.03497100 -0.00916400 0.00000000
v -0.03441000 -0.00929700 0.00000000
v -0.03385200 -0.00941800 -0.00000200
v -0.03460300 -0.00934800 -0.00003000
v -0.03537400 -0.00911900 -0.00001700
v -0.03538000 -0.00913900 -0.00003000
v -0.03536700 -0.00909700 -0.00000700
v -0.03459400 -0.00930500 -0.00000700
v -0.03459900 -0.00932700 -0.00001700
v -0.03386500 -0.00950300 -0.00004700
v -0.03386200 -0.00948500 -0.00003000
v -0.03316100 -0.00957800 -0.00004700
v -0.03316000 -0.00955900 -0.00003000
v -0.03386700 -0.00951800 -0.00006700
v -0.03327600 -0.00960500 -0.00010900
v -0.03316300 -0.00960500 -0.00008800
v -0.03346900 -0.00958800 -0.00010900
v -0.03316200 -0.00959300 -0.00006700
v -0.03250000 -0.00961600 -0.00006700
v -0.03250000 -0.00962800 -0.00008800
v -0.03250000 -0.00963600 -0.00010900
v -0.03645400 -0.00878800 -0.00010900
v -0.03620300 -0.00888700 -0.00008800
v -0.03663100 -0.00870600 -0.00010900
v -0.03731800 -0.00834600 -0.00010900
v -0.03703100 -0.00849500 -0.00008800
v -0.03748500 -0.00824700 -0.00010900
v -0.03865500 -0.00734400 -0.00003000
v -0.03813200 -0.00782000 -0.00010900
v -0.03828900 -0.00770400 -0.00010900
v -0.04023400 -0.00550200 0.00000000
v -0.03866700 -0.00735800 -0.00004700
v -0.03945200 -0.00662100 -0.00004700
v -0.03988500 -0.00596200 0.00000000
v -0.04130400 -0.00366800 -0.00000700
v -0.04034400 -0.00534400 0.00000000
v -0.03984000 -0.00624400 -0.00010900
v -0.03996400 -0.00609500 -0.00010900
v -0.04170000 -0.00286700 -0.00010900
v -0.04118300 -0.00383200 0.00000000
v -0.04064400 -0.00515000 -0.00010900
v -0.04053900 -0.00531300 -0.00010900
v -0.04170500 -0.00249900 -0.00000700
v -0.04138700 -0.00370300 -0.00008800
v -0.04120600 -0.00413100 -0.00010900
v -0.04112100 -0.00430500 -0.00010900
v -0.04190900 -0.00124800 0.00000000
v -0.04178000 -0.00251900 -0.00006700
v -0.04201600 -0.00127400 -0.00004700
v -0.04197900 -0.00048200 0.00000000
v -0.04199100 0.00009600 0.00000000
v -0.04199700 -0.00127200 -0.00003000
v -0.04196700 0.00067200 0.00000000
v -0.04197800 -0.00173600 -0.00010900
v -0.04170500 0.00249900 -0.00000700
v -0.04181600 0.00181600 0.00000000
v -0.04211600 0.00000000 -0.00006700
v -0.04190900 0.00124600 0.00000000
v -0.04212800 0.00000000 -0.00008800
v -0.04212800 -0.00038700 -0.00010900
v -0.04173500 0.00219200 0.00000000
v -0.04130400 0.00366800 -0.00000700
v -0.04132500 0.00367700 -0.00001700
v -0.04163900 0.00256400 0.00000000
v -0.04168900 0.00237900 0.00000000
v -0.04158500 0.00274900 0.00000000
v -0.04055500 0.00502100 0.00000000
v -0.04204000 0.00135500 -0.00010900
v -0.04077100 0.00474900 -0.00000700
v -0.04179100 0.00252300 -0.00008800
v -0.04190000 0.00211800 -0.00010900
v -0.03781300 0.00792100 -0.00000700
v -0.03782600 0.00794000 -0.00001700
v -0.03864100 0.00732700 -0.00001700
v -0.04084500 0.00452200 0.00000000
v -0.04081000 0.00477100 -0.00003000
v -0.04023500 0.00550200 0.00000000
v -0.04012200 0.00565700 0.00000000
v -0.04084900 0.00479400 -0.00008800
v -0.04111900 0.00430700 -0.00010900
v -0.04103100 0.00447900 -0.00010900
v -0.03963900 0.00625600 0.00000000
v -0.03942300 0.00659400 -0.00001700
v -0.04084400 0.00481900 -0.00010900
v -0.04042900 0.00547500 -0.00010900
v -0.04020200 0.00577700 -0.00008800
v -0.03882700 0.00707600 0.00000000
v -0.04008300 0.00594400 -0.00010900
v -0.04020200 0.00579000 -0.00010900
v -0.03866700 0.00735800 -0.00004700
v -0.03945200 0.00662100 -0.00004700
v -0.03865500 0.00734400 -0.00003000
v -0.03743900 0.00810600 0.00000000
v -0.03783800 0.00795700 -0.00003000
v -0.03727300 0.00820500 0.00000000
v -0.03698800 0.00841600 -0.00000700
v -0.03697700 0.00839500 -0.00000200
v -0.03615900 0.00878300 -0.00000200
v -0.03710600 0.00830000 0.00000000
v -0.03693700 0.00839100 0.00000000
v -0.03699900 0.00843600 -0.00001700
v -0.03676600 0.00847900 0.00000000
v -0.03659300 0.00856400 0.00000000
v -0.03641900 0.00864600 0.00000000
v -0.03624300 0.00872300 0.00000000
v -0.03588600 0.00886700 0.00000000
v -0.03606500 0.00879700 0.00000000
v -0.03570600 0.00893400 0.00000000
v -0.03552400 0.00899700 0.00000000
v -0.03534100 0.00905700 0.00000000
v -0.03703100 0.00849500 -0.00008800
v -0.03515700 0.00911200 0.00000000
v -0.03346000 0.00944300 0.00000000
v -0.03315500 0.00949200 -0.00000200
v -0.03385200 0.00941800 -0.00000200
v -0.03458800 0.00928200 -0.00000200
v -0.03497200 0.00916400 0.00000000
v -0.03478600 0.00921200 0.00000000
v -0.03459800 0.00925700 0.00000000
v -0.03480500 0.00935600 -0.00010900
v -0.03403300 0.00936700 0.00000000
v -0.03365200 0.00942200 0.00000000
v -0.03384300 0.00939600 0.00000000
v -0.03326900 0.00946100 0.00000000
v -0.03288500 0.00948400 0.00000000
v -0.03250000 0.00951400 -0.00000200
v -0.03307700 0.00947400 0.00000000
v -0.03250000 0.00953800 -0.00000700
v -0.03315700 0.00951500 -0.00000700
v -0.03250000 0.00949100 0.00000000
v -0.03269300 0.00949000 0.00000000
v -0.03385600 0.00944100 -0.00000700
v -0.03702500 0.00848500 -0.00006700
v -0.03785700 0.00798600 -0.00006700
v -0.03867700 0.00737000 -0.00006700
v -0.03947200 0.00664000 -0.00008800
v -0.04143800 0.00359900 -0.00010900
v -0.04175400 0.00268200 -0.00010900
v -0.04180600 0.00249500 -0.00010900
v -0.04206500 0.00116200 -0.00010900
v -0.04213600 0.00000000 -0.00010900
v -0.04206600 -0.00116100 -0.00010900
v -0.04180800 -0.00249400 -0.00010900
v -0.04136500 -0.00377700 -0.00010900
v -0.04084400 -0.00481900 -0.00010900
v -0.04019300 -0.00577000 -0.00006700
v -0.03946300 -0.00663200 -0.00006700
v -0.03785700 -0.00798600 -0.00006700
v -0.03867700 -0.00737000 -0.00006700
v -0.03702500 -0.00848500 -0.00006700
v -0.03618500 -0.00884500 -0.00003000
v -0.03385600 -0.00944100 -0.00000700
v -0.03315700 -0.00951500 -0.00000700
v -0.03250000 -0.00953800 -0.00000700
v -0.03460300 0.00934800 -0.00003000
v -0.03538000 0.00913900 -0.00003000
v -0.03385900 0.00946400 -0.00001700
v -0.03618500 0.00884500 -0.00003000
v -0.03700900 0.00845500 -0.00003000
v -0.03943900 0.00660800 -0.00003000
v -0.04016500 0.00574900 -0.00003000
v -0.04212800 0.00038900 -0.00010900
v -0.04190100 -0.00211700 -0.00010900
v -0.03971300 -0.00639100 -0.00010900
v -0.03889000 -0.00721400 -0.00010900
v -0.03784800 -0.00797300 -0.00004700
v -0.03701800 -0.00847100 -0.00004700
v -0.03385900 -0.00946400 -0.00001700
v -0.03315900 -0.00953800 -0.00001700
v -0.03250000 -0.00956100 -0.00001700
v -0.03538600 0.00915700 -0.00004700
v -0.03386200 0.00948500 -0.00003000
v -0.03619200 0.00886200 -0.00004700
v -0.03701800 0.00847100 -0.00004700
v -0.03784800 0.00797300 -0.00004700
v -0.03946300 0.00663200 -0.00006700
v -0.04137600 0.00369800 -0.00006700
v -0.04178000 0.00251900 -0.00006700
v -0.04203100 0.00127600 -0.00006700
v -0.04203100 -0.00127600 -0.00006700
v -0.04082600 -0.00478000 -0.00004700
v -0.04018100 -0.00576000 -0.00004700
v -0.03480600 -0.00935600 -0.00010900
v -0.03499400 -0.00930800 -0.00010900
v -0.03250000 -0.00958200 -0.00003000
v -0.03250000 0.00960100 -0.00004700
v -0.04019300 0.00577000 -0.00006700
v -0.03714900 -0.00844100 -0.00010900
v -0.03697800 -0.00853300 -0.00010900
v -0.03627700 -0.00886600 -0.00010900
v -0.03609800 -0.00894000 -0.00010900
v -0.03386800 -0.00953000 -0.00008800
v -0.03250000 -0.00960100 -0.00004700
v -0.04185500 0.00230700 -0.00010900
v -0.04208700 0.00096900 -0.00010900
v -0.04128700 -0.00395500 -0.00010900
v -0.04074600 -0.00498600 -0.00010900
v -0.04008500 -0.00594300 -0.00010900
v -0.03931400 -0.00681400 -0.00010900
v -0.03844300 -0.00758600 -0.00010900
v -0.03765000 -0.00814500 -0.00010900
v -0.03680500 -0.00862100 -0.00010900
v -0.03591700 -0.00901000 -0.00010900
v -0.03518100 -0.00925600 -0.00010900
v -0.03404600 -0.00951100 -0.00010900
v -0.03423700 -0.00947800 -0.00010900
v -0.03366200 -0.00956600 -0.00010900
v -0.03536600 -0.00920000 -0.00010900
v -0.03461700 -0.00940100 -0.00010900
v -0.03385400 -0.00954100 -0.00010900
v -0.03308200 -0.00961900 -0.00010900
v -0.04175600 -0.00268000 -0.00010900
v -0.03442700 -0.00944100 -0.00010900
v 0.03250000 0.00953800 -0.00000700
v 0.03250000 0.00956100 -0.00001700
v 0.03250000 0.00963600 -0.00010900
v 0.03250000 0.00949100 0.00000000
v 0.03250000 0.00951400 -0.00000200
v 0.03250000 0.00958200 -0.00003000
v 0.03250000 0.00960100 -0.00004700
v 0.03250000 0.00961600 -0.00006700
v 0.03250000 0.00962800 -0.00008800
v -0.03250000 0.00961600 -0.00006700
v 0.03386800 -0.00953000 -0.00008800
v 0.03316300 -0.00960500 -0.00008800
v 0.03939000 -0.00656200 -0.00000200
v 0.03951000 -0.00640000 0.00000000
v 0.03937900 -0.00654000 0.00000000
v 0.03250000 -0.00962800 -0.00008800
v 0.03250000 -0.00963600 -0.00010900
v 0.03386700 -0.00951800 -0.00006700
v 0.03316200 -0.00959300 -0.00006700
v 0.03461300 -0.00939300 -0.00008800
v 0.03461100 -0.00938100 -0.00006700
v 0.03316100 -0.00957800 -0.00004700
v 0.03316000 -0.00955900 -0.00003000
v 0.03460700 -0.00936600 -0.00004700
v 0.03386500 -0.00950300 -0.00004700
v 0.03539400 -0.00918300 -0.00008800
v 0.03539000 -0.00917100 -0.00006700
v 0.03315900 -0.00953800 -0.00001700
v 0.03620300 -0.00888700 -0.00008800
v 0.03619800 -0.00887600 -0.00006700
v 0.03537400 -0.00911900 -0.00001700
v 0.03617700 -0.00882500 -0.00001700
v 0.03536700 -0.00909700 -0.00000700
v 0.03459400 -0.00930500 -0.00000700
v 0.03459900 -0.00932700 -0.00001700
v 0.03786400 -0.00799500 -0.00008800
v 0.03616800 -0.00880400 -0.00000700
v 0.03536000 -0.00907400 -0.00000200
v 0.03868400 -0.00737900 -0.00008800
v 0.03776300 -0.00789900 0.00000000
v 0.03760200 -0.00800400 0.00000000
v 0.03780000 -0.00790100 -0.00000200
v 0.03823400 -0.00756500 0.00000000
v 0.03807900 -0.00768000 0.00000000
v 0.03792200 -0.00779100 0.00000000
v 0.03861100 -0.00729200 -0.00000200
v 0.03868300 -0.00720300 0.00000000
v 0.03853600 -0.00732600 0.00000000
v 0.03838600 -0.00744700 0.00000000
v 0.03910900 -0.00681300 0.00000000
v 0.03924600 -0.00667800 0.00000000
v 0.03896900 -0.00694600 0.00000000
v 0.03976400 -0.00611000 0.00000000
v 0.04011200 -0.00570900 -0.00000200
v 0.03940700 -0.00657800 -0.00000700
v 0.03862600 -0.00731000 -0.00000700
v 0.04082600 -0.00478000 -0.00004700
v 0.04018100 -0.00576000 -0.00004700
v 0.04083900 -0.00478800 -0.00006700
v 0.04000600 -0.00581000 0.00000000
v 0.03988700 -0.00596100 0.00000000
v 0.04034500 -0.00534300 0.00000000
v 0.04075100 -0.00473700 -0.00000200
v 0.04013000 -0.00572300 -0.00000700
v 0.04014900 -0.00573600 -0.00001700
v 0.04079100 -0.00476100 -0.00001700
v 0.04075100 -0.00469100 0.00000000
v 0.04065500 -0.00485700 0.00000000
v 0.04157500 -0.00323600 -0.00010900
v 0.04163900 -0.00305200 -0.00010900
v 0.04138700 -0.00370300 -0.00008800
v 0.04136200 -0.00369300 -0.00004700
v 0.04176500 -0.00251500 -0.00004700
v 0.04134500 -0.00368500 -0.00003000
v 0.04093500 -0.00435200 0.00000000
v 0.04133200 -0.00347600 0.00000000
v 0.04126000 -0.00365500 0.00000000
v 0.04128300 -0.00365900 -0.00000200
v 0.04118400 -0.00383200 0.00000000
v 0.04110400 -0.00400700 0.00000000
v 0.04146600 -0.00311500 0.00000000
v 0.04168200 -0.00249300 -0.00000200
v 0.04152700 -0.00293300 0.00000000
v 0.04140100 -0.00329600 0.00000000
v 0.04172700 -0.00250500 -0.00001700
v 0.04174700 -0.00251100 -0.00003000
v 0.04199700 -0.00127200 -0.00003000
v 0.04204300 -0.00127800 -0.00008800
v 0.04210400 -0.00077600 -0.00010900
v 0.04211800 -0.00058300 -0.00010900
v 0.04201600 -0.00127400 -0.00004700
v 0.04210100 0.00000000 -0.00004700
v 0.04177700 -0.00200500 0.00000000
v 0.04193000 -0.00126300 -0.00000200
v 0.04208200 0.00000000 -0.00003000
v 0.04197600 -0.00126900 -0.00001700
v 0.04188200 -0.00143700 0.00000000
v 0.04185100 -0.00162600 0.00000000
v 0.04206100 0.00000000 -0.00001700
v 0.04195400 -0.00126600 -0.00000700
v 0.04195200 -0.00086400 0.00000000
v 0.04193200 -0.00105600 0.00000000
v 0.04203800 0.00000000 -0.00000700
v 0.04197900 -0.00048000 0.00000000
v 0.04201400 0.00000000 -0.00000200
v 0.04198700 -0.00028800 0.00000000
v 0.04179100 0.00252300 -0.00008800
v 0.04204300 0.00127800 -0.00008800
v 0.04198700 0.00028900 0.00000000
v 0.04199100 0.00009700 0.00000000
v 0.04164000 0.00305200 -0.00010900
v 0.04157700 0.00323500 -0.00010900
v 0.04195200 0.00086500 0.00000000
v 0.04196700 0.00067400 0.00000000
v 0.04193000 0.00126300 -0.00000200
v 0.04195400 0.00126600 -0.00000700
v 0.04174700 0.00251100 -0.00003000
v 0.04176500 0.00251500 -0.00004700
v 0.04136200 0.00369300 -0.00004700
v 0.04197600 0.00126900 -0.00001700
v 0.04172700 0.00250500 -0.00001700
v 0.04168200 0.00249300 -0.00000200
v 0.04083900 0.00478800 -0.00006700
v 0.04137600 0.00369800 -0.00006700
v 0.04084900 0.00479400 -0.00008800
v 0.04152600 0.00293400 0.00000000
v 0.04128300 0.00365900 -0.00000200
v 0.04031800 0.00563300 -0.00010900
v 0.04020300 0.00578900 -0.00010900
v 0.04020200 0.00577700 -0.00008800
v 0.04134500 0.00368500 -0.00003000
v 0.04081000 0.00477100 -0.00003000
v 0.04132500 0.00367700 -0.00001700
v 0.04093400 0.00435300 0.00000000
v 0.04102000 0.00418100 0.00000000
v 0.04075100 0.00473700 -0.00000200
v 0.04110300 0.00400700 0.00000000
v 0.04075100 0.00469100 0.00000000
v 0.04084400 0.00452300 0.00000000
v 0.04045000 0.00518400 0.00000000
v 0.04055400 0.00502200 0.00000000
v 0.03947200 0.00664000 -0.00008800
v 0.03958200 0.00653500 -0.00010900
v 0.03945000 0.00667600 -0.00010900
v 0.03917500 0.00695000 -0.00010900
v 0.03903400 0.00708300 -0.00010900
v 0.04079100 0.00476100 -0.00001700
v 0.04014900 0.00573600 -0.00001700
v 0.04077100 0.00474900 -0.00000700
v 0.04016500 0.00574900 -0.00003000
v 0.03943900 0.00660800 -0.00003000
v 0.04013000 0.00572300 -0.00000700
v 0.04011200 0.00570900 -0.00000200
v 0.03939000 0.00656200 -0.00000200
v 0.03868400 0.00737900 -0.00008800
v 0.03874300 0.00734100 -0.00010900
v 0.03859400 0.00746500 -0.00010900
v 0.03781300 0.00804000 -0.00010900
v 0.03786400 0.00799500 -0.00008800
v 0.03797400 0.00793100 -0.00010900
v 0.03861100 0.00729200 -0.00000200
v 0.03940700 0.00657800 -0.00000700
v 0.03942300 0.00659400 -0.00001700
v 0.03864100 0.00732700 -0.00001700
v 0.03862600 0.00731000 -0.00000700
v 0.03780000 0.00790100 -0.00000200
v 0.03782600 0.00794000 -0.00001700
v 0.03781300 0.00792100 -0.00000700
v 0.03783800 0.00795700 -0.00003000
v 0.03700900 0.00845500 -0.00003000
v 0.03697700 0.00839500 -0.00000200
v 0.03699900 0.00843600 -0.00001700
v 0.03555100 0.00914000 -0.00010900
v 0.03539400 0.00918300 -0.00008800
v 0.03573500 0.00907700 -0.00010900
v 0.03698800 0.00841600 -0.00000700
v 0.03693500 0.00839100 0.00000000
v 0.03539000 0.00917100 -0.00006700
v 0.03619800 0.00887600 -0.00006700
v 0.03617700 0.00882500 -0.00001700
v 0.03538600 0.00915700 -0.00004700
v 0.03619200 0.00886200 -0.00004700
v 0.03615900 0.00878300 -0.00000200
v 0.03616800 0.00880400 -0.00000700
v 0.03461300 0.00939300 -0.00008800
v 0.03461100 0.00938100 -0.00006700
v 0.03570500 0.00893400 0.00000000
v 0.03536000 0.00907400 -0.00000200
v 0.03460700 0.00936600 -0.00004700
v 0.03552300 0.00899700 0.00000000
v 0.03315500 0.00949200 -0.00000200
v 0.03458800 0.00928200 -0.00000200
v 0.03497100 0.00916400 0.00000000
v 0.03441000 0.00929700 0.00000000
v 0.03385200 0.00941800 -0.00000200
v 0.03460300 0.00934800 -0.00003000
v 0.03537400 0.00911900 -0.00001700
v 0.03538000 0.00913900 -0.00003000
v 0.03536700 0.00909700 -0.00000700
v 0.03459400 0.00930500 -0.00000700
v 0.03459900 0.00932700 -0.00001700
v 0.03386500 0.00950300 -0.00004700
v 0.03386200 0.00948500 -0.00003000
v 0.03316100 0.00957800 -0.00004700
v 0.03316000 0.00955900 -0.00003000
v 0.03386700 0.00951800 -0.00006700
v 0.03327600 0.00960500 -0.00010900
v 0.03316300 0.00960500 -0.00008800
v 0.03346900 0.00958800 -0.00010900
v 0.03316200 0.00959300 -0.00006700
v 0.03645400 0.00878800 -0.00010900
v 0.03620300 0.00888700 -0.00008800
v 0.03663100 0.00870600 -0.00010900
v 0.03731800 0.00834600 -0.00010900
v 0.03703100 0.00849500 -0.00008800
v 0.03748500 0.00824700 -0.00010900
v 0.03865500 0.00734400 -0.00003000
v 0.04023400 0.00550200 0.00000000
v 0.03988500 0.00596200 0.00000000
v 0.03828900 0.00770400 -0.00010900
v 0.03813200 0.00782000 -0.00010900
v 0.03945200 0.00662100 -0.00004700
v 0.03866700 0.00735800 -0.00004700
v 0.04130400 0.00366800 -0.00000700
v 0.04034400 0.00534400 0.00000000
v 0.03996400 0.00609500 -0.00010900
v 0.03984000 0.00624400 -0.00010900
v 0.04118300 0.00383200 0.00000000
v 0.04170500 0.00249900 -0.00000700
v 0.04130400 -0.00366800 -0.00000700
v 0.04132500 -0.00367700 -0.00001700
v 0.04064400 0.00515000 -0.00010900
v 0.04053900 0.00531300 -0.00010900
v 0.04138700 0.00370300 -0.00008800
v 0.04120600 0.00413100 -0.00010900
v 0.04112100 0.00430500 -0.00010900
v 0.04196700 -0.00067200 0.00000000
v 0.04201600 0.00127400 -0.00004700
v 0.04178000 0.00251900 -0.00006700
v 0.04199100 -0.00009600 0.00000000
v 0.04190900 0.00124800 0.00000000
v 0.04170000 0.00286700 -0.00010900
v 0.04197900 0.00048200 0.00000000
v 0.04199700 0.00127200 -0.00003000
v 0.04197800 0.00173600 -0.00010900
v 0.04190900 -0.00124600 0.00000000
v 0.04211600 0.00000000 -0.00006700
v 0.04181600 -0.00181600 0.00000000
v 0.04170500 -0.00249900 -0.00000700
v 0.04212800 0.00000000 -0.00008800
v 0.04212800 0.00038700 -0.00010900
v 0.04173500 -0.00219200 0.00000000
v 0.04163900 -0.00256400 0.00000000
v 0.04168900 -0.00237900 0.00000000
v 0.04158500 -0.00274900 0.00000000
v 0.04204000 -0.00135500 -0.00010900
v 0.04201000 -0.00154700 -0.00010900
v 0.04077100 -0.00474900 -0.00000700
v 0.04179100 -0.00252300 -0.00008800
v 0.04190000 -0.00211800 -0.00010900
v 0.04194000 -0.00192800 -0.00010900
v 0.04081000 -0.00477100 -0.00003000
v 0.04084500 -0.00452200 0.00000000
v 0.04055500 -0.00502100 0.00000000
v 0.03942300 -0.00659400 -0.00001700
v 0.04023500 -0.00550200 0.00000000
v 0.04012200 -0.00565700 0.00000000
v 0.04084900 -0.00479400 -0.00008800
v 0.04111900 -0.00430700 -0.00010900
v 0.04120400 -0.00413200 -0.00010900
v 0.04103100 -0.00447900 -0.00010900
v 0.03963900 -0.00625600 0.00000000
v 0.04084400 -0.00481900 -0.00010900
v 0.04064300 -0.00515100 -0.00010900
v 0.04042900 -0.00547500 -0.00010900
v 0.04020200 -0.00577700 -0.00008800
v 0.03882700 -0.00707600 0.00000000
v 0.03864100 -0.00732700 -0.00001700
v 0.03781300 -0.00792100 -0.00000700
v 0.03782600 -0.00794000 -0.00001700
v 0.04020200 -0.00579000 -0.00010900
v 0.03326900 -0.00946100 0.00000000
v 0.03307700 -0.00947400 0.00000000
v 0.03315500 -0.00949200 -0.00000200
v 0.03615900 -0.00878300 -0.00000200
v 0.03570600 -0.00893400 0.00000000
v 0.03866700 -0.00735800 -0.00004700
v 0.03945200 -0.00662100 -0.00004700
v 0.03865500 -0.00734400 -0.00003000
v 0.03743900 -0.00810600 0.00000000
v 0.03783800 -0.00795700 -0.00003000
v 0.03697700 -0.00839500 -0.00000200
v 0.03698800 -0.00841600 -0.00000700
v 0.03727300 -0.00820500 0.00000000
v 0.03699900 -0.00843600 -0.00001700
v 0.03710600 -0.00830000 0.00000000
v 0.03693700 -0.00839100 0.00000000
v 0.03676600 -0.00847900 0.00000000
v 0.03659300 -0.00856400 0.00000000
v 0.03624300 -0.00872300 0.00000000
v 0.03641900 -0.00864600 0.00000000
v 0.03588600 -0.00886700 0.00000000
v 0.03606500 -0.00879700 0.00000000
v 0.03552400 -0.00899700 0.00000000
v 0.03534100 -0.00905700 0.00000000
v 0.03703100 -0.00849500 -0.00008800
v 0.03515700 -0.00911200 0.00000000
v 0.03315700 -0.00951500 -0.00000700
v 0.03250000 -0.00951400 -0.00000200
v 0.03458800 -0.00928200 -0.00000200
v 0.03497200 -0.00916400 0.00000000
v 0.03478600 -0.00921200 0.00000000
v 0.03385200 -0.00941800 -0.00000200
v 0.03346000 -0.00944300 0.00000000
v 0.03459800 -0.00925700 0.00000000
v 0.03480500 -0.00935600 -0.00010900
v 0.03403300 -0.00936700 0.00000000
v 0.03365200 -0.00942200 0.00000000
v 0.03384300 -0.00939600 0.00000000
v 0.03269300 -0.00949000 0.00000000
v 0.03288500 -0.00948400 0.00000000
v 0.03385600 -0.00944100 -0.00000700
v 0.03702500 -0.00848500 -0.00006700
v 0.03785700 -0.00798600 -0.00006700
v 0.03867700 -0.00737000 -0.00006700
v 0.03947200 -0.00664000 -0.00008800
v 0.04143800 -0.00359900 -0.00010900
v 0.04175400 -0.00268200 -0.00010900
v 0.04180600 -0.00249500 -0.00010900
v 0.04206500 -0.00116200 -0.00010900
v 0.04180800 0.00249400 -0.00010900
v 0.04136500 0.00377700 -0.00010900
v 0.04143900 0.00359800 -0.00010900
v 0.04019300 0.00577000 -0.00006700
v 0.03946300 0.00663200 -0.00006700
v 0.03785700 0.00798600 -0.00006700
v 0.03867700 0.00737000 -0.00006700
v 0.03702500 0.00848500 -0.00006700
v 0.03618500 0.00884500 -0.00003000
v 0.03385600 0.00944100 -0.00000700
v 0.03315700 0.00951500 -0.00000700
v 0.03460300 -0.00934800 -0.00003000
v 0.03538000 -0.00913900 -0.00003000
v 0.03385900 -0.00946400 -0.00001700
v 0.03618500 -0.00884500 -0.00003000
v 0.03700900 -0.00845500 -0.00003000
v 0.03943900 -0.00660800 -0.00003000
v 0.04016500 -0.00574900 -0.00003000
v 0.04197700 -0.00173800 -0.00010900
v 0.04212800 -0.00038900 -0.00010900
v 0.04043000 0.00547400 -0.00010900
v 0.03971300 0.00639100 -0.00010900
v 0.03889000 0.00721400 -0.00010900
v 0.03784800 0.00797300 -0.00004700
v 0.03701800 0.00847100 -0.00004700
v 0.03385900 0.00946400 -0.00001700
v 0.03315900 0.00953800 -0.00001700
v 0.03538600 -0.00915700 -0.00004700
v 0.03386200 -0.00948500 -0.00003000
v 0.03619200 -0.00886200 -0.00004700
v 0.03701800 -0.00847100 -0.00004700
v 0.03784800 -0.00797300 -0.00004700
v 0.03946300 -0.00663200 -0.00006700
v 0.04137600 -0.00369800 -0.00006700
v 0.04178000 -0.00251900 -0.00006700
v 0.04203100 -0.00127600 -0.00006700
v 0.04203100 0.00127600 -0.00006700
v 0.04082600 0.00478000 -0.00004700
v 0.04018100 0.00576000 -0.00004700
v 0.03480600 0.00935600 -0.00010900
v 0.03499400 0.00930800 -0.00010900
v 0.03250000 -0.00960100 -0.00004700
v 0.04019300 -0.00577000 -0.00006700
v 0.04151000 0.00341700 -0.00010900
v 0.03714900 0.00844100 -0.00010900
v 0.03697800 0.00853300 -0.00010900
v 0.03627700 0.00886600 -0.00010900
v 0.03609800 0.00894000 -0.00010900
v 0.03386800 0.00953000 -0.00008800
v 0.03250000 -0.00961600 -0.00006700
v 0.04185500 -0.00230700 -0.00010900
v 0.04208700 -0.00096900 -0.00010900
v 0.04201100 0.00154500 -0.00010900
v 0.04128700 0.00395500 -0.00010900
v 0.04074600 0.00498600 -0.00010900
v 0.03931400 0.00681400 -0.00010900
v 0.03844300 0.00758600 -0.00010900
v 0.03765000 0.00814500 -0.00010900
v 0.03680500 0.00862100 -0.00010900
v 0.03591700 0.00901000 -0.00010900
v 0.03518100 0.00925600 -0.00010900
v 0.03404600 0.00951100 -0.00010900
v 0.03423700 0.00947800 -0.00010900
v 0.03366200 0.00956600 -0.00010900
v 0.03536600 0.00920000 -0.00010900
v 0.03461700 0.00940100 -0.00010900
v 0.03385400 0.00954100 -0.00010900
v 0.03308200 0.00961900 -0.00010900
v 0.04031700 -0.00563300 -0.00010900
v 0.04093900 -0.00465000 -0.00010900
v 0.04175600 0.00268000 -0.00010900
v 0.03442700 0.00944100 -0.00010900
v 0.03250000 -0.00958200 -0.00003000
v 0.03250000 -0.00956100 -0.00001700
v 0.03250000 -0.00953800 -0.00000700
v -0.04491400 0.00011100 -0.01712000
v -0.04491000 0.00033200 -0.01712000
v -0.04490200 0.00055200 -0.01712000
v -0.04489100 -0.00076900 -0.01712000
v -0.04489100 0.00077200 -0.01712000
v -0.04487500 -0.00098800 -0.01712000
v -0.04487500 0.00099100 -0.01712000
v -0.04485600 -0.00120800 -0.01712000
v -0.04485600 0.00121000 -0.01712000
v -0.04483200 -0.00142800 -0.01712000
v -0.04480500 -0.00164600 -0.01712000
v -0.04483200 0.00142800 -0.01712000
v -0.04480500 0.00164600 -0.01712000
v -0.04477400 -0.00186300 -0.01712000
v -0.04477400 0.00186400 -0.01712000
v -0.04473900 -0.00207900 -0.01712000
v -0.04470100 -0.00229500 -0.01712000
v -0.04473900 0.00208100 -0.01712000
v -0.04470000 0.00229700 -0.01712000
v -0.04465800 -0.00251100 -0.01712000
v -0.04461200 0.00272600 -0.01712000
v -0.04456200 0.00294000 -0.01712000
v -0.04450800 0.00315300 -0.01712000
v -0.04445000 0.00336500 -0.01712000
v -0.04438900 0.00357600 -0.01712000
v -0.04432400 0.00378600 -0.01712000
v -0.04425500 0.00399400 -0.01712000
v -0.04418200 0.00420100 -0.01712000
v -0.04410600 0.00440800 -0.01712000
v -0.04402500 0.00461400 -0.01712000
v -0.04385600 -0.00501700 -0.01712000
v -0.04385400 0.00502000 -0.01712000
v -0.04376300 0.00522100 -0.01712000
v -0.04366900 0.00542000 -0.01712000
v -0.04357200 0.00561600 -0.01712000
v -0.04347000 0.00581200 -0.01712000
v -0.04185700 -0.00816000 -0.01712000
v -0.04336500 0.00600600 -0.01712000
v -0.04141100 -0.00864400 -0.01712000
v -0.04325700 0.00619800 -0.01712000
v -0.04314500 0.00638700 -0.01712000
v -0.04303100 0.00657400 -0.01712000
v -0.04291300 0.00675900 -0.01712000
v -0.04266700 0.00712400 -0.01712000
v -0.04254000 0.00730300 -0.01712000
v -0.04240900 0.00747900 -0.01712000
v -0.04227500 0.00765300 -0.01712000
v -0.04213900 0.00782400 -0.01712000
v -0.04171000 0.00832500 -0.01712000
v -0.04156100 0.00848700 -0.01712000
v -0.04140900 0.00864600 -0.01712000
v -0.04109800 0.00895500 -0.01712000
v -0.04077500 0.00925500 -0.01712000
v -0.04093800 0.00910600 -0.01712000
v -0.04060800 0.00940100 -0.01712000
v -0.03580000 -0.01196800 -0.01712000
v -0.04044000 0.00954300 -0.01712000
v -0.04027000 0.00968300 -0.01712000
v -0.04009700 0.00981900 -0.01712000
v -0.04199900 0.00799300 -0.01712000
v -0.04185600 0.00816000 -0.01712000
v -0.03745800 0.01138200 -0.01712000
v -0.03825000 0.01100300 -0.01712000
v -0.03805400 0.01110300 -0.01712000
v -0.03992200 0.00995200 -0.01712000
v -0.03974500 0.01008200 -0.01712000
v -0.03938200 0.01033200 -0.01712000
v -0.03901300 0.01056900 -0.01712000
v -0.03882500 0.01068300 -0.01712000
v -0.03863500 0.01079300 -0.01712000
v -0.03844400 0.01089900 -0.01712000
v -0.03601300 0.01190700 -0.01712000
v -0.03956400 0.01020900 -0.01712000
v -0.03785700 0.01119900 -0.01712000
v -0.03765800 0.01129200 -0.01712000
v -0.03725600 0.01146700 -0.01712000
v -0.03705300 0.01155000 -0.01712000
v -0.03684800 0.01162800 -0.01712000
v -0.03643300 0.01177500 -0.01712000
v -0.03622400 0.01184300 -0.01712000
v -0.04125500 0.00880200 -0.01712000
v -0.03655000 -0.01163300 -0.01547000
v -0.03546100 -0.01197500 -0.01573000
v -0.03415000 -0.01236800 -0.01885800
v -0.03415000 -0.01237800 -0.01935100
v -0.03415000 -0.01238600 -0.01984500
v -0.03345000 -0.01246400 -0.02054500
v -0.03350200 -0.01246000 -0.02054300
v -0.03360600 -0.01245100 -0.02052800
v -0.03384400 -0.01242700 -0.02042400
v -0.03379900 -0.01243200 -0.02045200
v -0.03375300 -0.01243700 -0.02047600
v -0.03392600 -0.01241800 -0.02035900
v -0.03399700 -0.01240900 -0.02028200
v -0.03402800 -0.01240500 -0.02024000
v -0.03410100 -0.01239500 -0.02010200
v -0.03408100 -0.01239800 -0.02015000
v -0.03413200 -0.01239000 -0.02000200
v -0.03414800 -0.01238700 -0.01989800
v -0.03355500 -0.00979200 -0.00088400
v -0.03354400 -0.00968700 -0.00049600
v -0.03463900 -0.00961400 -0.00088400
v -0.03491400 0.01085100 -0.00635600
v -0.03472100 0.01097000 -0.00675000
v -0.03569500 -0.00920400 -0.00049600
v -0.03461600 -0.00951100 -0.00049600
v -0.03300700 -0.00962300 -0.00010900
v -0.03317700 -0.00961300 -0.00010900
v -0.03334900 -0.00959900 -0.00010900
v -0.03283700 -0.00963100 -0.00010900
v -0.03466100 -0.00971500 -0.00127200
v -0.03356700 -0.00989500 -0.00127200
v -0.03266800 -0.00963500 -0.00010900
v -0.03573000 -0.00930400 -0.00088400
v -0.03357800 -0.00999600 -0.00166000
v -0.03689400 -0.00904200 -0.00166000
v -0.03579700 -0.00949800 -0.00166000
v -0.03576400 -0.00940200 -0.00127200
v -0.03358800 -0.01009500 -0.00204900
v -0.03675900 -0.00876300 -0.00049600
v -0.03680500 -0.00885800 -0.00088400
v -0.03685000 -0.00895100 -0.00127200
v -0.03693800 -0.00913200 -0.00204900
v -0.03582900 -0.00959200 -0.00204900
v -0.03795000 -0.00844800 -0.00166000
v -0.03586100 -0.00968400 -0.00243800
v -0.03698000 -0.00922000 -0.00243800
v -0.03800400 -0.00853200 -0.00204900
v -0.03702200 -0.00930500 -0.00282700
v -0.03805700 -0.00861400 -0.00243800
v -0.03589300 -0.00977400 -0.00282700
v -0.03706300 -0.00939000 -0.00321800
v -0.03893800 -0.00772200 -0.00166000
v -0.03789500 -0.00836300 -0.00127200
v -0.03710300 -0.00947200 -0.00360800
v -0.03592300 -0.00986200 -0.00321800
v -0.03815900 -0.00877200 -0.00321800
v -0.03810900 -0.00869400 -0.00282700
v -0.03900200 -0.00779800 -0.00204900
v -0.03820900 -0.00884900 -0.00360800
v -0.03960800 -0.00666300 -0.00049600
v -0.03825700 -0.00892500 -0.00399900
v -0.03887300 -0.00764400 -0.00127200
v -0.03983500 -0.00687600 -0.00166000
v -0.04036900 -0.00574600 -0.00049600
v -0.04021300 -0.00577600 -0.00010900
v -0.03990700 -0.00694400 -0.00204900
v -0.04061900 -0.00592900 -0.00166000
v -0.03976100 -0.00680600 -0.00127200
v -0.03830500 -0.00899800 -0.00439100
v -0.03835100 -0.00907000 -0.00478300
v -0.03718000 -0.00963100 -0.00439100
v -0.04070000 -0.00598800 -0.00204900
v -0.03924400 -0.00808800 -0.00360800
v -0.03930100 -0.00815700 -0.00399900
v -0.04084800 -0.00481200 -0.00010900
v -0.04100500 -0.00475300 -0.00049600
v -0.03935800 -0.00822400 -0.00439100
v -0.03946600 -0.00835400 -0.00517500
v -0.03941200 -0.00829000 -0.00478300
v -0.04043600 -0.00743900 -0.00517500
v -0.04053700 -0.00586900 -0.00127200
v -0.04127600 -0.00490400 -0.00166000
v -0.04024900 -0.00726400 -0.00399900
v -0.04049500 -0.00749500 -0.00556800
v -0.03951800 -0.00841700 -0.00556800
v -0.04037500 -0.00738200 -0.00478300
v -0.03956900 -0.00847800 -0.00596200
v -0.04055400 -0.00754900 -0.00596200
v -0.04135100 -0.00646300 -0.00556800
v -0.04179700 -0.00382700 -0.00166000
v -0.04118800 -0.00485500 -0.00127200
v -0.04141500 -0.00651000 -0.00596200
v -0.04107700 -0.00626300 -0.00399900
v -0.04114800 -0.00631500 -0.00439100
v -0.04147800 -0.00655600 -0.00635600
v -0.04220400 -0.00542300 -0.00635600
v -0.04246300 -0.00510000 -0.00675000
v -0.04236800 -0.00528000 -0.00675000
v -0.04213600 0.00000400 -0.00010900
v -0.04223000 -0.00051400 -0.00049600
v -0.04213500 -0.00016400 -0.00010900
v -0.04288300 -0.00417800 -0.00675000
v -0.04280600 -0.00436400 -0.00675000
v -0.04278000 -0.00423100 -0.00635600
v -0.04347200 -0.00178700 -0.00635600
v -0.04341300 -0.00248900 -0.00675000
v -0.04320100 -0.00301100 -0.00635600
v -0.04280800 -0.00290000 -0.00439100
v -0.04289000 -0.00292300 -0.00478300
v -0.04240200 -0.00407600 -0.00439100
v -0.04315300 -0.00173500 -0.00478300
v -0.04336200 -0.00057300 -0.00517500
v -0.04323600 -0.00174900 -0.00517500
v -0.04355600 -0.00173700 -0.00675000
v -0.04352600 -0.00192500 -0.00675000
v -0.04366300 -0.00081400 -0.00675000
v -0.04364800 -0.00099800 -0.00675000
v -0.04360100 -0.00058600 -0.00635600
v -0.04363000 -0.00118200 -0.00675000
v -0.04360100 0.00058600 -0.00635600
v -0.04369200 0.00009400 -0.00675000
v -0.04339500 -0.00177500 -0.00596200
v -0.04364700 0.00099700 -0.00675000
v -0.04366200 0.00081300 -0.00675000
v -0.04344400 -0.00057800 -0.00556800
v -0.04352300 0.00058200 -0.00596200
v -0.04352300 -0.00058200 -0.00596200
v -0.04336200 0.00057300 -0.00517500
v -0.04331600 0.00176200 -0.00556800
v -0.04344400 0.00057800 -0.00556800
v -0.04362900 0.00118100 -0.00675000
v -0.04347200 0.00178700 -0.00635600
v -0.04360800 0.00136600 -0.00675000
v -0.04352500 0.00192400 -0.00675000
v -0.04349100 0.00211000 -0.00675000
v -0.04358300 0.00155100 -0.00675000
v -0.04245900 0.00280200 -0.00282700
v -0.04206700 0.00393800 -0.00282700
v -0.04215400 0.00397400 -0.00321800
v -0.04320100 0.00301100 -0.00635600
v -0.04278000 0.00423100 -0.00635600
v -0.04339500 0.00177500 -0.00596200
v -0.04240200 0.00407600 -0.00439100
v -0.04272400 0.00287600 -0.00399900
v -0.04232100 0.00404300 -0.00399900
v -0.04255400 0.00491400 -0.00675000
v -0.04312600 0.00299000 -0.00596200
v -0.04263400 0.00417200 -0.00556800
v -0.04213600 0.00538500 -0.00596200
v -0.04270800 0.00420200 -0.00596200
v -0.04220400 0.00542300 -0.00635600
v -0.04236800 0.00527900 -0.00675000
v -0.04195400 0.00598900 -0.00675000
v -0.04206300 0.00581400 -0.00675000
v -0.04147800 0.00655600 -0.00635600
v -0.04109700 0.00716500 -0.00675000
v -0.04123000 0.00700300 -0.00675000
v -0.04160700 0.00650600 -0.00675000
v -0.04172600 0.00633500 -0.00675000
v -0.04024100 0.00808300 -0.00675000
v -0.04061000 0.00760300 -0.00635600
v -0.03961900 0.00853800 -0.00635600
v -0.04068100 0.00763700 -0.00675000
v -0.03895200 0.00914500 -0.00675000
v -0.03852600 0.00934100 -0.00635600
v -0.03878000 0.00926400 -0.00675000
v -0.03912100 0.00902400 -0.00675000
v -0.03397000 0.01109600 -0.00675000
v -0.03415700 0.01106900 -0.00675000
v -0.03369100 0.01105200 -0.00635600
v -0.03843200 0.00949100 -0.00675000
v -0.03860600 0.00938000 -0.00675000
v -0.03378300 0.01111900 -0.00675000
v -0.03453300 0.01100600 -0.00675000
v -0.03735900 0.00999800 -0.00635600
v -0.03735100 0.01008600 -0.00675000
v -0.03698300 0.01025500 -0.00675000
v -0.03566800 0.01073500 -0.00675000
v -0.03614500 0.01050200 -0.00635600
v -0.03547900 0.01078900 -0.00675000
v -0.03585700 0.01067700 -0.00675000
v -0.03623300 0.01055100 -0.00675000
v -0.03642200 0.01048300 -0.00675000
v -0.03604500 0.01061600 -0.00675000
v -0.03661000 0.01041000 -0.00675000
v -0.03807800 0.00970300 -0.00675000
v -0.03716800 0.01017300 -0.00675000
v -0.03977500 0.00850500 -0.00675000
v -0.03993300 0.00836700 -0.00675000
v -0.03928700 0.00889900 -0.00675000
v -0.04148400 0.00667500 -0.00675000
v -0.04107700 0.00626300 -0.00399900
v -0.04169300 0.00513700 -0.00360800
v -0.04100500 0.00621100 -0.00360800
v -0.04199500 0.00530600 -0.00517500
v -0.04192200 0.00526500 -0.00478300
v -0.04128500 0.00641500 -0.00517500
v -0.04135100 0.00646300 -0.00556800
v -0.04206700 0.00534600 -0.00556800
v -0.04141500 0.00651000 -0.00596200
v -0.04055400 0.00754900 -0.00596200
v -0.04114800 0.00631500 -0.00439100
v -0.04177100 0.00518100 -0.00399900
v -0.04121700 0.00636500 -0.00478300
v -0.04184800 0.00522400 -0.00439100
v -0.04049500 0.00749500 -0.00556800
v -0.04043600 0.00743900 -0.00517500
v -0.03946600 0.00835400 -0.00517500
v -0.04037500 0.00738200 -0.00478300
v -0.03941200 0.00829000 -0.00478300
v -0.04248100 0.00410900 -0.00478300
v -0.04024900 0.00726400 -0.00399900
v -0.04018300 0.00720200 -0.00360800
v -0.03935800 0.00822400 -0.00439100
v -0.03900200 0.00779800 -0.00204900
v -0.03893800 0.00772200 -0.00166000
v -0.03800400 0.00853200 -0.00204900
v -0.03924400 0.00808800 -0.00360800
v -0.04011600 0.00714000 -0.00321800
v -0.03918500 0.00801800 -0.00321800
v -0.03683200 0.00860700 -0.00010900
v -0.03675900 0.00876300 -0.00049600
v -0.03700100 0.00852000 -0.00010900
v -0.03825700 0.00892500 -0.00399900
v -0.03820900 0.00884900 -0.00360800
v -0.03789500 0.00836300 -0.00127200
v -0.03689400 0.00904200 -0.00166000
v -0.03795000 0.00844800 -0.00166000
v -0.03710300 0.00947200 -0.00360800
v -0.03815900 0.00877200 -0.00321800
v -0.03706300 0.00939000 -0.00321800
v -0.03930100 0.00815700 -0.00399900
v -0.03810900 0.00869400 -0.00282700
v -0.03912600 0.00794600 -0.00282700
v -0.03693800 0.00913200 -0.00204900
v -0.03569500 0.00920400 -0.00049600
v -0.03597100 0.00898900 -0.00010900
v -0.03579600 0.00905500 -0.00010900
v -0.03698000 0.00922000 -0.00243800
v -0.03805700 0.00861400 -0.00243800
v -0.03702200 0.00930500 -0.00282700
v -0.03685000 0.00895100 -0.00127200
v -0.03579700 0.00949800 -0.00166000
v -0.03474700 0.01009900 -0.00282700
v -0.03589300 0.00977400 -0.00282700
v -0.03586100 0.00968400 -0.00243800
v -0.03582900 0.00959200 -0.00204900
v -0.03472600 0.01000600 -0.00243800
v -0.03474200 0.00937100 -0.00010900
v -0.03461600 0.00951100 -0.00049600
v -0.03491900 0.00932800 -0.00010900
v -0.03680500 0.00885800 -0.00088400
v -0.03573000 0.00930400 -0.00088400
v -0.03576400 0.00940200 -0.00127200
v -0.03456700 0.00941200 -0.00010900
v -0.03470500 0.00991100 -0.00204900
v -0.03468300 0.00981400 -0.00166000
v -0.03421700 0.00948200 -0.00010900
v -0.03439200 0.00944900 -0.00010900
v -0.03466100 0.00971500 -0.00127200
v -0.03357800 0.00999600 -0.00166000
v -0.03356700 0.00989500 -0.00127200
v -0.03404300 0.00951200 -0.00010900
v -0.03463900 0.00961400 -0.00088400
v -0.03386800 0.00953900 -0.00010900
v -0.03354400 0.00968700 -0.00049600
v -0.03355500 0.00979200 -0.00088400
v -0.03250000 0.00995200 -0.00127200
v -0.03250000 0.00974300 -0.00049600
v -0.03369300 0.00956200 -0.00010900
v -0.03352000 0.00958200 -0.00010900
v -0.03334900 0.00959900 -0.00010900
v -0.03317700 0.00961300 -0.00010900
v -0.03300700 0.00962300 -0.00010900
v -0.03266800 0.00963500 -0.00010900
v -0.03283700 0.00963100 -0.00010900
v -0.03961400 0.00864000 -0.00675000
v -0.03778200 0.00818700 -0.00049600
v -0.03798600 0.00792200 -0.00010900
v -0.03782600 0.00803000 -0.00010900
v -0.03945200 0.00877100 -0.00675000
v -0.03322800 0.01116900 -0.00675000
v -0.03304500 0.01118000 -0.00675000
v -0.03286300 0.01118700 -0.00675000
v -0.03250000 0.01111600 -0.00635600
v -0.03268100 0.01119100 -0.00675000
v -0.03250000 0.01119200 -0.00675000
v -0.04039100 0.00793700 -0.00675000
v -0.04053700 0.00778900 -0.00675000
v -0.04135800 0.00684000 -0.00675000
v -0.04255900 0.00414000 -0.00517500
v -0.04272600 0.00454700 -0.00675000
v -0.04288300 0.00417700 -0.00675000
v -0.04295600 0.00399000 -0.00675000
v -0.04305000 0.00296800 -0.00556800
v -0.04297100 0.00294600 -0.00517500
v -0.04289000 0.00292300 -0.00478300
v -0.04315400 0.00342700 -0.00675000
v -0.04326800 0.00305200 -0.00675000
v -0.04331900 0.00286300 -0.00675000
v -0.04323600 0.00174900 -0.00517500
v -0.04345300 0.00229800 -0.00675000
v -0.04315300 0.00173500 -0.00478300
v -0.04319300 0.00056400 -0.00439100
v -0.04306900 0.00172200 -0.00439100
v -0.04327900 0.00056900 -0.00478300
v -0.04319300 -0.00056400 -0.00439100
v -0.04369200 -0.00008600 -0.00675000
v -0.04368900 -0.00026700 -0.00675000
v -0.04327900 -0.00056900 -0.00478300
v -0.04368300 -0.00044800 -0.00675000
v -0.04367400 -0.00063100 -0.00675000
v -0.04306900 -0.00172200 -0.00439100
v -0.04331600 -0.00176200 -0.00556800
v -0.04312600 -0.00299000 -0.00596200
v -0.04358400 -0.00155200 -0.00675000
v -0.04349100 -0.00211300 -0.00675000
v -0.04305000 -0.00296800 -0.00556800
v -0.04345400 -0.00230100 -0.00675000
v -0.04297100 -0.00294600 -0.00517500
v -0.04270800 -0.00420200 -0.00596200
v -0.04336800 -0.00267600 -0.00675000
v -0.04326800 -0.00305200 -0.00675000
v -0.04263400 -0.00417200 -0.00556800
v -0.04321300 -0.00324100 -0.00675000
v -0.04255900 -0.00414000 -0.00517500
v -0.04315400 -0.00343000 -0.00675000
v -0.04309200 -0.00361800 -0.00675000
v -0.04302600 -0.00380500 -0.00675000
v -0.04295600 -0.00399200 -0.00675000
v -0.04213600 -0.00538500 -0.00596200
v -0.04206700 -0.00534600 -0.00556800
v -0.04248100 -0.00410900 -0.00478300
v -0.04184800 -0.00522400 -0.00439100
v -0.04232100 -0.00404300 -0.00399900
v -0.04177100 -0.00518100 -0.00399900
v -0.04272600 -0.00455000 -0.00675000
v -0.04199500 -0.00530600 -0.00517500
v -0.04264200 -0.00473500 -0.00675000
v -0.04255400 -0.00491800 -0.00675000
v -0.04192200 -0.00526500 -0.00478300
v -0.04216800 -0.00563900 -0.00675000
v -0.04227000 -0.00546000 -0.00675000
v -0.04195300 -0.00599200 -0.00675000
v -0.04184100 -0.00616600 -0.00675000
v -0.04128500 -0.00641500 -0.00517500
v -0.04160600 -0.00650700 -0.00675000
v -0.04061000 -0.00760300 -0.00635600
v -0.04121700 -0.00636500 -0.00478300
v -0.04148300 -0.00667500 -0.00675000
v -0.04135700 -0.00684200 -0.00675000
v -0.04122800 -0.00700600 -0.00675000
v -0.04109500 -0.00716800 -0.00675000
v -0.04096000 -0.00732700 -0.00675000
v -0.04082200 -0.00748400 -0.00675000
v -0.04068100 -0.00763700 -0.00675000
v -0.04053600 -0.00779000 -0.00675000
v -0.04038800 -0.00793900 -0.00675000
v -0.03961900 -0.00853800 -0.00635600
v -0.04023800 -0.00808600 -0.00675000
v -0.04008600 -0.00822900 -0.00675000
v -0.03714200 -0.00955200 -0.00399900
v -0.03977300 -0.00850600 -0.00675000
v -0.03928400 -0.00890100 -0.00675000
v -0.03961300 -0.00864100 -0.00675000
v -0.03911700 -0.00902600 -0.00675000
v -0.03852600 -0.00934100 -0.00635600
v -0.03894900 -0.00914700 -0.00675000
v -0.03877800 -0.00926500 -0.00675000
v -0.03860600 -0.00938000 -0.00675000
v -0.03843000 -0.00949100 -0.00675000
v -0.03825300 -0.00960000 -0.00675000
v -0.03735900 -0.00999800 -0.00635600
v -0.03807500 -0.00970400 -0.00675000
v -0.03789600 -0.00980500 -0.00675000
v -0.03753400 -0.00999600 -0.00675000
v -0.03698000 -0.01025500 -0.00675000
v -0.03679400 -0.01033500 -0.00675000
v -0.03614500 -0.01050200 -0.00635600
v -0.03491400 -0.01085100 -0.00635600
v -0.03489700 -0.01077500 -0.00596200
v -0.03585400 -0.01067700 -0.00675000
v -0.03566500 -0.01073400 -0.00675000
v -0.03547600 -0.01078800 -0.00675000
v -0.03528700 -0.01083900 -0.00675000
v -0.03490900 -0.01093000 -0.00675000
v -0.03434200 -0.01103800 -0.00675000
v -0.03415500 -0.01106800 -0.00675000
v -0.03367400 -0.01089600 -0.00556800
v -0.03612000 -0.01042800 -0.00596200
v -0.03732500 -0.00992800 -0.00596200
v -0.03848400 -0.00927600 -0.00596200
v -0.04223000 0.00051400 -0.00049600
v -0.04208200 0.00101300 -0.00010900
v -0.04283200 0.00054500 -0.00282700
v -0.04273600 -0.00054000 -0.00243800
v -0.04273600 0.00054000 -0.00243800
v -0.04271100 0.00166300 -0.00282700
v -0.04261700 0.00164800 -0.00243800
v -0.04236700 0.00277600 -0.00243800
v -0.04289400 0.00169300 -0.00360800
v -0.04263800 0.00285200 -0.00360800
v -0.04223800 0.00400900 -0.00360800
v -0.03956900 0.00847800 -0.00596200
v -0.03848400 0.00927600 -0.00596200
v -0.03732500 0.00992800 -0.00596200
v -0.03612000 0.01042800 -0.00596200
v -0.03489700 0.01077500 -0.00596200
v -0.03368300 0.01097500 -0.00596200
v -0.03366600 -0.01081500 -0.00517500
v -0.03488000 -0.01069800 -0.00556800
v -0.03609400 -0.01035300 -0.00556800
v -0.03729000 -0.00985700 -0.00556800
v -0.03844100 -0.00920900 -0.00556800
v -0.04217800 -0.00272300 -0.00166000
v -0.04170300 -0.00378800 -0.00127200
v -0.04242300 -0.00161600 -0.00166000
v -0.04208000 -0.00269500 -0.00127200
v -0.04254000 -0.00053000 -0.00166000
v -0.04232300 -0.00160000 -0.00127200
v -0.04254000 0.00053000 -0.00166000
v -0.04243800 -0.00052500 -0.00127200
v -0.04243800 0.00052500 -0.00127200
v -0.04242300 0.00161600 -0.00166000
v -0.04232300 0.00160000 -0.00127200
v -0.04217800 0.00272300 -0.00166000
v -0.04208000 0.00269500 -0.00127200
v -0.04179700 0.00382700 -0.00166000
v -0.04254900 0.00282700 -0.00321800
v -0.04280400 0.00167900 -0.00321800
v -0.04161300 0.00509300 -0.00321800
v -0.03951800 0.00841700 -0.00556800
v -0.03844100 0.00920900 -0.00556800
v -0.03729000 0.00985700 -0.00556800
v -0.03609400 0.01035300 -0.00556800
v -0.03488000 0.01069800 -0.00556800
v -0.03250000 0.01103900 -0.00596200
v -0.03367400 0.01089600 -0.00556800
v -0.03365700 -0.01073200 -0.00478300
v -0.03486200 -0.01061800 -0.00517500
v -0.03606700 -0.01027600 -0.00517500
v -0.03725400 -0.00978300 -0.00517500
v -0.03839700 -0.00914000 -0.00517500
v -0.04151000 -0.00370900 -0.00049600
v -0.04135700 -0.00379600 -0.00010900
v -0.04187900 -0.00263900 -0.00049600
v -0.04198400 -0.00170400 -0.00010900
v -0.04211600 -0.00156700 -0.00049600
v -0.04195100 -0.00187900 -0.00010900
v -0.04198100 -0.00266700 -0.00088400
v -0.04222000 -0.00158400 -0.00088400
v -0.04233500 -0.00051900 -0.00088400
v -0.04233500 0.00051900 -0.00088400
v -0.04222000 0.00158400 -0.00088400
v -0.04280800 0.00290000 -0.00439100
v -0.03873900 0.00748300 -0.00049600
v -0.03890100 0.00720300 -0.00010900
v -0.03875500 0.00733000 -0.00010900
v -0.03839700 0.00914000 -0.00517500
v -0.03725400 0.00978300 -0.00517500
v -0.03606700 0.01027600 -0.00517500
v -0.03486200 0.01061800 -0.00517500
v -0.03250000 0.01095900 -0.00556800
v -0.03366600 0.01081500 -0.00517500
v -0.03364800 -0.01064700 -0.00439100
v -0.03484400 -0.01053600 -0.00478300
v -0.03604000 -0.01019700 -0.00478300
v -0.03721800 -0.00970800 -0.00478300
v -0.04136300 -0.00495300 -0.00204900
v -0.04188900 -0.00386500 -0.00204900
v -0.04227400 -0.00275000 -0.00204900
v -0.04206300 -0.00118600 -0.00010900
v -0.04208300 -0.00101400 -0.00010900
v -0.04272400 -0.00287600 -0.00399900
v -0.04298200 -0.00170800 -0.00399900
v -0.04310600 -0.00056000 -0.00399900
v -0.04310600 0.00056000 -0.00399900
v -0.04298200 0.00170800 -0.00399900
v -0.04070000 0.00598800 -0.00204900
v -0.04136300 0.00495300 -0.00204900
v -0.04127600 0.00490400 -0.00166000
v -0.03990700 0.00694400 -0.00204900
v -0.04061900 0.00592900 -0.00166000
v -0.03983500 0.00687600 -0.00166000
v -0.03835100 0.00907000 -0.00478300
v -0.03721800 0.00970800 -0.00478300
v -0.03604000 0.01019700 -0.00478300
v -0.03484400 0.01053600 -0.00478300
v -0.03250000 0.01087700 -0.00517500
v -0.03365700 0.01073200 -0.00478300
v -0.03363800 -0.01055900 -0.00399900
v -0.03482600 -0.01045300 -0.00439100
v -0.03601100 -0.01011600 -0.00439100
v -0.04018300 -0.00720200 -0.00360800
v -0.04100500 -0.00621100 -0.00360800
v -0.04169300 -0.00513700 -0.00360800
v -0.04223800 -0.00400900 -0.00360800
v -0.04263800 -0.00285200 -0.00360800
v -0.04289400 -0.00169300 -0.00360800
v -0.04301600 -0.00055500 -0.00360800
v -0.04301600 0.00055500 -0.00360800
v -0.04170300 0.00378800 -0.00127200
v -0.04118800 0.00485500 -0.00127200
v -0.04053700 0.00586900 -0.00127200
v -0.03976100 0.00680600 -0.00127200
v -0.03887300 0.00764400 -0.00127200
v -0.03830500 0.00899800 -0.00439100
v -0.03718000 0.00963100 -0.00439100
v -0.03601100 0.01011600 -0.00439100
v -0.03482600 0.01045300 -0.00439100
v -0.03250000 0.01079400 -0.00478300
v -0.03364800 0.01064700 -0.00439100
v -0.03362900 -0.01047000 -0.00360800
v -0.03480600 -0.01036700 -0.00399900
v -0.03598300 -0.01003300 -0.00399900
v -0.03918500 -0.00801800 -0.00321800
v -0.04011600 -0.00714000 -0.00321800
v -0.04093100 -0.00615700 -0.00321800
v -0.04161300 -0.00509300 -0.00321800
v -0.04215400 -0.00397400 -0.00321800
v -0.04254900 -0.00282700 -0.00321800
v -0.04280400 -0.00167900 -0.00321800
v -0.04292500 -0.00055000 -0.00321800
v -0.04292500 0.00055000 -0.00321800
v -0.04227400 0.00275000 -0.00204900
v -0.04197900 0.00390200 -0.00243800
v -0.04188900 0.00386500 -0.00204900
v -0.04144800 0.00500000 -0.00243800
v -0.03960800 0.00666300 -0.00049600
v -0.03972500 0.00637500 -0.00010900
v -0.03959500 0.00652000 -0.00010900
v -0.04093100 0.00615700 -0.00321800
v -0.03714200 0.00955200 -0.00399900
v -0.03598300 0.01003300 -0.00399900
v -0.03480600 0.01036700 -0.00399900
v -0.03250000 0.01070800 -0.00439100
v -0.03363800 0.01055900 -0.00399900
v -0.03361900 -0.01037900 -0.00321800
v -0.03478700 -0.01028000 -0.00360800
v -0.03595300 -0.00994900 -0.00360800
v -0.03912600 -0.00794600 -0.00282700
v -0.04004800 -0.00707600 -0.00282700
v -0.04085500 -0.00610100 -0.00282700
v -0.04153200 -0.00504700 -0.00282700
v -0.04206700 -0.00393800 -0.00282700
v -0.04245900 -0.00280200 -0.00282700
v -0.04271100 -0.00166300 -0.00282700
v -0.04283200 -0.00054500 -0.00282700
v -0.04252100 0.00163200 -0.00204900
v -0.04153200 0.00504700 -0.00282700
v -0.04085500 0.00610100 -0.00282700
v -0.04004800 0.00707600 -0.00282700
v -0.03595300 0.00994900 -0.00360800
v -0.03478700 0.01028000 -0.00360800
v -0.03250000 0.01062100 -0.00399900
v -0.03362900 0.01047000 -0.00360800
v -0.03360900 -0.01028600 -0.00282700
v -0.03476700 -0.01019000 -0.00321800
v -0.03778200 -0.00818700 -0.00049600
v -0.03906400 -0.00787300 -0.00243800
v -0.03997900 -0.00701000 -0.00243800
v -0.04077800 -0.00604500 -0.00243800
v -0.04144800 -0.00500000 -0.00243800
v -0.04197900 -0.00390200 -0.00243800
v -0.04236700 -0.00277600 -0.00243800
v -0.04261700 -0.00164800 -0.00243800
v -0.04211600 0.00156700 -0.00049600
v -0.04187900 0.00263900 -0.00049600
v -0.04198100 0.00266700 -0.00088400
v -0.04151000 0.00370900 -0.00049600
v -0.04160700 0.00374900 -0.00088400
v -0.04077800 0.00604500 -0.00243800
v -0.03997900 0.00701000 -0.00243800
v -0.03906400 0.00787300 -0.00243800
v -0.03592300 0.00986200 -0.00321800
v -0.03476700 0.01019000 -0.00321800
v -0.03250000 0.01053100 -0.00360800
v -0.03361900 0.01037900 -0.00321800
v -0.03359900 -0.01019200 -0.00243800
v -0.03474700 -0.01009900 -0.00282700
v -0.03873900 -0.00748300 -0.00049600
v -0.04252100 -0.00163200 -0.00204900
v -0.04263900 -0.00053500 -0.00204900
v -0.04263900 0.00053500 -0.00204900
v -0.04120200 0.00413800 -0.00010900
v -0.04100500 0.00475300 -0.00049600
v -0.04065100 0.00513900 -0.00010900
v -0.04036900 0.00574600 -0.00049600
v -0.03250000 0.01044000 -0.00321800
v -0.03360900 0.01028600 -0.00282700
v -0.03472600 -0.01000600 -0.00243800
v -0.03783900 -0.00827600 -0.00088400
v -0.03880700 -0.00756400 -0.00088400
v -0.03968500 -0.00673600 -0.00088400
v -0.04045400 -0.00580800 -0.00088400
v -0.04109700 -0.00480400 -0.00088400
v -0.04160700 -0.00374900 -0.00088400
v -0.04109700 0.00480400 -0.00088400
v -0.04045400 0.00580800 -0.00088400
v -0.03968500 0.00673600 -0.00088400
v -0.03880700 0.00756400 -0.00088400
v -0.03783900 0.00827600 -0.00088400
v -0.03359900 0.01019200 -0.00243800
v -0.03470500 -0.00991100 -0.00204900
v -0.04043800 -0.00546300 -0.00010900
v -0.04103200 -0.00447900 -0.00010900
v -0.04149700 -0.00345200 -0.00010900
v -0.04156200 -0.00327800 -0.00010900
v -0.04183200 -0.00240400 -0.00010900
v -0.04187500 -0.00222900 -0.00010900
v -0.04204000 -0.00135800 -0.00010900
v -0.04213000 -0.00033200 -0.00010900
v -0.04195100 0.00187700 -0.00010900
v -0.04168000 0.00292700 -0.00010900
v -0.04162300 0.00310100 -0.00010900
v -0.04128100 0.00396700 -0.00010900
v -0.04075200 0.00497500 -0.00010900
v -0.03997500 0.00608000 -0.00010900
v -0.03932600 0.00680100 -0.00010900
v -0.03918600 0.00693800 -0.00010900
v -0.03845400 0.00757600 -0.00010900
v -0.03830000 0.00769500 -0.00010900
v -0.03750200 0.00823600 -0.00010900
v -0.03733700 0.00833400 -0.00010900
v -0.03649200 0.00877100 -0.00010900
v -0.03631900 0.00884700 -0.00010900
v -0.03544700 0.00917500 -0.00010900
v -0.03527200 0.00922900 -0.00010900
v -0.03250000 0.01025100 -0.00243800
v -0.03358800 0.01009500 -0.00204900
v -0.03468300 -0.00981400 -0.00166000
v -0.04094200 -0.00464700 -0.00010900
v -0.04142900 -0.00362400 -0.00010900
v -0.04178500 -0.00257800 -0.00010900
v -0.04201400 -0.00153100 -0.00010900
v -0.04211300 -0.00067200 -0.00010900
v -0.04212300 -0.00050200 -0.00010900
v -0.04213000 0.00033700 -0.00010900
v -0.04212300 0.00050300 -0.00010900
v -0.04201300 0.00153000 -0.00010900
v -0.04183100 0.00240100 -0.00010900
v -0.04178400 0.00257600 -0.00010900
v -0.04149700 0.00344800 -0.00010900
v -0.04094300 0.00464300 -0.00010900
v -0.04044000 0.00545900 -0.00010900
v -0.04032900 0.00561700 -0.00010900
v -0.03766500 0.00813500 -0.00010900
v -0.03666300 0.00869100 -0.00010900
v -0.03562200 0.00911600 -0.00010900
v -0.04162300 -0.00310300 -0.00010900
v -0.04191500 -0.00205400 -0.00010900
v -0.04210000 -0.00084300 -0.00010900
v -0.04213500 0.00017100 -0.00010900
v -0.04054700 0.00530000 -0.00010900
v -0.03985100 0.00622900 -0.00010900
v -0.03904400 0.00707200 -0.00010900
v -0.03814300 0.00781000 -0.00010900
v -0.03716900 0.00842900 -0.00010900
v -0.03614600 0.00892000 -0.00010900
v -0.03509600 0.00928000 -0.00010900
v -0.03250000 0.01005400 -0.00166000
v -0.04211200 0.00067100 -0.00010900
v -0.04198400 0.00170400 -0.00010900
v -0.04173400 0.00275200 -0.00010900
v -0.04135700 0.00379400 -0.00010900
v -0.03946200 0.00666100 -0.00010900
v -0.03860600 0.00745400 -0.00010900
v 0.03250000 0.01053100 -0.00360800
v 0.03250000 0.01062100 -0.00399900
v 0.03250000 0.01070800 -0.00439100
v 0.03250000 0.01103900 -0.00596200
v 0.03250000 0.01119200 -0.00675000
v 0.03250000 0.01034600 -0.00282700
v 0.03250000 0.01025100 -0.00243800
v -0.03250000 0.01034600 -0.00282800
v 0.03250000 0.01015300 -0.00204900
v -0.03250000 0.01015300 -0.00204900
v 0.03250000 0.01005400 -0.00166000
v 0.03250000 0.00995200 -0.00127200
v 0.03250000 0.00984900 -0.00088400
v -0.03250000 0.00984900 -0.00088400
v 0.03250000 0.00974300 -0.00049600
v 0.03015100 0.01246300 -0.01833200
v 0.03043800 0.01246000 -0.01823600
v 0.03054200 0.01245800 -0.01817300
v 0.03072300 0.01245200 -0.01800900
v 0.03090100 0.01244000 -0.01769200
v 0.02984800 0.01246300 -0.01833100
v 0.02909800 0.01244000 -0.01769100
v 0.02905200 0.01243000 -0.01745200
v 0.03095000 0.01240200 -0.01685500
v 0.03095000 0.01230200 -0.01524700
v 0.03095000 0.01216800 -0.01364200
v 0.03095000 0.01226100 -0.01471200
v 0.03095000 0.01199900 -0.01204000
v 0.03095000 0.01193500 -0.01150700
v 0.03054100 0.01176100 -0.01019100
v 0.03093200 0.01184300 -0.01079100
v 0.02905800 0.01185100 -0.01085100
v 0.02914500 0.01181200 -0.01055800
v 0.03003100 0.01173700 -0.01002200
v 0.03072100 0.01178400 -0.01035400
v -0.03095000 0.01226100 -0.01471200
v -0.03095000 0.01216800 -0.01364200
v -0.03095000 0.01230200 -0.01524700
v -0.03095000 0.01240200 -0.01685500
v -0.03043900 0.01246000 -0.01823600
v -0.03054300 0.01245800 -0.01817300
v -0.03072300 0.01245200 -0.01800900
v -0.03090200 0.01244000 -0.01769100
v -0.03094800 0.01243000 -0.01745200
v -0.03003000 0.01173700 -0.01002200
v -0.03094200 0.01185100 -0.01085100
v -0.03085500 0.01181200 -0.01055800
v -0.03054000 0.01176100 -0.01019100
v 0.03353800 0.00968800 -0.00049600
v 0.03462800 0.00961600 -0.00088400
v 0.03355000 0.00979300 -0.00088400
v 0.03491800 -0.01085000 -0.00635600
v 0.03472100 -0.01097000 -0.00675000
v 0.03491000 -0.01093000 -0.00675000
v 0.03465000 0.00971700 -0.00127200
v 0.03356100 0.00989500 -0.00127200
v 0.03568000 0.00920900 -0.00049600
v 0.03460500 0.00951300 -0.00049600
v 0.03300400 0.00962400 -0.00010900
v 0.03283500 0.00963100 -0.00010900
v 0.03317400 0.00961300 -0.00010900
v 0.03266700 0.00963500 -0.00010900
v 0.03571500 0.00930900 -0.00088400
v 0.03357200 0.00999600 -0.00166000
v 0.03687700 0.00905100 -0.00166000
v 0.03578200 0.00950300 -0.00166000
v 0.03574900 0.00940700 -0.00127200
v 0.03358200 0.01009500 -0.00204900
v 0.03674100 0.00877200 -0.00049600
v 0.03678700 0.00886600 -0.00088400
v 0.03683200 0.00896000 -0.00127200
v 0.03692000 0.00914000 -0.00204900
v 0.03581400 0.00959700 -0.00204900
v 0.03793100 0.00846000 -0.00166000
v 0.03584600 0.00968900 -0.00243800
v 0.03696200 0.00922800 -0.00243800
v 0.03798500 0.00854400 -0.00204900
v 0.03700400 0.00931400 -0.00282700
v 0.03803800 0.00862600 -0.00243800
v 0.03587700 0.00977900 -0.00282700
v 0.03704500 0.00939800 -0.00321800
v 0.03892000 0.00773700 -0.00166000
v 0.03787600 0.00837500 -0.00127200
v 0.03708400 0.00948100 -0.00360800
v 0.03590800 0.00986800 -0.00321800
v 0.03814000 0.00878500 -0.00321800
v 0.03808900 0.00870600 -0.00282700
v 0.03898300 0.00781300 -0.00204900
v 0.03818900 0.00886200 -0.00360800
v 0.03959200 0.00668000 -0.00049600
v 0.03823800 0.00893700 -0.00399900
v 0.03885500 0.00765900 -0.00127200
v 0.03981800 0.00689300 -0.00166000
v 0.04035500 0.00576400 -0.00049600
v 0.04008200 0.00594700 -0.00010900
v 0.03989100 0.00696200 -0.00204900
v 0.04060500 0.00594800 -0.00166000
v 0.03974400 0.00682400 -0.00127200
v 0.03828500 0.00901100 -0.00439100
v 0.03833100 0.00908300 -0.00478300
v 0.03716200 0.00964000 -0.00439100
v 0.04068600 0.00600700 -0.00204900
v 0.03922500 0.00810400 -0.00360800
v 0.03928200 0.00817300 -0.00399900
v 0.04083800 0.00483000 -0.00010900
v 0.04099500 0.00477100 -0.00049600
v 0.03933800 0.00824100 -0.00439100
v 0.03944600 0.00837100 -0.00517500
v 0.03939300 0.00830700 -0.00478300
v 0.04041800 0.00745800 -0.00517500
v 0.04052400 0.00588800 -0.00127200
v 0.04126600 0.00492300 -0.00166000
v 0.04023100 0.00728200 -0.00399900
v 0.04029500 0.00734200 -0.00439100
v 0.04047700 0.00751400 -0.00556800
v 0.03949800 0.00843400 -0.00556800
v 0.04035700 0.00740100 -0.00478300
v 0.03954900 0.00849500 -0.00596200
v 0.04053500 0.00756900 -0.00596200
v 0.04133600 0.00648300 -0.00556800
v 0.04179000 0.00384300 -0.00166000
v 0.04117700 0.00487300 -0.00127200
v 0.04140000 0.00653100 -0.00596200
v 0.04106300 0.00628300 -0.00399900
v 0.04113300 0.00633500 -0.00439100
v 0.04146200 0.00657600 -0.00635600
v 0.04219300 0.00544300 -0.00635600
v 0.04246300 0.00510000 -0.00675000
v 0.04236800 0.00528000 -0.00675000
v 0.04213700 -0.00000200 -0.00010900
v 0.04222900 0.00051600 -0.00049600
v 0.04213500 0.00016600 -0.00010900
v 0.04277200 0.00425000 -0.00635600
v 0.04347000 0.00179700 -0.00635600
v 0.04341300 0.00248900 -0.00675000
v 0.04319700 0.00302500 -0.00635600
v 0.04280400 0.00291400 -0.00439100
v 0.04288600 0.00293700 -0.00478300
v 0.04239500 0.00409400 -0.00439100
v 0.04315200 0.00174500 -0.00478300
v 0.04336200 0.00057600 -0.00517500
v 0.04323400 0.00175800 -0.00517500
v 0.04355600 0.00173700 -0.00675000
v 0.04352600 0.00192500 -0.00675000
v 0.04366300 0.00081400 -0.00675000
v 0.04364800 0.00099800 -0.00675000
v 0.04360100 0.00058900 -0.00635600
v 0.04360900 0.00136600 -0.00675000
v 0.04363000 0.00118200 -0.00675000
v 0.04360100 -0.00058500 -0.00635600
v 0.04369200 -0.00009400 -0.00675000
v 0.04339400 0.00178400 -0.00596200
v 0.04364700 -0.00099700 -0.00675000
v 0.04366200 -0.00081300 -0.00675000
v 0.04344400 0.00058100 -0.00556800
v 0.04352300 -0.00058100 -0.00596200
v 0.04352300 0.00058500 -0.00596200
v 0.04336200 -0.00057300 -0.00517500
v 0.04331700 -0.00175900 -0.00556800
v 0.04344400 -0.00057700 -0.00556800
v 0.04362900 -0.00118100 -0.00675000
v 0.04347200 -0.00178500 -0.00635600
v 0.04352500 -0.00192400 -0.00675000
v 0.04349100 -0.00211000 -0.00675000
v 0.04358300 -0.00155100 -0.00675000
v 0.04355600 -0.00173700 -0.00675000
v 0.04246100 -0.00279800 -0.00282700
v 0.04206900 -0.00393300 -0.00282700
v 0.04215600 -0.00396800 -0.00321800
v 0.04320200 -0.00300600 -0.00635600
v 0.04341100 -0.00248600 -0.00675000
v 0.04302500 -0.00380200 -0.00675000
v 0.04309100 -0.00361500 -0.00675000
v 0.04278200 -0.00422600 -0.00635600
v 0.04339600 -0.00177200 -0.00596200
v 0.04240400 -0.00407100 -0.00439100
v 0.04272500 -0.00287200 -0.00399900
v 0.04232300 -0.00403700 -0.00399900
v 0.04255400 -0.00491400 -0.00675000
v 0.04264200 -0.00473100 -0.00675000
v 0.04312700 -0.00298500 -0.00596200
v 0.04263600 -0.00416600 -0.00556800
v 0.04214000 -0.00537800 -0.00596200
v 0.04271000 -0.00419600 -0.00596200
v 0.04220800 -0.00541600 -0.00635600
v 0.04195400 -0.00598900 -0.00675000
v 0.04206300 -0.00581400 -0.00675000
v 0.04216800 -0.00563700 -0.00675000
v 0.04148200 -0.00654900 -0.00635600
v 0.04109700 -0.00716500 -0.00675000
v 0.04123000 -0.00700300 -0.00675000
v 0.04160700 -0.00650600 -0.00675000
v 0.04024100 -0.00808300 -0.00675000
v 0.04061600 -0.00759600 -0.00635600
v 0.03962500 -0.00853200 -0.00635600
v 0.04068100 -0.00763700 -0.00675000
v 0.04082300 -0.00748200 -0.00675000
v 0.03853300 -0.00933700 -0.00635600
v 0.03860600 -0.00938000 -0.00675000
v 0.03434500 -0.01104000 -0.00675000
v 0.03453300 -0.01100600 -0.00675000
v 0.03736500 -0.00999500 -0.00635600
v 0.03735100 -0.01008600 -0.00675000
v 0.03510000 -0.01088600 -0.00675000
v 0.03679700 -0.01033500 -0.00675000
v 0.03698300 -0.01025500 -0.00675000
v 0.03566800 -0.01073500 -0.00675000
v 0.03615100 -0.01050000 -0.00635600
v 0.03547900 -0.01078900 -0.00675000
v 0.03528900 -0.01083900 -0.00675000
v 0.03585700 -0.01067700 -0.00675000
v 0.03642200 -0.01048300 -0.00675000
v 0.03661000 -0.01041000 -0.00675000
v 0.03789900 -0.00980400 -0.00675000
v 0.03825600 -0.00959900 -0.00675000
v 0.03977500 -0.00850500 -0.00675000
v 0.03993300 -0.00836700 -0.00675000
v 0.04148400 -0.00667500 -0.00675000
v 0.04108200 -0.00625700 -0.00399900
v 0.04169700 -0.00513100 -0.00360800
v 0.04100900 -0.00620400 -0.00360800
v 0.04199900 -0.00530000 -0.00517500
v 0.04192600 -0.00525900 -0.00478300
v 0.04128900 -0.00640800 -0.00517500
v 0.04135500 -0.00645600 -0.00556800
v 0.04207000 -0.00534000 -0.00556800
v 0.04142000 -0.00650300 -0.00596200
v 0.04055900 -0.00754300 -0.00596200
v 0.04115300 -0.00630900 -0.00439100
v 0.04177500 -0.00517500 -0.00399900
v 0.04122200 -0.00635900 -0.00478300
v 0.04185100 -0.00521700 -0.00439100
v 0.04050100 -0.00748900 -0.00556800
v 0.04044200 -0.00743300 -0.00517500
v 0.03947200 -0.00834900 -0.00517500
v 0.04038100 -0.00737600 -0.00478300
v 0.03941900 -0.00828500 -0.00478300
v 0.04248400 -0.00410300 -0.00478300
v 0.04025400 -0.00725800 -0.00399900
v 0.04018900 -0.00719600 -0.00360800
v 0.04031800 -0.00731700 -0.00439100
v 0.03936400 -0.00821900 -0.00439100
v 0.03900800 -0.00779300 -0.00204900
v 0.03894400 -0.00771700 -0.00166000
v 0.03801000 -0.00852800 -0.00204900
v 0.03925000 -0.00808300 -0.00360800
v 0.04012200 -0.00713400 -0.00321800
v 0.03919200 -0.00801300 -0.00321800
v 0.03683800 -0.00860400 -0.00010900
v 0.03676400 -0.00876000 -0.00049600
v 0.03700600 -0.00851700 -0.00010900
v 0.03826400 -0.00892100 -0.00399900
v 0.03821500 -0.00884500 -0.00360800
v 0.03790100 -0.00835900 -0.00127200
v 0.03690000 -0.00904000 -0.00166000
v 0.03795600 -0.00844400 -0.00166000
v 0.03710900 -0.00946900 -0.00360800
v 0.03816600 -0.00876800 -0.00321800
v 0.03706900 -0.00938700 -0.00321800
v 0.03930800 -0.00815200 -0.00399900
v 0.03811500 -0.00869000 -0.00282700
v 0.03913200 -0.00794100 -0.00282700
v 0.03694400 -0.00912900 -0.00204900
v 0.03570000 -0.00920300 -0.00049600
v 0.03597600 -0.00898700 -0.00010900
v 0.03580100 -0.00905300 -0.00010900
v 0.03698600 -0.00921700 -0.00243800
v 0.03806300 -0.00861000 -0.00243800
v 0.03702800 -0.00930300 -0.00282700
v 0.03685600 -0.00894800 -0.00127200
v 0.03580200 -0.00949600 -0.00166000
v 0.03475000 -0.01009800 -0.00282700
v 0.03589800 -0.00977200 -0.00282700
v 0.03586600 -0.00968200 -0.00243800
v 0.03583400 -0.00959000 -0.00204900
v 0.03473000 -0.01000500 -0.00243800
v 0.03474600 -0.00937000 -0.00010900
v 0.03461900 -0.00951000 -0.00049600
v 0.03492300 -0.00932700 -0.00010900
v 0.03681000 -0.00885500 -0.00088400
v 0.03573400 -0.00930200 -0.00088400
v 0.03576800 -0.00940000 -0.00127200
v 0.03457100 -0.00941100 -0.00010900
v 0.03470800 -0.00991000 -0.00204900
v 0.03468700 -0.00981300 -0.00166000
v 0.03422000 -0.00948200 -0.00010900
v 0.03439500 -0.00944800 -0.00010900
v 0.03466500 -0.00971400 -0.00127200
v 0.03357900 -0.00999500 -0.00166000
v 0.03356900 -0.00989500 -0.00127200
v 0.03404500 -0.00951200 -0.00010900
v 0.03464200 -0.00961300 -0.00088400
v 0.03387000 -0.00953800 -0.00010900
v 0.03354600 -0.00968700 -0.00049600
v 0.03355700 -0.00979200 -0.00088400
v 0.03369600 -0.00956200 -0.00010900
v 0.03352200 -0.00958200 -0.00010900
v 0.03335000 -0.00959900 -0.00010900
v 0.03317900 -0.00961300 -0.00010900
v 0.03300800 -0.00962300 -0.00010900
v 0.03266900 -0.00963500 -0.00010900
v 0.03283800 -0.00963100 -0.00010900
v 0.03961400 -0.00864000 -0.00675000
v 0.03778800 -0.00818300 -0.00049600
v 0.03799100 -0.00791800 -0.00010900
v 0.03783200 -0.00802600 -0.00010900
v 0.04039100 -0.00793700 -0.00675000
v 0.04096200 -0.00732400 -0.00675000
v 0.04053700 -0.00778900 -0.00675000
v 0.04184200 -0.00616300 -0.00675000
v 0.04227000 -0.00546000 -0.00675000
v 0.04256100 -0.00413500 -0.00517500
v 0.04272600 -0.00454700 -0.00675000
v 0.04280600 -0.00436300 -0.00675000
v 0.04288300 -0.00417700 -0.00675000
v 0.04295600 -0.00399000 -0.00675000
v 0.04305100 -0.00296400 -0.00556800
v 0.04297200 -0.00294200 -0.00517500
v 0.04289200 -0.00291900 -0.00478300
v 0.04315400 -0.00342700 -0.00675000
v 0.04321300 -0.00324000 -0.00675000
v 0.04331900 -0.00286300 -0.00675000
v 0.04323600 -0.00174600 -0.00517500
v 0.04345300 -0.00229800 -0.00675000
v 0.04315400 -0.00173300 -0.00478300
v 0.04319300 -0.00056400 -0.00439100
v 0.04306900 -0.00171900 -0.00439100
v 0.04327900 -0.00056900 -0.00478300
v 0.04367400 -0.00063100 -0.00675000
v 0.04368300 -0.00045200 -0.00675000
v 0.04319300 0.00056800 -0.00439100
v 0.04368900 -0.00027300 -0.00675000
v 0.04369200 0.00008600 -0.00675000
v 0.04368900 0.00026700 -0.00675000
v 0.04327900 0.00057200 -0.00478300
v 0.04368300 0.00044800 -0.00675000
v 0.04367400 0.00063100 -0.00675000
v 0.04306700 0.00173100 -0.00439100
v 0.04331500 0.00177100 -0.00556800
v 0.04312200 0.00300400 -0.00596200
v 0.04358400 0.00155200 -0.00675000
v 0.04304500 0.00298200 -0.00556800
v 0.04345400 0.00230100 -0.00675000
v 0.04296700 0.00296000 -0.00517500
v 0.04270000 0.00422000 -0.00596200
v 0.04332000 0.00286400 -0.00675000
v 0.04326800 0.00305200 -0.00675000
v 0.04262700 0.00418900 -0.00556800
v 0.04321300 0.00324100 -0.00675000
v 0.04255100 0.00415800 -0.00517500
v 0.04315400 0.00343000 -0.00675000
v 0.04309200 0.00361800 -0.00675000
v 0.04302600 0.00380500 -0.00675000
v 0.04295600 0.00399200 -0.00675000
v 0.04212500 0.00540500 -0.00596200
v 0.04205500 0.00536600 -0.00556800
v 0.04247400 0.00412600 -0.00478300
v 0.04183700 0.00524300 -0.00439100
v 0.04231400 0.00406000 -0.00399900
v 0.04176100 0.00520000 -0.00399900
v 0.04272600 0.00455000 -0.00675000
v 0.04198400 0.00532600 -0.00517500
v 0.04264200 0.00473500 -0.00675000
v 0.04255400 0.00491800 -0.00675000
v 0.04191100 0.00528500 -0.00478300
v 0.04206200 0.00581700 -0.00675000
v 0.04195300 0.00599200 -0.00675000
v 0.04184100 0.00616600 -0.00675000
v 0.04127000 0.00643500 -0.00517500
v 0.04172500 0.00633800 -0.00675000
v 0.04160600 0.00650700 -0.00675000
v 0.04059200 0.00762200 -0.00635600
v 0.04120200 0.00638600 -0.00478300
v 0.04135700 0.00684200 -0.00675000
v 0.04109500 0.00716800 -0.00675000
v 0.04096000 0.00732700 -0.00675000
v 0.04082200 0.00748400 -0.00675000
v 0.04068100 0.00763700 -0.00675000
v 0.04053600 0.00779000 -0.00675000
v 0.04038800 0.00793900 -0.00675000
v 0.03959900 0.00855500 -0.00635600
v 0.04023800 0.00808600 -0.00675000
v 0.03993100 0.00836900 -0.00675000
v 0.04008600 0.00822900 -0.00675000
v 0.03712400 0.00956200 -0.00399900
v 0.03928400 0.00890100 -0.00675000
v 0.03945000 0.00877200 -0.00675000
v 0.03961300 0.00864100 -0.00675000
v 0.03911700 0.00902600 -0.00675000
v 0.03850500 0.00935500 -0.00635600
v 0.03894900 0.00914700 -0.00675000
v 0.03877800 0.00926500 -0.00675000
v 0.03860600 0.00938000 -0.00675000
v 0.03843000 0.00949100 -0.00675000
v 0.03733900 0.01000800 -0.00635600
v 0.03735100 0.01008600 -0.00675000
v 0.03698000 0.01025500 -0.00675000
v 0.03612900 0.01050700 -0.00635600
v 0.03623300 0.01055100 -0.00675000
v 0.03604400 0.01061600 -0.00675000
v 0.03642000 0.01048300 -0.00675000
v 0.03585400 0.01067700 -0.00675000
v 0.03566500 0.01073400 -0.00675000
v 0.03547600 0.01078800 -0.00675000
v 0.03490200 0.01085400 -0.00635600
v 0.03528700 0.01083900 -0.00675000
v 0.03490900 0.01093000 -0.00675000
v 0.03509800 0.01088600 -0.00675000
v 0.03434200 0.01103800 -0.00675000
v 0.03453100 0.01100500 -0.00675000
v 0.03472000 0.01096900 -0.00675000
v 0.03415500 0.01106800 -0.00675000
v 0.03368500 0.01105300 -0.00635600
v 0.03250000 0.01111600 -0.00635600
v 0.03378200 0.01111800 -0.00675000
v 0.03359700 0.01113800 -0.00675000
v 0.03341200 0.01115500 -0.00675000
v 0.03322800 0.01116900 -0.00675000
v 0.03304500 0.01118000 -0.00675000
v 0.03268100 0.01119100 -0.00675000
v 0.03286300 0.01118700 -0.00675000
v 0.03367700 0.01097600 -0.00596200
v 0.03250000 0.01095900 -0.00556800
v 0.03366800 0.01089700 -0.00556800
v 0.03488500 0.01077800 -0.00596200
v 0.03610300 0.01043400 -0.00596200
v 0.03730500 0.00993800 -0.00596200
v 0.03846300 0.00928900 -0.00596200
v 0.04223000 -0.00051300 -0.00049600
v 0.04283200 -0.00054500 -0.00282700
v 0.04273600 0.00054300 -0.00243800
v 0.04273600 -0.00054000 -0.00243800
v 0.04271200 -0.00166100 -0.00282700
v 0.04261800 -0.00164600 -0.00243800
v 0.04236900 -0.00277200 -0.00243800
v 0.04289400 -0.00169100 -0.00360800
v 0.04263900 -0.00284800 -0.00360800
v 0.04224100 -0.00400300 -0.00360800
v 0.03957600 -0.00847300 -0.00596200
v 0.03849100 -0.00927200 -0.00596200
v 0.03733100 -0.00992500 -0.00596200
v 0.03612500 -0.01042600 -0.00596200
v 0.03490100 -0.01077400 -0.00596200
v 0.03250000 0.01087700 -0.00517500
v 0.03365900 0.01081600 -0.00517500
v 0.03486800 0.01070000 -0.00556800
v 0.03607700 0.01035900 -0.00556800
v 0.03727100 0.00986600 -0.00556800
v 0.03842000 0.00922200 -0.00556800
v 0.04217400 0.00273600 -0.00166000
v 0.04169600 0.00380500 -0.00127200
v 0.04242100 0.00162500 -0.00166000
v 0.04207600 0.00270800 -0.00127200
v 0.04253900 0.00053300 -0.00166000
v 0.04232100 0.00160800 -0.00127200
v 0.04254000 -0.00053000 -0.00166000
v 0.04243800 0.00052700 -0.00127200
v 0.04243800 -0.00052400 -0.00127200
v 0.04242300 -0.00161400 -0.00166000
v 0.04232300 -0.00159800 -0.00127200
v 0.04217900 -0.00271900 -0.00166000
v 0.04208100 -0.00269100 -0.00127200
v 0.04179900 -0.00382200 -0.00166000
v 0.04255100 -0.00282300 -0.00321800
v 0.04280400 -0.00167600 -0.00321800
v 0.04161700 -0.00508600 -0.00321800
v 0.03952500 -0.00841200 -0.00556800
v 0.03844800 -0.00920500 -0.00556800
v 0.03729600 -0.00985400 -0.00556800
v 0.03609900 -0.01035100 -0.00556800
v 0.03488400 -0.01069700 -0.00556800
v 0.03367700 -0.01089600 -0.00556800
v 0.03250000 0.01079400 -0.00478300
v 0.03365000 0.01073200 -0.00478300
v 0.03485000 0.01062100 -0.00517500
v 0.03605100 0.01028200 -0.00517500
v 0.03723500 0.00979300 -0.00517500
v 0.03837600 0.00915400 -0.00517500
v 0.04150300 0.00372500 -0.00049600
v 0.04127400 0.00398400 -0.00010900
v 0.04135000 0.00381200 -0.00010900
v 0.04187500 0.00265100 -0.00049600
v 0.04198200 0.00171300 -0.00010900
v 0.04211500 0.00157500 -0.00049600
v 0.04194900 0.00188900 -0.00010900
v 0.04197700 0.00268000 -0.00088400
v 0.04221900 0.00159200 -0.00088400
v 0.04233500 0.00052200 -0.00088400
v 0.04233500 -0.00051900 -0.00088400
v 0.04222100 -0.00158100 -0.00088400
v 0.04280900 -0.00289600 -0.00439100
v 0.03874500 -0.00747800 -0.00049600
v 0.03890600 -0.00719800 -0.00010900
v 0.03876000 -0.00732500 -0.00010900
v 0.03840300 -0.00913600 -0.00517500
v 0.03726100 -0.00978000 -0.00517500
v 0.03607200 -0.01027400 -0.00517500
v 0.03486600 -0.01061700 -0.00517500
v 0.03366800 -0.01081500 -0.00517500
v 0.03364100 0.01064700 -0.00439100
v 0.03483200 0.01053900 -0.00478300
v 0.03602300 0.01020300 -0.00478300
v 0.03719900 0.00971700 -0.00478300
v 0.04135300 0.00497100 -0.00204900
v 0.04188200 0.00388100 -0.00204900
v 0.04227000 0.00276300 -0.00204900
v 0.04206300 0.00119200 -0.00010900
v 0.04208300 0.00101900 -0.00010900
v 0.04272000 0.00289000 -0.00399900
v 0.04298100 0.00171700 -0.00399900
v 0.04310600 0.00056300 -0.00399900
v 0.04310600 -0.00055900 -0.00399900
v 0.04298300 -0.00170500 -0.00399900
v 0.04070400 -0.00598200 -0.00204900
v 0.04136600 -0.00494700 -0.00204900
v 0.04127900 -0.00489800 -0.00166000
v 0.03991300 -0.00693800 -0.00204900
v 0.04062400 -0.00592300 -0.00166000
v 0.03984000 -0.00687000 -0.00166000
v 0.03835800 -0.00906600 -0.00478300
v 0.03722400 -0.00970500 -0.00478300
v 0.03604500 -0.01019500 -0.00478300
v 0.03484800 -0.01053500 -0.00478300
v 0.03365900 -0.01073100 -0.00478300
v 0.03363200 0.01056000 -0.00399900
v 0.03481400 0.01045500 -0.00439100
v 0.03599500 0.01012200 -0.00439100
v 0.04016600 0.00722100 -0.00360800
v 0.04099000 0.00623000 -0.00360800
v 0.04168200 0.00515600 -0.00360800
v 0.04223100 0.00402600 -0.00360800
v 0.04263400 0.00286600 -0.00360800
v 0.04289300 0.00170200 -0.00360800
v 0.04301600 0.00055800 -0.00360800
v 0.04301600 -0.00055500 -0.00360800
v 0.04170500 -0.00378300 -0.00127200
v 0.04119100 -0.00484900 -0.00127200
v 0.04054200 -0.00586300 -0.00127200
v 0.03976600 -0.00680100 -0.00127200
v 0.03887900 -0.00763900 -0.00127200
v 0.03831100 -0.00899400 -0.00439100
v 0.03718700 -0.00962800 -0.00439100
v 0.03601700 -0.01011400 -0.00439100
v 0.03482900 -0.01045200 -0.00439100
v 0.03365000 -0.01064600 -0.00439100
v 0.03362200 0.01047100 -0.00360800
v 0.03479500 0.01037000 -0.00399900
v 0.03596700 0.01003900 -0.00399900
v 0.03916600 0.00803400 -0.00321800
v 0.04009900 0.00715800 -0.00321800
v 0.04091700 0.00617600 -0.00321800
v 0.04160200 0.00511200 -0.00321800
v 0.04214700 0.00399100 -0.00321800
v 0.04254600 0.00284100 -0.00321800
v 0.04280200 0.00168700 -0.00321800
v 0.04292500 0.00055300 -0.00321800
v 0.04292500 -0.00055000 -0.00321800
v 0.04227500 -0.00274600 -0.00204900
v 0.04198100 -0.00389700 -0.00243800
v 0.04189100 -0.00386000 -0.00204900
v 0.04145100 -0.00499400 -0.00243800
v 0.03961300 -0.00665800 -0.00049600
v 0.03973000 -0.00637000 -0.00010900
v 0.03960000 -0.00651400 -0.00010900
v 0.04093500 -0.00615000 -0.00321800
v 0.03714800 -0.00954900 -0.00399900
v 0.03598800 -0.01003200 -0.00399900
v 0.03481000 -0.01036600 -0.00399900
v 0.03364000 -0.01055900 -0.00399900
v 0.03250000 0.01044000 -0.00321800
v 0.03361300 0.01038000 -0.00321800
v 0.03477500 0.01028200 -0.00360800
v 0.03593800 0.00995400 -0.00360800
v 0.03910700 0.00796200 -0.00282700
v 0.04003100 0.00709400 -0.00282700
v 0.04084100 0.00612100 -0.00282700
v 0.04152100 0.00506600 -0.00282700
v 0.04206000 0.00395500 -0.00282700
v 0.04245600 0.00281500 -0.00282700
v 0.04271000 0.00167200 -0.00282700
v 0.04283100 0.00054800 -0.00282700
v 0.04252100 -0.00163000 -0.00204900
v 0.04153500 -0.00504100 -0.00282700
v 0.04086000 -0.00609500 -0.00282700
v 0.04005400 -0.00707000 -0.00282700
v 0.03595900 -0.00994700 -0.00360800
v 0.03479100 -0.01027900 -0.00360800
v 0.03363100 -0.01047000 -0.00360800
v 0.03360300 0.01028700 -0.00282700
v 0.03475600 0.01019300 -0.00321800
v 0.03776400 0.00819900 -0.00049600
v 0.03904600 0.00788800 -0.00243800
v 0.03996200 0.00702800 -0.00243800
v 0.04076400 0.00606400 -0.00243800
v 0.04143800 0.00501900 -0.00243800
v 0.04197200 0.00391900 -0.00243800
v 0.04236400 0.00278900 -0.00243800
v 0.04261600 0.00165700 -0.00243800
v 0.04211700 -0.00156400 -0.00049600
v 0.04188000 -0.00263500 -0.00049600
v 0.04198200 -0.00266300 -0.00088400
v 0.04151200 -0.00370400 -0.00049600
v 0.04160900 -0.00374400 -0.00088400
v 0.04078300 -0.00603900 -0.00243800
v 0.03998400 -0.00700500 -0.00243800
v 0.03907000 -0.00786800 -0.00243800
v 0.03592800 -0.00986100 -0.00321800
v 0.03477100 -0.01019000 -0.00321800
v 0.03362100 -0.01037900 -0.00321800
v 0.03359300 0.01019200 -0.00243800
v 0.03473500 0.01010200 -0.00282700
v 0.03872200 0.00749800 -0.00049600
v 0.04252000 0.00164100 -0.00204900
v 0.04263900 0.00053800 -0.00204900
v 0.04263900 -0.00053500 -0.00204900
v 0.04100800 -0.00474700 -0.00049600
v 0.04037300 -0.00574000 -0.00049600
v 0.03361100 -0.01028600 -0.00282700
v 0.03471500 0.01000800 -0.00243800
v 0.03782000 0.00828800 -0.00088400
v 0.03878900 0.00757900 -0.00088400
v 0.03966900 0.00675300 -0.00088400
v 0.04044000 0.00582600 -0.00088400
v 0.04108700 0.00482200 -0.00088400
v 0.04160100 0.00376500 -0.00088400
v 0.04110100 -0.00479900 -0.00088400
v 0.04045800 -0.00580200 -0.00088400
v 0.03969000 -0.00673000 -0.00088400
v 0.03881300 -0.00755900 -0.00088400
v 0.03784500 -0.00827200 -0.00088400
v 0.03360100 -0.01019100 -0.00243800
v 0.03469400 0.00991300 -0.00204900
v 0.04102300 0.00449700 -0.00010900
v 0.04111000 0.00432700 -0.00010900
v 0.04149100 0.00346700 -0.00010900
v 0.04155600 0.00329300 -0.00010900
v 0.04182900 0.00241500 -0.00010900
v 0.04187300 0.00224000 -0.00010900
v 0.04203900 0.00136500 -0.00010900
v 0.04213000 0.00033500 -0.00010900
v 0.04195100 -0.00187400 -0.00010900
v 0.04191500 -0.00204800 -0.00010900
v 0.04168200 -0.00292200 -0.00010900
v 0.04162400 -0.00309600 -0.00010900
v 0.04128300 -0.00396200 -0.00010900
v 0.04075500 -0.00497000 -0.00010900
v 0.04010100 -0.00592200 -0.00010900
v 0.03998000 -0.00607500 -0.00010900
v 0.03933100 -0.00679600 -0.00010900
v 0.03919200 -0.00693300 -0.00010900
v 0.03846000 -0.00757100 -0.00010900
v 0.03830600 -0.00769000 -0.00010900
v 0.03750800 -0.00823200 -0.00010900
v 0.03734200 -0.00833100 -0.00010900
v 0.03649700 -0.00876800 -0.00010900
v 0.03632500 -0.00884500 -0.00010900
v 0.03545200 -0.00917300 -0.00010900
v 0.03527600 -0.00922800 -0.00010900
v 0.03359000 -0.01009400 -0.00204900
v 0.03467200 0.00981600 -0.00166000
v 0.04093200 0.00466400 -0.00010900
v 0.04142200 0.00364000 -0.00010900
v 0.04178100 0.00259100 -0.00010900
v 0.04201200 0.00153900 -0.00010900
v 0.04211200 0.00067500 -0.00010900
v 0.04212300 0.00050400 -0.00010900
v 0.04213000 -0.00033600 -0.00010900
v 0.04212300 -0.00050200 -0.00010900
v 0.04201300 -0.00152800 -0.00010900
v 0.04183200 -0.00239700 -0.00010900
v 0.04178500 -0.00257200 -0.00010900
v 0.04149900 -0.00344300 -0.00010900
v 0.04094600 -0.00463700 -0.00010900
v 0.04044400 -0.00545300 -0.00010900
v 0.04033300 -0.00561100 -0.00010900
v 0.03767100 -0.00813100 -0.00010900
v 0.03666800 -0.00868800 -0.00010900
v 0.03562700 -0.00911500 -0.00010900
v 0.04063900 0.00515800 -0.00010900
v 0.04161800 0.00311800 -0.00010900
v 0.04191300 0.00206500 -0.00010900
v 0.04209900 0.00084700 -0.00010900
v 0.04213500 -0.00017000 -0.00010900
v 0.04156300 -0.00327000 -0.00010900
v 0.04112200 -0.00430100 -0.00010900
v 0.04055100 -0.00529400 -0.00010900
v 0.03985600 -0.00622300 -0.00010900
v 0.03905000 -0.00706700 -0.00010900
v 0.03814900 -0.00780600 -0.00010900
v 0.03717500 -0.00842600 -0.00010900
v 0.03615100 -0.00891800 -0.00010900
v 0.03510000 -0.00927900 -0.00010900
v 0.03473100 0.00937400 -0.00010900
v 0.04211200 -0.00067100 -0.00010900
v 0.04198400 -0.00170100 -0.00010900
v 0.04173500 -0.00274800 -0.00010900
v 0.04135900 -0.00378900 -0.00010900
v 0.04021900 -0.00576700 -0.00010900
v 0.03946700 -0.00665600 -0.00010900
v 0.03861100 -0.00745000 -0.00010900
v 0.03048900 -0.01250000 -0.02054600
v 0.02731200 -0.01249300 -0.00892400
v 0.02763000 -0.01249300 -0.00899600
v 0.02730900 -0.01249800 -0.00894600
v 0.02762300 -0.01249800 -0.00901700
v 0.02758800 -0.01250000 -0.00903000
v 0.02750300 -0.01250000 -0.00900700
v 0.02741800 -0.01250000 -0.00898800
v 0.02733300 -0.01250000 -0.00897200
v 0.02716600 -0.01250000 -0.00895200
v 0.02700000 -0.01249800 -0.00892400
v 0.02708300 -0.01250000 -0.00894700
v 0.02724900 -0.01250000 -0.00896000
v 0.02793300 -0.01249800 -0.00914000
v 0.02800400 -0.01250000 -0.00920100
v 0.02808300 -0.01250000 -0.00924700
v 0.02700000 -0.01250000 -0.00894500
v 0.02822500 -0.01249800 -0.00931300
v 0.02831000 -0.01250000 -0.00940400
v 0.02848700 -0.01249800 -0.00953200
v 0.02838100 -0.01250000 -0.00946300
v 0.02850200 -0.01249300 -0.00951600
v 0.02879200 -0.01250000 -0.00995000
v 0.02888500 -0.01249800 -0.01007100
v 0.02870900 -0.01249800 -0.00978800
v 0.02891600 -0.01250000 -0.01018600
v 0.02895000 -0.01250000 -0.01026600
v 0.02874300 -0.01250000 -0.00987500
v 0.02775700 -0.01250000 -0.00908700
v 0.02794300 -0.01249300 -0.00912000
v 0.02823800 -0.01249300 -0.00929500
v 0.02857600 -0.01250000 -0.00965800
v 0.02863500 -0.01250000 -0.00972800
v 0.02792300 -0.01250000 -0.00915900
v 0.02816100 -0.01250000 -0.00929600
v 0.02844900 -0.01250000 -0.00952600
v 0.02869100 -0.01250000 -0.00980100
v 0.02883700 -0.01250000 -0.01002800
v 0.02898100 -0.01250000 -0.01034800
v 0.02767300 -0.01250000 -0.00905600
v 0.02823700 -0.01250000 -0.00934800
v 0.02851500 -0.01250000 -0.00959100
v 0.02887900 -0.01250000 -0.01010700
v -0.02700000 -0.01249300 -0.00890100
v 0.02700000 -0.01249300 -0.00890100
v -0.02700000 -0.01249800 -0.00892400
v -0.02708300 -0.01250000 -0.00894700
v -0.02888500 -0.01249800 -0.01007100
v -0.02887900 -0.01250000 -0.01010700
v -0.02891600 -0.01250000 -0.01018700
v -0.02895000 -0.01250000 -0.01026800
v -0.02898100 -0.01250000 -0.01034800
v -0.02870900 -0.01249800 -0.00978800
v -0.02863600 -0.01250000 -0.00972900
v -0.02857700 -0.01250000 -0.00965900
v -0.02848700 -0.01249800 -0.00953200
v -0.02838200 -0.01250000 -0.00946400
v -0.02822500 -0.01249800 -0.00931300
v -0.02831100 -0.01250000 -0.00940500
v -0.02823800 -0.01249300 -0.00929500
v -0.02775800 -0.01250000 -0.00908700
v -0.02762300 -0.01249800 -0.00901700
v -0.02793300 -0.01249800 -0.00914000
v -0.02741900 -0.01250000 -0.00898700
v -0.02730900 -0.01249800 -0.00894600
v -0.02794300 -0.01249300 -0.00912000
v -0.02763000 -0.01249300 -0.00899600
v -0.02731200 -0.01249300 -0.00892400
v -0.02724900 -0.01250000 -0.00896000
v -0.02716600 -0.01250000 -0.00895200
v -0.02784100 -0.01250000 -0.00912100
v -0.02879200 -0.01250000 -0.00995200
v -0.02874400 -0.01250000 -0.00987600
v -0.02850200 -0.01249300 -0.00951600
v -0.02808400 -0.01250000 -0.00924700
v -0.02800500 -0.01250000 -0.00920200
v -0.02851500 -0.01250000 -0.00959100
v -0.02823700 -0.01250000 -0.00934900
v -0.02792300 -0.01250000 -0.00915900
v -0.02767400 -0.01250000 -0.00905600
v -0.02733400 -0.01250000 -0.00897200
v -0.02883700 -0.01250000 -0.01002900
v -0.02816200 -0.01250000 -0.00929600
v -0.02758900 -0.01250000 -0.00903000
v -0.03424100 -0.01229700 -0.01721500
v -0.03415000 -0.01233700 -0.01787000
v -0.03580000 -0.01197000 -0.02096100
v -0.03580000 -0.01103700 -0.02282900
v -0.03580000 -0.01095400 -0.02294100
v -0.03580000 0.01143700 -0.02219800
v -0.03580000 0.01136900 -0.02232000
v -0.03580000 0.00920600 -0.02444100
v -0.03580000 0.00907800 -0.02450600
v -0.03580000 0.00933000 -0.02437200
v -0.03580000 0.01048200 -0.02348400
v -0.03580000 0.01037500 -0.02359000
v -0.03580000 0.00992800 -0.02397300
v -0.03580000 0.01004200 -0.02388300
v -0.03580000 -0.01077900 -0.02315800
v -0.03580000 0.01087800 -0.02304000
v -0.03580000 0.01096900 -0.02292200
v -0.03580000 -0.00940100 -0.02433000
v -0.03580000 0.01068600 -0.02326800
v -0.03580000 0.01058600 -0.02337700
v -0.03580000 -0.00915600 -0.02446600
v -0.03580000 -0.00687200 -0.02504100
v -0.03580000 -0.00838400 -0.02478800
v -0.03580000 -0.00864700 -0.02469500
v -0.03580000 -0.00877700 -0.02464300
v -0.03580000 -0.00825100 -0.02482900
v -0.03580000 -0.00659300 -0.02505200
v -0.03580000 -0.00673200 -0.02504700
v -0.03580000 -0.00701100 -0.02503300
v -0.03580000 -0.00756800 -0.02497700
v -0.03580000 -0.00770500 -0.02495500
v -0.03580000 -0.00798000 -0.02489900
v -0.03580000 -0.00811600 -0.02486600
v -0.03580000 -0.00743000 -0.02499700
v -0.03580000 -0.00729100 -0.02501200
v -0.03580000 -0.00784300 -0.02492800
v -0.03580000 -0.00715200 -0.02502400
v -0.03580000 -0.00645300 -0.02505300
v -0.03580000 -0.00851600 -0.02474400
v -0.03580000 -0.00927900 -0.02440000
v -0.03580000 0.01129700 -0.02244200
v -0.03580000 0.01150200 -0.02207400
v -0.03580000 0.01114200 -0.02268100
v -0.03580000 0.01162000 -0.02183900
v -0.03580000 0.01204700 -0.01950300
v -0.03580000 -0.01086800 -0.02305000
v -0.03580000 -0.01111800 -0.02271400
v -0.03580000 -0.01187500 -0.02122400
v -0.03580000 -0.01201400 -0.02082900
v -0.03580000 -0.01203900 -0.01910600
v -0.03580000 -0.01192300 -0.02109300
v -0.03580000 -0.01202900 -0.01870800
v -0.03580000 0.01203900 -0.01910600
v -0.03580000 0.01202000 -0.02081100
v -0.03580000 0.01198100 -0.02092600
v -0.03580000 0.01194100 -0.02104100
v -0.03580000 0.01189900 -0.02115600
v -0.03580000 0.01176900 -0.02149700
v -0.03580000 0.01172300 -0.02161000
v -0.03580000 0.01167300 -0.02172400
v -0.03580000 0.01156300 -0.02195600
v -0.03580000 0.01122100 -0.02256200
v -0.03580000 0.01105800 -0.02280100
v -0.03580000 0.01078300 -0.02315500
v -0.03580000 -0.01198700 -0.01751700
v -0.03580000 0.01026600 -0.02369100
v -0.03580000 0.01015500 -0.02378900
v -0.03580000 0.00981200 -0.02406000
v -0.03580000 0.00969300 -0.02414400
v -0.03580000 0.00957400 -0.02422400
v -0.03580000 0.00945200 -0.02430000
v -0.03776900 -0.01118500 -0.01618000
v -0.03685700 -0.01157100 -0.01618000
v -0.04482700 -0.00142600 -0.01700000
v -0.03869300 -0.01070100 -0.01618000
v -0.03825100 -0.01100300 -0.01712000
v -0.03778800 -0.01122600 -0.01700000
v -0.03687300 -0.01161300 -0.01700000
v -0.03725500 -0.01146900 -0.01712000
v -0.03745800 -0.01138300 -0.01712000
v -0.03597300 -0.01189100 -0.01659000
v -0.03686500 -0.01159300 -0.01659000
v -0.03705100 -0.01155100 -0.01712000
v -0.03514800 -0.01206100 -0.01592200
v -0.03510600 -0.01208600 -0.01618000
v -0.03530600 -0.01201800 -0.01581800
v -0.03596700 -0.01186800 -0.01618000
v -0.03522600 -0.01204000 -0.01586800
v -0.03644200 -0.01169100 -0.01577000
v -0.03602400 -0.01182400 -0.01577000
v -0.03643200 -0.01177600 -0.01712000
v -0.03663900 -0.01170500 -0.01712000
v -0.03622300 -0.01184400 -0.01712000
v -0.03597900 -0.01191100 -0.01700000
v -0.03777900 -0.01120600 -0.01659000
v -0.03870500 -0.01072200 -0.01659000
v -0.03805500 -0.01110400 -0.01712000
v -0.03961600 -0.01011000 -0.01618000
v -0.03863700 -0.01079300 -0.01712000
v -0.03844500 -0.01090000 -0.01712000
v -0.03920100 -0.01045200 -0.01712000
v -0.03901500 -0.01056900 -0.01712000
v -0.04052400 -0.00940600 -0.01618000
v -0.03938500 -0.01033100 -0.01712000
v -0.04054000 -0.00942400 -0.01659000
v -0.03992400 -0.00995100 -0.01712000
v -0.04009900 -0.00981800 -0.01712000
v -0.04044200 -0.00954300 -0.01712000
v -0.04027200 -0.00968200 -0.01712000
v -0.04055400 -0.00944000 -0.01700000
v -0.03963000 -0.01013000 -0.01659000
v -0.04143100 -0.00861500 -0.01700000
v -0.04093700 -0.00910700 -0.01712000
v -0.04141600 -0.00860000 -0.01659000
v -0.04109700 -0.00895700 -0.01712000
v -0.04125500 -0.00880300 -0.01712000
v -0.04171000 -0.00832500 -0.01712000
v -0.04199900 -0.00799500 -0.01712000
v -0.04213900 -0.00782500 -0.01712000
v -0.04222000 -0.00764100 -0.01618000
v -0.04223900 -0.00765600 -0.01659000
v -0.04139900 -0.00858300 -0.01618000
v -0.04254100 -0.00730200 -0.01712000
v -0.04266900 -0.00712300 -0.01712000
v -0.04296600 -0.00658300 -0.01618000
v -0.04298600 -0.00659500 -0.01659000
v -0.04303300 -0.00657200 -0.01712000
v -0.04300400 -0.00660700 -0.01700000
v -0.04314800 -0.00638500 -0.01712000
v -0.04336700 -0.00600400 -0.01712000
v -0.04361500 -0.00541600 -0.01618000
v -0.04367100 -0.00541800 -0.01712000
v -0.04357300 -0.00561500 -0.01712000
v -0.03537000 -0.01216600 -0.02069500
v -0.03513500 -0.01221800 -0.02028500
v -0.03580000 -0.01205500 -0.02029800
v -0.04376500 -0.00521900 -0.01712000
v -0.04394200 -0.00481800 -0.01712000
v -0.04418800 -0.00416900 -0.01700000
v -0.04402600 -0.00461400 -0.01712000
v -0.04414500 -0.00415400 -0.01618000
v -0.04410600 -0.00440900 -0.01712000
v -0.04438900 -0.00357600 -0.01712000
v -0.04432400 -0.00378700 -0.01712000
v -0.04453900 -0.00281500 -0.01618000
v -0.04416800 -0.00416200 -0.01659000
v -0.04458300 -0.00282500 -0.01700000
v -0.04456200 -0.00282000 -0.01659000
v -0.04456200 -0.00294000 -0.01712000
v -0.04450800 -0.00315300 -0.01712000
v -0.04478200 -0.00142100 -0.01618000
v -0.04461200 -0.00272600 -0.01712000
v -0.04486400 0.00000000 -0.01618000
v -0.04480500 -0.00142400 -0.01659000
v -0.04490900 0.00000000 -0.01700000
v -0.04483000 0.00043900 -0.01577000
v -0.04483600 0.00021900 -0.01577000
v -0.04478200 0.00142100 -0.01618000
v -0.04488800 0.00000000 -0.01659000
v -0.04482700 0.00142600 -0.01700000
v -0.04480500 0.00142400 -0.01659000
v -0.04458300 0.00282500 -0.01700000
v -0.04453900 0.00281500 -0.01618000
v -0.04440200 0.00325400 -0.01577000
v -0.04456200 0.00282000 -0.01659000
v -0.04434200 0.00346500 -0.01577000
v -0.04427800 0.00367500 -0.01577000
v -0.04414500 0.00415400 -0.01618000
v -0.04418800 0.00416900 -0.01700000
v -0.04363800 0.00531000 -0.01577000
v -0.04361500 0.00541600 -0.01618000
v -0.04373100 0.00511000 -0.01577000
v -0.04365500 0.00543600 -0.01700000
v -0.04416800 0.00416200 -0.01659000
v -0.04394100 0.00481800 -0.01712000
v -0.04344200 0.00570200 -0.01577000
v -0.04333900 0.00589600 -0.01577000
v -0.04300400 0.00660700 -0.01700000
v -0.04296600 0.00658300 -0.01618000
v -0.04298600 0.00659500 -0.01659000
v -0.04279200 0.00694200 -0.01712000
v -0.04363600 0.00542600 -0.01659000
v -0.04225500 0.00766900 -0.01700000
v -0.04264900 0.00701700 -0.01577000
v -0.04222000 0.00764100 -0.01618000
v -0.04139900 0.00858300 -0.01618000
v -0.04184300 0.00805900 -0.01577000
v -0.04141600 0.00860000 -0.01659000
v -0.04143100 0.00861500 -0.01700000
v -0.04052400 0.00940600 -0.01618000
v -0.04060500 0.00930300 -0.01577000
v -0.04043800 0.00944600 -0.01577000
v -0.04223900 0.00765600 -0.01659000
v -0.03430000 0.01237000 -0.02069500
v -0.03430000 0.01236900 -0.02028600
v -0.04054000 0.00942400 -0.01659000
v -0.04055400 0.00944000 -0.01700000
v -0.04026900 0.00958500 -0.01577000
v -0.04009700 0.00972200 -0.01577000
v -0.03963000 0.01013000 -0.01659000
v -0.03961600 0.01011000 -0.01618000
v -0.03964200 0.01014700 -0.01700000
v -0.03472700 0.01230000 -0.02069500
v -0.03494100 0.01225900 -0.02069500
v -0.03513500 0.01221800 -0.02028500
v -0.03920000 0.01045100 -0.01712000
v -0.03871500 0.01074000 -0.01700000
v -0.03537000 0.01216600 -0.02069500
v -0.03580000 0.01205500 -0.02029800
v -0.03580000 0.01205600 -0.02069500
v -0.03558500 0.01211300 -0.02069500
v -0.03513400 0.01221500 -0.01987400
v -0.03430000 0.01236500 -0.01987800
v -0.03825700 0.01091300 -0.01577000
v -0.03776900 0.01118500 -0.01618000
v -0.03869300 0.01070100 -0.01618000
v -0.03430000 0.01235200 -0.01906200
v -0.03513300 0.01220900 -0.01946300
v -0.03513100 0.01220100 -0.01905200
v -0.03778800 0.01122600 -0.01700000
v -0.03430000 0.01234200 -0.01865500
v -0.03685700 0.01157100 -0.01618000
v -0.03686500 0.01159300 -0.01659000
v -0.03512900 0.01219200 -0.01864200
v -0.03430000 0.01232900 -0.01824900
v -0.03512600 0.01218000 -0.01823100
v -0.03687300 0.01161300 -0.01700000
v -0.03512300 0.01216500 -0.01782100
v -0.03430000 0.01229800 -0.01743900
v -0.03644300 0.01169200 -0.01577000
v -0.03596700 0.01186800 -0.01618000
v -0.03512000 0.01214900 -0.01741100
v -0.03580000 0.01198700 -0.01751700
v -0.03580000 0.01196800 -0.01712000
v -0.03511600 0.01213000 -0.01700000
v -0.03597900 0.01191100 -0.01700000
v -0.03441500 0.01224900 -0.01677300
v -0.03511100 0.01210900 -0.01659000
v -0.03456000 0.01221200 -0.01652800
v -0.03450800 0.01222500 -0.01660800
v -0.03597300 0.01189100 -0.01659000
v -0.03510600 0.01208600 -0.01618000
v -0.03479600 0.01215200 -0.01623100
v -0.03473300 0.01216800 -0.01630200
v -0.03493100 0.01211800 -0.01609800
v -0.03486300 0.01213500 -0.01616300
v -0.03560200 0.01194200 -0.01577000
v -0.03514900 0.01206000 -0.01592100
v -0.03530600 0.01201800 -0.01581700
v -0.03777900 0.01120600 -0.01659000
v -0.03580000 0.01200300 -0.01791400
v -0.03726500 0.01138200 -0.01577000
v -0.03870500 0.01072200 -0.01659000
v -0.03845000 0.01080900 -0.01577000
v -0.03864100 0.01070200 -0.01577000
v -0.03938700 0.01023800 -0.01577000
v -0.03920400 0.01035900 -0.01577000
v -0.04155000 0.00838700 -0.01577000
v -0.04277200 0.00683600 -0.01577000
v -0.04239200 0.00737500 -0.01577000
v -0.04225900 0.00754900 -0.01577000
v -0.03746600 0.01129500 -0.01577000
v -0.03974600 0.00998700 -0.01577000
v -0.03956800 0.01011400 -0.01577000
v -0.03663900 0.01170400 -0.01712000
v -0.04076900 0.00915800 -0.01577000
v -0.04093100 0.00900900 -0.01577000
v -0.04300800 0.00646600 -0.01577000
v -0.04312200 0.00627800 -0.01577000
v -0.04390500 0.00470700 -0.01577000
v -0.04382000 0.00490900 -0.01577000
v -0.04421100 0.00388400 -0.01577000
v -0.04414000 0.00409200 -0.01577000
v -0.04465800 0.00251200 -0.01712000
v -0.04451000 0.00282800 -0.01577000
v -0.04455800 0.00261400 -0.01577000
v -0.04460300 0.00239900 -0.01577000
v -0.03513300 -0.01220900 -0.01946300
v -0.03513400 -0.01221500 -0.01987400
v -0.03430000 -0.01236000 -0.01946900
v -0.04491000 -0.00032900 -0.01712000
v -0.04490300 -0.00054900 -0.01712000
v -0.04491400 -0.00011000 -0.01712000
v -0.04483800 -0.00000100 -0.01577000
v -0.03513100 -0.01220100 -0.01905200
v -0.04464300 -0.00218500 -0.01577000
v -0.03512900 -0.01219200 -0.01864200
v -0.04445000 -0.00336500 -0.01712000
v -0.04363600 -0.00542600 -0.01659000
v -0.04445700 -0.00304200 -0.01577000
v -0.04450900 -0.00282900 -0.01577000
v -0.04418200 -0.00420200 -0.01712000
v -0.04425500 -0.00399500 -0.01712000
v -0.03580000 -0.01201700 -0.01831100
v -0.04347200 -0.00581100 -0.01712000
v -0.03512600 -0.01218000 -0.01823100
v -0.03580000 -0.01200300 -0.01791400
v -0.04325900 -0.00619600 -0.01712000
v -0.04279300 -0.00694200 -0.01712000
v -0.04291500 -0.00675800 -0.01712000
v -0.03430000 -0.01231500 -0.01784400
v -0.03512300 -0.01216500 -0.01782100
v -0.04227600 -0.00765300 -0.01712000
v -0.04241000 -0.00747800 -0.01712000
v -0.03512000 -0.01214900 -0.01741100
v -0.04156100 -0.00848700 -0.01712000
v -0.04077500 -0.00925500 -0.01712000
v -0.04061000 -0.00940000 -0.01712000
v -0.03580000 -0.01204700 -0.01950300
v -0.03580000 -0.01205200 -0.01990000
v -0.03956700 -0.01020800 -0.01712000
v -0.03974700 -0.01008100 -0.01712000
v -0.03882700 -0.01068200 -0.01712000
v -0.03765900 -0.01129300 -0.01712000
v -0.03785700 -0.01120000 -0.01712000
v -0.03684600 -0.01163000 -0.01712000
v -0.03473200 -0.01216800 -0.01630300
v -0.03511100 -0.01210900 -0.01659000
v -0.03430000 -0.01232900 -0.01824900
v -0.03601200 -0.01190800 -0.01712000
v -0.03511600 -0.01213000 -0.01700000
v -0.03479600 -0.01215200 -0.01623200
v -0.03461400 -0.01219800 -0.01645100
v -0.03455900 -0.01221200 -0.01652900
v -0.03450800 -0.01222500 -0.01660900
v -0.03437300 -0.01226000 -0.01685900
v -0.03430000 -0.01236500 -0.01987800
v -0.03515600 -0.01221400 -0.02069500
v -0.03580000 -0.01205600 -0.02069500
v -0.03558500 -0.01211300 -0.02069500
v -0.03494100 -0.01225900 -0.02069500
v -0.03472700 -0.01230000 -0.02069500
v -0.03430000 -0.01236900 -0.02028600
v -0.03451400 -0.01233700 -0.02069500
v -0.03430000 -0.01237000 -0.02069600
v -0.03580000 0.01205200 -0.01990100
v -0.03580000 0.01202900 -0.01870900
v -0.03580000 0.01201700 -0.01831100
v -0.04460200 -0.00240100 -0.01577000
v -0.04398700 0.00450400 -0.01577000
v -0.04323200 0.00608800 -0.01577000
v -0.04252200 0.00719700 -0.01577000
v -0.04169800 0.00822400 -0.01577000
v -0.04109000 0.00885700 -0.01577000
v -0.03992300 0.00985600 -0.01577000
v -0.03806200 0.01101400 -0.01577000
v -0.03706100 0.01146500 -0.01577000
v -0.03623400 0.01176000 -0.01577000
v -0.03433500 0.01227000 -0.01694600
v -0.03786500 0.01111100 -0.01577000
v -0.03685700 0.01154400 -0.01577000
v -0.03602500 0.01182400 -0.01577000
v -0.04476800 -0.00131600 -0.01577000
v -0.04406500 0.00429900 -0.01577000
v -0.04354200 0.00550700 -0.01577000
v -0.04289200 0.00665200 -0.01577000
v -0.04212400 0.00772100 -0.01577000
v -0.04124600 0.00870300 -0.01577000
v -0.03766600 0.01120500 -0.01577000
v -0.03665000 0.01162000 -0.01577000
v -0.03581400 0.01188500 -0.01577000
v -0.03956500 -0.01011500 -0.01577000
v -0.03974400 -0.00998700 -0.01577000
v -0.04300700 -0.00646800 -0.01577000
v -0.03901700 0.01047700 -0.01577000
v -0.03883000 0.01059100 -0.01577000
v -0.04124800 0.00870100 -0.01577000
v -0.04140100 0.00854400 -0.01577000
v -0.04198600 0.00789000 -0.01577000
v -0.04445800 0.00304000 -0.01577000
v -0.04464300 0.00218500 -0.01577000
v -0.04468000 0.00196800 -0.01577000
v -0.04474200 0.00153400 -0.01577000
v -0.04471300 0.00175100 -0.01577000
v -0.04478900 0.00109800 -0.01577000
v -0.04476800 0.00131600 -0.01577000
v -0.04482000 0.00066000 -0.01577000
v -0.04480700 0.00087900 -0.01577000
v -0.04483800 -0.00000200 -0.01577000
v -0.04483000 -0.00044100 -0.01577000
v -0.04483600 -0.00022200 -0.01577000
v -0.04478900 -0.00109900 -0.01577000
v -0.04480700 -0.00088000 -0.01577000
v -0.04482000 -0.00066000 -0.01577000
v -0.04474200 -0.00153600 -0.01577000
v -0.04468000 -0.00196900 -0.01577000
v -0.04471300 -0.00175300 -0.01577000
v -0.04455800 -0.00261600 -0.01577000
v -0.04434200 -0.00346400 -0.01577000
v -0.04440100 -0.00325400 -0.01577000
v -0.04421100 -0.00388400 -0.01577000
v -0.04427800 -0.00367400 -0.01577000
v -0.04406500 -0.00429800 -0.01577000
v -0.04414000 -0.00409200 -0.01577000
v -0.04390500 -0.00470600 -0.01577000
v -0.04398700 -0.00450300 -0.01577000
v -0.04373000 -0.00511100 -0.01577000
v -0.04382000 -0.00490900 -0.01577000
v -0.04354000 -0.00550800 -0.01577000
v -0.04363700 -0.00531000 -0.01577000
v -0.04333700 -0.00589800 -0.01577000
v -0.04344000 -0.00570400 -0.01577000
v -0.04312000 -0.00628000 -0.01577000
v -0.04323000 -0.00609000 -0.01577000
v -0.04277000 -0.00683800 -0.01577000
v -0.04289000 -0.00665400 -0.01577000
v -0.04252100 -0.00719800 -0.01577000
v -0.04264700 -0.00701900 -0.01577000
v -0.04225900 -0.00754900 -0.01577000
v -0.04239200 -0.00737400 -0.01577000
v -0.04198400 -0.00789100 -0.01577000
v -0.04212300 -0.00772200 -0.01577000
v -0.04169800 -0.00822300 -0.01577000
v -0.04155100 -0.00838500 -0.01577000
v -0.04184300 -0.00805800 -0.01577000
v -0.04140000 -0.00854500 -0.01577000
v -0.04124600 -0.00870200 -0.01577000
v -0.04109000 -0.00885700 -0.01577000
v -0.04093100 -0.00900800 -0.01577000
v -0.04076900 -0.00915700 -0.01577000
v -0.04060500 -0.00930200 -0.01577000
v -0.04043900 -0.00944500 -0.01577000
v -0.04026800 -0.00958500 -0.01577000
v -0.04009500 -0.00972300 -0.01577000
v -0.03992100 -0.00985700 -0.01577000
v -0.03938400 -0.01023900 -0.01577000
v -0.03920100 -0.01036000 -0.01577000
v -0.03901500 -0.01047700 -0.01577000
v -0.03882800 -0.01059200 -0.01577000
v -0.03863900 -0.01070200 -0.01577000
v -0.03844800 -0.01081000 -0.01577000
v -0.03825500 -0.01091300 -0.01577000
v -0.03806100 -0.01101400 -0.01577000
v -0.03786400 -0.01111100 -0.01577000
v -0.03766600 -0.01120500 -0.01577000
v -0.03746600 -0.01129500 -0.01577000
v -0.03726400 -0.01138100 -0.01577000
v -0.03706200 -0.01146400 -0.01577000
v -0.03685800 -0.01154300 -0.01577000
v -0.03665200 -0.01161800 -0.01577000
v -0.03644500 -0.01169000 -0.01577000
v -0.03623600 -0.01175900 -0.01577000
v -0.03560200 -0.01194200 -0.01577000
v -0.03581500 -0.01188400 -0.01577000
v -0.03415000 0.01233700 -0.01787000
v -0.03418000 0.01231800 -0.01749400
v -0.03424100 0.01229700 -0.01721500
v -0.03415000 0.01236800 -0.01885800
v -0.03415000 0.01238600 -0.01984500
v -0.03415000 0.01235400 -0.01836400
v -0.04429200 0.00356100 -0.01547000
v -0.04347400 -0.00559400 -0.01547000
v -0.04337300 -0.00578800 -0.01547000
v -0.04481700 -0.00011100 -0.01547000
v -0.04470800 -0.00164000 -0.01547000
v -0.04473500 -0.00142300 -0.01547000
v -0.04467700 -0.00185600 -0.01547000
v -0.04464200 -0.00207200 -0.01547000
v -0.04456100 -0.00250200 -0.01547000
v -0.04460300 -0.00228700 -0.01547000
v -0.04451500 -0.00271600 -0.01547000
v -0.04441100 -0.00314000 -0.01547000
v -0.04446400 -0.00292900 -0.01547000
v -0.04429200 -0.00356100 -0.01547000
v -0.04422600 -0.00377100 -0.01547000
v -0.04435300 -0.00335100 -0.01547000
v -0.04408400 -0.00418600 -0.01547000
v -0.04400800 -0.00439200 -0.01547000
v -0.04392800 -0.00459500 -0.01547000
v -0.04384500 -0.00479800 -0.01547000
v -0.04375800 -0.00499900 -0.01547000
v -0.04357200 -0.00539700 -0.01547000
v -0.04326900 -0.00598000 -0.01547000
v -0.04316100 -0.00617000 -0.01547000
v -0.04281700 -0.00673000 -0.01547000
v -0.04293400 -0.00654600 -0.01547000
v -0.04257100 -0.00709200 -0.01547000
v -0.04269600 -0.00691200 -0.01547000
v -0.04231400 -0.00744400 -0.01547000
v -0.04244400 -0.00726900 -0.01547000
v -0.04204300 -0.00778900 -0.01547000
v -0.04218000 -0.00761800 -0.01547000
v -0.04176000 -0.00812300 -0.01547000
v -0.04190300 -0.00795700 -0.01547000
v -0.04146600 -0.00844600 -0.01547000
v -0.04161400 -0.00828600 -0.01547000
v -0.04131400 -0.00860500 -0.01547000
v -0.04218000 0.00761700 -0.01547000
v -0.04100100 -0.00891400 -0.01547000
v -0.04281800 0.00672900 -0.01547000
v -0.04051300 -0.00935500 -0.01547000
v -0.04067800 -0.00921100 -0.01547000
v -0.04305000 0.00635800 -0.01547000
v -0.04017500 -0.00963400 -0.01547000
v -0.04034600 -0.00949600 -0.01547000
v -0.04316100 0.00617000 -0.01547000
v -0.04269700 0.00691100 -0.01547000
v -0.04347600 0.00559100 -0.01547000
v -0.03965000 -0.01003000 -0.01547000
v -0.04244500 0.00726800 -0.01547000
v -0.03910700 -0.01039600 -0.01547000
v -0.04366700 0.00519800 -0.01547000
v -0.04231400 0.00744400 -0.01547000
v -0.03873300 -0.01062400 -0.01547000
v -0.03892100 -0.01051200 -0.01547000
v -0.04204400 0.00778700 -0.01547000
v -0.03835200 -0.01083900 -0.01547000
v -0.03815900 -0.01094100 -0.01547000
v -0.04176100 0.00812100 -0.01547000
v -0.04161500 0.00828500 -0.01547000
v -0.03776700 -0.01113500 -0.01547000
v -0.04146600 0.00844600 -0.01547000
v -0.03756900 -0.01122600 -0.01547000
v -0.03696300 -0.01148100 -0.01547000
v -0.04100300 0.00891200 -0.01547000
v -0.04084300 0.00906200 -0.01547000
v -0.04479400 -0.00076800 -0.01547000
v -0.04480500 -0.00054900 -0.01547000
v -0.04473600 0.00142100 -0.01547000
v -0.04475900 0.00120300 -0.01547000
v -0.04460400 0.00228700 -0.01547000
v -0.04068000 0.00920900 -0.01547000
v -0.04051400 0.00935400 -0.01547000
v -0.04034600 0.00949600 -0.01547000
v -0.04017600 0.00963400 -0.01547000
v -0.04000400 0.00976800 -0.01547000
v -0.03982900 0.00990000 -0.01547000
v -0.03965200 0.01002900 -0.01547000
v -0.03947300 0.01015400 -0.01547000
v -0.03929100 0.01027700 -0.01547000
v -0.03910700 0.01039600 -0.01547000
v -0.03892200 0.01051100 -0.01547000
v -0.03873400 0.01062300 -0.01547000
v -0.03854500 0.01073200 -0.01547000
v -0.03835300 0.01083800 -0.01547000
v -0.03816000 0.01094000 -0.01547000
v -0.03776700 0.01113500 -0.01547000
v -0.03756900 0.01122600 -0.01547000
v -0.03696300 0.01148100 -0.01547000
v -0.03655000 0.01163300 -0.01547000
v -0.03614900 0.01176700 -0.01550400
v -0.03546100 0.01197500 -0.01573000
v -0.03353900 0.01245700 -0.02054000
v -0.03369000 0.01244300 -0.02050300
v -0.03363900 0.01244800 -0.02051900
v -0.03378400 0.01243400 -0.02046100
v -0.03390700 0.01242000 -0.02037600
v -0.03409200 0.01239600 -0.02012400
v -0.03414400 0.01238800 -0.01993600
v -0.03345000 0.01246400 -0.02054500
v -0.04206200 -0.00581700 -0.00675000
v -0.04230500 -0.00648900 -0.01017100
v -0.03487400 -0.01151600 -0.01017100
v -0.03453100 -0.01100500 -0.00675000
v -0.03321000 -0.01248000 -0.02054500
v -0.03373700 -0.01235100 -0.01707900
v -0.03495600 -0.01191500 -0.01361700
v -0.03371200 -0.01210500 -0.01361700
v -0.03441500 -0.01224900 -0.01677400
v -0.03433500 -0.01227000 -0.01694600
v -0.03418000 -0.01231800 -0.01749300
v -0.03415200 -0.01233300 -0.01777600
v -0.03415000 -0.01235400 -0.01836400
v -0.03297200 -0.01249100 -0.02054500
v -0.03745500 -0.01111100 -0.01361700
v -0.03772800 -0.01115300 -0.01547000
v -0.03753400 -0.01124200 -0.01547000
v -0.04372400 -0.00507400 -0.01547000
v -0.04363400 -0.00526800 -0.01547000
v -0.04333300 -0.00553500 -0.01361700
v -0.04349500 -0.00416600 -0.01017100
v -0.04452900 -0.00181800 -0.01361700
v -0.03370500 -0.01244200 -0.02049700
v -0.04412600 0.00175800 -0.01017100
v -0.04427300 0.00306300 -0.01361700
v -0.04387600 0.00431000 -0.01361700
v -0.04424900 0.00370100 -0.01547000
v -0.04264500 0.00671300 -0.01361700
v -0.04254200 0.00713400 -0.01547000
v -0.04266700 0.00695500 -0.01547000
v -0.03745500 0.01111100 -0.01361700
v -0.03845600 0.01013800 -0.01017100
v -0.03728900 0.01073800 -0.01017100
v -0.03608700 0.01119700 -0.01017100
v -0.03367200 0.01169900 -0.01017100
v -0.03250000 0.01186600 -0.01096500
v -0.03250000 0.01193300 -0.01149500
v -0.03487400 0.01151600 -0.01017100
v -0.03491000 0.01093000 -0.00675000
v -0.03273500 -0.01249800 -0.02054500
v -0.03956300 0.00940000 -0.01017100
v -0.04111700 0.00880200 -0.01547000
v -0.04086700 0.00883100 -0.01361700
v -0.03472000 -0.01096900 -0.00675000
v -0.03493000 -0.01211800 -0.01609800
v -0.03554900 -0.01195000 -0.01568800
v -0.03563200 -0.01192600 -0.01565200
v -0.03608700 -0.01119700 -0.01017100
v -0.03571700 -0.01190100 -0.01561900
v -0.03621100 -0.01158500 -0.01361700
v -0.03580400 -0.01187500 -0.01558900
v -0.03589300 -0.01184800 -0.01556100
v -0.03598300 -0.01182000 -0.01553800
v -0.03635600 -0.01169900 -0.01547800
v -0.03626100 -0.01173100 -0.01548800
v -0.03607500 -0.01179100 -0.01551700
v -0.03645300 -0.01166600 -0.01547200
v -0.03623300 -0.01055100 -0.00675000
v -0.03642000 -0.01048300 -0.00675000
v -0.03660700 -0.01041100 -0.00675000
v -0.03728900 -0.01073800 -0.01017100
v -0.03771500 -0.00990200 -0.00675000
v -0.03845600 -0.01013800 -0.01017100
v -0.03734000 -0.01132800 -0.01547000
v -0.03714400 -0.01140900 -0.01547000
v -0.03811500 -0.01096400 -0.01547000
v -0.03792100 -0.01106100 -0.01547000
v -0.03866200 -0.01048900 -0.01361700
v -0.03849600 -0.01076000 -0.01547000
v -0.03830600 -0.01086400 -0.01547000
v -0.03980800 -0.00972600 -0.01361700
v -0.03942100 -0.01019000 -0.01547000
v -0.03956300 -0.00940000 -0.01017100
v -0.04012700 -0.00967200 -0.01547000
v -0.03995400 -0.00980700 -0.01547000
v -0.04058700 -0.00853500 -0.01017100
v -0.04029800 -0.00953500 -0.01547000
v -0.04046800 -0.00939300 -0.01547000
v -0.04079900 -0.00910200 -0.01547000
v -0.04063500 -0.00924900 -0.01547000
v -0.04086700 -0.00883100 -0.01361700
v -0.04150700 -0.00755800 -0.01017100
v -0.04142700 -0.00848700 -0.01547000
v -0.04127400 -0.00864600 -0.01547000
v -0.04181900 -0.00782000 -0.01361700
v -0.04172600 -0.00816100 -0.01547000
v -0.04157800 -0.00832500 -0.01547000
v -0.04172500 -0.00633800 -0.00675000
v -0.04264500 -0.00671300 -0.01361700
v -0.04313300 -0.00621800 -0.01547000
v -0.04302200 -0.00640500 -0.01547000
v -0.04297000 -0.00535000 -0.01017100
v -0.04387600 -0.00431000 -0.01361700
v -0.04389200 -0.00468400 -0.01547000
v -0.04411700 -0.00409500 -0.01547000
v -0.04418500 -0.00389800 -0.01547000
v -0.04427300 -0.00306300 -0.01361700
v -0.04412600 -0.00175800 -0.01017100
v -0.04360900 -0.00136600 -0.00675000
v -0.04424400 -0.00057700 -0.01017100
v -0.04472200 -0.00153100 -0.01547000
v -0.04474500 -0.00133700 -0.01547000
v -0.04465100 -0.00059700 -0.01361700
v -0.04480400 -0.00057200 -0.01547000
v -0.04478100 -0.00095400 -0.01547000
v -0.04476400 -0.00114500 -0.01547000
v -0.04481800 0.00000000 -0.01547000
v -0.04465100 0.00059700 -0.01361700
v -0.04368900 0.00027300 -0.00675000
v -0.04424400 0.00057700 -0.01017100
v -0.04481300 0.00037800 -0.01547000
v -0.04480500 0.00056800 -0.01547000
v -0.04474500 0.00133800 -0.01547000
v -0.04452900 0.00181800 -0.01361700
v -0.04472300 0.00153300 -0.01547000
v -0.04476500 0.00114400 -0.01547000
v -0.04463400 0.00212000 -0.01547000
v -0.04466700 0.00192400 -0.01547000
v -0.04469700 0.00172800 -0.01547000
v -0.04387900 0.00296100 -0.01017100
v -0.04341100 0.00248600 -0.00675000
v -0.04336700 0.00267400 -0.00675000
v -0.04321300 0.00324000 -0.00675000
v -0.04442000 0.00310900 -0.01547000
v -0.04436600 0.00330700 -0.01547000
v -0.04418500 0.00389900 -0.01547000
v -0.04309100 0.00361500 -0.00675000
v -0.04349500 0.00416600 -0.01017100
v -0.04389200 0.00468700 -0.01547000
v -0.04397000 0.00449100 -0.01547000
v -0.04404500 0.00429500 -0.01547000
v -0.04297000 0.00535000 -0.01017100
v -0.04264200 0.00473100 -0.00675000
v -0.04280600 0.00436300 -0.00675000
v -0.04354100 0.00546200 -0.01547000
v -0.04333300 0.00553500 -0.01361700
v -0.04344400 0.00565400 -0.01547000
v -0.04372400 0.00507500 -0.01547000
v -0.04324000 0.00603200 -0.01547000
v -0.04334400 0.00584400 -0.01547000
v -0.04216800 0.00563700 -0.00675000
v -0.04230500 0.00648900 -0.01017100
v -0.04058700 0.00853500 -0.01017100
v -0.04172300 0.00816400 -0.01547000
v -0.04186800 0.00799800 -0.01547000
v -0.04181900 0.00782000 -0.01361700
v -0.04079600 0.00910500 -0.01547000
v -0.04127400 0.00864600 -0.01547000
v -0.04142600 0.00848800 -0.01547000
v -0.04012600 0.00967300 -0.01547000
v -0.03980800 0.00972600 -0.01361700
v -0.03995100 0.00980800 -0.01547000
v -0.03866200 0.01048900 -0.01361700
v -0.03923700 0.01031200 -0.01547000
v -0.03753400 0.01124200 -0.01547000
v -0.03772800 0.01115300 -0.01547000
v -0.03621100 0.01158500 -0.01361700
v -0.03674900 0.01156200 -0.01547000
v -0.03714400 0.01140900 -0.01547000
v -0.04150700 0.00755800 -0.01017100
v -0.03589200 0.01184800 -0.01556200
v -0.03598200 0.01182000 -0.01553800
v -0.03645300 0.01166600 -0.01547200
v -0.03495600 0.01191500 -0.01361700
v -0.03554900 0.01195000 -0.01568800
v -0.03563200 0.01192600 -0.01565200
v -0.03580300 0.01187500 -0.01558900
v -0.03571700 0.01190100 -0.01561900
v -0.03959800 0.01006700 -0.01547000
v -0.03371200 0.01210500 -0.01361700
v -0.03250000 0.01199700 -0.01202500
v -0.03250000 0.01211300 -0.01308600
v -0.03373700 0.01235100 -0.01707900
v -0.03415200 0.01233300 -0.01777600
v -0.03250000 0.01242500 -0.01734600
v -0.03321300 0.01247900 -0.02054500
v -0.03415000 0.01237800 -0.01935100
v -0.03398100 0.01241100 -0.02030100
v -0.03250000 0.01249700 -0.02001200
v -0.03297500 0.01249100 -0.02054500
v -0.03250000 0.01249000 -0.01947900
v -0.03250000 0.01248000 -0.01894500
v -0.03250000 0.01239900 -0.01681300
v -0.03250000 0.01237000 -0.01628000
v -0.03250000 0.01216500 -0.01361800
v -0.03250000 0.01229900 -0.01521500
v -0.03359700 0.01113800 -0.00675000
v -0.03250000 0.01172000 -0.00990700
v -0.03250000 0.01164100 -0.00937900
v -0.03341200 0.01115500 -0.00675000
v -0.03250000 0.01155900 -0.00885200
v -0.03250000 0.01147300 -0.00832600
v -0.03250000 0.01138300 -0.00780000
v -0.03250000 0.01128900 -0.00727500
v -0.03461400 0.01219800 -0.01645100
v -0.03434500 0.01104000 -0.00675000
v -0.03607400 0.01179100 -0.01551800
v -0.03734000 0.01132800 -0.01547000
v -0.04029800 0.00953500 -0.01547000
v -0.04046600 0.00939500 -0.01547000
v -0.04200900 0.00783000 -0.01547000
v -0.04228300 0.00748500 -0.01547000
v -0.04241400 0.00731000 -0.01547000
v -0.04290600 0.00659100 -0.01547000
v -0.04082300 0.00748200 -0.00675000
v -0.04063200 0.00925100 -0.01547000
v -0.03830300 0.01086500 -0.01547000
v -0.03811200 0.01096500 -0.01547000
v -0.03635600 0.01169900 -0.01547800
v -0.03528900 0.01083900 -0.00675000
v -0.03626100 0.01173100 -0.01548800
v -0.03510000 0.01088600 -0.00675000
v -0.03250000 0.01233700 -0.01574700
v -0.03507400 0.01208000 -0.01597700
v -0.03792100 0.01106100 -0.01547000
v -0.03753500 0.00999600 -0.00675000
v -0.03905400 0.01042900 -0.01547000
v -0.03771800 0.00990100 -0.00675000
v -0.03825600 0.00959900 -0.00675000
v -0.04302100 0.00640500 -0.01547000
v -0.04184200 0.00616300 -0.00675000
v -0.04227000 0.00546000 -0.00675000
v -0.04363400 0.00526900 -0.01547000
v -0.04246300 0.00509700 -0.00675000
v -0.04381000 0.00488100 -0.01547000
v -0.04411700 0.00409700 -0.01547000
v -0.04302500 0.00380200 -0.00675000
v -0.04430900 0.00350400 -0.01547000
v -0.04447000 0.00291100 -0.01547000
v -0.04451600 0.00271200 -0.01547000
v -0.04455900 0.00251400 -0.01547000
v -0.04355600 0.00173700 -0.00675000
v -0.04478200 0.00095100 -0.01547000
v -0.04479500 0.00075900 -0.01547000
v -0.04481700 0.00018900 -0.01547000
v -0.04481600 -0.00019100 -0.01547000
v -0.04368300 0.00045200 -0.00675000
v -0.04367400 0.00063100 -0.00675000
v -0.04481200 -0.00038200 -0.01547000
v -0.04387900 -0.00296100 -0.01017100
v -0.04332000 -0.00286400 -0.00675000
v -0.04344500 -0.00565000 -0.01547000
v -0.04290700 -0.00658900 -0.01547000
v -0.04111800 -0.00880100 -0.01547000
v -0.04096000 -0.00895300 -0.01547000
v -0.03993100 -0.00836900 -0.00675000
v -0.03977900 -0.00993700 -0.01547000
v -0.03960100 -0.01006500 -0.01547000
v -0.03923900 -0.01031100 -0.01547000
v -0.03868300 -0.01065300 -0.01547000
v -0.03887000 -0.01054300 -0.01547000
v -0.03674900 -0.01156200 -0.01547000
v -0.03509800 -0.01088600 -0.00675000
v -0.03735100 -0.01008600 -0.00675000
v -0.03945000 -0.00877200 -0.00675000
v -0.03789900 0.00980400 -0.00675000
v -0.03679700 0.01033500 -0.00675000
v -0.03604400 -0.01061600 -0.00675000
v -0.03716500 -0.01017300 -0.00675000
v -0.04096200 0.00732400 -0.00675000
v -0.04008800 0.00822600 -0.00675000
v -0.03250000 0.01244700 -0.01787900
v -0.03250000 0.01246500 -0.01841200
v -0.00776700 0.01248100 -0.01898900
v 0.03250000 0.01249000 -0.01947900
v 0.03250000 0.01249700 -0.02001200
v 0.03250000 0.01246500 -0.01841200
v 0.03250000 0.01248000 -0.01894500
v -0.03250000 0.01250000 -0.02054500
v -0.03250000 0.01225800 -0.01468200
v 0.03250000 0.01172000 -0.00990700
v 0.03250000 0.01164100 -0.00937900
v 0.03250000 0.01155900 -0.00885200
v 0.03250000 0.01147300 -0.00832500
v 0.03250000 0.01138300 -0.00780000
v 0.03250000 0.01193300 -0.01149500
v -0.03095000 0.01193500 -0.01150700
v -0.03095000 0.01199900 -0.01204000
v -0.03250000 0.01205700 -0.01255500
v -0.03250000 0.01221400 -0.01415000
v -0.03250000 0.01179500 -0.01043500
v 0.03250000 0.01244700 -0.01787900
v -0.03015200 0.01246300 -0.01833100
v 0.03085500 0.01181200 -0.01055900
v 0.03250000 0.01199700 -0.01202500
v 0.03250000 0.01205700 -0.01255500
v 0.03250000 0.01211300 -0.01308600
v 0.03250000 0.01221400 -0.01415000
v 0.03250000 0.01225800 -0.01468200
v 0.03250000 0.01229900 -0.01521500
v 0.03250000 0.01233700 -0.01574700
v 0.03250000 0.01239900 -0.01681300
v 0.03250000 0.01242500 -0.01734600
v 0.03094800 0.01243000 -0.01745300
v -0.02927900 0.01178400 -0.01035400
v 0.03628700 -0.01182100 -0.01707900
v 0.03371200 -0.01210500 -0.01361700
v 0.03524300 -0.01219500 -0.02054500
v 0.03500600 -0.01215700 -0.01707900
v 0.03504400 -0.01223800 -0.02054500
v 0.03373700 -0.01235100 -0.01707900
v 0.03405000 -0.01240300 -0.02054500
v 0.03365800 -0.01244600 -0.02054500
v 0.03346300 -0.01246300 -0.02054500
v 0.03326900 -0.01247700 -0.02054500
v 0.03307600 -0.01248700 -0.02054500
v 0.03288300 -0.01249500 -0.02054500
v 0.03269100 -0.01249900 -0.02054500
v 0.03621100 -0.01158500 -0.01361700
v 0.03745500 -0.01111100 -0.01361700
v 0.03487400 -0.01151600 -0.01017100
v 0.03608700 -0.01119700 -0.01017100
v 0.03624400 -0.01192600 -0.02054500
v 0.03604500 -0.01061600 -0.00675000
v 0.03763100 -0.01139800 -0.02054500
v 0.03755500 -0.01133700 -0.01707900
v 0.03728900 -0.01073800 -0.01017100
v 0.03866200 -0.01048900 -0.01361700
v 0.03802000 -0.01121500 -0.02054500
v 0.03878700 -0.01070300 -0.01707900
v 0.03980800 -0.00972600 -0.01361700
v 0.03716800 -0.01017300 -0.00675000
v 0.03897300 -0.01069300 -0.02054500
v 0.03995600 -0.00992400 -0.01707900
v 0.03771800 -0.00990100 -0.00675000
v 0.03845600 -0.01013800 -0.01017100
v 0.03970600 -0.01021300 -0.02054500
v 0.04086700 -0.00883100 -0.01361700
v 0.03843200 -0.00949100 -0.00675000
v 0.03956300 -0.00940000 -0.01017100
v 0.03895200 -0.00914500 -0.00675000
v 0.03878000 -0.00926400 -0.00675000
v 0.03988600 -0.01008400 -0.02054500
v 0.04006300 -0.00995200 -0.02054500
v 0.04091200 -0.00924600 -0.02054500
v 0.04103700 -0.00901000 -0.01707900
v 0.04057900 -0.00953800 -0.02054500
v 0.04123400 -0.00894200 -0.02054500
v 0.04139100 -0.00878600 -0.02054500
v 0.04181900 -0.00782000 -0.01361700
v 0.04169600 -0.00846600 -0.02054500
v 0.04200900 -0.00797900 -0.01707900
v 0.04150700 -0.00755800 -0.01017100
v 0.04058700 -0.00853500 -0.01017100
v 0.04240800 -0.00762100 -0.02054500
v 0.04254100 -0.00744500 -0.02054500
v 0.04227200 -0.00779400 -0.02054500
v 0.04135800 -0.00684000 -0.00675000
v 0.04279700 -0.00708700 -0.02054500
v 0.04285100 -0.00685000 -0.01707900
v 0.04355300 -0.00564800 -0.01707900
v 0.04315500 -0.00653700 -0.02054500
v 0.04303900 -0.00672100 -0.02054500
v 0.04387600 -0.00431000 -0.01361700
v 0.04333300 -0.00553500 -0.01361700
v 0.04230500 -0.00648900 -0.01017100
v 0.04297000 -0.00535000 -0.01017100
v 0.04236800 -0.00527900 -0.00675000
v 0.04368100 -0.00558800 -0.02054500
v 0.04377600 -0.00539500 -0.02054500
v 0.04410800 -0.00439800 -0.01707900
v 0.04427300 -0.00306300 -0.01361700
v 0.04403800 -0.00481100 -0.02054500
v 0.04395400 -0.00500700 -0.02054500
v 0.04349500 -0.00416600 -0.01017100
v 0.04419400 -0.00441500 -0.02054500
v 0.04426700 -0.00421800 -0.02054500
v 0.04440200 -0.00382200 -0.02054500
v 0.04446400 -0.00362300 -0.02054500
v 0.04451300 -0.00312600 -0.01707900
v 0.04462900 -0.00302400 -0.02054500
v 0.04467700 -0.00282600 -0.02054500
v 0.04452900 -0.00181800 -0.01361700
v 0.04336700 -0.00267400 -0.00675000
v 0.04387900 -0.00296100 -0.01017100
v 0.04476200 -0.00242900 -0.02054500
v 0.04477300 -0.00185500 -0.01707900
v 0.04412600 -0.00175800 -0.01017100
v 0.04483400 -0.00203300 -0.02054500
v 0.04486400 -0.00183500 -0.02054500
v 0.04489800 -0.00060900 -0.01707900
v 0.04493800 -0.00124800 -0.02054500
v 0.04424400 -0.00057700 -0.01017100
v 0.04497100 -0.00086000 -0.02054500
v 0.04498200 -0.00066600 -0.02054500
v 0.04489800 0.00060900 -0.01707900
v 0.04500000 -0.00009200 -0.02054500
v 0.04500000 0.00009900 -0.02054500
v 0.04499100 0.00047700 -0.02054500
v 0.04498200 0.00066600 -0.02054500
v 0.04424400 0.00057700 -0.01017100
v 0.04427300 0.00306300 -0.01361700
v 0.04452900 0.00181800 -0.01361700
v 0.04477300 0.00185500 -0.01707900
v 0.04451300 0.00312600 -0.01707900
v 0.04387900 0.00296100 -0.01017100
v 0.04412600 0.00175800 -0.01017100
v 0.04452200 0.00342100 -0.02054500
v 0.04349100 0.00211300 -0.00675000
v 0.04426700 0.00421600 -0.02054500
v 0.04410800 0.00439800 -0.01707900
v 0.04403800 0.00480800 -0.02054500
v 0.04411800 0.00461200 -0.02054500
v 0.04355300 0.00564800 -0.01707900
v 0.04386700 0.00519900 -0.02054500
v 0.04297000 0.00535000 -0.01017100
v 0.04349500 0.00416600 -0.01017100
v 0.04387600 0.00431000 -0.01361700
v 0.04358300 0.00578000 -0.02054500
v 0.04348200 0.00597000 -0.02054500
v 0.04333300 0.00553500 -0.01361700
v 0.04264500 0.00671300 -0.01361700
v 0.04285100 0.00685000 -0.01707900
v 0.04230500 0.00648900 -0.01017100
v 0.04292000 0.00690400 -0.02054500
v 0.04181900 0.00782000 -0.01361700
v 0.04200900 0.00797900 -0.01707900
v 0.04148300 0.00667500 -0.00675000
v 0.04154700 0.00862500 -0.02054500
v 0.04103700 0.00901000 -0.01707900
v 0.04150700 0.00755800 -0.01017100
v 0.04058700 0.00853500 -0.01017100
v 0.04086700 0.00883100 -0.01361700
v 0.03980800 0.00972600 -0.01361700
v 0.03995600 0.00992400 -0.01707900
v 0.04006400 0.00995200 -0.02054500
v 0.03988700 0.01008400 -0.02054500
v 0.03866200 0.01048900 -0.01361700
v 0.03970900 0.01021200 -0.02054500
v 0.03952800 0.01033700 -0.02054500
v 0.03956300 0.00940000 -0.01017100
v 0.03878700 0.01070300 -0.01707900
v 0.03897400 0.01069200 -0.02054500
v 0.03916100 0.01057700 -0.02054500
v 0.03859800 0.01091200 -0.02054500
v 0.03878600 0.01080400 -0.02054500
v 0.03755500 0.01133700 -0.01707900
v 0.03821600 0.01111700 -0.02054500
v 0.03840700 0.01101600 -0.02054500
v 0.03802300 0.01121400 -0.02054500
v 0.03807500 0.00970400 -0.00675000
v 0.03845600 0.01013800 -0.01017100
v 0.03789600 0.00980500 -0.00675000
v 0.03782800 0.01130800 -0.02054500
v 0.03763200 0.01139800 -0.02054500
v 0.03743600 0.01148400 -0.02054500
v 0.03745500 0.01111100 -0.01361700
v 0.03621100 0.01158500 -0.01361700
v 0.03753400 0.00999600 -0.00675000
v 0.03728900 0.01073800 -0.01017100
v 0.03723900 0.01156700 -0.02054500
v 0.03684400 0.01172100 -0.02054500
v 0.03628700 0.01182100 -0.01707900
v 0.03704200 0.01164600 -0.02054500
v 0.03664500 0.01179300 -0.02054500
v 0.03608700 0.01119700 -0.01017100
v 0.03495600 0.01191500 -0.01361700
v 0.03679400 0.01033500 -0.00675000
v 0.03660700 0.01041100 -0.00675000
v 0.03644500 0.01186100 -0.02054500
v 0.03624400 0.01192600 -0.02054500
v 0.03584600 0.01204400 -0.02054500
v 0.03604500 0.01198700 -0.02054500
v 0.03564600 0.01209800 -0.02054500
v 0.03500600 0.01215700 -0.01707900
v 0.03487400 0.01151600 -0.01017100
v 0.03371200 0.01210500 -0.01361700
v 0.03367200 0.01169900 -0.01017100
v 0.03544600 0.01214800 -0.02054500
v 0.03524500 0.01219500 -0.02054500
v 0.03484500 0.01227800 -0.02054500
v 0.03250000 0.01128900 -0.00727500
v 0.03250000 0.01179500 -0.01043500
v 0.03250000 0.01186600 -0.01096500
v 0.03396800 0.01109500 -0.00675000
v 0.03464700 0.01231500 -0.02054500
v 0.03444800 0.01234800 -0.02054500
v 0.03373700 0.01235100 -0.01707900
v 0.03250000 0.01216500 -0.01361700
v 0.03425000 0.01237800 -0.02054500
v 0.03405200 0.01240400 -0.02054500
v 0.03365800 0.01244600 -0.02054500
v 0.03250000 0.01237000 -0.01628000
v 0.03346300 0.01246300 -0.02054500
v 0.03326900 0.01247700 -0.02054500
v 0.03307600 0.01248700 -0.02054500
v 0.03288300 0.01249500 -0.02054500
v 0.03269100 0.01249900 -0.02054500
v 0.03250000 0.01250000 -0.02054500
v 0.03771500 0.00990200 -0.00675000
v 0.03934600 0.01045900 -0.02054500
v 0.03977300 0.00850600 -0.00675000
v 0.04023900 0.00981600 -0.02054500
v 0.04074900 0.00939200 -0.02054500
v 0.04091300 0.00924500 -0.02054500
v 0.04107500 0.00909500 -0.02054500
v 0.04123600 0.00894000 -0.02054500
v 0.04139300 0.00878400 -0.02054500
v 0.04169900 0.00846300 -0.02054500
v 0.04184700 0.00830000 -0.02054500
v 0.04122800 0.00700600 -0.00675000
v 0.04216800 0.00563900 -0.00675000
v 0.04304000 0.00672000 -0.02054500
v 0.04227000 0.00546000 -0.00675000
v 0.04280600 0.00436400 -0.00675000
v 0.04288300 0.00417800 -0.00675000
v 0.04419400 0.00441500 -0.02054500
v 0.04486400 0.00183500 -0.02054500
v 0.04465100 0.00059700 -0.01361700
v 0.04499700 0.00028800 -0.02054500
v 0.04499100 -0.00047400 -0.02054500
v 0.04499700 -0.00028200 -0.02054500
v 0.04465100 -0.00059700 -0.01361700
v 0.04360800 -0.00136600 -0.00675000
v 0.04495600 -0.00105300 -0.02054500
v 0.04491700 -0.00144300 -0.02054500
v 0.04489200 -0.00163800 -0.02054500
v 0.04480000 -0.00223100 -0.02054500
v 0.04472100 -0.00262700 -0.02054500
v 0.04326800 -0.00305200 -0.00675000
v 0.04452200 -0.00342300 -0.02054500
v 0.04433600 -0.00402000 -0.02054500
v 0.04411800 -0.00461300 -0.02054500
v 0.04246300 -0.00509700 -0.00675000
v 0.04386700 -0.00520200 -0.02054500
v 0.04358300 -0.00578100 -0.02054500
v 0.04337600 -0.00616200 -0.02054500
v 0.04348100 -0.00597200 -0.02054500
v 0.04264500 -0.00671300 -0.01361700
v 0.04292000 -0.00690400 -0.02054500
v 0.04213400 -0.00796500 -0.02054500
v 0.04154500 -0.00862700 -0.02054500
v 0.04107500 -0.00909500 -0.02054500
v 0.03928700 -0.00889900 -0.00675000
v 0.03945200 -0.00877100 -0.00675000
v 0.03753500 -0.00999600 -0.00675000
v 0.03623300 -0.01055100 -0.00675000
v 0.03544300 -0.01214800 -0.02054500
v 0.03415700 -0.01106900 -0.00675000
v 0.03495600 -0.01191500 -0.01361700
v 0.03716500 0.01017300 -0.00675000
v 0.03825300 0.00960000 -0.00675000
v 0.04336800 0.00267600 -0.00675000
v 0.04172600 -0.00633500 -0.00675000
v 0.04008800 -0.00822600 -0.00675000
v 0.03912100 -0.00902400 -0.00675000
v 0.03807800 -0.00970300 -0.00675000
v -0.03250000 -0.01250000 -0.02054500
v 0.03250000 -0.01250000 -0.02054500
v -0.02700000 -0.01250000 -0.00894500
v -0.02750400 -0.01250000 -0.00900700
v -0.02845000 -0.01250000 -0.00952600
v -0.02869100 -0.01250000 -0.00980100
v 0.02784000 -0.01250000 -0.00912100
v -0.03430000 -0.01229800 -0.01743900
v -0.03430000 -0.01234200 -0.01865500
v -0.03430000 -0.01235200 -0.01906200
v -0.03430000 -0.01232000 -0.02084500
v -0.03580000 -0.01039700 -0.02356800
v -0.03580000 -0.01029500 -0.02366400
v -0.03556500 -0.01065600 -0.02337500
v -0.03507100 -0.00801700 -0.02494700
v -0.03250000 -0.01080300 -0.02367200
v -0.03398600 -0.01039800 -0.02394000
v -0.03250000 -0.01070100 -0.02376800
v -0.03580000 -0.01049600 -0.02346900
v -0.03580000 -0.01068700 -0.02326500
v -0.03403200 -0.01098400 -0.02337300
v -0.03250000 -0.01090200 -0.02357400
v -0.03250000 -0.01099900 -0.02347400
v -0.03564800 -0.01114600 -0.02273700
v -0.03250100 -0.01136000 -0.02304700
v -0.03406800 -0.01147800 -0.02273500
v -0.03250100 -0.01144200 -0.02293700
v -0.03250100 -0.01152200 -0.02282600
v -0.03580000 -0.01134300 -0.02236200
v -0.03580000 -0.01127100 -0.02248100
v -0.03409400 -0.01186800 -0.02205700
v -0.03580000 -0.01141300 -0.02224100
v -0.03580000 -0.01148000 -0.02211800
v -0.03580000 -0.01166500 -0.02174200
v -0.03580000 -0.01160600 -0.02186800
v -0.03580000 -0.01172100 -0.02161400
v -0.03411400 -0.01216200 -0.02137100
v -0.03580000 -0.01177400 -0.02148400
v -0.03272200 -0.01244900 -0.02084500
v -0.03250000 -0.01241500 -0.02096100
v -0.03250000 -0.01237700 -0.02107700
v -0.03294500 -0.01244300 -0.02084500
v -0.03316800 -0.01243300 -0.02084500
v -0.03250000 -0.01220200 -0.02154400
v -0.03250000 -0.01224900 -0.02142700
v -0.03250000 -0.01233600 -0.02119400
v -0.03339300 -0.01241900 -0.02084500
v -0.03250000 -0.01229300 -0.02131000
v -0.03361800 -0.01240100 -0.02084500
v -0.03384400 -0.01237800 -0.02084500
v -0.03580000 -0.01154500 -0.02199400
v -0.03250100 -0.01109300 -0.02337000
v -0.03580000 -0.01059300 -0.02336800
v -0.03250000 -0.01048900 -0.02395200
v -0.03250000 -0.01038000 -0.02404000
v -0.03250000 -0.01027000 -0.02412300
v -0.03546200 -0.01007400 -0.02394100
v -0.03393300 -0.00974000 -0.02440300
v -0.03534200 -0.00942300 -0.02440400
v -0.03250000 -0.01015700 -0.02420300
v -0.03580000 -0.01008500 -0.02384800
v -0.03580000 -0.00997700 -0.02393600
v -0.03250000 -0.01004300 -0.02428000
v -0.03580000 -0.00986500 -0.02402100
v -0.03250000 -0.00992700 -0.02435400
v -0.03580000 -0.00975200 -0.02410300
v -0.03387300 -0.00903800 -0.02474100
v -0.03580000 -0.00963700 -0.02418200
v -0.03250000 -0.00969000 -0.02449100
v -0.03250000 -0.00957100 -0.02455300
v -0.03250000 -0.00945100 -0.02461100
v -0.03580000 -0.00952000 -0.02425800
v -0.03250000 -0.00932900 -0.02466500
v -0.03250000 -0.00920700 -0.02471600
v -0.03580000 -0.00903100 -0.02452900
v -0.03381000 -0.00831900 -0.02494700
v -0.03521000 -0.00872800 -0.02474200
v -0.03249900 -0.00896000 -0.02480600
v -0.03249900 -0.00908300 -0.02476300
v -0.03249900 -0.00883700 -0.02484500
v -0.03249900 -0.00871400 -0.02488000
v -0.03249900 -0.00859000 -0.02491100
v -0.03374300 -0.00760400 -0.02503600
v -0.03249900 -0.00846500 -0.02493900
v -0.03250000 -0.00809500 -0.02500200
v -0.03250000 -0.00821800 -0.02498400
v -0.03250000 -0.00797200 -0.02501600
v -0.03250000 -0.00784900 -0.02502700
v -0.03250000 -0.00736200 -0.02505200
v -0.03250000 -0.00748300 -0.02504800
v -0.03250000 -0.00760400 -0.02504200
v -0.03492900 -0.00731100 -0.02503600
v -0.03250000 -0.00772700 -0.02503500
v -0.03250000 -0.00834100 -0.02496300
v -0.03580000 -0.00890400 -0.02458800
v -0.03250000 -0.00980900 -0.02442500
v -0.03580000 -0.01019100 -0.02375700
v -0.03580000 -0.01119500 -0.02259900
v -0.03407200 -0.01235100 -0.02084500
v 0.00000000 -0.01032200 -0.02408400
v -0.03250000 -0.01043400 -0.02399700
v -0.03250000 -0.01032200 -0.02408400
v -0.03250000 -0.01245100 -0.02084500
v -0.03250000 -0.00724500 -0.02505300
v 0.00000000 -0.00724500 -0.02505300
v 0.00000000 -0.01043400 -0.02399700
v -0.03250000 -0.01054300 -0.02390700
v -0.03250000 -0.01065000 -0.02381500
v 0.00000000 -0.01054300 -0.02390700
v 0.00000000 -0.01065000 -0.02381500
v -0.03250000 -0.01075400 -0.02371900
v 0.00000000 -0.01075400 -0.02371900
v -0.03250000 -0.01085700 -0.02362000
v 0.00000000 -0.01085700 -0.02362000
v -0.03250000 -0.01114900 -0.02330700
v -0.03250000 -0.01124000 -0.02319900
v 0.00000000 -0.01114900 -0.02330700
v 0.00000000 -0.01124000 -0.02319900
v -0.03250000 -0.01132800 -0.02308800
v 0.00000000 -0.01132800 -0.02308800
v -0.03250000 -0.01141400 -0.02297500
v 0.00000000 -0.01141400 -0.02297500
v -0.03250000 -0.01157700 -0.02274500
v 0.00000000 -0.01157700 -0.02274500
v -0.03250000 -0.01165200 -0.02263000
v -0.03250000 -0.01172500 -0.02251300
v 0.00000000 -0.01165200 -0.02263000
v 0.00000000 -0.01172500 -0.02251300
v -0.03250000 -0.01179400 -0.02239500
v 0.00000000 -0.01179400 -0.02239500
v -0.03250000 -0.01186100 -0.02227600
v -0.03250000 -0.01192400 -0.02215600
v 0.00000000 -0.01186100 -0.02227600
v 0.00000000 -0.01192400 -0.02215600
v -0.03250000 -0.01198400 -0.02203800
v 0.00000000 -0.01198400 -0.02203800
v -0.03250000 -0.01204100 -0.02191800
v -0.03250000 -0.01209500 -0.02179900
v -0.03250000 -0.01214600 -0.02167900
v 0.03250000 -0.01038000 -0.02403900
v 0.03250000 -0.01245100 -0.02084600
v 0.03250000 -0.01027000 -0.02412200
v 0.03250000 -0.01015800 -0.02420200
v 0.03250000 -0.01004400 -0.02427800
v 0.03250000 -0.00992800 -0.02435200
v 0.03250000 -0.00981000 -0.02442200
v 0.03250000 -0.00969100 -0.02448800
v 0.03250000 -0.00957200 -0.02455000
v 0.03250000 -0.00945200 -0.02460800
v 0.03250000 -0.00933000 -0.02466300
v 0.03250000 -0.00908300 -0.02476200
v 0.03250000 -0.00920700 -0.02471400
v 0.03250000 -0.01048900 -0.02395200
v 0.03250000 -0.00896100 -0.02480500
v 0.03250000 -0.00883800 -0.02484400
v 0.03250000 -0.00871400 -0.02487900
v 0.03250000 -0.00859000 -0.02491100
v 0.03250000 -0.00846500 -0.02493900
v 0.03250000 -0.00834100 -0.02496300
v 0.03250000 -0.00821800 -0.02498400
v 0.03250000 -0.00797200 -0.02501600
v 0.03250000 -0.00809500 -0.02500200
v 0.03250000 -0.00772700 -0.02503500
v 0.03250000 -0.00784900 -0.02502700
v 0.03250000 -0.00748300 -0.02504800
v 0.03250000 -0.00760400 -0.02504200
v 0.03250000 -0.00724100 -0.02505300
v 0.03250000 -0.00736200 -0.02505100
v 0.03250000 -0.01059600 -0.02386100
v 0.03250000 -0.01070000 -0.02376800
v 0.03250000 -0.01080200 -0.02367200
v 0.00000000 -0.01095700 -0.02351700
v 0.03250000 -0.01090100 -0.02357400
v 0.03250000 -0.01099700 -0.02347400
v 0.00000000 -0.01105500 -0.02341200
v 0.03250000 -0.01109200 -0.02337000
v 0.03250000 -0.01118400 -0.02326300
v 0.03250000 -0.01127300 -0.02315600
v 0.03250000 -0.01135900 -0.02304700
v 0.03250000 -0.01144200 -0.02293700
v 0.03250000 -0.01152100 -0.02282600
v 0.03250000 -0.01187400 -0.02225000
v 0.03250000 -0.01241400 -0.02096200
v 0.03708300 0.00528800 -0.02505100
v 0.03695600 0.00539500 -0.02505100
v 0.03710600 0.00615400 -0.02503700
v 0.04040400 -0.00837100 -0.02283900
v 0.03940000 -0.00921600 -0.02283800
v 0.03910200 -0.00881800 -0.02345500
v 0.03638200 0.00663500 -0.02503700
v 0.03682800 0.00549800 -0.02505100
v 0.03346900 0.00973400 -0.02443600
v 0.03964000 0.00953500 -0.02218000
v 0.03851900 0.01028000 -0.02217900
v 0.03867300 0.01054200 -0.02150700
v 0.03825700 0.00609800 -0.02495400
v 0.03794800 0.00727700 -0.02476000
v 0.03874000 0.00661000 -0.02476000
v 0.03504800 0.00799100 -0.02495300
v 0.03432700 0.00890600 -0.02475800
v 0.03526300 0.00866100 -0.02475800
v 0.03562000 0.00702600 -0.02503600
v 0.03590400 0.00766500 -0.02495300
v 0.03547300 0.00931800 -0.02443800
v 0.03619000 0.00830800 -0.02475900
v 0.03340000 0.00904700 -0.02475700
v 0.03418500 0.00821600 -0.02495200
v 0.03483600 0.00732400 -0.02503600
v 0.03250000 0.00883300 -0.02484400
v 0.03333000 0.00834700 -0.02495200
v 0.03250000 0.00870900 -0.02487900
v 0.03404400 0.00753100 -0.02503600
v 0.03250000 0.00821500 -0.02498200
v 0.03250000 0.00809200 -0.02500000
v 0.03326100 0.00765100 -0.02503500
v 0.03250000 0.00796900 -0.02501400
v 0.03250000 0.00784700 -0.02502500
v 0.03935000 0.01039700 -0.02084600
v 0.03982300 0.00977800 -0.02150700
v 0.03891400 0.00540200 -0.02495500
v 0.03799700 0.00433000 -0.02505100
v 0.03789200 0.00446000 -0.02505100
v 0.03837900 0.00495100 -0.02503800
v 0.03767500 0.00471000 -0.02505100
v 0.03778500 0.00458600 -0.02505100
v 0.03890300 0.00425200 -0.02503800
v 0.04064700 0.00541000 -0.02444000
v 0.04047900 0.00671800 -0.02399900
v 0.04118900 0.00576900 -0.02399900
v 0.03854900 0.00351700 -0.02505200
v 0.03846500 0.00365800 -0.02505200
v 0.03948500 0.00463900 -0.02495500
v 0.04007200 0.00502800 -0.02476100
v 0.03996200 0.00382600 -0.02495500
v 0.04184600 0.00786800 -0.02150800
v 0.04120200 0.00446200 -0.02444100
v 0.04058800 0.00414700 -0.02476100
v 0.03933900 0.00350700 -0.02503800
v 0.03877900 0.00309000 -0.02505200
v 0.03870600 0.00323300 -0.02505200
v 0.04178100 0.00475900 -0.02400000
v 0.03968400 0.00273200 -0.02503900
v 0.03891400 0.00279900 -0.02505200
v 0.04209100 0.00636800 -0.02284000
v 0.04242400 0.00658800 -0.02218100
v 0.04274400 0.00525200 -0.02284000
v 0.03993600 0.00194200 -0.02503900
v 0.04033800 0.00298000 -0.02495600
v 0.04267800 0.00675700 -0.02150900
v 0.04252200 0.00738800 -0.02084600
v 0.03914100 0.00220600 -0.02505200
v 0.03908900 0.00235400 -0.02505200
v 0.03903400 0.00250200 -0.02505200
v 0.03923200 0.00190900 -0.02505200
v 0.03918800 0.00205800 -0.02505200
v 0.04289900 0.00684700 -0.02084600
v 0.04301800 0.00666300 -0.02084600
v 0.03927300 0.00175900 -0.02505200
v 0.04196200 0.00247100 -0.02444100
v 0.04129400 0.00229700 -0.02476200
v 0.04164100 0.00347500 -0.02444100
v 0.03934300 0.00145900 -0.02505200
v 0.03931000 0.00161000 -0.02505200
v 0.04326100 0.00409100 -0.02284000
v 0.04279600 0.00391400 -0.02345700
v 0.03937300 0.00131100 -0.02505200
v 0.04224900 0.00370700 -0.02400000
v 0.04259100 0.00263500 -0.02400000
v 0.04079000 0.00125800 -0.02495600
v 0.04017600 0.00037800 -0.02503900
v 0.04009900 0.00115300 -0.02503900
v 0.04216900 0.00146700 -0.02444100
v 0.04148600 0.00136400 -0.02476200
v 0.03942400 0.00101600 -0.02505200
v 0.03944400 0.00086900 -0.02505200
v 0.04363900 0.00290800 -0.02284100
v 0.04315700 0.00278300 -0.02345700
v 0.03946000 0.00072200 -0.02505200
v 0.04087500 0.00041300 -0.02495600
v 0.03947400 0.00057500 -0.02505200
v 0.04157800 0.00044700 -0.02476200
v 0.04226700 0.00048100 -0.02444100
v 0.03948400 0.00042900 -0.02505200
v 0.03949100 0.00028400 -0.02505200
v 0.04388200 0.00172700 -0.02284100
v 0.04339000 0.00165200 -0.02345700
v 0.04087500 -0.00041300 -0.02495600
v 0.04291700 0.00051300 -0.02400000
v 0.04281200 0.00156500 -0.02400000
v 0.04157800 -0.00044800 -0.02476200
v 0.04226700 -0.00048200 -0.02444100
v 0.04017600 -0.00037900 -0.02503900
v 0.03949800 -0.00000400 -0.02505200
v 0.03948400 -0.00043000 -0.02505200
v 0.03949100 -0.00028900 -0.02505200
v 0.03949600 -0.00014600 -0.02505200
v 0.03945900 -0.00072000 -0.02505200
v 0.03947300 -0.00057400 -0.02505200
v 0.04216900 -0.00146800 -0.02444100
v 0.04148600 -0.00136400 -0.02476200
v 0.04457800 0.00183200 -0.02151000
v 0.04479500 0.00196900 -0.02084600
v 0.04482700 0.00175100 -0.02084600
v 0.03934300 -0.00145900 -0.02505200
v 0.04009900 -0.00115400 -0.02503900
v 0.03993600 -0.00194300 -0.02503900
v 0.03942200 -0.00101400 -0.02505200
v 0.03939900 -0.00116200 -0.02505200
v 0.03923100 -0.00190500 -0.02505200
v 0.03927200 -0.00175600 -0.02505200
v 0.04061300 -0.00211900 -0.02495600
v 0.03968400 -0.00273200 -0.02503800
v 0.03933900 -0.00350800 -0.02503800
v 0.04033800 -0.00298100 -0.02495500
v 0.03914000 -0.00220300 -0.02505200
v 0.03884800 -0.00294100 -0.02505200
v 0.03891400 -0.00279500 -0.02505200
v 0.03897600 -0.00264900 -0.02505200
v 0.03903400 -0.00250200 -0.02505200
v 0.04224900 -0.00370700 -0.02400000
v 0.04178100 -0.00475900 -0.02399900
v 0.04120200 -0.00446300 -0.02444100
v 0.03890200 -0.00425300 -0.02503800
v 0.03996100 -0.00382700 -0.02495500
v 0.04439600 -0.00368000 -0.02084600
v 0.04432900 -0.00388900 -0.02084600
v 0.04391900 -0.00434100 -0.02150900
v 0.04209000 -0.00636900 -0.02284000
v 0.04274400 -0.00525300 -0.02284000
v 0.04309900 -0.00543500 -0.02218100
v 0.04064700 -0.00541100 -0.02444000
v 0.04118900 -0.00577000 -0.02399900
v 0.04047800 -0.00671900 -0.02399900
v 0.03998000 -0.00630000 -0.02444000
v 0.04385200 -0.00511700 -0.02084600
v 0.04337100 -0.00557400 -0.02150900
v 0.04394000 -0.00491600 -0.02084600
v 0.03921400 -0.00711200 -0.02443900
v 0.03874000 -0.00661000 -0.02476000
v 0.03756500 -0.00482800 -0.02505100
v 0.03767700 -0.00470700 -0.02505100
v 0.03837900 -0.00495200 -0.02503800
v 0.03825600 -0.00609800 -0.02495400
v 0.03752500 -0.00671400 -0.02495400
v 0.03777600 -0.00559000 -0.02503700
v 0.03720800 -0.00517700 -0.02505100
v 0.03733000 -0.00506300 -0.02505100
v 0.03638200 -0.00663500 -0.02503700
v 0.03710600 -0.00615400 -0.02503700
v 0.03696000 -0.00539300 -0.02505100
v 0.03708500 -0.00528600 -0.02505100
v 0.03709100 -0.00784600 -0.02475900
v 0.03836100 -0.00783000 -0.02443900
v 0.03744000 -0.00844200 -0.02443900
v 0.03794700 -0.00727800 -0.02476000
v 0.03673500 -0.00723900 -0.02495300
v 0.03558900 -0.00628000 -0.02505000
v 0.03573400 -0.00620700 -0.02505000
v 0.03875100 -0.00835000 -0.02399800
v 0.03776900 -0.00900300 -0.02399700
v 0.03250000 -0.01237400 -0.02108200
v 0.03340000 -0.00904700 -0.02475700
v 0.03346900 -0.00973400 -0.02443600
v 0.03250000 -0.01233300 -0.02120000
v 0.03371300 -0.01215700 -0.02150300
v 0.03294000 -0.01244300 -0.02084500
v 0.03250000 -0.01228900 -0.02131900
v 0.03867200 -0.01054300 -0.02150600
v 0.03733700 -0.01088600 -0.02217800
v 0.03851800 -0.01028000 -0.02217900
v 0.03403400 -0.01235600 -0.02084500
v 0.03381600 -0.01238100 -0.02084500
v 0.03697200 -0.01006700 -0.02345300
v 0.03584800 -0.01049500 -0.02345300
v 0.03567000 -0.00993800 -0.02399600
v 0.03250000 -0.01214700 -0.02167900
v 0.03250000 -0.01209600 -0.02179900
v 0.03446900 -0.01229400 -0.02084500
v 0.03425200 -0.01232700 -0.02084500
v 0.03495700 -0.01196700 -0.02150400
v 0.03511700 -0.01217200 -0.02084600
v 0.03490200 -0.01221600 -0.02084600
v 0.03368200 -0.01185400 -0.02217600
v 0.03575800 -0.01201700 -0.02084600
v 0.03621400 -0.01163900 -0.02150500
v 0.03597000 -0.01195700 -0.02084600
v 0.03638900 -0.01182800 -0.02084600
v 0.03250000 -0.01185900 -0.02227800
v 0.03250000 -0.01179200 -0.02239700
v 0.03364200 -0.01145700 -0.02283500
v 0.03250000 -0.01172300 -0.02251500
v 0.03250000 -0.01165000 -0.02263200
v 0.03612100 -0.01134900 -0.02217700
v 0.03489600 -0.01166900 -0.02217700
v 0.03359200 -0.01096200 -0.02345100
v 0.03250000 -0.01123700 -0.02320000
v 0.03761800 -0.01135000 -0.02084600
v 0.03741700 -0.01143900 -0.02084600
v 0.03746100 -0.01116400 -0.02150600
v 0.03879000 -0.01074600 -0.02084600
v 0.03859900 -0.01085500 -0.02084600
v 0.03353400 -0.01038100 -0.02399500
v 0.03673400 -0.00953300 -0.02399600
v 0.03806400 -0.00950700 -0.02345400
v 0.03250000 -0.01132600 -0.02309000
v 0.03562000 -0.00702600 -0.02503600
v 0.03529700 -0.00641600 -0.02505000
v 0.03544300 -0.00635000 -0.02505000
v 0.03333000 -0.00834700 -0.02495100
v 0.03483500 -0.00732500 -0.02503600
v 0.03326100 -0.00765100 -0.02503500
v 0.03404400 -0.00753200 -0.02503500
v 0.03821200 -0.01106400 -0.02084600
v 0.03801600 -0.01116300 -0.02084600
v 0.03250000 -0.01114600 -0.02330800
v 0.03250000 -0.01157400 -0.02274800
v 0.03680500 -0.01168300 -0.02084600
v 0.03701000 -0.01160500 -0.02084600
v 0.03554500 -0.01207200 -0.02084600
v 0.03250000 -0.01204100 -0.02191900
v 0.03250000 -0.01198300 -0.02203800
v 0.03250000 -0.01192200 -0.02215700
v 0.03721400 -0.01152400 -0.02084600
v 0.03533200 -0.01212400 -0.02084600
v 0.03468600 -0.01225700 -0.02084600
v 0.03250000 -0.01219600 -0.02155800
v 0.03717400 -0.01052200 -0.02283700
v 0.03600000 -0.01096900 -0.02283600
v 0.03250000 -0.01224300 -0.02143800
v 0.03359700 -0.01240200 -0.02084500
v 0.03547200 -0.00931900 -0.02443700
v 0.03935000 -0.01039800 -0.02084600
v 0.03916500 -0.01051800 -0.02084600
v 0.03526200 -0.00866200 -0.02475800
v 0.03647000 -0.00893900 -0.02443800
v 0.03982200 -0.00977900 -0.02150700
v 0.03989100 -0.01002100 -0.02084600
v 0.03971300 -0.01015000 -0.02084600
v 0.03590400 -0.00766500 -0.02495300
v 0.03619000 -0.00830900 -0.02475900
v 0.03504800 -0.00799100 -0.02495200
v 0.04057900 -0.00947500 -0.02084600
v 0.04041100 -0.00961600 -0.02084600
v 0.03587700 -0.00613000 -0.02505000
v 0.03601800 -0.00605000 -0.02505000
v 0.03615800 -0.00596700 -0.02505000
v 0.03629500 -0.00588000 -0.02505000
v 0.04197600 -0.00807700 -0.02084600
v 0.04183200 -0.00824300 -0.02084600
v 0.04184500 -0.00786800 -0.02150800
v 0.03966000 -0.00758400 -0.02399800
v 0.04239000 -0.00756400 -0.02084600
v 0.04252200 -0.00738900 -0.02084600
v 0.04130600 -0.00741500 -0.02283900
v 0.04161200 -0.00767200 -0.02218000
v 0.04092500 -0.00709500 -0.02345600
v 0.03744900 -0.00494700 -0.02505100
v 0.03778700 -0.00458400 -0.02505100
v 0.04356500 -0.00571100 -0.02084600
v 0.04346300 -0.00590500 -0.02084600
v 0.03789300 -0.00445800 -0.02505100
v 0.03945200 -0.00585600 -0.02476000
v 0.03891400 -0.00540200 -0.02495500
v 0.03799700 -0.00433000 -0.02505100
v 0.03809800 -0.00419800 -0.02505100
v 0.03948500 -0.00464000 -0.02495500
v 0.04007200 -0.00502900 -0.02476100
v 0.03819500 -0.00406500 -0.02505100
v 0.04058800 -0.00414800 -0.02476100
v 0.03862900 -0.00337500 -0.02505200
v 0.04363900 -0.00290900 -0.02284100
v 0.04326100 -0.00409200 -0.02284000
v 0.04279500 -0.00391500 -0.02345700
v 0.03870600 -0.00323000 -0.02505200
v 0.03877900 -0.00308600 -0.02505200
v 0.04164100 -0.00347600 -0.02444100
v 0.04099600 -0.00323100 -0.02476100
v 0.04315700 -0.00278300 -0.02345700
v 0.04388200 -0.00172700 -0.02284100
v 0.04259100 -0.00263600 -0.02400000
v 0.03908900 -0.00235300 -0.02505200
v 0.03918700 -0.00205400 -0.02505200
v 0.04196200 -0.00247100 -0.02444100
v 0.04129400 -0.00229700 -0.02476200
v 0.04339000 -0.00165300 -0.02345700
v 0.04399800 -0.00056700 -0.02284100
v 0.04281200 -0.00156500 -0.02400000
v 0.03930900 -0.00160800 -0.02505200
v 0.03937200 -0.00131000 -0.02505200
v 0.04079000 -0.00125800 -0.02495600
v 0.04291700 -0.00051400 -0.02400000
v 0.03944200 -0.00086700 -0.02505200
v 0.04350100 0.00054200 -0.02345700
v 0.04399800 0.00056700 -0.02284100
v 0.03949600 0.00014000 -0.02505200
v 0.03940000 0.00116300 -0.02505200
v 0.04061300 0.00211900 -0.02495600
v 0.04099600 0.00323000 -0.02476100
v 0.03897600 0.00265100 -0.02505200
v 0.03884800 0.00294500 -0.02505200
v 0.03863000 0.00337500 -0.02505200
v 0.04088800 0.00888100 -0.02150800
v 0.03998100 0.00629900 -0.02444000
v 0.03945300 0.00585500 -0.02476100
v 0.04130700 0.00741500 -0.02283900
v 0.04040500 0.00837000 -0.02283900
v 0.04067900 0.00866000 -0.02218000
v 0.03966100 0.00758400 -0.02399800
v 0.03921400 0.00711100 -0.02444000
v 0.03777700 0.00558900 -0.02503800
v 0.03756200 0.00483100 -0.02505100
v 0.03744700 0.00494900 -0.02505100
v 0.03732900 0.00506400 -0.02505100
v 0.03720800 0.00517700 -0.02505100
v 0.03875200 0.00835000 -0.02399800
v 0.03836200 0.00782900 -0.02443900
v 0.03752600 0.00671400 -0.02495400
v 0.03781800 0.01125800 -0.02084600
v 0.03746200 0.01116400 -0.02150600
v 0.03761900 0.01135000 -0.02084600
v 0.03776900 0.00900200 -0.02399700
v 0.03669800 0.00559900 -0.02505100
v 0.03701100 0.01160500 -0.02084600
v 0.03744100 0.00844100 -0.02443900
v 0.03717500 0.01052100 -0.02283700
v 0.03733800 0.01088600 -0.02217800
v 0.03831700 0.00993600 -0.02283800
v 0.03673600 0.00723800 -0.02495400
v 0.03446600 0.00958200 -0.02443700
v 0.03353400 0.01038100 -0.02399500
v 0.03709200 0.00784600 -0.02475900
v 0.03673500 0.00953300 -0.02399700
v 0.03567100 0.00993800 -0.02399600
v 0.03584900 0.01049500 -0.02345300
v 0.03647100 0.00893900 -0.02443800
v 0.03359200 0.01096200 -0.02345200
v 0.03697300 0.01006700 -0.02345400
v 0.03600000 0.01096800 -0.02283700
v 0.03459700 0.01021900 -0.02399600
v 0.03554600 0.01207200 -0.02084600
v 0.03575900 0.01201600 -0.02084600
v 0.03621500 0.01163800 -0.02150500
v 0.03495800 0.01196700 -0.02150400
v 0.03533300 0.01212400 -0.02084600
v 0.03364200 0.01145700 -0.02283500
v 0.03471500 0.01079100 -0.02345200
v 0.03490300 0.01221600 -0.02084600
v 0.03511800 0.01217200 -0.02084600
v 0.03489600 0.01166900 -0.02217700
v 0.03612200 0.01134800 -0.02217800
v 0.03368200 0.01185400 -0.02217600
v 0.03481600 0.01127800 -0.02283600
v 0.03447000 0.01229400 -0.02084500
v 0.03371300 0.01215700 -0.02150400
v 0.03359800 0.01240200 -0.02084500
v 0.03381700 0.01238100 -0.02084500
v 0.03294000 0.01244300 -0.02084500
v 0.03418500 -0.00821700 -0.02495200
v 0.04006200 -0.00800900 -0.02345500
v 0.04167600 -0.00609400 -0.02345600
v 0.04363400 -0.00423300 -0.02218200
v 0.04427600 -0.00178700 -0.02218200
v 0.04470100 0.00060100 -0.02151000
v 0.04493400 0.00065800 -0.02084500
v 0.04494400 0.00043900 -0.02084500
v 0.04350100 -0.00054200 -0.02345700
v 0.04230100 0.00502500 -0.02345700
v 0.04092600 0.00709400 -0.02345600
v 0.04167600 0.00609300 -0.02345600
v 0.04006300 0.00800900 -0.02345600
v 0.03910200 0.00881700 -0.02345500
v 0.03806500 0.00950600 -0.02345400
v 0.03432700 -0.00890600 -0.02475800
v 0.03831600 -0.00993600 -0.02283700
v 0.04138300 -0.00872500 -0.02084600
v 0.04088800 -0.00888200 -0.02150800
v 0.04153500 -0.00856700 -0.02084600
v 0.04313500 -0.00647700 -0.02084600
v 0.04267700 -0.00675800 -0.02150900
v 0.04324700 -0.00628800 -0.02084600
v 0.04376000 -0.00531600 -0.02084600
v 0.04230100 -0.00502600 -0.02345600
v 0.04467400 -0.00261700 -0.02084600
v 0.04432000 -0.00308700 -0.02151000
v 0.04471900 -0.00240200 -0.02084600
v 0.04488200 -0.00131600 -0.02084600
v 0.04457800 -0.00183300 -0.02151000
v 0.04490400 -0.00109700 -0.02084500
v 0.04495000 0.00022000 -0.02084500
v 0.04495200 0.00000000 -0.02084500
v 0.04490300 0.00109700 -0.02084500
v 0.04471800 0.00240100 -0.02084600
v 0.04467300 0.00261600 -0.02084600
v 0.04439500 0.00367900 -0.02084600
v 0.04432000 0.00308600 -0.02151000
v 0.04394000 0.00491500 -0.02084600
v 0.04391900 0.00434100 -0.02150900
v 0.04335600 0.00609700 -0.02084600
v 0.04337100 0.00557300 -0.02150900
v 0.04324700 0.00628800 -0.02084600
v 0.03940100 0.00921500 -0.02283800
v 0.03821300 0.01106300 -0.02084600
v 0.03446600 -0.00958200 -0.02443700
v 0.04006600 -0.00988900 -0.02084600
v 0.04090800 -0.00918400 -0.02084600
v 0.04106900 -0.00903400 -0.02084600
v 0.04211700 -0.00790800 -0.02084600
v 0.04277700 -0.00703000 -0.02084600
v 0.04289900 -0.00684800 -0.02084600
v 0.04418500 -0.00430400 -0.02084600
v 0.04410600 -0.00450900 -0.02084600
v 0.04451900 -0.00325700 -0.02084600
v 0.04457400 -0.00304500 -0.02084600
v 0.04479600 -0.00196900 -0.02084600
v 0.04482800 -0.00175200 -0.02084600
v 0.04470100 -0.00060200 -0.02151000
v 0.04439700 -0.00058700 -0.02218200
v 0.04439700 0.00058600 -0.02218200
v 0.04410600 0.00450900 -0.02084600
v 0.04366400 0.00551400 -0.02084600
v 0.04356500 0.00571000 -0.02084600
v 0.04211700 0.00790800 -0.02084600
v 0.04197600 0.00807600 -0.02084600
v 0.04122700 0.00888000 -0.02084600
v 0.03897900 0.01063200 -0.02084600
v 0.03879000 0.01074500 -0.02084600
v 0.03741800 0.01143800 -0.02084600
v 0.03639000 0.01182700 -0.02084600
v 0.03840600 -0.01096100 -0.02084600
v 0.03459700 -0.01021900 -0.02399500
v 0.03953200 -0.01027600 -0.02084600
v 0.04074500 -0.00933100 -0.02084600
v 0.04168500 -0.00840700 -0.02084600
v 0.04335700 -0.00609700 -0.02084600
v 0.04475900 -0.00218600 -0.02084600
v 0.04485600 0.00153400 -0.02084600
v 0.04462500 0.00283100 -0.02084600
v 0.04425800 0.00409600 -0.02084600
v 0.04375900 0.00531600 -0.02084600
v 0.04313400 0.00647600 -0.02084600
v 0.03471500 -0.01079100 -0.02345200
v 0.03964000 -0.00953500 -0.02217900
v 0.04067800 -0.00866100 -0.02218000
v 0.04242300 -0.00658900 -0.02218100
v 0.04402500 -0.00301000 -0.02218200
v 0.04427700 0.00178700 -0.02218200
v 0.04402500 0.00300900 -0.02218200
v 0.04363400 0.00423300 -0.02218200
v 0.04310000 0.00543400 -0.02218100
v 0.04161200 0.00767100 -0.02218100
v 0.03481500 -0.01127900 -0.02283500
v 0.04265100 -0.00721100 -0.02084600
v 0.04402500 -0.00471300 -0.02084600
v 0.04445900 -0.00346900 -0.02084600
v 0.04492100 -0.00087800 -0.02084500
v 0.04225500 0.00773700 -0.02084600
v 0.03659800 -0.01175700 -0.02084600
v 0.03781800 -0.01125800 -0.02084600
v 0.03897800 -0.01063300 -0.02084600
v 0.04024000 -0.00975400 -0.02084600
v 0.04122700 -0.00888100 -0.02084600
v 0.04225500 -0.00773800 -0.02084600
v 0.04301900 -0.00666400 -0.02084600
v 0.04425900 -0.00409700 -0.02084600
v 0.04462600 -0.00283200 -0.02084600
v 0.04485700 -0.00153400 -0.02084600
v 0.04495000 -0.00022000 -0.02084500
v 0.04475800 0.00218500 -0.02084600
v 0.04402500 0.00471300 -0.02084600
v 0.04183200 0.00824200 -0.02084600
v 0.03859900 0.01085400 -0.02084600
v 0.03721500 0.01152300 -0.02084600
v 0.03597100 0.01195700 -0.02084600
v 0.03468700 0.01225700 -0.02084600
v 0.04366400 -0.00551500 -0.02084600
v 0.04494400 -0.00044000 -0.02084500
v 0.04277600 0.00703000 -0.02084600
v 0.03485200 -0.00659100 -0.02505000
v 0.03514700 -0.00647700 -0.02505000
v 0.03500000 -0.00653600 -0.02505000
v 0.03558700 -0.00628100 -0.02505000
v 0.03559000 0.00628000 -0.02505000
v 0.03544300 0.00635000 -0.02505000
v 0.03587800 0.00613000 -0.02505000
v 0.03601900 0.00605000 -0.02505000
v 0.03485600 0.00659100 -0.02505000
v 0.03515200 0.00647700 -0.02505000
v 0.03529800 0.00641500 -0.02505000
v 0.03500500 0.00653600 -0.02505000
v 0.03573500 0.00620700 -0.02505000
v -0.03430000 0.01236000 -0.01947000
v -0.03430000 0.01231500 -0.01784400
v -0.03250000 0.00886800 -0.02483300
v -0.03250000 0.00874200 -0.02487000
v -0.03387300 0.00903800 -0.02474100
v -0.03430000 0.01232000 -0.02084500
v -0.03250000 0.00861700 -0.02490300
v -0.03380900 0.00831900 -0.02494700
v -0.03451400 0.01233700 -0.02069500
v -0.03515600 0.01221400 -0.02069500
v -0.03580000 0.01201400 -0.02082900
v -0.03580000 0.01196900 -0.02096100
v -0.03580100 0.01192200 -0.02109300
v -0.03411400 0.01216200 -0.02137100
v -0.03580100 0.01187400 -0.02122300
v -0.03409400 0.01186800 -0.02205700
v -0.03250100 0.01186100 -0.02227600
v -0.03564900 0.01114600 -0.02273700
v -0.03406800 0.01147700 -0.02273500
v -0.03250100 0.01172500 -0.02251400
v -0.03403200 0.01098400 -0.02337300
v -0.03556600 0.01065600 -0.02337500
v -0.03398600 0.01039800 -0.02394000
v -0.03546300 0.01007400 -0.02394200
v -0.03580000 0.00963800 -0.02418100
v -0.03534300 0.00942200 -0.02440400
v -0.03393300 0.00974000 -0.02440300
v -0.03250000 0.00936800 -0.02464800
v -0.03250000 0.00961400 -0.02453000
v -0.03250000 0.00973600 -0.02446500
v -0.03250000 0.00899400 -0.02479300
v -0.03580000 0.00877800 -0.02464300
v -0.03580000 0.00890600 -0.02458700
v -0.03521200 0.00872800 -0.02474200
v -0.03507300 0.00801700 -0.02494700
v -0.03580000 0.00811600 -0.02486700
v -0.03580000 0.00825100 -0.02483000
v -0.03374300 0.00760400 -0.02503600
v -0.03493000 0.00731100 -0.02503600
v -0.03250000 0.00849100 -0.02493200
v -0.03250000 0.00836500 -0.02495700
v -0.03580000 0.00756800 -0.02497800
v -0.03580000 0.00743000 -0.02499800
v -0.03250000 0.00773900 -0.02503300
v -0.03250000 0.00724500 -0.02505300
v -0.03250000 0.00736800 -0.02505100
v -0.03250000 0.00749200 -0.02504700
v -0.03580000 0.00729100 -0.02501400
v -0.03580000 0.00715200 -0.02502600
v -0.03580000 0.00673200 -0.02504900
v -0.03580000 0.00687200 -0.02504300
v -0.03580000 0.00659300 -0.02505300
v -0.03580000 0.00701100 -0.02503500
v -0.03580000 0.00645300 -0.02505500
v -0.03250000 0.00761500 -0.02504100
v -0.03250000 0.00811400 -0.02499400
v -0.03250000 0.00798900 -0.02500900
v -0.03250000 0.00823900 -0.02497700
v -0.03580000 0.00798000 -0.02490000
v -0.03580000 0.00784300 -0.02492900
v -0.03250000 0.00912000 -0.02475000
v -0.03580000 0.00838400 -0.02478900
v -0.03580000 0.00864800 -0.02469500
v -0.03580000 0.00903200 -0.02452800
v -0.03250000 0.00924400 -0.02470100
v -0.03250000 0.01009100 -0.02424800
v -0.03250000 0.01020700 -0.02416800
v -0.03580000 0.00975300 -0.02410200
v -0.03250000 0.01032100 -0.02408500
v -0.03580000 0.01008600 -0.02384700
v -0.03250000 0.01043400 -0.02399700
v -0.03250000 0.01065000 -0.02381400
v -0.03250000 0.01054300 -0.02390700
v -0.03580000 0.00997700 -0.02393500
v -0.03250000 0.01075500 -0.02371800
v -0.03250100 0.01095800 -0.02351700
v -0.03250000 0.01085800 -0.02361900
v -0.03250100 0.01105600 -0.02341200
v -0.03250100 0.01124100 -0.02319800
v -0.03250100 0.01115000 -0.02330600
v -0.03250100 0.01141500 -0.02297600
v -0.03250100 0.01149800 -0.02286100
v -0.03250100 0.01157700 -0.02274600
v -0.03250100 0.01165300 -0.02263000
v -0.03250100 0.01198500 -0.02203700
v -0.03250100 0.01209700 -0.02179800
v -0.03250000 0.01214900 -0.02167700
v -0.03250000 0.01219800 -0.02155700
v -0.03384400 0.01237800 -0.02084500
v -0.03407200 0.01235100 -0.02084500
v -0.03250000 0.01224500 -0.02143700
v -0.03250000 0.01233400 -0.02120000
v -0.03339300 0.01241900 -0.02084500
v -0.03316800 0.01243300 -0.02084500
v -0.03361800 0.01240100 -0.02084500
v -0.03250000 0.01241400 -0.02096300
v -0.03294500 0.01244300 -0.02084500
v -0.03250000 0.01237500 -0.02108100
v -0.03250000 0.01245100 -0.02084500
v -0.03250000 0.01229000 -0.02131800
v -0.03580000 0.00770500 -0.02495500
v -0.03580000 0.00851600 -0.02474400
v -0.03580000 0.00986600 -0.02402000
v 0.00000000 0.01219500 -0.02156500
v 0.00000000 0.01237300 -0.02109300
v 0.00000000 0.01231700 -0.02125200
v 0.00000000 0.01242600 -0.02093300
v 0.00000000 0.01225700 -0.02140900
v -0.03273800 0.01249800 -0.02054500
v 0.00895600 0.01249700 -0.01998400
v 0.04026800 0.00979300 -0.02054500
v 0.04009500 0.00992800 -0.02054500
v 0.03598100 -0.01200500 -0.02054500
v 0.03512800 0.01222100 -0.02054500
v 0.03491200 0.01226500 -0.02054500
v 0.03598300 0.01200500 -0.02054500
v 0.03661300 0.01180400 -0.02054500
v 0.03843100 0.01100300 -0.02054500
v 0.03900400 0.01067400 -0.02054500
v 0.03881500 0.01078700 -0.02054500
v 0.03937600 0.01043900 -0.02054500
v 0.03919100 0.01055800 -0.02054500
v 0.03974000 0.01019000 -0.02054500
v 0.03955900 0.01031600 -0.02054500
v 0.04044000 0.00965500 -0.02054500
v 0.04060900 0.00951300 -0.02054500
v 0.04110300 0.00906900 -0.02054500
v 0.04157000 0.00860100 -0.02054500
v 0.04172100 0.00843900 -0.02054500
v 0.04201400 0.00810800 -0.02054500
v 0.04215500 0.00793900 -0.02054500
v 0.04229400 0.00776700 -0.02054500
v 0.04242900 0.00759400 -0.02054500
v 0.04256100 0.00741800 -0.02054500
v 0.04269100 0.00723900 -0.02054500
v 0.04281700 0.00705800 -0.02054500
v 0.04293900 0.00687500 -0.02054500
v 0.04305900 0.00669000 -0.02054500
v 0.04317500 0.00650300 -0.02054500
v 0.04328800 0.00631400 -0.02054500
v 0.04339800 0.00612300 -0.02054500
v 0.04350400 0.00592900 -0.02054500
v 0.04360700 0.00573300 -0.02054500
v 0.04370700 0.00553700 -0.02054500
v 0.04380300 0.00533800 -0.02054500
v 0.04389500 0.00513800 -0.02054500
v 0.04398400 0.00493600 -0.02054500
v 0.04407000 0.00473200 -0.02054500
v 0.04415200 0.00452600 -0.02054500
v 0.04423000 0.00431900 -0.02054500
v 0.04430400 0.00411100 -0.02054500
v 0.04437500 0.00390300 -0.02054500
v 0.04444200 0.00369300 -0.02054500
v 0.04456500 0.00326900 -0.02054500
v 0.04450500 0.00348100 -0.02054500
v 0.04467300 0.00284100 -0.02054500
v 0.04462100 0.00305500 -0.02054500
v 0.04476500 0.00241100 -0.02054500
v 0.04472100 0.00262700 -0.02054500
v 0.04484200 0.00197700 -0.02054500
v 0.04480600 0.00219500 -0.02054500
v 0.04490500 0.00154000 -0.02054500
v 0.04487500 0.00175900 -0.02054500
v 0.04495100 0.00110200 -0.02054500
v 0.04493000 0.00132100 -0.02054500
v 0.04496900 0.00088300 -0.02054500
v 0.04499800 -0.00022200 -0.02054500
v 0.04499200 -0.00044300 -0.02054500
v 0.04493000 -0.00132400 -0.02054500
v 0.04487500 -0.00176100 -0.02054500
v 0.04456500 -0.00327000 -0.02054500
v 0.04450500 -0.00348200 -0.02054500
v 0.04444200 -0.00369400 -0.02054500
v 0.04422900 -0.00432200 -0.02054500
v 0.04415100 -0.00452800 -0.02054500
v 0.04380200 -0.00534000 -0.02054500
v 0.04360600 -0.00573600 -0.02054500
v 0.04350300 -0.00593100 -0.02054500
v 0.04328800 -0.00631500 -0.02054500
v 0.04305800 -0.00669100 -0.02054500
v 0.04281600 -0.00705900 -0.02054500
v 0.04256100 -0.00741800 -0.02054500
v 0.04269000 -0.00724000 -0.02054500
v 0.04229200 -0.00776900 -0.02054500
v 0.04201200 -0.00811000 -0.02054500
v 0.04172000 -0.00844000 -0.02054500
v 0.04186800 -0.00827600 -0.02054500
v 0.04141600 -0.00876100 -0.02054500
v 0.04157000 -0.00860100 -0.02054500
v 0.04110000 -0.00907100 -0.02054500
v 0.04077500 -0.00936900 -0.02054500
v 0.04093900 -0.00922100 -0.02054500
v 0.04043900 -0.00965500 -0.02054500
v 0.04060800 -0.00951300 -0.02054500
v 0.04009300 -0.00992900 -0.02054500
v 0.04026700 -0.00979400 -0.02054500
v 0.03973900 -0.01019000 -0.02054500
v 0.03991700 -0.01006100 -0.02054500
v 0.03937600 -0.01043900 -0.02054500
v 0.03955800 -0.01031600 -0.02054500
v 0.03900300 -0.01067500 -0.02054500
v 0.03919000 -0.01055900 -0.02054500
v 0.03862200 -0.01089800 -0.02054500
v 0.03881400 -0.01078800 -0.02054500
v 0.03823500 -0.01110700 -0.02054500
v 0.03843000 -0.01100400 -0.02054500
v 0.03783800 -0.01130300 -0.02054500
v 0.03803800 -0.01120600 -0.02054500
v 0.03743500 -0.01148500 -0.02054500
v 0.03702600 -0.01165200 -0.02054500
v 0.03682000 -0.01173000 -0.02054500
v 0.03723100 -0.01157000 -0.02054500
v 0.03661200 -0.01180400 -0.02054500
v 0.03640200 -0.01187500 -0.02054500
v 0.03619200 -0.01194200 -0.02054500
v 0.03555600 -0.01212000 -0.02054500
v 0.03576900 -0.01206500 -0.02054500
v 0.03512700 -0.01222100 -0.02054500
v 0.03534200 -0.01217200 -0.02054500
v 0.03469400 -0.01230600 -0.02054500
v 0.03491100 -0.01226500 -0.02054500
v 0.03447700 -0.01234200 -0.02054500
v 0.03404200 -0.01240400 -0.02054500
v 0.03426000 -0.01237500 -0.02054500
v 0.03382300 -0.01243000 -0.02054500
v 0.03360400 -0.01245100 -0.02054500
v 0.03382300 0.01243000 -0.02054500
v 0.03360400 0.01245100 -0.02054500
v 0.04126400 -0.00884500 -0.02084500
v 0.03534600 -0.01212100 -0.02084500
v 0.03619800 -0.01188900 -0.02084500
v 0.03682700 -0.01167500 -0.02084500
v 0.03764300 -0.01133900 -0.02084500
v 0.03784400 -0.01124600 -0.02084500
v 0.04010000 -0.00986300 -0.02084500
v 0.04061500 -0.00944400 -0.02084500
v 0.04078100 -0.00929900 -0.02084500
v 0.04141900 -0.00868800 -0.02084500
v 0.04157300 -0.00852800 -0.02084500
v 0.04172200 -0.00836600 -0.02084500
v 0.04186900 -0.00820100 -0.02084500
v 0.04201300 -0.00803300 -0.02084500
v 0.04215400 -0.00786300 -0.02084500
v 0.04229300 -0.00769000 -0.02084500
v 0.04242800 -0.00751500 -0.02084500
v 0.04256000 -0.00733700 -0.02084500
v 0.04268900 -0.00715800 -0.02084500
v 0.04281400 -0.00697600 -0.02084500
v 0.04293600 -0.00679200 -0.02084500
v 0.04317100 -0.00641700 -0.02084500
v 0.04328400 -0.00622500 -0.02084500
v 0.04369800 -0.00544600 -0.02084500
v 0.04379300 -0.00524600 -0.02084500
v 0.04405600 -0.00463700 -0.02084500
v 0.04397200 -0.00484100 -0.02084500
v 0.04464700 -0.00273900 -0.02084500
v 0.04484200 -0.00165100 -0.02084500
v 0.04481100 -0.00187000 -0.02084500
v 0.04489300 -0.00121200 -0.02084500
v 0.04486900 -0.00143200 -0.02084500
v 0.04492800 -0.00077100 -0.02084500
v 0.04494000 -0.00055000 -0.02084500
v 0.04495100 0.00011200 -0.02084500
v 0.04493900 0.00055400 -0.02084500
v 0.04494700 0.00033300 -0.02084500
v 0.04491200 0.00099600 -0.02084500
v 0.04492800 0.00077600 -0.02084500
v 0.04481000 0.00187300 -0.02084500
v 0.04489200 0.00121500 -0.02084500
v 0.04464600 0.00274100 -0.02084500
v 0.04473600 0.00230900 -0.02084500
v 0.04448300 0.00338400 -0.02084500
v 0.04459600 0.00295600 -0.02084500
v 0.04442100 0.00359700 -0.02084500
v 0.04428600 0.00401700 -0.02084500
v 0.04397100 0.00484400 -0.02084500
v 0.04405500 0.00463900 -0.02084500
v 0.04421300 0.00422500 -0.02084500
v 0.04388300 0.00504700 -0.02084500
v 0.04379200 0.00524700 -0.02084500
v 0.04359900 0.00564500 -0.02084500
v 0.04369700 0.00544700 -0.02084500
v 0.04339100 0.00603500 -0.02084500
v 0.04349700 0.00584100 -0.02084500
v 0.04328200 0.00622800 -0.02084500
v 0.04317000 0.00641800 -0.02084500
v 0.04293600 0.00679200 -0.02084500
v 0.04305400 0.00660600 -0.02084500
v 0.04215400 0.00786300 -0.02084500
v 0.04255900 0.00733900 -0.02084500
v 0.04242700 0.00751600 -0.02084500
v 0.04141900 0.00868900 -0.02084500
v 0.04126300 0.00884500 -0.02084500
v 0.04172200 0.00836600 -0.02084500
v 0.04186900 0.00820100 -0.02084500
v 0.04094400 0.00915000 -0.02084500
v 0.04110500 0.00899900 -0.02084500
v 0.04044500 0.00958700 -0.02084500
v 0.03900900 0.01061400 -0.02084500
v 0.03956400 0.01025300 -0.02084500
v 0.03862800 0.01083800 -0.02084500
v 0.03577500 0.01201200 -0.02084500
v 0.03619900 0.01188900 -0.02084500
v 0.03640900 0.01182100 -0.02084500
v 0.03491500 0.01221400 -0.02084500
v 0.03426200 0.01232500 -0.02084500
v 0.03338400 0.01241900 -0.02084500
v 0.03404300 0.01235500 -0.02084500
v 0.03272200 0.01244800 -0.02084500
v 0.03316400 0.01243300 -0.02084500
v 0.03534600 0.01212100 -0.02084500
v 0.03661800 0.01175000 -0.02084500
v 0.03723800 0.01151400 -0.02084500
v 0.03682600 0.01167500 -0.02084500
v 0.03744200 0.01142800 -0.02084500
v 0.03843500 0.01094600 -0.02084500
v 0.03804200 0.01115000 -0.02084500
v 0.03881900 0.01072800 -0.02084500
v 0.03938100 0.01037700 -0.02084500
v 0.03919500 0.01049800 -0.02084500
v 0.03992400 0.00999600 -0.02084500
v 0.03974500 0.01012600 -0.02084500
v 0.04027300 0.00972700 -0.02084500
v 0.04010000 0.00986300 -0.02084500
v 0.04078000 0.00929900 -0.02084500
v 0.04061400 0.00944500 -0.02084500
v 0.04157100 0.00852900 -0.02084500
v 0.04201300 0.00803300 -0.02084500
v 0.04229200 0.00769100 -0.02084500
v 0.04281300 0.00697600 -0.02084500
v 0.04268800 0.00715900 -0.02084500
v 0.04413600 0.00443300 -0.02084500
v 0.04454100 0.00317100 -0.02084500
v 0.04435500 0.00380800 -0.02084500
v 0.04477500 0.00209200 -0.02084500
v 0.04469300 0.00252600 -0.02084500
v 0.04486900 0.00143500 -0.02084500
v 0.04484100 0.00165400 -0.02084500
v 0.03491300 -0.01221400 -0.02084500
v 0.03404200 -0.01235500 -0.02084500
v 0.03316400 -0.01243300 -0.02084500
v 0.03338400 -0.01241900 -0.02084500
v 0.03272200 -0.01244800 -0.02084500
v 0.03250000 0.01032100 -0.02408500
v 0.03250000 0.01043400 -0.02399700
v 0.03250000 0.01009100 -0.02424800
v 0.03250000 0.00997400 -0.02432500
v 0.02961000 0.00978500 -0.02443900
v 0.03249900 0.00886800 -0.02483400
v 0.02977100 0.00839100 -0.02495300
v 0.03250000 0.00973600 -0.02446500
v 0.03250000 0.00961400 -0.02453000
v 0.03250000 0.00985600 -0.02439700
v 0.03249900 0.00924400 -0.02470100
v 0.03249900 0.00912000 -0.02475000
v 0.03249900 0.00949100 -0.02459100
v 0.03249900 0.00936800 -0.02464800
v 0.03250000 0.00736800 -0.02505100
v 0.03250000 0.00724500 -0.02505300
v 0.03249900 0.00899400 -0.02479400
v 0.03250000 0.00749200 -0.02504700
v 0.03249900 0.00874200 -0.02487000
v 0.03250000 0.00761500 -0.02504100
v 0.03250000 0.00861700 -0.02490300
v 0.03250000 0.00849100 -0.02493200
v 0.03250000 0.00773900 -0.02503300
v 0.02708800 0.00769000 -0.02503700
v 0.00000000 0.00937300 -0.02464600
v 0.00000000 0.01021200 -0.02416500
v 0.00000000 0.01009700 -0.02424500
v 0.00000000 0.01124800 -0.02319000
v 0.00000000 0.01133600 -0.02308000
v 0.00000000 0.01142100 -0.02296800
v 0.00000000 0.01076100 -0.02371300
v 0.00000000 0.01086400 -0.02361400
v 0.00000000 0.00961800 -0.02452800
v 0.00000000 0.00924900 -0.02469900
v 0.00000000 0.00874600 -0.02486900
v 0.00000000 0.00949600 -0.02458900
v 0.00000000 0.00761600 -0.02504200
v 0.00000000 0.00749200 -0.02504800
v 0.00000000 0.00724600 -0.02505400
v 0.00000000 0.00736900 -0.02505200
v 0.03250000 0.01065000 -0.02381500
v 0.03250000 0.01054300 -0.02390700
v 0.03250000 0.01020700 -0.02416800
v 0.03250000 0.01115000 -0.02330700
v 0.03250000 0.01105600 -0.02341200
v 0.03250000 0.01095800 -0.02351700
v 0.03250000 0.01085800 -0.02361900
v 0.03250000 0.01124100 -0.02319900
v 0.03250000 0.01141500 -0.02297600
v 0.03250000 0.01149800 -0.02286100
v 0.03250000 0.01165300 -0.02263000
v 0.03250000 0.01157700 -0.02274600
v 0.02392800 0.00909400 -0.02476100
v 0.03250000 0.01172500 -0.02251400
v 0.02378400 0.00978300 -0.02444300
v 0.02364100 0.01043200 -0.02400400
v 0.03250000 0.01179500 -0.02239600
v 0.03250000 0.01075500 -0.02371900
v 0.03250000 0.01186100 -0.02227600
v 0.03250000 0.01132900 -0.02308800
v 0.03250000 0.01192500 -0.02215600
v 0.03250000 0.01198500 -0.02203700
v 0.03250000 0.01204300 -0.02191700
v 0.02337900 0.01151100 -0.02284700
v 0.02326800 0.01190900 -0.02218900
v 0.03250000 0.01209700 -0.02179800
v 0.03250000 0.01214900 -0.02167800
v 0.03250000 0.01224500 -0.02143700
v 0.03250000 0.01219800 -0.02155700
v 0.03250000 0.01229000 -0.02131800
v 0.03250000 0.01233400 -0.02120000
v 0.03250000 0.01237500 -0.02108200
v 0.03250000 0.01241400 -0.02096300
v 0.03250000 0.01245100 -0.02084500
v 0.03250000 0.00836500 -0.02495700
v 0.02696400 0.00839000 -0.02495400
v 0.02683700 0.00909500 -0.02476000
v 0.00000000 0.00849400 -0.02493200
v 0.02671100 0.00978400 -0.02444100
v 0.02350500 0.01101500 -0.02346300
v 0.02636200 0.01151200 -0.02284400
v 0.02626600 0.01191100 -0.02218500
v -0.03250100 0.01179500 -0.02239500
v -0.02378400 0.00978300 -0.02444300
v -0.02364100 0.01043200 -0.02400400
v -0.02636200 0.01151200 -0.02284400
v -0.02626600 0.01191100 -0.02218500
v -0.02337900 0.01151100 -0.02284700
v -0.02326800 0.01190900 -0.02218900
v -0.03250100 0.01204300 -0.02191700
v -0.03250100 0.01192500 -0.02215600
v -0.02350500 0.01101500 -0.02346300
v -0.03250100 0.01132900 -0.02308800
v -0.02392900 0.00909400 -0.02476100
v -0.02671100 0.00978400 -0.02444100
v -0.02683700 0.00909500 -0.02476000
v -0.02961000 0.00978500 -0.02443900
v -0.03250000 0.00949100 -0.02459100
v -0.02696400 0.00839000 -0.02495400
v -0.02977100 0.00839100 -0.02495300
v -0.03250000 0.00997400 -0.02432500
v -0.02708800 0.00769000 -0.02503700
v -0.03250000 0.00786400 -0.02502200
v -0.03250000 0.00985600 -0.02439700
v -0.03272200 0.01244900 -0.02084500
v -0.00884600 0.01248600 -0.02073400
v -0.00884400 0.01249400 -0.02069500
v 0.00884600 0.01248600 -0.02073400
v 0.00883700 0.01250000 -0.02061600
v 0.00884400 0.01249400 -0.02069500
v 0.00351900 0.01250000 -0.02032000
v 0.00348100 0.01250000 -0.02032000
v 0.00302800 0.01249900 -0.02065400
v -0.00884300 0.01249600 -0.02067900
v -0.00884000 0.01249900 -0.02064700
v -0.00883700 0.01250000 -0.02061600
v -0.00884500 0.01249100 -0.02071000
v -0.00884700 0.01248400 -0.02074100
v -0.00884800 0.01247500 -0.02077100
v 0.00824000 0.01183600 -0.02232300
v 0.00806000 0.01177600 -0.02242800
v 0.00792600 0.01174000 -0.02248900
v 0.00732400 0.01166000 -0.02261900
v -0.00763100 0.01168500 -0.02257900
v -0.00811600 0.01179300 -0.02239900
v -0.00732400 0.01166000 -0.02261900
v 0.00884700 0.01248400 -0.02074100
v 0.00884500 0.01249100 -0.02071000
v 0.00884300 0.01249600 -0.02067900
v 0.00884000 0.01249900 -0.02064700
v 0.00884800 0.01247500 -0.02077100
v 0.00854700 0.01249600 -0.01988200
v 0.00833700 0.01249300 -0.01964400
v 0.00808300 0.01249000 -0.01945200
v 0.00733000 0.01248600 -0.01922000
v -0.00854700 0.01249600 -0.01988200
v -0.00732900 0.01248600 -0.01922400
v -0.00833700 0.01249300 -0.01964500
v -0.00808300 0.01249000 -0.01945200
f 3686 3704 3694
f 2928 2925 2668
f 3473 3474 3475
f 3401 3400 3404
f 3169 3082 3100
f 3100 3082 3172
f 3172 3101 3100
f 2587 4332 4330
f 2862 2861 3664
f 3473 3475 3472
f 4476 3475 3474
f 3379 3620 3381
f 3376 3620 3379
f 3389 3376 3390
f 3389 3620 3376
f 3391 3620 3389
f 2270 2477 2245
f 3408 3401 3404
f 3424 3401 3408
f 3424 3408 3423
f 3423 3408 3420
f 3381 3620 3377
f 3376 4527 3396
f 3390 3376 3396
f 3396 3400 3390
f 3684 3644 3641
f 3694 3706 3701
f 3684 3686 3685
f 3685 3644 3684
f 3685 3686 3694
f 3723 3692 3685
f 3685 3696 3723
f 3687 3644 3685
f 3430 3609 3422
f 3422 3609 3420
f 3420 3408 3422
f 3148 3095 3143
f 3156 3162 3161
f 3161 3162 3165
f 3165 3082 3169
f 3162 3082 3165
f 3000 2925 2928
f 2928 2668 1029
f 405 1123 1121
f 1493 1522 1447
f 3694 3704 3703
f 3704 3642 3703
f 2625 2844 2602
f 2533 2581 2664
f 2533 2639 2581
f 3663 3664 3665
f 3664 2861 3665
f 2610 2844 2859
f 2610 2602 2844
f 2625 2602 2627
f 3638 2862 3664
f 3664 3726 3638
f 3638 3726 2865
f 3997 3815 4269
f 4055 4020 4021
f 4110 3926 4107
f 4176 4178 4181
f 4172 4178 4176
f 3486 2107 3487
f 3487 3491 3486
f 3484 3491 3481
f 3488 3491 3487
f 3481 3491 3488
f 3488 3475 3481
f 3488 3472 3475
f 4275 3903 3891
f 1952 2215 1951
f 3466 3474 3473
f 3590 3469 3466
f 2291 2477 2270
f 3397 1952 1951
f 3390 3406 3397
f 1946 2245 2218
f 2218 2245 2477
f 370 371 387
f 385 371 367
f 387 371 385
f 385 388 387
f 380 388 383
f 387 388 380
f 3424 3423 1942
f 3420 3609 3436
f 3436 3423 3420
f 2464 2466 2477
f 1946 2477 2468
f 2477 2466 2468
f 3391 1946 2468
f 2468 2466 3391
f 3391 2466 2471
f 2471 3620 3391
f 2471 3377 3620
f 2473 3385 3381
f 3648 3641 3644
f 4021 3992 4010
f 3683 3644 3687
f 3782 3783 3989
f 3765 3766 3664
f 3658 3765 3664
f 3658 3664 3663
f 3658 3656 3653
f 3659 3656 3658
f 4007 3992 4021
f 4004 4010 3992
f 3388 3629 3768
f 4658 3994 3992
f 4658 3385 3386
f 3698 3685 3694
f 3687 3685 3690
f 3690 3685 3692
f 3661 3663 2837
f 3661 3658 3663
f 3659 3658 3660
f 3660 3658 3678
f 3651 3653 3657
f 3653 3656 3657
f 3695 3686 3684
f 3684 3641 3640
f 3640 3724 3684
f 3666 3667 3730
f 3667 3768 3730
f 4499 4500 3430
f 3416 3408 3404
f 3416 3422 3408
f 4506 3422 3416
f 3432 4496 3430
f 1522 1493 1453
f 3161 3165 3015
f 2819 2667 2662
f 3003 3100 2983
f 2983 2931 3003
f 2932 2982 2929
f 2931 2983 2932
f 3101 3320 3173
f 3173 3320 3177
f 3173 3100 3101
f 3169 3100 3170
f 3170 3171 3169
f 1621 1620 1640
f 1573 1574 1162
f 1639 1137 1640
f 1640 1620 1639
f 1152 1153 1140
f 1162 1153 1152
f 1152 1573 1162
f 1156 1153 1162
f 1140 1153 1156
f 1156 1148 1140
f 3335 1438 1444
f 1444 3153 3335
f 1447 1522 1445
f 1522 1157 1445
f 3153 1447 1445
f 1174 1426 1429
f 1429 3082 3162
f 1429 1426 3082
f 1545 1546 1519
f 1571 1544 1593
f 1572 1546 1571
f 1571 1546 1545
f 1137 1131 1142
f 1449 3143 1450
f 3153 3143 1449
f 3151 3156 3161
f 3153 3156 3151
f 3148 3143 3151
f 3151 3143 3153
f 2629 2859 2630
f 2859 2842 2636
f 2612 2968 2613
f 2612 2603 2968
f 3332 2970 1080
f 2968 2603 2969
f 2603 2970 2969
f 2970 3332 2969
f 3097 3144 3095
f 3095 3144 3145
f 2963 2627 2602
f 2860 2533 2664
f 2664 2840 2860
f 2664 2581 2578
f 2578 2858 2664
f 2578 3665 2861
f 2861 2858 2578
f 2609 2859 2613
f 2609 2610 2859
f 2613 2968 2609
f 2602 2610 2966
f 3144 3097 2966
f 2625 2627 2845
f 2859 2844 2845
f 2845 2627 2859
f 2613 2859 2666
f 2859 2860 2666
f 2666 2860 2840
f 2613 2666 2846
f 2846 2666 2840
f 3677 3676 2865
f 2865 3726 3677
f 3664 3676 3677
f 3677 3726 3664
f 3668 3667 3666
f 3666 3669 3668
f 3668 3669 3673
f 3664 3766 3671
f 3671 3672 3664
f 3674 3676 3664
f 3664 3672 3674
f 2864 3638 2865
f 2862 3638 2864
f 3770 4029 3769
f 3770 3771 3990
f 3990 4029 3770
f 3770 3683 3687
f 3769 3683 3770
f 3687 3690 3770
f 3770 3690 3771
f 3995 4026 3997
f 3815 3997 4201
f 4201 3816 3815
f 3997 4026 3996
f 4278 4055 4021
f 4021 4010 4278
f 4278 4010 4017
f 4278 4017 4268
f 4268 4001 4278
f 4001 4055 4278
f 4063 3997 4269
f 4063 3995 3997
f 4271 4206 4082
f 4269 3815 3814
f 3814 4270 4269
f 3814 3816 4186
f 3815 3816 3814
f 3814 4081 4082
f 4082 4270 3814
f 4114 4107 3926
f 4105 4107 4114
f 4627 4624 4181
f 3569 4771 3346
f 4403 4333 4331
f 4722 4178 4721
f 4181 4624 4182
f 4710 4172 4709
f 4181 4727 4729
f 4729 4728 4181
f 4727 4421 4729
f 4731 4627 4730
f 4181 4728 4730
f 4730 4627 4181
f 3794 4371 4699
f 4373 4355 4325
f 3216 3106 3208
f 4423 4422 4731
f 4731 4730 4423
f 4423 4730 4728
f 3123 3223 3231
f 1774 3365 3366
f 3547 3366 3365
f 3367 3366 3547
f 2158 3546 3548
f 3546 3547 3548
f 3548 3547 3365
f 1775 3365 1774
f 4793 3345 3346
f 3348 3345 4795
f 3369 1773 3368
f 3368 3547 3369
f 3373 1770 3372
f 4244 4106 4113
f 4214 4244 4243
f 4190 4217 4243
f 4192 3469 3590
f 4222 4275 4224
f 4463 3484 3481
f 3494 3486 3491
f 3494 3582 3486
f 3916 4120 3915
f 3894 3888 3863
f 3863 3868 3894
f 4273 4190 4245
f 3928 4190 4273
f 4222 3928 4273
f 3398 3406 3390
f 3401 3406 3398
f 3390 3400 3398
f 3400 3401 3398
f 3410 3401 3424
f 3410 3406 3401
f 3589 3466 3473
f 3473 3477 3589
f 3589 3477 3471
f 3590 3466 3468
f 3467 4217 3468
f 2115 2108 2114
f 2306 2305 2181
f 2181 2180 2304
f 2304 2306 2181
f 2361 2180 2178
f 1953 1955 3392
f 3391 3389 3392
f 3392 3389 3390
f 3390 3397 3392
f 3619 2477 1946
f 1946 2218 3619
f 3619 2218 2477
f 2243 1955 1953
f 3391 1800 1799
f 1799 2189 2217
f 1950 1800 3391
f 367 371 363
f 371 370 363
f 363 370 358
f 363 358 355
f 358 370 53
f 610 2491 2047
f 2504 2512 2506
f 2506 2512 1544
f 383 388 532
f 549 391 393
f 534 533 549
f 3603 3441 3443
f 3423 3436 1964
f 1934 3436 3437
f 2485 3629 3388
f 3388 3387 2485
f 2485 3387 3386
f 3386 3385 2485
f 3385 2473 2485
f 2478 2471 2466
f 3377 2471 2470
f 3381 3377 2470
f 3743 3648 3742
f 3805 3745 4023
f 3653 3750 3752
f 4032 3745 3805
f 3805 4017 4032
f 3808 4043 3751
f 4017 4043 3808
f 3808 3807 4017
f 4017 4010 4018
f 3739 3738 3645
f 3644 3735 3645
f 3645 3738 3644
f 3643 3738 3739
f 3644 3738 3643
f 3643 3648 3644
f 3740 3648 3643
f 3742 3648 3679
f 3648 3650 3679
f 3741 3643 3739
f 3740 3643 3741
f 4022 4029 4268
f 3801 3800 4022
f 4022 3797 4029
f 4022 3803 3801
f 4268 4017 4022
f 4042 3803 4022
f 4022 4017 3805
f 3805 4023 4022
f 3734 3735 3644
f 3644 3681 3734
f 3728 3682 3733
f 3644 3682 3728
f 3728 3681 3644
f 3727 3683 3769
f 3783 3782 3708
f 3694 3703 3708
f 3772 3692 3723
f 3990 3771 3772
f 3778 3701 3706
f 4186 3960 4083
f 4083 3814 4186
f 4081 3814 4083
f 4078 3960 4186
f 4186 3816 4078
f 4078 3816 3986
f 3816 4201 4031
f 3990 3989 4200
f 4200 3989 4185
f 3759 3658 3758
f 3762 3658 3759
f 3764 3658 3762
f 3765 3658 3764
f 3764 4004 3765
f 4050 4527 4045
f 4045 4026 4050
f 3672 3671 4053
f 4659 4658 3992
f 3385 4658 4659
f 3694 3701 3700
f 3700 3698 3694
f 3701 3777 3700
f 3777 3698 3700
f 3696 3685 3697
f 3685 3698 3697
f 3678 3658 3662
f 3658 3661 3662
f 3725 2577 3651
f 3651 3657 3725
f 2662 2667 2570
f 2931 2932 2825
f 3171 3170 2933
f 2476 2355 2364
f 2476 2464 2477
f 2334 2355 2476
f 2511 2492 2490
f 3430 3422 3426
f 3426 4499 3430
f 3426 3422 3425
f 3425 4562 3426
f 3422 4502 3611
f 3611 4502 4075
f 3172 1176 1419
f 1419 1418 3172
f 1416 3101 3172
f 3172 1418 1416
f 1177 1176 3172
f 3172 1422 1177
f 1423 1425 1417
f 1398 1396 3178
f 3178 3320 1398
f 1450 3143 1451
f 3143 1453 1451
f 1451 1453 1493
f 1492 1521 1454
f 1454 1453 3143
f 1522 1453 1454
f 3141 3143 3095
f 3156 1440 1439
f 1439 1440 1157
f 1444 1438 1442
f 1442 3153 1444
f 1442 3156 3153
f 1157 1440 1164
f 2987 2985 2917
f 1207 1385 1380
f 2946 3015 2944
f 3161 3015 3163
f 3163 3015 2946
f 3100 2982 3322
f 3322 2983 3100
f 2982 2932 3322
f 3322 2932 2983
f 2661 2932 2929
f 2661 2825 2932
f 2667 2819 2661
f 2995 3173 3177
f 3002 2982 3100
f 3100 3099 3002
f 2929 2982 3002
f 3100 3173 3001
f 3001 3173 3000
f 3001 3000 2928
f 3004 3100 3003
f 3004 3170 3100
f 3004 2933 3170
f 3008 3007 3169
f 3169 3005 3008
f 3323 3005 3169
f 3722 3686 3702
f 3704 3686 3722
f 2555 3722 2672
f 2555 2554 3704
f 3704 3722 2555
f 2676 2674 2823
f 3704 2554 2569
f 2554 2823 2569
f 2569 2823 2674
f 1598 1575 1574
f 1620 1621 1596
f 1573 1152 1596
f 1574 1573 1596
f 1620 1596 1595
f 1595 1596 1152
f 1128 1639 1620
f 1137 1639 1128
f 1125 1121 1128
f 1158 1157 1522
f 1432 1425 1431
f 3162 1432 1431
f 1520 3140 1491
f 1520 1491 1462
f 1520 1519 1546
f 1149 1158 1522
f 1148 1156 1149
f 1156 1158 1149
f 1134 1130 1619
f 1619 1130 1133
f 1150 1546 1572
f 1140 1148 1150
f 1140 1133 1138
f 1138 1152 1140
f 1138 1130 1135
f 1133 1130 1138
f 1138 1595 1152
f 1135 1595 1138
f 1545 1519 1518
f 1518 1571 1545
f 1544 1571 1518
f 1518 2506 1544
f 1141 580 1672
f 1640 1137 1145
f 1137 1142 1145
f 530 407 405
f 1471 1493 1447
f 1450 1451 1471
f 1471 1451 1493
f 3731 2568 4371
f 2568 3731 2557
f 2558 2812 2557
f 3148 3035 3331
f 3331 3034 3148
f 3330 3149 3148
f 3148 3034 3330
f 2843 2632 2859
f 2859 2629 2843
f 2641 2636 2842
f 2837 2635 2950
f 2639 2635 2638
f 3665 2578 2638
f 2581 2639 2638
f 2638 2578 2581
f 2859 2636 2637
f 3096 3095 3041
f 3095 3145 3044
f 3044 3145 2968
f 3044 2969 3332
f 2968 2969 3044
f 2964 2963 2602
f 3146 3095 3148
f 2627 2963 2606
f 2630 2859 2606
f 2859 2627 2606
f 2579 2860 2859
f 2533 2860 2579
f 2639 2533 2579
f 2859 2637 2579
f 2579 2637 2639
f 2610 2609 2967
f 2967 2966 2610
f 2967 2609 2968
f 3144 2966 2967
f 2968 3145 2967
f 2967 3145 3144
f 2607 2844 2625
f 2625 2845 2607
f 2607 2845 2844
f 2612 2846 2622
f 2603 2612 2622
f 2622 2970 2603
f 2608 2612 2613
f 2613 2846 2608
f 2608 2846 2612
f 3087 3083 3130
f 3130 3332 1080
f 3095 3044 3130
f 3130 3044 3332
f 3994 3673 3675
f 3675 3672 3994
f 3582 3494 2112
f 2107 3486 2109
f 4020 3996 4012
f 4012 3996 4026
f 4012 4045 4044
f 4026 4045 4012
f 4021 4020 4012
f 4012 4007 4021
f 4020 4055 4054
f 4054 3996 4020
f 4054 4001 4000
f 4054 4055 4001
f 4000 4031 4054
f 4054 4031 4201
f 4054 4201 3997
f 3997 3996 4054
f 4269 4270 4203
f 4203 4063 4269
f 4203 4270 4082
f 4504 4502 3422
f 3422 4503 4504
f 4081 4083 3955
f 4082 4081 3955
f 3955 4271 4082
f 3430 3433 4497
f 4497 3432 3430
f 4087 4495 3608
f 3606 4495 4087
f 4500 4499 4563
f 4187 3948 4209
f 4187 4083 3960
f 4187 3955 4083
f 3947 4100 4209
f 4209 3948 3947
f 3947 4107 4105
f 4105 4100 3947
f 4110 4107 3947
f 4118 4114 3926
f 4098 4106 4272
f 4098 4100 4105
f 4098 4099 4100
f 4105 4114 4112
f 4112 4098 4105
f 4106 4098 4112
f 4113 4106 4112
f 3346 3345 3567
f 3567 3348 3566
f 3567 3345 3348
f 4416 3349 4767
f 3262 3261 3260
f 4414 4411 3260
f 4772 3349 3259
f 4417 4423 4408
f 4408 4411 4417
f 4410 4411 4408
f 4781 4717 4782
f 4404 4421 4727
f 4727 4403 4404
f 4404 4403 4331
f 4723 4178 4722
f 4748 4398 4399
f 4399 4398 4336
f 4335 2571 4336
f 4719 4178 4717
f 4719 4721 4178
f 4180 4181 4623
f 4181 4625 4623
f 4623 3560 4180
f 4623 4625 3560
f 3560 4625 3561
f 3564 4182 4624
f 4182 3562 4183
f 4183 4625 4181
f 4181 4182 4183
f 4183 3561 4625
f 4195 3871 4196
f 4172 4711 4714
f 4717 4178 4714
f 4714 4178 4172
f 4782 4717 4714
f 4712 4172 4710
f 4712 4711 4172
f 4720 4172 4708
f 4720 4709 4172
f 4180 3556 4301
f 4172 4176 4179
f 4176 4165 4179
f 4362 4699 4371
f 4716 4745 4701
f 4701 4745 4389
f 4374 4373 3841
f 4355 4373 4374
f 4341 4340 4344
f 3269 3115 3271
f 792 793 785
f 785 793 788
f 3240 3223 3123
f 1031 2702 2712
f 1030 2702 1031
f 2712 1033 2703
f 1033 1032 2703
f 2703 1031 2712
f 1032 1031 2703
f 3106 3216 3305
f 4335 2573 2592
f 2592 2571 4335
f 2537 2536 4333
f 4333 4336 2537
f 2537 4336 2571
f 2591 2574 4333
f 2589 2588 4331
f 4331 4333 2589
f 2589 1053 2588
f 1049 2537 2571
f 3226 3240 3123
f 4414 4415 4409
f 4417 4411 4409
f 4409 4411 4414
f 4409 4423 4417
f 4422 4423 4409
f 4409 4415 4422
f 4765 4415 4414
f 4412 4406 2724
f 3080 4410 4412
f 4412 2724 3080
f 4412 4410 4331
f 4331 4406 4412
f 4407 4323 2724
f 2724 4406 4407
f 4331 4323 4407
f 4407 4406 4331
f 2780 2792 1060
f 2794 3058 3249
f 3058 3231 3249
f 3057 3231 3058
f 3233 3231 3112
f 3112 3111 3233
f 3112 3113 3111
f 3233 3287 3065
f 3233 3111 3288
f 3288 3111 3295
f 2784 2783 2746
f 2784 3287 2744
f 2784 3065 3287
f 2794 3249 3059
f 3059 3249 3231
f 2980 2978 2751
f 3537 3547 3546
f 3259 3261 4798
f 4792 4793 3346
f 3262 3348 3344
f 3344 4795 3262
f 3348 4795 3344
f 3563 3372 1770
f 3368 1772 3559
f 3559 1772 3367
f 3559 3547 3368
f 3367 3547 3559
f 4106 4244 4189
f 4244 4214 4189
f 4272 4106 4189
f 4189 4214 4272
f 4190 4583 4584
f 4217 4190 4580
f 4580 3468 4217
f 4294 4217 3467
f 4243 4217 4294
f 4576 4214 4243
f 4226 4224 4275
f 3475 4476 4473
f 3886 3887 3888
f 3888 3894 3886
f 4164 4165 4152
f 3904 3916 3895
f 3895 3894 3904
f 3916 3886 3895
f 3895 3886 3894
f 3892 3894 3868
f 3892 3873 3891
f 3904 3894 3892
f 3892 3903 3904
f 3892 3891 3903
f 4121 4273 4245
f 4222 4273 4274
f 4274 4273 3903
f 4274 4275 4222
f 4274 3903 4275
f 3491 3484 3493
f 3872 3871 4132
f 4132 4277 3872
f 3871 4195 4132
f 4134 4132 4133
f 4277 4132 4134
f 2031 2037 2036
f 2031 2405 2030
f 2030 2021 2031
f 3402 2187 2215
f 2215 1952 3402
f 1952 3397 3402
f 3397 1949 3402
f 2187 3402 1948
f 1948 3402 1949
f 2290 2291 2270
f 2017 2031 2021
f 2016 2402 2001
f 2001 2017 2021
f 2098 2097 3487
f 1890 3477 3479
f 3479 3477 2089
f 3455 3442 3453
f 3453 3461 3593
f 3457 3461 3453
f 3455 3453 3458
f 3593 3463 3458
f 3458 3453 3593
f 2089 3477 3476
f 3476 2095 2093
f 3476 3488 3487
f 3472 3488 3476
f 3473 3472 3476
f 3476 3477 3473
f 3487 2097 3476
f 2097 2095 3476
f 2097 2098 2090
f 4483 4481 3466
f 4583 4481 4483
f 4483 4584 4583
f 4482 4479 3474
f 3474 3466 4482
f 3466 4481 4482
f 4211 4214 4212
f 4272 4214 4211
f 981 752 751
f 751 2337 981
f 2119 2115 1863
f 744 743 962
f 929 752 981
f 2410 2385 2230
f 2201 2427 2231
f 960 2410 976
f 2410 2230 976
f 2306 2304 2209
f 2304 2207 2209
f 2209 2207 2390
f 2209 863 2262
f 2076 3463 2078
f 109 709 822
f 1958 3392 3397
f 2003 2313 2312
f 2313 2288 2312
f 2242 2243 1951
f 2268 2243 2242
f 1951 2215 2242
f 2353 2005 2015
f 2013 2021 2020
f 2020 2015 2013
f 1947 1946 3391
f 3391 1799 1947
f 2217 1946 1947
f 1947 1799 2217
f 1956 1950 3391
f 3391 3392 1956
f 1956 3392 1955
f 1956 1955 2217
f 2217 2189 1956
f 2189 1950 1956
f 1798 1950 2189
f 1800 1950 1798
f 2189 1799 1798
f 1798 1799 1800
f 357 546 547
f 357 356 546
f 57 370 72
f 370 56 72
f 376 370 387
f 387 380 376
f 380 381 376
f 54 370 57
f 54 53 370
f 366 402 403
f 531 385 367
f 610 2047 609
f 585 1113 1110
f 1710 1115 1683
f 585 1109 1710
f 1710 1113 585
f 1111 2490 401
f 383 532 379
f 379 532 533
f 379 533 534
f 534 549 550
f 393 565 550
f 550 549 393
f 548 532 388
f 548 384 391
f 391 549 548
f 533 532 548
f 548 549 533
f 61 380 71
f 61 381 380
f 3444 3443 3441
f 4302 3440 3439
f 3435 3436 3609
f 3435 3437 3436
f 3435 3609 3430
f 2469 2470 2471
f 3744 3803 4042
f 3742 3679 3744
f 3809 3761 3760
f 3653 3752 3753
f 3653 3648 3652
f 4016 4018 4010
f 3802 3679 3650
f 3802 3650 3801
f 3801 3803 3802
f 3803 3744 3802
f 3802 3744 3679
f 3740 3741 3649
f 3649 3648 3740
f 3649 3650 3648
f 3799 3741 3800
f 3801 3650 3799
f 3799 3800 3801
f 3650 3649 3799
f 3799 3649 3741
f 3737 3797 3739
f 3739 3645 3737
f 3737 3645 3735
f 3800 3741 3798
f 3798 4022 3800
f 3797 4022 3798
f 3798 3741 3739
f 3739 3797 3798
f 3767 3727 3769
f 3769 4029 3767
f 3733 3682 3767
f 3682 3727 3767
f 3729 3727 3682
f 3683 3727 3729
f 3729 3682 3644
f 3644 3683 3729
f 3705 3706 3694
f 3711 3703 3721
f 3783 3708 3784
f 4036 3784 3785
f 3783 3784 4036
f 4185 3989 4036
f 3989 3783 4036
f 3779 3777 3701
f 3701 3778 3779
f 3989 3777 3779
f 3779 3778 3989
f 3960 4078 3965
f 3965 4078 3986
f 3986 3816 3987
f 3816 4031 3987
f 3987 3981 3986
f 3987 4031 4000
f 4062 3981 3987
f 4257 4001 4268
f 4257 4002 4001
f 4268 4029 4257
f 4549 4045 4527
f 4044 4045 4549
f 4531 4530 3376
f 4528 4549 4527
f 4044 4549 4528
f 4528 4527 3376
f 3376 4530 4528
f 4003 4004 3992
f 3992 4053 4003
f 4003 4053 3671
f 4003 3671 3766
f 3994 3672 4056
f 3672 4053 4056
f 3992 3994 4056
f 4056 4053 3992
f 4010 4004 4047
f 4047 4048 4010
f 4004 3764 4047
f 4047 3764 3762
f 4049 3761 3809
f 4049 4048 3761
f 3809 4010 4049
f 4010 4048 4049
f 3761 4048 3763
f 3763 4047 3762
f 4048 4047 3763
f 3386 3387 3993
f 3993 4658 3386
f 3991 3673 3994
f 3991 3993 3988
f 3991 3668 3673
f 3991 3988 3668
f 3994 4658 3991
f 4658 3993 3991
f 3776 3698 3777
f 3776 3989 3990
f 3776 3777 3989
f 3695 2825 3699
f 3686 3695 3699
f 3702 3686 2551
f 3686 2570 2551
f 2551 2668 3702
f 2551 1029 2668
f 2667 1029 2551
f 2551 2570 2667
f 3641 3648 2576
f 2828 3689 2659
f 2659 2933 2828
f 2663 2819 2662
f 2662 3699 2663
f 2663 3699 2825
f 2663 2661 2819
f 2825 2661 2663
f 3684 3724 3688
f 3688 3689 3684
f 2659 3689 3688
f 2830 3688 3724
f 3724 3640 2830
f 3640 2829 2830
f 2447 3768 3629
f 2447 3730 3768
f 2447 3628 3730
f 2862 2864 2857
f 973 609 2048
f 2048 609 2047
f 2377 2476 2364
f 2405 2476 2377
f 2030 2405 2377
f 2451 2476 2449
f 2453 2451 2450
f 2509 2512 2504
f 2492 2511 2516
f 2513 1113 2512
f 2513 1110 1113
f 3425 3422 4501
f 1181 3101 1182
f 3101 1416 1182
f 1175 1177 1422
f 3082 1423 3081
f 1425 1423 1424
f 1424 1423 3082
f 1396 1398 1201
f 2993 2992 3177
f 3177 2991 2993
f 2989 2991 3177
f 2918 2989 2869
f 2991 2989 2918
f 1491 3140 3139
f 3140 3141 3139
f 3128 3139 3141
f 3128 3130 3083
f 3128 3141 3095
f 3095 3130 3128
f 3326 1164 1440
f 3326 1442 1438
f 3326 1440 3156
f 3156 1442 3326
f 1438 3335 1166
f 3335 1164 1166
f 1166 3326 1438
f 1164 3326 1166
f 1443 1164 3335
f 1443 3335 3153
f 3153 1445 1443
f 1443 1445 1157
f 1157 1164 1443
f 2684 1009 2681
f 1009 2917 2681
f 2681 1006 2684
f 2985 3181 2915
f 2915 2917 2985
f 2915 2681 2917
f 2987 2917 2916
f 2916 2988 2987
f 2916 2816 2988
f 2916 1014 2816
f 1206 1388 1197
f 1388 1390 1197
f 1197 1390 1391
f 1197 1195 1206
f 1391 1195 1197
f 2946 2944 2652
f 2652 2944 2644
f 3009 3165 3169
f 2577 3725 2647
f 2647 2944 2943
f 3678 3662 2643
f 2643 3662 3661
f 2643 3661 2837
f 2837 2950 2643
f 2943 2944 3016
f 2676 2672 2926
f 2921 2674 2676
f 2930 3002 3099
f 2930 2661 2929
f 2929 3002 2930
f 3098 3099 3100
f 3100 3001 3098
f 2935 3008 3005
f 2935 2830 2829
f 2656 2830 2655
f 2830 2935 2655
f 2655 2659 2656
f 2655 2933 2659
f 2604 1009 2684
f 2684 1006 2604
f 2914 2812 1002
f 3642 2566 2561
f 1014 2561 1015
f 1015 2561 2566
f 2869 2816 1015
f 2816 1014 1015
f 2676 2823 2669
f 2669 2672 2676
f 2822 2823 2554
f 2554 2555 2822
f 2822 2669 2823
f 2822 2555 2672
f 2672 2669 2822
f 2553 2556 3704
f 3704 2569 2553
f 2673 2556 2553
f 2553 2674 2673
f 2553 2569 2674
f 1600 1601 1577
f 1600 1625 1601
f 1575 1598 1599
f 1599 1623 1624
f 1598 1623 1599
f 1599 1600 1577
f 1624 1625 1599
f 1625 1600 1599
f 1621 1622 1597
f 1597 1596 1621
f 1574 1596 1597
f 1597 1598 1574
f 1622 1623 1597
f 1597 1623 1598
f 1136 1128 1620
f 1620 1595 1136
f 1136 1595 1135
f 1135 1130 1136
f 1125 1128 1136
f 1137 1128 1126
f 1123 1131 1126
f 1126 1131 1137
f 1126 1121 1123
f 1126 1128 1121
f 1435 1434 3162
f 3162 3156 1435
f 1435 3156 1436
f 1436 1427 1435
f 1427 1434 1435
f 1168 1431 1425
f 1425 1424 1168
f 1174 1429 1430
f 1431 1168 1430
f 1430 1429 3162
f 3162 1431 1430
f 1594 1619 1133
f 1594 1150 1572
f 1594 1571 1593
f 1572 1571 1594
f 1546 1150 1547
f 1547 1520 1546
f 1521 1520 1547
f 1547 1149 1522
f 1148 1149 1547
f 1547 1150 1148
f 1522 1454 1547
f 1547 1454 1521
f 1463 1490 1519
f 1463 1520 1462
f 1519 1520 1463
f 1462 3128 1463
f 1489 1518 1519
f 1468 2506 1489
f 2506 1518 1489
f 409 1131 1123
f 347 346 409
f 570 571 403
f 403 402 570
f 570 402 1120
f 570 1115 571
f 404 530 582
f 404 582 1118
f 1118 402 404
f 404 366 530
f 402 366 404
f 1120 568 1114
f 1114 570 1120
f 405 1121 1114
f 1114 568 405
f 1121 1115 1114
f 1115 570 1114
f 406 530 405
f 405 568 406
f 582 530 406
f 1119 402 1118
f 1120 402 1119
f 1448 1471 1447
f 1448 1447 3153
f 3153 1449 1448
f 2567 1006 1004
f 1004 1002 2567
f 2567 1002 2559
f 3732 4371 3794
f 3732 3731 4371
f 3716 2557 3731
f 3716 3792 3717
f 3731 3732 3716
f 3716 3732 3794
f 3721 3703 3713
f 3703 3712 3713
f 3329 2957 3031
f 3031 3035 3148
f 3148 3329 3031
f 3031 2958 3035
f 2957 2958 3031
f 2631 2957 2634
f 2859 2632 2631
f 2631 2634 2859
f 2956 2957 3329
f 2956 2892 2628
f 2628 2641 2956
f 2634 2957 2956
f 2956 2641 2634
f 3152 2956 3329
f 3152 3329 3148
f 3148 3151 3152
f 2892 2956 3152
f 2960 3330 3034
f 3149 3330 2960
f 2960 2961 3149
f 2841 2641 2842
f 2634 2641 2841
f 2841 2842 2859
f 2859 2634 2841
f 3019 2948 3325
f 3161 3019 3325
f 3325 3159 3161
f 2640 2638 2635
f 2837 3663 2838
f 2638 2640 2838
f 3663 3665 2838
f 3665 2638 2838
f 2838 2635 2837
f 2838 2640 2635
f 3043 3097 3095
f 3095 3096 3043
f 3149 2961 3037
f 3148 3149 3037
f 3150 3037 2961
f 3148 3037 3150
f 2962 2606 2963
f 2962 3150 2961
f 2962 2961 2630
f 2630 2606 2962
f 2963 3146 2962
f 1519 1490 1466
f 1466 1489 1519
f 2809 2840 2664
f 2861 2862 2809
f 3670 3669 3094
f 3673 3669 3670
f 3670 3675 3673
f 3670 3674 3672
f 3672 3675 3670
f 2113 3494 2114
f 2113 2112 3494
f 2114 2108 2113
f 4077 4203 4082
f 4082 4206 4077
f 4206 4562 4077
f 4063 4231 4064
f 4515 4064 3414
f 3414 4064 4231
f 3404 4515 3414
f 3417 3416 3404
f 3395 4524 3396
f 3396 4526 3395
f 4529 4527 4050
f 4050 4526 4529
f 4529 3396 4527
f 4529 4526 3396
f 4258 4517 4516
f 4519 4060 4516
f 3400 4519 4516
f 3404 3400 4516
f 4516 4517 3404
f 3421 3422 4506
f 3421 4503 3422
f 4076 4504 4557
f 3954 4211 3952
f 3608 3607 4261
f 4261 4087 3608
f 3606 4087 4086
f 4302 3439 4086
f 4499 3426 4080
f 4080 4563 4499
f 4080 3426 4562
f 4080 4562 4206
f 4209 4100 3956
f 4100 4099 3956
f 3956 4187 4209
f 3955 4187 3956
f 4271 3955 3956
f 3956 3957 4271
f 3959 4187 3960
f 3948 4187 3959
f 3959 3960 3958
f 3949 3947 3948
f 3949 3959 3958
f 3948 3959 3949
f 4096 4104 3949
f 3958 4094 3949
f 3949 4094 4096
f 4114 4118 4193
f 4193 4112 4114
f 4113 4112 4193
f 4422 4415 4424
f 3568 3569 3346
f 3346 3567 3568
f 3259 3349 4426
f 4426 3261 3259
f 4426 3260 3261
f 4426 3349 4416
f 4416 4765 4426
f 4414 3260 4426
f 4426 4765 4414
f 3262 3260 3256
f 3256 3260 4411
f 3256 4410 3080
f 3256 4411 4410
f 4425 4423 4728
f 4425 4408 4423
f 4728 4729 4425
f 4425 4729 4421
f 4780 4719 4717
f 4743 4336 4333
f 4421 4404 4405
f 4405 4425 4421
f 4408 4425 4405
f 4405 4404 4331
f 4331 4410 4405
f 4410 4408 4405
f 4726 4403 4727
f 4726 4727 4181
f 4181 4178 4726
f 4178 4723 4726
f 4333 4403 4750
f 4397 4752 4395
f 4704 4752 4397
f 4704 4740 4752
f 4718 4691 4692
f 4692 4394 4752
f 4752 4740 4692
f 4389 4340 4392
f 4392 4340 4394
f 4392 4691 4718
f 2593 2573 4335
f 1041 2597 1040
f 4401 4748 4400
f 4399 4336 4400
f 4400 4336 4401
f 4690 4709 4398
f 4398 4748 4690
f 3527 3536 3530
f 4180 3560 3557
f 3557 3556 4180
f 4544 4183 3562
f 3561 4183 4544
f 3556 3557 3545
f 3545 3537 3533
f 3549 3550 3545
f 3566 3348 3565
f 3565 4627 3566
f 4624 4627 3565
f 3565 3564 4624
f 4133 4132 4197
f 4197 4132 4195
f 3855 4195 4196
f 3855 4197 4195
f 4784 4714 4711
f 4741 4712 4710
f 4711 4712 4724
f 4712 4741 4724
f 4709 4690 4724
f 4724 4690 4748
f 4710 4709 4724
f 4724 4741 4710
f 4398 4709 4689
f 4709 4720 4689
f 4689 4720 4708
f 4174 4301 4622
f 3869 3866 3867
f 3869 4126 3870
f 4686 4745 4716
f 4161 4179 4165
f 4165 4164 4161
f 3828 3826 3827
f 3831 3828 3827
f 3831 3827 4156
f 1030 1031 2538
f 4344 4758 4322
f 4325 4351 4322
f 4322 4321 4325
f 1033 1034 2600
f 4761 4344 4383
f 4383 4687 4761
f 3244 3237 3118
f 3244 3248 3237
f 2335 2356 2357
f 2357 2356 2365
f 1826 2357 1821
f 1821 2357 2365
f 1821 1824 1826
f 163 598 597
f 594 598 784
f 601 1806 602
f 600 599 797
f 1753 2356 2335
f 792 785 781
f 3355 2167 2165
f 2165 2191 2164
f 2164 2191 2170
f 2170 2191 2158
f 1748 2292 2271
f 2271 2246 1748
f 1288 1281 1291
f 3108 3216 3222
f 3222 3226 3108
f 3240 3226 3222
f 1270 3240 3222
f 2801 2702 1030
f 2801 3305 2702
f 1034 2707 1036
f 1038 2598 1036
f 3026 3216 3108
f 3280 3053 3123
f 3123 3231 3280
f 3280 3231 3054
f 4333 2574 2590
f 2590 2589 4333
f 2574 2591 1052
f 3053 3280 2722
f 2722 3054 2728
f 2722 3280 3054
f 3286 3052 3123
f 3123 3053 3286
f 2536 2537 1079
f 2537 1049 1079
f 3046 3045 3123
f 2796 1052 2797
f 2797 3046 2796
f 3045 3046 2797
f 3042 3226 3123
f 2872 1043 1042
f 4413 4765 4416
f 4415 4765 4413
f 4416 4424 4413
f 4413 4424 4415
f 1078 2868 1077
f 2588 4332 4327
f 2584 1057 2740
f 1063 1064 2740
f 2740 1057 1063
f 1057 2875 1063
f 1056 2584 4328
f 1057 2584 1056
f 1056 4329 4330
f 2793 3058 2794
f 2793 1063 2875
f 2793 3057 3058
f 2875 3057 2793
f 2729 2875 1057
f 2729 1056 2728
f 1057 1056 2729
f 2728 3055 2729
f 3056 2875 2729
f 3295 3111 3067
f 3067 2880 3295
f 2880 3067 2889
f 2889 3235 2792
f 3232 2875 3056
f 3232 3057 2875
f 3056 3231 3232
f 3231 3057 3232
f 3054 3231 3279
f 3231 3055 3279
f 2728 3054 3279
f 3279 3055 2728
f 1062 1072 2740
f 2740 1061 1062
f 1062 2750 1072
f 2780 2750 1062
f 3066 3287 3233
f 3233 3288 3066
f 2744 3287 3066
f 3066 3288 2744
f 1066 2783 1067
f 1068 2740 1067
f 2740 1066 1067
f 2783 2784 1069
f 1068 2783 1069
f 2744 1061 1069
f 1069 2784 2744
f 1069 2740 1068
f 1069 1061 2740
f 2785 2784 2746
f 2895 2783 1066
f 3118 3237 3114
f 3114 3237 3111
f 3111 3113 3114
f 2980 2751 2755
f 2755 2975 2980
f 2755 4319 2975
f 1060 2792 2782
f 2575 2866 1076
f 2164 3548 3354
f 3548 3353 3354
f 3354 2165 2164
f 3355 2165 3354
f 3273 3355 3354
f 3354 3272 3273
f 3271 3272 3354
f 3354 3353 3271
f 3352 3548 3351
f 3352 3353 3548
f 3356 3548 3365
f 3356 3554 3548
f 3365 1775 3356
f 1775 3554 3356
f 3351 3548 3553
f 3548 3554 3553
f 3553 1779 1781
f 2152 3536 3546
f 1764 3362 3347
f 4545 3562 4182
f 4182 3564 4545
f 1765 3362 1764
f 4797 3261 3262
f 3262 4795 4797
f 4793 4798 4799
f 4799 4797 4795
f 4799 4798 3261
f 3261 4797 4799
f 4771 4772 4427
f 3346 4771 4427
f 4427 4792 3346
f 1769 1770 3373
f 3371 1771 3370
f 3370 3369 3547
f 3370 1771 1773
f 1773 3369 3370
f 3558 3563 3371
f 3371 3370 3558
f 3558 3370 3547
f 3372 3563 3558
f 3547 3537 3558
f 3537 3545 3558
f 3373 3372 3558
f 3558 4544 3562
f 3561 4544 3558
f 3558 3362 3373
f 3560 3561 3558
f 3562 4545 3558
f 3558 3557 3560
f 3558 3545 3557
f 3558 4545 3564
f 3558 3347 3362
f 3564 3565 3558
f 3558 3565 3348
f 3348 3347 3558
f 3457 3453 3450
f 3450 3453 3442
f 3441 3448 3450
f 3449 3952 4281
f 3952 4211 4281
f 4190 4584 4191
f 3590 3468 4216
f 3468 4580 4216
f 4216 4580 4190
f 4579 3591 3465
f 3465 3461 3464
f 3465 3591 3461
f 3461 3591 4485
f 4477 4478 3474
f 3474 3588 4477
f 3474 4479 4480
f 4480 3588 3474
f 4276 4226 4275
f 4275 3891 4276
f 3891 3873 4276
f 4276 3871 3872
f 4276 3873 3871
f 3872 3876 4276
f 4276 3876 4226
f 4224 4226 4596
f 3481 3475 4470
f 4222 4589 4650
f 4653 3928 4222
f 4111 3926 4110
f 4111 3927 3926
f 3941 4104 4096
f 3581 2121 2115
f 805 970 971
f 3869 4124 3874
f 3874 4124 3898
f 3917 3927 3914
f 3926 3927 3917
f 3898 4124 3896
f 3824 4151 4143
f 4143 4151 4142
f 3834 3827 3826
f 3832 3826 3828
f 3832 4162 4151
f 3832 3828 3831
f 3831 4162 3832
f 3813 4149 3817
f 3813 4137 4149
f 3817 4144 3813
f 3813 4144 4137
f 4194 3868 4196
f 4194 3892 3868
f 3873 3892 4194
f 4196 3871 4194
f 3871 3873 4194
f 3903 4273 3912
f 4273 4121 3912
f 3872 4277 3862
f 3862 3876 3872
f 4277 4134 3862
f 4134 4129 3862
f 3492 3494 3491
f 3491 3493 3492
f 888 939 873
f 873 886 888
f 888 938 939
f 872 886 873
f 873 649 872
f 872 635 885
f 885 886 872
f 2038 909 2024
f 2024 2033 2038
f 2038 2033 2032
f 2036 2037 2039
f 2035 2031 2036
f 2405 2031 2035
f 2036 2449 2035
f 2449 2476 2035
f 2035 2476 2405
f 2025 909 2038
f 2026 2402 2016
f 2424 2403 2010
f 2010 2012 2424
f 953 954 939
f 939 938 953
f 909 2025 613
f 937 952 935
f 952 617 935
f 2313 2290 2289
f 2289 2290 2268
f 2289 2288 2313
f 2268 2288 2289
f 2313 2333 2314
f 2314 2290 2313
f 2244 2243 2268
f 2217 1955 2244
f 1955 2243 2244
f 2244 1946 2217
f 2244 2245 1946
f 2009 2021 2013
f 2009 2001 2021
f 2437 2001 2402
f 2017 2001 2437
f 2437 2402 622
f 2437 2028 2017
f 2000 2435 2051
f 3487 2100 2099
f 2099 2098 3487
f 3586 1879 2100
f 3586 2100 3487
f 4584 4483 3470
f 3470 4191 4584
f 3470 4483 3466
f 3470 3466 3469
f 1934 3437 2057
f 2057 3437 3438
f 2137 2135 3511
f 2224 2135 2137
f 1860 2119 1863
f 1871 2119 1860
f 1871 1860 1870
f 752 929 814
f 970 1817 1811
f 1812 971 1811
f 1811 971 970
f 1818 1811 1823
f 1823 1811 1820
f 741 743 744
f 741 755 745
f 809 929 981
f 809 931 929
f 981 2337 809
f 838 2230 2233
f 2233 2231 838
f 2201 2231 2233
f 2233 2230 2385
f 2229 838 960
f 960 976 2229
f 2229 2230 838
f 2229 976 2230
f 2198 2427 2201
f 2200 2359 2198
f 2305 2306 2261
f 2261 2307 2305
f 2261 2209 2262
f 2306 2209 2261
f 2350 2307 2261
f 2262 867 2264
f 2264 2261 2262
f 867 2432 2264
f 957 863 2391
f 2391 664 957
f 2389 2346 2442
f 1913 2180 2181
f 1913 1914 1915
f 2181 2305 1913
f 2305 1914 1913
f 2391 863 2282
f 863 2209 2282
f 2326 2327 2302
f 2360 2202 2361
f 2200 2202 2360
f 2360 2359 2200
f 1899 1902 1906
f 1906 1902 2078
f 2205 2207 2304
f 2391 2348 2443
f 2348 920 2443
f 2443 664 2391
f 920 664 2443
f 843 840 2429
f 95 696 709
f 3392 1958 3617
f 1959 3397 1951
f 1959 1958 3397
f 2267 2288 2268
f 2268 2242 2267
f 2332 2333 2313
f 2332 2313 2003
f 2003 2005 2332
f 2005 2353 2332
f 2333 2332 2354
f 2354 2332 2353
f 2354 2355 2334
f 2334 2333 2354
f 2364 2355 2354
f 2354 2018 2364
f 2019 2353 2015
f 2015 2020 2019
f 2018 2354 2019
f 2019 2354 2353
f 2030 2377 2022
f 2022 2021 2030
f 2022 2020 2021
f 2018 2019 2022
f 2022 2019 2020
f 2364 2018 2022
f 2022 2377 2364
f 1151 1145 1142
f 1640 1145 1151
f 367 363 359
f 359 531 367
f 357 531 359
f 378 376 59
f 59 376 58
f 58 376 381
f 564 1710 1109
f 586 1109 585
f 385 531 386
f 386 531 368
f 386 384 385
f 368 384 386
f 369 366 368
f 368 531 369
f 547 530 369
f 530 366 369
f 369 357 547
f 369 531 357
f 571 1115 1116
f 639 649 645
f 375 379 534
f 877 902 998
f 998 901 877
f 877 906 907
f 2042 2039 604
f 604 2039 2037
f 612 965 973
f 973 2048 612
f 612 2048 605
f 612 605 2044
f 2045 2449 2044
f 2044 605 2045
f 400 1111 401
f 1108 1111 400
f 1108 398 396
f 393 391 392
f 391 390 392
f 392 398 573
f 573 565 392
f 392 565 393
f 383 70 66
f 66 65 383
f 60 380 383
f 383 65 60
f 64 70 383
f 383 379 64
f 389 548 388
f 384 548 389
f 388 385 389
f 385 384 389
f 2363 2373 868
f 2373 2363 2393
f 2393 2363 874
f 2308 2309 2310
f 2310 2309 919
f 919 2309 956
f 956 881 2396
f 956 2395 919
f 2396 2395 956
f 2433 956 2309
f 881 956 2433
f 2421 2363 868
f 2330 2350 2331
f 1965 1985 1975
f 1975 1976 1965
f 1993 2330 2331
f 3441 3447 3602
f 3602 3448 3441
f 4490 3952 3449
f 4490 3448 3952
f 3449 3450 4490
f 4490 3450 3448
f 4491 3447 3441
f 3441 3446 4491
f 4492 3441 3603
f 4492 3446 3441
f 3443 3444 3964
f 3606 4086 4494
f 4494 4086 3439
f 1937 1936 3423
f 1938 1964 3436
f 1932 1972 1968
f 1932 2056 3436
f 3437 3435 3445
f 3431 3435 3430
f 3441 3435 3431
f 3431 4495 3606
f 3606 4494 3431
f 3608 4495 3431
f 3431 4494 3439
f 3431 3607 3608
f 3431 3439 3440
f 3430 4496 3431
f 4496 3607 3431
f 3440 4493 3431
f 3431 4493 3605
f 3605 3444 3431
f 3431 3444 3441
f 2394 2433 2265
f 2265 2264 2394
f 2263 2264 2265
f 2331 2350 2351
f 2351 2008 2331
f 2434 2239 2286
f 2434 881 880
f 2396 881 2434
f 2466 2464 2467
f 2464 2465 2467
f 3745 3744 3804
f 3804 4023 3745
f 3804 3744 4042
f 4042 4022 3804
f 3804 4022 4023
f 4019 3754 3751
f 3751 4043 4019
f 4019 4043 4017
f 4017 4018 4019
f 3758 3658 3756
f 3756 3658 3653
f 3653 3753 3756
f 3806 3652 4032
f 4017 3807 3806
f 3806 4032 4017
f 3749 3806 3807
f 3652 3806 3749
f 4032 3652 3747
f 3745 4032 3747
f 3809 3760 4015
f 4015 4010 3809
f 4015 4016 4010
f 3780 3767 4029
f 3733 3767 3780
f 3707 3708 3782
f 3694 3708 3707
f 3707 3705 3694
f 3781 3782 3989
f 3989 3778 3781
f 3781 3778 3706
f 3706 3705 3781
f 3709 3784 3708
f 3709 3708 3703
f 3703 3711 3709
f 3990 3772 3773
f 3773 3774 3990
f 3773 3772 3723
f 3958 3960 3961
f 3960 3965 3961
f 3961 4094 3958
f 3961 4089 4094
f 3961 3965 3966
f 3966 4089 3961
f 3986 3981 3980
f 3980 3965 3986
f 4030 3987 4000
f 4000 4001 4030
f 4001 4002 4030
f 4030 4002 4062
f 4062 3987 4030
f 4002 4257 4230
f 4230 4029 3990
f 4230 4257 4029
f 3990 4200 4230
f 4067 3981 4062
f 4067 3979 3981
f 3983 3979 4067
f 3376 4532 3393
f 3393 4531 3376
f 4530 4531 4014
f 4531 3393 4014
f 4542 4540 3381
f 3381 3383 4542
f 4542 3383 3999
f 3385 4659 3384
f 3381 3385 3384
f 3999 3383 4057
f 3992 3999 4057
f 4057 4659 3992
f 4057 3384 4659
f 3998 3999 3992
f 3998 4542 3999
f 4540 4542 3998
f 3992 4007 4005
f 4005 4006 3992
f 4007 4052 4005
f 4005 4052 4537
f 3988 3993 4660
f 3388 3768 4660
f 4660 3387 3388
f 4660 3993 3387
f 3990 3774 3775
f 3775 3776 3990
f 2662 2570 2548
f 2548 3699 2662
f 2548 2570 3686
f 3686 3699 2548
f 3641 3647 3680
f 3680 3646 3641
f 3680 2653 3646
f 3680 3647 2834
f 2834 2653 3680
f 3639 2829 3640
f 3639 3640 3641
f 3641 3646 3639
f 2545 3647 3641
f 3641 2576 2545
f 2535 2576 3648
f 2535 3653 3651
f 2535 3648 3653
f 2931 2825 2660
f 3689 2828 3691
f 3684 3689 3691
f 2934 2828 2933
f 3003 2931 2934
f 2931 2660 2934
f 2934 2660 2828
f 2934 3004 3003
f 2933 3004 2934
f 2658 2830 2656
f 2659 3688 2657
f 3688 2830 2657
f 2830 2658 2657
f 2656 2659 2657
f 2657 2658 2656
f 3120 2498 3094
f 3628 2498 3120
f 3120 3669 3666
f 3094 3669 3120
f 3666 3730 3120
f 3730 3628 3120
f 1085 2498 3086
f 3086 1082 1085
f 2865 3676 1085
f 3676 3674 1085
f 2863 2864 2865
f 2863 2857 2864
f 2457 2450 2491
f 2491 2450 2448
f 2448 2047 2491
f 2448 2048 2047
f 2449 2045 2448
f 2448 2451 2449
f 2448 2450 2451
f 2504 2505 2524
f 2524 2529 2504
f 2504 2529 2521
f 2521 2509 2504
f 2522 2509 2521
f 2510 2527 2511
f 3630 2492 2493
f 2492 2516 2493
f 2511 2527 2515
f 2515 2516 2511
f 2514 2511 2490
f 2490 1111 2514
f 2514 1111 1108
f 1110 2513 1098
f 3422 3611 3427
f 3427 4501 3422
f 1558 1652 1651
f 1183 1182 1416
f 1181 1182 1183
f 1417 1419 1411
f 1411 1419 1176
f 1411 1423 1417
f 1411 3081 1423
f 3172 3082 1421
f 3082 3081 1421
f 1421 1422 3172
f 1421 1175 1422
f 3168 1426 1174
f 3168 1168 1424
f 3082 1426 3168
f 3168 1424 3082
f 1408 1407 3101
f 1204 1388 1206
f 1387 1388 1204
f 1206 1195 1204
f 1204 1195 1196
f 1498 1662 1661
f 1185 1398 3320
f 1553 1414 1577
f 1554 1553 1577
f 2988 2816 2990
f 2990 2816 2869
f 2869 2989 2990
f 1491 3139 1469
f 1469 3139 1458
f 1439 1163 1437
f 1436 3156 1437
f 3156 1439 1437
f 1165 1156 1162
f 1165 1158 1156
f 1162 1173 1165
f 1165 1439 1157
f 1157 1158 1165
f 1433 1432 3162
f 3162 1434 1433
f 3316 3319 3183
f 2910 2812 2914
f 3180 1388 1387
f 3180 3183 3178
f 3180 1390 1388
f 1391 1390 3180
f 3180 1195 1391
f 1196 1195 3180
f 3200 1377 3208
f 3208 3106 3200
f 3047 3185 3183
f 1534 1290 1376
f 1376 1290 1375
f 1375 1380 1376
f 3307 1373 3208
f 1385 1383 1384
f 1384 1534 1376
f 1223 1534 1384
f 3011 2941 3014
f 3165 3011 3014
f 3014 3013 3165
f 3010 3009 3169
f 3169 3007 3010
f 2836 3725 3657
f 2836 2647 3725
f 2836 2642 2644
f 2644 2944 2836
f 2944 2647 2836
f 2949 2643 2950
f 2949 3325 2948
f 2950 3159 2949
f 3159 3325 2949
f 3017 3163 2946
f 2946 3164 3017
f 3161 3163 3017
f 3017 3164 3161
f 2946 2652 2947
f 2947 3164 2946
f 2644 2948 2947
f 2947 2652 2644
f 3324 2948 3019
f 3324 3019 3161
f 3161 3164 3324
f 3165 3013 3166
f 3166 3016 3165
f 3166 3013 2943
f 2943 3016 3166
f 3167 2944 3015
f 3167 3016 2944
f 3167 3015 3165
f 3165 3016 3167
f 2670 2926 2672
f 2672 3722 2670
f 2925 2926 2670
f 2670 3722 3702
f 2670 2668 2925
f 3702 2668 2670
f 2998 2926 2999
f 3173 2998 2999
f 2999 2926 2925
f 3173 2995 3176
f 3176 3175 3173
f 2995 2921 3176
f 2676 2926 2923
f 2923 2926 2998
f 2671 2921 2676
f 2676 2923 2671
f 2994 2995 3177
f 2673 2919 2818
f 2818 2556 2673
f 2818 2680 2556
f 2680 2818 2920
f 2920 2818 2919
f 2674 2921 2922
f 2673 2674 2922
f 2922 2919 2673
f 2922 2994 2919
f 2922 2921 2995
f 2995 2994 2922
f 2938 2935 2829
f 3007 3008 2938
f 3008 2935 2938
f 3005 3323 2936
f 2936 2935 3005
f 2936 2655 2935
f 2933 2655 2894
f 3171 2933 2894
f 2655 2936 2894
f 2894 2936 3323
f 1009 2604 1008
f 1008 2604 1006
f 2564 1009 1008
f 2913 1002 1004
f 2914 1002 2913
f 2913 3047 2914
f 3185 3047 2913
f 2559 1002 2552
f 2552 2812 2558
f 2552 1002 2812
f 2562 2679 2682
f 2562 2566 3642
f 2682 2679 2677
f 1012 2917 1009
f 1012 1009 2564
f 1012 2916 2917
f 1014 2916 1012
f 1018 1015 2566
f 1018 2562 2682
f 2566 2562 1018
f 1018 2918 2869
f 2869 1015 1018
f 1575 1414 1415
f 1414 1413 1415
f 1574 1575 1415
f 1420 1413 1412
f 1417 1425 1420
f 1173 1413 1428
f 1425 1165 1428
f 1428 1165 1173
f 1428 1420 1425
f 1413 1420 1428
f 1577 1414 1576
f 1576 1599 1577
f 1576 1414 1575
f 1575 1599 1576
f 1125 1136 1127
f 1127 1136 1130
f 1441 1594 1133
f 1150 1594 1441
f 1441 1133 1140
f 1140 1150 1441
f 1464 3128 3083
f 1464 1463 3128
f 3083 3333 1464
f 1490 1463 1464
f 1643 1625 1624
f 1643 1644 1625
f 1624 1623 1643
f 1550 1644 1643
f 1643 1549 1550
f 1548 1549 1643
f 1495 1687 1169
f 425 1495 1169
f 1550 1549 1169
f 1169 1549 1548
f 407 530 528
f 528 409 346
f 547 546 528
f 528 530 547
f 345 346 347
f 345 1671 1638
f 347 1671 345
f 1132 1123 405
f 405 407 1132
f 407 1671 1132
f 1132 409 1123
f 1132 1671 347
f 347 409 1132
f 410 580 1141
f 1141 1131 410
f 1131 409 410
f 409 528 410
f 410 528 546
f 582 406 569
f 569 406 568
f 1118 582 569
f 569 1119 1118
f 569 568 1120
f 1120 1119 569
f 1446 1448 1449
f 1471 1448 1446
f 1446 1449 1450
f 1450 1471 1446
f 1006 2567 2565
f 2564 1008 2565
f 2565 1008 1006
f 3795 3716 3794
f 3792 3716 3795
f 4185 4036 3789
f 3789 4039 4185
f 3788 4039 3789
f 2959 3331 3035
f 3035 2958 2959
f 3034 3331 2959
f 2959 2960 3034
f 2959 2958 2632
f 2953 2635 2639
f 2953 2952 2635
f 2953 3025 2952
f 3328 3152 3151
f 2892 3152 3328
f 2628 2892 2893
f 2893 2641 2628
f 3022 3160 3161
f 3161 3159 3022
f 3022 3159 2950
f 3022 2951 3160
f 2950 2951 3022
f 2965 3043 3096
f 2602 2966 2965
f 2965 2966 3097
f 3097 3043 2965
f 2965 3096 3041
f 3041 2964 2965
f 2965 2964 2602
f 3147 3146 2963
f 2963 2964 3147
f 3095 3146 3147
f 3147 2964 3041
f 3041 3095 3147
f 3038 3146 3148
f 3148 3150 3038
f 3038 2962 3146
f 3150 2962 3038
f 1467 2506 1468
f 1468 1489 1467
f 1489 1466 1467
f 2664 2858 2665
f 2665 2809 2664
f 2665 2858 2861
f 2861 2809 2665
f 2840 2809 2839
f 2839 2846 2840
f 2839 2622 2846
f 2862 2857 2810
f 2810 2809 2862
f 2622 2839 2580
f 2835 2853 2851
f 2817 2580 2815
f 2582 2580 2817
f 2817 2824 2582
f 2826 2824 2817
f 3582 2112 2101
f 2101 1873 3582
f 2098 2099 2096
f 2096 2090 2098
f 2096 2103 2090
f 2110 2109 3486
f 3486 1874 2110
f 2110 1874 2108
f 2110 2096 2109
f 2108 2103 2110
f 2103 2096 2110
f 3582 1873 3584
f 3486 3582 3584
f 4027 4028 3995
f 4523 4028 4520
f 3400 4523 4520
f 4520 4521 3400
f 4028 4027 4520
f 4520 4027 4521
f 4518 4519 3400
f 4518 4060 4519
f 3400 3396 4522
f 4522 4523 3400
f 4523 4522 4040
f 4040 4522 4041
f 4026 3995 4040
f 4040 4041 4026
f 4203 4077 4556
f 4556 3421 4506
f 4258 4063 4065
f 4063 4064 4065
f 4512 3414 4231
f 4512 4513 3404
f 3404 3414 4512
f 4511 4508 3416
f 3416 3417 4511
f 4287 4070 4513
f 4287 4231 4063
f 4063 4070 4287
f 3417 4070 4069
f 4069 4511 3417
f 4553 4508 4069
f 4508 4511 4069
f 4063 4203 4069
f 4069 4070 4063
f 4513 4070 4510
f 4510 4070 3417
f 3404 4513 4510
f 4510 3417 3404
f 4524 3395 4550
f 4258 4516 4059
f 4059 4516 4060
f 4059 4060 3995
f 4059 4063 4258
f 3995 4063 4059
f 4558 4077 4075
f 4558 4076 4077
f 4502 4504 4558
f 4075 4502 4558
f 4504 4076 4558
f 4302 4086 3963
f 3963 4086 4087
f 4087 4261 3963
f 4206 4271 3963
f 4271 3957 3963
f 3963 4207 4206
f 3957 3956 4188
f 4188 3956 4099
f 4188 3963 3957
f 3954 3963 4188
f 4188 4098 4272
f 4099 4098 4188
f 4272 4211 4188
f 4211 3954 4188
f 4496 4207 4568
f 4568 3607 4496
f 4568 4261 3607
f 4207 3963 4568
f 4568 3963 4261
f 4290 4497 3433
f 3432 4497 4290
f 4103 3949 4104
f 4103 4111 4110
f 4104 4111 4103
f 4110 3947 4103
f 3947 3949 4103
f 4731 4422 4732
f 4422 4424 4732
f 4424 4733 4732
f 4776 4775 3349
f 4416 4767 4777
f 4777 4766 4416
f 4779 4424 4416
f 3569 4789 4790
f 4774 4767 3349
f 3349 4775 4774
f 3569 3568 4734
f 4734 4733 4424
f 4719 4780 4725
f 4749 4725 4780
f 4337 4784 4401
f 4401 4336 4337
f 4336 4743 4337
f 4714 4784 4337
f 4782 4714 4337
f 4337 4781 4782
f 4717 4781 4785
f 4785 4780 4717
f 4785 4743 4780
f 4781 4337 4785
f 4785 4337 4743
f 4402 4751 4333
f 4333 4750 4402
f 4752 4394 4393
f 4393 4395 4752
f 4740 4706 4707
f 4718 4692 4707
f 4707 4692 4740
f 4740 4704 4705
f 4705 4706 4740
f 4341 2597 2596
f 2596 2542 4341
f 2596 2597 1041
f 4339 4340 4341
f 4341 2542 4339
f 1042 2542 2711
f 1041 2789 2711
f 2711 2596 1041
f 2542 2596 2711
f 4746 4748 4399
f 4399 4400 4746
f 4746 4400 4748
f 3549 3545 3544
f 3533 3542 3544
f 3544 3545 3533
f 4170 4169 4176
f 4170 4174 4622
f 4301 4174 4170
f 4170 4176 4181
f 4170 4181 4180
f 4180 4301 4170
f 4177 4165 4176
f 4176 4169 4177
f 3504 3512 3508
f 3512 3527 3508
f 3536 3527 3528
f 3528 3537 3546
f 3546 3536 3528
f 3533 3537 3528
f 3528 3527 3533
f 3556 3545 3551
f 3551 3545 4432
f 3551 4301 3556
f 4622 4301 3551
f 3551 4432 4622
f 4431 3545 3550
f 4432 3545 4431
f 4622 4432 4431
f 4198 4197 4142
f 4196 3868 3856
f 3856 3855 4196
f 4783 4784 4711
f 4398 4689 4753
f 4753 4336 4398
f 4708 4396 4688
f 4688 4689 4708
f 4356 4365 4355
f 4369 4371 999
f 4369 4363 4362
f 4369 4362 4371
f 4325 4355 4360
f 4355 4365 4360
f 4376 2804 1019
f 4372 4355 4361
f 3843 4374 3841
f 4364 4355 4372
f 4364 4363 4355
f 4364 4700 4363
f 4698 4700 4364
f 4127 3866 3869
f 3869 3870 4127
f 3826 3835 3839
f 3839 3834 3826
f 3841 3834 3839
f 3839 3843 3841
f 3829 3835 3826
f 3829 4316 3835
f 4389 4745 4390
f 4745 4388 4390
f 4390 4340 4389
f 4390 4388 4340
f 4663 4687 4703
f 4703 4687 4686
f 4384 4687 4383
f 4686 4687 4384
f 4383 4344 4384
f 4384 4344 4340
f 4716 4701 4702
f 4702 4662 4716
f 3831 4156 4166
f 4159 4161 4164
f 4159 4162 3831
f 4151 4162 4159
f 4382 4754 4378
f 4378 4322 4382
f 4348 4322 4378
f 3841 4373 4375
f 4375 4373 4325
f 4664 4687 4663
f 4664 4761 4687
f 4351 4379 4419
f 4419 4379 1024
f 4353 1021 4354
f 4354 4379 4351
f 1024 4379 1023
f 4379 4354 1023
f 4341 4344 4343
f 4343 4322 4351
f 4344 4322 4343
f 4346 4344 4347
f 4346 4758 4344
f 4696 4758 4346
f 4347 4344 4764
f 4344 4761 4764
f 4764 4757 4347
f 4351 4349 4350
f 4350 4343 4351
f 4349 1026 1027
f 1027 4350 4349
f 1028 4350 1027
f 3211 3306 3106
f 3106 3210 3211
f 1776 3553 1781
f 1776 1780 3351
f 3351 3553 1776
f 2776 3244 2773
f 3115 3269 3268
f 3268 3361 3115
f 2406 1801 964
f 1819 1811 1818
f 1812 1811 1819
f 1824 1821 1822
f 1822 1819 1818
f 1821 1819 1822
f 933 784 788
f 788 793 933
f 510 506 511
f 1758 1759 1806
f 1752 2335 2316
f 1752 1753 2335
f 1752 2316 1668
f 1708 1753 1752
f 478 221 225
f 539 538 553
f 1293 1288 1291
f 792 781 776
f 788 164 156
f 2190 2219 2191
f 2191 2165 2190
f 2169 2167 1750
f 2169 2165 2167
f 2169 2190 2165
f 1750 2167 2166
f 2164 2170 2168
f 2159 2161 2162
f 2162 2161 3548
f 2158 3548 3555
f 3548 2161 3555
f 3555 2161 2159
f 2159 2168 3555
f 3555 2170 2158
f 3555 2168 2170
f 2335 2357 2317
f 2316 2335 2317
f 2317 2292 2316
f 2316 2292 1747
f 2292 1748 1747
f 1749 2246 2219
f 1749 1748 2246
f 1653 1652 1294
f 1294 1319 1653
f 1291 1281 1271
f 1271 1273 1291
f 1282 1273 1271
f 1372 1373 1220
f 1220 3214 1372
f 3208 1373 1372
f 1372 3214 3208
f 3212 3216 3208
f 3212 3222 3216
f 2702 3305 3218
f 3218 3305 3216
f 2702 3303 2700
f 2705 2801 1030
f 2800 2705 1028
f 2801 2705 2800
f 4385 1036 2598
f 4385 2598 4341
f 1038 1036 2871
f 2871 1036 2707
f 1051 1052 2796
f 1053 2589 1051
f 2589 2590 1051
f 1051 2590 2574
f 2574 1052 1051
f 2726 1051 2796
f 2726 2722 2728
f 2728 1056 2726
f 4333 2536 2572
f 2572 2591 4333
f 1050 2797 1052
f 1050 1052 2591
f 2591 2572 1050
f 2536 1079 1050
f 1050 2572 2536
f 3123 3052 3227
f 3227 3046 3123
f 3052 2796 3227
f 2796 3046 3227
f 3045 2797 2874
f 2797 1050 2874
f 2874 1050 1079
f 1047 2592 2573
f 2710 2789 1041
f 2714 2789 3027
f 2714 2872 1042
f 1042 2711 2714
f 2714 2711 2789
f 2872 2714 3109
f 2868 2754 2867
f 2754 2583 2867
f 1077 2868 2867
f 2867 2583 1077
f 2868 1078 2781
f 3079 2743 4318
f 2725 2743 3079
f 2725 3078 2724
f 3079 3078 2725
f 2733 4323 4331
f 2733 4318 2743
f 2742 2866 2575
f 4318 2733 2742
f 4330 4329 2586
f 1064 1063 2730
f 1063 2793 2730
f 2585 1056 4328
f 4329 1056 2585
f 4330 4332 1055
f 1055 1056 4330
f 1055 4332 2588
f 2588 1053 1055
f 1055 2726 1056
f 3056 2729 3230
f 3230 2729 3055
f 3230 3231 3056
f 3230 3055 3231
f 3111 3235 3068
f 3235 2889 3068
f 1072 2750 1073
f 1073 1060 2740
f 2740 1072 1073
f 1073 2780 1060
f 1073 2750 2780
f 2880 2889 2745
f 2792 2780 2745
f 2745 2889 2792
f 2737 2783 1068
f 1068 1067 2737
f 2737 1067 2783
f 3063 3062 3233
f 2784 2785 3064
f 3065 2784 3064
f 2785 3063 3064
f 3233 3065 3064
f 3064 3063 3233
f 3061 3234 3233
f 3060 3231 3233
f 3233 3234 3060
f 3060 3059 3231
f 2896 2895 3062
f 3062 3063 2896
f 2896 3063 2785
f 2896 2785 2746
f 2746 2783 2896
f 2783 2895 2896
f 2736 1066 2740
f 2740 1065 2736
f 1268 3341 1511
f 1268 1267 3223
f 3223 3341 1268
f 1239 3223 1367
f 1239 3341 3223
f 1267 1268 1241
f 3223 1267 3121
f 1269 1246 3121
f 3121 3231 3223
f 3121 3112 3231
f 2978 3076 3257
f 3073 2978 3080
f 3080 2724 3073
f 3258 3078 3079
f 2724 3078 3258
f 2760 3289 3291
f 3237 3071 3291
f 3291 3289 3237
f 1075 1076 2866
f 2575 1076 2795
f 1077 2583 2795
f 2795 2583 2575
f 2795 2760 1077
f 2795 2890 2760
f 2760 2890 3070
f 3364 3553 3554
f 1779 3553 3364
f 3546 2153 2154
f 2154 2152 3546
f 2149 3536 2150
f 3536 2152 2150
f 2150 2152 2192
f 2171 2156 2192
f 2192 2152 2171
f 2152 2154 2171
f 2155 3546 2158
f 2155 2156 3546
f 2192 2156 2155
f 2158 2191 2155
f 1826 1824 1831
f 1831 2357 1826
f 2272 2247 2246
f 2220 2247 2191
f 2246 2247 2220
f 2191 2219 2220
f 2219 2246 2220
f 3530 3536 2147
f 3348 1767 1762
f 1762 3347 3348
f 4793 4799 4794
f 4794 4799 4795
f 3345 4793 4794
f 4794 4795 3345
f 4796 4772 3259
f 4796 4427 4772
f 4792 4427 4796
f 3259 4798 4796
f 4796 4798 4793
f 4793 4792 4796
f 1763 1762 1767
f 1764 3347 1763
f 3347 1762 1763
f 3373 3362 1766
f 3362 1765 1766
f 3462 3461 3457
f 3598 3459 3457
f 4488 3450 3601
f 4488 3601 4239
f 4239 3601 4281
f 4211 4240 4239
f 4239 4281 4211
f 3469 4192 4581
f 4581 3470 3469
f 4191 3470 4581
f 4581 4192 4190
f 4190 4191 4581
f 4582 4192 3590
f 3590 4216 4582
f 4190 4192 4582
f 4582 4216 4190
f 3461 4485 3592
f 4303 3591 4579
f 4303 4485 3591
f 4303 3592 4485
f 4294 3592 4303
f 4303 4579 4243
f 4243 4294 4303
f 4215 4576 4243
f 4243 4282 4215
f 4215 4282 3464
f 4215 3462 4576
f 3464 4282 4578
f 4578 3465 3464
f 4579 3465 4578
f 4243 4579 4578
f 4578 4282 4243
f 4464 4596 4463
f 4464 4463 3481
f 4595 4224 4649
f 4649 4467 4595
f 4468 4592 4595
f 4471 4650 4589
f 4591 4589 4222
f 4469 4592 4468
f 4469 4468 3481
f 3481 4470 4469
f 4475 4653 4476
f 4475 4476 3474
f 3474 4478 4475
f 3929 4477 3588
f 4094 4089 4090
f 4090 4089 3966
f 4096 4094 4093
f 4094 4090 4093
f 4093 4090 3969
f 4037 4039 3792
f 3792 3795 4037
f 4037 4068 4185
f 4185 4039 4037
f 3793 3792 4038
f 3792 4039 4038
f 3788 3791 4038
f 4038 4039 3788
f 3971 3976 3972
f 3975 3971 3983
f 3975 3976 3971
f 3794 3920 3923
f 789 782 796
f 774 782 789
f 789 791 774
f 3898 3896 3906
f 3900 4124 3887
f 3900 3896 4124
f 3908 3906 3900
f 3900 3906 3896
f 3918 4118 3926
f 3926 3917 3918
f 3825 4144 3824
f 3864 3860 3863
f 4315 3829 3817
f 3837 3834 3841
f 3827 3834 3837
f 4158 4151 3824
f 4158 3832 4151
f 3869 3867 3865
f 3865 3867 4128
f 4137 4144 3823
f 4144 3825 3823
f 3913 3916 3904
f 4120 3916 3913
f 3904 3903 3913
f 3903 3912 3913
f 4452 4648 4607
f 4607 4648 3876
f 4443 4442 3505
f 3505 3512 3504
f 3497 3492 3493
f 4455 3583 3493
f 3493 4456 4455
f 3884 3583 4455
f 4603 4456 4457
f 4457 4456 3493
f 4457 3484 4458
f 4457 3493 3484
f 4605 4456 4603
f 4605 3876 3884
f 3884 4455 4605
f 4605 4455 4456
f 954 953 916
f 2037 2031 2034
f 2034 2032 2037
f 2038 2032 2034
f 2034 2025 2038
f 2036 2039 2041
f 2041 2039 2042
f 2042 2040 2041
f 2041 2449 2036
f 2044 2449 2041
f 2041 2040 2044
f 2031 2017 2438
f 2438 2034 2031
f 2025 2034 2438
f 2403 2424 619
f 2033 2024 2029
f 2029 613 2033
f 614 613 2025
f 614 2032 2033
f 2033 613 614
f 627 624 626
f 1960 2242 2215
f 1999 2005 2003
f 2055 1974 2053
f 3424 1942 2055
f 2055 2053 3424
f 2053 1974 1979
f 1943 1942 3423
f 1989 2351 2263
f 2315 2333 2334
f 2315 2314 2333
f 2334 2476 2315
f 2291 2290 2315
f 2290 2314 2315
f 2477 2291 2315
f 2315 2476 2477
f 2268 2290 2269
f 2269 2244 2268
f 2269 2290 2270
f 2270 2245 2269
f 2245 2244 2269
f 2010 2403 2027
f 1975 1985 1987
f 1987 1982 1975
f 2286 2239 2375
f 2375 2239 2238
f 2050 2422 2399
f 629 2051 2435
f 2384 832 2427
f 960 838 831
f 838 2231 831
f 685 2411 831
f 3487 2107 3585
f 3585 3586 3487
f 2107 1879 3585
f 1879 3586 3585
f 2092 3476 2093
f 2092 3623 3476
f 2089 3476 1881
f 3476 3623 1881
f 2255 2105 2278
f 2090 2103 1884
f 2103 1883 1884
f 3438 1929 1931
f 1931 2057 3438
f 1931 1929 1934
f 1934 2057 1931
f 1967 1965 1966
f 1966 1965 1976
f 2184 1923 2183
f 1924 1923 2184
f 2184 1915 2212
f 2212 1966 2184
f 1976 1924 2184
f 2184 1966 1976
f 2329 2330 2212
f 2212 1915 2329
f 1915 1914 2329
f 2305 2307 2329
f 2329 1914 2305
f 2329 2307 2350
f 2350 2330 2329
f 2124 2118 2123
f 2125 2118 2124
f 3511 2139 2138
f 2138 2137 3511
f 738 739 815
f 815 928 738
f 744 962 815
f 962 826 927
f 2274 2297 2275
f 2275 1870 2274
f 2274 1870 1859
f 1859 1870 1860
f 2296 2297 2274
f 2296 2321 2297
f 828 1867 1858
f 1843 1858 1848
f 1848 819 1843
f 130 755 747
f 745 755 130
f 753 751 752
f 752 814 753
f 813 814 929
f 929 947 813
f 1824 1822 1825
f 1818 1823 1825
f 1825 1822 1818
f 746 818 745
f 745 130 746
f 756 741 744
f 755 741 756
f 761 764 759
f 759 140 761
f 762 763 760
f 947 763 762
f 931 809 807
f 804 806 1815
f 1815 1816 804
f 804 970 805
f 804 1817 970
f 804 1816 1817
f 1889 3477 1890
f 3471 3477 1895
f 1890 3479 1898
f 1898 3479 2089
f 2089 2085 1898
f 2392 2372 866
f 2283 867 2262
f 2283 2392 867
f 2372 2392 2283
f 868 2373 2420
f 2350 2261 2260
f 2261 2264 2260
f 2260 2264 2263
f 2260 2351 2350
f 2263 2351 2260
f 2284 2264 2432
f 2284 2420 2373
f 2432 2420 2284
f 2394 2264 2284
f 2373 2393 2284
f 2284 2393 2394
f 2208 2389 663
f 663 2207 2208
f 2390 2207 663
f 663 666 2390
f 2389 666 663
f 2347 2389 2208
f 2346 2389 2347
f 2210 1913 1915
f 1915 2184 2210
f 2210 2184 2183
f 2066 2063 1919
f 2066 3445 3455
f 1919 3445 2066
f 2065 2071 2237
f 3455 3458 2070
f 2070 3458 1910
f 2349 2348 2391
f 2391 2282 2349
f 2282 2430 2349
f 2082 2080 3471
f 2082 1893 2080
f 2177 2327 2326
f 1905 1921 3594
f 1910 1921 1905
f 1905 2070 1910
f 1900 1899 3463
f 1900 1902 1899
f 1899 1906 1907
f 1907 3594 3458
f 1907 1905 3594
f 1907 3458 3463
f 3463 1899 1907
f 2079 2080 1901
f 3471 2080 2079
f 2176 2178 2180
f 2176 2302 2327
f 2176 2177 2178
f 2327 2177 2176
f 2281 2182 2259
f 2259 1923 2237
f 2183 1923 2259
f 2259 2182 2183
f 1904 1907 1906
f 1904 2074 2071
f 2328 2304 2180
f 2328 2205 2304
f 2328 2180 2361
f 2361 2202 2328
f 2202 2205 2328
f 863 957 665
f 957 2430 665
f 2390 666 665
f 823 674 671
f 842 674 823
f 2386 840 843
f 2254 2198 2201
f 2254 2203 2200
f 2200 2198 2254
f 943 2175 2413
f 2175 2429 2413
f 2413 840 943
f 2413 2429 840
f 2204 2429 2235
f 2235 2429 2175
f 114 715 102
f 13 109 822
f 822 715 13
f 822 726 817
f 837 831 710
f 3392 3617 3394
f 546 356 408
f 1141 1672 545
f 1142 417 418
f 418 1151 1142
f 1640 1151 1641
f 1641 1621 1640
f 1641 1622 1621
f 1641 1623 1622
f 354 363 355
f 354 359 363
f 356 357 354
f 357 359 354
f 355 352 354
f 352 351 354
f 354 408 356
f 351 408 354
f 376 378 374
f 374 56 370
f 370 376 374
f 355 358 353
f 349 351 352
f 1100 564 1109
f 1109 586 1100
f 584 361 588
f 588 1116 584
f 584 1116 1115
f 1115 1710 584
f 1710 564 584
f 365 362 361
f 368 366 365
f 366 362 365
f 361 584 365
f 365 584 564
f 588 361 360
f 361 362 360
f 360 362 1103
f 583 362 366
f 583 366 403
f 403 571 583
f 571 1116 583
f 1618 1594 1593
f 1619 1594 1618
f 1134 1619 1618
f 1544 2512 1570
f 2512 1592 1570
f 1593 1544 1570
f 1570 1618 1593
f 1592 1618 1570
f 1670 1658 1683
f 1659 1658 1670
f 1683 1124 1670
f 1617 1618 1592
f 1617 1592 2512
f 2512 1113 1117
f 1117 1658 2512
f 1683 1658 1117
f 1117 1710 1683
f 1113 1710 1117
f 1112 1116 588
f 588 360 1112
f 1112 360 1103
f 1112 583 1116
f 1103 362 1112
f 362 583 1112
f 1683 1115 1122
f 1122 1124 1683
f 1122 1115 1121
f 1122 1121 1125
f 1125 1124 1122
f 633 634 635
f 885 635 883
f 635 634 883
f 878 886 885
f 878 631 626
f 879 631 878
f 875 877 907
f 902 877 914
f 618 617 952
f 618 614 617
f 615 996 965
f 965 612 615
f 615 618 952
f 2043 612 2044
f 2044 2040 2043
f 2043 2040 2042
f 605 2048 2046
f 2046 2045 605
f 2048 2448 2046
f 2046 2448 2045
f 573 398 399
f 399 398 1108
f 1108 400 399
f 397 396 398
f 71 380 382
f 380 60 382
f 379 375 67
f 871 649 873
f 873 882 871
f 645 649 648
f 649 871 648
f 874 2363 2444
f 2212 2330 2311
f 2311 1966 2212
f 1967 1966 2311
f 2311 1993 1967
f 2330 1993 2311
f 1967 1993 1986
f 1985 1965 1986
f 1986 1965 1967
f 2006 1985 1986
f 3443 3964 4572
f 4572 3964 3954
f 1980 1936 1977
f 1977 1982 1980
f 1975 1982 1977
f 1977 1932 1968
f 1977 1969 1975
f 1968 1969 1977
f 1934 1929 1933
f 1933 3436 1934
f 1933 1932 3436
f 1929 1972 1933
f 1972 1932 1933
f 3434 3442 3455
f 3455 3445 3434
f 3434 3445 3435
f 3434 3435 3441
f 3441 3450 3434
f 3434 3450 3442
f 2445 2310 919
f 919 2395 2445
f 2308 2310 2445
f 2445 2395 2308
f 2285 2395 2396
f 2396 2265 2285
f 2285 2433 2309
f 2285 2265 2433
f 918 2434 880
f 2239 2434 918
f 880 2398 918
f 2462 2481 2464
f 2487 2465 2464
f 2464 2481 2487
f 2488 2478 2466
f 2470 2469 2484
f 2484 2489 2470
f 2472 2473 3381
f 3381 2470 2472
f 2470 2489 2472
f 2471 2478 2479
f 2479 2483 2471
f 2474 2469 2471
f 2471 2483 2474
f 3652 3749 3748
f 3748 3654 3653
f 3653 3652 3748
f 3648 3743 3746
f 3746 3747 3652
f 3746 3652 3648
f 3655 3654 3807
f 3807 3808 3655
f 3653 3654 3655
f 3655 3750 3653
f 3751 3750 3655
f 3655 3808 3751
f 3797 3737 3796
f 4029 3797 3796
f 3796 3780 4029
f 3981 3979 3982
f 3982 3980 3981
f 3982 3971 3966
f 3966 3965 3982
f 3965 3980 3982
f 3983 3971 3982
f 3982 3979 3983
f 4062 4002 4058
f 4002 4230 4058
f 4058 4067 4062
f 4068 4067 4061
f 4061 4200 4185
f 4185 4068 4061
f 4067 4058 4061
f 4061 4230 4200
f 4061 4058 4230
f 3983 4067 4066
f 4066 4067 4068
f 4066 3975 3983
f 4033 3975 4066
f 4066 4037 4033
f 4068 4037 4066
f 4007 4012 4011
f 4284 4012 4044
f 4284 4014 4012
f 4530 4014 4284
f 4044 4528 4284
f 4284 4528 4530
f 4543 4057 3383
f 3384 4057 4543
f 4543 3383 3381
f 3381 3384 4543
f 3992 4006 4657
f 4657 3998 3992
f 4539 3379 3381
f 3381 4541 4539
f 4539 4537 3379
f 4539 4005 4537
f 3376 3379 4534
f 3379 4535 3378
f 3379 4537 4538
f 4537 4052 4538
f 3810 4660 3768
f 3988 4660 3810
f 3810 3768 3667
f 3667 3668 3810
f 3668 3988 3810
f 3651 2577 2534
f 2534 2535 3651
f 2535 2534 2648
f 2648 2941 2651
f 2828 2660 3693
f 3693 3691 2828
f 3693 2825 3695
f 3693 2660 2825
f 3693 3695 3684
f 3684 3691 3693
f 3086 2494 2856
f 2496 2494 3086
f 3094 2498 3085
f 2498 1085 3085
f 3085 3670 3094
f 3674 3670 3085
f 3085 1085 3674
f 1091 1090 1083
f 2857 2863 1097
f 1097 2810 2857
f 2486 2475 2451
f 2464 2476 2460
f 2476 2451 2460
f 2451 2475 2460
f 2461 2462 2460
f 2460 2462 2464
f 2450 2459 2455
f 2456 2459 2450
f 2450 2457 2456
f 2509 2517 2507
f 2525 2509 2522
f 2525 2517 2509
f 2508 2507 2526
f 2508 2510 2511
f 2509 2507 2508
f 2511 2514 2508
f 2508 2514 2513
f 2512 2509 2508
f 2508 2513 2512
f 591 2514 1105
f 1105 2514 1108
f 1105 396 591
f 1108 396 1105
f 4289 3427 3611
f 4501 3427 4289
f 1609 1610 1679
f 291 304 178
f 429 305 432
f 432 283 429
f 305 309 432
f 1678 468 1697
f 1410 1411 1176
f 1176 1177 1410
f 1177 1175 1410
f 1175 1421 1410
f 3081 1411 1410
f 1410 1421 3081
f 1171 3168 1174
f 1168 3168 1171
f 1174 1430 1171
f 1171 1430 1168
f 1181 1183 1409
f 1409 3101 1181
f 1409 1408 3101
f 1602 1601 1627
f 1602 1579 1601
f 1603 1509 1580
f 1509 1480 1580
f 1645 1644 1550
f 1550 1661 1645
f 1625 1644 1645
f 1645 1475 1627
f 1662 1475 1645
f 1645 1661 1662
f 1401 3321 1394
f 3320 3321 1401
f 1401 1185 3320
f 1397 1401 1394
f 1185 1401 1397
f 1185 1397 1399
f 1399 1397 1407
f 1412 1188 1399
f 1402 3321 3320
f 3320 1404 1402
f 1406 3320 3101
f 1406 1404 3320
f 3101 1407 1406
f 1407 1397 1406
f 1394 1404 1406
f 1406 1397 1394
f 1414 1553 1189
f 1412 1413 1189
f 1189 1413 1414
f 1201 1395 1184
f 3179 1395 1201
f 3178 1395 3179
f 3178 1396 1194
f 1396 1201 1194
f 1201 1184 1194
f 1187 1189 1553
f 1187 1188 1412
f 1412 1189 1187
f 1577 1601 1578
f 1578 1554 1577
f 1601 1579 1578
f 1555 1578 1579
f 1554 1578 1555
f 1398 1185 1192
f 1185 1399 1192
f 1192 1399 1188
f 3102 2989 3177
f 3102 2990 2989
f 2988 2990 3102
f 3102 3320 3178
f 3177 3320 3102
f 2987 2988 3102
f 3102 2985 2987
f 3178 3183 3102
f 3102 3181 2985
f 3183 3182 3102
f 1458 3139 3138
f 3138 3338 1458
f 3139 3128 3138
f 3128 3338 3138
f 1462 1491 1461
f 1491 1469 1461
f 1461 3128 1462
f 1461 3338 3128
f 1461 1469 1458
f 1458 3338 1461
f 3143 3141 1455
f 3141 3334 1455
f 1436 1437 1167
f 1167 1437 1163
f 1167 1427 1436
f 1167 1434 1427
f 1167 1433 1434
f 1163 1433 1167
f 1159 1163 1439
f 1439 1165 1159
f 1432 1433 1159
f 1159 1433 1163
f 1159 1425 1432
f 1159 1165 1425
f 3319 3316 2911
f 2911 2910 3319
f 2689 2911 2683
f 3104 3200 3194
f 1207 1209 1200
f 3104 1214 1381
f 1381 3200 3104
f 1380 1375 1381
f 3183 3185 3186
f 3186 3182 3183
f 2986 2915 3181
f 3181 3102 2986
f 2986 3102 3182
f 3184 3047 3183
f 2914 3047 3184
f 3184 2910 2914
f 1222 1534 1223
f 1290 1534 1222
f 1697 1563 1562
f 1562 1563 1558
f 1220 1373 1229
f 3208 1377 3207
f 3207 3307 3208
f 1380 1385 1382
f 1385 1384 1382
f 1376 1380 1382
f 1382 1384 1376
f 2651 2941 2942
f 2942 2941 3011
f 3009 2939 3012
f 3012 3011 3165
f 3165 3009 3012
f 3012 2942 3011
f 2939 2942 3012
f 3009 3010 2940
f 2940 2939 3009
f 2940 2834 2651
f 2940 2653 2834
f 1037 3657 3656
f 1037 2836 3657
f 1037 3656 3659
f 2642 2836 1037
f 3013 3014 2945
f 2943 3013 2945
f 2945 3014 2941
f 2941 2648 2945
f 3000 3173 3174
f 3173 2999 3174
f 2925 3000 3174
f 3174 2999 2925
f 2997 2923 2998
f 2997 2998 3173
f 3173 3175 2997
f 2924 2671 2923
f 2924 2997 3175
f 2923 2997 2924
f 2921 2671 2924
f 3175 3176 2924
f 2924 3176 2921
f 2919 2994 2996
f 2992 2920 2996
f 2996 2920 2919
f 3177 2992 2996
f 2996 2994 3177
f 2680 2920 2820
f 2992 2993 2820
f 2820 2920 2992
f 2927 2930 3099
f 3099 3098 2927
f 2661 2930 2927
f 2927 3098 3001
f 2667 2661 2927
f 2927 3001 2928
f 2927 1029 2667
f 2928 1029 2927
f 2654 2938 2829
f 2829 3639 2654
f 3646 2653 2654
f 2654 3639 3646
f 3171 2894 3006
f 3006 2894 3323
f 3169 3171 3006
f 3006 3323 3169
f 2679 2562 2563
f 2556 2680 2563
f 2680 2679 2563
f 2563 2562 3642
f 2563 3642 3704
f 3704 2556 2563
f 2560 1012 2564
f 2564 3642 2560
f 3642 2561 2560
f 2560 2561 1014
f 1014 1012 2560
f 1172 1413 1173
f 1172 1415 1413
f 1574 1415 1172
f 1162 1574 1172
f 1172 1173 1162
f 1129 1130 1134
f 1129 1127 1130
f 1129 1124 1125
f 1125 1127 1129
f 1659 1670 1129
f 1129 1670 1124
f 1548 1643 1642
f 1642 1643 1623
f 1642 1151 1548
f 1623 1641 1642
f 1642 1641 1151
f 1550 1169 1494
f 1687 1686 312
f 407 528 581
f 581 528 346
f 346 345 581
f 581 345 1638
f 581 1671 407
f 1638 1671 581
f 3710 3715 3714
f 3710 3716 3717
f 2557 3716 3710
f 3710 3642 2564
f 3710 3703 3642
f 3714 3712 3710
f 3710 3712 3703
f 3718 3710 3717
f 3787 3789 4036
f 2632 2843 2626
f 2626 2959 2632
f 2626 2843 2629
f 2626 2629 2630
f 2630 2961 2626
f 3161 3160 3021
f 3021 3151 3161
f 3160 2951 3021
f 3021 2951 2952
f 2633 2950 2635
f 2633 2951 2950
f 2635 2952 2633
f 2952 2951 2633
f 2639 2637 2954
f 2954 2953 2639
f 3024 3154 3151
f 3024 2954 3154
f 2953 2954 3024
f 3151 3327 3029
f 3029 3328 3151
f 3327 2893 3029
f 2892 3328 3029
f 3029 2893 2892
f 2636 2641 2955
f 2641 2893 2955
f 2955 2637 2636
f 2955 2954 2637
f 2955 2893 3327
f 3083 1466 3084
f 3084 3124 3083
f 3084 1466 1490
f 3087 3125 2852
f 2808 2839 2809
f 2809 2810 2808
f 2815 2580 2808
f 2808 2580 2839
f 2832 2835 2595
f 2827 2824 2826
f 2827 2832 2595
f 2826 2832 2827
f 3637 2817 2815
f 2815 2808 3637
f 3637 2808 2810
f 1083 1082 3637
f 3637 2810 1083
f 2102 2101 2112
f 2102 2113 2108
f 2112 2113 2102
f 2108 1874 2102
f 1874 2101 2102
f 2107 2109 2094
f 2109 2096 2094
f 2094 2099 2100
f 2094 2096 2099
f 2277 2299 2278
f 2278 2105 2277
f 1885 1883 2103
f 1885 2255 1883
f 2105 2255 1885
f 1875 3584 1873
f 1873 2101 1875
f 1875 2101 1874
f 1875 1874 3486
f 3486 3584 1875
f 3995 4060 4286
f 4286 4027 3995
f 4060 4518 4286
f 4286 4518 4027
f 3400 4521 3403
f 3403 4518 3400
f 4521 4027 3403
f 4027 4518 3403
f 4524 4041 3399
f 3396 4524 3399
f 4256 4028 4523
f 4523 4040 4256
f 3995 4028 4256
f 4256 4040 3995
f 4260 4556 4077
f 4260 4076 4557
f 4077 4076 4260
f 4557 4504 4260
f 4260 4504 4503
f 4503 3421 4260
f 3421 4556 4260
f 4259 4508 4553
f 4203 4232 4259
f 4553 4069 4259
f 4259 4069 4203
f 4203 4288 4233
f 4233 4232 4203
f 4233 4288 3418
f 3416 3418 3419
f 3419 4505 3416
f 4506 3416 3612
f 3416 4505 3612
f 3612 4556 4506
f 3407 4517 4258
f 3407 4065 4514
f 4258 4065 3407
f 3404 4517 3407
f 3407 4514 3404
f 4514 4065 3413
f 3413 4064 4515
f 3413 4065 4064
f 3413 4515 3404
f 3404 4514 3413
f 4513 4512 4552
f 4552 4512 4231
f 4552 4287 4513
f 4231 4287 4552
f 4050 4026 4025
f 4025 4526 4050
f 4285 4550 4026
f 4524 4550 4285
f 3610 3433 3430
f 3430 4498 3610
f 3610 4498 4565
f 4500 4563 4279
f 4279 4564 4500
f 4206 4564 4279
f 4279 4080 4206
f 4563 4080 4279
f 4206 4565 4235
f 4235 4564 4206
f 3432 4290 4205
f 4496 3432 4205
f 4205 4290 4206
f 4416 4766 4778
f 4778 4779 4416
f 3569 4790 4769
f 4773 4790 4789
f 4789 4774 4773
f 4773 4774 4775
f 4776 4769 4773
f 4775 4776 4773
f 4773 4769 4790
f 4184 4627 4731
f 4731 4732 4184
f 3566 4627 4184
f 4184 3567 3566
f 4722 4721 4742
f 4721 4719 4742
f 4719 4725 4742
f 4333 4751 4334
f 4334 4743 4333
f 4780 4743 4334
f 4334 4749 4780
f 4395 4393 4338
f 4394 4340 4338
f 4338 4393 4394
f 4340 4339 4338
f 4397 4395 4338
f 4338 4396 4397
f 4338 4753 4396
f 4336 4753 4338
f 2549 2594 4339
f 4341 2598 4420
f 4420 2598 1038
f 4387 1040 2597
f 4387 2597 4341
f 4152 4165 4153
f 4165 4177 4153
f 4619 3544 3542
f 3542 4300 4619
f 4619 4300 4169
f 4638 3506 4641
f 3511 3504 3522
f 3504 3508 3522
f 3522 3527 3530
f 3522 3508 3527
f 3522 2139 3511
f 4199 4198 4142
f 3855 3856 3854
f 3854 4130 3855
f 3854 3868 3863
f 3854 3856 3868
f 3863 3860 3854
f 3854 3860 4131
f 4131 4130 3854
f 4142 4197 4135
f 4197 3855 4135
f 4401 4784 4786
f 4784 4783 4786
f 4365 4356 4366
f 4366 1007 4365
f 4368 4356 4367
f 4367 4356 4355
f 4355 4363 4367
f 4363 4369 4367
f 3188 3187 3183
f 3104 3194 3188
f 3188 3190 3104
f 4325 4360 4352
f 4352 4376 4353
f 4352 4351 4325
f 4353 4354 4352
f 4352 4354 4351
f 2804 4376 4377
f 1017 2804 4377
f 4377 4418 1017
f 4377 4352 4418
f 4376 4352 4377
f 4697 4364 4372
f 4698 4364 4697
f 3844 4684 4762
f 4762 4361 3844
f 4684 4697 4762
f 4372 4361 4762
f 4762 4697 4372
f 4374 3843 4763
f 4355 4374 4763
f 4763 4361 4355
f 3844 4361 4763
f 4763 3843 3844
f 4678 4700 4698
f 4698 4697 4678
f 4661 4686 4716
f 4661 4703 4686
f 4716 4662 4661
f 4745 4686 4386
f 4686 4384 4386
f 4386 4388 4745
f 4340 4388 4386
f 4386 4384 4340
f 4157 4701 4718
f 4157 4702 4701
f 4662 4702 4157
f 4157 4661 4662
f 4703 4661 4157
f 4663 4703 4157
f 4157 4166 4156
f 4160 4166 4161
f 4161 4159 4160
f 3831 4166 4160
f 4160 4159 3831
f 4320 4666 4321
f 4321 4322 4320
f 4320 4322 4348
f 4754 4713 4677
f 4677 4348 4754
f 4754 4348 4756
f 4756 4378 4754
f 4348 4378 4756
f 4672 4713 4671
f 4382 4322 4345
f 4345 4322 4758
f 3819 4674 4673
f 3819 4157 4156
f 3819 4156 3827
f 3819 4664 4663
f 4663 4157 3819
f 1025 4419 1024
f 2696 1023 1022
f 1022 4354 1021
f 1022 1023 4354
f 2540 4343 2538
f 2540 1031 1032
f 2540 2538 1031
f 2538 4343 2539
f 1030 2538 2539
f 2539 2705 1030
f 3306 3211 2884
f 1019 2804 2695
f 2694 1022 1021
f 2696 1022 2694
f 3106 3306 3206
f 2697 2802 1024
f 1024 1023 2697
f 2697 1023 2696
f 3105 3200 3106
f 3105 3194 3200
f 2975 4319 2976
f 1794 3268 1791
f 3361 3268 1794
f 2365 2356 2378
f 2378 1821 2365
f 2378 1819 1821
f 2378 2406 1812
f 1812 1819 2378
f 987 990 1797
f 964 1801 1796
f 1801 986 1796
f 159 598 163
f 159 784 598
f 160 164 788
f 215 216 508
f 594 950 595
f 494 506 508
f 1808 596 602
f 602 1806 1808
f 1806 1759 1808
f 1761 1808 1759
f 596 1808 1761
f 802 801 803
f 803 601 600
f 600 797 803
f 1806 601 803
f 796 797 798
f 798 950 796
f 798 797 599
f 599 595 798
f 798 595 950
f 796 950 949
f 949 933 793
f 949 789 796
f 784 933 934
f 594 784 934
f 934 950 594
f 933 949 934
f 934 949 950
f 453 472 454
f 515 1735 470
f 1700 227 515
f 470 1701 515
f 515 1701 1700
f 1746 227 1700
f 225 220 476
f 478 225 476
f 1291 1297 1311
f 1311 1293 1291
f 1726 1357 1359
f 154 153 781
f 781 153 783
f 769 776 764
f 764 761 769
f 769 761 760
f 790 793 792
f 791 789 790
f 785 787 157
f 157 165 785
f 155 785 788
f 788 156 155
f 155 787 785
f 1750 2166 2160
f 2160 2166 1751
f 1751 2166 3552
f 3552 2167 3355
f 3552 2166 2167
f 2163 3548 2164
f 2163 2162 3548
f 2159 2162 2163
f 2164 2168 2163
f 2163 2168 2159
f 2336 2317 2357
f 2357 1831 2336
f 2318 2292 2336
f 2292 2317 2336
f 1294 1652 1561
f 1561 1563 1294
f 1652 1558 1561
f 1558 1563 1561
f 1735 1563 1699
f 556 1735 1699
f 1292 1297 1291
f 1292 1298 1297
f 1291 1273 1292
f 1273 1298 1292
f 1313 1653 1319
f 1652 1653 1313
f 1611 1298 1273
f 1282 1271 1284
f 1284 1271 1281
f 1284 1275 1290
f 1290 1222 1284
f 1233 3222 3221
f 3221 3212 3302
f 3222 3212 3221
f 1277 3301 1276
f 1276 1236 1277
f 3032 3303 2702
f 2702 3218 3032
f 3216 3303 3032
f 3032 3218 3216
f 3215 3303 3216
f 3215 2700 3303
f 3220 3217 3216
f 2706 1033 2712
f 2706 3220 2707
f 3217 3220 2706
f 2706 1034 1033
f 2706 2707 1034
f 1028 1027 2870
f 2870 2800 1028
f 2870 3211 3210
f 2870 2884 3211
f 3209 3210 3106
f 3209 2870 3210
f 2800 2870 3209
f 3106 3305 3209
f 3305 2801 3209
f 2801 2800 3209
f 2599 4385 4341
f 4341 4343 2599
f 1034 1036 2599
f 1036 4385 2599
f 3023 3026 3108
f 3027 2789 3020
f 3108 3027 3020
f 3020 3284 3108
f 2721 2726 2796
f 3053 2722 2721
f 2721 3286 3053
f 2721 2796 3052
f 3052 3286 2721
f 3229 3042 3123
f 3123 3228 3229
f 3045 2874 3122
f 3123 3045 3122
f 3122 3228 3123
f 2594 1046 2546
f 4335 4336 2546
f 4336 4338 2546
f 4339 2594 2546
f 2546 4338 4339
f 2886 3020 2789
f 3284 3020 2886
f 3110 3027 3108
f 3108 3109 3110
f 3110 2714 3027
f 3110 3109 2714
f 1070 1078 2766
f 1070 2781 1078
f 3248 3244 3246
f 2747 2751 2978
f 2978 3257 2747
f 2747 3257 4318
f 2754 2751 2747
f 2724 4323 4326
f 4323 2733 4326
f 4326 2725 2724
f 2743 2725 4326
f 4326 2733 2743
f 2866 2742 2738
f 4329 2585 2738
f 2738 2586 4329
f 4330 2586 2738
f 2738 2587 4330
f 4332 2587 2738
f 2738 4327 4332
f 2748 2742 2575
f 2575 2583 2748
f 4318 2742 2748
f 2748 2747 4318
f 2734 2742 2733
f 2734 2733 4331
f 4331 2588 2734
f 2588 4327 2734
f 1071 2730 1065
f 2740 1064 1071
f 1071 1065 2740
f 2731 2793 2794
f 2794 2730 2731
f 2731 2730 2793
f 2727 1055 1053
f 2726 1055 2727
f 1053 1051 2727
f 1051 2726 2727
f 3236 2889 3067
f 3236 3068 2889
f 3236 3067 3111
f 3111 3068 3236
f 2780 1062 2876
f 2876 2745 2780
f 2876 1062 1061
f 2880 2745 2876
f 2876 1061 2744
f 3295 2880 2876
f 2744 3288 2876
f 2876 3288 3295
f 3062 2895 3297
f 2895 3061 3297
f 3233 3062 3297
f 3297 3061 3233
f 3234 3061 2787
f 2787 3061 2895
f 2787 3060 3234
f 2787 2736 1065
f 1286 1276 1288
f 1511 3341 1287
f 3341 1239 1287
f 1287 1269 1511
f 1287 1246 1269
f 1287 1286 1288
f 1239 1286 1287
f 1269 3121 1360
f 1511 1269 1360
f 1483 1268 1511
f 1483 1241 1268
f 1511 1360 1483
f 1483 1360 1241
f 1244 1484 1250
f 1484 1244 1245
f 1362 1568 1542
f 3273 3272 1362
f 1248 3115 3118
f 3079 4318 2979
f 4318 3257 2979
f 2979 3258 3079
f 3075 3076 2978
f 2978 3073 3075
f 3075 3073 2724
f 3077 3257 3076
f 3077 3076 2724
f 2724 3258 3077
f 3077 2979 3257
f 3258 2979 3077
f 3242 3241 2882
f 3237 3241 3242
f 3237 3248 3247
f 3247 3241 3237
f 2771 2764 2766
f 2766 1078 2771
f 2877 1075 2782
f 2753 2877 2752
f 1075 2877 2753
f 2752 2890 2753
f 2890 2795 2753
f 2740 1060 1074
f 1074 1075 2740
f 1060 2782 1074
f 2782 1075 1074
f 2740 1075 2739
f 2739 1075 2866
f 3237 3289 3243
f 3243 3070 3237
f 3243 3289 2760
f 2760 3070 3243
f 3111 3237 3069
f 1777 3364 3554
f 1779 3364 1777
f 1777 1778 1779
f 3554 1778 1777
f 2221 2150 2192
f 2191 2247 2221
f 2221 2247 2248
f 2221 2155 2191
f 2192 2155 2221
f 2156 2171 2157
f 2157 2153 3546
f 3546 2156 2157
f 2319 1831 1830
f 1830 2131 2319
f 2319 2131 2294
f 2318 2336 2319
f 2319 2336 1831
f 2224 3523 2223
f 2248 2247 2273
f 2247 2272 2273
f 2294 2131 2273
f 2293 2246 2271
f 2293 2272 2246
f 2293 2292 2318
f 2271 2292 2293
f 2318 2319 2293
f 2293 2319 2294
f 2294 2273 2293
f 2293 2273 2272
f 3530 3621 2142
f 3374 1769 3373
f 3373 1766 3374
f 1768 1766 1765
f 1769 3374 1768
f 1768 3374 1766
f 3597 3596 3457
f 3457 4487 3597
f 3597 4293 3596
f 3597 4487 4242
f 3464 3461 3595
f 3461 3462 3595
f 3595 4215 3464
f 3462 4215 3595
f 3457 3596 4486
f 4486 3462 3457
f 3456 3598 3457
f 3457 3450 3456
f 3450 3599 3456
f 3456 3599 4212
f 4212 3598 3456
f 4212 3599 4210
f 4210 4211 4212
f 4489 3450 3449
f 4489 3601 3450
f 3449 4281 4489
f 4281 3601 4489
f 3467 3461 4484
f 3461 3592 4484
f 4484 4294 3467
f 4484 3592 4294
f 4574 4242 4214
f 4214 4293 4574
f 4574 3597 4242
f 4293 3597 4574
f 4213 4486 3596
f 4214 4576 4213
f 4213 4293 4214
f 4576 3462 4213
f 3462 4486 4213
f 4262 3598 4212
f 4212 4214 4262
f 4214 4241 4262
f 3459 3598 4262
f 4262 4241 3459
f 4214 4242 4575
f 4575 4241 4214
f 4242 4487 4575
f 3459 4241 3460
f 3457 3459 3460
f 3460 4487 3457
f 3460 4575 4487
f 4241 4575 3460
f 4463 4596 4597
f 4597 4596 4226
f 4466 4594 3483
f 4466 3483 3481
f 4649 4224 4246
f 4224 4594 4246
f 4246 4466 4649
f 4594 4466 4246
f 4596 4464 4593
f 4265 4592 4224
f 4224 4595 4265
f 4265 4595 4592
f 4468 4595 3480
f 3480 4595 4467
f 3481 4468 3480
f 3480 4467 3481
f 4589 4591 4472
f 4472 4591 4470
f 4472 4470 3475
f 4650 4471 4474
f 4474 4471 3475
f 3475 4473 4474
f 4470 4591 4651
f 4651 4469 4470
f 4592 4469 4651
f 4224 4592 4651
f 4222 4224 4651
f 4222 4264 4587
f 4476 4653 4587
f 4587 4473 4476
f 4587 4264 4473
f 3588 4480 4585
f 4585 3929 3588
f 3928 3929 4585
f 4478 4477 4652
f 4477 3929 4652
f 4652 3929 3928
f 3951 3941 4096
f 4096 4093 3951
f 3951 3940 3941
f 4093 3940 3951
f 4097 3940 3950
f 3950 4093 3969
f 3950 3940 4093
f 3793 4038 3790
f 3790 4038 3791
f 3971 3972 3970
f 3966 3971 3970
f 3970 4090 3966
f 3969 4090 3970
f 3970 3972 3969
f 4034 3975 4033
f 2114 3494 2116
f 3494 2117 2116
f 1813 971 1812
f 778 986 779
f 964 778 779
f 779 782 774
f 1801 2406 985
f 985 986 1801
f 2406 1810 985
f 3899 3909 3908
f 3908 3900 3899
f 3899 3886 3916
f 3887 3886 3899
f 3899 3900 3887
f 3915 3909 3899
f 3899 3916 3915
f 3824 4143 4136
f 4136 3825 3824
f 4136 4130 4131
f 4131 3825 4136
f 4136 4143 4142
f 4142 4135 4136
f 3855 4130 4136
f 4136 4135 3855
f 3888 3887 4125
f 3863 3888 4125
f 4125 3864 3863
f 4316 3829 4314
f 3829 4315 4314
f 3835 4316 4313
f 4155 4144 3817
f 3832 4158 4155
f 3824 4144 4155
f 4155 4158 3824
f 3857 3865 4128
f 3853 3865 3857
f 3857 3858 3853
f 3876 4648 4304
f 4604 3583 3884
f 3884 3876 4604
f 3876 3883 4604
f 4608 3862 4646
f 3876 3862 4608
f 4644 3862 4129
f 3862 4645 4249
f 4267 4603 3876
f 3876 4605 4267
f 4267 4605 4603
f 2399 916 2400
f 2017 2028 2404
f 2404 2438 2017
f 2404 2027 2403
f 2028 2027 2404
f 2403 619 2404
f 2404 619 2438
f 907 906 911
f 2 910 906
f 938 624 936
f 624 935 936
f 909 613 2023
f 613 2029 2023
f 2023 2024 909
f 2023 2029 2024
f 2438 619 620
f 2025 2438 620
f 620 614 2025
f 620 2424 2012
f 620 619 2424
f 903 908 195
f 195 2 903
f 906 627 903
f 903 2 906
f 626 631 903
f 903 627 626
f 937 935 628
f 628 627 937
f 628 935 624
f 624 627 628
f 937 627 915
f 915 627 906
f 915 901 937
f 915 877 901
f 906 877 915
f 2215 2187 3405
f 3405 1960 2215
f 3406 1960 3405
f 2266 2267 2242
f 2242 1960 2266
f 2288 2267 2266
f 2014 2009 2013
f 2013 2015 2014
f 1994 1986 1993
f 2331 2008 1994
f 1994 1993 2331
f 1940 2055 1942
f 1974 2055 1940
f 1942 1943 1940
f 1940 1943 1974
f 3423 1936 2054
f 2054 1943 3423
f 2054 1936 1980
f 1980 1979 2054
f 2054 1979 1974
f 1974 1943 2054
f 2263 2265 1990
f 1990 1989 2263
f 1990 2265 2396
f 2396 2434 1990
f 1990 2434 2286
f 2286 2398 1990
f 1990 2398 2435
f 1980 1982 1983
f 1983 3626 1981
f 1983 2266 3626
f 3424 2053 1939
f 1939 1979 1980
f 2053 1979 1939
f 1980 1983 1939
f 1939 1983 1981
f 2185 1963 2213
f 1981 3626 2213
f 2011 2012 2010
f 2010 2027 2011
f 2011 2437 622
f 2028 2437 2011
f 2011 2027 2028
f 2238 2239 2240
f 2240 2446 2238
f 2397 2375 2238
f 2238 2446 2397
f 2397 2398 2286
f 2286 2375 2397
f 2397 918 2398
f 2376 2050 2399
f 2399 2400 2376
f 2376 2400 2000
f 2000 2051 2376
f 2052 629 2422
f 2051 629 2052
f 2422 2050 2052
f 2052 2376 2051
f 2050 2376 2052
f 939 954 955
f 880 882 955
f 2252 1867 2196
f 2196 2384 2427
f 2427 2198 2196
f 2359 2252 2196
f 2196 2198 2359
f 2300 2325 2326
f 2278 2299 2300
f 2299 2325 2300
f 2343 2252 2359
f 3623 2092 2086
f 2086 2095 2097
f 2279 2255 2278
f 2279 2280 2257
f 2278 2300 2279
f 2302 2280 2279
f 1968 1972 1925
f 3437 1926 1925
f 2060 1920 2059
f 2059 1926 3437
f 3437 3445 2059
f 2059 3445 2060
f 1968 1925 2058
f 2058 1925 1926
f 1978 1976 1975
f 1975 1969 1978
f 1856 2128 2130
f 2121 2122 1856
f 1863 2115 1856
f 2115 2121 1856
f 3503 3505 3504
f 2136 2138 2139
f 2224 2137 2195
f 2137 2138 2195
f 3511 2135 2132
f 945 2368 736
f 738 928 979
f 979 737 2368
f 820 815 962
f 962 927 820
f 820 927 819
f 945 928 820
f 928 815 820
f 820 819 1848
f 819 927 1841
f 721 927 944
f 944 927 826
f 1842 1848 2339
f 1842 820 1848
f 1839 820 1842
f 1842 739 738
f 738 1839 1842
f 2295 2296 2274
f 2299 2298 2323
f 2323 2298 2297
f 1848 1858 2250
f 2250 2341 1848
f 1858 1843 2425
f 2425 1843 826
f 826 1843 1857
f 1857 944 826
f 2369 944 1857
f 1857 1841 2369
f 1857 1843 819
f 819 1841 1857
f 11 130 747
f 747 755 134
f 2337 751 2366
f 751 753 2366
f 2366 809 2337
f 1830 1831 1827
f 1827 1831 1824
f 811 746 122
f 745 818 119
f 119 733 745
f 759 144 167
f 166 144 759
f 931 775 948
f 775 763 948
f 948 763 947
f 929 931 948
f 948 947 929
f 932 763 775
f 932 790 773
f 791 790 932
f 932 775 774
f 774 791 932
f 947 762 810
f 810 762 760
f 810 756 744
f 969 1816 1815
f 1817 1816 969
f 806 804 772
f 931 806 772
f 772 775 931
f 772 804 805
f 774 775 772
f 1892 1901 1891
f 1892 1895 1901
f 1892 1891 3471
f 3471 1895 1892
f 1888 1895 2085
f 1888 2085 2089
f 2089 1881 1888
f 1880 1889 1890
f 1890 1898 1880
f 1894 1895 3477
f 2085 1895 1894
f 1894 1898 2085
f 2362 2372 864
f 866 2372 2362
f 2362 993 866
f 863 665 2431
f 2262 863 2431
f 2431 2283 2262
f 2418 664 920
f 2418 920 2348
f 2418 957 664
f 2418 2430 957
f 2348 2349 2418
f 2418 2349 2430
f 2063 2066 2067
f 2067 2066 3455
f 1919 2063 2064
f 2064 2058 1919
f 2065 2058 2064
f 2071 2065 2064
f 2063 3454 1917
f 1917 2064 2063
f 2070 2064 1917
f 1917 3454 3455
f 3455 2070 1917
f 1901 2080 1903
f 2080 1893 1903
f 1891 1901 1903
f 1903 1893 1891
f 3471 1891 2083
f 2083 2082 3471
f 1891 1893 2083
f 1893 2082 2083
f 3594 1921 1911
f 3458 3594 1911
f 1911 1912 3458
f 1910 3458 1909
f 3458 1912 1909
f 1909 1921 1910
f 1902 1900 1896
f 2076 2078 1896
f 2078 1902 1896
f 1897 2078 3463
f 1897 1906 2078
f 1897 1904 1906
f 2303 2182 2281
f 2302 2176 2303
f 2180 1913 2179
f 2179 2176 2180
f 1913 2210 2179
f 2281 2259 2258
f 2237 2071 2073
f 2073 2259 2237
f 2071 2074 2073
f 1901 1895 1887
f 1887 2079 1901
f 1895 1888 1887
f 1905 1907 2069
f 1907 1904 2069
f 2069 1904 2071
f 2070 1905 2069
f 2071 2064 2069
f 2069 2064 2070
f 685 831 688
f 688 831 837
f 667 665 679
f 679 665 666
f 2390 665 662
f 662 665 2430
f 662 2209 2390
f 662 2282 2209
f 662 2430 2282
f 958 852 974
f 958 666 2389
f 958 2389 2442
f 2442 852 958
f 843 2429 1876
f 1876 2202 2200
f 2200 2203 1876
f 2204 2202 1876
f 1876 2429 2204
f 960 2254 701
f 701 2410 960
f 701 2385 2410
f 2428 2254 960
f 960 831 2428
f 2428 831 2411
f 2411 2234 2428
f 2203 2254 2428
f 2428 2234 2203
f 2201 2233 2253
f 2253 2254 2201
f 2253 2233 2385
f 2385 701 2253
f 2253 701 2254
f 112 715 114
f 112 13 715
f 16 715 822
f 822 817 16
f 745 733 742
f 714 726 822
f 822 709 714
f 709 713 714
f 714 713 837
f 837 710 714
f 1954 3617 1958
f 1958 2188 1954
f 1954 3394 3617
f 1951 2243 2216
f 2216 1959 1951
f 2216 2243 1953
f 1958 1959 2216
f 2216 2188 1958
f 1953 3392 1957
f 3392 3394 1957
f 1957 2216 1953
f 2188 2216 1957
f 3394 1954 1957
f 1957 1954 2188
f 412 410 546
f 546 408 412
f 344 1672 580
f 358 53 73
f 358 74 52
f 352 348 46
f 350 408 351
f 351 349 350
f 564 1100 563
f 589 372 563
f 563 372 564
f 593 1100 586
f 593 372 589
f 586 372 593
f 377 390 391
f 391 384 377
f 377 384 368
f 1636 1658 1659
f 1659 1617 1636
f 2512 1658 1636
f 1636 1617 2512
f 1637 1617 1659
f 1618 1617 1637
f 1134 1618 1637
f 1637 1129 1134
f 1659 1129 1637
f 635 637 638
f 638 633 635
f 885 883 887
f 640 641 639
f 636 637 635
f 635 872 636
f 636 872 649
f 649 639 636
f 890 891 885
f 885 891 892
f 892 878 885
f 894 878 892
f 886 878 630
f 630 878 626
f 626 624 630
f 616 997 996
f 996 615 616
f 616 615 952
f 1 902 913
f 902 914 913
f 877 875 876
f 876 914 877
f 612 2043 611
f 611 615 612
f 618 615 611
f 2042 604 611
f 611 2043 2042
f 2037 2032 611
f 611 604 2037
f 2032 614 611
f 614 618 611
f 572 586 585
f 591 396 1106
f 1106 2514 591
f 2513 2514 1106
f 62 64 379
f 69 375 63
f 69 67 375
f 880 881 940
f 940 882 880
f 861 2392 866
f 866 993 861
f 881 2433 651
f 651 940 881
f 824 659 667
f 823 659 824
f 842 823 824
f 851 659 823
f 657 659 851
f 3605 4493 4208
f 4208 4570 3605
f 4208 4493 3440
f 3963 4570 4208
f 3962 3444 3605
f 3605 4570 3962
f 3962 3964 3444
f 3962 4570 3963
f 3954 3964 3962
f 3962 3963 3954
f 1973 1971 1937
f 2056 1971 1973
f 1936 1937 1970
f 1970 1977 1936
f 1937 1971 1970
f 1970 1971 2056
f 2056 1932 1970
f 1932 1977 1970
f 2060 3445 2061
f 3445 2062 2061
f 2061 1920 2060
f 2061 2062 1920
f 2308 2395 2374
f 2395 2285 2374
f 2374 2309 2308
f 2374 2285 2309
f 2466 2467 2482
f 2482 2488 2466
f 3780 3796 3736
f 3736 3796 3737
f 4548 3393 4532
f 4548 4014 3393
f 4012 4014 4548
f 4046 3618 4547
f 4046 4547 4007
f 4007 4011 4046
f 3381 4540 3382
f 3382 4541 3381
f 3379 3618 4533
f 4533 4534 3379
f 3618 4046 4533
f 4430 4532 3376
f 3376 4534 4430
f 4535 4008 4051
f 4547 3378 4051
f 4051 3378 4535
f 4007 4547 4051
f 4051 4008 4007
f 4009 4052 4007
f 4007 4008 4009
f 4009 4538 4052
f 4536 3618 3379
f 3379 3378 4536
f 4547 3618 4536
f 4536 3378 4547
f 3380 4535 3379
f 3379 4538 3380
f 2651 2834 2833
f 2834 3647 2833
f 3647 2545 2833
f 1035 2648 2534
f 2577 2647 1035
f 1035 2534 2577
f 1035 2945 2648
f 1035 2647 2943
f 2943 2945 1035
f 3093 1082 3086
f 3086 2498 2497
f 2497 2496 3086
f 2520 1466 3083
f 2506 1467 2520
f 2520 1467 1466
f 1086 1085 1082
f 1082 1087 1086
f 2865 1085 1086
f 1086 1087 2865
f 3103 1087 1082
f 3103 1082 1083
f 1083 1090 3103
f 3103 1090 2865
f 2865 1087 3103
f 2865 1090 1089
f 1090 1091 1089
f 1092 1093 2865
f 2865 1091 1092
f 1092 1091 1093
f 1095 2863 2865
f 2865 1093 1095
f 1093 1091 1095
f 1091 1097 1095
f 1083 2810 1084
f 2810 1097 1084
f 1084 1091 1083
f 1084 1097 1091
f 2452 2451 2453
f 2452 2486 2451
f 2461 2460 2480
f 2453 2450 2454
f 2450 2455 2454
f 2458 2457 2463
f 2458 2456 2457
f 2510 2508 3631
f 4075 4077 4234
f 4561 4289 4077
f 3425 4501 4561
f 4501 4289 4561
f 1474 1509 1603
f 1505 1604 1503
f 575 1503 1500
f 1734 1563 1697
f 556 1609 1734
f 516 1745 1610
f 516 1609 556
f 1610 1609 516
f 1679 1610 1608
f 1610 1745 1608
f 293 292 291
f 291 288 287
f 287 304 291
f 275 283 287
f 283 432 287
f 540 472 470
f 468 1678 1667
f 1403 1416 1418
f 1223 1384 1557
f 1601 1625 1626
f 1625 1645 1626
f 1627 1601 1626
f 1626 1645 1627
f 560 1552 296
f 560 1526 429
f 1186 1404 1394
f 1186 1402 1404
f 1394 3321 1186
f 3321 1402 1186
f 1198 1204 1196
f 3178 3179 1198
f 3179 1192 1198
f 1198 3180 3178
f 1196 3180 1198
f 1193 1395 3178
f 3178 1194 1193
f 1193 1184 1395
f 1193 1194 1184
f 1556 1384 1383
f 1556 1557 1384
f 1556 1580 1480
f 1480 1557 1556
f 1393 3179 1201
f 1393 1192 3179
f 1393 1201 1398
f 1398 1192 1393
f 1470 1455 1452
f 1452 1455 3334
f 3142 1454 3143
f 3143 1455 3142
f 3142 1455 1470
f 1492 1454 3142
f 3142 1470 1492
f 3339 3334 3141
f 3141 1456 3339
f 3339 1452 3334
f 1470 1452 3339
f 1492 1470 3339
f 3339 1456 1492
f 1457 1521 1492
f 1492 1456 1457
f 3140 1520 1457
f 1457 1520 1521
f 1457 3141 3140
f 1457 1456 3141
f 2984 2911 3316
f 3183 3187 2984
f 2984 3316 3183
f 2568 2557 2813
f 999 4371 2813
f 4371 2568 2813
f 999 2689 1000
f 1000 4369 999
f 1000 4367 4369
f 1017 4418 1016
f 1016 2901 1017
f 4360 1013 4359
f 4418 4352 4359
f 4359 4352 4360
f 4359 1016 4418
f 1013 1016 4359
f 1205 1209 1202
f 1212 1215 3104
f 3104 1215 3312
f 1215 1211 3312
f 1377 3200 3203
f 3200 1378 3203
f 3203 1378 1219
f 3203 1226 1377
f 1219 1226 3203
f 3200 1381 3201
f 3201 1381 1375
f 1006 2681 2912
f 3185 2913 2912
f 2912 3186 3185
f 1004 1006 2912
f 2912 2913 1004
f 3319 2910 3048
f 2910 3184 3048
f 3183 3319 3048
f 3048 3184 3183
f 1481 1480 1509
f 1223 1557 1481
f 1481 1557 1480
f 1282 1284 1224
f 1224 1284 1222
f 1224 1222 1223
f 1223 1481 1224
f 1583 1678 1697
f 1697 1562 1583
f 1582 1666 1560
f 1560 1666 1562
f 1558 1559 1560
f 1560 1562 1558
f 1649 1695 1650
f 1743 558 1693
f 1693 1648 1743
f 275 273 274
f 435 273 288
f 443 273 435
f 284 273 275
f 288 273 284
f 275 287 284
f 284 287 288
f 3307 3207 1370
f 1370 1375 1290
f 1370 3207 1375
f 1290 1275 1370
f 2651 2942 2650
f 2650 2942 2939
f 2650 2940 2651
f 2939 2940 2650
f 2937 2940 3010
f 2937 3010 3007
f 2653 2940 2937
f 3007 2938 2937
f 2937 2654 2653
f 2938 2654 2937
f 3659 3660 2646
f 2646 1037 3659
f 2646 2948 2644
f 2644 2642 2646
f 2642 1037 2646
f 2678 2679 2680
f 2680 2820 2678
f 2678 2677 2679
f 2682 2677 2678
f 2678 1018 2682
f 2918 1018 2678
f 1497 1494 299
f 1496 1661 1550
f 1550 1494 1496
f 1498 1661 1496
f 1496 1552 1498
f 1712 1686 1523
f 3719 2567 2559
f 2559 2552 3719
f 3719 2565 2567
f 3719 2552 2558
f 2564 2565 3719
f 3719 3710 2564
f 2558 2557 3719
f 2557 3710 3719
f 3715 3710 3720
f 3710 3718 3720
f 3786 4036 3785
f 3786 3787 4036
f 2960 2959 2605
f 2959 2626 2605
f 2961 2960 2605
f 2605 2626 2961
f 3158 3025 3151
f 3151 3021 3158
f 2952 3025 3158
f 3158 3021 2952
f 3025 2953 3157
f 2953 3024 3157
f 3151 3025 3157
f 3157 3024 3151
f 3155 2955 3327
f 3151 3154 3155
f 3155 3327 3151
f 3154 2954 3155
f 2954 2955 3155
f 3333 1459 1460
f 1490 1464 1460
f 1460 1464 3333
f 1460 1459 3124
f 1460 3084 1490
f 3124 3084 1460
f 1465 1459 3333
f 3124 1459 1465
f 1465 3333 3083
f 3083 3124 1465
f 3130 3135 3136
f 1080 2970 2971
f 2970 2622 2971
f 1054 2835 2851
f 2595 2835 1054
f 2611 1054 2973
f 2824 2827 2623
f 2582 2824 2623
f 2851 2853 2847
f 2847 2852 2851
f 3087 2852 2847
f 2847 3088 3087
f 2853 3088 2847
f 2614 3125 3087
f 3087 2618 2614
f 2616 2618 3087
f 2835 2832 2831
f 2831 2832 2826
f 2091 1879 2107
f 2107 2094 2091
f 2100 1879 2091
f 2091 2094 2100
f 2104 1885 2103
f 1871 1870 2104
f 2104 2119 1871
f 4041 4522 4525
f 4525 3399 4041
f 4525 4522 3396
f 3396 3399 4525
f 4203 4556 4204
f 4204 4202 4203
f 4556 4202 4204
f 4505 4202 4555
f 4555 4202 4556
f 4556 3612 4555
f 4555 3612 4505
f 4508 4259 4554
f 4554 4259 4232
f 4507 3418 3416
f 4507 4233 3418
f 4546 4202 4505
f 4505 3419 4546
f 4546 4288 4203
f 4203 4202 4546
f 3418 4288 4546
f 4546 3419 3418
f 4026 4550 4024
f 4024 4025 4026
f 4526 4025 4024
f 4024 3395 4526
f 4024 4550 3395
f 4551 4041 4524
f 4524 4285 4551
f 4026 4041 4551
f 4551 4285 4026
f 4236 3610 4565
f 4236 4565 4206
f 4564 4235 3429
f 4500 4564 3429
f 4565 4498 3429
f 3429 4235 4565
f 3430 4500 3429
f 3429 4498 3430
f 4567 4207 4496
f 4496 4205 4567
f 4206 4207 4567
f 4567 4205 4206
f 4770 4789 3569
f 3569 4734 4770
f 4424 4779 4791
f 4791 4734 4424
f 4733 4734 4626
f 4626 4732 4733
f 4626 4184 4732
f 4626 4734 3568
f 4626 3568 3567
f 3567 4184 4626
f 4747 4334 4751
f 4749 4334 4747
f 4751 4402 4747
f 2550 1043 1044
f 1044 2549 2550
f 2550 2549 4339
f 2543 4391 4341
f 4341 4420 2543
f 2543 4420 1038
f 1038 1039 2543
f 2543 1039 4391
f 1040 4387 2544
f 2544 1039 1040
f 4391 1039 2544
f 4341 4391 2544
f 2544 4387 4341
f 1040 1039 2708
f 2708 1039 2710
f 1041 1040 2708
f 2708 2710 1041
f 3549 3544 4167
f 3544 4619 4167
f 4169 4170 4167
f 3533 3541 3543
f 3540 3541 3533
f 3507 3506 4638
f 3507 3505 3506
f 3507 4440 3505
f 3505 4440 3509
f 4613 4129 4642
f 4129 4643 4642
f 4442 4615 4640
f 4637 3822 4616
f 3533 3527 3517
f 3517 3527 3512
f 3524 3525 3517
f 3531 4150 3534
f 3533 3517 3534
f 3534 3517 3531
f 4169 4150 4146
f 4146 4177 4169
f 4146 4153 4177
f 3531 3517 3526
f 3526 3517 3525
f 3512 3519 3518
f 3518 3517 3512
f 4633 3518 3519
f 4148 4159 4164
f 4164 4199 4148
f 4148 4199 4142
f 4142 4151 4148
f 4151 4159 4148
f 4370 4356 4368
f 4370 4366 4356
f 4368 1003 4370
f 1003 4366 4370
f 1007 4366 1005
f 1005 4366 1003
f 3839 4678 3842
f 3844 3843 3842
f 3843 3839 3842
f 4675 3839 3835
f 4675 4678 3839
f 3835 4313 4675
f 4700 4678 4675
f 4718 4707 4163
f 4163 4157 4718
f 4163 4707 4706
f 4706 4705 4163
f 4166 4157 4163
f 4163 4705 4704
f 4172 4179 4163
f 4163 4704 4708
f 4708 4172 4163
f 4321 4666 4695
f 3838 3837 4681
f 3838 4679 3837
f 3838 4695 4679
f 4321 4695 3838
f 3836 4695 4666
f 4679 4695 3836
f 4737 4713 4672
f 4672 4677 4737
f 4737 4677 4713
f 3833 4677 4672
f 4672 4671 3833
f 4666 4677 3833
f 3833 4671 4674
f 3833 3836 4666
f 3833 3819 3827
f 4674 3819 3833
f 4679 3836 3833
f 3827 3837 3833
f 3837 4679 3833
f 4759 4375 4358
f 4358 4375 4325
f 4325 4357 4358
f 4325 4321 4324
f 4324 4357 4325
f 4321 3838 4324
f 4324 3838 4681
f 4738 4736 4759
f 4759 4357 4738
f 4738 4324 4681
f 4357 4324 4738
f 4744 4764 4761
f 4744 4346 4347
f 4693 4346 4744
f 4744 4715 4693
f 4380 1026 4349
f 4380 1025 1026
f 4419 1025 4380
f 4380 4349 4351
f 4351 4419 4380
f 2601 2540 1032
f 2601 1032 1033
f 4343 2540 2601
f 1033 2600 2601
f 2600 4343 2601
f 4343 4350 4381
f 4381 2539 4343
f 4381 4350 1028
f 1028 2705 4381
f 2705 2539 4381
f 2704 2870 1027
f 2884 2870 2704
f 1024 2802 2704
f 2704 1025 1024
f 1020 2695 1021
f 1020 1021 4353
f 1020 4376 1019
f 4353 4376 1020
f 1021 2695 2900
f 2900 2694 1021
f 3205 3308 2696
f 2696 2694 3205
f 3205 3105 3308
f 2902 1016 1013
f 2901 1016 2902
f 2696 3308 2981
f 2981 2697 2696
f 3308 3105 2981
f 2774 2773 3244
f 2765 2773 2774
f 2759 2976 4319
f 3118 3115 3250
f 3250 3244 3118
f 3250 2770 2769
f 3250 2774 3244
f 3361 1794 3375
f 3375 1793 3361
f 1797 990 1802
f 990 985 1802
f 1802 985 1810
f 1814 2378 2356
f 2406 2378 1814
f 1814 1810 2406
f 2356 1753 1814
f 1753 1755 1814
f 1814 1755 1757
f 1757 1810 1814
f 1795 987 1797
f 802 987 1795
f 799 803 797
f 799 987 802
f 802 803 799
f 799 779 986
f 158 162 784
f 784 159 158
f 788 784 161
f 161 160 788
f 784 162 161
f 202 1355 603
f 1756 1709 1740
f 1708 1709 1756
f 210 208 209
f 209 215 210
f 216 215 209
f 566 208 210
f 205 1355 198
f 603 1355 205
f 204 208 205
f 205 566 603
f 208 566 205
f 212 204 207
f 212 208 204
f 1760 1355 1354
f 1354 202 203
f 1355 202 1354
f 1740 1355 1347
f 1347 1355 1760
f 1740 1709 1340
f 1709 1336 1340
f 1348 1354 203
f 1760 1354 1348
f 1807 991 801
f 1797 1802 1807
f 1807 1802 991
f 801 991 1805
f 1806 803 1805
f 1805 803 801
f 1757 1758 1805
f 1805 1758 1806
f 1805 1810 1757
f 1805 1802 1810
f 991 1802 1805
f 487 486 478
f 478 485 487
f 478 483 484
f 484 485 478
f 226 221 478
f 551 214 218
f 218 553 551
f 207 214 551
f 551 553 538
f 538 536 551
f 454 244 245
f 245 453 454
f 470 472 555
f 555 1701 470
f 1585 1680 1700
f 1700 1701 1585
f 1536 515 227
f 1680 1585 1536
f 221 222 219
f 219 225 221
f 219 220 225
f 219 536 538
f 538 220 219
f 477 483 478
f 478 476 477
f 477 230 473
f 481 476 220
f 481 538 539
f 481 220 538
f 539 453 481
f 453 476 481
f 1307 1701 1736
f 1736 1305 1307
f 218 1704 1727
f 1303 1304 1308
f 1293 1311 1303
f 1303 1311 1297
f 1297 1304 1303
f 1308 1304 1310
f 3113 3112 3296
f 786 154 781
f 786 781 785
f 785 165 786
f 781 783 780
f 152 776 780
f 780 776 781
f 776 151 146
f 145 764 146
f 764 776 146
f 150 776 152
f 777 769 773
f 776 769 777
f 792 776 777
f 777 790 792
f 773 790 777
f 773 769 765
f 765 932 773
f 763 932 765
f 760 763 765
f 765 769 760
f 793 790 794
f 794 790 789
f 794 949 793
f 789 949 794
f 1584 1699 1563
f 1563 1734 1584
f 1584 1609 1679
f 1584 1734 1609
f 1297 1298 1299
f 1298 1313 1299
f 1299 1304 1297
f 1652 1313 1631
f 1631 1313 1298
f 1298 1611 1631
f 1651 1652 1631
f 1651 1631 1630
f 1630 1631 1611
f 3223 3240 1242
f 1235 3340 3240
f 3240 1236 1235
f 1235 1286 3340
f 1236 1276 1235
f 1276 1286 1235
f 1277 1236 1369
f 1369 3240 1270
f 1369 1236 3240
f 1270 3222 1237
f 1232 3222 1233
f 1232 3301 3222
f 1232 1276 3301
f 1283 1284 1281
f 1281 1288 1283
f 1288 1276 1283
f 1275 1284 1283
f 1283 1276 1275
f 3216 3217 3028
f 3028 3215 3216
f 3219 2871 2707
f 2707 3220 3219
f 3026 2871 3219
f 3216 3026 3219
f 3219 3220 3216
f 2701 2706 2712
f 2712 2702 2701
f 2702 2700 2701
f 4342 4343 2600
f 4342 2599 4343
f 4342 2600 1034
f 1034 2599 4342
f 3108 3284 3300
f 3300 3023 3108
f 2710 1039 2799
f 2799 2871 3026
f 3026 3023 2799
f 1038 2871 2799
f 2799 1039 1038
f 2722 2726 2720
f 2720 2721 2722
f 2726 2721 2720
f 2898 3229 3228
f 3228 2897 2898
f 3042 3229 2898
f 2888 2897 3228
f 3228 3122 2888
f 2888 3122 2874
f 2888 2874 1079
f 1045 2713 1046
f 1045 1046 2594
f 1045 2549 1044
f 2594 2549 1045
f 2547 2593 4335
f 4335 2546 2547
f 2789 2710 2709
f 2709 2886 2789
f 2710 2799 2709
f 2766 2764 2763
f 2763 1070 2766
f 2781 1070 2763
f 2763 2758 2781
f 2756 2754 2868
f 2868 2781 2756
f 2781 2758 2756
f 2756 2751 2754
f 2756 2755 2751
f 4319 2755 2756
f 2756 2758 4319
f 2776 2773 2775
f 2775 3244 2776
f 2765 2764 2768
f 2764 3072 2768
f 2772 2775 2768
f 2768 2773 2765
f 2768 2775 2773
f 2777 3072 2764
f 2764 2771 2777
f 3248 3246 2777
f 4327 2738 2735
f 2735 2738 2742
f 2735 2734 4327
f 2742 2734 2735
f 2754 2747 2749
f 2747 2748 2749
f 2749 2583 2754
f 2749 2748 2583
f 1064 2730 2732
f 2732 1071 1064
f 2730 1071 2732
f 3060 2787 2786
f 3059 3060 2786
f 2786 2787 1065
f 2794 3059 2786
f 1065 2730 2786
f 2786 2730 2794
f 1285 1280 3340
f 3340 1286 1285
f 1367 1280 1285
f 1285 1239 1367
f 1285 1286 1239
f 1288 1293 1289
f 1289 1287 1288
f 1289 1293 1564
f 1267 1241 1356
f 1241 1360 1356
f 1356 3121 1267
f 1356 1360 3121
f 1243 3121 1246
f 1243 1245 3121
f 1246 1512 1243
f 1243 1512 1484
f 1484 1245 1243
f 1251 1244 1250
f 1251 1245 1244
f 1250 3112 1251
f 218 214 1317
f 1363 1542 1516
f 1363 1362 1542
f 1363 3274 3273
f 3273 1362 1363
f 1568 1362 1543
f 1590 1568 1543
f 1543 1569 1590
f 1517 1248 1543
f 1541 1569 1543
f 1567 1569 1541
f 1589 1569 1567
f 2724 3076 3074
f 3074 3075 2724
f 3076 3075 3074
f 3277 3071 3237
f 3237 3242 3277
f 3277 3242 2882
f 3241 3247 2891
f 2882 3241 2891
f 2891 3247 3248
f 2891 2761 2882
f 3248 2777 2891
f 2891 2771 2761
f 2891 2777 2771
f 2761 2771 2878
f 2882 2761 2878
f 2878 2771 1078
f 3071 3277 2878
f 2878 3277 2882
f 2878 3291 3071
f 2760 3291 2878
f 1076 1075 2757
f 1075 2753 2757
f 2757 2795 1076
f 2757 2753 2795
f 2866 2738 2741
f 2741 2739 2866
f 2740 2739 2741
f 2741 2584 2740
f 4328 2584 2741
f 2741 2585 4328
f 2741 2738 2585
f 3237 3070 3238
f 3238 3069 3237
f 3238 3070 2890
f 3111 3069 3239
f 3239 2877 2782
f 3239 3069 2877
f 2222 2221 2248
f 2150 2221 2222
f 2149 2150 2222
f 2248 2223 2222
f 2153 2157 2151
f 2151 2157 2171
f 2151 2154 2153
f 2151 2171 2154
f 2249 2223 2248
f 2249 1846 2224
f 2224 2223 2249
f 2194 2223 3523
f 2139 3522 2140
f 3522 3622 2140
f 2140 2136 2139
f 3622 2136 2140
f 3521 3522 3523
f 3521 3622 3522
f 3521 3523 2224
f 2224 2195 3521
f 3521 2195 3622
f 2145 2147 3536
f 3536 2146 2145
f 2172 2146 2148
f 2148 3536 2149
f 2148 2146 3536
f 3452 3599 3450
f 3452 4210 3599
f 4573 4210 3452
f 3596 4293 4577
f 4577 4213 3596
f 4293 4213 4577
f 4602 4457 4458
f 3587 4467 4649
f 4649 4466 3587
f 3481 4467 3587
f 3587 4466 3481
f 4224 4596 4223
f 4223 4593 4224
f 4596 4593 4223
f 4296 4594 4224
f 4224 4593 4296
f 3481 3483 4465
f 4465 4296 4593
f 3483 4594 4465
f 4594 4296 4465
f 3478 4471 4589
f 4589 4472 3478
f 3475 4471 3478
f 3478 4472 3475
f 4590 4264 4222
f 4650 4474 4590
f 4473 4264 4590
f 4590 4474 4473
f 4222 4650 4590
f 4221 4591 4222
f 4222 4651 4221
f 4221 4651 4591
f 4220 4653 4222
f 4222 4587 4220
f 4220 4587 4653
f 4655 4480 4479
f 4655 4585 4480
f 4478 4652 4588
f 4588 4475 4478
f 3927 4111 3938
f 3938 4111 4104
f 4104 3941 3938
f 3922 3921 3794
f 3794 3923 3922
f 3914 3932 3919
f 3919 3923 3920
f 3919 3922 3923
f 3921 3922 3919
f 4305 3795 3794
f 4305 4037 3795
f 3794 3935 4116
f 4116 3931 3794
f 3935 3932 4116
f 3932 3931 4116
f 3937 3936 3794
f 3498 2117 3494
f 2117 3498 1872
f 1872 3498 2120
f 1809 766 1803
f 1803 766 768
f 768 1809 1803
f 984 1813 1812
f 984 2406 964
f 1812 2406 984
f 963 778 964
f 964 1796 963
f 963 1796 1804
f 995 986 778
f 778 989 995
f 995 989 1804
f 1804 1796 995
f 995 1796 986
f 3860 3864 3861
f 3861 3859 3860
f 3869 3865 3861
f 3861 3865 3853
f 3853 3859 3861
f 4131 3860 3847
f 3860 3859 3847
f 3847 3825 4131
f 3847 3823 3825
f 4137 3823 3847
f 3847 3859 3853
f 3817 4149 4312
f 4312 4311 3817
f 4149 4311 4312
f 3840 3837 3841
f 3840 4735 3837
f 4736 4735 3840
f 4759 4736 3840
f 3841 4375 3840
f 3840 4375 4759
f 4682 4738 4681
f 4736 4738 4682
f 4681 3837 4682
f 3837 4735 4682
f 3826 3832 3830
f 3832 4155 3830
f 3830 3829 3826
f 3817 3829 3830
f 3830 4155 3817
f 3858 3849 3848
f 3852 3858 3851
f 3852 3849 3858
f 4140 4141 4137
f 4137 4139 4140
f 3858 4141 4140
f 4140 4139 3858
f 3851 3858 4138
f 3858 4139 4138
f 4138 4139 4137
f 3811 4141 3858
f 3858 3812 3811
f 4137 4141 3811
f 3811 3812 4137
f 4149 4137 3818
f 4137 3812 3818
f 3818 3858 4149
f 3818 3812 3858
f 4647 3883 3876
f 3876 4304 4647
f 4647 4604 3883
f 4453 4648 4452
f 4453 4304 4648
f 4453 4647 4304
f 4452 3493 4453
f 3877 4607 3876
f 3876 4608 3877
f 3877 4608 4607
f 4613 4642 3575
f 4450 4608 4646
f 4609 4644 4129
f 3862 4644 4611
f 4644 3579 4611
f 1996 2423 2401
f 2401 2026 1996
f 2402 2026 2401
f 622 2402 2401
f 1997 2026 2016
f 623 916 953
f 623 2423 916
f 623 2401 2423
f 622 2401 623
f 623 2011 622
f 2012 2011 623
f 623 620 2012
f 906 910 912
f 912 911 906
f 898 900 631
f 617 614 951
f 614 620 951
f 951 935 617
f 951 936 935
f 951 953 938
f 938 936 951
f 951 623 953
f 620 623 951
f 631 900 904
f 904 903 631
f 2187 1948 3616
f 3616 3405 2187
f 3616 1948 1949
f 3616 1949 3397
f 3616 3397 3406
f 3406 3405 3616
f 1998 2312 2288
f 2003 2312 1998
f 1998 1999 2003
f 2186 1961 3409
f 3406 1945 3409
f 3409 1961 3406
f 3627 2266 1960
f 3627 1960 3406
f 3406 1961 3627
f 2352 2014 2008
f 1989 2014 2352
f 2008 2351 2352
f 2351 1989 2352
f 1992 1994 1999
f 1992 1998 2006
f 1999 1998 1992
f 2006 1986 1992
f 1986 1994 1992
f 2007 2014 2015
f 2008 2014 2007
f 2007 1994 2008
f 2015 2005 2007
f 1991 2014 1989
f 1989 1990 1991
f 2001 2009 1991
f 2009 2014 1991
f 1988 1985 2006
f 1988 1987 1985
f 2006 1998 1988
f 1982 1987 1988
f 1988 1983 1982
f 2266 1983 1988
f 3625 1963 3424
f 3424 1939 3625
f 3625 2213 1963
f 3625 1939 1981
f 1981 2213 3625
f 3614 2213 3626
f 3614 3626 3410
f 2446 2240 632
f 632 2397 2446
f 918 2397 632
f 2239 918 632
f 632 2240 2239
f 917 916 2399
f 2399 2422 917
f 954 916 917
f 917 955 954
f 2422 629 917
f 917 629 2435
f 2435 2398 917
f 917 2398 880
f 880 955 917
f 873 939 884
f 939 955 884
f 884 882 873
f 884 955 882
f 2426 2196 1867
f 704 2196 2426
f 2199 2196 704
f 2384 2196 2199
f 2344 2343 2359
f 2344 2177 2326
f 2326 2325 2344
f 2325 2343 2344
f 2360 2177 2344
f 2359 2360 2344
f 2252 2343 2342
f 2342 2343 2325
f 2342 2323 2341
f 2341 2250 2342
f 1882 2092 2093
f 1882 2086 2092
f 2093 2095 1882
f 2095 2086 1882
f 2097 2090 2088
f 2088 2086 2097
f 3623 2086 2088
f 2090 1881 2088
f 2088 1881 3623
f 2257 2077 2256
f 2256 2279 2257
f 1883 2255 2256
f 2255 2279 2256
f 2301 2300 2326
f 2301 2279 2300
f 2326 2302 2301
f 2302 2279 2301
f 3604 1929 3438
f 3438 3437 3604
f 3437 1925 3604
f 3604 1972 1929
f 3604 1925 1972
f 1984 1978 1969
f 1984 2058 2065
f 1984 1969 1968
f 1968 2058 1984
f 1984 2065 2237
f 1920 2062 1930
f 1930 2059 1920
f 1919 2058 1918
f 1918 3445 1919
f 1918 2062 3445
f 2123 2118 1865
f 1865 2122 2123
f 1865 2118 2125
f 3502 3504 3511
f 3502 3503 3504
f 2130 2128 3502
f 3502 2129 2130
f 2125 2124 3502
f 3492 3497 3496
f 3497 3503 3496
f 3494 3492 3496
f 3505 3503 3500
f 3500 3503 3497
f 4443 3505 3500
f 3500 3577 4444
f 2138 2136 2174
f 2174 2195 2138
f 2174 2136 3622
f 3622 2195 2174
f 2368 737 1836
f 1836 736 2368
f 737 736 1836
f 735 979 928
f 737 979 735
f 735 736 737
f 735 928 945
f 945 736 735
f 945 820 1844
f 1844 820 1839
f 1844 2368 945
f 1844 1839 738
f 738 979 1844
f 1844 979 2368
f 2321 2296 2320
f 2296 2295 2320
f 2339 2321 2320
f 2274 1859 1850
f 1832 2320 2295
f 1830 1827 1832
f 1832 1827 1824
f 2322 2323 2297
f 2297 2321 2322
f 2341 2323 2322
f 2322 2321 2339
f 1867 828 2197
f 2197 2371 2382
f 2227 2225 2371
f 2371 2225 2381
f 747 135 10
f 10 11 747
f 169 135 747
f 747 134 169
f 1829 2366 753
f 1829 814 1820
f 1829 753 814
f 1820 807 1829
f 1829 807 809
f 809 2366 1829
f 818 746 120
f 746 811 120
f 122 746 124
f 746 126 124
f 812 126 746
f 139 140 759
f 759 167 139
f 147 764 145
f 147 770 764
f 148 142 764
f 764 770 148
f 143 166 759
f 759 764 143
f 764 142 143
f 980 813 930
f 739 946 930
f 758 761 140
f 760 761 758
f 137 134 758
f 758 134 755
f 931 807 808
f 1815 806 982
f 982 969 1815
f 982 808 969
f 982 806 931
f 931 808 982
f 3477 1889 2087
f 2087 1894 3477
f 1889 1880 2087
f 2087 1880 1898
f 1898 1894 2087
f 2419 2362 864
f 993 2362 2419
f 864 861 2419
f 2419 861 993
f 2372 2283 862
f 2283 2431 862
f 864 2372 862
f 1927 2067 1916
f 2063 2067 1927
f 1927 3454 2063
f 1916 2067 3600
f 3600 2067 3455
f 1908 1911 1921
f 1912 1911 1908
f 1921 1909 1908
f 1908 1909 1912
f 2076 1896 2075
f 2075 1896 1900
f 2075 3463 2076
f 2075 1900 3463
f 2182 2303 2211
f 2211 2179 2210
f 2211 2303 2176
f 2176 2179 2211
f 2211 2210 2183
f 2183 2182 2211
f 2072 2073 2074
f 2072 2258 2259
f 2259 2073 2072
f 671 28 670
f 696 693 692
f 709 696 692
f 692 713 709
f 837 713 692
f 692 688 837
f 688 692 680
f 974 852 2416
f 852 922 2416
f 2416 922 2346
f 2416 2347 974
f 2346 2347 2416
f 2346 922 2417
f 2417 922 852
f 1878 2386 843
f 843 1876 1878
f 1878 2234 2386
f 1878 1876 2203
f 2203 2234 1878
f 2412 2411 685
f 685 840 2412
f 19 698 833
f 698 703 833
f 101 102 715
f 961 826 962
f 961 2425 826
f 333 1142 1131
f 333 332 1142
f 333 1131 1141
f 1141 545 333
f 343 545 1672
f 342 344 580
f 342 343 344
f 545 343 342
f 1142 332 1147
f 1147 417 1142
f 358 73 55
f 51 353 358
f 358 52 51
f 75 353 51
f 196 353 75
f 353 49 48
f 355 353 48
f 48 352 355
f 48 348 352
f 341 79 42
f 42 41 341
f 81 349 341
f 341 41 81
f 45 46 348
f 341 349 80
f 80 349 352
f 352 46 80
f 338 412 408
f 408 350 338
f 589 563 1104
f 1104 563 1100
f 1104 593 589
f 1100 593 1104
f 390 377 373
f 373 372 586
f 564 372 373
f 373 365 564
f 368 365 373
f 373 377 368
f 885 887 889
f 889 890 885
f 870 639 645
f 870 640 639
f 639 641 642
f 642 636 639
f 625 888 886
f 886 630 625
f 938 888 625
f 625 624 938
f 625 630 624
f 879 878 895
f 878 896 895
f 893 878 894
f 893 896 878
f 997 616 621
f 998 997 621
f 621 901 998
f 937 901 621
f 621 952 937
f 621 616 952
f 1099 397 587
f 587 1098 1099
f 586 572 394
f 390 373 394
f 394 373 586
f 394 397 398
f 394 587 397
f 572 587 394
f 394 392 390
f 398 392 394
f 396 397 1107
f 1099 1098 1107
f 1107 397 1099
f 1107 1098 2513
f 379 67 68
f 68 62 379
f 858 648 871
f 858 871 882
f 882 940 858
f 645 648 606
f 940 651 941
f 868 2420 966
f 966 2420 2432
f 2432 651 966
f 966 2433 2394
f 966 651 2433
f 650 651 2432
f 650 2431 665
f 650 862 2431
f 667 679 678
f 678 824 667
f 842 824 678
f 678 693 842
f 679 680 678
f 3446 4492 4237
f 4237 4491 3446
f 3447 4491 4237
f 3448 3602 3953
f 3952 3448 3953
f 3953 3954 3952
f 4569 3440 4302
f 4569 4208 3440
f 4302 3963 4569
f 3963 4208 4569
f 1964 1973 3428
f 3428 1973 1937
f 3423 1964 3428
f 3428 1937 3423
f 1964 1938 1935
f 1935 1973 1964
f 1938 1973 1935
f 2056 1973 3624
f 3624 1973 1938
f 3436 2056 3624
f 3624 1938 3436
f 4013 4548 4532
f 4532 4430 4013
f 4013 4011 4012
f 4012 4548 4013
f 4656 4009 4008
f 4656 4008 4535
f 4535 3380 4656
f 4538 4009 4656
f 4656 3380 4538
f 2649 2648 2651
f 2651 2833 2649
f 2576 2535 2649
f 2535 2648 2649
f 2649 2545 2576
f 2649 2833 2545
f 3089 2856 2494
f 2494 2855 3089
f 3089 2855 2835
f 2854 3088 2853
f 2853 2835 2854
f 2835 2855 2854
f 2494 3088 2854
f 2854 2855 2494
f 2849 2831 2826
f 2504 2506 2502
f 2506 2520 2502
f 2502 2520 3083
f 1088 1091 2865
f 2865 1089 1088
f 1088 1089 1091
f 2863 1095 1094
f 1094 1095 1097
f 3634 2460 2475
f 3634 2480 2460
f 2530 2508 2526
f 2530 3631 2508
f 4077 4289 4560
f 4560 4234 4077
f 4560 4289 3611
f 3611 4234 4560
f 4559 3611 4075
f 4075 4234 4559
f 4559 4234 3611
f 4079 4562 3425
f 3425 4561 4079
f 4079 4077 4562
f 4079 4561 4077
f 1628 1503 1604
f 1663 1500 1628
f 1628 1500 1503
f 1732 1472 1532
f 1745 516 1698
f 556 1699 1698
f 1698 516 556
f 1679 1608 1698
f 1698 1608 1745
f 1698 1584 1679
f 1699 1584 1698
f 304 287 308
f 308 287 432
f 309 304 308
f 308 432 309
f 244 242 199
f 471 540 470
f 471 1735 556
f 470 1735 471
f 556 1734 471
f 454 472 463
f 472 540 463
f 463 244 454
f 253 242 244
f 1725 1667 465
f 465 1678 1724
f 465 1667 1678
f 449 253 255
f 132 263 252
f 252 449 132
f 1724 1678 1733
f 1678 1583 1733
f 1562 1666 1733
f 1733 1583 1562
f 1408 1409 1400
f 1400 1403 1408
f 1400 1409 1183
f 1400 1183 1416
f 1416 1403 1400
f 1412 1399 1405
f 1405 1399 1407
f 1405 1403 1418
f 1407 1408 1405
f 1408 1403 1405
f 1418 1419 1405
f 1405 1419 1417
f 1417 1420 1405
f 1405 1420 1412
f 296 1552 522
f 522 1551 296
f 1690 1551 1530
f 296 1551 1690
f 1531 1179 1180
f 1714 560 296
f 1526 560 1714
f 296 1690 1714
f 1552 560 1731
f 1731 560 429
f 1498 1552 1731
f 429 283 280
f 1386 1389 1392
f 1553 1554 1392
f 1392 1187 1553
f 1188 1187 1392
f 1392 1555 1386
f 1554 1555 1392
f 1191 1198 1192
f 1192 1389 1191
f 1204 1198 1191
f 1387 1204 1191
f 2911 2984 2909
f 2683 2911 2909
f 2909 2814 2683
f 3187 2814 2909
f 2909 2984 3187
f 2685 2689 999
f 999 2813 2685
f 2685 2813 2689
f 2689 2813 2811
f 2911 2689 2811
f 2811 2557 2812
f 2811 2813 2557
f 2812 2910 2811
f 2910 2911 2811
f 1007 2691 2690
f 3199 2902 2904
f 2904 2902 1013
f 1202 1209 1210
f 1210 1212 3104
f 1210 1209 1207
f 3104 3190 1210
f 1210 3190 1202
f 1210 1207 1380
f 1380 1212 1210
f 1214 1211 1221
f 1221 1211 1215
f 1215 1212 1221
f 1213 1211 1214
f 1213 3312 1211
f 1213 1214 3104
f 3104 3312 1213
f 3189 3190 1200
f 3189 3317 3190
f 3189 1200 1209
f 1209 1205 3189
f 3189 1205 1199
f 1199 3317 3189
f 1202 3190 1203
f 1203 1205 1202
f 1199 1205 1203
f 3200 3201 3202
f 2883 2912 2681
f 2681 2915 2883
f 3182 3186 2883
f 3186 2912 2883
f 2915 2986 2883
f 2883 2986 3182
f 1629 1630 1611
f 1651 1630 1629
f 1605 1479 1604
f 1216 1479 1605
f 1665 1677 461
f 461 1677 1582
f 1582 1560 1664
f 1506 1648 1693
f 261 274 260
f 260 274 262
f 456 260 262
f 262 273 443
f 262 274 273
f 443 255 262
f 262 255 456
f 436 435 288
f 518 1743 1647
f 1647 1743 1648
f 276 559 1742
f 575 559 276
f 520 276 448
f 1278 1232 1233
f 1371 3214 1220
f 1220 1229 1371
f 3208 3214 1371
f 1371 3212 3208
f 3302 3212 1231
f 3307 1370 1227
f 1373 3307 1227
f 1227 1229 1373
f 1227 1371 1229
f 2645 3660 3678
f 2645 2646 3660
f 3678 2643 2645
f 2948 2646 2645
f 2645 2949 2948
f 2643 2949 2645
f 2918 2678 2675
f 2675 2678 2820
f 423 304 309
f 310 185 423
f 318 309 305
f 319 337 335
f 335 350 349
f 335 338 350
f 337 338 335
f 434 1526 1530
f 1530 1528 434
f 429 1526 434
f 434 1528 429
f 306 305 429
f 429 1528 306
f 306 428 299
f 1530 1551 1499
f 1499 1528 1530
f 1551 522 1499
f 1552 1496 1499
f 1499 522 1552
f 424 1686 1712
f 424 312 1686
f 576 1495 425
f 576 424 1524
f 576 1524 1523
f 425 312 576
f 312 424 576
f 3133 3132 3130
f 3130 3136 3133
f 2972 3136 3135
f 2972 2623 2611
f 3134 2972 3135
f 3134 3135 3130
f 2611 2973 2617
f 2617 2972 2611
f 2850 2827 2595
f 2850 2623 2827
f 2595 1054 2850
f 2611 2623 2850
f 2618 2616 2848
f 2848 1054 2851
f 2851 2852 2848
f 2848 2852 3125
f 2105 1885 2106
f 1885 2104 2106
f 2106 2277 2105
f 2106 2104 1870
f 1870 2275 2106
f 2119 2104 2111
f 2108 2115 2111
f 2115 2119 2111
f 2111 2103 2108
f 2111 2104 2103
f 4232 4509 3415
f 3415 4554 4232
f 4508 4554 3415
f 3416 4508 3415
f 3415 4509 3416
f 3613 4509 4232
f 4232 4233 3613
f 4233 4507 3613
f 3416 4509 3613
f 3613 4507 3416
f 3610 4236 4566
f 4566 4290 3433
f 3433 3610 4566
f 4206 4290 4566
f 4566 4236 4206
f 4734 4768 4788
f 4788 4770 4734
f 4787 4768 4734
f 4734 4791 4787
f 1043 2550 2541
f 1042 1043 2541
f 2541 2542 1042
f 2541 4339 2542
f 2541 2550 4339
f 3820 4134 4133
f 3820 4129 4134
f 4171 3550 3549
f 4171 4167 4170
f 4168 4619 4169
f 4169 4167 4168
f 4168 4167 4619
f 4300 3543 4620
f 4620 3543 3541
f 4169 4300 4620
f 3541 3540 4620
f 4169 4621 4629
f 4433 3542 3533
f 3533 3543 4433
f 4433 4300 3542
f 4433 3543 4300
f 3573 4640 4641
f 3512 3505 3571
f 3514 4637 4616
f 3532 3535 3533
f 3533 3534 3532
f 3532 3534 4150
f 4147 3525 3524
f 3524 3517 3520
f 3517 3518 3520
f 3520 3518 4634
f 4634 3518 4229
f 3518 4633 4229
f 4229 4633 3822
f 4229 4146 4634
f 3822 4146 4229
f 2908 1005 1003
f 3195 3194 3199
f 3195 3049 3194
f 3188 3313 3314
f 3313 2908 3314
f 3315 2814 3187
f 3187 3188 3315
f 3188 3191 3315
f 4680 3842 4678
f 4680 4697 4684
f 4680 4678 4697
f 4316 4314 4676
f 4676 4313 4316
f 4676 4675 4313
f 4676 4314 4315
f 4149 3858 4676
f 3858 3857 4676
f 4676 3857 4128
f 4128 3867 4676
f 4676 3867 3866
f 3866 4127 4676
f 4676 4127 3870
f 4676 3870 4126
f 4179 4161 4173
f 4173 4163 4179
f 4161 4166 4173
f 4166 4163 4173
f 4760 4357 4759
f 4759 4358 4760
f 4760 4358 4357
f 4757 4764 4755
f 4764 4744 4755
f 4347 4757 4755
f 4755 4744 4347
f 4670 4715 4664
f 4664 3819 4670
f 3819 4668 4670
f 4715 4668 4669
f 4693 4715 4669
f 4669 3819 4673
f 4669 4668 3819
f 4673 4696 4669
f 1026 1025 2699
f 1025 2704 2699
f 2699 1027 1026
f 2699 2704 1027
f 2803 3206 3306
f 2802 3206 2803
f 3306 2884 2803
f 1019 2695 2692
f 2692 1020 1019
f 2695 1020 2692
f 2693 2900 2695
f 3204 3205 2694
f 3204 2900 3309
f 2694 2900 3204
f 3309 3105 3204
f 3105 3205 3204
f 2697 2981 3107
f 2802 2697 3107
f 3107 2981 3105
f 3107 3206 2802
f 3107 3105 3106
f 3106 3206 3107
f 2980 2975 3253
f 3262 3256 3253
f 3253 3256 3080
f 3080 2978 3253
f 3253 2978 2980
f 3253 3266 3293
f 3253 3250 3266
f 3350 3250 3360
f 3266 3250 3350
f 2976 2759 2977
f 2977 3253 2976
f 2977 2759 2879
f 2879 3253 2977
f 3361 1793 3116
f 3115 3361 3116
f 3116 3117 3115
f 3117 3116 3357
f 3359 3250 3251
f 3117 3357 3251
f 3115 3117 3251
f 3251 3250 3115
f 3252 3250 3359
f 2770 3250 2767
f 2879 2759 2767
f 2767 3253 2879
f 3250 3253 2767
f 3275 3250 2769
f 2774 3250 3275
f 3275 2769 2765
f 2765 2774 3275
f 990 987 972
f 987 799 972
f 972 985 990
f 986 985 972
f 972 799 986
f 795 797 796
f 795 799 797
f 796 782 795
f 782 779 795
f 779 799 795
f 1668 1669 1754
f 1754 1752 1668
f 1708 1752 1754
f 1682 1709 1708
f 1708 1754 1682
f 1682 1754 1669
f 1668 1656 1635
f 1635 1656 1634
f 204 205 1350
f 207 204 1337
f 1323 1682 1669
f 1330 214 207
f 552 537 216
f 216 209 552
f 552 209 208
f 208 212 552
f 496 226 497
f 496 222 221
f 221 226 496
f 535 551 536
f 536 219 535
f 537 552 535
f 537 222 512
f 1353 1355 1740
f 1740 1340 1353
f 198 1355 1353
f 1797 1807 800
f 800 1795 1797
f 800 1807 801
f 802 1795 800
f 800 801 802
f 473 230 229
f 230 228 229
f 230 233 234
f 234 228 230
f 453 245 452
f 452 476 453
f 230 477 452
f 452 477 476
f 472 453 474
f 474 555 472
f 474 453 539
f 539 555 474
f 224 1726 1359
f 1726 224 514
f 1736 1701 514
f 1701 555 514
f 1295 1585 1701
f 1701 1307 1295
f 1735 1585 1295
f 1294 1563 1295
f 1295 1563 1735
f 227 1746 1537
f 1537 1536 227
f 1680 1536 1537
f 231 1585 1735
f 231 1536 1585
f 1735 515 231
f 515 1536 231
f 483 477 482
f 475 477 473
f 479 477 475
f 1296 1319 1294
f 1294 1295 1296
f 1296 1295 1307
f 1331 1704 1321
f 1703 1307 1305
f 1301 1704 1331
f 1301 1727 1704
f 1300 1727 1301
f 513 1727 1300
f 513 553 218
f 218 1727 513
f 1564 1293 1586
f 1293 1303 1586
f 1586 1565 1564
f 1612 1303 1308
f 149 151 776
f 776 150 149
f 1312 1299 1313
f 1312 1313 1319
f 1312 1320 1310
f 1319 1318 1312
f 1318 1320 1312
f 3340 1280 3285
f 3240 3340 3285
f 3285 1242 3240
f 1367 3223 1368
f 3223 1242 1368
f 1368 1280 1367
f 1238 3301 1277
f 3222 3301 1238
f 1238 1237 3222
f 3215 3028 2885
f 2706 2701 2885
f 3217 2706 2885
f 2885 3028 3217
f 2700 3215 2885
f 2885 2701 2700
f 2718 2888 1079
f 2897 2888 2718
f 2593 2547 1058
f 1058 2546 1046
f 1058 2547 2546
f 2886 2709 2798
f 3023 3300 2798
f 2798 2799 3023
f 2798 2709 2799
f 3284 2886 2798
f 2798 3300 3284
f 2758 2763 2762
f 2765 2769 2762
f 2762 2764 2765
f 2762 2763 2764
f 2769 2770 2762
f 2770 2767 2762
f 2762 2767 2759
f 4319 2758 2762
f 2762 2759 4319
f 3294 2775 2772
f 3244 2775 3294
f 2772 2768 2779
f 2779 2768 3072
f 2779 3072 3244
f 3245 2777 3246
f 3072 2777 3245
f 3245 3246 3244
f 3244 3072 3245
f 3298 3336 1513
f 3298 3296 3112
f 3112 3336 3298
f 1250 1484 3299
f 3299 3112 1250
f 1484 1512 3299
f 1513 3336 1539
f 1539 3336 1565
f 1538 1512 1246
f 1564 1565 1538
f 1565 3336 1538
f 1246 1287 1538
f 1538 1289 1564
f 1287 1289 1538
f 218 1317 1316
f 1516 1364 1365
f 1365 1363 1516
f 1365 1364 1366
f 1366 3274 1365
f 3274 1363 1365
f 3276 1248 3118
f 1541 1543 3276
f 3276 1543 1248
f 1247 1248 1517
f 3115 1248 1247
f 1361 1362 3272
f 3271 3115 1361
f 1361 3272 3271
f 1517 1543 1361
f 1361 1543 1362
f 2881 2890 2752
f 2881 3238 2890
f 2752 2877 2881
f 2877 3069 2881
f 3069 3238 2881
f 3111 3239 3278
f 3278 3235 3111
f 3278 3239 2782
f 2792 3235 3278
f 3278 2782 2792
f 3538 2222 2223
f 2223 2194 3538
f 2248 2273 1847
f 1847 2249 2248
f 1847 2273 2131
f 1847 2131 1845
f 1847 1845 1846
f 1846 2249 1847
f 3529 3522 3530
f 3530 2142 3529
f 2144 2146 2172
f 2144 2145 2146
f 2144 2172 2147
f 2147 2145 2144
f 2172 2148 2193
f 2147 2172 2193
f 2149 2222 2193
f 2193 2148 2149
f 3342 1789 1788
f 3342 1788 1787
f 4573 3452 4292
f 4211 4210 4292
f 4292 4210 4573
f 4292 4240 4211
f 4240 4292 3451
f 3451 4292 3452
f 3451 3452 3450
f 4488 4239 3451
f 3451 4239 4240
f 3451 3450 4488
f 4460 3489 3484
f 4598 3489 4460
f 3490 4600 4458
f 4458 3484 3490
f 4463 4597 3485
f 4597 4462 3485
f 3484 4463 3485
f 3485 4462 3484
f 3484 4462 4461
f 4461 4460 3484
f 4598 4460 4461
f 4458 4600 4225
f 4225 4602 4458
f 4225 4600 4226
f 4226 4602 4225
f 4603 4457 4227
f 4457 4602 4227
f 3876 4603 4227
f 4226 3876 4227
f 4227 4602 4226
f 3482 4593 4464
f 3482 4465 4593
f 3482 4464 3481
f 3481 4465 3482
f 4479 4482 4654
f 4654 4655 4479
f 3928 4585 3930
f 3930 4655 3928
f 4585 4655 3930
f 4653 4475 4219
f 4475 4588 4219
f 3928 4653 4219
f 4219 4588 3928
f 4295 4652 3928
f 3928 4588 4295
f 4295 4588 4652
f 4117 3932 3914
f 4117 3938 3932
f 3914 3927 4117
f 3927 3938 4117
f 3933 3938 3941
f 3932 3938 3933
f 3936 3937 3933
f 3933 3931 3932
f 3934 3932 3935
f 3934 4119 3932
f 3934 3935 3794
f 3794 4119 3934
f 3924 4119 3794
f 3932 4119 3924
f 3924 3919 3932
f 3898 3906 3897
f 3897 3919 3920
f 3794 3945 3944
f 4101 4097 3794
f 3794 4102 4101
f 4101 3940 4097
f 4101 4102 3940
f 3946 3945 3794
f 3794 4108 3946
f 4108 3933 3946
f 4092 3950 3969
f 4307 4305 3794
f 4033 4037 4307
f 4037 4305 4307
f 3794 4097 3977
f 3976 3975 3977
f 3977 3972 3976
f 4035 4034 3794
f 3975 4034 4035
f 4123 3893 3898
f 3898 3901 4123
f 4123 4676 3893
f 3901 4676 4123
f 3874 3890 3885
f 3890 4676 3885
f 3878 3879 3869
f 3869 3874 3878
f 3874 3882 3878
f 3882 4676 3878
f 3878 4676 3879
f 1869 1872 2120
f 1869 2116 2117
f 2117 1872 1869
f 1869 2120 3581
f 1809 768 983
f 971 1813 983
f 1813 1809 983
f 983 768 772
f 805 971 983
f 983 772 805
f 767 768 766
f 774 772 771
f 772 768 771
f 768 767 771
f 964 779 771
f 771 779 774
f 771 984 964
f 771 767 984
f 2439 989 778
f 778 963 2439
f 1804 989 2439
f 2439 963 1804
f 3887 4124 3875
f 3875 4125 3887
f 3875 4124 3869
f 3869 3861 3875
f 3864 4125 3875
f 3875 3861 3864
f 4137 3847 3850
f 3850 3847 3853
f 3849 3852 3850
f 3850 3848 3849
f 3850 3852 3851
f 3853 3858 3850
f 3858 3848 3850
f 3850 4138 4137
f 3851 4138 3850
f 4317 4311 4149
f 4149 4309 4317
f 3817 4311 4317
f 4317 4309 3817
f 4310 4315 3817
f 3817 4309 4310
f 4310 4676 4315
f 4310 4309 4149
f 4149 4676 4310
f 4667 4735 4736
f 4736 4682 4667
f 4667 4682 4735
f 3495 4453 3493
f 4604 4647 3495
f 4647 4453 3495
f 3574 3575 4642
f 3574 4643 4443
f 3574 4642 4643
f 4443 3500 3574
f 3574 3500 3575
f 3497 4447 3580
f 4449 4450 4646
f 3497 4450 4449
f 4452 4607 4451
f 4451 3493 4452
f 4607 4608 4451
f 4608 4450 4451
f 4451 3497 3493
f 4451 4450 3497
f 4610 4609 4129
f 4445 3579 4644
f 4644 4609 4445
f 3497 3579 4445
f 4445 3500 3497
f 1995 2423 1996
f 1996 2026 1995
f 2026 1997 1995
f 916 2423 1995
f 2016 2001 2436
f 2436 1997 2016
f 897 631 879
f 897 898 631
f 908 903 194
f 3411 3412 3410
f 3410 3626 3411
f 2186 3412 3411
f 1962 3410 3424
f 1962 2049 3410
f 3424 1963 1962
f 1962 1963 2185
f 2288 2266 2287
f 2287 1998 2288
f 2266 1988 2287
f 2287 1988 1998
f 2186 3409 1944
f 1944 3409 1945
f 1945 3412 1944
f 1944 3412 2186
f 2214 3627 1961
f 2214 1961 2186
f 2186 3411 2214
f 2214 3411 3626
f 1999 1994 2004
f 1994 2007 2004
f 2005 1999 2004
f 2004 2007 2005
f 2002 2435 2000
f 2002 1990 2435
f 2002 1991 1990
f 2000 2400 2002
f 2400 2436 2002
f 2001 1991 2002
f 2002 2436 2001
f 3410 2049 3615
f 3615 3614 3410
f 3615 2049 2185
f 2185 2213 3615
f 2213 3614 3615
f 710 712 724
f 726 714 724
f 724 714 710
f 705 2426 1867
f 1867 2197 705
f 705 2197 2382
f 2382 712 705
f 712 2426 705
f 711 712 710
f 711 2426 712
f 2427 832 711
f 832 704 711
f 704 2426 711
f 711 2231 2427
f 711 831 2231
f 711 710 831
f 832 2384 700
f 832 700 835
f 835 700 994
f 2324 2325 2299
f 2324 2342 2325
f 2299 2323 2324
f 2323 2342 2324
f 2251 2342 2250
f 1858 1867 2251
f 2251 2250 1858
f 2251 1867 2252
f 2252 2342 2251
f 2084 2256 2077
f 1883 2256 2084
f 1922 1924 1976
f 1976 1978 1922
f 1978 1984 1922
f 1922 1984 2237
f 2237 1923 1922
f 1922 1923 1924
f 1928 1918 2058
f 1928 2058 1926
f 1928 1930 2062
f 2062 1918 1928
f 1926 2059 1928
f 2059 1930 1928
f 1861 1856 2122
f 2122 1865 1861
f 2128 1856 1861
f 2126 1865 2125
f 2125 3502 2126
f 2126 3502 2128
f 2128 1861 2126
f 2126 1861 1865
f 3501 2124 2123
f 3501 3502 2124
f 2123 2122 3501
f 3501 2122 2121
f 2121 3581 3501
f 3494 3496 3501
f 3581 2120 3501
f 3503 3502 3501
f 3501 3496 3503
f 3501 3498 3494
f 2120 3498 3501
f 3576 3500 4444
f 3575 3500 3576
f 3576 4444 4613
f 4613 3575 3576
f 2369 1841 1840
f 1841 722 1840
f 1840 722 721
f 721 944 1840
f 1840 944 2369
f 723 1841 927
f 723 722 1841
f 723 927 721
f 721 722 723
f 739 1842 1828
f 814 813 1828
f 1820 814 1828
f 1828 1823 1820
f 1849 2295 2274
f 2274 1850 1849
f 1849 1832 2295
f 1853 1859 1860
f 1853 1850 1859
f 1825 2320 1833
f 2320 1832 1833
f 1824 1825 1833
f 1833 1832 1824
f 2339 1848 2340
f 2340 2322 2339
f 1848 2341 2340
f 2341 2322 2340
f 2226 2197 828
f 2371 2197 2226
f 2408 2225 925
f 2225 2227 925
f 925 827 2408
f 925 2227 827
f 2408 827 926
f 827 2381 926
f 926 2225 2408
f 926 2381 2225
f 2382 2371 967
f 2371 2381 967
f 128 746 130
f 128 812 746
f 748 750 980
f 980 930 748
f 749 750 748
f 748 946 749
f 748 930 946
f 816 813 947
f 816 930 813
f 947 810 816
f 744 815 816
f 816 810 744
f 816 815 739
f 739 930 816
f 754 141 168
f 754 138 137
f 137 758 754
f 140 141 754
f 754 758 140
f 755 756 757
f 757 758 755
f 756 810 757
f 757 810 760
f 760 758 757
f 968 808 807
f 969 808 968
f 1820 1811 968
f 968 807 1820
f 968 1811 1817
f 1817 969 968
f 3455 3454 2068
f 2068 3600 3455
f 1916 3600 2068
f 2068 1927 1916
f 3454 1927 2068
f 672 24 671
f 671 670 672
f 671 674 677
f 677 87 671
f 669 28 671
f 671 87 669
f 676 674 842
f 842 675 676
f 693 92 687
f 687 89 693
f 696 698 697
f 842 693 841
f 693 89 841
f 2414 2175 943
f 943 840 2414
f 2414 840 685
f 682 2235 2175
f 2175 2440 682
f 685 688 684
f 688 680 684
f 959 682 684
f 684 682 2440
f 684 2441 959
f 684 679 666
f 684 680 679
f 2345 2236 849
f 2442 2346 921
f 2346 2417 921
f 921 852 2442
f 921 2417 852
f 2386 2234 1877
f 1877 2234 2411
f 2411 2412 1877
f 836 97 698
f 696 95 836
f 836 698 696
f 702 703 698
f 698 97 702
f 108 17 708
f 709 109 108
f 108 708 709
f 100 834 708
f 708 17 100
f 709 708 96
f 708 834 98
f 98 99 708
f 715 16 719
f 719 101 715
f 729 117 734
f 733 117 729
f 729 742 733
f 718 2379 2407
f 725 962 743
f 725 961 962
f 743 741 725
f 712 961 725
f 725 724 712
f 1672 344 1660
f 1660 343 1672
f 344 343 1660
f 545 342 529
f 529 333 545
f 412 333 529
f 529 342 580
f 580 410 529
f 410 412 529
f 364 74 358
f 358 55 364
f 76 49 353
f 353 196 76
f 50 348 77
f 348 48 77
f 78 348 50
f 78 45 348
f 47 79 341
f 341 80 47
f 412 338 413
f 332 333 413
f 413 333 412
f 1098 587 590
f 1110 1098 590
f 590 587 572
f 585 1110 590
f 590 572 585
f 395 1106 396
f 396 1107 395
f 2513 1106 395
f 395 1107 2513
f 657 648 658
f 648 858 658
f 658 659 657
f 658 858 940
f 940 941 658
f 869 2421 868
f 868 966 869
f 874 2444 869
f 869 2393 874
f 2394 2393 869
f 869 966 2394
f 652 2432 867
f 652 650 2432
f 867 2392 652
f 2392 861 652
f 652 861 864
f 864 862 652
f 862 650 652
f 855 941 651
f 651 650 855
f 659 658 855
f 855 658 941
f 667 659 855
f 855 665 667
f 855 650 665
f 693 678 689
f 689 678 680
f 689 692 693
f 689 680 692
f 4291 4237 3954
f 3954 3953 4291
f 3447 4237 4291
f 4291 3953 3602
f 4291 3602 3447
f 4238 4492 3603
f 4238 4237 4492
f 3954 4237 4238
f 2817 3637 3636
f 2826 2817 3636
f 3636 2849 2826
f 3636 3637 1082
f 1082 3093 3636
f 3093 2849 3636
f 2494 2496 2495
f 2499 2502 3083
f 2499 3083 3087
f 2518 2519 2499
f 2494 2518 2499
f 3087 3088 2499
f 2499 3088 2494
f 1096 1097 2863
f 2863 1094 1096
f 1096 1094 1097
f 1663 1628 1478
f 1478 1479 1216
f 1604 1479 1478
f 1478 1628 1604
f 1504 520 448
f 1504 1503 575
f 1500 1732 1502
f 1502 1732 1532
f 1502 1532 575
f 575 1500 1502
f 542 1472 1717
f 1472 1732 1717
f 277 559 575
f 575 1532 277
f 1532 1472 277
f 1472 1741 277
f 1718 1472 542
f 304 303 179
f 257 447 252
f 455 256 252
f 247 471 1734
f 540 471 247
f 242 253 243
f 1501 1180 1498
f 1501 1531 1180
f 1498 1731 1501
f 1501 1731 1531
f 1527 1690 1530
f 1527 1714 1690
f 1530 1526 1527
f 1526 1714 1527
f 279 283 275
f 279 280 283
f 559 277 279
f 279 277 1741
f 279 261 1692
f 279 1692 1742
f 1742 559 279
f 275 274 279
f 274 261 279
f 1190 1389 1192
f 1190 1392 1389
f 1190 1192 1188
f 1188 1392 1190
f 1007 2690 1010
f 4365 1007 1010
f 1010 4360 4365
f 1011 2904 1013
f 1011 2690 2691
f 1011 1010 2690
f 1011 1013 4360
f 4360 1010 1011
f 1208 1212 1380
f 1208 1221 1212
f 1380 1381 1208
f 1208 1381 1214
f 1214 1221 1208
f 3190 3317 3318
f 3318 1203 3190
f 3318 3317 1199
f 1199 1203 3318
f 1219 1378 1379
f 1379 1226 1219
f 1379 3202 1226
f 1379 1378 3200
f 3200 3202 1379
f 1374 3201 1375
f 1374 3202 3201
f 1226 3202 1374
f 1377 1226 1374
f 1374 3207 1377
f 1375 3207 1374
f 1282 1224 1272
f 1272 1273 1282
f 1507 1604 1505
f 1507 1664 1560
f 1507 1560 1559
f 1607 1605 1559
f 1629 1605 1607
f 1607 1559 1558
f 1607 1558 1651
f 1651 1629 1607
f 246 260 456
f 246 1733 1666
f 456 247 246
f 246 247 1733
f 460 461 1582
f 1582 1664 460
f 460 1664 260
f 260 246 460
f 282 173 289
f 288 173 282
f 443 435 442
f 435 269 442
f 442 255 443
f 449 255 442
f 442 133 132
f 442 132 449
f 451 261 558
f 1692 261 451
f 558 574 451
f 451 1504 1692
f 451 574 1648
f 1648 1506 451
f 451 1506 1505
f 1505 1503 451
f 1503 1504 451
f 1648 574 1720
f 1720 1647 1648
f 1720 519 1647
f 1719 276 1742
f 448 276 1719
f 1742 1646 1719
f 1719 1646 448
f 575 276 1473
f 276 520 1473
f 1473 1504 575
f 520 1504 1473
f 1274 1278 1225
f 1274 1370 1275
f 1225 1370 1274
f 1232 1278 1274
f 1275 1276 1274
f 1276 1232 1274
f 1230 3221 3302
f 3302 1231 1230
f 1225 1278 3304
f 3212 1225 3304
f 3304 1231 3212
f 1371 1227 3213
f 3213 1225 3212
f 3212 1371 3213
f 3213 1370 1225
f 3213 1227 1370
f 2991 2918 2821
f 2918 2675 2821
f 2821 2993 2991
f 2821 2820 2993
f 2821 2675 2820
f 187 185 310
f 183 303 184
f 184 303 304
f 315 192 415
f 309 318 320
f 320 423 309
f 415 423 320
f 300 1169 1687
f 319 335 334
f 415 320 334
f 334 318 319
f 334 320 318
f 1675 1685 1170
f 1689 1494 1497
f 543 1494 1689
f 1689 428 543
f 1689 295 428
f 1688 295 1689
f 543 428 1730
f 428 306 1730
f 1730 306 1528
f 1730 1499 1496
f 1528 1499 1730
f 1730 1494 543
f 1730 1496 1494
f 592 1525 419
f 419 295 592
f 428 295 419
f 299 428 419
f 524 424 1712
f 1524 424 524
f 1712 1523 524
f 1523 1524 524
f 1495 576 1676
f 1676 576 1523
f 1676 1523 1686
f 1676 1687 1495
f 1676 1686 1687
f 2619 3134 2971
f 2972 3134 2619
f 2623 2972 2621
f 2582 2623 2621
f 2972 2619 2621
f 2621 2580 2582
f 2621 2619 2971
f 2622 2580 2621
f 2621 2971 2622
f 1080 2971 3137
f 2971 3134 3137
f 3137 3130 1080
f 3137 3134 3130
f 3087 3127 3126
f 3126 3127 2973
f 3132 2617 2974
f 2974 2617 2973
f 2620 3133 3136
f 3136 2972 2620
f 2972 2617 2620
f 3132 3133 2620
f 2620 2617 3132
f 2624 1054 2611
f 2611 2850 2624
f 2624 2850 1054
f 2615 2614 2618
f 2618 2848 2615
f 3125 2614 2615
f 2615 2848 3125
f 1054 2848 1081
f 1081 2973 1054
f 1081 2848 2616
f 1081 3126 2973
f 1081 2616 3087
f 3087 3126 1081
f 2831 3091 3635
f 2856 3089 3635
f 2835 2831 3635
f 3635 3089 2835
f 2532 3093 3086
f 2532 3091 2831
f 2532 2849 3093
f 2831 2849 2532
f 2277 2106 2276
f 2276 2298 2299
f 2299 2277 2276
f 2276 2106 2275
f 2297 2298 2276
f 2276 2275 2297
f 4638 4641 3846
f 4641 4640 3846
f 3846 3820 3822
f 4129 3820 3846
f 3846 3822 4636
f 4636 4617 3846
f 3846 4640 4615
f 4615 4643 3846
f 3846 4643 4129
f 4228 3820 4133
f 4133 4197 4228
f 4197 4198 4228
f 3549 4167 4628
f 4628 4171 3549
f 4167 4171 4628
f 4175 4431 3550
f 3550 4171 4175
f 4622 4431 4175
f 4175 4170 4622
f 4175 4171 4170
f 4255 4621 4169
f 4169 4620 4255
f 4255 3540 4621
f 4255 4620 3540
f 4621 3540 4434
f 4434 4629 4621
f 3535 4629 4434
f 3533 3535 4434
f 4434 3540 3533
f 3509 4617 4441
f 3510 3505 4441
f 3505 3509 4441
f 4441 4636 3510
f 4441 4617 4636
f 4442 4640 4428
f 4640 3573 4428
f 4428 3505 4442
f 4428 3573 3505
f 3506 3505 4429
f 3505 3573 4429
f 4429 4641 3506
f 4429 3573 4641
f 3510 4636 4438
f 4636 3571 4438
f 4438 3505 3510
f 4438 3571 3505
f 3845 3571 4636
f 4637 3571 3845
f 4636 3822 3845
f 3822 4637 3845
f 4439 3571 4637
f 4637 3514 4439
f 3512 3571 4439
f 4439 3514 3512
f 4436 3513 3512
f 3512 3514 4436
f 4436 3514 4616
f 4631 3532 4150
f 4631 4150 4169
f 4169 4629 4631
f 4631 4629 3535
f 3535 3532 4631
f 4630 4150 3531
f 4145 4147 3524
f 4145 3520 4634
f 3524 3520 4145
f 4634 4146 4145
f 4146 4147 4145
f 3822 4618 4253
f 3822 4633 4298
f 4298 4618 3822
f 4633 4618 4298
f 3515 4253 4618
f 3515 4618 4633
f 1007 1005 2905
f 1005 2908 2905
f 2905 2908 3313
f 3199 2904 2903
f 2903 3195 3199
f 3196 3313 3188
f 3196 2905 3313
f 3196 3188 3194
f 3049 3195 2906
f 2905 3196 2906
f 3192 3191 3188
f 3188 3314 3192
f 3192 2686 3191
f 2683 2814 2687
f 2814 3315 2687
f 2687 2689 2683
f 2687 3315 3191
f 3191 2686 2687
f 2687 1000 2689
f 2687 2686 1000
f 1000 2686 1001
f 4367 1000 1001
f 1001 1003 4368
f 4368 4367 1001
f 4683 4684 3844
f 4683 4680 4684
f 3844 3842 4683
f 3842 4680 4683
f 3880 4676 4126
f 3879 4676 3880
f 3880 4126 3869
f 3869 3879 3880
f 3893 4676 3889
f 3889 4676 3890
f 3889 3890 3874
f 3889 3874 3898
f 3898 3893 3889
f 3902 4676 3901
f 3902 3901 3898
f 4665 4670 4668
f 2698 2704 2802
f 2802 2803 2698
f 2884 2704 2698
f 2698 2803 2884
f 2806 2695 2804
f 2806 2693 2695
f 2901 2902 3197
f 3197 3051 2901
f 3194 3051 3197
f 3255 1785 1790
f 3263 1785 3255
f 1790 1789 3255
f 1789 3342 3255
f 3255 3253 3263
f 3255 3342 3253
f 3264 1785 3263
f 3264 3253 3293
f 3263 3253 3264
f 2975 2976 3254
f 3254 3253 2975
f 2976 3253 3254
f 1782 3350 3360
f 3266 3350 1782
f 1792 3116 1793
f 3358 3251 3357
f 3359 3251 3358
f 3265 1783 3360
f 3265 3252 1783
f 3360 3250 3265
f 3250 3252 3265
f 1657 1669 1668
f 1668 1635 1657
f 1657 1323 1669
f 1634 1615 1591
f 1591 1569 1589
f 1591 1615 1590
f 1590 1569 1591
f 1342 1340 1336
f 1322 1336 1335
f 1335 1336 1709
f 1709 1682 1335
f 1633 1657 1635
f 1310 1320 1324
f 1324 1320 1318
f 207 551 211
f 551 535 211
f 211 212 207
f 211 552 212
f 211 535 552
f 223 219 222
f 223 535 219
f 223 222 537
f 537 535 223
f 494 507 505
f 511 506 505
f 506 494 505
f 494 493 504
f 504 507 494
f 495 496 4
f 495 493 494
f 494 512 495
f 222 496 495
f 495 512 222
f 216 537 509
f 537 512 509
f 509 512 494
f 508 216 509
f 509 494 508
f 198 1353 1352
f 478 486 488
f 488 226 478
f 497 226 492
f 226 490 492
f 1358 224 1359
f 1359 1357 1358
f 1357 1681 1358
f 1736 514 1358
f 1358 514 224
f 1358 1305 1736
f 1358 1681 1305
f 1680 1537 1535
f 1535 1537 1746
f 1700 1680 1535
f 1535 1746 1700
f 480 477 479
f 480 482 477
f 1306 1738 1322
f 1705 1321 1704
f 1738 1306 1705
f 1705 1306 1321
f 1357 1726 1702
f 1702 1681 1357
f 1726 514 1702
f 1305 1681 1702
f 1702 1703 1305
f 514 513 1702
f 1702 513 1703
f 491 513 1300
f 1703 513 491
f 539 553 554
f 553 513 554
f 554 555 539
f 554 514 555
f 554 513 514
f 1565 1586 1587
f 1587 1586 1303
f 1303 1612 1587
f 1262 3114 3113
f 1266 1256 3113
f 1513 1256 1266
f 1309 1310 1304
f 1309 1312 1310
f 1304 1299 1309
f 1299 1312 1309
f 1240 3285 1280
f 1242 3285 1240
f 1280 1368 1240
f 1240 1368 1242
f 1279 1238 1277
f 1277 1369 1279
f 2716 2898 2897
f 2897 2718 2716
f 2719 1079 1049
f 2719 2718 1079
f 1047 2873 2788
f 2788 2716 2718
f 2898 2716 2788
f 3042 2898 2788
f 2593 1058 1059
f 2573 2593 1059
f 1059 1047 2573
f 1059 1058 2717
f 1059 2873 1047
f 2717 2873 1059
f 3039 2873 2717
f 1046 2713 2723
f 2723 1045 1044
f 2713 1045 2723
f 3244 3294 2778
f 2778 2779 3244
f 2778 3294 2772
f 2772 2779 2778
f 1265 3336 3112
f 3112 3299 1265
f 1265 1538 3336
f 1265 3299 1512
f 1512 1538 1265
f 3337 1256 1513
f 1513 1539 3337
f 3337 1539 1565
f 3113 1256 3337
f 1332 1316 1317
f 213 1317 214
f 1706 213 1707
f 218 1316 217
f 217 1316 1738
f 1738 1705 217
f 217 1704 218
f 217 1705 1704
f 3118 1102 1253
f 1253 3276 3118
f 3118 3292 3119
f 3119 1102 3118
f 3115 3267 3270
f 3270 1361 3115
f 3267 1249 3270
f 1517 1361 3270
f 2143 3538 2194
f 2143 3621 3530
f 3530 3538 2143
f 3530 2147 3539
f 3539 3538 3530
f 2147 2193 3539
f 2222 3538 3539
f 3539 2193 2222
f 2141 3529 2142
f 2141 2142 3621
f 3523 3522 3570
f 3522 3529 3570
f 3570 2194 3523
f 3343 3342 1787
f 1787 1786 3343
f 3262 3253 3343
f 3253 3342 3343
f 3343 3363 3262
f 3343 1786 3363
f 3484 3489 4459
f 4459 3490 3484
f 4599 4462 4597
f 4599 4461 4462
f 4586 4654 4482
f 4586 4482 4481
f 4586 4190 3928
f 3928 4654 4586
f 3928 4655 4263
f 4263 4654 3928
f 4655 4654 4263
f 3940 3944 3939
f 3939 3944 3945
f 3941 3940 3939
f 3939 3933 3941
f 3945 3946 3939
f 3939 3946 3933
f 3942 3933 4108
f 3942 4108 3794
f 3931 3933 4115
f 4115 3933 3937
f 3794 3931 4115
f 4115 3937 3794
f 3921 3919 3925
f 3919 3924 3925
f 3794 3921 3925
f 3925 3924 3794
f 3940 4102 3943
f 3943 3944 3940
f 3943 4102 3794
f 3794 3944 3943
f 4097 4088 4085
f 4085 4088 3969
f 4084 3967 3969
f 4097 3967 4084
f 3969 4088 4091
f 4091 4092 3969
f 4091 4088 4097
f 4097 4092 4091
f 4097 3950 4095
f 4095 4092 4097
f 3950 4092 4095
f 4306 4034 4033
f 4033 4307 4306
f 3794 4034 4306
f 4306 4307 3794
f 4097 3973 3978
f 3978 3977 4097
f 3978 3973 3972
f 3972 3977 3978
f 4308 4035 3794
f 3975 4035 4308
f 3881 4676 3882
f 3881 3885 4676
f 3881 3882 3874
f 3874 3885 3881
f 1866 2115 2114
f 2114 2116 1866
f 2116 1869 1866
f 1866 3581 2115
f 1866 1869 3581
f 988 767 766
f 984 767 988
f 766 1809 988
f 988 1809 1813
f 1813 984 988
f 3583 4604 4454
f 4604 3495 4454
f 3493 3583 4454
f 4454 3495 3493
f 4446 3579 3497
f 3497 3580 4446
f 4446 4611 3579
f 4446 3580 4611
f 4611 3580 4612
f 4612 3580 4447
f 3862 4249 4606
f 4645 4447 4448
f 4448 4249 4645
f 4448 4447 3497
f 3497 4449 4448
f 4448 4606 4249
f 4449 4606 4448
f 4613 4444 4614
f 4444 3577 4614
f 4614 4129 4613
f 4609 4610 3578
f 3578 4610 3577
f 3577 3500 3578
f 916 1995 899
f 899 1995 1997
f 1997 2436 899
f 899 2400 916
f 899 2436 2400
f 903 904 905
f 905 194 903
f 2185 2049 1941
f 1941 1962 2185
f 2049 1962 1941
f 3626 2266 2241
f 2241 2214 3626
f 2266 3627 2241
f 3627 2214 2241
f 704 835 2232
f 2232 2199 704
f 2232 2228 924
f 2232 835 994
f 994 2228 2232
f 2384 2199 2232
f 2383 700 2384
f 2383 924 700
f 2384 2232 2383
f 2383 2232 924
f 1886 2077 2081
f 1886 2084 2077
f 2081 1887 1886
f 1886 1887 1888
f 2090 1884 1886
f 1886 1884 1883
f 1883 2084 1886
f 1886 1881 2090
f 1886 1888 1881
f 2338 1842 2339
f 2339 2320 2338
f 2338 2320 1825
f 2338 1825 1823
f 1845 2131 1837
f 1837 1849 1850
f 1837 1853 1845
f 1850 1853 1837
f 1855 1860 1863
f 1855 1853 1860
f 1863 1856 1855
f 1855 1856 2130
f 1855 2135 2224
f 2224 1846 1855
f 1846 1845 1855
f 1845 1853 1855
f 2407 2379 1852
f 2379 2370 1852
f 1868 2370 2379
f 1868 2380 1858
f 2379 2380 1868
f 827 2227 977
f 977 2226 827
f 977 2227 2371
f 2371 2226 977
f 717 2381 827
f 717 967 2381
f 827 2226 717
f 717 712 2382
f 2382 967 717
f 828 712 717
f 717 2226 828
f 136 754 168
f 138 754 136
f 30 675 845
f 30 847 675
f 846 88 675
f 675 847 846
f 675 88 848
f 699 698 19
f 696 697 94
f 686 675 842
f 842 841 686
f 845 675 686
f 683 2440 2175
f 2175 2414 683
f 683 2414 685
f 685 684 683
f 683 684 2440
f 923 2236 2206
f 923 849 2236
f 923 681 849
f 2206 2236 2387
f 2387 684 666
f 853 958 974
f 666 958 853
f 853 2388 666
f 974 2347 853
f 853 2347 2208
f 2208 2207 853
f 2207 2205 853
f 853 2205 2206
f 2206 2388 853
f 2386 1877 844
f 844 1877 2412
f 840 2386 844
f 844 2412 840
f 708 99 706
f 706 96 708
f 707 95 709
f 709 96 707
f 2425 961 716
f 2379 718 716
f 716 2380 2379
f 961 2380 716
f 740 725 741
f 740 741 745
f 745 742 740
f 740 817 726
f 740 742 817
f 726 724 740
f 724 725 740
f 829 828 1858
f 1858 2380 829
f 829 712 828
f 829 961 712
f 829 2380 961
f 1139 1673 331
f 562 338 337
f 562 413 338
f 417 413 562
f 562 337 319
f 319 561 562
f 645 606 643
f 606 644 643
f 607 606 865
f 653 654 647
f 647 654 646
f 657 647 646
f 646 648 657
f 646 606 648
f 865 606 646
f 2421 869 992
f 992 869 2444
f 2363 2421 992
f 992 2444 2363
f 86 823 671
f 21 647 657
f 657 851 21
f 851 656 21
f 21 656 23
f 3603 3443 4571
f 4571 4238 3603
f 3954 4238 4571
f 2528 2518 2494
f 2494 2495 2528
f 2502 3632 2503
f 2503 2505 2504
f 2504 2502 2503
f 2523 3632 2502
f 2500 2499 3633
f 3633 2499 2519
f 1663 1478 1476
f 1476 1478 1474
f 1477 1216 1509
f 1477 1478 1216
f 1509 1474 1477
f 1474 1478 1477
f 448 1646 1533
f 1533 1504 448
f 1533 1646 1742
f 1742 1692 1533
f 1692 1504 1533
f 278 1741 1472
f 1472 1718 278
f 278 1718 280
f 278 279 1741
f 280 279 278
f 293 176 294
f 293 298 431
f 431 176 293
f 430 177 293
f 291 178 430
f 430 293 291
f 297 298 293
f 293 177 297
f 182 303 183
f 182 427 303
f 181 180 303
f 303 427 181
f 303 180 301
f 301 179 303
f 302 178 304
f 304 179 302
f 291 292 174
f 252 256 9
f 9 257 252
f 252 263 12
f 12 455 252
f 241 235 245
f 241 245 244
f 244 199 241
f 567 1734 1697
f 567 247 1734
f 1725 465 567
f 567 465 1724
f 1724 1733 567
f 1733 247 567
f 540 247 541
f 541 247 456
f 1715 1716 1179
f 1179 1531 1715
f 1531 1731 1715
f 1715 1731 429
f 429 280 1715
f 280 1716 1715
f 1180 439 521
f 1498 1180 521
f 1691 439 1180
f 1180 1179 1691
f 1606 1605 1604
f 1604 1507 1606
f 1559 1605 1606
f 1606 1507 1559
f 1217 1605 1629
f 1629 1218 1217
f 1216 1605 1217
f 1217 1218 1216
f 1482 1272 1224
f 1482 1218 1272
f 1482 1224 1481
f 1481 1218 1482
f 1510 1218 1629
f 1272 1218 1510
f 1510 1629 1611
f 1510 1611 1273
f 1273 1272 1510
f 1216 1218 1508
f 1508 1218 1481
f 1509 1216 1508
f 1508 1481 1509
f 1744 259 1695
f 517 259 1744
f 1695 1649 1744
f 1649 517 1744
f 1722 517 1649
f 1722 1649 1650
f 1650 258 1722
f 1722 259 517
f 1581 258 1650
f 1650 1695 1581
f 1695 1664 1581
f 1664 1507 1581
f 1694 1507 1505
f 260 258 1694
f 1694 1581 1507
f 258 1581 1694
f 1505 1506 1694
f 1694 261 260
f 1694 1506 1693
f 558 261 1694
f 1693 558 1694
f 1665 461 1723
f 1723 464 1665
f 1696 1677 1665
f 1665 464 1696
f 1696 1666 1582
f 1582 1677 1696
f 285 282 170
f 171 282 290
f 266 442 269
f 265 267 266
f 268 133 266
f 133 442 266
f 558 1743 450
f 450 1743 518
f 519 1720 450
f 450 574 558
f 450 1720 574
f 1228 1230 1231
f 1228 3304 1278
f 1231 3304 1228
f 1228 1278 1233
f 1233 3221 1228
f 3221 1230 1228
f 310 189 188
f 188 187 310
f 304 423 186
f 186 184 304
f 186 423 185
f 190 189 310
f 310 314 190
f 310 423 191
f 191 314 310
f 191 423 415
f 415 192 191
f 307 318 305
f 305 306 307
f 1687 312 307
f 307 300 1687
f 307 312 425
f 319 318 307
f 307 561 319
f 43 340 414
f 339 334 335
f 339 335 349
f 349 81 339
f 81 340 339
f 340 416 339
f 311 1685 1711
f 1548 1151 1161
f 1161 1170 425
f 1161 1169 1548
f 425 1169 1161
f 426 1685 311
f 311 561 426
f 425 1170 426
f 426 1170 1685
f 426 307 425
f 561 307 426
f 592 295 1713
f 1713 1525 592
f 1529 419 1525
f 1525 1688 1529
f 1497 299 1529
f 299 419 1529
f 1529 1689 1497
f 1688 1689 1529
f 2973 3127 3129
f 3129 2974 2973
f 3087 3130 3129
f 3129 3127 3087
f 2531 3635 3091
f 2531 3091 3086
f 3086 3091 3092
f 3092 2532 3086
f 3091 2532 3092
f 4198 4199 4154
f 4154 4228 4198
f 4154 4164 4152
f 4154 4199 4164
f 3820 4228 4154
f 4152 4153 4154
f 4639 3846 4617
f 4639 4617 3509
f 4638 3846 4639
f 4639 3509 4440
f 4639 3507 4638
f 4440 3507 4639
f 4299 4146 4150
f 4150 4630 4299
f 4299 4630 4146
f 4146 4630 4254
f 3531 3526 4254
f 4254 4630 3531
f 4616 3822 4252
f 3822 4253 4252
f 4252 4436 4616
f 3513 4436 4252
f 3516 3515 3512
f 4253 3515 3516
f 4435 3519 3512
f 3512 3515 4435
f 4435 4633 3519
f 4435 3515 4633
f 3049 2906 3193
f 3194 3049 3193
f 2905 2906 2688
f 2688 2691 1007
f 1007 2905 2688
f 2688 2903 2904
f 3195 2903 2688
f 2688 2906 3195
f 2688 1011 2691
f 2904 1011 2688
f 2686 3192 2907
f 2907 2908 1003
f 2907 3314 2908
f 2907 3192 3314
f 1003 1001 2907
f 2907 1001 2686
f 3905 3902 3898
f 3898 3897 3905
f 3905 3897 3907
f 3907 4676 3905
f 4676 3902 3905
f 4739 4668 4715
f 4739 4665 4668
f 4715 4670 4739
f 4670 4665 4739
f 2693 2806 2805
f 3309 2900 2805
f 2900 2693 2805
f 2807 2806 2804
f 2807 2804 1017
f 1017 2901 2807
f 2901 3051 2807
f 3198 3197 2902
f 3198 2902 3199
f 3194 3197 3198
f 3199 3194 3198
f 3266 1782 1784
f 3293 3266 1784
f 1616 1635 1634
f 1634 1591 1616
f 1616 1633 1635
f 1322 1335 1326
f 1323 1324 1327
f 1682 1323 1327
f 1327 1335 1682
f 1308 1310 1632
f 1655 1324 1323
f 1323 1657 1655
f 1657 1633 1655
f 4 496 3
f 496 499 3
f 5 499 496
f 198 1352 1351
f 1351 205 198
f 1351 1350 205
f 1345 1350 1351
f 1345 1351 1346
f 1346 1351 1352
f 1341 1353 1340
f 1341 1352 1353
f 1341 1346 1352
f 1344 1346 1341
f 1340 1342 1341
f 1342 1344 1341
f 489 490 226
f 226 488 489
f 235 238 232
f 232 233 230
f 230 452 232
f 245 235 232
f 232 452 245
f 1314 1296 1307
f 1307 1306 1314
f 1314 1318 1319
f 1319 1296 1314
f 1314 1326 1318
f 1314 1306 1322
f 1322 1326 1314
f 1302 491 1300
f 1302 1301 1331
f 1300 1301 1302
f 1331 1321 1302
f 1237 1238 1234
f 1238 1279 1234
f 1270 1237 1234
f 1234 1369 1270
f 1234 1279 1369
f 2718 2719 1048
f 1047 2788 1048
f 1048 2788 2718
f 1048 2719 1049
f 1048 1049 2571
f 2571 2592 1048
f 2592 1047 1048
f 3226 3039 3225
f 3225 3039 2717
f 3226 3042 3040
f 3042 2788 3040
f 3040 2788 2873
f 2899 2723 2887
f 2717 1058 2899
f 2899 1058 1046
f 1046 2723 2899
f 2899 3225 2717
f 3108 3226 3283
f 1540 3337 1565
f 1315 1332 1317
f 1706 1332 1315
f 1316 1332 1333
f 1322 1738 1333
f 1738 1316 1333
f 1333 1707 1322
f 1333 1332 1706
f 1706 1707 1333
f 1739 1336 1322
f 1322 1707 1739
f 1739 1707 213
f 214 1330 1739
f 1739 213 214
f 1102 1487 1515
f 1515 1253 1102
f 1541 3276 1515
f 3276 1253 1515
f 1101 1487 1102
f 1102 3119 1101
f 3292 1487 1101
f 1101 3119 3292
f 1252 1249 3267
f 1252 3267 3115
f 3115 1247 1252
f 1517 3270 1488
f 1488 3270 1249
f 1488 1247 1517
f 1488 1252 1247
f 1249 1252 1488
f 3529 2141 2173
f 2194 3570 2173
f 2173 3570 3529
f 2173 2141 3621
f 3621 2143 2173
f 2173 2143 2194
f 4601 4459 3489
f 4226 4600 4601
f 4600 3490 4601
f 3490 4459 4601
f 4598 4461 4247
f 4461 4599 4247
f 4226 4598 4247
f 4247 4599 4226
f 4266 4597 4226
f 4226 4599 4266
f 4266 4599 4597
f 4218 4481 4583
f 4218 4586 4481
f 4218 4583 4190
f 4190 4586 4218
f 3794 3936 4109
f 4109 3942 3794
f 3936 3933 4109
f 3933 3942 4109
f 3907 3897 3910
f 3897 3911 3910
f 3910 4676 3907
f 3910 3911 4676
f 3920 4676 4122
f 4676 3911 4122
f 4122 3897 3920
f 4122 3911 3897
f 3968 3967 4097
f 4097 4085 3968
f 3969 3967 3968
f 3968 4085 3969
f 3974 3973 4097
f 4097 4084 3974
f 3974 4084 3969
f 3969 3972 3974
f 3972 3973 3974
f 4074 3977 3975
f 3975 4073 4074
f 4074 4073 3977
f 3985 3977 4071
f 3975 3985 4071
f 3794 3977 3984
f 3984 4308 3794
f 3984 3977 3985
f 3984 3985 3975
f 3975 4308 3984
f 4250 4645 3862
f 3862 4612 4250
f 4250 4447 4645
f 4250 4612 4447
f 3862 4611 4297
f 4297 4612 3862
f 4611 4612 4297
f 4646 3862 4283
f 3862 4606 4283
f 4283 4449 4646
f 4283 4606 4449
f 4251 4610 4129
f 4129 4614 4251
f 3577 4610 4251
f 4251 4614 3577
f 3499 4445 4609
f 4609 3578 3499
f 3500 4445 3499
f 3499 3578 3500
f 2409 2228 994
f 924 2228 2409
f 994 700 2409
f 700 924 2409
f 1838 2367 946
f 1838 946 739
f 739 1828 1838
f 1838 1828 813
f 1838 813 980
f 980 2367 1838
f 2358 750 749
f 749 946 2358
f 946 2367 2358
f 980 750 2358
f 2358 2367 980
f 1834 1828 1842
f 1842 2338 1834
f 1823 1828 1834
f 1834 2338 1823
f 1832 1849 1835
f 1849 1837 1835
f 1830 1832 1835
f 1835 2131 1830
f 1835 1837 2131
f 1854 1855 2130
f 1854 2132 2135
f 2135 1855 1854
f 1851 718 2407
f 2407 1852 1851
f 27 676 675
f 675 848 27
f 29 687 695
f 687 93 695
f 694 687 92
f 694 93 687
f 90 690 687
f 687 690 91
f 18 697 698
f 698 699 18
f 830 693 696
f 696 94 830
f 830 92 693
f 850 2441 2345
f 959 2441 850
f 850 681 959
f 681 923 975
f 975 682 959
f 959 681 975
f 2204 2235 975
f 2235 682 975
f 975 2202 2204
f 975 923 2206
f 975 2205 2202
f 2206 2205 975
f 942 2387 2236
f 942 2236 2345
f 2345 2441 942
f 2441 684 942
f 684 2387 942
f 854 2388 2206
f 2206 2387 854
f 666 2388 854
f 854 2387 666
f 103 16 817
f 817 720 103
f 978 716 718
f 718 1851 978
f 2370 1868 978
f 978 1852 2370
f 978 1851 1852
f 332 413 527
f 527 413 417
f 544 527 417
f 417 1147 544
f 544 1147 1673
f 608 644 606
f 606 607 608
f 860 647 859
f 860 653 647
f 661 656 22
f 671 24 673
f 673 86 671
f 26 851 823
f 823 86 26
f 26 656 851
f 668 656 26
f 647 21 655
f 3443 4572 4280
f 4280 4571 3443
f 4280 4572 3954
f 3954 4571 4280
f 2501 2523 2502
f 2501 2499 2500
f 2502 2499 2501
f 292 293 175
f 293 294 175
f 433 288 291
f 291 174 433
f 433 173 288
f 199 240 239
f 239 241 199
f 235 241 467
f 467 236 235
f 462 199 242
f 462 200 199
f 201 240 199
f 199 200 201
f 1697 468 466
f 466 567 1697
f 1725 567 466
f 254 463 540
f 540 541 254
f 244 463 254
f 254 253 244
f 254 255 253
f 456 255 254
f 254 541 456
f 8 243 253
f 8 253 449
f 8 449 252
f 1178 439 1732
f 1178 521 439
f 1178 1732 1500
f 1179 1716 440
f 440 1691 1179
f 557 258 260
f 557 1722 258
f 259 1722 557
f 1695 259 557
f 557 1664 1695
f 260 1664 557
f 248 246 1666
f 1666 1696 248
f 461 460 248
f 248 460 246
f 445 270 121
f 270 441 121
f 281 441 270
f 435 436 281
f 281 270 435
f 444 270 445
f 271 269 435
f 435 270 271
f 115 282 285
f 115 286 282
f 282 286 118
f 118 436 288
f 288 282 118
f 438 282 171
f 438 170 282
f 172 282 289
f 172 290 282
f 268 266 131
f 131 266 267
f 1721 450 518
f 519 450 1721
f 518 1647 1721
f 1647 519 1721
f 34 315 420
f 34 33 315
f 192 315 193
f 315 33 193
f 1729 306 299
f 1729 307 306
f 300 307 1729
f 1729 299 1494
f 1729 1494 1169
f 1169 300 1729
f 323 37 36
f 84 321 323
f 420 315 32
f 322 315 415
f 322 31 315
f 44 340 81
f 44 414 340
f 334 339 336
f 415 334 336
f 1155 1685 1675
f 1155 1711 1685
f 311 1711 313
f 1675 1170 577
f 577 313 525
f 525 1155 577
f 577 1155 1675
f 311 313 577
f 422 562 561
f 578 1160 418
f 526 422 1684
f 562 422 526
f 526 578 418
f 526 418 417
f 417 562 526
f 1143 1684 1674
f 1674 578 1143
f 1160 578 1674
f 1684 422 1674
f 1674 422 1160
f 1151 418 1146
f 418 1160 1146
f 1160 422 1146
f 1146 1161 1151
f 523 295 1688
f 523 1713 295
f 523 1688 1525
f 1525 1713 523
f 3132 2974 3131
f 2974 3129 3131
f 3130 3132 3131
f 3131 3129 3130
f 2856 3635 3090
f 3635 2531 3090
f 3086 2856 3090
f 3090 2531 3086
f 3821 4154 4153
f 4153 4146 3821
f 3821 4146 3822
f 3822 3820 3821
f 3820 4154 3821
f 4632 4254 3526
f 4632 3526 3525
f 3525 4147 4632
f 4632 4147 4146
f 4146 4254 4632
f 3513 4252 4635
f 4635 4252 4253
f 3050 2906 3196
f 3050 3193 2906
f 3050 3196 3194
f 3194 3193 3050
f 3311 2807 3051
f 3311 3051 3194
f 2806 2807 3311
f 3194 3105 3311
f 1633 1616 1614
f 1614 1591 1589
f 1614 1616 1591
f 1349 1350 1345
f 1345 1346 1349
f 1349 1346 1344
f 1325 1327 1324
f 1325 1324 1318
f 1318 1326 1325
f 1325 1326 1335
f 1335 1327 1325
f 1324 1655 1654
f 1310 1324 1654
f 1654 1632 1310
f 1633 1632 1654
f 1654 1655 1633
f 206 1330 207
f 206 500 1330
f 1330 500 1329
f 1329 1343 1330
f 1339 1343 1337
f 1339 1342 1336
f 1337 1342 1339
f 1330 1343 1339
f 1336 1739 1339
f 1339 1739 1330
f 498 496 497
f 498 5 496
f 501 495 4
f 501 503 495
f 493 495 502
f 495 503 502
f 237 238 235
f 235 236 237
f 1737 1302 1321
f 1321 1306 1737
f 1703 491 1737
f 491 1302 1737
f 1307 1703 1737
f 1737 1306 1307
f 1485 1254 3296
f 1485 3298 1513
f 3296 3298 1485
f 1513 1266 1485
f 1266 1254 1485
f 3296 1254 1255
f 1255 1254 1266
f 3113 3296 1255
f 1255 1266 3113
f 3224 3039 3226
f 3226 3040 3224
f 2873 3039 3224
f 3224 3040 2873
f 3226 3282 3033
f 3033 3283 3226
f 3030 3109 3108
f 3108 3283 3030
f 2872 3109 3030
f 2887 2723 2715
f 2715 2791 2887
f 1264 1262 3113
f 3113 3337 1264
f 1566 1540 1565
f 1565 1587 1566
f 1566 1587 1588
f 1566 1588 1589
f 1589 1567 1566
f 1566 1567 1541
f 1541 1540 1566
f 1728 1315 1317
f 1706 1315 1728
f 1317 213 1728
f 1728 213 1706
f 3114 1257 1259
f 1541 1515 1259
f 1259 1540 1541
f 1257 1540 1259
f 4248 4598 4226
f 4226 4601 4248
f 4248 3489 4598
f 4248 4601 3489
f 3977 4073 4072
f 4072 4071 3977
f 4072 4073 3975
f 3975 4071 4072
f 839 687 29
f 839 90 687
f 89 687 691
f 687 91 691
f 849 681 2415
f 681 850 2415
f 2345 849 2415
f 2415 850 2345
f 720 104 105
f 105 103 720
f 107 821 720
f 106 104 720
f 720 821 106
f 15 729 734
f 15 14 729
f 731 116 729
f 729 14 731
f 113 727 729
f 742 729 110
f 729 727 110
f 817 742 110
f 825 978 1868
f 1858 2425 825
f 825 1868 1858
f 2425 716 825
f 716 978 825
f 332 527 579
f 579 331 1673
f 579 1147 332
f 1673 1147 579
f 1139 331 330
f 330 1673 1139
f 330 544 1673
f 22 656 660
f 656 856 660
f 25 656 668
f 25 856 656
f 23 656 857
f 656 661 857
f 859 647 20
f 647 655 20
f 469 466 468
f 468 1667 469
f 1725 466 469
f 469 1667 1725
f 243 8 251
f 252 447 7
f 7 8 252
f 242 243 250
f 243 249 250
f 243 457 458
f 458 249 243
f 1691 440 437
f 439 1691 437
f 437 1716 280
f 437 440 1716
f 542 1717 437
f 437 1717 1732
f 1732 439 437
f 437 1718 542
f 280 1718 437
f 459 1696 464
f 459 248 1696
f 464 1723 459
f 459 1723 461
f 461 248 459
f 123 446 270
f 270 444 123
f 270 446 125
f 125 271 270
f 265 266 129
f 272 266 269
f 272 127 266
f 325 35 323
f 323 36 325
f 323 35 326
f 326 84 323
f 315 31 324
f 324 32 315
f 40 340 43
f 40 39 340
f 340 39 411
f 328 37 323
f 323 38 328
f 327 38 323
f 323 336 327
f 327 336 339
f 85 322 415
f 415 336 85
f 323 321 85
f 85 336 323
f 525 313 1154
f 1154 313 1711
f 1154 1155 525
f 1711 1155 1154
f 421 577 1170
f 311 577 421
f 1170 1161 421
f 1161 1146 421
f 421 1146 422
f 421 561 311
f 421 422 561
f 316 526 1684
f 316 1684 1143
f 4253 3516 4437
f 4437 4635 4253
f 3513 4635 4437
f 3512 3513 4437
f 4437 3516 3512
f 3310 2805 2806
f 2806 3311 3310
f 3309 2805 3310
f 3310 3311 3105
f 3310 3105 3309
f 1589 1588 1613
f 1613 1614 1589
f 1613 1632 1633
f 1633 1614 1613
f 1588 1587 1613
f 1613 1587 1612
f 1613 1612 1308
f 1308 1632 1613
f 197 1349 1344
f 197 1344 1342
f 204 1350 197
f 1350 1349 197
f 500 206 1328
f 1328 206 1334
f 1328 1329 500
f 1334 1329 1328
f 1337 1343 1338
f 1343 1329 1338
f 1338 1329 1334
f 1334 206 1338
f 207 1337 1338
f 1338 206 207
f 1260 1257 3114
f 3114 1263 1260
f 3114 1262 1261
f 1261 1263 3114
f 3226 3225 3281
f 3281 3036 3226
f 3225 2899 3281
f 3281 2899 2887
f 2887 3036 3281
f 3018 3282 3226
f 3226 3036 3018
f 3018 3036 2887
f 2887 2791 3018
f 3018 2791 3282
f 3282 2791 2790
f 2790 3033 3282
f 3283 3033 2790
f 2790 2723 1044
f 2790 2715 2723
f 2791 2715 2790
f 2872 3030 2790
f 2790 3030 3283
f 1044 1043 2790
f 1043 2872 2790
f 3337 1540 1514
f 1514 1264 3337
f 1262 1264 1514
f 1514 1540 1257
f 1257 1260 1514
f 3290 1259 1515
f 3290 1487 3292
f 3290 1515 1487
f 3290 3292 3118
f 3118 3114 3290
f 3114 1259 3290
f 2132 1854 1862
f 2130 2129 1862
f 1862 1854 2130
f 730 720 111
f 730 107 720
f 729 116 732
f 732 113 729
f 817 110 728
f 728 720 817
f 111 720 728
f 331 579 329
f 329 579 527
f 329 330 331
f 527 544 329
f 544 330 329
f 6 457 243
f 243 251 6
f 266 127 264
f 264 129 266
f 82 416 340
f 340 411 82
f 83 339 416
f 83 327 339
f 526 316 317
f 578 526 317
f 1486 1514 1260
f 1262 1514 1486
f 3572 3502 3511
f 3511 2134 3572
f 2129 3502 3572
f 3572 2127 2129
f 3572 2134 2127
f 2132 1862 1864
f 2129 2127 1864
f 1864 1862 2129
f 578 317 1144
f 1143 578 1144
f 1144 317 316
f 1144 316 1143
f 1263 1261 1258
f 1258 1260 1263
f 1258 1486 1260
f 1258 1261 1262
f 1262 1486 1258
f 2132 1864 2133
f 2133 1864 2127
f 2127 2134 2133
f 3511 2132 2133
f 2133 2134 3511
f 401 2490 2491
f 2491 610 401
f 4243 4244 4190
f 4190 4244 4245
f 3463 3589 3471
f 3593 3589 3463
f 3771 3690 3772
f 3772 3690 3692
f 3363 3348 3262
f 3363 1767 3348
f 3461 3468 3466
f 3467 3468 3461
f 3461 3589 3593
f 3466 3589 3461
f 4245 4244 4121
f 4121 4244 4113
f 3745 3743 3744
f 3744 3743 3742
f 3761 3759 3760
f 3760 3759 3758
f 3754 3752 3750
f 3754 3750 3751
f 3752 3754 3753
f 3753 3754 3755
f 3755 4018 4016
f 4016 3757 3755
f 3765 4004 4003
f 3766 3765 4003
f 3763 3759 3761
f 3762 3759 3763
f 2631 2958 2957
f 2632 2958 2631
f 4193 4118 3915
f 3915 4120 4193
f 4193 4121 4113
f 4120 4121 4193
f 4750 4726 4723
f 4403 4726 4750
f 4704 4396 4708
f 4397 4396 4704
f 4392 4692 4691
f 4394 4692 4392
f 4718 4701 4392
f 4392 4701 4389
f 4724 4748 4401
f 4401 4711 4724
f 4362 4363 4700
f 4699 4362 4700
f 594 508 506
f 506 598 594
f 3271 3353 3352
f 3352 3269 3271
f 573 965 996
f 996 565 573
f 998 902 375
f 534 998 375
f 375 1 63
f 375 902 1
f 401 610 400
f 610 609 400
f 3755 3754 4019
f 4019 4018 3755
f 3756 3760 3758
f 3757 3760 3756
f 3756 3753 3755
f 3755 3757 3756
f 3757 4016 4015
f 4015 3760 3757
f 3681 3728 3780
f 3780 3728 3733
f 3705 3707 3781
f 3781 3707 3782
f 3785 3784 3709
f 3709 3711 3785
f 3696 3774 3773
f 3723 3696 3773
f 3775 3774 3696
f 3696 3697 3775
f 3775 3697 3698
f 3698 3776 3775
f 2457 2491 2490
f 2490 2492 2457
f 3630 2463 2457
f 2457 2492 3630
f 3164 2947 3324
f 3324 2947 2948
f 3715 3791 3788
f 3788 3714 3715
f 3789 3714 3788
f 3789 3712 3714
f 4402 4750 4723
f 4402 4723 4722
f 4688 4753 4689
f 4396 4753 4688
f 1780 1791 3268
f 3351 1780 3268
f 3269 3352 3268
f 3268 3352 3351
f 598 506 510
f 510 597 598
f 1516 1542 2169
f 1750 1516 2169
f 1747 1656 1668
f 1668 2316 1747
f 1634 1656 1747
f 1747 1748 1634
f 1749 2219 1590
f 1590 1615 1749
f 1634 1748 1749
f 1749 1615 1634
f 1590 2219 1568
f 2219 2190 1568
f 1568 2169 1542
f 2190 2169 1568
f 1786 1787 1764
f 1764 1763 1786
f 1767 3363 1786
f 1786 1763 1767
f 3908 3917 3906
f 3906 3917 3914
f 3915 4118 3918
f 3918 3909 3915
f 3918 3917 3908
f 3908 3909 3918
f 3913 4121 4120
f 3913 3912 4121
f 2177 2360 2361
f 2361 2178 2177
f 997 998 534
f 534 550 997
f 565 996 997
f 997 550 565
f 973 965 399
f 399 965 573
f 399 400 609
f 399 609 973
f 3807 3654 3748
f 3748 3749 3807
f 3746 3743 3745
f 3745 3747 3746
f 4539 4541 4006
f 4006 4005 4539
f 1579 1602 1580
f 1580 1602 1603
f 1387 1200 3190
f 3190 3180 1387
f 3718 3792 3793
f 3717 3792 3718
f 3712 3789 3787
f 3787 3713 3712
f 4771 3569 4769
f 4769 4772 4771
f 3349 4772 4769
f 4769 4776 3349
f 4643 4615 4442
f 4643 4442 4443
f 4786 4711 4401
f 4786 4783 4711
f 3180 3190 3188
f 3183 3180 3188
f 4666 4320 4677
f 4677 4320 4348
f 4671 4713 4754
f 4671 4754 4382
f 4382 4694 4671
f 1780 1776 1794
f 1794 1791 1780
f 595 599 210
f 210 215 595
f 595 508 594
f 595 215 508
f 2160 1516 1750
f 2160 1364 1516
f 1366 1364 2160
f 2160 1751 1366
f 3552 3355 3273
f 3273 3274 3552
f 1366 1751 3552
f 3552 3274 1366
f 1066 2736 2787
f 2787 2895 1066
f 1788 1765 1764
f 1764 1787 1788
f 1897 3463 3471
f 3471 2079 1897
f 2281 2280 2303
f 2303 2280 2302
f 2258 2280 2281
f 2257 2280 2258
f 2074 1904 1887
f 1887 2081 2074
f 1887 1897 2079
f 1904 1897 1887
f 3681 3780 3736
f 3736 3734 3681
f 3735 3734 3736
f 3736 3737 3735
f 3998 4657 3382
f 4540 3998 3382
f 4006 4541 3382
f 3382 4657 4006
f 4533 4046 4011
f 4011 4534 4533
f 1603 1602 1474
f 1474 1602 1627
f 1500 1663 1662
f 1500 1662 1498
f 1386 1555 1556
f 1383 1386 1556
f 1579 1580 1556
f 1556 1555 1579
f 1389 1386 1383
f 1389 1383 1385
f 3791 3715 3720
f 3720 3790 3791
f 3720 3718 3793
f 3793 3790 3720
f 3713 3787 3786
f 3721 3713 3786
f 3785 3711 3786
f 3786 3711 3721
f 4770 4774 4789
f 4767 4774 4770
f 4722 4742 4747
f 4747 4402 4722
f 4725 4749 4747
f 4747 4742 4725
f 4685 4671 4694
f 4674 4671 4685
f 4685 4694 4382
f 4382 4345 4685
f 4685 4696 4673
f 4673 4674 4685
f 4685 4758 4696
f 4685 4345 4758
f 4664 4715 4744
f 4761 4664 4744
f 3368 3360 1783
f 1783 1772 3368
f 3375 1794 1776
f 3375 1776 1781
f 1779 1793 3375
f 1781 1779 3375
f 602 596 202
f 202 596 203
f 202 601 602
f 202 603 601
f 1757 1755 1756
f 1740 1757 1756
f 1756 1753 1708
f 1756 1755 1753
f 210 599 566
f 566 599 600
f 601 603 566
f 600 601 566
f 1347 1757 1740
f 1347 1758 1757
f 1759 1758 1347
f 1347 1760 1759
f 203 596 1348
f 596 1761 1348
f 1759 1760 1348
f 1348 1761 1759
f 3121 1245 1251
f 3112 3121 1251
f 2878 1078 1077
f 1077 2760 2878
f 1765 1788 1789
f 1789 1768 1765
f 1790 1769 1789
f 1769 1768 1789
f 3412 1945 3406
f 3406 3410 3412
f 2074 2081 2072
f 2081 2077 2072
f 2257 2258 2072
f 2072 2077 2257
f 4013 4534 4011
f 4013 4430 4534
f 1191 1389 1385
f 1385 1207 1191
f 1191 1200 1387
f 1207 1200 1191
f 4788 4768 4766
f 4766 4777 4788
f 4767 4770 4788
f 4788 4777 4767
f 4766 4768 4787
f 4787 4778 4766
f 4779 4778 4787
f 4787 4791 4779
f 3794 4699 4676
f 4699 4700 4676
f 4700 4675 4676
f 4676 3920 3794
f 4669 4346 4693
f 4696 4346 4669
f 1770 1769 1785
f 1785 1769 1790
f 3357 3554 1775
f 3357 3116 3554
f 1772 1783 3252
f 3367 1772 3252
f 3252 3359 3366
f 3252 3366 3367
f 3897 3906 3914
f 3914 3919 3897
f 835 704 832
f 1770 1785 3264
f 3264 3563 1770
f 3264 3293 3371
f 3371 3563 3264
f 3368 1773 1782
f 1782 3360 3368
f 1779 1778 1792
f 1792 1793 1779
f 3554 3116 1792
f 1792 1778 3554
f 3358 1775 1774
f 3358 3357 1775
f 1774 3366 3358
f 3366 3359 3358
f 1662 1663 1476
f 1476 1475 1662
f 1476 1474 1627
f 1627 1475 1476
f 1773 1771 1784
f 1784 1782 1773
f 1784 1771 3371
f 3371 3293 1784
f 2465 2487 2501
f 3629 2485 2501
f 2501 2447 3629
f 2501 2498 3628
f 2473 2472 2501
f 2501 2463 3630
f 2461 2480 2501
f 2501 2485 2473
f 2501 2458 2463
f 2469 2474 2501
f 2501 2452 2453
f 2522 2521 2501
f 2501 2515 2527
f 2501 2484 2469
f 3628 2447 2501
f 2501 2524 2505
f 2453 2454 2501
f 3630 2493 2501
f 2501 2462 2461
f 2501 2467 2465
f 2478 2488 2501
f 2501 2479 2478
f 2501 2497 2498
f 2500 3633 2501
f 2529 2524 2501
f 2501 2521 2529
f 2526 2507 2501
f 2527 2510 2501
f 2501 2493 2516
f 2516 2515 2501
f 2481 2462 2501
f 2501 2487 2481
f 2501 2525 2522
f 2489 2484 2501
f 2501 2472 2489
f 2483 2479 2501
f 2501 2474 2483
f 2501 2482 2467
f 2475 2486 2501
f 2501 2455 2459
f 2459 2456 2501
f 2501 2507 2517
f 2517 2525 2501
f 2488 2482 2501
f 2496 2497 2501
f 2501 3634 2475
f 2486 2452 2501
f 2501 2530 2526
f 2501 2454 2455
f 2456 2458 2501
f 2510 3631 2501
f 2501 2495 2496
f 2480 3634 2501
f 3631 2530 2501
f 2518 2528 2501
f 2501 2519 2518
f 2505 2503 2501
f 2501 2528 2495
f 2501 2503 3632
f 3632 2523 2501
f 2501 3633 2519
f 1178 1500 1498
f 1498 521 1178
f 197 1342 1337
f 197 1337 204
f 83 69 63
f 57 72 83
f 83 267 265
f 637 636 83
f 83 143 142
f 83 61 71
f 83 66 70
f 83 10 135
f 416 82 83
f 195 908 83
f 64 62 83
f 83 156 164
f 787 155 83
f 83 98 834
f 63 1 83
f 240 201 83
f 83 112 114
f 83 301 180
f 28 669 83
f 83 54 57
f 154 786 83
f 83 642 641
f 83 378 59
f 71 382 83
f 43 414 83
f 83 161 162
f 164 160 83
f 83 638 637
f 83 167 144
f 144 166 83
f 114 102 83
f 83 72 56
f 53 54 83
f 59 58 83
f 56 374 83
f 497 492 83
f 83 78 50
f 381 61 83
f 163 597 83
f 83 510 511
f 483 482 83
f 83 786 165
f 83 2 195
f 83 811 122
f 83 119 818
f 818 120 83
f 168 141 83
f 83 694 92
f 697 18 83
f 83 58 381
f 83 719 16
f 83 196 75
f 894 892 83
f 65 66 83
f 83 60 65
f 70 64 83
f 79 47 83
f 83 661 22
f 83 186 185
f 83 159 163
f 597 510 83
f 321 84 83
f 83 504 493
f 152 780 83
f 83 157 787
f 907 911 83
f 83 912 910
f 83 897 879
f 734 117 83
f 83 905 904
f 140 139 83
f 24 672 83
f 102 101 83
f 109 13 83
f 83 374 378
f 83 73 53
f 83 42 79
f 634 633 83
f 83 883 634
f 83 889 887
f 890 889 83
f 83 875 907
f 1 913 83
f 83 382 60
f 83 876 875
f 83 68 67
f 83 607 865
f 263 132 83
f 83 7 447
f 162 158 83
f 486 487 83
f 83 234 233
f 192 193 83
f 83 484 483
f 153 154 83
f 83 783 153
f 145 146 83
f 165 157 83
f 83 155 156
f 83 150 152
f 910 2 83
f 151 149 83
f 130 11 83
f 83 134 137
f 135 169 83
f 122 124 83
f 83 117 733
f 733 119 83
f 137 138 83
f 908 194 83
f 83 141 140
f 83 147 145
f 142 148 83
f 83 128 130
f 674 676 83
f 19 833 83
f 703 702 83
f 13 112 83
f 834 100 83
f 92 830 83
f 83 52 74
f 75 51 83
f 49 76 83
f 50 77 83
f 633 638 83
f 83 887 883
f 641 640 83
f 83 870 645
f 891 890 83
f 83 892 891
f 879 895 83
f 83 913 914
f 914 876 83
f 83 893 894
f 67 69 83
f 83 105 104
f 83 431 298
f 269 271 83
f 83 467 241
f 83 438 171
f 83 158 159
f 160 161 83
f 83 44 81
f 83 487 485
f 485 484 83
f 473 229 83
f 83 780 783
f 83 146 151
f 83 475 473
f 911 912 83
f 900 898 83
f 83 904 900
f 11 10 83
f 83 169 134
f 83 120 811
f 83 124 126
f 126 812 83
f 83 139 167
f 770 147 83
f 83 148 770
f 166 143 83
f 83 670 28
f 83 677 674
f 83 136 168
f 83 848 88
f 676 27 83
f 83 833 703
f 83 836 95
f 83 108 109
f 83 706 99
f 95 707 83
f 83 55 73
f 83 51 52
f 74 364 83
f 83 48 49
f 41 42 83
f 83 81 41
f 46 45 83
f 83 80 46
f 640 870 83
f 636 642 83
f 83 895 896
f 896 893 83
f 62 68 83
f 865 646 83
f 668 26 83
f 298 297 83
f 178 302 83
f 447 257 83
f 83 9 256
f 83 12 263
f 83 281 436
f 83 172 289
f 83 133 268
f 183 184 83
f 268 131 83
f 511 505 83
f 83 488 486
f 83 229 228
f 228 234 83
f 490 489 83
f 479 475 83
f 83 149 150
f 898 897 83
f 83 480 479
f 812 128 83
f 83 672 670
f 87 677 83
f 83 669 87
f 83 30 845
f 88 846 83
f 83 699 19
f 83 841 89
f 97 836 83
f 83 702 97
f 17 108 83
f 83 100 17
f 845 686 83
f 99 98 83
f 101 719 83
f 83 364 55
f 83 76 196
f 83 77 48
f 45 78 83
f 83 47 80
f 645 643 83
f 644 608 83
f 83 860 859
f 83 732 116
f 23 857 83
f 83 430 178
f 83 182 183
f 180 181 83
f 289 173 83
f 285 170 83
f 83 174 292
f 256 455 83
f 83 125 446
f 83 239 240
f 132 133 83
f 185 187 83
f 83 188 189
f 189 190 83
f 83 191 192
f 4 3 83
f 83 505 507
f 507 504 83
f 83 498 497
f 83 492 490
f 236 467 83
f 482 480 83
f 194 905 83
f 138 136 83
f 847 30 83
f 83 846 847
f 233 232 83
f 29 695 83
f 238 237 83
f 83 839 29
f 83 94 697
f 83 686 841
f 96 706 83
f 83 707 96
f 16 103 83
f 104 106 83
f 83 643 644
f 83 730 111
f 654 653 83
f 83 646 654
f 83 673 24
f 83 21 23
f 83 294 176
f 176 431 83
f 177 430 83
f 83 297 177
f 427 182 83
f 83 181 427
f 179 301 83
f 83 302 179
f 292 175 83
f 257 9 83
f 455 12 83
f 173 433 83
f 83 462 242
f 111 728 83
f 445 121 83
f 83 444 445
f 83 115 285
f 436 118 83
f 171 290 83
f 187 188 83
f 184 186 83
f 83 34 420
f 83 190 314
f 314 191 83
f 83 36 37
f 420 32 83
f 83 324 31
f 83 264 127
f 83 3 499
f 499 5 83
f 83 501 4
f 83 489 488
f 493 502 83
f 83 232 238
f 83 27 848
f 83 695 93
f 93 694 83
f 690 90 83
f 83 91 690
f 83 18 699
f 83 830 94
f 89 691 83
f 83 85 321
f 83 15 734
f 116 731 83
f 83 608 607
f 653 860 83
f 22 660 83
f 83 25 668
f 86 673 83
f 83 26 86
f 83 655 21
f 83 175 294
f 83 433 174
f 241 239 83
f 200 462 83
f 83 201 200
f 859 20 83
f 242 250 83
f 83 121 441
f 441 281 83
f 83 458 457
f 446 123 83
f 286 115 83
f 83 118 286
f 170 438 83
f 290 172 83
f 265 129 83
f 83 131 267
f 33 34 83
f 83 193 33
f 83 272 269
f 35 325 83
f 83 326 35
f 31 322 83
f 83 40 43
f 37 328 83
f 414 44 83
f 5 498 83
f 503 501 83
f 83 502 503
f 83 237 236
f 90 839 83
f 83 691 91
f 103 105 83
f 821 107 83
f 83 106 821
f 14 15 83
f 83 731 14
f 727 113 83
f 83 110 727
f 83 660 856
f 856 25 83
f 83 857 661
f 83 20 655
f 83 251 8
f 8 7 83
f 83 250 249
f 249 458 83
f 83 123 444
f 271 125 83
f 457 6 83
f 127 272 83
f 83 325 36
f 84 326 83
f 32 324 83
f 39 40 83
f 83 411 39
f 83 328 38
f 38 327 83
f 322 85 83
f 107 730 83
f 113 732 83
f 83 728 110
f 83 6 251
f 129 264 83
f 83 82 411

