Q_actual_observation_held_probability,Q_actual_observation_x,Q_actual_observation_xyz_mae_cm,Q_actual_observation_y,Q_actual_observation_z,Q_observed_supported_reward,action_dx,action_dy,action_dyaw,action_dz,action_gripper,actual_goal_distance_cm,actual_held,actual_lift_cm,actual_object_x,actual_object_y,actual_object_z,control_component_goal,control_component_penalties,control_component_progress,control_component_time,control_reward,decision_seconds,forced_release,obstacle_contact,phase,proposed_gripper,step,table_contact,task_success,time_s,true_component_action,true_component_collision,true_component_drop,true_component_fail,true_component_grasp,true_component_lift,true_component_place,true_component_proximity,true_component_reach,true_component_success,true_component_table_hit,true_component_transport,true_original_reward
1.5700235962867737e-05,0.17863351106643677,0.3763754963874817,-0.22812841832637787,0.7725039124488831,-0.0003442373492929824,0.9686776399612427,-0.9740729331970215,0.0029262304306030273,-0.9943993091583252,0.9999983310699463,49.840999603271484,False,0.0,0.18318282067775726,-0.22141948342323303,0.7724708914756775,0.0,-0.007189982533454895,0.01699267655611038,-0.01,-0.0001973059773445144,0.0005088620819151402,False,False,approach,0.9999983310699463,1,False,False,0.6000000000000004,-0.7189982533454895,-0.0,0.0,0.0,0.0,0.0,0.0,-0.0,0.03432863701916644,0.0,-0.0,0.0,0.009974335976128325
7.265175554493908e-06,0.17852462828159332,0.3423084616661072,-0.22621938586235046,0.7732820510864258,-0.013994346717702184,0.9890918731689453,-0.9937517046928406,-0.007337033748626709,-0.990542471408844,1.0,49.840999603271484,False,0.0,0.18318282067775726,-0.22141948342323303,0.7724708914756775,0.0,-0.00736768364906311,0.0030762490630149852,-0.01,-0.014291434586048125,0.00047218287363648415,False,False,approach,1.0,2,False,False,0.7000000000000005,-0.736768364906311,-0.0,0.0,0.0,0.0,0.0,0.0,-0.0,0.04088998781878339,0.0,-0.0,0.0,0.013077310260328585
1.0035192644863855e-05,0.17936193943023682,0.3746832609176636,-0.22843647003173828,0.7728735208511353,-0.014041985203239432,0.990105390548706,-0.9931500554084778,0.0018669366836547852,-0.9891658425331116,1.0,49.840999603271484,False,0.0,0.18318282067775726,-0.22141948342323303,0.7724708914756775,0.0,-0.007362771034240723,0.003730302155017854,-0.01,-0.01363246887922287,0.00046664802357554436,False,False,approach,1.0,3,False,False,0.8000000000000006,-0.7362771034240723,-0.0,0.0,0.0,0.0,0.0,0.0,-0.0,0.04883898421308874,0.0,-0.0,0.0,0.01705672107230365
7.862703569117002e-06,0.1781613677740097,0.3542110323905945,-0.22650931775569916,0.7729859352111816,-0.012496658701124963,0.9909205436706543,-0.9933381080627441,-0.00652390718460083,-0.9890076518058777,1.0,49.840999603271484,False,0.0,0.18318282067775726,-0.22141948342323303,0.7724708914756775,0.0,-0.007367057204246521,0.004395886957645416,-0.01,-0.012971170246601105,0.000471324659883976,False,False,approach,1.0,4,False,False,0.9000000000000007,-0.7367057204246521,-0.0,0.0,0.0,0.0,0.0,0.0,-0.0,0.05821290535981383,0.0,-0.0,0.0,0.02173939547566039
1.7837397535913624e-05,0.17707273364067078,0.3624071478843689,-0.22558419406414032,0.7730683088302612,-0.011844125964652402,0.9923243522644043,-0.9931504726409912,-0.004895329475402832,-0.9906387329101562,1.0,49.840999603271484,False,0.0,0.18318282067775726,-0.22141948342323303,0.7724708914756775,0.0,-0.007381111979484559,0.005103589892387392,-0.01,-0.012277522087097167,0.0004770243540406227,False,False,approach,1.0,5,False,False,1.0000000000000007,-0.7381111979484558,-0.0,0.0,0.0,0.0,0.0,0.0,-0.0,0.06911123442832112,0.0,-0.0,0.0,0.027174505234676002
9.648555533203762e-06,0.17764946818351746,0.38511353731155396,-0.22679074108600616,0.7731196880340576,-0.01185756993361471,0.9933187961578369,-0.9935053586959839,-0.004685461521148682,-0.9926843047142029,1.0,49.840999603271484,False,0.0,0.18318282067775726,-0.22141948342323303,0.7724708914756775,0.0,-0.007397947907447815,0.005777176022529605,-0.01,-0.01162077188491821,0.00048461370170116425,False,False,approach,1.0,6,False,False,1.1000000000000008,-0.7397947907447815,-0.0,0.0,0.0,0.0,0.0,0.0,-0.0,0.08148037666786456,0.0,-0.0,0.0,0.03334224042648447
1.234690807905281e-05,0.17839694023132324,0.32489103078842163,-0.2260456532239914,0.7728055715560913,-0.011166220607268528,0.9929125308990479,-0.9930852651596069,-0.008510172367095947,-0.9915145039558411,1.0,49.840999603271484,False,0.0,0.18318282067775726,-0.22141948342323303,0.7724708914756775,0.0,-0.007388167381286621,0.006274879276752472,-0.01,-0.01111328810453415,0.0004725279286503792,False,False,approach,1.0,7,False,False,1.2000000000000008,-0.7388167381286621,-0.0,0.0,0.0,0.0,0.0,0.0,-0.0,0.09497997197091834,0.0,-0.0,0.0,0.04010181860417255
1.3082416444376577e-05,0.17828457057476044,0.40102848410606384,-0.22822318971157074,0.7727997899055481,-0.011011428749165528,0.9924757480621338,-0.9926668405532837,-0.009068191051483154,-0.9906784892082214,1.0,49.840999603271484,False,0.0,0.18318282067775726,-0.22141948342323303,0.7724708914756775,0.0,-0.0073798042535781865,0.0067437991499900846,-0.01,-0.010636005103588102,0.00048224814236164093,False,False,approach,1.0,8,False,False,1.300000000000001,-0.7379804253578186,-0.0,0.0,0.0,0.0,0.0,0.0,-0.0,0.10956324172539444,0.0,-0.0,0.0,0.04740181660911903
1.1791286851803306e-05,0.177700936794281,0.41603097319602966,-0.228138267993927,0.7727511525154114,-0.00974567307046539,0.9915660619735718,-0.9929558038711548,-0.0002213120460510254,-0.9935122728347778,1.0,49.840999603271484,False,0.0,0.18318282067775726,-0.22141948342323303,0.7724708914756775,0.0,-0.007390577793121338,0.007395125031471252,-0.01,-0.009995452761650087,0.00047220010310411453,False,False,approach,1.0,9,False,False,1.400000000000001,-0.7390577793121338,-0.0,0.0,0.0,0.0,0.0,0.0,-0.0,0.1256095670243722,0.0,-0.0,0.0,0.05541420571906476
8.818617970973719e-06,0.17767024040222168,0.4798720180988312,-0.22978205978870392,0.7729918956756592,-0.009235188868301856,0.9917086362838745,-0.9922063946723938,-0.0017302632331848145,-0.9945807456970215,1.0,49.840999603271484,False,0.0,0.18318282067775726,-0.22141948342323303,0.7724708914756775,0.0,-0.007392883896827698,0.008325799107551574,-0.01,-0.009067084789276125,0.0004729791544377804,False,False,approach,1.0,10,False,False,1.500000000000001,-0.7392883896827698,-0.0,0.0,0.0,0.0,0.0,0.0,-0.0,0.1436981959358654,0.0,-0.0,0.0,0.06445621407110501
7.091541647241684e-06,0.17783693969249725,0.3664483428001404,-0.2264934778213501,0.7730444669723511,-0.006831189144076954,0.9918162822723389,-0.9907882213592529,-0.005679786205291748,-0.9938053488731384,1.0,49.840999603271484,False,0.0,0.18318282067775726,-0.22141948342323303,0.7724708914756775,0.0,-0.00738260567188263,0.00953814804553986,-0.01,-0.00784445762634277,0.0005190577358007431,False,False,approach,1.0,11,False,False,1.6000000000000012,-0.7382605671882629,-0.0,0.0,0.0,0.0,0.0,0.0,-0.0,0.16441857220905887,0.0,-0.0,0.0,0.0748266804326468
4.230653303238796e-06,0.17834945023059845,0.43856003880500793,-0.2289700210094452,0.77324378490448,-0.006927765957569937,0.9934027194976807,-0.986362636089325,-0.008994340896606445,-0.9926000833511353,1.0,49.840999603271484,False,0.0,0.18318282067775726,-0.22141948342323303,0.7724708914756775,0.0,-0.007362740039825439,0.010975850224494932,-0.01,-0.006386889815330508,0.00046518584713339806,False,False,approach,1.0,12,False,False,1.7000000000000013,-0.736274003982544,-0.0,0.0,0.0,0.0,0.0,0.0,-0.0,0.1882528373617972,0.0,-0.0,0.0,0.08676367864107316
5.173000772629166e-06,0.17759348452091217,0.40468522906303406,-0.22750703990459442,0.7729345560073853,-0.003953906984231225,0.9932956695556641,-0.9818532466888428,-0.008941233158111572,-0.9914361834526062,1.0,49.840999603271484,False,0.0,0.18318282067775726,-0.22141948342323303,0.7724708914756775,0.0,-0.0073342442512512205,0.012575363516807561,-0.01,-0.00475888073444366,0.000465278048068285,False,False,approach,1.0,13,False,False,1.8000000000000014,-0.7334244251251221,-0.0,0.0,0.0,0.0,0.0,0.0,-0.0,0.21555922089474122,0.0,-0.0,0.0,0.10044536619611939
3.307299721200252e-06,0.17850321531295776,0.4239494502544403,-0.22870728373527527,0.7732219696044922,-0.003134111214970271,0.9936026334762573,-0.9663565158843994,-0.00812596082687378,-0.9898277521133423,1.0,49.840999603271484,False,0.0,0.18318282067775726,-0.22141948342323303,0.7724708914756775,0.0,-0.00725229024887085,0.014310525655746462,-0.01,-0.0029417645931243885,0.0004798471927642822,False,False,approach,1.0,14,False,False,1.9000000000000015,-0.725229024887085,-0.0,0.0,0.0,0.0,0.0,0.0,-0.0,0.24664668575662452,0.0,-0.0,0.0,0.11607105262944141
3.923548320017289e-06,0.17747285962104797,0.350599467754364,-0.22590528428554535,0.7727931141853333,0.0004900273481758793,0.9930480718612671,-0.926903247833252,-0.010452508926391602,-0.9824161529541016,1.0,49.840999603271484,False,0.0,0.18318282067775726,-0.22141948342323303,0.7724708914756775,0.0,-0.007026361823081971,0.01617468684911727,-0.01,-0.0008516749739647007,0.0004677162505686283,False,False,approach,1.0,15,False,False,2.0000000000000013,-0.702636182308197,-0.0,0.0,0.0,0.0,0.0,0.0,-0.0,0.28181418391471347,0.0,-0.0,0.0,0.13388073013427476
3.068224714297685e-06,0.17869476974010468,0.4351203739643097,-0.22941450774669647,0.7730414271354675,0.0011653078033534523,0.9915575981140137,-0.7369689345359802,-0.024012207984924316,-0.9558402299880981,1.0,49.840999603271484,False,0.0,0.18318282067775726,-0.22141948342323303,0.7724708914756775,0.0,-0.00610129177570343,0.018145198523998263,-0.01,0.002043906748294832,0.0004603797569870949,False,False,approach,1.0,16,False,False,2.0999999999999903,-0.610129177570343,-0.0,0.0,0.0,0.0,0.0,0.0,-0.0,0.3213178078533554,0.0,-0.0,0.0,0.15455761215097427
4.866886683885241e-06,0.17701202630996704,0.37862658500671387,-0.22603999078273773,0.773038387298584,0.007564816855743612,0.9841856956481934,-0.5609745383262634,-0.03697556257247925,-0.765950620174408,1.0,49.840999603271484,False,0.0,0.18318282067775726,-0.22141948342323303,0.7724708914756775,0.0,-0.004678404033184052,0.019869059622287744,-0.01,0.005190655589103692,0.0004634386859834194,False,False,approach,1.0,17,False,False,2.1999999999999793,-0.46784040331840515,-0.0,0.0,0.0,0.0,0.0,0.0,-0.0,0.36470299770502124,0.0,-0.0,0.0,0.17767309481932655
4.175252797722351e-06,0.17766326665878296,0.36261630058288574,-0.22584792971611023,0.7734013795852661,0.007759964048373579,0.972388744354248,-0.3836480975151062,-0.02677333354949951,-0.5323981642723083,1.0,49.840999603271484,False,0.0,0.18318282067775726,-0.22141948342323303,0.7724708914756775,0.0,-0.003442225754261017,0.020705761909484866,-0.01,0.007263536155223847,0.00048547983169555664,False,False,approach,1.0,18,False,False,2.2999999999999683,-0.3442225754261017,-0.0,0.0,0.0,0.0,0.0,0.0,-0.0,0.41021659823372847,0.0,-0.0,0.0,0.20166607336260323
5.085249995318009e-06,0.176415354013443,0.38659971952438354,-0.22552283108234406,0.7731980681419373,0.00850356403170899,0.9537758827209473,-0.2760845422744751,-0.03467649221420288,-0.23149478435516357,1.0,49.840999603271484,False,0.0,0.18318282067775726,-0.22141948342323303,0.7724708914756775,0.0,-0.0026017585396766662,0.020233986377716062,-0.01,0.007632227838039395,0.0004932638257741928,False,False,approach,1.0,19,False,False,2.3999999999999573,-0.2601758539676666,-0.0,0.0,0.0,0.0,0.0,0.0,-0.0,0.4552370156368989,0.0,-0.0,0.0,0.22501674927877277
1.2910634723084513e-05,0.1762998104095459,0.4481678307056427,-0.22752881050109863,0.7729235887527466,0.0005022727542887771,0.9070627689361572,-0.19533103704452515,-0.030046939849853516,0.044438958168029785,1.0,49.840999603271484,False,0.0,0.18318282067775726,-0.22141948342323303,0.7724708914756775,0.0,-0.00215948686003685,0.01372588515281678,-0.01,0.0015663982927799306,0.0004672878421843052,False,False,approach,1.0,20,False,False,2.4999999999999463,-0.215948686003685,-0.0,0.0,0.0,0.0,0.0,0.0,-0.0,0.48756436938855485,0.0,-0.0,0.0,0.24162269783424056
2.7146676075062715e-05,0.17738479375839233,0.3480468988418579,-0.22599604725837708,0.7724040746688843,-0.0076542984474545555,0.7798974514007568,-0.1790485382080078,-0.03092581033706665,0.12290358543395996,1.0,49.840999603271484,False,0.0,0.18318282067775726,-0.22141948342323303,0.7724708914756775,0.0,-0.0016409002244472503,0.005969148129224777,-0.01,-0.0056717520952224735,0.0005397670902311802,False,False,approach,1.0,21,False,False,2.5999999999999353,-0.16409002244472504,-0.0,0.0,0.0,0.0,0.0,0.0,-0.0,0.5045481235407592,0.0,-0.0,0.0,0.25063316154593235
3.9927872421685606e-05,0.1778683364391327,0.4127974212169647,-0.22842246294021606,0.7724044322967529,-0.012513431771438882,0.615861177444458,-0.15249192714691162,-0.024396896362304688,0.13415324687957764,1.0,49.840999603271484,False,0.0,0.18318282067775726,-0.22141948342323303,0.7724708914756775,0.0,-0.001052827686071396,-0.00012145936489105225,-0.01,-0.011174287050962448,0.00047391001135110855,False,False,approach,1.0,22,False,False,2.6999999999999242,-0.10528276860713959,-0.0,0.0,0.0,0.0,0.0,0.0,-0.0,0.5093991687940012,0.0,-0.0,0.0,0.2536467567109292
5.283258360577747e-05,0.1777118742465973,0.3289327025413513,-0.22553125023841858,0.7721856236457825,-0.0144314235161262,0.36621594429016113,-0.14838922023773193,-0.09236305952072144,0.15235614776611328,1.0,49.840999603271484,False,0.0,0.18318282067775726,-0.22141948342323303,0.7724708914756775,0.0,-0.0004696920141577721,-0.003449797928333276,-0.01,-0.013919489942491047,0.00048492709174752235,False,False,approach,1.0,23,False,False,2.7999999999999132,-0.046969201415777206,-0.0,0.0,0.0,0.0,0.0,0.0,-0.0,0.5075753314560816,0.0,-0.0,0.0,0.25331797371388304
7.698185800109059e-05,0.1780375838279724,0.28851228952407837,-0.22475813329219818,0.7722994089126587,-0.014611272030295237,0.23328447341918945,-0.07571637630462646,-0.26922130584716797,0.006793498992919922,1.0,49.840999603271484,False,0.0,0.18318282067775726,-0.22141948342323303,0.7724708914756775,0.0,-0.0003317021951079369,-0.004150802940130233,-0.01,-0.01448250513523817,0.00047898804768919945,False,False,approach,1.0,24,False,False,2.899999999999902,-0.033170219510793686,-0.0,0.0,0.0,0.0,0.0,0.0,-0.0,0.5043169531866969,0.0,-0.0,0.0,0.2518267743982405
6.184645462781191e-05,0.17761768400669098,0.26502710580825806,-0.22331270575523376,0.7719784379005432,-0.012505551366516036,0.16849327087402344,-0.022729992866516113,-0.35070180892944336,-0.12418371438980103,1.0,49.840999603271484,False,0.0,0.18318282067775726,-0.22141948342323303,0.7724708914756775,0.0,-0.0004182999581098557,-0.0013448645174503615,-0.01,-0.011763164475560218,0.0004732580855488777,False,False,approach,1.0,25,False,False,2.999999999999891,-0.041829995810985565,-0.0,0.0,0.0,0.0,0.0,0.0,-0.0,0.5066941916379839,0.0,-0.0,0.0,0.25292879586088207
8.757696377870161e-06,0.17853635549545288,0.3249804377555847,-0.2261161059141159,0.7728772163391113,-0.006737997952117621,0.13015782833099365,0.012732386589050293,-0.5115035772323608,-0.3770500421524048,1.0,49.840999603271484,False,0.0,0.18318282067775726,-0.22141948342323303,0.7724708914756775,0.0,-0.0010522644966840745,0.002932569682598085,-0.01,-0.00811969481408599,0.00047014420852065086,False,False,approach,1.0,26,False,False,3.09999999999988,-0.10522644966840744,-0.0,0.0,0.0,0.0,0.0,0.0,-0.0,0.5177366454794942,0.0,-0.0,0.0,0.25781605824306303
3.2140824259840883e-06,0.17889747023582458,0.2835015654563904,-0.22539205849170685,0.7727180123329163,-0.002262015707411749,0.07910752296447754,-0.016887128353118896,-0.4224492311477661,-0.6444470882415771,1.0,49.840999603271484,False,0.0,0.18318282067775726,-0.22141948342323303,0.7724708914756775,0.0,-0.001500796526670456,0.009613424688577676,-0.01,-0.0018873718380927797,0.0004699788987636566,False,False,approach,1.0,27,False,False,3.199999999999869,-0.1500796526670456,-0.0,0.0,0.0,0.0,0.0,0.0,-0.0,0.5423874226321181,0.0,-0.0,0.0,0.2696929147893886
1.925861397467088e-06,0.17845594882965088,0.35513240098953247,-0.22685234248638153,0.772965133190155,0.005619311807907741,0.05192530155181885,0.002040386199951172,-0.16796976327896118,-0.9301660060882568,1.0,49.840999603271484,False,0.0,0.18318282067775726,-0.22141948342323303,0.7724708914756775,0.0,-0.002240307629108429,0.017407782524824167,-0.01,0.005167474895715738,0.00047645019367337227,False,False,approach,1.0,28,False,False,3.299999999999858,-0.2240307629108429,-0.0,0.0,0.0,0.0,0.0,0.0,-0.0,0.5830333298682412,0.0,-0.0,0.0,0.28927635730501217
1.627168330742279e-06,0.17779487371444702,0.3184288740158081,-0.22510851919651031,0.7729467749595642,0.011940898992067106,0.023539304733276367,-0.015971064567565918,0.022804856300354004,-0.9828258156776428,1.0,49.840999603271484,False,0.0,0.18318282067775726,-0.22141948342323303,0.7724708914756775,0.0,-0.002418189495801926,0.024109576940536503,-0.01,0.011691387444734578,0.00046727806329727173,False,False,approach,1.0,29,False,False,3.399999999999847,-0.24181894958019257,-0.0,0.0,0.0,0.0,0.0,0.0,-0.0,0.6376288312146032,0.0,-0.0,0.0,0.3163962261114997
2.3544930627394933e-06,0.17876258492469788,0.3011758327484131,-0.22538608312606812,0.773119330406189,0.014367467566708243,0.001672506332397461,-0.004641592502593994,0.2596808671951294,-0.9862399697303772,1.0,49.840999603271484,False,0.0,0.18318282067775726,-0.22141948342323303,0.7724708914756775,0.0,-0.0026003193855285646,0.02644100323319437,-0.01,0.013840683847665807,0.00047277379781007767,False,False,approach,1.0,30,False,False,3.499999999999836,-0.26003193855285645,-0.0,0.0,0.0,0.0,0.0,0.0,-0.0,0.6974857308958459,0.0,-0.0,0.0,0.34614254606239436
2.3462423541786848e-06,0.17910894751548767,0.27743178606033325,-0.2253197580575943,0.7728196978569031,0.014098143265680404,0.016355514526367188,-0.02195286750793457,0.28208696842193604,-0.9582845568656921,1.0,49.840999603271484,False,0.0,0.18318282067775726,-0.22141948342323303,0.7724708914756775,0.0,-0.0024965792894363404,0.02701628535985945,-0.01,0.014519706070423107,0.00053757568821311,False,False,approach,1.0,31,False,False,3.599999999999825,-0.24965792894363403,-0.0,0.0,0.0,0.0,0.0,0.0,-0.0,0.7591093412634888,0.0,-0.0,0.0,0.37705809134230805
2.4308501451741904e-06,0.1795945018529892,0.21803826093673706,-0.2237982600927353,0.7730449438095093,0.01487409874247105,0.040885210037231445,-0.026198208332061768,0.16344213485717773,-0.8562080264091492,1.0,49.840999603271484,False,0.0,0.18318282067775726,-0.22141948342323303,0.7724708914756775,0.0,-0.001905408650636673,0.025780566632747637,-0.01,0.013875157982110963,0.00046283286064863205,False,False,approach,1.0,32,False,False,3.699999999999814,-0.1905408650636673,-0.0,0.0,0.0,0.0,0.0,0.0,-0.0,0.8188589498427852,0.0,-0.0,0.0,0.40752406627075594
4.761178388434928e-06,0.17784328758716583,0.3946647047996521,-0.22736425697803497,0.7730265259742737,0.010453797508414126,0.07222211360931396,-0.025991618633270264,0.06353366374969482,-0.6383870244026184,1.0,49.840999603271484,False,0.0,0.18318282067775726,-0.22141948342323303,0.7724708914756775,0.0,-0.0010436652600765229,0.021365164294838923,-0.01,0.010321499034762401,0.0004692631773650646,False,False,approach,1.0,33,False,False,3.799999999999803,-0.10436652600765228,-0.0,0.0,0.0,0.0,0.0,0.0,-0.0,0.8702923830642252,0.0,-0.0,0.0,0.43410252627203605
6.17399518887396e-06,0.17826713621616364,0.40493062138557434,-0.2284010797739029,0.772721529006958,0.0022776157582722212,0.0350877046585083,-0.05244576930999756,0.038255929946899414,-0.38376688957214355,1.0,49.840999603271484,False,0.0,0.18318282067775726,-0.22141948342323303,0.7724708914756775,0.0,-0.0003818056359887123,0.01362751491367814,-0.01,0.003245709277689428,0.0004660082049667835,False,False,approach,1.0,34,False,False,3.899999999999792,-0.03818056359887123,-0.0,0.0,0.0,0.0,0.0,0.0,-0.0,0.9066135132211701,0.0,-0.0,0.0,0.45292495097459634
2.9927774448879063e-05,0.17842325568199158,0.43637752532958984,-0.2290782481431961,0.7717978954315186,-0.006717045567597644,0.023506879806518555,-0.04455667734146118,-0.05660277605056763,-0.19050252437591553,1.0,49.840999603271484,False,0.0,0.18318282067775726,-0.22141948342323303,0.7724708914756775,0.0,-0.00010508239269256592,0.005272074937820448,-0.01,-0.0048330074548721185,0.00046174973249435425,False,False,approach,1.0,35,False,False,3.999999999999781,-0.010508239269256592,-0.0,0.0,0.0,0.0,0.0,0.0,-0.0,0.9264217471007565,0.0,-0.0,0.0,0.4631057911576857
0.00025455871946178377,0.17968106269836426,0.3941257894039154,-0.2284586876630783,0.7711880803108215,-0.009643658491799956,-0.0020974278450012207,-0.04575455188751221,-0.0723312497138977,-0.22433489561080933,1.0,49.840999603271484,False,0.0,0.18318282067775726,-0.22141948342323303,0.7724708914756775,0.0,-0.00014413958415389062,0.000839821510016936,-0.01,-0.009304318074136954,0.00046785781159996986,False,False,approach,1.0,36,False,False,4.0999999999997705,-0.014413958415389061,-0.0,0.0,0.0,0.0,0.0,0.0,-0.0,0.9374761408855337,0.0,-0.0,0.0,0.46859393085861295
0.0001800343452487141,0.17987263202667236,0.4101499915122986,-0.22882473468780518,0.7708818316459656,-0.008896682487224574,0.007864952087402344,-0.04373675584793091,0.04929852485656738,-0.2843209505081177,1.0,49.840999603271484,False,0.0,0.18318282067775726,-0.22141948342323303,0.7724708914756775,0.0,-0.00021310877054929735,0.0005209525488317213,-0.01,-0.009692156221717577,0.00046603893861174583,False,False,approach,1.0,37,False,False,4.1999999999997595,-0.021310877054929733,-0.0,0.0,0.0,0.0,0.0,0.0,-0.0,0.9479981134081732,0.0,-0.0,0.0,0.4737859479335373
0.0018195750890299678,0.17910324037075043,0.39829859137535095,-0.2278759926557541,0.7710580229759216,-0.005076417650086389,0.017344951629638672,-0.04394036531448364,0.08543729782104492,-0.29568105936050415,1.0,49.840999603271484,False,0.0,0.18318282067775726,-0.22141948342323303,0.7724708914756775,0.0,-0.0002423960715532303,-0.0004977622441947327,-0.01,-0.010740158315747964,0.0004838039167225361,False,False,approach,1.0,38,False,False,4.2999999999997485,-0.02423960715532303,-0.0,0.0,0.0,0.0,0.0,0.0,-0.0,0.9565682068961204,0.0,-0.0,0.0,0.478041707376507
0.004384180530905724,0.17605508863925934,0.5052486658096313,-0.22818613052368164,0.7712078094482422,-0.0064899051296816255,0.028139948844909668,-0.03307211399078369,0.03370952606201172,-0.2778513431549072,0.9976015090942383,49.840999603271484,False,0.0,0.18318282067775726,-0.22141948342323303,0.7724708914756775,0.0,-0.00020055830478668213,-0.0038848644867539583,-0.01,-0.01408542279154064,0.0004710359498858452,False,False,approach,0.9976015090942383,39,False,False,4.3999999999997375,-0.020055830478668213,-0.0,0.0,0.0,0.0,0.0,0.0,-0.0,0.9583822515305368,0.0,-0.0,0.0,0.47899056746048174
0.9984464049339294,0.1745036542415619,0.5550876259803772,-0.21560142934322357,0.7685605883598328,0.319808253700695,0.0101546049118042,0.017820358276367188,0.013116121292114258,-0.3175320625305176,-0.9999983906745911,49.7569694519043,False,-0.01793503761291504,0.18231281638145447,-0.22071394324302673,0.7722915410995483,0.0,-0.0002535483241081238,-0.005050968173891335,-0.01,-0.015304516497999458,0.0004649115726351738,False,False,approach,-0.9999983906745911,40,False,False,4.499999999999726,-0.025354832410812378,-0.0,0.0,0.0,0.0,0.0,0.0,-0.0,0.9578590205355825,0.0,-0.0,0.0,0.4786759619436831
0.9975556135177612,0.17280568182468414,0.6803104877471924,-0.21396125853061676,0.7680149674415588,-0.02609825691742658,0.052855610847473145,0.09213376045227051,0.054584383964538574,-0.9065954685211182,-0.9999939799308777,49.74395751953125,False,-0.024557113647460938,0.18239820003509521,-0.2205677032470703,0.7722253203392029,0.0,-0.0020904427766799925,-0.009683347754180449,-0.01,-0.02177379053086044,0.0005169156938791275,False,False,approach,-0.9999939799308777,41,False,False,4.599999999999715,-0.20904427766799927,-0.0,0.0,0.0,0.0,0.0,0.0,-0.0,0.9479719029031181,0.0,-0.0,0.0,0.47189550867487906
0.9988067150115967,0.17261400818824768,0.6144652366638184,-0.21606771647930145,0.7680928707122803,-0.02061156989498813,0.06258416175842285,0.13031995296478271,0.1015923023223877,-0.9114112257957458,-1.0,49.72842788696289,False,-0.01971721649169922,0.18255022168159485,-0.2203846126794815,0.7722737193107605,0.0,-0.0021547287702560424,-0.011079603247344472,-0.01,-0.023234332017600515,0.0004869089461863041,False,False,approach,-1.0,42,False,False,4.699999999999704,-0.21547287702560425,-0.0,0.0,0.0,0.0,0.0,0.0,-0.0,0.9351643615017284,0.0,-0.0,0.0,0.4654274519806082
0.9987874627113342,0.17331255972385406,0.6648709774017334,-0.21306461095809937,0.7682530879974365,-0.01667104057607995,0.05031442642211914,0.12949562072753906,0.11713111400604248,-0.8802175521850586,-1.0,49.61592483520508,False,0.025349855422973633,0.18261998891830444,-0.2192320078611374,0.7727243900299072,0.0,-0.002019508183002472,-0.010499693825840928,-0.01,-0.0225192020088434,0.0004748771898448467,False,False,approach,-1.0,43,False,False,4.799999999999693,-0.2019508183002472,-0.0,0.0,0.0,0.0,0.0,0.0,-0.0,0.9233988262591849,0.0,-0.0,0.0,0.45967990494659
0.9988633394241333,0.17324523627758026,0.4616186022758484,-0.2176438570022583,0.7692416906356812,-0.008957622996518677,0.051197052001953125,0.16599416732788086,0.11735379695892334,-0.30975818634033203,-1.0,49.54228591918945,False,0.02772212028503418,0.18277178704738617,-0.21845944225788116,0.7727481126785278,0.0,-0.0003497431427240372,-0.005953768193721787,-0.01,-0.016303511336445822,0.00047670723870396614,False,False,approach,-1.0,44,False,False,4.899999999999682,-0.03497431427240372,-0.0,0.0,0.0,0.0,0.0,0.0,-0.0,0.9206983620915388,0.0,-0.0,0.0,0.45999943790304537
0.9996439218521118,0.1700531244277954,0.600530207157135,-0.20801785588264465,0.7693418264389038,-0.01273924566700492,0.022591471672058105,0.1345001459121704,0.06972157955169678,0.7060924768447876,-1.0,49.01872634887695,True,0.06300806999206543,0.1784605085849762,-0.21386723220348358,0.7731009721755981,0.0,-0.0013050709664821625,0.41983761070623227,-0.01,0.4085325397397501,0.0004795030690729618,False,False,grasp_lift,-1.0,45,False,False,4.999999999999671,-0.13050709664821625,-0.0,0.0,0.0,1.0,0.5775250469183396,0.0,-0.0,0.0,0.0,-0.0,0.10031543668171883,0.8877728891744064
0.9994194507598877,0.17053274810314178,0.6740167737007141,-0.2150043100118637,0.7756413817405701,0.0528908148446685,0.07218635082244873,0.14554953575134277,0.06252384185791016,0.9998682737350464,-1.0,48.4178352355957,True,0.9299099445343018,0.1775480955839157,-0.20792776346206665,0.7817699909210205,0.0,-0.0025751033425331117,0.10184498456838331,-0.01,0.08926988122585021,0.000464883167296648,False,False,grasp_lift,-1.0,46,False,False,5.09999999999966,-0.25751033425331116,-0.0,0.0,0.0,1.0,0.7942491067154833,0.0,-0.0,0.0,0.0,-0.0,0.10380700675980348,0.9983564567750122
0.9999477863311768,0.1721363365650177,0.8168255090713501,-0.22015956044197083,0.8004973530769348,0.15300006869081542,0.01296842098236084,0.013700723648071289,0.025333285331726074,0.9999734163284302,-1.0,48.25165557861328,True,2.315795421600342,0.17781387269496918,-0.20620083808898926,0.7956288456916809,0.0,-0.002502361238002777,0.09281288565832013,-0.01,0.08031052442031736,0.00046637700870633125,False,False,grasp_lift,-1.0,47,False,False,5.199999999999649,-0.2502361238002777,-0.0,0.0,0.0,1.0,1.0,0.0,-0.0,0.0,0.0,-0.0,0.1047927042438267,1.1022903430058237
0.9998052716255188,0.16802573204040527,1.229332447052002,-0.22965681552886963,0.8064850568771362,-0.028229828010356145,0.01184380054473877,0.07559704780578613,0.0037221908569335938,0.9999942779541016,-1.0,48.16933822631836,True,3.72808575630188,0.1774141639471054,-0.2054319679737091,0.8097517490386963,0.0,-0.0025146439671516418,-0.010561302506790105,-0.01,-0.023075946473941747,0.00048546213656663895,False,False,grasp_lift,-1.0,48,False,False,5.299999999999638,-0.2514643967151642,-0.0,0.0,0.0,1.0,1.0,0.0,-0.0,0.0,0.0,-0.0,0.10528424800124603,1.1027696040340942
0.9999476671218872,0.1729041337966919,0.9618232846260071,-0.2251613438129425,0.8197371363639832,-0.02143353982653924,-0.025232017040252686,0.0202181339263916,-0.02449744939804077,0.9998762607574463,-1.0,48.05448913574219,True,5.137991905212402,0.17684471607208252,-0.20436090230941772,0.8238508105278015,0.0,-0.002503495216369629,-0.010370297798842243,-0.01,-0.02287379301521187,0.0004772930406033993,False,False,carry,-1.0,49,False,False,5.399999999999627,-0.2503495216369629,-0.0,0.0,0.0,1.0,1.0,0.0,-0.0,0.0,0.0,-0.0,0.10597369657636335,1.1034702013599937
0.9999759197235107,0.16911964118480682,1.0891749858856201,-0.22537654638290405,0.8335727453231812,-0.023275553998759795,-0.04717516899108887,0.0002734661102294922,-0.029147088527679443,0.999138593673706,-1.0,47.98717498779297,True,6.546962261199951,0.17588436603546143,-0.20383378863334656,0.837940514087677,0.0,-0.0025033825635910035,-0.010657730080268157,-0.01,-0.02316111264385916,0.0004648631438612938,False,False,carry,-1.0,50,False,False,5.499999999999616,-0.25033825635910034,-0.0,0.0,0.0,1.0,1.0,0.0,-0.0,0.0,0.0,-0.0,0.106379751563631,1.10387636900004
0.9999803304672241,0.17053426802158356,0.9544764757156372,-0.2200222909450531,0.8440508246421814,-0.02066363844984026,-0.04803025722503662,-0.005252480506896973,-0.02289450168609619,0.9966316223144531,-1.0,47.94120788574219,True,7.953804969787598,0.17473866045475006,-0.20355050265789032,0.8520089387893677,0.0,-0.0024903330206871035,-0.010788443966393668,-0.01,-0.023278776987080772,0.0005468642339110374,False,False,carry,-1.0,51,False,False,5.599999999999605,-0.24903330206871033,-0.0,0.0,0.0,1.0,1.0,0.0,-0.0,0.0,0.0,-0.0,0.10665788609137483,1.1041675530706876
0.9999767541885376,0.16731025278568268,0.955928385257721,-0.21359288692474365,0.853816568851471,-0.019562158519196446,-0.04711735248565674,-0.010816335678100586,0.017229437828063965,0.9814956188201904,-1.0,47.90400695800781,True,9.351277351379395,0.17358306050300598,-0.20335493981838226,0.8659836649894714,0.0,-0.002414918839931488,-0.01084323159902234,-0.01,-0.02325815043895383,0.0004747002385556698,False,False,carry,-1.0,52,False,False,5.699999999999594,-0.2414918839931488,-0.0,0.0,0.0,1.0,1.0,0.0,-0.0,0.0,0.0,-0.0,0.10688349302956357,1.1044685741896323
0.9999778270721436,0.16541723906993866,1.2296785116195679,-0.21045713126659393,0.8565931916236877,-0.020716581627988548,-0.023092031478881836,0.0016921758651733398,-0.025755882263183594,0.8102278709411621,-1.0,47.87691879272461,True,10.653692245483398,0.17265941202640533,-0.2032235711812973,0.8790078163146973,0.0,-0.0016441716253757478,-0.010905933110710198,-0.01,-0.022550104736085944,0.0004763021133840084,False,False,carry,-1.0,53,False,False,5.799999999999583,-0.16441716253757477,-0.0,0.0,0.0,1.0,1.0,0.0,-0.0,0.0,0.0,-0.0,0.10704802882603737,1.1054038572006617
0.999974250793457,0.16703706979751587,1.2610361576080322,-0.21077950298786163,0.8629094362258911,-0.021521616324579575,-0.024269938468933105,-0.014722108840942383,-0.029222309589385986,0.26021432876586914,-1.0,47.86027526855469,True,11.546028137207031,0.17219340801239014,-0.20312649011611938,0.8879311680793762,0.0,-0.0001734280213713646,-0.010970263301280037,-0.01,-0.0211436913226514,0.0004729097709059715,False,False,carry,-1.0,54,False,False,5.899999999999572,-0.01734280213713646,-0.0,0.0,0.0,1.0,1.0,0.0,-0.0,0.0,0.0,-0.0,0.10714927504309935,1.106975847021728
0.9999794960021973,0.16175894439220428,1.4882702827453613,-0.2083125114440918,0.8616827130317688,-0.023792961953263324,-0.9241898655891418,0.9916231632232666,-0.0032671093940734863,0.06897521018981934,-1.0,47.307472229003906,True,11.891878128051758,0.1667320430278778,-0.19834445416927338,0.8913896679878235,0.0,-0.004605529010295868,-0.007691867161750299,-0.01,-0.022297396172046166,0.0004686419852077961,False,False,carry,-1.0,55,False,False,5.999999999999561,-0.4605529010295868,-0.0,0.0,0.0,1.0,1.0,0.0,-0.0,0.0,0.0,-0.0,0.11056303952551716,1.1059575105152213
0.99997878074646,0.14527538418769836,1.6276826858520508,-0.1790703982114792,0.8671358823776245,-0.00554208482502248,-0.8627188205718994,0.9961371421813965,0.0543285608291626,0.05567038059234619,-1.0,46.02375411987305,True,12.261462211608887,0.15875491499900818,-0.18647171556949615,0.8950855135917664,0.0,-0.00435655951499939,-0.0028626583888999857,-0.01,-0.017219217903899374,0.00046844081953167915,False,False,carry,-1.0,56,False,False,6.09999999999955,-0.43565595149993896,-0.0,0.0,0.0,1.0,1.0,0.0,-0.0,0.0,0.0,-0.0,0.11888927798408622,1.1145327184690867
0.9999841451644897,0.13605187833309174,1.7943063974380493,-0.16638033092021942,0.8673986196517944,-0.01721160371779666,-0.9964976906776428,0.9999899864196777,-0.512580156326294,0.13278448581695557,-1.0,44.69951248168945,True,12.655984878540039,0.15049543976783752,-0.17413383722305298,0.8990307450294495,0.0,-0.005683394670486451,-0.002078905175554313,-0.01,-0.017762299846040764,0.000466060359030962,False,False,carry,-1.0,57,False,False,6.199999999999539,-0.568339467048645,-0.0,0.0,0.0,1.0,1.0,0.0,-0.0,0.0,0.0,-0.0,0.12809127131394626,1.12240787664346
0.9999803304672241,0.12724827229976654,1.7973706722259521,-0.15498831868171692,0.8690449595451355,-0.017632761560342613,-0.9577879905700684,0.9999781847000122,-0.5443989038467407,0.021260619163513184,-1.0,43.370269775390625,True,12.962347030639648,0.14138461649417877,-0.16172368824481964,0.9020943641662598,0.0,-0.005535341501235962,-0.0014793439564591004,-0.01,-0.017014685457695064,0.0004737451672554016,False,False,carry,-1.0,58,False,False,6.299999999999528,-0.5535341501235962,-0.0,0.0,0.0,1.0,1.0,0.0,-0.0,0.0,0.0,-0.0,0.1379918563212299,1.1324565148199939
0.9999804496765137,0.118000827729702,1.8734015226364136,-0.14134208858013153,0.8706685900688171,-0.013981823116011212,-0.6595950722694397,0.9998962879180908,-0.48348093032836914,0.05491435527801514,-1.0,42.01779556274414,True,13.214164733886719,0.1326972097158432,-0.14890380203723907,0.9046125411987305,0.0,-0.0041790691018104556,-0.0006909666283878568,-0.01,-0.014870035730198312,0.0004678592085838318,False,False,carry,-1.0,59,False,False,6.399999999999517,-0.41790691018104553,-0.0,0.0,0.0,1.0,1.0,0.0,-0.0,0.0,0.0,-0.0,0.14878878726338152,1.144609718161571
0.16189906001091003,0.11031658947467804,1.5933446884155273,-0.1630031019449234,0.8544923663139343,-1.7784301332359893,0.0,0.0,0.0,0.0,1.0,40.270057678222656,False,8.638250350952148,0.12280700355768204,-0.13205420970916748,0.8588533997535706,0.0,-1.0,-0.7436265325427527,-0.01,-1.7536265325427527,0.00046244310215115547,True,False,forced_release,-1.0,60,False,False,6.499999999999506,-0.0,-0.0,-1.0,0.0,0.0,0.0,0.0,-0.0,0.8185094370584968,0.0,-0.0,0.0,-0.5907452814707517
7.745499033262604e-07,0.10817267000675201,2.1874449253082275,-0.14506307244300842,0.8024823069572449,-0.11849881112575532,0.0,0.0,0.0,0.0,1.0,38.960243225097656,False,-0.22637248039245605,0.11574205756187439,-0.1192842498421669,0.7702071666717529,0.0,0.0,-0.18962032377719878,-0.01,-0.1996203237771988,0.0005449326708912849,True,False,forced_release,-0.9999681115150452,61,False,False,6.599999999999495,-0.0,-0.0,0.0,0.0,0.0,0.0,0.0,-0.0,0.443706045239039,0.0,-0.0,0.0,0.2218530226195195
6.718417353113182e-06,0.10597866028547287,2.4508914947509766,-0.15977458655834198,0.7955250144004822,-0.029274067431688304,0.0,0.0,0.0,0.0,1.0,38.93967819213867,False,-0.0008344650268554688,0.1157466396689415,-0.11907828599214554,0.7724625468254089,0.0,0.0,0.0013107448816299383,-0.01,-0.008689255118370062,0.00046820472925901413,True,False,forced_release,1.0,62,False,False,6.699999999999484,-0.0,-0.0,0.0,0.0,0.0,0.0,0.0,-0.0,0.4508358237090305,0.0,-0.0,0.0,0.22541791185451526
3.754005604150734e-07,0.10524345189332962,2.056051015853882,-0.15748509764671326,0.7852416634559631,-0.03168355673551559,0.0,0.0,0.0,0.0,1.0,38.939605712890625,False,0.0,0.11574665457010269,-0.11907754093408585,0.7724708914756775,0.0,0.0,-0.002411496043205258,-0.01,-0.012411496043205258,0.0004678647965192795,True,False,forced_release,1.0,63,False,False,6.799999999999473,-0.0,-0.0,0.0,0.0,0.0,0.0,0.0,-0.0,0.45051786821451334,0.0,-0.0,0.0,0.22525893410725667
1.0435197737024282e-06,0.10494312644004822,1.9560450315475464,-0.15419431030750275,0.7852319478988647,-0.012257440090179447,0.0,0.0,0.0,0.0,1.0,38.939605712890625,False,0.0,0.11574665457010269,-0.11907754093408585,0.7724708914756775,0.0,0.0,-0.0024248951673507824,-0.01,-0.012424895167350783,0.00048285210505127907,True,False,forced_release,1.0,64,False,False,6.899999999999462,-0.0,-0.0,0.0,0.0,0.0,0.0,0.0,-0.0,0.45017009116812645,0.0,-0.0,0.0,0.22508504558406323
9.226324948485853e-08,0.10404132306575775,1.486512541770935,-0.14458900690078735,0.7798494696617126,-0.022126658260822295,0.0,0.0,0.0,0.0,1.0,38.939605712890625,False,0.0,0.11574665457010269,-0.11907754093408585,0.7724708914756775,0.0,0.0,-0.0024266362190246693,-0.01,-0.01242663621902467,0.0004663211293518543,True,False,forced_release,1.0,65,False,False,6.999999999999451,-0.0,-0.0,0.0,0.0,0.0,0.0,0.0,-0.0,0.44981483907127906,0.0,-0.0,0.0,0.22490741953563953
3.475485357284924e-07,0.10449843108654022,1.8992805480957031,-0.1574939489364624,0.7797846794128418,-0.013605434894561777,0.0,0.0,0.0,0.0,1.0,38.939605712890625,False,0.0,0.11574665457010269,-0.11907754093408585,0.7724708914756775,0.0,0.0,-0.002427427470684057,-0.01,-0.012427427470684057,0.0004649348556995392,True,False,recovery,1.0,66,False,False,7.09999999999944,-0.0,-0.0,0.0,0.0,0.0,0.0,0.0,-0.0,0.44945458045053877,0.0,-0.0,0.0,0.22472729022526938
5.830602276546415e-07,0.1070275753736496,2.3435418605804443,-0.16720348596572876,0.7859321236610413,0.0018482616391435024,-0.3921031355857849,-0.073300302028656,-0.02351975440979004,-0.7700285315513611,1.0,38.939605712890625,False,0.0,0.11574665457010269,-0.11907754093408585,0.7724708914756775,0.0,-0.0018815374374389648,0.0038033512234687816,-0.01,-0.008078186213970183,0.00047101592645049095,False,False,recovery,1.0,67,False,False,7.199999999999429,-0.18815374374389648,-0.0,0.0,0.0,0.0,0.0,0.0,-0.0,0.46167804891831055,0.0,-0.0,0.0,0.2289574870217163
8.562119546695612e-07,0.10643512010574341,2.3791468143463135,-0.16827838122844696,0.7853329181671143,0.0034708317309127008,-0.2811797857284546,0.01445162296295166,0.2842843532562256,-0.6935916543006897,1.0,38.939605712890625,False,0.0,0.11574665457010269,-0.11907754093408585,0.7724708914756775,0.0,-0.00160289466381073,0.014612001180648815,-0.01,0.0030091065168380855,0.00046711182221770287,False,False,recovery,1.0,68,False,False,7.299999999999418,-0.160289466381073,-0.0,0.0,0.0,0.0,0.0,0.0,-0.0,0.4958606011402752,0.0,-0.0,0.0,0.24632740590632687
3.01335461472263e-07,0.10613812506198883,1.9902920722961426,-0.1581079363822937,0.7835407257080078,0.004660142835528782,-0.22304069995880127,0.020479679107666016,0.3551948070526123,-0.6423814296722412,1.0,38.939605712890625,False,0.0,0.11574665457010269,-0.11907754093408585,0.7724708914756775,0.0,-0.0014724595844745635,0.014436736255884153,-0.01,0.0029642766714095894,0.0004702480509877205,False,False,recovery,1.0,69,False,False,7.399999999999407,-0.14724595844745636,-0.0,0.0,0.0,0.0,0.0,0.0,-0.0,0.5300344535214745,0.0,-0.0,0.0,0.2635447671762627
5.2109996317994955e-08,0.10525692254304886,1.2859421968460083,-0.14343392848968506,0.7762030363082886,-0.009568501067391252,-0.1380152702331543,0.07483339309692383,0.30512428283691406,-0.6254186630249023,1.0,38.939605712890625,False,0.0,0.11574665457010269,-0.11907754093408585,0.7724708914756775,0.0,-0.00127224400639534,0.01386835575103762,-0.01,0.00259611174464228,0.00046961894258856773,False,False,recovery,1.0,70,False,False,7.499999999999396,-0.127224400639534,-0.0,0.0,0.0,0.0,0.0,0.0,-0.0,0.563405193077291,0.0,-0.0,0.0,0.2804303525322501
1.7130059148939836e-08,0.10496433824300766,1.0622950792312622,-0.13854390382766724,0.7740910649299622,2.046238639713885e-05,-0.1237146258354187,0.135115385055542,0.188789963722229,-0.7687352299690247,1.0,38.939605712890625,False,0.0,0.11574665457010269,-0.11907754093408585,0.7724708914756775,0.0,-0.0016503924131393434,0.01563285335898401,-0.01,0.003982460945844668,0.0005472260527312756,False,False,recovery,1.0,71,False,False,7.599999999999385,-0.16503924131393433,-0.0,0.0,0.0,0.0,0.0,0.0,-0.0,0.6006776458435781,0.0,-0.0,0.0,0.2986884305086497
6.18430959775651e-08,0.10361069440841675,1.262958288192749,-0.1436280459165573,0.7736731767654419,0.008060083533141667,-0.07630056142807007,0.12984097003936768,0.09622049331665039,-0.8875305652618408,1.0,38.939605712890625,False,0.0,0.11574665457010269,-0.11907754093408585,0.7724708914756775,0.0,-0.0020491233468055725,0.019918206781148917,-0.01,0.007869083434343343,0.00046863267198204994,False,False,recovery,1.0,72,False,False,7.699999999999374,-0.20491233468055725,-0.0,0.0,0.0,0.0,0.0,0.0,-0.0,0.6469840052492176,0.0,-0.0,0.0,0.32144287927780324
1.4420033167539259e-08,0.10379527509212494,0.8485217690467834,-0.13188795745372772,0.7731647491455078,0.009456185074830337,-0.07251304388046265,0.027182459831237793,0.09674251079559326,-0.9324749708175659,1.0,38.939605712890625,False,0.0,0.11574665457010269,-0.11907754093408585,0.7724708914756775,0.0,-0.002212164252996445,0.022741049081087095,-0.01,0.010528884828090649,0.0004776609130203724,False,False,recovery,1.0,73,False,False,7.799999999999363,-0.22121642529964447,-0.0,0.0,0.0,0.0,0.0,0.0,-0.0,0.6994605883483367,0.0,-0.0,0.0,0.3475181299211719
1.3469735904436675e-07,0.10291021317243576,1.311577558517456,-0.1427766978740692,0.775282621383667,0.02025909171109906,-0.009920895099639893,0.09102201461791992,0.09473121166229248,-0.9490935802459717,1.0,38.939605712890625,False,0.0,0.11574665457010269,-0.11907754093408585,0.7724708914756775,0.0,-0.002295340299606323,0.023439495190978044,-0.01,0.011144154891371721,0.0004635821096599102,False,False,recovery,1.0,74,False,False,7.899999999999352,-0.22953402996063232,-0.0,0.0,0.0,0.0,0.0,0.0,-0.0,0.7538784459285385,0.0,-0.0,0.0,0.3746438826646629
2.0809832790291694e-07,0.10357799381017685,1.152421236038208,-0.13760191202163696,0.7763504981994629,0.016348909716794945,-0.017784833908081055,0.0014162063598632812,-0.01061713695526123,-0.7404265403747559,1.0,38.939605712890625,False,0.0,0.11574665457010269,-0.11907754093408585,0.7724708914756775,0.0,-0.001371656209230423,0.021075912937521923,-0.01,0.0097042567282915,0.0004787012003362179,False,False,recovery,1.0,75,False,False,7.999999999999341,-0.1371656209230423,-0.0,0.0,0.0,0.0,0.0,0.0,-0.0,0.8040708641590459,0.0,-0.0,0.0,0.40066377587029256
3.5223604299972067e-07,0.10382761061191559,0.9631171822547913,-0.13283056020736694,0.775692343711853,0.0029169474680873497,0.04256260395050049,0.027970194816589355,-0.1047135591506958,-0.3907008767127991,1.0,38.939605712890625,False,0.0,0.11574665457010269,-0.11907754093408585,0.7724708914756775,0.0,-0.0004155150428414345,0.01215371787548064,-0.01,0.0017382028326392053,0.00046738702803850174,False,False,recovery,1.0,76,False,False,8.099999999999374,-0.04155150428414345,-0.0,0.0,0.0,0.0,0.0,0.0,-0.0,0.8367458833644146,0.0,-0.0,0.0,0.41795742663936586
1.1826459456187877e-07,0.10274982452392578,0.7563909292221069,-0.12676435708999634,0.7744789719581604,-0.01262715986951616,0.046062469482421875,0.05753159523010254,-0.16041046380996704,-0.1982833743095398,1.0,38.939605712890625,False,0.0,0.11574665457010269,-0.11907754093408585,0.7724708914756775,0.0,-0.00017619863152503967,0.00473570093512532,-0.01,-0.00544049769639972,0.0004768366925418377,False,False,recovery,1.0,77,False,False,8.199999999999408,-0.017619863152503967,-0.0,0.0,0.0,0.0,0.0,0.0,-0.0,0.8547648451569134,0.0,-0.0,0.0,0.4272062239469317
1.059343389897549e-06,0.1033536046743393,1.0909364223480225,-0.13622945547103882,0.7756540179252625,0.003549962055974425,-0.006020545959472656,0.0821845531463623,-0.14283615350723267,-0.26191389560699463,0.9999997615814209,38.939605712890625,False,0.0,0.11574665457010269,-0.11907754093408585,0.7724708914756775,0.0,-0.00023947902023792268,0.0021874328702687906,-0.01,-0.008052046149969133,0.000474683940410614,False,False,recovery,0.9999997615814209,78,False,False,8.299999999999441,-0.023947902023792267,-0.0,0.0,0.0,0.0,0.0,0.0,-0.0,0.8678179494883923,0.0,-0.0,0.0,0.43366949572395824
7.683538001401757e-07,0.10241319984197617,0.661170482635498,-0.1226404532790184,0.7754096388816833,-0.026166515631126874,0.007456660270690918,0.04473304748535156,-0.20649099349975586,0.09778189659118652,0.9999659061431885,38.939605712890625,False,0.0,0.11574665457010269,-0.11907754093408585,0.7724708914756775,0.0,-0.0001356411911547184,-0.000497426874935647,-0.01,-0.010633068066090365,0.0004673539660871029,False,False,recovery,0.9999659061431885,79,False,False,8.399999999999475,-0.01356411911547184,-0.0,0.0,0.0,0.0,0.0,0.0,-0.0,0.8755788424378395,0.0,-0.0,0.0,0.437653780027765
0.9648433923721313,0.10354175418615341,1.127923607826233,-0.1284833550453186,0.7885169982910156,0.6714728524737651,-0.059299349784851074,0.019134163856506348,-0.061762452125549316,0.2604258060455322,-0.9999935626983643,38.35944366455078,False,0.03649592399597168,0.10674997419118881,-0.11353501677513123,0.7728358507156372,0.0,-0.00018879681825637818,-0.010222507715225204,-0.01,-0.020411304533481583,0.00046801427379250526,False,False,recovery,-0.9999935626983643,80,False,False,8.499999999999508,-0.018879681825637817,-0.0,0.0,0.0,0.0,0.0,0.0,-0.0,0.8637715301703544,0.0,-0.0,0.0,0.4316969682669208
0.9947764873504639,0.10303088277578354,1.3041493892669678,-0.12330994755029678,0.7960336208343506,9.18016667695188e-05,0.00788867473602295,0.09774315357208252,0.10565197467803955,0.7755426168441772,-1.0,38.057037353515625,False,0.3107905387878418,0.10885787755250931,-0.11046728491783142,0.7755787968635559,0.0,-0.00155561164021492,-0.014558501690626169,-0.01,-0.026114113330841092,0.0005456698127090931,False,False,recovery,-1.0,81,False,False,8.599999999999541,-0.155561164021492,-0.0,0.0,0.0,1.0,0.6394704940480556,0.0,-0.0,0.0,0.0,-0.0,0.18501051472193641,1.0031901501057494
0.9979596138000488,0.10178138315677643,1.8548094034194946,-0.1203746423125267,0.8126471042633057,-0.021447425234896497,0.056563496589660645,0.13559794425964355,0.14334654808044434,0.9783545732498169,-1.0,37.72732925415039,False,0.696343183517456,0.11095251142978668,-0.1071142703294754,0.779434323310852,0.0,-0.00249828040599823,-0.02061711020767687,-0.01,-0.0331153906136751,0.0004800488241016865,False,False,recovery,-1.0,82,False,False,8.699999999999575,-0.249828040599823,-0.0,0.0,0.0,1.0,0.7358587336076833,0.0,-0.0,0.0,0.0,-0.0,0.18835881413781608,1.0537899005356595
0.9977887868881226,0.10161526501178741,1.4831751585006714,-0.11167854815721512,0.8090426325798035,-0.015964186300287463,0.09512293338775635,0.1533106565475464,0.18216049671173096,0.9981417655944824,-1.0,37.576507568359375,False,0.8352696895599365,0.11179289221763611,-0.10557996481657028,0.7808235883712769,0.0,-0.0026550549268722534,-0.026268408372998264,-0.01,-0.038923463299870516,0.00047818711027503014,False,False,recovery,-1.0,83,False,False,8.799999999999608,-0.26550549268722534,-0.0,0.0,0.0,1.0,0.7705891728041675,0.0,-0.0,0.0,0.0,-0.0,0.18990848829252505,1.0725480197677366
0.9973351359367371,0.10193052142858505,1.8427183628082275,-0.11684771627187729,0.817769467830658,-0.0283796654021228,0.13381969928741455,0.06147181987762451,0.3036370277404785,0.6904703378677368,-1.0,38.34170150756836,False,-0.02707839012145996,0.10812587291002274,-0.11333087831735611,0.7722001075744629,0.0,-0.001476578116416931,-0.038917566239833834,-0.01,-0.05039414435625077,0.00045912107452750206,False,False,recovery,-1.0,84,False,False,8.899999999999642,-0.14765781164169312,-0.0,-1.0,0.0,0.0,0.0,0.0,-0.0,0.6941712860642757,0.0,-0.0,0.0,-0.654390935084279
0.9975401163101196,0.1013161912560463,1.8810464143753052,-0.11445976048707962,0.8207292556762695,-0.020201415275905042,0.04517996311187744,0.027925848960876465,0.11609888076782227,0.5284786224365234,-1.0,38.32867431640625,False,-0.00011324882507324219,0.10822676867246628,-0.11319844424724579,0.7724697589874268,0.0,-0.0007389742136001587,-0.022509684562683097,-0.01,-0.03324865877628325,0.00047534098848700523,False,False,recovery,-1.0,85,False,False,8.999999999999675,-0.07389742136001587,-0.0,0.0,0.0,0.0,0.0,0.0,-0.0,0.6557089778599425,0.0,-0.0,0.0,0.3271155147163711
0.9960160851478577,0.1012040376663208,2.1989493370056152,-0.11480265110731125,0.8298117518424988,-0.022675050980050182,0.0446089506149292,-0.014819860458374023,0.27558445930480957,0.36525559425354004,-1.0,38.32863998413086,False,0.0,0.10822708904743195,-0.11319808661937714,0.7724708914756775,0.0,-0.0005289200693368912,-0.017770465612411523,-0.01,-0.028299385681748418,0.00046602915972471237,False,False,recovery,-1.0,86,False,False,9.099999999999708,-0.05289200693368912,-0.0,0.0,0.0,0.0,0.0,0.0,-0.0,0.626432285866587,0.0,-0.0,0.0,0.31268722286395656
0.9948569536209106,0.10096622258424759,2.3492040634155273,-0.10625844448804855,0.828746497631073,-0.013744998231366212,0.002864241600036621,-0.013796508312225342,0.30857110023498535,0.29826998710632324,-1.0,38.32863998413086,False,0.0,0.10822709649801254,-0.11319808661937714,0.7724708914756775,0.0,-0.0004609491676092148,-0.013738071322441092,-0.01,-0.024199020490050308,0.00045828474685549736,False,False,recovery,-1.0,87,False,False,9.199999999999742,-0.04609491676092148,-0.0,0.0,0.0,0.0,0.0,0.0,-0.0,0.6050060942943636,0.0,-0.0,0.0,0.3020420979795726
0.996098518371582,0.10142581164836884,2.781602621078491,-0.1042521595954895,0.840171754360199,-0.020146882366940566,0.012346863746643066,0.09199988842010498,0.2714195251464844,0.19905853271484375,-1.0,38.32863998413086,False,0.0,0.10822709649801254,-0.11319808661937714,0.7724708914756775,0.0,-0.0003047732263803482,-0.010916427373886095,-0.01,-0.021221200600266443,0.000476934015750885,False,False,recovery,-1.0,88,False,False,9.299999999999775,-0.03047732263803482,-0.0,0.0,0.0,0.0,0.0,0.0,-0.0,0.5890638385112984,0.0,-0.0,0.0,0.29422714602926886
0.9962660670280457,0.10087546706199646,2.8125674724578857,-0.10429346561431885,0.8405916690826416,-0.023319068170430564,-0.21456468105316162,0.608330488204956,0.31961727142333984,0.16489243507385254,-1.0,38.32863998413086,False,0.0,0.10822709649801254,-0.11319808661937714,0.7724708914756775,0.0,-0.0013636218011379242,-0.007758577018976198,-0.01,-0.019122198820114122,0.0004667039029300213,False,False,recovery,-1.0,89,False,False,9.399999999999809,-0.13636218011379242,-0.0,0.0,0.0,0.0,0.0,0.0,-0.0,0.5793400870141008,0.0,-0.0,0.0,0.2883064217059125
0.997810423374176,0.10124793648719788,3.33329701423645,-0.0973251685500145,0.8496177196502686,-0.016235745260056743,-0.20983797311782837,0.6868141889572144,0.2890949249267578,0.20905327796936035,-1.0,38.32863998413086,False,0.0,0.10822709649801254,-0.11319808661937714,0.7724708914756775,0.0,-0.001607562005519867,-0.0074131745100021185,-0.01,-0.019020736515521986,0.0004696953110396862,False,False,recovery,-1.0,90,False,False,9.499999999999842,-0.1607562005519867,-0.0,0.0,0.0,0.0,0.0,0.0,-0.0,0.5702160291422148,0.0,-0.0,0.0,0.28350045256558754
0.998223602771759,0.09953036904335022,3.6914684772491455,-0.0908227413892746,0.852142870426178,-0.017168783278118837,-0.17543655633926392,0.8794076442718506,0.2333517074584961,0.15530657768249512,-1.0,38.32863998413086,False,0.0,0.10822709649801254,-0.11319808661937714,0.7724708914756775,0.0,-0.0022067724168300627,-0.009550237357616453,-0.01,-0.021757009774446515,0.0005381056107580662,False,False,recovery,-1.0,91,False,False,9.599999999999875,-0.2206772416830063,-0.0,0.0,0.0,0.0,0.0,0.0,-0.0,0.5566822931974499,0.0,-0.0,0.0,0.2761343741818949
0.9982461929321289,0.0996425449848175,3.6893036365509033,-0.09480299055576324,0.8561703562736511,-0.02881793964953424,-0.1023743748664856,0.9612780809402466,0.17420458793640137,0.09292769432067871,-1.0,38.32863998413086,False,0.0,0.10822709649801254,-0.11319808661937714,0.7724708914756775,0.0,-0.0024337972700595855,-0.010938016176223753,-0.01,-0.02337181344628334,0.00047185877338051796,False,False,recovery,-1.0,92,False,False,9.699999999999909,-0.24337972700595856,-0.0,0.0,0.0,0.0,0.0,0.0,-0.0,0.5402084095040998,0.0,-0.0,0.0,0.2676704074819903
0.9991626739501953,0.0986410453915596,4.437367916107178,-0.0751558244228363,0.8579636216163635,-0.0022832133973105153,-0.07075077295303345,0.9480745792388916,0.06246757507324219,0.25424742698669434,-1.0,38.32863998413086,False,0.0,0.10822709649801254,-0.11319808661937714,0.7724708914756775,0.0,-0.0024309876561164857,-0.014148709774017332,-0.01,-0.026579697430133817,0.0004730112850666046,False,False,recovery,-1.0,93,False,False,9.799999999999942,-0.24309876561164856,-0.0,0.0,0.0,0.0,0.0,0.0,-0.0,0.517081915210764,0.0,-0.0,0.0,0.2561099699492655
0.9994598031044006,0.09916166216135025,5.0126800537109375,-0.061184339225292206,0.8617721199989319,-0.007681210869981428,0.022638678550720215,0.980918288230896,0.09381508827209473,0.15700268745422363,-1.0,38.32863998413086,False,0.0,0.10822709649801254,-0.11319808661937714,0.7724708914756775,0.0,-0.0024904108047485354,-0.017377625107765193,-0.01,-0.029868035912513732,0.00047001801431179047,False,False,recovery,-1.0,94,False,False,9.899999999999975,-0.24904108047485352,-0.0,0.0,0.0,0.0,0.0,0.0,-0.0,0.4871985887823075,0.0,-0.0,0.0,0.2411088835864052
0.99954754114151,0.0984138548374176,5.485085964202881,-0.04607079178094864,0.8600829243659973,-0.005246798813549702,0.10179328918457031,0.9980125427246094,0.05910444259643555,0.05795466899871826,-1.0,38.32863998413086,False,0.0,0.10822709649801254,-0.11319808661937714,0.7724708914756775,0.0,-0.0025331073999404906,-0.016806887388229386,-0.01,-0.029339994788169878,0.00047577405348420143,False,False,recovery,-1.0,95,False,False,10.000000000000009,-0.2533107399940491,-0.0,0.0,0.0,0.0,0.0,0.0,-0.0,0.4581665033715163,0.0,-0.0,0.0,0.22655014428581766
0.9994027614593506,0.09838981926441193,5.640954971313477,-0.04283740743994713,0.8615015745162964,-0.020785275310871452,0.14556264877319336,0.9995231628417969,0.06545591354370117,0.03924751281738281,-1.0,38.32863998413086,False,0.0,0.10822709649801254,-0.11319808661937714,0.7724708914756775,0.0,-0.0025651499629020694,-0.01644212633371353,-0.01,-0.0290072762966156,0.0004662941209971905,False,False,recovery,-1.0,96,False,False,10.100000000000042,-0.2565149962902069,-0.0,0.0,0.0,0.0,0.0,0.0,-0.0,0.42957790733327095,0.0,-0.0,0.0,0.2122238037037334
0.9997298121452332,0.09793220460414886,6.3794145584106445,-0.022235330194234848,0.8625956773757935,0.0042676499689482655,0.07693374156951904,0.9982873201370239,0.03513526916503906,0.12347233295440674,-1.0,38.32863998413086,False,0.0,0.10822709649801254,-0.11319808661937714,0.7724708914756775,0.0,-0.002547440826892853,-0.017377743124961847,-0.01,-0.0299251839518547,0.0004742606543004513,False,False,recovery,-1.0,97,False,False,10.200000000000076,-0.2547440826892853,-0.0,0.0,0.0,0.0,0.0,0.0,-0.0,0.3988105538084987,0.0,-0.0,0.0,0.19685783607735652
0.9997406601905823,0.09917065501213074,6.82986307144165,-0.010347921401262283,0.8654601573944092,-0.007267586066782324,0.12056493759155273,0.9993171691894531,0.056557416915893555,0.03563201427459717,-1.0,38.32863998413086,False,0.0,0.10822709649801254,-0.11319808661937714,0.7724708914756775,0.0,-0.002544097900390625,-0.017785373032093044,-0.01,-0.03032947093248367,0.0004756641574203968,False,False,recovery,-1.0,98,False,False,10.300000000000109,-0.2544097900390625,-0.0,0.0,0.0,0.0,0.0,0.0,-0.0,0.36690887564519314,0.0,-0.0,0.0,0.18091033992220595
0.9997897744178772,0.09908352047204971,7.365717887878418,0.006897665560245514,0.8642030954360962,0.0023892616786255517,0.10282087326049805,0.9994921684265137,0.0577925443649292,0.03537869453430176,-1.0,38.32863998413086,False,0.0,0.10822709649801254,-0.11319808661937714,0.7724708914756775,0.0,-0.0025353708863258364,-0.016803284883499137,-0.01,-0.029338655769824973,0.00046778516843914986,False,False,recovery,-1.0,99,False,False,10.400000000000142,-0.2535370886325836,-0.0,0.0,0.0,0.0,0.0,0.0,-0.0,0.33666901898744195,0.0,-0.0,0.0,0.16579913860739515
0.9997910857200623,0.09974117577075958,7.547951698303223,0.010314848273992538,0.8669105768203735,-0.02017071711564574,0.1179276704788208,0.9997010231018066,0.07056546211242676,-0.02226543426513672,-1.0,38.32863998413086,False,0.0,0.10822709649801254,-0.11319808661937714,0.7724708914756775,0.0,-0.0025469607114791872,-0.016054652929306024,-0.01,-0.028601613640785215,0.0004703099839389324,False,False,recovery,-1.0,100,False,False,10.500000000000176,-0.2546960711479187,-0.0,0.0,0.0,0.0,0.0,0.0,-0.0,0.3076361094735567,0.0,-0.0,0.0,0.15127109402529915
0.9998108744621277,0.09944599866867065,7.966102123260498,0.024538662284612656,0.864936113357544,-0.0010327686757560257,0.017728447914123535,0.9987914562225342,0.045689940452575684,0.06377053260803223,-1.0,38.32863998413086,False,0.0,0.10822709649801254,-0.11319808661937714,0.7724708914756775,0.0,-0.0025101324915885927,-0.015381390750408175,-0.01,-0.02789152324199677,0.0005840910598635674,False,False,recovery,-1.0,101,False,False,10.60000000000021,-0.25101324915885925,-0.0,0.0,0.0,0.0,0.0,0.0,-0.0,0.27966991625206616,0.0,-0.0,0.0,0.13732482563444448
0.9997864365577698,0.10005003213882446,8.28463363647461,0.03019673377275467,0.8694379925727844,-0.015945143144793505,-0.0010573863983154297,0.9979283809661865,0.036467552185058594,0.11068487167358398,-1.0,38.32863998413086,False,0.0,0.10822709649801254,-0.11319808661937714,0.7724708914756775,0.0,-0.002523608207702637,-0.01514404863119126,-0.01,-0.027667656838893898,0.0004776199348270893,False,False,recovery,-1.0,102,False,False,10.700000000000243,-0.25236082077026367,-0.0,0.0,0.0,0.0,0.0,0.0,-0.0,0.2519008085387079,0.0,-0.0,0.0,0.1234267960616513
0.9998382329940796,0.099392831325531,8.777085304260254,0.04681878536939621,0.8669323325157166,0.005143125817951368,-0.03280961513519287,0.9952472448348999,0.017848849296569824,0.1857832670211792,-1.0,38.32863998413086,False,0.0,0.10822709649801254,-0.11319808661937714,0.7724708914756775,0.0,-0.0025660687685012816,-0.014480970799922943,-0.01,-0.027047039568424226,0.0004762881435453892,False,False,recovery,-1.0,103,False,False,10.800000000000276,-0.2566068768501282,-0.0,0.0,0.0,0.0,0.0,0.0,-0.0,0.22519086715854042,0.0,-0.0,0.0,0.11002936481076893
0.9997870326042175,0.09982888400554657,9.130218505859375,0.05309595912694931,0.8716852068901062,-0.01430321286914892,-0.01990199089050293,0.9953539371490479,0.033999085426330566,0.17425870895385742,-1.0,38.32863998413086,False,0.0,0.10822709649801254,-0.11319808661937714,0.7724708914756775,0.0,-0.0025566190481185916,-0.013521034717559818,-0.01,-0.02607765376567841,0.0004735337570309639,False,False,recovery,-1.0,104,False,False,10.90000000000031,-0.25566190481185913,-0.0,0.0,0.0,0.0,0.0,0.0,-0.0,0.20015033798542614,0.0,-0.0,0.0,0.09751854994459448
0.9998598098754883,0.09937292337417603,9.720369338989258,0.07146751135587692,0.8705621957778931,0.01102558734812681,-0.042367517948150635,0.9950258731842041,0.04016602039337158,0.1644076108932495,-1.0,38.32863998413086,False,0.0,0.10822709649801254,-0.11319808661937714,0.7724708914756775,0.0,-0.002551286518573761,-0.012203474640846257,-0.01,-0.02475476115942002,0.00046879611909389496,False,False,recovery,-1.0,105,False,False,11.000000000000343,-0.2551286518573761,-0.0,0.0,0.0,0.0,0.0,0.0,-0.0,0.17751854446525595,0.0,-0.0,0.0,0.0862079857140542
0.9997604489326477,0.10010053962469101,10.169841766357422,0.08506984263658524,0.8711716532707214,0.0023436914171364263,-0.0048937201499938965,0.9954843521118164,0.05305659770965576,0.09436333179473877,-1.0,38.32863998413086,False,0.0,0.10822709649801254,-0.11319808661937714,0.7724708914756775,0.0,-0.0025068312883377076,-0.010858393311500555,-0.01,-0.023365224599838263,0.0004725903272628784,False,False,recovery,-1.0,106,False,False,11.100000000000376,-0.25068312883377075,-0.0,0.0,0.0,0.0,0.0,0.0,-0.0,0.1573754845088967,0.0,-0.0,0.0,0.07618091096611065
0.9998283386230469,0.09956540167331696,10.373229026794434,0.09188176691532135,0.8699262142181396,-0.012248384577970804,0.027732491493225098,0.9960834980010986,0.05906200408935547,0.13018524646759033,-1.0,38.32863998413086,False,0.0,0.10822709649801254,-0.11319808661937714,0.7724708914756775,0.0,-0.002533469796180725,-0.009635688662528993,-0.01,-0.022169158458709717,0.0004731412045657635,False,False,recovery,-1.0,107,False,False,11.20000000000041,-0.2533469796180725,-0.0,0.0,0.0,0.0,0.0,0.0,-0.0,0.1394991186740132,0.0,-0.0,0.0,0.06721608954082588
0.9997859597206116,0.1004389226436615,10.934884071350098,0.1050940752029419,0.8744370937347412,0.00281428524641889,0.03086531162261963,0.9945850372314453,0.0781092643737793,0.09879946708679199,-1.0,38.32863998413086,False,0.0,0.10822709649801254,-0.11319808661937714,0.7724708914756775,0.0,-0.002515036165714264,-0.008687908649444583,-0.01,-0.021202944815158845,0.0004726187326014042,False,False,recovery,-1.0,108,False,False,11.300000000000443,-0.2515036165714264,-0.0,0.0,0.0,0.0,0.0,0.0,-0.0,0.1233568739843871,0.0,-0.0,0.0,0.059163400826479286
0.9997956156730652,0.1004466786980629,11.319355964660645,0.11892372369766235,0.8721493482589722,0.005128049458624497,0.026207327842712402,0.9956321716308594,0.07653665542602539,0.10199153423309326,-1.0,38.32863998413086,False,0.0,0.10822709649801254,-0.11319808661937714,0.7724708914756775,0.0,-0.002520575821399689,-0.007721212804317472,-0.01,-0.020241788625717162,0.0004782760515809059,False,False,recovery,-1.0,109,False,False,11.400000000000476,-0.25205758213996887,-0.0,0.0,0.0,0.0,0.0,0.0,-0.0,0.10900446616392911,0.0,-0.0,0.0,0.05198165726056487
0.9997327923774719,0.10195241123437881,11.518315315246582,0.12451724708080292,0.874030351638794,-0.014588713788136953,0.05144011974334717,0.9953376054763794,0.09189009666442871,0.07450258731842041,-1.0,38.32863998413086,False,0.0,0.10822709649801254,-0.11319808661937714,0.7724708914756775,0.0,-0.0025183436274528502,-0.0068779134750366205,-0.01,-0.01939625710248947,0.00048562604933977127,False,False,recovery,-1.0,110,False,False,11.50000000000051,-0.25183436274528503,-0.0,0.0,0.0,0.0,0.0,0.0,-0.0,0.09621075493993991,0.0,-0.0,0.0,0.045587033842517104
0.9997861981391907,0.10087338835000992,12.110367774963379,0.1425337791442871,0.8726963400840759,0.017051022818125955,0.03740692138671875,0.994845986366272,0.09673094749450684,0.10576748847961426,-1.0,38.32863998413086,False,0.0,0.10822709649801254,-0.11319808661937714,0.7724708914756775,0.0,-0.002529153525829315,-0.006107523441314697,-0.01,-0.018636676967144012,0.0005500689148902893,False,False,recovery,-1.0,111,False,False,11.600000000000543,-0.2529153525829315,-0.0,0.0,0.0,0.0,0.0,0.0,-0.0,0.08484412929976992,0.0,-0.0,0.0,0.039892911124055644
0.999699592590332,0.10286563634872437,12.088281631469727,0.14268286526203156,0.8738769292831421,-0.02856125773010671,0.05177628993988037,0.9950873851776123,0.10883200168609619,0.04899275302886963,-1.0,38.32863998413086,False,0.0,0.10822709649801254,-0.11319808661937714,0.7724708914756775,0.0,-0.0025178110599517823,-0.005433873534202577,-0.01,-0.01795168459415436,0.00047179264947772026,False,False,recovery,-1.0,112,False,False,11.700000000000577,-0.2517811059951782,-0.0,0.0,0.0,0.0,0.0,0.0,-0.0,0.07472354477118293,0.0,-0.0,0.0,0.03484396132563968
0.9997352957725525,0.1018838882446289,12.457795143127441,0.15206265449523926,0.8746007680892944,-0.004489230231621875,0.025691628456115723,0.994194746017456,0.1004171371459961,0.18137729167938232,-1.0,38.32863998413086,False,0.0,0.10822709649801254,-0.11319808661937714,0.7724708914756775,0.0,-0.0025801613926887514,-0.004829475283622743,-0.01,-0.017409636676311496,0.0004715649411082268,False,False,recovery,-1.0,113,False,False,11.80000000000061,-0.2580161392688751,-0.0,0.0,0.0,0.0,0.0,0.0,-0.0,0.06572179853523796,0.0,-0.0,0.0,0.03028073787493023
0.9994035959243774,0.1040714904665947,12.78543758392334,0.15796764194965363,0.8807126879692078,-0.01377596563065036,0.02174830436706543,0.9921789169311523,0.10111463069915771,0.23214685916900635,-1.0,38.32863998413086,False,0.0,0.10822709649801254,-0.11319808661937714,0.7724708914756775,0.0,-0.002622520923614502,-0.004415839910507202,-0.01,-0.017038360834121705,0.00047846417874097824,False,False,recovery,-1.0,114,False,False,11.900000000000643,-0.2622520923614502,-0.0,0.0,0.0,0.0,0.0,0.0,-0.0,0.05746482766803518,0.0,-0.0,0.0,0.02610989291040309
0.9996347427368164,0.10245199501514435,13.553923606872559,0.181523397564888,0.8785920143127441,0.03456102454286674,0.016054630279541016,0.9915642738342285,0.07961368560791016,0.3370722532272339,-1.0,38.32863998413086,False,0.0,0.10822709649801254,-0.11319808661937714,0.7724708914756775,0.0,-0.0027585336565971374,-0.00396025538444519,-0.01,-0.016718789041042327,0.0004669399932026863,False,False,recovery,-1.0,115,False,False,12.000000000000677,-0.27585336565971375,-0.0,0.0,0.0,0.0,0.0,0.0,-0.0,0.05004477013462372,0.0,-0.0,0.0,0.02226385141071472
0.9992638230323792,0.10450639575719833,13.520915985107422,0.17832635343074799,0.8828532099723816,-0.039099138202625824,0.06075406074523926,0.9927000999450684,0.1132364273071289,0.2397090196609497,-1.0,38.32863998413086,False,0.0,0.10822709649801254,-0.11319808661937714,0.7724708914756775,0.0,-0.0026485687494277954,-0.0035018926858901983,-0.01,-0.016150461435317995,0.000462179072201252,False,False,recovery,-1.0,116,False,False,12.10000000000071,-0.26485687494277954,-0.0,0.0,0.0,0.0,0.0,0.0,-0.0,0.043475756613009287,0.0,-0.0,0.0,0.01908930955707685
0.9996402263641357,0.10199655592441559,14.078193664550781,0.1952231228351593,0.8801649808883667,0.017254737286540374,0.013727784156799316,0.9937539100646973,0.06604599952697754,0.3758310079574585,-1.0,38.32863998413086,False,0.0,0.10822709649801254,-0.11319808661937714,0.7724708914756775,0.0,-0.002833365797996521,-0.003028046786785126,-0.01,-0.015861412584781645,0.00046923523768782616,False,False,recovery,-1.0,117,False,False,12.200000000000744,-0.2833365797996521,-0.0,0.0,0.0,0.0,0.0,0.0,-0.0,0.03779756999363326,0.0,-0.0,0.0,0.01606541919882011
0.9991545677185059,0.103309765458107,14.549505233764648,0.20626336336135864,0.8845772743225098,0.0006998327662735716,0.05614328384399414,0.9934372901916504,0.08608031272888184,0.3189363479614258,-1.0,38.32863998413086,False,0.0,0.10822709649801254,-0.11319808661937714,0.7724708914756775,0.0,-0.0027480000257492066,-0.002698623836040498,-0.01,-0.015446623861789705,0.00047847023233771324,False,False,recovery,-1.0,118,False,False,12.300000000000777,-0.27480000257492065,-0.0,0.0,0.0,0.0,0.0,0.0,-0.0,0.03272764150050811,0.0,-0.0,0.0,0.013615820724504847
0.999503493309021,0.10280667990446091,14.715105056762695,0.21212051808834076,0.8831850290298462,-0.014046391907067867,0.030626416206359863,0.993361234664917,0.04675328731536865,0.37000882625579834,-1.0,38.32863998413086,False,0.0,0.10822709649801254,-0.11319808661937714,0.7724708914756775,0.0,-0.0028169921040534975,-0.0023221433162689212,-0.01,-0.015139135420322419,0.00047079427167773247,False,False,recovery,-1.0,119,False,False,12.40000000000081,-0.28169921040534973,-0.0,0.0,0.0,0.0,0.0,0.0,-0.0,0.028367055939812924,0.0,-0.0,0.0,0.011366535865852965
0.99918133020401,0.10456055402755737,14.840237617492676,0.2149682492017746,0.8858451247215271,-0.023344255204077315,0.016843676567077637,0.9920653104782104,0.0030677318572998047,0.43571174144744873,-1.0,38.32863998413086,False,0.0,0.10822709649801254,-0.11319808661937714,0.7724708914756775,0.0,-0.0029358285665512084,-0.0020461311936378485,-0.01,-0.014981959760189057,0.0004797508008778095,False,False,recovery,-1.0,120,False,False,12.500000000000844,-0.29358285665512085,-0.0,0.0,0.0,0.0,0.0,0.0,-0.0,0.02451993865911195,0.0,-0.0,0.0,0.009324140763004767
0.9994901418685913,0.10444793105125427,14.83263111114502,0.21654056012630463,0.8839319944381714,-0.026710911705355347,0.021073102951049805,0.9954192638397217,-0.13722306489944458,0.39292168617248535,-1.0,38.32863998413086,False,0.0,0.10822709649801254,-0.11319808661937714,0.7724708914756775,0.0,-0.0029113030433654784,-0.0017874684929847715,-0.01,-0.01469877153635025,0.0005671489052474499,False,False,recovery,-1.0,121,False,False,12.600000000000877,-0.29113030433654785,-0.0,0.0,0.0,0.0,0.0,0.0,-0.0,0.02115660967613686,0.0,-0.0,0.0,0.007667001794702952
0.9993987083435059,0.10655108094215393,14.530152320861816,0.20675523579120636,0.8867461085319519,-0.060311325987595886,-0.09683728218078613,0.9946390390396118,-0.42472589015960693,0.36691856384277344,-1.0,38.32863998413086,False,0.0,0.10822709649801254,-0.11319808661937714,0.7724708914756775,0.0,-0.0032842642068862914,-0.001525323390960693,-0.01,-0.014809587597846985,0.00047422805801033974,False,False,recovery,-1.0,122,False,False,12.70000000000091,-0.32842642068862915,-0.0,0.0,0.0,0.0,0.0,0.0,-0.0,0.01828884526738872,0.0,-0.0,0.0,0.005860158426808069
0.9996688365936279,0.1053248792886734,15.099723815917969,0.22643162310123444,0.8829306960105896,0.024610528653234813,-0.13397502899169922,0.9992225170135498,-0.535629153251648,0.6285496950149536,-1.0,38.32863998413086,False,0.0,0.10822709649801254,-0.11319808661937714,0.7724708914756775,0.0,-0.004245920777320862,-0.0013489174842834474,-0.01,-0.01559483826160431,0.00047650421038269997,False,False,recovery,-1.0,123,False,False,12.800000000000944,-0.4245920777320862,-0.0,0.0,0.0,0.0,0.0,0.0,-0.0,0.0157484826514116,0.0,-0.0,0.0,0.003628320548384938
0.9994833469390869,0.1073199212551117,14.764954566955566,0.21515268087387085,0.8861615657806396,-0.06647107319683893,-0.10149335861206055,0.9994714260101318,-0.6497223377227783,0.621849536895752,-1.0,38.32863998413086,False,0.0,0.10822709649801254,-0.11319808661937714,0.7724708914756775,0.0,-0.004545199871063233,-0.0012107044458389282,-0.01,-0.015755904316902162,0.00047103408724069595,False,False,recovery,-1.0,124,False,False,12.900000000000977,-0.45451998710632324,-0.0,0.0,0.0,0.0,0.0,0.0,-0.0,0.013461673381453543,0.0,-0.0,0.0,0.0021856368196635388
0.9997153878211975,0.10788162052631378,14.837191581726074,0.2203664928674698,0.8836765885353088,-0.01851067266476949,-0.25620144605636597,0.99937903881073,-0.5687990188598633,0.7471911907196045,-1.0,38.32863998413086,False,0.0,0.10822709649801254,-0.11319808661937714,0.7724708914756775,0.0,-0.004865561425685882,-0.0009870755672454837,-0.01,-0.015852636992931365,0.00047818105667829514,False,False,recovery,-1.0,125,False,False,13.00000000000101,-0.48655614256858826,-0.0,0.0,0.0,0.0,0.0,0.0,-0.0,0.011603616787823845,0.0,-0.0,0.0,0.0009362469682260401
0.9995051622390747,0.10963080823421478,14.97043228149414,0.22114230692386627,0.8858397603034973,-0.03234714749940157,-0.40627485513687134,0.9990935325622559,-0.5333945751190186,0.7881183624267578,-1.0,38.32863998413086,False,0.0,0.10822709649801254,-0.11319808661937714,0.7724708914756775,0.0,-0.005172218084335327,-0.0008081057667732238,-0.01,-0.01598032385110855,0.00047565530985593796,False,False,recovery,-1.0,126,False,False,13.100000000001044,-0.5172218084335327,-0.0,0.0,0.0,0.0,0.0,0.0,-0.0,0.010088256897734627,0.0,-0.0,0.0,-0.00012808963546801378
0.9996768236160278,0.10877770185470581,14.905381202697754,0.22215233743190765,0.8837313055992126,-0.03010657884840022,-0.4608030915260315,0.9991567134857178,-0.32570546865463257,0.811110258102417,-1.0,38.32863998413086,False,0.0,0.10822709649801254,-0.11319808661937714,0.7724708914756775,0.0,-0.004936593770980835,-0.0006792664527893065,-0.01,-0.015615860223770142,0.00047291209921240807,False,False,recovery,-1.0,127,False,False,13.200000000001078,-0.4936593770980835,-0.0,0.0,0.0,0.0,0.0,0.0,-0.0,0.008817914842753516,0.0,-0.0,0.0,-0.0005276363496040772
0.9993921518325806,0.10929452627897263,15.232710838317871,0.22758136689662933,0.8876053094863892,-0.018439518632703527,-0.5301792621612549,0.999291181564331,-0.19750189781188965,0.8500444889068604,-1.0,38.32863998413086,False,0.0,0.10822709649801254,-0.11319808661937714,0.7724708914756775,0.0,-0.005103138685226441,-0.0005369588732719423,-0.01,-0.015640097558498385,0.00047637801617383957,False,False,recovery,-1.0,128,False,False,13.300000000001111,-0.510313868522644,-0.0,0.0,0.0,0.0,0.0,0.0,-0.0,0.007822215360729357,0.0,-0.0,0.0,-0.0011920310048617625
0.9995408058166504,0.10951224714517593,14.929093360900879,0.22151218354701996,0.8843482732772827,-0.05092420431095637,-0.5106694102287292,0.9991755485534668,-0.052002906799316406,0.8060445785522461,-1.0,38.32863998413086,False,0.0,0.10822709649801254,-0.11319808661937714,0.7724708914756775,0.0,-0.0047788676619529725,-0.000356164276599884,-0.01,-0.015135031938552857,0.00047212187200784683,False,False,recovery,-1.0,129,False,False,13.400000000001144,-0.47788676619529724,-0.0,0.0,0.0,0.0,0.0,0.0,-0.0,0.007181705199716837,0.0,-0.0,0.0,-0.001188015062094554
0.99910968542099,0.11044014245271683,14.976964950561523,0.21924988925457,0.8871188163757324,-0.04059226105696217,-0.5816581845283508,0.999269962310791,0.2188626527786255,0.8083386421203613,-1.0,38.32863998413086,False,0.0,0.10822709649801254,-0.11319808661937714,0.7724708914756775,0.0,-0.005095447301864624,-0.00021078050136566148,-0.01,-0.015306227803230286,0.0004717661067843437,False,False,recovery,-1.0,130,False,False,13.500000000001178,-0.5095447301864624,-0.0,0.0,0.0,0.0,0.0,0.0,-0.0,0.0068284505517675065,0.0,-0.0,0.0,-0.0016812220259808707
0.9994403719902039,0.1094202771782875,15.023128509521484,0.2221362143754959,0.886637270450592,-0.024913075278044268,-0.5865892767906189,0.9993233680725098,0.21167123317718506,0.8451917171478271,-1.0,38.32863998413086,False,0.0,0.10822709649801254,-0.11319808661937714,0.7724708914756775,0.0,-0.0052547198534011845,-0.00012817233800888062,-0.01,-0.015382892191410065,0.0007473323494195938,False,False,recovery,-1.0,131,False,False,13.600000000001211,-0.5254719853401184,-0.0,0.0,0.0,0.0,0.0,0.0,-0.0,0.00663846979883187,0.0,-0.0,0.0,-0.0019354849539852496
0.9991505146026611,0.10926035791635513,15.100977897644043,0.2228437215089798,0.8884251713752747,-0.0317620916135301,-0.5736380815505981,0.9992423057556152,0.21765661239624023,0.8686833381652832,-1.0,38.32863998413086,False,0.0,0.10822709649801254,-0.11319808661937714,0.7724708914756775,0.0,-0.005323827862739563,-8.624106645584119e-05,-0.01,-0.015410068929195404,0.0004690918140113354,False,False,recovery,-1.0,132,False,False,13.700000000001245,-0.5323827862739563,-0.0,0.0,0.0,0.0,0.0,0.0,-0.0,0.0065313084971213575,0.0,-0.0,0.0,-0.002058173614178884
0.9991971850395203,0.11034613102674484,14.85339069366455,0.21821995079517365,0.884535551071167,-0.047652853958098505,-0.5394946336746216,0.9991919994354248,0.24957644939422607,0.8777010440826416,-1.0,38.32863998413086,False,0.0,0.10822709649801254,-0.11319808661937714,0.7724708914756775,0.0,-0.005305216312408447,-6.912380456924449e-05,-0.01,-0.015374340116977692,0.0004658619873225689,False,False,recovery,-1.0,133,False,False,13.800000000001278,-0.5305216312408447,-0.0,0.0,0.0,0.0,0.0,0.0,-0.0,0.006457626269782413,0.0,-0.0,0.0,-0.0020764031775172406
0.9980443716049194,0.11051278561353683,14.682682991027832,0.21463343501091003,0.8828341960906982,-0.044060320726843884,-0.5645767450332642,0.9992822408676147,0.31950271129608154,0.851036787033081,-1.0,38.32863998413086,False,0.0,0.10822709649801254,-0.11319808661937714,0.7724708914756775,0.0,-0.005359143614768982,-6.47133588790893e-05,-0.01,-0.015423856973648072,0.0004948046989738941,False,False,recovery,-1.0,134,False,False,13.900000000001311,-0.5359143614768982,-0.0,0.0,0.0,0.0,0.0,0.0,-0.0,0.006392145890168233,0.0,-0.0,0.0,-0.0021630706696848653
0.9990420937538147,0.11020132899284363,14.724101066589355,0.21561457216739655,0.8834070563316345,-0.030574896080503157,-0.6139684319496155,0.9991732835769653,0.30548131465911865,0.7821614742279053,-1.0,38.32863998413086,False,0.0,0.10822709649801254,-0.11319808661937714,0.7724708914756775,0.0,-0.005200999975204468,-6.910651922225957e-05,-0.01,-0.015270106494426727,0.000459522008895874,False,False,recovery,-1.0,135,False,False,14.000000000001345,-0.5200999975204468,-0.0,0.0,0.0,0.0,0.0,0.0,-0.0,0.0063171173366880495,0.0,-0.0,0.0,-0.002042441306860443
0.9978432655334473,0.10943400114774704,14.792184829711914,0.21720807254314423,0.8846233487129211,-0.02888654630602526,-0.6803961992263794,0.9980229139328003,0.25579833984375,0.8132215738296509,-1.0,38.32863998413086,False,0.0,0.10822709649801254,-0.11319808661937714,0.7724708914756775,0.0,-0.005464377403259278,-7.660895586013815e-05,-0.01,-0.015540986359119416,0.0004733968526124954,False,False,recovery,-1.0,136,False,False,14.100000000001378,-0.5464377403259277,-0.0,0.0,0.0,0.0,0.0,0.0,-0.0,0.006226149218850008,0.0,-0.0,0.0,-0.002351302793834274
0.9984549283981323,0.10955554246902466,14.37850284576416,0.21009185910224915,0.8792076110839844,-0.054371839702098995,-0.6991500854492188,0.9972578287124634,0.2811938524246216,0.8399167060852051,-1.0,38.32863998413086,False,0.0,0.10822709649801254,-0.11319808661937714,0.7724708914756775,0.0,-0.005669660568237304,-8.44153761863707e-05,-0.01,-0.015754075944423677,0.0004718191921710968,False,False,recovery,-1.0,137,False,False,14.200000000001411,-0.5669660568237305,-0.0,0.0,0.0,0.0,0.0,0.0,-0.0,0.006118460821136984,0.0,-0.0,0.0,-0.0026104301576688124
0.9973575472831726,0.10882189869880676,14.426131248474121,0.21272335946559906,0.8787385821342468,-0.026285357859892076,-0.734255850315094,0.9965071678161621,0.318867564201355,0.8508268594741821,-1.0,38.32863998413086,False,0.0,0.10822709649801254,-0.11319808661937714,0.7724708914756775,0.0,-0.005894352197647095,-8.965998888015763e-05,-0.01,-0.01598401218652725,0.0004712827503681183,False,False,recovery,-1.0,138,False,False,14.300000000001445,-0.5894352197647095,-0.0,0.0,0.0,0.0,0.0,0.0,-0.0,0.005999173973876282,0.0,-0.0,0.0,-0.0028947652107089543
0.99725741147995,0.10938059538602829,13.362405776977539,0.18938297033309937,0.8696085214614868,-0.100384263986459,-0.7389506697654724,0.9950578212738037,0.39266693592071533,0.8692033290863037,-1.0,38.32863998413086,False,0.0,0.10822709649801254,-0.11319808661937714,0.7724708914756775,0.0,-0.00611472487449646,-9.517073631286604e-05,-0.01,-0.016209895610809325,0.0004762588068842888,False,False,recovery,-1.0,139,False,False,14.400000000001478,-0.611472487449646,-0.0,0.0,0.0,0.0,0.0,0.0,-0.0,0.00586751389973017,0.0,-0.0,0.0,-0.0031809679246313748
0.9944802522659302,0.10698288679122925,14.262628555297852,0.20963327586650848,0.8762741684913635,0.023821297387162495,-0.8310648798942566,0.994103193283081,0.3434443473815918,0.8849704265594482,-1.0,38.32863998413086,False,0.0,0.10822709649801254,-0.11319808661937714,0.7724708914756775,0.0,-0.006450091600418091,-0.00010076731443405158,-0.01,-0.016550858914852144,0.000468352809548378,False,False,recovery,-1.0,140,False,False,14.500000000001512,-0.6450091600418091,-0.0,0.0,0.0,0.0,0.0,0.0,-0.0,0.005723158974273446,0.0,-0.0,0.0,-0.003588512113281368
0.993759274482727,0.10635705292224884,13.70973014831543,0.20168927311897278,0.8670054078102112,-0.057285741606889796,-0.783522367477417,0.9901599884033203,0.49703359603881836,0.9091957807540894,-1.0,38.32863998413086,False,0.0,0.10822709649801254,-0.11319808661937714,0.7724708914756775,0.0,-0.0066700088977813725,-0.00010848402976989732,-0.01,-0.01677849292755127,0.000712584238499403,False,False,recovery,-1.0,141,False,False,14.600000000001545,-0.6670008897781372,-0.0,0.0,0.0,0.0,0.0,0.0,-0.0,0.005561852185077543,0.0,-0.0,0.0,-0.003889082805242601
0.9937171936035156,0.10615650564432144,13.834029197692871,0.20033590495586395,0.87188720703125,-0.03867513627447198,-0.8586764335632324,0.9751238822937012,0.457494854927063,0.9332733154296875,-1.0,38.32863998413086,False,0.0,0.10822709649801254,-0.11319808661937714,0.7724708914756775,0.0,-0.006921230554580688,-0.00011015564203262348,-0.01,-0.01703138619661331,0.000595396850258112,False,False,recovery,-1.0,142,False,False,14.700000000001578,-0.6921230554580688,-0.0,0.0,0.0,0.0,0.0,0.0,-0.0,0.005395501981204975,0.0,-0.0,0.0,-0.0042234795639782005
0.993431031703949,0.10628140717744827,13.472384452819824,0.1950398087501526,0.8664588332176208,-0.050094807381716074,-0.8490538001060486,0.9759875535964966,0.5527496337890625,0.9452435970306396,-1.0,38.32863998413086,False,0.0,0.10822709649801254,-0.11319808661937714,0.7724708914756775,0.0,-0.007181154489517212,-0.00011693596839904789,-0.01,-0.01729809045791626,0.0004713190719485283,False,False,recovery,-1.0,143,False,False,14.800000000001612,-0.7181154489517212,-0.0,0.0,0.0,0.0,0.0,0.0,-0.0,0.005213758332756724,0.0,-0.0,0.0,-0.00457427532313885
0.9932070374488831,0.10583397001028061,12.968793869018555,0.18074272572994232,0.8652007579803467,-0.07485369984385423,-0.8838731646537781,0.9551006555557251,0.5543944835662842,0.9600839614868164,-1.0,38.32863998413086,False,0.0,0.10822709649801254,-0.11319808661937714,0.7724708914756775,0.0,-0.007306408882141113,-0.00011921375989913923,-0.01,-0.017425622642040253,0.00045898323878645897,False,False,recovery,-1.0,144,False,False,14.900000000001645,-0.7306408882141113,-0.0,0.0,0.0,0.0,0.0,0.0,-0.0,0.005025564805528071,0.0,-0.0,0.0,-0.004793626479377078
0.9924403429031372,0.1055792048573494,12.445231437683105,0.17093588411808014,0.8590459823608398,-0.06155163306582012,-0.9024679660797119,0.9495940208435059,0.5577678680419922,0.9560093879699707,-1.0,38.32863998413086,False,0.0,0.10822709649801254,-0.11319808661937714,0.7724708914756775,0.0,-0.007353090643882751,-0.00012325912714004515,-0.01,-0.017476349771022796,0.00046779075637459755,False,False,recovery,-1.0,145,False,False,15.000000000001679,-0.7353090643882751,-0.0,0.0,0.0,0.0,0.0,0.0,-0.0,0.00482733297968152,0.0,-0.0,0.0,-0.004939424154041991
0.9900931715965271,0.10469453036785126,12.799695014953613,0.17730891704559326,0.8624221682548523,-0.016842284071285463,-0.9261364340782166,0.9163756370544434,0.545941948890686,0.9570071697235107,-1.0,38.32863998413086,False,0.0,0.10822709649801254,-0.11319808661937714,0.7724708914756775,0.0,-0.007278470993041992,-0.00011654406785964987,-0.01,-0.01739501506090164,0.00046172505244612694,False,False,recovery,-1.0,146,False,False,15.100000000001712,-0.7278470993041992,-0.0,0.0,0.0,0.0,0.0,0.0,-0.0,0.004640641847663218,0.0,-0.0,0.0,-0.004958150069210383
0.9896433353424072,0.10465940833091736,12.86004638671875,0.1814717799425125,0.860034704208374,-0.023524063952781046,-0.9082281589508057,0.9294984340667725,0.6664565801620483,0.97709059715271,-1.0,38.32863998413086,False,0.0,0.10822709649801254,-0.11319808661937714,0.7724708914756775,0.0,-0.007719290256500244,-8.946985006332399e-05,-0.01,-0.01780876010656357,0.0004669399932026863,False,False,recovery,-1.0,147,False,False,15.200000000001745,-0.7719290256500244,-0.0,0.0,0.0,0.0,0.0,0.0,-0.0,0.0045067788180512824,0.0,-0.0,0.0,-0.005465900847474603
0.9876460433006287,0.10337668657302856,13.36068058013916,0.1928730458021164,0.8623697757720947,-0.0033262685265338914,-0.9069418907165527,0.9108197689056396,0.7326182126998901,0.9870269298553467,-1.0,38.32863998413086,False,0.0,0.10822709649801254,-0.11319808661937714,0.7724708914756775,0.0,-0.007907719612121581,-6.239414215087908e-05,-0.01,-0.01797011375427246,0.0004635220393538475,False,False,recovery,-1.0,148,False,False,15.300000000001779,-0.7907719612121582,-0.0,0.0,0.0,0.0,0.0,0.0,-0.0,0.004426241122147512,0.0,-0.0,0.0,-0.0056945990510478255
0.984149158000946,0.10441900044679642,13.201199531555176,0.19305334985256195,0.8584473133087158,-0.03551354737416766,-0.892467200756073,0.9209979772567749,0.7927665710449219,0.9929366111755371,-1.0,38.32863998413086,False,0.0,0.10822709649801254,-0.11319808661937714,0.7724708914756775,0.0,-0.008147842288017274,-4.3167769908905064e-05,-0.01,-0.018191010057926178,0.0004672510549426079,False,False,recovery,-1.0,149,False,False,15.400000000001812,-0.8147842288017273,-0.0,0.0,0.0,0.0,0.0,0.0,-0.0,0.004383764308222293,0.0,-0.0,0.0,-0.005955960133906127
0.9839428663253784,0.10455219447612762,13.036420822143555,0.1889636516571045,0.8577268719673157,-0.047390865844867174,-0.897106945514679,0.9147062301635742,0.7996137142181396,0.9941723346710205,-1.0,38.32863998413086,False,0.0,0.10822709649801254,-0.11319808661937714,0.7724708914756775,0.0,-0.008173123002052307,-3.153711557388325e-05,-0.01,-0.01820466011762619,0.00047160498797893524,False,False,recovery,-1.0,150,False,False,15.500000000001846,-0.8173123002052307,-0.0,0.0,0.0,0.0,0.0,0.0,-0.0,0.004364324842113465,0.0,-0.0,0.0,-0.005990960580995575
0.9775556325912476,0.10518699884414673,12.710968971252441,0.18589356541633606,0.8516682386398315,-0.04446811367229795,-0.8999598026275635,0.9165017604827881,0.7988178730010986,0.9934909343719482,-1.0,38.32863998413086,False,0.0,0.10822709649801254,-0.11319808661937714,0.7724708914756775,0.0,-0.008187593221664428,-2.542108297348038e-05,-0.01,-0.018213014304637908,0.000721304677426815,False,False,recovery,-1.0,151,False,False,15.600000000001879,-0.8187593221664429,-0.0,0.0,0.0,0.0,0.0,0.0,-0.0,0.004357063243259018,0.0,-0.0,0.0,-0.006009061600034919
0.9833024144172668,0.10490827262401581,12.786396980285645,0.18650102615356445,0.853044867515564,-0.0338883408211486,-0.9091082215309143,0.9027299880981445,0.7826758623123169,0.9933600425720215,-1.0,38.32863998413086,False,0.0,0.10822709649801254,-0.11319808661937714,0.7724708914756775,0.0,-0.008101862072944641,-2.269983291625999e-05,-0.01,-0.0181245619058609,0.0004755076952278614,False,False,recovery,-1.0,152,False,False,15.700000000001912,-0.8101862072944641,-0.0,0.0,0.0,0.0,0.0,0.0,-0.0,0.0043551960949953505,0.0,-0.0,0.0,-0.005924264025446966
0.9831129908561707,0.10654880106449127,12.194969177246094,0.1748127043247223,0.8486309051513672,-0.06824753361863187,-0.9079426527023315,0.9133546352386475,0.7860743999481201,0.9934670925140381,-1.0,38.32863998413086,False,0.0,0.10822709649801254,-0.11319808661937714,0.7724708914756775,0.0,-0.008158665895462037,-2.1805465221404977e-05,-0.01,-0.01818047136068344,0.00047418009489774704,False,False,recovery,-1.0,153,False,False,15.800000000001946,-0.8158665895462036,-0.0,0.0,0.0,0.0,0.0,0.0,-0.0,0.004355151279165526,0.0,-0.0,0.0,-0.005981090255879274
0.9841933846473694,0.10586360096931458,12.288232803344727,0.17775388062000275,0.8478024005889893,-0.027031590854789657,-0.9184798002243042,0.8896074295043945,0.7647140026092529,0.9904134273529053,-1.0,38.32863998413086,False,0.0,0.10822709649801254,-0.11319808661937714,0.7724708914756775,0.0,-0.008001781702041626,-2.165764570236225e-05,-0.01,-0.01802343934774399,0.0004657953977584839,False,False,recovery,-1.0,154,False,False,15.90000000000198,-0.8001781702041626,-0.0,0.0,0.0,0.0,0.0,0.0,-0.0,0.004355377621241385,0.0,-0.0,0.0,-0.005824092891420933
0.9816205501556396,0.10726386308670044,11.817273139953613,0.1664953976869583,0.8463323712348938,-0.06616965487552372,-0.91316157579422,0.8913319110870361,0.7635762691497803,0.9919161796569824,-1.0,38.32863998413086,False,0.0,0.10822709649801254,-0.11319808661937714,0.7724708914756775,0.0,-0.007988207340240479,-2.1776854991913033e-05,-0.01,-0.018009984195232392,0.00047004083171486855,False,False,recovery,-1.0,155,False,False,16.00000000000201,-0.7988207340240479,-0.0,0.0,0.0,0.0,0.0,0.0,-0.0,0.0043553741379562805,0.0,-0.0,0.0,-0.0058105202712623386
0.9659842252731323,0.10932031273841858,11.11410903930664,0.15294474363327026,0.8386580944061279,-0.07125367065701456,-0.9156179428100586,0.8874499797821045,0.7329342365264893,0.9869495630264282,-1.0,38.32863998413086,False,0.0,0.10822709649801254,-0.11319808661937714,0.7724708914756775,0.0,-0.007842963933944702,-2.1924376487732038e-05,-0.01,-0.017864888310432432,0.00046919193118810654,False,False,recovery,-1.0,156,False,False,16.100000000001955,-0.7842963933944702,-0.0,0.0,0.0,0.0,0.0,0.0,-0.0,0.004355086021400223,0.0,-0.0,0.0,-0.005665420923244591
0.9740972518920898,0.11075873672962189,10.63154125213623,0.13829511404037476,0.837392270565033,-0.07194299310614288,-0.8956905007362366,0.8455715179443359,0.6406550407409668,0.9788472652435303,-1.0,38.32863998413086,False,0.0,0.10822709649801254,-0.11319808661937714,0.7724708914756775,0.0,-0.0072145843505859375,-2.2011399269104056e-05,-0.01,-0.01723659574985504,0.0004682629369199276,False,False,recovery,-1.0,157,False,False,16.2000000000019,-0.7214584350585938,-0.0,0.0,0.0,0.0,0.0,0.0,-0.0,0.004354613790633621,0.0,-0.0,0.0,-0.005037277455269127
0.9748377799987793,0.11091182380914688,10.708876609802246,0.13996931910514832,0.8378850817680359,-0.02865275998488819,-0.900704026222229,0.7810500860214233,0.5653766393661499,0.9584262371063232,-1.0,38.32863998413086,False,0.0,0.10822709649801254,-0.11319808661937714,0.7724708914756775,0.0,-0.00664884626865387,-2.1890997886657524e-05,-0.01,-0.016670737266540527,0.0004675597883760929,False,False,recovery,-1.0,158,False,False,16.300000000001845,-0.664884626865387,-0.0,0.0,0.0,0.0,0.0,0.0,-0.0,0.004354380627556331,0.0,-0.0,0.0,-0.004471655954875704
0.9723033308982849,0.11352820694446564,9.939984321594238,0.11892195045948029,0.8332492709159851,-0.08598790903892096,-0.901607096195221,0.8117954730987549,0.5772314071655273,0.9627482891082764,-1.0,38.32863998413086,False,0.0,0.10822709649801254,-0.11319808661937714,0.7724708914756775,0.0,-0.00682996928691864,-2.1624267101287738e-05,-0.01,-0.01685159355401993,0.00047065969556570053,False,False,recovery,-1.0,159,False,False,16.40000000000179,-0.682996928691864,-0.0,0.0,0.0,0.0,0.0,0.0,-0.0,0.004354700464344052,0.0,-0.0,0.0,-0.004652619054746614
0.9752492904663086,0.11329637467861176,10.22705364227295,0.12578065693378448,0.8352344632148743,-0.013721416080832318,-0.8895578980445862,0.3541489839553833,0.4174269437789917,0.9065699577331543,-1.0,38.32863998413086,False,0.0,0.10822709649801254,-0.11319808661937714,0.7724708914756775,0.0,-0.004782122671604157,-2.136021852493274e-05,-0.01,-0.01480348289012909,0.00047090882435441017,False,False,recovery,-1.0,160,False,False,16.500000000001734,-0.47821226716041565,-0.0,0.0,0.0,0.0,0.0,0.0,-0.0,0.004355502367675124,0.0,-0.0,0.0,-0.0026043714877665948
0.9687767624855042,0.1152815967798233,9.609309196472168,0.11090679466724396,0.8295907974243164,-0.06786640357408125,-0.8962039947509766,0.5866861343383789,0.4559638500213623,0.9341440200805664,-1.0,38.32863998413086,False,0.0,0.10822709649801254,-0.11319808661937714,0.7724708914756775,0.0,-0.0055697762966156,-2.124637365341197e-05,-0.01,-0.015591022670269013,0.0007096598856151104,False,False,recovery,-1.0,161,False,False,16.60000000000168,-0.5569776296615601,-0.0,0.0,0.0,0.0,0.0,0.0,-0.0,0.004356614701761408,0.0,-0.0,0.0,-0.0033914689457348966
0.9518352746963501,0.11591251194477081,9.1682710647583,0.10155351459980011,0.825082004070282,-0.05176270901137731,-0.8690423965454102,-0.07329356670379639,0.38245177268981934,0.8799023628234863,-1.0,38.32863998413086,False,0.0,0.10822709649801254,-0.11319808661937714,0.7724708914756775,0.0,-0.00420276015996933,-1.3846158981323416e-05,-0.01,-0.014216606318950654,0.0004689423367381096,False,False,recovery,-1.0,162,False,False,16.700000000001623,-0.420276015996933,-0.0,0.0,0.0,0.0,0.0,0.0,-0.0,0.004372641108344899,0.0,-0.0,0.0,-0.0020164396057968806
0.9173789024353027,0.11782059073448181,8.222694396972656,0.07754943519830704,0.8188107013702393,-0.08328984735781554,-0.8641400933265686,-0.28637057542800903,0.3230181932449341,0.8273850679397583,-1.0,38.32863998413086,False,0.0,0.10822709649801254,-0.11319808661937714,0.7724708914756775,0.0,-0.00404413253068924,1.82333588600158e-05,-0.01,-0.014025899171829224,0.000472967978566885,False,False,recovery,-1.0,163,False,False,16.800000000001567,-0.40441325306892395,-0.0,0.0,0.0,0.0,0.0,0.0,-0.0,0.004453614555296692,0.0,-0.0,0.0,-0.0018173252530408936
0.8815757632255554,0.11739082634449005,7.604739665985107,0.06151118874549866,0.816740095615387,-0.062113234852872075,-0.8817813396453857,-0.47871124744415283,0.18004751205444336,0.6903343200683594,-1.0,38.32863998413086,False,0.0,0.10822709649801254,-0.11319808661937714,0.7724708914756775,0.0,-0.00378920316696167,7.229328155517563e-05,-0.01,-0.013716909885406494,0.00047271838411688805,False,False,recovery,-1.0,164,False,False,16.900000000001512,-0.378920316696167,-0.0,0.0,0.0,0.0,0.0,0.0,-0.0,0.004644628777909499,0.0,-0.0,0.0,-0.0014668887780069206
0.8460673689842224,0.1202879399061203,6.867396831512451,0.04139963537454605,0.8118342161178589,-0.06882979625599424,-0.8996275067329407,-0.5539537072181702,0.3295438289642334,0.6772663593292236,-1.0,38.32863998413086,False,0.0,0.10822709649801254,-0.11319808661937714,0.7724708914756775,0.0,-0.004208708107471466,0.00011881053447723375,-0.01,-0.014089897572994232,0.00046826573088765144,False,False,recovery,-1.0,165,False,False,17.000000000001457,-0.4208708107471466,-0.0,0.0,0.0,0.0,0.0,0.0,-0.0,0.004931573770611375,0.0,-0.0,0.0,-0.0017429212221657785
0.9298351407051086,0.11728987097740173,7.311641216278076,0.051792845129966736,0.8177664279937744,-0.008215891712805012,-0.9034630656242371,-0.6512570381164551,0.5713775157928467,0.6100285053253174,-1.0,38.32863998413086,False,0.0,0.10822709649801254,-0.11319808661937714,0.7724708914756775,0.0,-0.004847470819950104,0.00015381366014480605,-0.01,-0.014693657159805298,0.0004682857543230057,False,False,recovery,-1.0,166,False,False,17.1000000000014,-0.4847470819950104,-0.0,0.0,0.0,0.0,0.0,0.0,-0.0,0.005292124490689165,0.0,-0.0,0.0,-0.0022014085746055213
0.9285931587219238,0.12009958922863007,6.812021255493164,0.03603406250476837,0.8157268762588501,-0.05968815619078413,-0.9072949886322021,-0.5074407458305359,0.48402106761932373,0.7516236305236816,-1.0,38.32863998413086,False,0.0,0.10822709649801254,-0.11319808661937714,0.7724708914756775,0.0,-0.004699737131595612,0.00016676306724548338,-0.01,-0.014532974064350128,0.00046115368604660034,False,False,recovery,-1.0,167,False,False,17.200000000001346,-0.46997371315956116,-0.0,0.0,0.0,0.0,0.0,0.0,-0.0,0.005682475799389741,0.0,-0.0,0.0,-0.0018584992319007412
0.9247558116912842,0.11941757053136826,6.434393882751465,0.02710060402750969,0.8140135407447815,-0.045183974528635436,-0.8969748020172119,-0.5611280798912048,0.5932478904724121,0.709199070930481,-1.0,38.32863998413086,False,0.0,0.10822709649801254,-0.11319808661937714,0.7724708914756775,0.0,-0.004935837090015411,0.00015775978565216045,-0.01,-0.01477807730436325,0.0004712650552392006,False,False,recovery,-1.0,168,False,False,17.30000000000129,-0.49358370900154114,-0.0,0.0,0.0,0.0,0.0,0.0,-0.0,0.006058587639749091,0.0,-0.0,0.0,-0.0019065432701408655
0.827087938785553,0.12354021519422531,5.755057334899902,0.007984396070241928,0.8086270093917847,-0.06266837442650093,-0.8941200375556946,-0.5916730761528015,0.6355240345001221,0.6610064506530762,-1.0,38.32863998413086,False,0.0,0.10822709649801254,-0.11319808661937714,0.7724708914756775,0.0,-0.004975870251655579,0.00017957121133804332,-0.01,-0.014796299040317536,0.0004699891433119774,False,False,recovery,-1.0,169,False,False,17.400000000001235,-0.49758702516555786,-0.0,0.0,0.0,0.0,0.0,0.0,-0.0,0.006482538224256373,0.0,-0.0,0.0,-0.001734601139527392
0.8500206470489502,0.12451609969139099,5.451825141906738,-0.0009649135172367096,0.8075034618377686,-0.04348707301740762,-0.8935086727142334,-0.6858705878257751,0.712867259979248,0.54148268699646,-1.0,38.32863998413086,False,0.0,0.10822709649801254,-0.11319808661937714,0.7724708914756775,0.0,-0.005175398588180542,0.0002123254537582395,-0.01,-0.014963073134422303,0.0004701088182628155,False,False,recovery,-1.0,170,False,False,17.50000000000118,-0.5175398588180542,-0.0,0.0,0.0,0.0,0.0,0.0,-0.0,0.006976994139119785,0.0,-0.0,0.0,-0.0016869015186206492
0.8227509260177612,0.12672346830368042,5.042435169219971,-0.014226414263248444,0.8062759041786194,-0.04962670294537877,-0.8943107724189758,-0.7056783437728882,0.7392265796661377,0.46735239028930664,-1.0,38.32863998413086,False,0.0,0.10822709649801254,-0.11319808661937714,0.7724708914756775,0.0,-0.0051566195487976075,0.00025360822677612284,-0.01,-0.014903011322021485,0.0007099397480487823,False,False,recovery,-1.0,171,False,False,17.600000000001124,-0.5156619548797607,-0.0,0.0,0.0,0.0,0.0,0.0,-0.0,0.007559774007380615,0.0,-0.0,0.0,-0.0013767325451072999
0.8575621843338013,0.12493149191141129,5.308172225952148,-0.005284219980239868,0.8070977926254272,-0.01406428020033828,-0.8954079151153564,-0.7292366027832031,0.7725403308868408,0.3970299959182739,-1.0,38.32863998413086,False,0.0,0.10822709649801254,-0.11319808661937714,0.7724708914756775,0.0,-0.005219981670379638,0.00028397500514984117,-0.01,-0.014936006665229797,0.0004704659804701805,False,False,recovery,-1.0,172,False,False,17.70000000000107,-0.5219981670379639,-0.0,0.0,0.0,0.0,0.0,0.0,-0.0,0.00820981394268494,0.0,-0.0,0.0,-0.0011150746990371682
0.8448367714881897,0.12717941403388977,4.97766637802124,-0.01731117069721222,0.8069616556167603,-0.04716397365540056,-0.8780505657196045,-0.644496500492096,0.7012770175933838,0.5657110214233398,-1.0,38.32863998413086,False,0.0,0.10822709649801254,-0.11319808661937714,0.7724708914756775,0.0,-0.0049954172968864445,0.0002972766757011417,-0.01,-0.014698140621185303,0.00047019217163324356,False,False,recovery,-1.0,173,False,False,17.800000000001013,-0.4995417296886444,-0.0,0.0,0.0,0.0,0.0,0.0,-0.0,0.008893323885375892,0.0,-0.0,0.0,-0.0005487553541984984
0.8616881370544434,0.12563030421733856,5.012864112854004,-0.015327267348766327,0.8075827956199646,-0.02479935624758097,-0.8719567060470581,-0.6492605805397034,0.7255780696868896,0.5476329326629639,-1.0,38.32863998413086,False,0.0,0.10822709649801254,-0.11319808661937714,0.7724708914756775,0.0,-0.005020532608032226,0.0002949509024620057,-0.01,-0.014725581705570222,0.00047107599675655365,False,False,recovery,-1.0,174,False,False,17.900000000000958,-0.5020532608032227,-0.0,0.0,0.0,0.0,0.0,0.0,-0.0,0.009579026382065758,0.0,-0.0,0.0,-0.00023101941699934722
0.8865993022918701,0.12572282552719116,4.949151515960693,-0.018240800127387047,0.8084924221038818,-0.032493819916015555,-0.8543334007263184,-0.5838995575904846,0.6694961786270142,0.7003190517425537,-1.0,38.32863998413086,False,0.0,0.10822709649801254,-0.11319808661937714,0.7724708914756775,0.0,-0.005023740530014038,0.00030004918575286896,-0.01,-0.014723691344261169,0.000479365698993206,False,False,recovery,-1.0,175,False,False,18.000000000000902,-0.5023740530014038,-0.0,0.0,0.0,0.0,0.0,0.0,-0.0,0.010281905874761188,0.0,-0.0,0.0,0.00011721240736655564
0.821704089641571,0.12767666578292847,4.642106056213379,-0.026405159384012222,0.80549156665802,-0.040354991477079924,-0.8366671800613403,-0.5327100157737732,0.6237574815750122,0.7939958572387695,-1.0,38.32863998413086,False,0.0,0.10822709649801254,-0.11319808661937714,0.7724708914756775,0.0,-0.0050082367658615115,0.0002853524684906005,-0.01,-0.014722884297370911,0.0004712608642876148,False,False,recovery,-1.0,176,False,False,18.100000000000847,-0.5008236765861511,-0.0,0.0,0.0,0.0,0.0,0.0,-0.0,0.01096225941725959,0.0,-0.0,0.0,0.0004728929427682835
0.8031570911407471,0.1277543604373932,4.538836479187012,-0.030683137476444244,0.8065937757492065,-0.03407691552269834,-0.8164157271385193,-0.5372885465621948,0.5948095321655273,0.8386695384979248,-1.0,38.32863998413086,False,0.0,0.10822709649801254,-0.11319808661937714,0.7724708914756775,0.0,-0.005030946731567383,0.0002818623185157779,-0.01,-0.014749084413051606,0.0004752539098262787,False,False,recovery,-1.0,177,False,False,18.20000000000079,-0.5030946731567383,-0.0,0.0,0.0,0.0,0.0,0.0,-0.0,0.01164239822066604,0.0,-0.0,0.0,0.0007902523787656369
0.768301248550415,0.1289135217666626,4.477260112762451,-0.030253326520323753,0.8031575083732605,-0.027356279875129827,-0.8129937648773193,-0.5135254859924316,0.5720651149749756,0.8662247657775879,-1.0,38.32863998413086,False,0.0,0.10822709649801254,-0.11319808661937714,0.7724708914756775,0.0,-0.0050056779384613035,0.00029035180807113637,-0.01,-0.014715326130390168,0.000493388157337904,False,False,recovery,-1.0,178,False,False,18.300000000000736,-0.5005677938461304,-0.0,0.0,0.0,0.0,0.0,0.0,-0.0,0.01234656952790214,0.0,-0.0,0.0,0.0011676068254897667
0.8330824375152588,0.1287953108549118,4.404979705810547,-0.03354216739535332,0.8043961524963379,-0.03214105177098853,-0.777746856212616,-0.4618493318557739,0.4402334690093994,0.9264465570449829,-1.0,38.32863998413086,False,0.0,0.10822709649801254,-0.11319808661937714,0.7724708914756775,0.0,-0.004675759077072144,0.00028211027383804287,-0.01,-0.014393648803234101,0.0004778541624546051,False,False,recovery,-1.0,179,False,False,18.40000000000068,-0.46757590770721436,-0.0,0.0,0.0,0.0,0.0,0.0,-0.0,0.013041239131676763,0.0,-0.0,0.0,0.0018448604887662378
0.8479906320571899,0.12796024978160858,4.319526672363281,-0.0349210686981678,0.8040465116500854,-0.029090684952449798,-0.7629368901252747,-0.41898930072784424,0.3950613737106323,0.9405139684677124,-1.0,38.32863998413086,False,0.0,0.10822709649801254,-0.11319808661937714,0.7724708914756775,0.0,-0.004495661854743958,0.0002611705660820005,-0.01,-0.014234491288661957,0.0004709269851446152,False,False,recovery,-1.0,180,False,False,18.500000000000625,-0.44956618547439575,-0.0,0.0,0.0,0.0,0.0,0.0,-0.0,0.013700551826328788,0.0,-0.0,0.0,0.0023546140584204366
0.8236242532730103,0.12923434376716614,4.0729827880859375,-0.04406139254570007,0.8045164346694946,-0.03969321803693036,-0.7378519773483276,-0.3684356212615967,0.30509138107299805,0.9574687480926514,-1.0,38.32863998413086,False,0.0,0.10822709649801254,-0.11319808661937714,0.7724708914756775,0.0,-0.0042249935865402224,0.000236866772174835,-0.01,-0.013988126814365388,0.000727728009223938,False,False,recovery,-1.0,181,False,False,18.60000000000057,-0.4224993586540222,-0.0,0.0,0.0,0.0,0.0,0.0,-0.0,0.014317413858027983,0.0,-0.0,0.0,0.002933713342473769
0.6923926472663879,0.13050921261310577,3.5751335620880127,-0.05630934238433838,0.8005540370941162,-0.04309812218809435,-0.7370244264602661,-0.394720196723938,0.3200113773345947,0.9541962146759033,-1.0,38.32863998413086,False,0.0,0.10822709649801254,-0.11319808661937714,0.7724708914756775,0.0,-0.004279766976833343,0.00022817641496658287,-0.01,-0.01405159056186676,0.00046631693840026855,False,False,recovery,-1.0,182,False,False,18.700000000000514,-0.42797669768333435,-0.0,0.0,0.0,0.0,0.0,0.0,-0.0,0.014922988148424299,0.0,-0.0,0.0,0.003181727097378806
0.6838425993919373,0.12993775308132172,3.674818277359009,-0.0543384924530983,0.8021451830863953,-0.024387856603436647,-0.7383177280426025,-0.4755789041519165,0.38894426822662354,0.9415459632873535,-1.0,38.32863998413086,False,0.0,0.10822709649801254,-0.11319808661937714,0.7724708914756775,0.0,-0.004522687196731568,0.00026967048645019486,-0.01,-0.014253016710281372,0.0004727761261165142,False,False,recovery,-1.0,183,False,False,18.80000000000046,-0.45226871967315674,-0.0,0.0,0.0,0.0,0.0,0.0,-0.0,0.015618514080335766,0.0,-0.0,0.0,0.003286569843436315
0.7187860012054443,0.12791582942008972,3.653101921081543,-0.05116131901741028,0.8003384470939636,-0.02249725962473985,-0.7433115243911743,-0.4241727590560913,0.3191699981689453,0.9553070068359375,-1.0,38.32863998413086,False,0.0,0.10822709649801254,-0.11319808661937714,0.7724708914756775,0.0,-0.004367288649082184,0.0003032502532005314,-0.01,-0.014064038395881653,0.000474357046186924,False,False,recovery,-1.0,184,False,False,18.900000000000404,-0.4367288649082184,-0.0,0.0,0.0,0.0,0.0,0.0,-0.0,0.0163889382391752,0.0,-0.0,0.0,0.0038271804705054153
0.6771898865699768,0.1312551200389862,3.4088547229766846,-0.06095713749527931,0.7994675636291504,-0.039503461882370694,-0.6954758763313293,-0.3482443690299988,0.3069777488708496,0.9677352905273438,-1.0,38.32863998413086,False,0.0,0.10822709649801254,-0.11319808661937714,0.7724708914756775,0.0,-0.0040892693400383,0.0002684187889099125,-0.01,-0.013820850551128389,0.00048186397179961205,False,False,recovery,-1.0,185,False,False,19.000000000000348,-0.40892693400382996,-0.0,0.0,0.0,0.0,0.0,0.0,-0.0,0.01709672081881264,0.0,-0.0,0.0,0.004459091069368019
0.5139151215553284,0.13288182020187378,2.910616874694824,-0.074185311794281,0.7961218953132629,-0.04271725215559119,-0.6827965378761292,-0.3867267370223999,0.32194578647613525,0.9669194221496582,-1.0,38.32863998413086,False,0.0,0.10822709649801254,-0.11319808661937714,0.7724708914756775,0.0,-0.00413587749004364,0.00024885892868042013,-0.01,-0.01388701856136322,0.00047240499407052994,False,False,recovery,-1.0,186,False,False,19.100000000000293,-0.413587749004364,-0.0,0.0,0.0,0.0,0.0,0.0,-0.0,0.0177722060049591,0.0,-0.0,0.0,0.004750225512435911
0.5964729189872742,0.1323907971382141,3.030630111694336,-0.07287856191396713,0.7989065647125244,-0.024953858781412104,-0.697071373462677,-0.47456514835357666,0.30627989768981934,0.959477424621582,-1.0,38.32863998413086,False,0.0,0.10822709649801254,-0.11319808661937714,0.7724708914756775,0.0,-0.004313812255859375,0.00030354619026184103,-0.01,-0.014010266065597535,0.0004738997668027878,False,False,recovery,-1.0,187,False,False,19.200000000000237,-0.4313812255859375,-0.0,0.0,0.0,0.0,0.0,0.0,-0.0,0.01856490170030778,0.0,-0.0,0.0,0.004968638594294515
0.5250809192657471,0.1329033225774765,2.681971788406372,-0.0801037847995758,0.7951595187187195,-0.034989200686539476,-0.705711841583252,-0.4245569705963135,0.3374382257461548,0.963610053062439,-1.0,38.32863998413086,False,0.0,0.10822709649801254,-0.11319808661937714,0.7724708914756775,0.0,-0.004301716983318329,0.00034605175256729147,-0.01,-0.013955665230751039,0.0004813489504158497,False,False,recovery,-1.0,188,False,False,19.300000000000182,-0.4301716983318329,-0.0,0.0,0.0,0.0,0.0,0.0,-0.0,0.019451534454091757,0.0,-0.0,0.0,0.005424050243727549
0.6391417980194092,0.13156083226203918,2.7531237602233887,-0.07806094735860825,0.7965937256813049,-0.02386477659505249,-0.6778234243392944,-0.450208842754364,0.3031773567199707,0.9594888687133789,-1.0,38.32863998413086,False,0.0,0.10822709649801254,-0.11319808661937714,0.7724708914756775,0.0,-0.004186670184135437,0.00034459859132766717,-0.01,-0.013842071592807769,0.00046569108963012695,False,False,recovery,-1.0,189,False,False,19.400000000000126,-0.4186670184135437,-0.0,0.0,0.0,0.0,0.0,0.0,-0.0,0.020344162424020817,0.0,-0.0,0.0,0.005985411027874972
0.3771982192993164,0.13293606042861938,2.3500895500183105,-0.08863947540521622,0.7937059998512268,-2.2207765641002375,-0.6571352481842041,-0.3850940465927124,0.3063933849334717,0.9623126983642578,-1.0,38.32863998413086,False,0.0,0.10822709649801254,-0.11319808661937714,0.7724708914756775,0.0,-0.004000116884708404,0.0003437349200248723,-0.01,-0.013656381964683533,0.00046940380707383156,False,False,recovery,-1.0,190,False,False,19.50000000000007,-0.40001168847084045,-0.0,0.0,0.0,0.0,0.0,0.0,-0.0,0.021244107082630026,0.0,-0.0,0.0,0.006621936656606609
0.47331535816192627,0.13358227908611298,2.379786252975464,-0.08977904915809631,0.7950902581214905,-0.014196186390923068,-0.6375296115875244,-0.7401178479194641,0.12239539623260498,0.9361554384231567,-1.0,38.32863998413086,False,0.0,0.10822709649801254,-0.11319808661937714,0.7724708914756775,0.0,-0.004613965451717376,0.0004607340693473811,-0.01,-0.014153231382369996,0.000685208011418581,False,False,recovery,-1.0,191,False,False,19.600000000000016,-0.46139654517173767,-0.0,0.0,0.0,0.0,0.0,0.0,-0.0,0.022389475577313078,0.0,-0.0,0.0,0.006580772336939163
0.2832106351852417,0.13278110325336456,2.3124170303344727,-0.09093350172042847,0.7950248122215271,-0.014219117928647832,-0.7029263973236084,-0.728023886680603,0.2719835042953491,0.9321537017822266,-1.0,38.32863998413086,False,0.0,0.10822709649801254,-0.11319808661937714,0.7724708914756775,0.0,-0.004917525053024292,0.0006983882188797003,-0.01,-0.014219136834144592,0.00046532414853572845,False,False,recovery,-1.0,192,False,False,19.69999999999996,-0.4917525053024292,-0.0,0.0,0.0,0.0,0.0,0.0,-0.0,0.024026492918638453,0.0,-0.0,0.0,0.0070957214062949345
0.4111986458301544,0.1306757777929306,2.6491620540618896,-0.08173991739749908,0.798038899898529,-0.012732069603839057,-0.6907086372375488,-0.7082939147949219,0.20230209827423096,0.9505314826965332,-1.0,38.32863998413086,False,0.0,0.10822709649801254,-0.11319808661937714,0.7724708914756775,0.0,-0.004807987213134766,0.0007404488325119009,-0.01,-0.014067538380622864,0.000486607663333416,False,False,recovery,-1.0,193,False,False,19.799999999999905,-0.48079872131347656,-0.0,0.0,0.0,0.0,0.0,0.0,-0.0,0.025765009052706178,0.0,-0.0,0.0,0.008074517313218323
0.29984331130981445,0.1325857788324356,2.3831677436828613,-0.08973520994186401,0.7961443662643433,-0.014761242585818525,-0.6273699402809143,-0.6394553184509277,0.21271884441375732,0.9632444381713867,-1.0,38.32863998413086,False,0.0,0.10822709649801254,-0.11319808661937714,0.7724708914756775,0.0,-0.0044389632344245915,0.000733231306076049,-0.01,-0.013705731928348543,0.0004783459007740021,False,False,recovery,-1.0,194,False,False,19.89999999999985,-0.4438963234424591,-0.0,0.0,0.0,0.0,0.0,0.0,-0.0,0.02750655425365789,0.0,-0.0,0.0,0.009314313892404353
0.5441403388977051,0.1313767433166504,2.5508885383605957,-0.0843900516629219,0.7970398664474487,1.1695535865232878,-0.5819135308265686,-0.6412035822868347,0.190446138381958,0.9659596681594849,-1.0,38.32863998413086,False,0.0,0.10822709649801254,-0.11319808661937714,0.7724708914756775,0.0,-0.0042977830767631535,0.0007172951102256773,-0.01,-0.013580487966537477,0.0006107049994170666,False,False,recovery,-1.0,195,False,False,19.999999999999794,-0.4297783076763153,-0.0,0.0,0.0,0.0,0.0,0.0,-0.0,0.02923352160105419,0.0,-0.0,0.0,0.010318977723763941
0.6346322894096375,0.12976641952991486,2.8551104068756104,-0.07737657427787781,0.8007633686065674,-0.01737603478868384,-0.5445412397384644,-0.10587084293365479,0.29739391803741455,0.9827160835266113,-1.0,38.32863998413086,False,0.0,0.10822709649801254,-0.11319808661937714,0.7724708914756775,0.0,-0.0034047695994377136,0.00046477794647216755,-0.01,-0.012939991652965546,0.00046949461102485657,False,False,recovery,-1.0,196,False,False,20.09999999999974,-0.34047695994377136,-0.0,0.0,0.0,0.0,0.0,0.0,-0.0,0.03046773161079408,0.0,-0.0,0.0,0.011829096205959327
0.8423680663108826,0.12907098233699799,2.909602403640747,-0.07140041887760162,0.7971174120903015,-0.018118276289424202,-0.3673999309539795,0.09484493732452393,0.2779984474182129,0.9908111095428467,-1.0,38.32863998413086,False,0.0,0.10822709649801254,-0.11319808661937714,0.7724708914756775,0.0,-0.003007420301437378,-5.29387593269353e-05,-0.01,-0.013060359060764314,0.00046796398237347603,False,False,recovery,-1.0,197,False,False,20.199999999999683,-0.3007420301437378,-0.0,0.0,0.0,0.0,0.0,0.0,-0.0,0.030668545105998146,0.0,-0.0,0.0,0.012326852251561694
0.7467085719108582,0.12976455688476562,2.787616729736328,-0.07718133926391602,0.7985451817512512,-0.03175101371443396,-0.1176876425743103,0.19248640537261963,0.1301743984222412,0.9902602434158325,-1.0,38.32863998413086,False,0.0,0.10822709649801254,-0.11319808661937714,0.7724708914756775,0.0,-0.002621155381202698,-0.0003114268183708191,-0.01,-0.012932582199573517,0.0004761926829814911,False,False,recovery,-1.0,198,False,False,20.299999999999628,-0.2621155381202698,-0.0,0.0,0.0,0.0,0.0,0.0,-0.0,0.03034917931443304,0.0,-0.0,0.0,0.012553434276013822
0.8334814310073853,0.1289835125207901,2.865623712539673,-0.07298421859741211,0.7974693179130554,-0.019854036194303183,-0.14751458168029785,0.1329646110534668,0.19591259956359863,0.9899001121520996,-1.0,38.32863998413086,False,0.0,0.10822709649801254,-0.11319808661937714,0.7724708914756775,0.0,-0.002644309997558594,-0.0003811123967170718,-0.01,-0.013025422394275666,0.0004890910349786282,False,False,recovery,-1.0,199,False,False,20.399999999999572,-0.2644309997558594,-0.0,0.0,0.0,0.0,0.0,0.0,-0.0,0.02988578149590182,0.0,-0.0,0.0,0.012298580750392316
0.8298042416572571,0.1272628903388977,2.932894468307495,-0.06989218294620514,0.7981160283088684,-0.021000784623070007,-0.12121254205703735,0.13562345504760742,0.1779564619064331,0.9880445003509521,-1.0,38.32863998413086,False,0.0,0.10822709649801254,-0.11319808661937714,0.7724708914756775,0.0,-0.002602466642856598,-0.0003444230556488032,-0.01,-0.012946889698505402,0.0004741349257528782,False,False,recovery,-1.0,200,False,False,20.499999999999517,-0.2602466642856598,-0.0,0.0,0.0,0.0,0.0,0.0,-0.0,0.029491881125185082,0.0,-0.0,0.0,0.012143473919735942
0.8809695839881897,0.12795768678188324,2.960293769836426,-0.06827172636985779,0.7966227531433105,-0.02302154954465302,-0.13240677118301392,0.14416229724884033,0.17979168891906738,0.9878084659576416,-1.0,38.32863998413086,False,0.0,0.10822709649801254,-0.11319808661937714,0.7724708914756775,0.0,-0.002616012394428253,-0.00034478425979614195,-0.01,-0.012960796654224395,0.0007293359376490116,False,False,recovery,-1.0,201,False,False,20.59999999999946,-0.2616012394428253,-0.0,0.0,0.0,0.0,0.0,0.0,-0.0,0.0290932367229082,0.0,-0.0,0.0,0.011930605967025847
0.7658231854438782,0.12843410670757294,2.630084276199341,-0.07960691303014755,0.7975752353668213,-0.03826254194014375,-0.09203976392745972,0.12764406204223633,0.16505873203277588,0.9858716726303101,-1.0,38.32863998413086,False,0.0,0.10822709649801254,-0.11319808661937714,0.7724708914756775,0.0,-0.0025598791241645815,-0.00034004718065261917,-0.01,-0.012899926304817202,0.0004850630648434162,False,False,recovery,-1.0,202,False,False,20.699999999999406,-0.25598791241645813,-0.0,0.0,0.0,0.0,0.0,0.0,-0.0,0.028700180417616128,0.0,-0.0,0.0,0.011790211084643482
0.859952449798584,0.1289527267217636,2.7018954753875732,-0.07504735141992569,0.7946513891220093,-0.019547212527434403,-0.19938629865646362,0.0014884471893310547,0.1951916217803955,0.9825702905654907,-1.0,38.32863998413086,False,0.0,0.10822709649801254,-0.11319808661937714,0.7724708914756775,0.0,-0.0026082530617713927,-0.0002612525224685667,-0.01,-0.01286950558423996,0.0004673432558774948,False,False,recovery,-1.0,203,False,False,20.79999999999935,-0.2608253061771393,-0.0,0.0,0.0,0.0,0.0,0.0,-0.0,0.028462246499488142,0.0,-0.0,0.0,0.011622870187972678
0.8590285778045654,0.12936851382255554,2.4697773456573486,-0.08120442926883698,0.7934291362762451,-0.031896861277393544,-0.16457420587539673,0.004254937171936035,0.1555403470993042,0.9789551496505737,-1.0,38.32863998413086,False,0.0,0.10822709649801254,-0.11319808661937714,0.7724708914756775,0.0,-0.0025241217017173767,-0.0001624333858489986,-0.01,-0.012686555087566376,0.00047428393736481667,False,False,recovery,-1.0,204,False,False,20.899999999999295,-0.25241217017173767,-0.0,0.0,0.0,0.0,0.0,0.0,-0.0,0.028421605236149672,0.0,-0.0,0.0,0.01168668091635746
0.899993896484375,0.12892499566078186,2.5285439491271973,-0.0783456563949585,0.792776882648468,-0.021340320441053377,-0.1741316318511963,-0.060442566871643066,0.13914942741394043,0.9736406803131104,-1.0,38.32863998413086,False,0.0,0.10822709649801254,-0.11319808661937714,0.7724708914756775,0.0,-0.002503284513950348,-0.00012095361948013389,-0.01,-0.012624238133430481,0.00047002313658595085,False,False,recovery,-1.0,205,False,False,20.99999999999924,-0.2503284513950348,-0.0,0.0,0.0,0.0,0.0,0.0,-0.0,0.02846434056574154,0.0,-0.0,0.0,0.011728885768920422
0.9261588454246521,0.12985093891620636,2.2859909534454346,-0.08602641522884369,0.7922551035881042,-0.03345083724209252,-0.1672852635383606,-0.04244881868362427,0.12473547458648682,0.9726171493530273,-1.0,38.32863998413086,False,0.0,0.10822709649801254,-0.11319808661937714,0.7724708914756775,0.0,-0.0024783234298229218,-7.965475320816096e-05,-0.01,-0.012557978183031083,0.0004868120886385441,False,False,recovery,-1.0,206,False,False,21.099999999999184,-0.24783234298229218,-0.0,0.0,0.0,0.0,0.0,0.0,-0.0,0.028590945149526426,0.0,-0.0,0.0,0.011817149144940291
0.8895894885063171,0.13045670092105865,2.2366843223571777,-0.08617356419563293,0.7903172969818115,-0.02480798909056072,-0.18365710973739624,-0.10314232110977173,0.1296522617340088,0.9666390419006348,-1.0,38.32863998413086,False,0.0,0.10822709649801254,-0.11319808661937714,0.7724708914756775,0.0,-0.002488922476768494,-5.783498287200914e-05,-0.01,-0.012546757459640503,0.0004681129939854145,False,False,recovery,-1.0,207,False,False,21.19999999999913,-0.24889224767684937,-0.0,0.0,0.0,0.0,0.0,0.0,-0.0,0.02876289048984304,0.0,-0.0,0.0,0.011892522768153026
0.9171841144561768,0.13021089136600494,2.1938858032226562,-0.088595911860466,0.7917014956474304,-0.027220443547484027,-0.1773524284362793,-0.11781471967697144,0.10822474956512451,0.9652690887451172,-1.0,38.32863998413086,False,0.0,0.10822709649801254,-0.11319808661937714,0.7724708914756775,0.0,-0.002471978068351746,-4.937946796417306e-06,-0.01,-0.012476916015148163,0.0004702731966972351,False,False,recovery,-1.0,208,False,False,21.299999999999073,-0.24719780683517456,-0.0,0.0,0.0,0.0,0.0,0.0,-0.0,0.02904344594438124,0.0,-0.0,0.0,0.012049744903838875
0.9179631471633911,0.13039396703243256,2.288673162460327,-0.08649285137653351,0.7922589778900146,-0.022282478766093714,-0.21059495210647583,-0.12015354633331299,0.13196468353271484,0.9646214246749878,-1.0,38.32863998413086,False,0.0,0.10822709649801254,-0.11319808661937714,0.7724708914756775,0.0,-0.0025167405605316163,1.2246966361999581e-05,-0.01,-0.012504493594169616,0.0004834388382732868,False,False,recovery,-1.0,209,False,False,21.399999999999018,-0.2516740560531616,-0.0,0.0,0.0,0.0,0.0,0.0,-0.0,0.029361597371889814,0.0,-0.0,0.0,0.012164058125413291
0.9300509095191956,0.1298178881406784,2.2540640830993652,-0.08533516526222229,0.7906391024589539,-0.02326078335971027,-0.20039117336273193,-0.08958929777145386,0.13445675373077393,0.9683443307876587,-1.0,38.32863998413086,False,0.0,0.10822709649801254,-0.11319808661937714,0.7724708914756775,0.0,-0.0025098803639411926,-2.6017427444402497e-07,-0.01,-0.012510140538215636,0.0004696273244917393,False,False,recovery,-1.0,210,False,False,21.499999999998963,-0.25098803639411926,-0.0,0.0,0.0,0.0,0.0,0.0,-0.0,0.02965760954124419,0.0,-0.0,0.0,0.012318924406680903
0.9450487494468689,0.13008587062358856,2.5019302368164062,-0.08184697479009628,0.7943189144134521,-0.020638891507572275,-0.14239436388015747,-0.07051664590835571,0.09553968906402588,0.9682402610778809,-1.0,38.32863998413086,False,0.0,0.10822709649801254,-0.11319808661937714,0.7724708914756775,0.0,-0.002429664582014084,-3.4372210502625275e-05,-0.01,-0.01246403679251671,0.000738056842237711,False,False,recovery,-1.0,211,False,False,21.599999999998907,-0.2429664582014084,-0.0,0.0,0.0,0.0,0.0,0.0,-0.0,0.02988778184417351,0.0,-0.0,0.0,0.012514226340072671
0.9557372331619263,0.13072268664836884,2.4126498699188232,-0.0831715315580368,0.7923282384872437,-0.026227906854009275,-0.17879760265350342,-0.011636912822723389,0.15974640846252441,0.9755959510803223,-1.0,38.32863998413086,False,0.0,0.10822709649801254,-0.11319808661937714,0.7724708914756775,0.0,-0.0025235259532928466,-8.331984281539917e-05,-0.01,-0.012606845796108246,0.0005963356234133244,False,False,recovery,-1.0,212,False,False,21.69999999999885,-0.25235259532928467,-0.0,0.0,0.0,0.0,0.0,0.0,-0.0,0.030021379187430752,0.0,-0.0,0.0,0.01248716364042253
0.9278318881988525,0.1297106295824051,2.4301657676696777,-0.08185423165559769,0.7925484776496887,-0.02298225526565173,-0.11228615045547485,-0.022745847702026367,0.11858892440795898,0.9738538265228271,-1.0,38.32863998413086,False,0.0,0.10822709649801254,-0.11319808661937714,0.7724708914756775,0.0,-0.002438950389623642,-0.00012676894664764501,-0.01,-0.012565719336271288,0.0004672836512327194,False,False,recovery,-1.0,213,False,False,21.799999999998796,-0.2438950389623642,-0.0,0.0,0.0,0.0,0.0,0.0,-0.0,0.030068492225248766,0.0,-0.0,0.0,0.012595295723000742
0.9475798606872559,0.12981785833835602,2.199183940887451,-0.08841241151094437,0.7920699715614319,-0.03192262855444925,-0.11564010381698608,-0.00940030813217163,0.11384665966033936,0.9752391576766968,-1.0,38.32863998413086,False,0.0,0.10822709649801254,-0.11319808661937714,0.7724708914756775,0.0,-0.0024437837302684787,-0.00013054519891738878,-0.01,-0.012574328929185868,0.00047344528138637543,False,False,recovery,-1.0,214,False,False,21.89999999999874,-0.24437837302684784,-0.0,0.0,0.0,0.0,0.0,0.0,-0.0,0.03010851150792604,0.0,-0.0,0.0,0.01261047202369454
0.9560990929603577,0.12950463593006134,2.246875524520874,-0.0881534293293953,0.793554961681366,-0.02418881446737002,-0.12667334079742432,-0.06309044361114502,0.10709595680236816,0.9698765277862549,-1.0,38.32863998413086,False,0.0,0.10822709649801254,-0.11319808661937714,0.7724708914756775,0.0,-0.0024303914606571197,-0.00011289507150650038,-0.01,-0.01254328653216362,0.00046794209629297256,False,False,recovery,-1.0,215,False,False,21.999999999998685,-0.24303914606571198,-0.0,0.0,0.0,0.0,0.0,0.0,-0.0,0.030184536033099563,0.0,-0.0,0.0,0.01266187655589266
0.9559462666511536,0.12861034274101257,2.1673011779785156,-0.08950355648994446,0.7934121489524841,-0.02596303279069262,-0.1730865240097046,-0.05566596984863281,0.13668560981750488,0.9707691669464111,-1.0,38.32863998413086,False,0.0,0.10822709649801254,-0.11319808661937714,0.7724708914756775,0.0,-0.0024853333830833434,-7.536232471466037e-05,-0.01,-0.012560695707798004,0.000493908766657114,False,False,recovery,-1.0,216,False,False,22.09999999999863,-0.24853333830833435,-0.0,0.0,0.0,0.0,0.0,0.0,-0.0,0.03033720298675191,0.0,-0.0,0.0,0.012683268110292611
0.9548775553703308,0.12967164814472198,2.203026294708252,-0.08919841796159744,0.7931174635887146,-0.024289992771839995,-0.1712092161178589,-0.06134593486785889,0.12360703945159912,0.9691373109817505,-1.0,38.32863998413086,False,0.0,0.10822709649801254,-0.11319808661937714,0.7724708914756775,0.0,-0.00246895432472229,-7.423728704452487e-05,-0.01,-0.012543191611766815,0.00047416985034942627,False,False,recovery,-1.0,217,False,False,22.199999999998575,-0.246895432472229,-0.0,0.0,0.0,0.0,0.0,0.0,-0.0,0.030493646801438956,0.0,-0.0,0.0,0.012777869075997188
0.9685395359992981,0.12865720689296722,2.3851001262664795,-0.08593230694532394,0.7963280081748962,-0.020835070638243663,-0.16292691230773926,-0.05781501531600952,0.12849926948547363,0.9703187942504883,-1.0,38.32863998413086,False,0.0,0.10822709649801254,-0.11319808661937714,0.7724708914756775,0.0,-0.0024697957932949067,-7.230520248413183e-05,-0.01,-0.01254210099577904,0.0006117783486843109,False,False,recovery,-1.0,218,False,False,22.29999999999852,-0.24697957932949066,-0.0,0.0,0.0,0.0,0.0,0.0,-0.0,0.03065562648285558,0.0,-0.0,0.0,0.012858017448132884
0.96873939037323,0.12795905768871307,2.4927706718444824,-0.0825030505657196,0.7968270182609558,-0.020752466321418757,-0.20523911714553833,-0.005087018013000488,0.17913246154785156,0.9752488136291504,-1.0,38.32863998413086,False,0.0,0.10822709649801254,-0.11319808661937714,0.7724708914756775,0.0,-0.0025633689761161804,-0.00010317981243133587,-0.01,-0.012666548788547517,0.00046673277392983437,False,False,recovery,-1.0,219,False,False,22.399999999998464,-0.25633689761161804,-0.0,0.0,0.0,0.0,0.0,0.0,-0.0,0.030756784683599214,0.0,-0.0,0.0,0.012815023365683426
0.9704880118370056,0.1265260875225067,2.5347070693969727,-0.0800020694732666,0.7970170974731445,-0.021714669601739532,-0.17517298460006714,0.03696250915527344,0.1748826503753662,0.9782829284667969,-1.0,38.32863998413086,False,0.0,0.10822709649801254,-0.11319808661937714,0.7724708914756775,0.0,-0.0025491830706596374,-0.00016891986131668119,-0.01,-0.01271810293197632,0.00046964315697550774,False,False,recovery,-1.0,220,False,False,22.49999999999841,-0.25491830706596375,-0.0,0.0,0.0,0.0,0.0,0.0,-0.0,0.03072621199377923,0.0,-0.0,0.0,0.012813922926229977
0.9671069979667664,0.12699224054813385,2.651887893676758,-0.07696442306041718,0.7970287203788757,-0.021231112372567224,-0.14683538675308228,0.06569397449493408,0.15727925300598145,0.9794526100158691,-1.0,38.32863998413086,False,0.0,0.10822709649801254,-0.11319808661937714,0.7724708914756775,0.0,-0.0025248512625694274,-0.00022278934717178366,-0.01,-0.012747640609741212,0.0006800866685807705,False,False,recovery,-1.0,221,False,False,22.599999999998353,-0.25248512625694275,-0.0,0.0,0.0,0.0,0.0,0.0,-0.0,0.03058649501343247,0.0,-0.0,0.0,0.012768396244146807
0.9759032726287842,0.12234923988580704,3.2552809715270996,-0.061655014753341675,0.8044641017913818,-0.005871771724489348,-0.12359046936035156,0.08753979206085205,0.16004586219787598,0.9813458919525146,-1.0,38.32863998413086,False,0.0,0.10822709649801254,-0.11319808661937714,0.7724708914756775,0.0,-0.0025289806723594664,-0.0002608594298362729,-0.01,-0.01278984010219574,0.0004746587947010994,False,False,recovery,-1.0,222,False,False,22.699999999998298,-0.25289806723594666,-0.0,0.0,0.0,0.0,0.0,0.0,-0.0,0.0303684459878536,0.0,-0.0,0.0,0.012655242321567332
0.9792648553848267,0.12168606370687485,3.4790236949920654,-0.05691026896238327,0.8070948123931885,-0.019177225948825483,-0.17550885677337646,0.2687438726425171,0.22786951065063477,0.9889578819274902,-1.0,38.32863998413086,False,0.0,0.10822709649801254,-0.11319808661937714,0.7724708914756775,0.0,-0.002832472026348114,-0.00037468850612640443,-0.01,-0.013207160532474518,0.0004651583731174469,False,False,recovery,-1.0,223,False,False,22.799999999998242,-0.2832472026348114,-0.0,0.0,0.0,0.0,0.0,0.0,-0.0,0.029918328306809405,0.0,-0.0,0.0,0.012126692127056589
0.975191593170166,0.12206129729747772,3.276252269744873,-0.062411803752183914,0.8061379790306091,-0.03234947400633315,-0.11137455701828003,0.3277472257614136,0.25335001945495605,0.9922264814376831,-1.0,38.32863998413086,False,0.0,0.10822709649801254,-0.11319808661937714,0.7724708914756775,0.0,-0.002921305298805237,-0.0005465424060821528,-0.01,-0.01346784770488739,0.00046710623428225517,False,False,recovery,-1.0,224,False,False,22.899999999998187,-0.2921305298805237,-0.0,0.0,0.0,0.0,0.0,0.0,-0.0,0.029116378154574796,0.0,-0.0,0.0,0.011636883778482161
0.9799988865852356,0.12168477475643158,3.6457021236419678,-0.05448300018906593,0.8096691966056824,-0.015100983659534597,-0.12398391962051392,0.24998962879180908,0.2500249147415161,0.9904203414916992,-1.0,38.32863998413086,False,0.0,0.10822709649801254,-0.11319808661937714,0.7724708914756775,0.0,-0.002803279161453247,-0.0005580520629882811,-0.01,-0.013361331224441528,0.00047001801431179047,False,False,recovery,-1.0,225,False,False,22.99999999999813,-0.2803279161453247,-0.0,0.0,0.0,0.0,0.0,0.0,-0.0,0.028283076137295193,0.0,-0.0,0.0,0.01133825890719435
0.9824972748756409,0.1204204261302948,3.7699694633483887,-0.04908478260040283,0.8092633485794067,-0.018378684157180684,-0.21124041080474854,0.29625964164733887,0.3272995948791504,0.9914456605911255,-1.0,38.32863998413086,False,0.0,0.10822709649801254,-0.11319808661937714,0.7724708914756775,0.0,-0.003056204617023468,-0.0005147629976272588,-0.01,-0.013570967614650728,0.0004668082110583782,False,False,recovery,-1.0,226,False,False,23.099999999998076,-0.3056204617023468,-0.0,0.0,0.0,0.0,0.0,0.0,-0.0,0.027528885944840042,0.0,-0.0,0.0,0.010708238355396553
0.9827961325645447,0.11924712359905243,4.176254749298096,-0.0389714241027832,0.8125118613243103,-0.011782465047121127,-0.17029690742492676,0.31089234352111816,0.3113679885864258,0.9917609691619873,-1.0,38.32863998413086,False,0.0,0.10822709649801254,-0.11319808661937714,0.7724708914756775,0.0,-0.003015487492084503,-0.0005384013056755066,-0.01,-0.013553888797760011,0.00046793604269623756,False,False,recovery,-1.0,227,False,False,23.19999999999802,-0.3015487492084503,-0.0,0.0,0.0,0.0,0.0,0.0,-0.0,0.02671921672784805,0.0,-0.0,0.0,0.010344120871839523
0.9886025786399841,0.11763699352741241,4.338434219360352,-0.035652417689561844,0.8156683444976807,-0.02117303187225369,-0.18537580966949463,0.3808739185333252,0.3586970567703247,0.9936141967773438,-1.0,38.32863998413086,False,0.0,0.10822709649801254,-0.11319808661937714,0.7724708914756775,0.0,-0.00323840469121933,-0.0005719122290611268,-0.01,-0.013810316920280457,0.00047403108328580856,False,False,recovery,-1.0,228,False,False,23.299999999997965,-0.323840469121933,-0.0,0.0,0.0,0.0,0.0,0.0,-0.0,0.02583379369309169,0.0,-0.0,0.0,0.009678492155326514
0.98760986328125,0.11688821017742157,4.6417670249938965,-0.0284239761531353,0.8182886838912964,-0.015741818292536916,-0.22276294231414795,0.3954925537109375,0.39642858505249023,0.9940052032470703,-1.0,38.32863998413086,False,0.0,0.10822709649801254,-0.11319808661937714,0.7724708914756775,0.0,-0.003378099203109741,-0.0006141015887260442,-0.01,-0.013992200791835786,0.0004771086387336254,False,False,recovery,-1.0,229,False,False,23.39999999999791,-0.3378099203109741,-0.0,0.0,0.0,0.0,0.0,0.0,-0.0,0.024854091104486997,0.0,-0.0,0.0,0.009048946349133757
0.9853979349136353,0.11865726858377457,4.589676856994629,-0.030679283663630486,0.8172122240066528,-0.029833964850014272,-0.2576838731765747,0.42524993419647217,0.43991124629974365,0.9945523738861084,-1.0,38.32863998413086,False,0.0,0.10822709649801254,-0.11319808661937714,0.7724708914756775,0.0,-0.003574737012386322,-0.000623571872711181,-0.01,-0.014198308885097504,0.0004785866476595402,False,False,recovery,-1.0,230,False,False,23.499999999997854,-0.3574737012386322,-0.0,0.0,0.0,0.0,0.0,0.0,-0.0,0.023845425410265464,0.0,-0.0,0.0,0.00834797569274641
0.9853213429450989,0.11811991780996323,4.659290790557861,-0.02616661787033081,0.8153253197669983,-0.0197439668548403,-0.2822469472885132,0.3634788990020752,0.4548025131225586,0.9937193393707275,-1.0,38.32863998413086,False,0.0,0.10822709649801254,-0.11319808661937714,0.7724708914756775,0.0,-0.0035152590274810792,-0.00059734433889389,-0.01,-0.01411260336637497,0.0007385588251054287,False,False,recovery,-1.0,231,False,False,23.5999999999978,-0.3515259027481079,-0.0,0.0,0.0,0.0,0.0,0.0,-0.0,0.022879530484542054,0.0,-0.0,0.0,0.007924506214789948
0.9852097630500793,0.11789524555206299,4.58186149597168,-0.02858220413327217,0.8156427145004272,-0.029827521073247612,-0.28747379779815674,0.3380383253097534,0.4418766498565674,0.9926692247390747,-1.0,38.32863998413086,False,0.0,0.10822709649801254,-0.11319808661937714,0.7724708914756775,0.0,-0.0034438955783843996,-0.00052819550037384,-0.01,-0.01397209107875824,0.0004766513593494892,False,False,recovery,-1.0,232,False,False,23.699999999997743,-0.34438955783843994,-0.0,0.0,0.0,0.0,0.0,0.0,-0.0,0.02204357985304406,0.0,-0.0,0.0,0.00757789434813763
0.983334481716156,0.11920188367366791,4.468443870544434,-0.02962265908718109,0.8119739890098572,-0.027943351311135435,-0.36457955837249756,0.2746485471725464,0.4464777708053589,0.9906067848205566,-1.0,38.32863998413086,False,0.0,0.10822709649801254,-0.11319808661937714,0.7724708914756775,0.0,-0.0034724855422973632,-0.00046547919511795086,-0.01,-0.013937964737415313,0.0004756292328238487,False,False,recovery,-1.0,233,False,False,23.799999999997688,-0.34724855422973633,-0.0,0.0,0.0,0.0,0.0,0.0,-0.0,0.021325843509534814,0.0,-0.0,0.0,0.007190436212470044
0.9843032360076904,0.11910394579172134,4.627094745635986,-0.026362426578998566,0.8135712146759033,-0.02132131945966017,-0.36302077770233154,0.19532859325408936,0.3821723461151123,0.9879701137542725,-1.0,38.32863998413086,False,0.0,0.10822709649801254,-0.11319808661937714,0.7724708914756775,0.0,-0.0032301950454711914,-0.0003799277544021609,-0.01,-0.013610122799873352,0.00047094887122511864,False,False,recovery,-1.0,234,False,False,23.899999999997632,-0.32301950454711914,-0.0,0.0,0.0,0.0,0.0,0.0,-0.0,0.020773740994942336,0.0,-0.0,0.0,0.007156675451999977
0.9772639274597168,0.11988195776939392,4.390239715576172,-0.030078591778874397,0.8094037175178528,-0.031783282981162994,-0.43050187826156616,0.19509780406951904,0.4189596176147461,0.9882705211639404,-1.0,38.32863998413086,False,0.0,0.10822709649801254,-0.11319808661937714,0.7724708914756775,0.0,-0.00343900203704834,-0.0003187781572341914,-0.01,-0.013757780194282532,0.00047292327508330345,False,False,recovery,-1.0,235,False,False,23.999999999997577,-0.343900203704834,-0.0,0.0,0.0,0.0,0.0,0.0,-0.0,0.02033961069294621,0.0,-0.0,0.0,0.006730803309424764
0.9814887642860413,0.11940860748291016,4.620818614959717,-0.026525817811489105,0.8132416605949402,-0.020783504662499883,-0.3995964527130127,0.11999344825744629,0.34283626079559326,0.9845421314239502,-1.0,38.32863998413086,False,0.0,0.10822709649801254,-0.11319808661937714,0.7724708914756775,0.0,-0.003152339160442352,-0.00027875334024429245,-0.01,-0.013431092500686645,0.00047186482697725296,False,False,recovery,-1.0,236,False,False,24.09999999999752,-0.31523391604423523,-0.0,0.0,0.0,0.0,0.0,0.0,-0.0,0.019981914124682643,0.0,-0.0,0.0,0.006838617901898969
0.9614049196243286,0.12118213623762131,4.003702640533447,-0.03881334140896797,0.8052421808242798,-0.044027221367511395,-0.48750370740890503,0.14580202102661133,0.410341739654541,0.98681640625,-1.0,38.32863998413086,False,0.0,0.10822709649801254,-0.11319808661937714,0.7724708914756775,0.0,-0.0035027626156806948,-0.00023975998163223294,-0.01,-0.013742522597312928,0.0004711938090622425,False,False,recovery,-1.0,237,False,False,24.199999999997466,-0.35027626156806946,-0.0,0.0,0.0,0.0,0.0,0.0,-0.0,0.019699366954935904,0.0,-0.0,0.0,0.006346920861787257
0.9758129119873047,0.11904218792915344,4.324736595153809,-0.02955416403710842,0.8077539801597595,-0.012418514273270063,-0.40939581394195557,-0.016937613487243652,0.2824040651321411,0.9763882160186768,-1.0,38.32863998413086,False,0.0,0.10822709649801254,-0.11319808661937714,0.7724708914756775,0.0,-0.0030024448037147522,-0.00018683284521102926,-0.01,-0.013189277648925782,0.0006340579129755497,False,False,recovery,-1.0,238,False,False,24.29999999999741,-0.3002444803714752,-0.0,0.0,0.0,0.0,0.0,0.0,-0.0,0.01952091505378606,0.0,-0.0,0.0,0.006758012723178277
0.968238115310669,0.12121738493442535,3.978585720062256,-0.03685818612575531,0.8024982810020447,-0.036660641447847774,-0.48017585277557373,0.054929375648498535,0.3282562494277954,0.9803533554077148,-1.0,38.32863998413086,False,0.0,0.10822709649801254,-0.11319808661937714,0.7724708914756775,0.0,-0.003256077468395233,-0.00011940836906433085,-0.01,-0.013375485837459565,0.0004709120839834213,False,False,recovery,-1.0,239,False,False,24.399999999997355,-0.3256077468395233,-0.0,0.0,0.0,0.0,0.0,0.0,-0.0,0.019476862041542864,0.0,-0.0,0.0,0.006482353552376198
0.9752678871154785,0.12185976654291153,4.003672122955322,-0.03905098885297775,0.8048012852668762,-0.028769720170140428,-0.40481114387512207,-0.03455466032028198,0.2441805601119995,0.9739480018615723,-1.0,38.32863998413086,False,0.0,0.10822709649801254,-0.11319808661937714,0.7724708914756775,0.0,-0.0029331624507904054,-0.00011750638484954792,-0.01,-0.013050668835639954,0.00047233887016773224,False,False,recovery,-1.0,240,False,False,24.4999999999973,-0.2933162450790405,-0.0,0.0,0.0,0.0,0.0,0.0,-0.0,0.01943620624888842,0.0,-0.0,0.0,0.006784940673653805
0.973780632019043,0.12279458343982697,3.658402442932129,-0.04701276868581772,0.801470160484314,-0.03679016332944915,-0.4832277297973633,-0.04997134208679199,0.30000174045562744,0.9745767116546631,-1.0,38.32863998413086,False,0.0,0.10822709649801254,-0.11319808661937714,0.7724708914756775,0.0,-0.0031895172595977784,-6.392985582351698e-05,-0.01,-0.013253447115421296,0.0006845579482614994,False,False,recovery,-1.0,241,False,False,24.599999999997245,-0.31895172595977783,-0.0,0.0,0.0,0.0,0.0,0.0,-0.0,0.019503402405001813,0.0,-0.0,0.0,0.006562183942903128
0.9676609039306641,0.12401449680328369,3.4926939010620117,-0.05303853005170822,0.8013047575950623,-0.033703672690526744,-0.46671056747436523,-0.1342775821685791,0.24100852012634277,0.9663629531860352,-1.0,38.32863998413086,False,0.0,0.10822709649801254,-0.11319808661937714,0.7724708914756775,0.0,-0.0030694791674613954,-1.891762018203791e-05,-0.01,-0.013088396787643434,0.0004766341298818588,False,False,recovery,-1.0,242,False,False,24.69999999999719,-0.3069479167461395,-0.0,0.0,0.0,0.0,0.0,0.0,-0.0,0.019662197181210983,0.0,-0.0,0.0,0.006761619423144096
0.9589709639549255,0.1260889619588852,3.060084819793701,-0.06298744678497314,0.7962009310722351,-0.03855887492903592,-0.5143668055534363,-0.18618923425674438,0.2583458423614502,0.9623563289642334,-1.0,38.32863998413086,False,0.0,0.10822709649801254,-0.11319808661937714,0.7724708914756775,0.0,-0.0032302796840667724,5.059719085693387e-05,-0.01,-0.01317968249320984,0.00046815071254968643,False,False,recovery,-1.0,243,False,False,24.799999999997134,-0.32302796840667725,-0.0,0.0,0.0,0.0,0.0,0.0,-0.0,0.019962976798311938,0.0,-0.0,0.0,0.006751208715089196
0.9587686061859131,0.12525177001953125,3.191073179244995,-0.059582266956567764,0.7975625991821289,-0.021225773019792886,-0.5024635195732117,-0.2811434864997864,0.21161139011383057,0.9477763175964355,-1.0,38.32863998413086,False,0.0,0.10822709649801254,-0.11319808661937714,0.7724708914756775,0.0,-0.0031864264607429503,0.00012294232845306424,-0.01,-0.013063484132289886,0.0004810299724340439,False,False,recovery,-1.0,244,False,False,24.89999999999708,-0.31864264607429504,-0.0,0.0,0.0,0.0,0.0,0.0,-0.0,0.02041301349167557,0.0,-0.0,0.0,0.007020080285094835
0.946957528591156,0.125258669257164,3.3473079204559326,-0.05567479133605957,0.7983352541923523,-0.02071119845064441,-0.5283370614051819,-0.23422092199325562,0.23809802532196045,0.9549388885498047,-1.0,38.32863998413086,False,0.0,0.10822709649801254,-0.11319808661937714,0.7724708914756775,0.0,-0.0032564961910247804,0.00016701400279998772,-0.01,-0.013089482188224793,0.000466903205960989,False,False,recovery,-1.0,245,False,False,24.999999999997023,-0.325649619102478,-0.0,0.0,0.0,0.0,0.0,0.0,-0.0,0.020956619605819737,0.0,-0.0,0.0,0.007221813611885088
0.9626593589782715,0.12457585334777832,3.5435099601745605,-0.050682757049798965,0.7999120950698853,-0.019084806274402018,-0.4951256513595581,-0.17023223638534546,0.23887264728546143,0.9650330543518066,-1.0,38.32863998413086,False,0.0,0.10822709649801254,-0.11319808661937714,0.7724708914756775,0.0,-0.003156193196773529,0.00012228190898895194,-0.01,-0.013033911287784578,0.0004679569974541664,False,False,recovery,-1.0,246,False,False,25.099999999996967,-0.3156193196773529,-0.0,0.0,0.0,0.0,0.0,0.0,-0.0,0.021415349830558594,0.0,-0.0,0.0,0.0075514817185057675
0.9676873683929443,0.12344023585319519,3.631901264190674,-0.047545794397592545,0.8005625009536743,-0.021334775931717544,-0.45691418647766113,-0.08756470680236816,0.24195635318756104,0.9733161926269531,-1.0,38.32863998413086,False,0.0,0.10822709649801254,-0.11319808661937714,0.7724708914756775,0.0,-0.0030558136105537414,4.867643117904656e-05,-0.01,-0.013007137179374694,0.00046533485874533653,False,False,recovery,-1.0,247,False,False,25.199999999996912,-0.30558136105537415,-0.0,0.0,0.0,0.0,0.0,0.0,-0.0,0.02172996290621354,0.0,-0.0,0.0,0.007809167842553029
0.9524493217468262,0.1255095899105072,3.3279337882995605,-0.05889827013015747,0.800726592540741,-0.04044757306016275,-0.410855770111084,-0.027999162673950195,0.22982966899871826,0.9774429798126221,-1.0,38.32863998413086,False,0.0,0.10822709649801254,-0.11319808661937714,0.7724708914756775,0.0,-0.0029445070028305056,-3.134876489639324e-05,-0.01,-0.012975855767726899,0.0004598456434905529,False,False,recovery,-1.0,248,False,False,25.299999999996857,-0.29445070028305054,-0.0,0.0,0.0,0.0,0.0,0.0,-0.0,0.021886154891824106,0.0,-0.0,0.0,0.007998570443081547
0.9463387727737427,0.12586453557014465,3.156099796295166,-0.06146173179149628,0.7977800965309143,-0.02869126107472913,-0.42809367179870605,-0.113003671169281,0.24420011043548584,0.9737095832824707,-1.0,38.32863998413086,False,0.0,0.10822709649801254,-0.11319808661937714,0.7724708914756775,0.0,-0.0030094453692436217,-4.044979810714777e-05,-0.01,-0.01304989516735077,0.0004711281508207321,False,False,recovery,-1.0,249,False,False,25.3999999999968,-0.3009445369243622,-0.0,0.0,0.0,0.0,0.0,0.0,-0.0,0.02202553588256695,0.0,-0.0,0.0,0.008003322572039853
0.9507489204406738,0.12499859929084778,3.1982128620147705,-0.060003433376550674,0.7984511256217957,-0.023435399727082792,-0.4190515875816345,-0.1521850824356079,0.2095956802368164,0.9683377742767334,-1.0,38.32863998413086,False,0.0,0.10822709649801254,-0.11319808661937714,0.7724708914756775,0.0,-0.0029509320855140688,2.444148063659654e-05,-0.01,-0.012926490604877473,0.00047628115862607956,False,False,recovery,-1.0,250,False,False,25.499999999996746,-0.29509320855140686,-0.0,0.0,0.0,0.0,0.0,0.0,-0.0,0.022297355483007264,0.0,-0.0,0.0,0.008197745655989564
0.9347063302993774,0.1263047754764557,2.811490058898926,-0.06942782551050186,0.7949676513671875,-0.037106370801510906,-0.43240630626678467,-0.12899774312973022,0.21426808834075928,0.9695019721984863,-1.0,38.32863998413086,False,0.0,0.10822709649801254,-0.11319808661937714,0.7724708914756775,0.0,-0.0029736512899398806,4.497438669204788e-05,-0.01,-0.012928676903247832,0.0006896397098898888,False,False,recovery,-1.0,251,False,False,25.59999999999669,-0.29736512899398804,-0.0,0.0,0.0,0.0,0.0,0.0,-0.0,0.022613431789038185,0.0,-0.0,0.0,0.008333064604579212
0.9473540782928467,0.12456640601158142,3.283785581588745,-0.05686261132359505,0.7983096837997437,-0.009471133356425573,-0.4099053144454956,-0.2091519832611084,0.17725110054016113,0.9601645469665527,-1.0,38.32863998413086,False,0.0,0.10822709649801254,-0.11319808661937714,0.7724708914756775,0.0,-0.0029127520322799684,6.693840026855517e-05,-0.01,-0.012845813632011413,0.00047292793169617653,False,False,recovery,-1.0,252,False,False,25.699999999996635,-0.2912752032279968,-0.0,0.0,0.0,0.0,0.0,0.0,-0.0,0.02297707405805649,0.0,-0.0,0.0,0.008575784996748277
0.9249991178512573,0.12654133141040802,3.143110513687134,-0.06084379181265831,0.7960956692695618,-0.030604978314498973,-0.4185980558395386,-0.0800098180770874,0.2060173749923706,0.972786545753479,-1.0,38.32863998413086,False,0.0,0.10822709649801254,-0.11319808661937714,0.7724708914756775,0.0,-0.0029259568452835085,6.329089403152473e-05,-0.01,-0.012862665951251984,0.0004605860449373722,False,False,recovery,-1.0,253,False,False,25.79999999999658,-0.29259568452835083,-0.0,0.0,0.0,0.0,0.0,0.0,-0.0,0.023337044334207246,0.0,-0.0,0.0,0.008742565321820115
0.9130145907402039,0.12696406245231628,3.0807995796203613,-0.06145689636468887,0.7944167256355286,-0.02597569512453534,-0.34522902965545654,-0.09999555349349976,0.17457044124603271,0.9727785587310791,-1.0,38.32863998413086,False,0.0,0.10822709649801254,-0.11319808661937714,0.7724708914756775,0.0,-0.002764887809753418,-7.637441158295233e-06,-0.01,-0.012772525250911713,0.0004776720888912678,False,False,recovery,-1.0,254,False,False,25.899999999996524,-0.2764887809753418,-0.0,0.0,0.0,0.0,0.0,0.0,-0.0,0.023557349686332274,0.0,-0.0,0.0,0.00901378703341272
0.896438717842102,0.12755636870861053,2.9834837913513184,-0.06422987580299377,0.7936779260635376,-0.0285913883877923,-0.3179129362106323,-0.10576605796813965,0.15239763259887695,0.9718294143676758,-1.0,38.32863998413086,False,0.0,0.10822709649801254,-0.11319808661937714,0.7724708914756775,0.0,-0.002699831426143646,-6.842613220221089e-07,-0.01,-0.012700515687465668,0.00045994482934474945,False,False,recovery,-1.0,255,False,False,25.99999999999647,-0.2699831426143646,-0.0,0.0,0.0,0.0,0.0,0.0,-0.0,0.023793887939161262,0.0,-0.0,0.0,0.009197112543436985
0.9245519638061523,0.12592239677906036,3.1579575538635254,-0.05938968062400818,0.7957059144973755,-0.018864870811454992,-0.3168734312057495,-0.12575215101242065,0.14881908893585205,0.9704852104187012,-1.0,38.32863998413086,False,0.0,0.10822709649801254,-0.11319808661937714,0.7724708914756775,0.0,-0.0027005276083946228,1.2206435203552732e-05,-0.01,-0.01268832117319107,0.00046594906598329544,False,False,recovery,-1.0,256,False,False,26.099999999996413,-0.2700527608394623,-0.0,0.0,0.0,0.0,0.0,0.0,-0.0,0.02405892379056096,0.0,-0.0,0.0,0.009328934286885858
0.8807116746902466,0.126535564661026,3.003443479537964,-0.06257767975330353,0.7936453223228455,-0.029174137537239395,-0.32126307487487793,-0.06276065111160278,0.15872251987457275,0.9743536710739136,-1.0,38.32863998413086,False,0.0,0.10822709649801254,-0.11319808661937714,0.7724708914756775,0.0,-0.002704266905784607,-1.8349289894106086e-06,-0.01,-0.012706101834774018,0.0004754546098411083,False,False,recovery,-1.0,257,False,False,26.199999999996358,-0.2704266905784607,-0.0,0.0,0.0,0.0,0.0,0.0,-0.0,0.02429820416107964,0.0,-0.0,0.0,0.009444835174755212
0.9077469110488892,0.12583228945732117,3.191162586212158,-0.05780751258134842,0.7952100038528442,-0.01894079788530071,-0.2769792079925537,-0.0873684287071228,0.12792658805847168,0.9731197357177734,-1.0,38.32863998413086,False,0.0,0.10822709649801254,-0.11319808661937714,0.7724708914756775,0.0,-0.002619194686412811,-3.274232149124215e-05,-0.01,-0.012651937007904054,0.00047138892114162445,False,False,recovery,-1.0,258,False,False,26.299999999996302,-0.26191946864128113,-0.0,0.0,0.0,0.0,0.0,0.0,-0.0,0.024477507283136135,0.0,-0.0,0.0,0.009619558955155257
0.8767126798629761,0.12730854749679565,3.340668201446533,-0.05545997619628906,0.795871376991272,-0.022225425733175187,-0.27515363693237305,-0.03228694200515747,0.13912057876586914,0.9766409397125244,-1.0,38.32863998413086,False,0.0,0.10822709649801254,-0.11319808661937714,0.7724708914756775,0.0,-0.0026248350739479067,-4.544049501419012e-05,-0.01,-0.012670275568962098,0.00046243099495768547,False,False,recovery,-1.0,259,False,False,26.399999999996247,-0.26248350739479065,-0.0,0.0,0.0,0.0,0.0,0.0,-0.0,0.024632995809887426,0.0,-0.0,0.0,0.009691662830995807
0.9018783569335938,0.12638190388679504,3.3856735229492188,-0.05450854450464249,0.7971967458724976,-0.02378278996416399,-0.25715041160583496,-0.0033364295959472656,0.1591050624847412,0.9807415008544922,-1.0,38.32863998413086,False,0.0,0.10822709649801254,-0.11319808661937714,0.7724708914756775,0.0,-0.0026332643628120423,-9.540140628814739e-05,-0.01,-0.01272866576910019,0.00046445196494460106,False,False,recovery,-1.0,260,False,False,26.49999999999619,-0.2633264362812042,-0.0,0.0,0.0,0.0,0.0,0.0,-0.0,0.024689031574129716,0.0,-0.0,0.0,0.009711251424252816
0.8981533050537109,0.1252896636724472,3.498539686203003,-0.05112698674201965,0.79829341173172,-0.020631176521304848,-0.25757932662963867,0.021067023277282715,0.17237114906311035,0.9816381931304932,-1.0,38.32863998413086,False,0.0,0.10822709649801254,-0.11319808661937714,0.7724708914756775,0.0,-0.0026502907276153564,-0.0001306444406509403,-0.01,-0.012780935168266297,0.0007173367775976658,False,False,recovery,-1.0,261,False,False,26.599999999996136,-0.26502907276153564,-0.0,0.0,0.0,0.0,0.0,0.0,-0.0,0.02467453822147747,0.0,-0.0,0.0,0.009686978383123379
0.8899065256118774,0.1266847848892212,3.3054304122924805,-0.056254856288433075,0.7962328791618347,-0.03197028317854013,-0.2529489994049072,0.058032989501953125,0.17988860607147217,0.9834346771240234,-1.0,38.32863998413086,False,0.0,0.10822709649801254,-0.11319808661937714,0.7724708914756775,0.0,-0.002667136788368225,-0.00016653746366500875,-0.01,-0.012833674252033234,0.0004679751582443714,False,False,recovery,-1.0,262,False,False,26.69999999999608,-0.2667136788368225,-0.0,0.0,0.0,0.0,0.0,0.0,-0.0,0.024587318971110994,0.0,-0.0,0.0,0.009626522697187272
0.893321692943573,0.1252453774213791,3.303182601928711,-0.05453859642148018,0.7958886027336121,-0.022693606723086734,-0.2215714454650879,-0.00018292665481567383,0.1495811939239502,0.9805405139923096,-1.0,38.32863998413086,False,0.0,0.10822709649801254,-0.11319808661937714,0.7724708914756775,0.0,-0.002582320272922516,-0.0001676061749458311,-0.01,-0.012749926447868348,0.00047896383330225945,False,False,recovery,-1.0,263,False,False,26.799999999996025,-0.2582320272922516,-0.0,0.0,0.0,0.0,0.0,0.0,-0.0,0.02449707359578912,0.0,-0.0,0.0,0.009666216524972043
0.893174946308136,0.12479797750711441,3.4331116676330566,-0.05180337280035019,0.7974986433982849,-0.021469339249801093,-0.23155122995376587,0.0036826133728027344,0.1347273588180542,0.9791516065597534,-1.0,38.32863998413086,False,0.0,0.10822709649801254,-0.11319808661937714,0.7724708914756775,0.0,-0.002576296925544739,-0.00013174980878829894,-0.01,-0.012708046734333038,0.0004701889120042324,False,False,recovery,-1.0,264,False,False,26.89999999999597,-0.2576296925544739,-0.0,0.0,0.0,0.0,0.0,0.0,-0.0,0.024478341517368607,0.0,-0.0,0.0,0.009662873833139565
0.8959406614303589,0.1259787380695343,3.3880844116210938,-0.05348128452897072,0.7966449856758118,-0.0274574175725793,-0.2533862590789795,0.03316760063171387,0.1621619462966919,0.981224775314331,-1.0,38.32863998413086,False,0.0,0.10822709649801254,-0.11319808661937714,0.7724708914756775,0.0,-0.0026360079646110535,-0.00014333993196487434,-0.01,-0.012779347896575928,0.0004777810536324978,False,False,recovery,-1.0,265,False,False,26.999999999995914,-0.26360079646110535,-0.0,0.0,0.0,0.0,0.0,0.0,-0.0,0.024436031708653605,0.0,-0.0,0.0,0.009582007889715749
0.8867666125297546,0.12560106813907623,3.6065921783447266,-0.047743044793605804,0.7978396415710449,-0.01753378040954958,-0.23290401697158813,0.012612462043762207,0.153450608253479,0.9804642200469971,-1.0,38.32863998413086,False,0.0,0.10822709649801254,-0.11319808661937714,0.7724708914756775,0.0,-0.0025981512665748598,-0.00015407443046569838,-0.01,-0.012752225697040558,0.00046406732872128487,False,False,recovery,-1.0,266,False,False,27.09999999999586,-0.25981512665748596,-0.0,0.0,0.0,0.0,0.0,0.0,-0.0,0.024371599779987374,0.0,-0.0,0.0,0.009587648623418828
0.906289279460907,0.12408517301082611,3.827070713043213,-0.04205341264605522,0.8002802729606628,-0.017408826711483458,-0.24284356832504272,0.06061899662017822,0.17342841625213623,0.9833738803863525,-1.0,38.32863998413086,False,0.0,0.10822709649801254,-0.11319808661937714,0.7724708914756775,0.0,-0.0026493734121322632,-0.00016310513019561837,-0.01,-0.012812478542327883,0.0004780599847435951,False,False,recovery,-1.0,267,False,False,27.199999999995804,-0.2649373412132263,-0.0,0.0,0.0,0.0,0.0,0.0,-0.0,0.02428826226633618,0.0,-0.0,0.0,0.009494757721035828
0.8879730105400085,0.12527236342430115,3.4596734046936035,-0.05104054510593414,0.7970582842826843,-0.03750316870203732,-0.24572229385375977,0.12621665000915527,0.20138764381408691,0.9862635135650635,-1.0,38.32863998413086,False,0.0,0.10822709649801254,-0.11319808661937714,0.7724708914756775,0.0,-0.0027239570021629334,-0.00022290676832199124,-0.01,-0.012946863770484925,0.0004874821752309799,False,False,recovery,-1.0,268,False,False,27.299999999995748,-0.27239570021629333,-0.0,0.0,0.0,0.0,0.0,0.0,-0.0,0.024083285842922852,0.0,-0.0,0.0,0.009317685919298492
0.8978248238563538,0.1251809149980545,3.404996156692505,-0.053217049688100815,0.7976859211921692,-0.02791783463564628,-0.19924843311309814,0.028838753700256348,0.14417386054992676,0.9816315174102783,-1.0,38.32863998413086,False,0.0,0.10822709649801254,-0.11319808661937714,0.7724708914756775,0.0,-0.0025622951984405518,-0.00022651404142379726,-0.01,-0.012788809239864349,0.00048625003546476364,False,False,recovery,-1.0,269,False,False,27.399999999995693,-0.2562295198440552,-0.0,0.0,0.0,0.0,0.0,0.0,-0.0,0.02386896328722976,0.0,-0.0,0.0,0.009372186445174329
0.9082859754562378,0.12425845861434937,3.5419833660125732,-0.047329649329185486,0.7968305945396423,-0.017315345754086067,-0.26463770866394043,-0.006300449371337891,0.1662818193435669,0.9791769981384277,-1.0,38.32863998413086,False,0.0,0.10822709649801254,-0.11319808661937714,0.7724708914756775,0.0,-0.002641275227069855,-0.00014893770217895563,-0.01,-0.01279021292924881,0.0004735332913696766,False,False,recovery,-1.0,270,False,False,27.499999999995637,-0.2641275227069855,-0.0,0.0,0.0,0.0,0.0,0.0,-0.0,0.02380919895809741,0.0,-0.0,0.0,0.00926332425197885
0.9193089008331299,0.12449316680431366,3.63348388671875,-0.04684745520353317,0.7988587021827698,-0.02456411755079848,-0.2420893907546997,0.03249549865722656,0.14392590522766113,0.979999303817749,-1.0,38.32863998413086,False,0.0,0.10822709649801254,-0.11319808661937714,0.7724708914756775,0.0,-0.002601941227912903,-0.00013497829437255845,-0.01,-0.01273691952228546,0.0006860257126390934,False,False,recovery,-1.0,271,False,False,27.599999999995582,-0.2601941227912903,-0.0,0.0,0.0,0.0,0.0,0.0,-0.0,0.023776983746211733,0.0,-0.0,0.0,0.009286550645192963
0.8983548879623413,0.12485708296298981,3.635376214981079,-0.04588399454951286,0.7975881099700928,-0.02401372201516374,-0.2654879093170166,0.049573659896850586,0.1828368902206421,0.9819765090942383,-1.0,38.32863998413086,False,0.0,0.10822709649801254,-0.11319808661937714,0.7724708914756775,0.0,-0.002676621675491333,-0.00016502976417541448,-0.01,-0.012841651439666748,0.0004909010604023933,False,False,recovery,-1.0,272,False,False,27.699999999995526,-0.2676621675491333,-0.0,0.0,0.0,0.0,0.0,0.0,-0.0,0.023683781567190754,0.0,-0.0,0.0,0.009165269108104043
0.8800837397575378,0.12457922101020813,3.5075559616088867,-0.04726392775774002,0.7954112887382507,-0.027029659169870525,-0.2342035174369812,0.04612743854522705,0.15886938571929932,0.9820117950439453,-1.0,38.32863998413086,False,0.0,0.10822709649801254,-0.11319808661937714,0.7724708914756775,0.0,-0.0026164141297340395,-0.00017692595720291207,-0.01,-0.012793340086936951,0.00047724926844239235,False,False,recovery,-1.0,273,False,False,27.79999999999547,-0.26164141297340393,-0.0,0.0,0.0,0.0,0.0,0.0,-0.0,0.023565599201741394,0.0,-0.0,0.0,0.009166385471136657
0.8336170315742493,0.12703217566013336,3.211313486099243,-0.0560862235724926,0.7928933501243591,-0.03688370557787296,-0.203804612159729,0.016300678253173828,0.11371743679046631,0.9795629978179932,-1.0,38.32863998413086,False,0.0,0.10822709649801254,-0.11319808661937714,0.7724708914756775,0.0,-0.002535693347454071,-0.00016243845224380576,-0.01,-0.012698131799697877,0.00047155609354376793,False,False,recovery,-1.0,274,False,False,27.899999999995416,-0.2535693347454071,-0.0,0.0,0.0,0.0,0.0,0.0,-0.0,0.023475446783820852,0.0,-0.0,0.0,0.009202030044456355
0.8744310736656189,0.1264040619134903,3.253732204437256,-0.055267609655857086,0.7939754128456116,-0.023893316870810404,-0.22560757398605347,-0.08665382862091064,0.10427200794219971,0.9741048812866211,-1.0,38.32863998413086,False,0.0,0.10822709649801254,-0.11319808661937714,0.7724708914756775,0.0,-0.002545401453971863,-9.755045175552368e-05,-0.01,-0.012642951905727387,0.0004781619645655155,False,False,recovery,-1.0,275,False,False,27.99999999999536,-0.2545401453971863,-0.0,0.0,0.0,0.0,0.0,0.0,-0.0,0.023515481806851257,0.0,-0.0,0.0,0.009212339449453766
0.8674310445785522,0.12589657306671143,3.2364633083343506,-0.0548628568649292,0.7935600876808167,-0.024518668312908172,-0.2790842056274414,-0.08034640550613403,0.12617158889770508,0.9730050563812256,-1.0,38.32863998413086,False,0.0,0.10822709649801254,-0.11319808661937714,0.7724708914756775,0.0,-0.002617504298686981,-2.956628799438525e-05,-0.01,-0.012647070586681367,0.0004660901613533497,False,False,recovery,-1.0,276,False,False,28.099999999995305,-0.2617504298686981,-0.0,0.0,0.0,0.0,0.0,0.0,-0.0,0.023693323588707904,0.0,-0.0,0.0,0.009229157495666971
0.9187675714492798,0.1240205392241478,3.4746322631835938,-0.04785794019699097,0.795576274394989,-0.015726655406176134,-0.2689845561981201,-0.0710674524307251,0.11387968063354492,0.973271369934082,-1.0,38.32863998413086,False,0.0,0.10822709649801254,-0.11319808661937714,0.7724708914756775,0.0,-0.0025940725207328798,-3.051429986953777e-05,-0.01,-0.012624586820602418,0.00046751508489251137,False,False,recovery,-1.0,277,False,False,28.19999999999525,-0.25940725207328796,-0.0,0.0,0.0,0.0,0.0,0.0,-0.0,0.023870996681688572,0.0,-0.0,0.0,0.009341425820111406
0.9113585352897644,0.12468492239713669,3.436826229095459,-0.049980223178863525,0.7958999872207642,-0.0280334465869845,-0.25274598598480225,0.014491558074951172,0.12065243721008301,0.9778838157653809,-1.0,38.32863998413086,False,0.0,0.10822709649801254,-0.11319808661937714,0.7724708914756775,0.0,-0.002587260603904724,-7.43609666824345e-05,-0.01,-0.012661621570587159,0.0004738038405776024,False,False,recovery,-1.0,278,False,False,28.299999999995194,-0.2587260603904724,-0.0,0.0,0.0,0.0,0.0,0.0,-0.0,0.023961867343724075,0.0,-0.0,0.0,0.009393673067957313
0.9156946539878845,0.12456855177879333,3.69758939743042,-0.04538281261920929,0.799241840839386,-0.018991536962489387,-0.2302122712135315,0.011021018028259277,0.1250922679901123,0.9790364503860474,-1.0,38.32863998413086,False,0.0,0.10822709649801254,-0.11319808661937714,0.7724708914756775,0.0,-0.0025681990385055544,-0.0001316112279891972,-0.01,-0.012699810266494752,0.00048778532072901726,False,False,recovery,-1.0,279,False,False,28.39999999999514,-0.2568199038505554,-0.0,0.0,0.0,0.0,0.0,0.0,-0.0,0.023938066896816657,0.0,-0.0,0.0,0.009400834409902773
0.8797394037246704,0.12631788849830627,3.335012197494507,-0.055641788989305496,0.7968741655349731,-0.038951528284627876,-0.273803174495697,0.0671999454498291,0.18816423416137695,0.9835518598556519,-1.0,38.32863998413086,False,0.0,0.10822709649801254,-0.11319808661937714,0.7724708914756775,0.0,-0.0027056601643562317,-0.00015999317169189398,-0.01,-0.012865653336048126,0.0004749526269733906,False,False,recovery,-1.0,280,False,False,28.499999999995083,-0.27056601643562317,-0.0,0.0,0.0,0.0,0.0,0.0,-0.0,0.023856606212665166,0.0,-0.0,0.0,0.00922264294197635
0.8572401404380798,0.12664580345153809,3.436838150024414,-0.05070585757493973,0.7946650981903076,-0.018733147879952228,-0.2565075159072876,-0.03580820560455322,0.155248761177063,0.9788942337036133,-1.0,38.32863998413086,False,0.0,0.10822709649801254,-0.11319808661937714,0.7724708914756775,0.0,-0.0026235359907150267,-0.0001528295874595638,-0.01,-0.012776365578174591,0.0007362072356045246,False,False,recovery,-1.0,281,False,False,28.599999999995028,-0.2623535990715027,-0.0,0.0,0.0,0.0,0.0,0.0,-0.0,0.023788858422465697,0.0,-0.0,0.0,0.009270893220517822
0.8326908349990845,0.12756086885929108,3.106874704360962,-0.059252165257930756,0.7923974394798279,-0.03618636388694327,-0.23916929960250854,-0.023878157138824463,0.12250936031341553,0.9788278341293335,-1.0,38.32863998413086,False,0.0,0.10822709649801254,-0.11319808661937714,0.7724708914756775,0.0,-0.002577211558818817,-9.247899055481006e-05,-0.01,-0.012669690549373627,0.0004887138493359089,False,False,recovery,-1.0,282,False,False,28.699999999994972,-0.2577211558818817,-0.0,0.0,0.0,0.0,0.0,0.0,-0.0,0.023842303473078585,0.0,-0.0,0.0,0.009343940177720476
0.8644068837165833,0.12663887441158295,3.211883544921875,-0.05638702213764191,0.7936045527458191,-0.021264959394801303,-0.24596762657165527,-0.1068946123123169,0.1050485372543335,0.9729485511779785,-1.0,38.32863998413086,False,0.0,0.10822709649801254,-0.11319808661937714,0.7724708914756775,0.0,-0.002573976516723633,-5.728214979171774e-05,-0.01,-0.012631258666515351,0.0004689022898674011,False,False,recovery,-1.0,283,False,False,28.799999999994917,-0.2573976516723633,-0.0,0.0,0.0,0.0,0.0,0.0,-0.0,0.02396739951149074,0.0,-0.0,0.0,0.009409723239021736
0.8708356022834778,0.12708544731140137,3.364316463470459,-0.05333778262138367,0.7946817278862,-0.021202606857282424,-0.27861571311950684,-0.07723057270050049,0.11937940120697021,0.9738655090332031,-1.0,38.32863998413086,False,0.0,0.10822709649801254,-0.11319808661937714,0.7724708914756775,0.0,-0.0026156419515609743,-1.4772415161132604e-05,-0.01,-0.012630414366722107,0.00046361004933714867,False,False,recovery,-1.0,284,False,False,28.89999999999486,-0.2615641951560974,-0.0,0.0,0.0,0.0,0.0,0.0,-0.0,0.0241796998684648,0.0,-0.0,0.0,0.009474207982671425
0.8719391822814941,0.1269153356552124,3.181974172592163,-0.05762328952550888,0.7936670780181885,-0.030583313873370432,-0.26448607444763184,-0.03694385290145874,0.13035058975219727,0.9777321815490723,-1.0,38.32863998413086,False,0.0,0.10822709649801254,-0.11319808661937714,0.7724708914756775,0.0,-0.002610673010349274,-4.707872867584263e-05,-0.01,-0.012657751739025117,0.0004847021773457527,False,False,recovery,-1.0,285,False,False,28.999999999994806,-0.26106730103492737,-0.0,0.0,0.0,0.0,0.0,0.0,-0.0,0.02432881157117639,0.0,-0.0,0.0,0.00955373277523892
0.8275960683822632,0.12799689173698425,2.8115274906158447,-0.06684230268001556,0.7906911373138428,-0.03658357287107371,-0.24534738063812256,-0.06430494785308838,0.11234652996063232,0.9754014015197754,-1.0,38.32863998413086,False,0.0,0.10822709649801254,-0.11319808661937714,0.7724708914756775,0.0,-0.002570900321006775,-6.446480751037646e-05,-0.01,-0.012635365128517151,0.00046766968443989754,False,False,recovery,-1.0,286,False,False,29.09999999999475,-0.2570900321006775,-0.0,0.0,0.0,0.0,0.0,0.0,-0.0,0.024444318599929016,0.0,-0.0,0.0,0.009651258978957734
0.7931870818138123,0.12836185097694397,2.7168524265289307,-0.06915391981601715,0.7897975444793701,-0.030254830798662036,-0.2571585178375244,-0.15657734870910645,0.09182608127593994,0.9678168296813965,-1.0,38.32863998413086,False,0.0,0.10822709649801254,-0.11319808661937714,0.7724708914756775,0.0,-0.0025893709063529967,-8.010566234587999e-06,-0.01,-0.012597381472587585,0.0004700981080532074,False,False,recovery,-1.0,287,False,False,29.199999999994695,-0.2589370906352997,-0.0,0.0,0.0,0.0,0.0,0.0,-0.0,0.024675062443489826,0.0,-0.0,0.0,0.009748160315391916
0.8249362707138062,0.127324640750885,2.8300750255584717,-0.06557005643844604,0.790647566318512,-0.01796231198406268,-0.29306381940841675,-0.18472141027450562,0.09268665313720703,0.9651485681533813,-1.0,38.32863998413086,False,0.0,0.10822709649801254,-0.11319808661937714,0.7724708914756775,0.0,-0.002650277316570282,6.996631622314432e-05,-0.01,-0.012580311000347138,0.0004729917272925377,False,False,recovery,-1.0,288,False,False,29.29999999999464,-0.2650277316570282,-0.0,0.0,0.0,0.0,0.0,0.0,-0.0,0.025065633809993937,0.0,-0.0,0.0,0.009882539588426687
0.8038834929466248,0.127255380153656,2.78916597366333,-0.06799782067537308,0.7919173240661621,-0.027908596985021503,-0.2880597710609436,-0.1343122124671936,0.09108960628509521,0.9683024883270264,-1.0,38.32863998413086,False,0.0,0.10822709649801254,-0.11319808661937714,0.7724708914756775,0.0,-0.0026173132658004763,7.39732384681703e-05,-0.01,-0.012543340027332307,0.0004887008108198643,False,False,recovery,-1.0,289,False,False,29.399999999994584,-0.2617313265800476,-0.0,0.0,0.0,0.0,0.0,0.0,-0.0,0.02546826551568382,0.0,-0.0,0.0,0.010116819492041433
0.8150314092636108,0.12765026092529297,3.0873806476593018,-0.06190513074398041,0.7943761944770813,-0.017510768758684785,-0.29207271337509155,-0.12775784730911255,0.10601532459259033,0.9708243608474731,-1.0,38.32863998413086,False,0.0,0.10822709649801254,-0.11319808661937714,0.7724708914756775,0.0,-0.002638419270515442,3.850221633911084e-05,-0.01,-0.012599917054176332,0.0004792739637196064,False,False,recovery,-1.0,290,False,False,29.49999999999453,-0.2638419270515442,-0.0,0.0,0.0,0.0,0.0,0.0,-0.0,0.025803315968763396,0.0,-0.0,0.0,0.010263238713866255
0.8267355561256409,0.12770302593708038,2.859668254852295,-0.06716099381446838,0.7927479147911072,-0.0314979903298723,-0.28233039379119873,-0.05257153511047363,0.13119292259216309,0.9781537055969238,-1.0,38.32863998413086,False,0.0,0.10822709649801254,-0.11319808661937714,0.7724708914756775,0.0,-0.002641175985336304,-4.833042621612063e-06,-0.01,-0.012646009027957917,0.0007340721786022186,False,False,recovery,-1.0,291,False,False,29.599999999994473,-0.26411759853363037,-0.0,0.0,0.0,0.0,0.0,0.0,-0.0,0.026054168202966466,0.0,-0.0,0.0,0.010385908116146928
0.8443754315376282,0.12754252552986145,2.923542022705078,-0.06567639112472534,0.7933400273323059,-0.023060603201725198,-0.2391006350517273,-0.08237391710281372,0.10259032249450684,0.9753947257995605,-1.0,38.32863998413086,False,0.0,0.10822709649801254,-0.11319808661937714,0.7724708914756775,0.0,-0.002564685344696045,-4.6065747737885146e-05,-0.01,-0.01261075109243393,0.0004704846069216728,False,False,recovery,-1.0,292,False,False,29.699999999994418,-0.2564685344696045,-0.0,0.0,0.0,0.0,0.0,0.0,-0.0,0.026224306183327828,0.0,-0.0,0.0,0.010547467746967869
0.835588276386261,0.12717613577842712,3.0834057331085205,-0.06350338459014893,0.7963293194770813,-0.022199779818702872,-0.2416013479232788,-0.06208992004394531,0.10816800594329834,0.9763932228088379,-1.0,38.32863998413086,False,0.0,0.10822709649801254,-0.11319808661937714,0.7724708914756775,0.0,-0.0025681760907173157,-4.0513873100280276e-05,-0.01,-0.012608689963817596,0.00047675613313913345,False,False,recovery,-1.0,293,False,False,29.799999999994363,-0.25681760907173157,-0.0,0.0,0.0,0.0,0.0,0.0,-0.0,0.02640734896409147,0.0,-0.0,0.0,0.01063549839132842
0.7956874370574951,0.12784869968891144,2.8865842819213867,-0.06659353524446487,0.7928422689437866,-0.02887746681673698,-0.2734912633895874,-0.02134650945663452,0.15279877185821533,0.9804818630218506,-1.0,38.32863998413086,False,0.0,0.10822709649801254,-0.11319808661937714,0.7724708914756775,0.0,-0.002649863362312317,-7.335275411605828e-05,-0.01,-0.012723216116428376,0.00046604685485363007,False,False,recovery,-1.0,294,False,False,29.899999999994307,-0.2649863362312317,-0.0,0.0,0.0,0.0,0.0,0.0,-0.0,0.026525915644899256,0.0,-0.0,0.0,0.01061309446013731
0.8664844036102295,0.12780040502548218,3.0109145641326904,-0.0642254650592804,0.7942523956298828,-0.02195575693092132,-0.20980894565582275,-0.06011992692947388,0.09443974494934082,0.9778859615325928,-1.0,38.32863998413086,False,0.0,0.10822709649801254,-0.11319808661937714,0.7724708914756775,0.0,-0.0025320351123809814,-8.65143537521363e-05,-0.01,-0.012618549466133118,0.0004866980016231537,False,False,recovery,-1.0,295,False,False,29.99999999999425,-0.25320351123809814,-0.0,0.0,0.0,0.0,0.0,0.0,-0.0,0.02661905375169693,0.0,-0.0,0.0,0.010777491763467484
0.7566320300102234,0.12986336648464203,2.505187511444092,-0.07571077346801758,0.7885029315948486,-0.05741363812477398,-0.22063612937927246,-0.029783308506011963,0.1134195327758789,0.9785668849945068,-1.0,38.32863998413086,False,0.0,0.10822709649801254,-0.11319808661937714,0.7724708914756775,0.0,-0.002550061345100403,-7.647663354873671e-05,-0.01,-0.01262653797864914,0.0004778490401804447,False,False,recovery,-1.0,296,False,False,30.099999999994196,-0.2550061345100403,-0.0,0.0,0.0,0.0,0.0,0.0,-0.0,0.02673342066259521,0.0,-0.0,0.0,0.010816648986197202
0.767895519733429,0.12903210520744324,2.7748398780822754,-0.07049961388111115,0.7922126054763794,0.0002261484819073168,-0.18391156196594238,-0.16330134868621826,0.05412280559539795,0.9696969985961914,-1.0,38.32863998413086,False,0.0,0.10822709649801254,-0.11319808661937714,0.7724708914756775,0.0,-0.0025093311071395876,-3.252655267715551e-05,-0.01,-0.012541857659816743,0.0004980750381946564,False,False,recovery,-1.0,297,False,False,30.19999999999414,-0.25093311071395874,-0.0,0.0,0.0,0.0,0.0,0.0,-0.0,0.026937790079365365,0.0,-0.0,0.0,0.010959563932543095
0.6680638194084167,0.13113783299922943,2.3201026916503906,-0.08252014219760895,0.7884852886199951,-0.0578237797511274,-0.2698071002960205,-0.10346835851669312,0.11059403419494629,0.9748611450195312,-1.0,38.32863998413086,False,0.0,0.10822709649801254,-0.11319808661937714,0.7724708914756775,0.0,-0.0026152169704437254,3.44887375831604e-05,-0.01,-0.012580728232860565,0.00047124410048127174,False,False,recovery,-1.0,298,False,False,30.299999999994085,-0.26152169704437256,-0.0,0.0,0.0,0.0,0.0,0.0,-0.0,0.027279531591111184,0.0,-0.0,0.0,0.011024548825111866
0.6258708238601685,0.1285703033208847,2.5243711471557617,-0.07714387774467468,0.7918046116828918,0.0005629884786985864,-0.2546682357788086,-0.21781450510025024,0.07947516441345215,0.9678094387054443,-1.0,38.32863998413086,False,0.0,0.10822709649801254,-0.11319808661937714,0.7724708914756775,0.0,-0.0026381760835647583,5.608826875686673e-05,-0.01,-0.012582087814807892,0.0004712040536105633,False,False,recovery,-1.0,299,False,False,30.39999999999403,-0.26381760835647583,-0.0,0.0,0.0,0.0,0.0,0.0,-0.0,0.027668421322797676,0.0,-0.0,0.0,0.01119603457783408
0.5840908885002136,0.12926247715950012,2.490774631500244,-0.0778040885925293,0.7907647490501404,-11.232888717921826,-0.32528960704803467,-0.14987599849700928,0.11535465717315674,0.9738807678222656,-1.0,38.32863998413086,False,0.0,0.10822709649801254,-0.11319808661937714,0.7724708914756775,0.0,-10.002725066542625,-0.013834208250045776,-0.01,-10.026559274792671,0.0004679192788898945,False,False,recovery,-1.0,300,False,False,30.499999999993975,-0.2725066542625427,-0.0,0.0,-1.0,0.0,0.0,0.0,-0.0,0.028159503233520455,0.0,-0.0,0.0,-9.988645314925865
