Q_actual_observation_held_probability,Q_actual_observation_x,Q_actual_observation_xyz_mae_cm,Q_actual_observation_y,Q_actual_observation_z,Q_observed_supported_reward,action_dx,action_dy,action_dyaw,action_dz,action_gripper,actual_goal_distance_cm,actual_held,actual_lift_cm,actual_object_x,actual_object_y,actual_object_z,control_component_goal,control_component_penalties,control_component_progress,control_component_time,control_reward,decision_seconds,obstacle_contact,step,table_contact,task_success,time_s,true_component_action,true_component_collision,true_component_drop,true_component_fail,true_component_grasp,true_component_lift,true_component_place,true_component_proximity,true_component_reach,true_component_success,true_component_table_hit,true_component_transport,true_original_reward
4.987123247701675e-05,0.17500194907188416,0.1791343092918396,-0.2274857759475708,0.7726507782936096,0.0003792184591293341,0.9302973747253418,-0.950343668460846,-0.018119215965270996,-0.99180006980896,0.981306791305542,50.168304443359375,False,0.0,0.17060351371765137,-0.22669006884098053,0.7724708914756775,0.0,-0.006881504654884339,0.0177621191740036,-0.01,0.0008806145191192615,0.0013139117509126663,False,1,False,False,0.6000000000000004,-0.6881504654884338,-0.0,0.0,0.0,0.0,0.0,0.0,-0.0,0.0358830745721086,0.0,-0.0,0.0,0.011060032631169961
5.5323762353509665e-05,0.17611314356327057,0.2887497544288635,-0.22384971380233765,0.7727833986282349,-0.013904342055320741,0.9823794364929199,-0.9862913489341736,0.0039997100830078125,-0.9910698533058167,0.9977519512176514,50.168304443359375,False,0.0,0.17060351371765137,-0.22669006884098053,0.7724708914756775,0.0,-0.007300188541412353,0.0032062914967536937,-0.01,-0.01409389704465866,0.0009927311912178993,False,2,False,False,0.7000000000000005,-0.7300188541412354,-0.0,0.0,0.0,0.0,0.0,0.0,-0.0,0.04272285171559864,0.0,-0.0,0.0,0.014061237316386968
4.4986856664763764e-05,0.1784103661775589,0.2738346457481384,-0.22657114267349243,0.7727601528167725,-0.014113083481788635,0.9802995920181274,-0.9853813648223877,-0.004774570465087891,-0.9871084690093994,0.9958446025848389,50.168304443359375,False,0.0,0.17060351371765137,-0.22669006884098053,0.7724708914756775,0.0,-0.007265924215316772,0.0038906696438789357,-0.01,-0.013375254571437838,0.0005678120069205761,False,3,False,False,0.8000000000000006,-0.7265924215316772,-0.0,0.0,0.0,0.0,0.0,0.0,-0.0,0.05101431245952359,0.0,-0.0,0.0,0.018241232014445025
4.40593394159805e-05,0.1780175417661667,0.33013075590133667,-0.22454391419887543,0.7728146314620972,-0.012474132776260374,0.9786639213562012,-0.9851191639900208,-0.004043698310852051,-0.9849950075149536,0.9946446418762207,50.168304443359375,False,0.0,0.17060351371765137,-0.22669006884098053,0.7724708914756775,0.0,-0.007246186137199402,0.004577201306819916,-0.01,-0.012668984830379485,0.0006202021613717079,False,4,False,False,0.9000000000000007,-0.7246186137199402,-0.0,0.0,0.0,0.0,0.0,0.0,-0.0,0.0607765069384284,0.0,-0.0,0.0,0.023142067332014796
5.469959069159813e-05,0.17567239701747894,0.2481217235326767,-0.22851522266864777,0.7730205059051514,-0.012240829169750216,0.9799604415893555,-0.9856704473495483,-0.006279170513153076,-0.9845693707466125,0.9910155534744263,50.168304443359375,False,0.0,0.17060351371765137,-0.22669006884098053,0.7724708914756775,0.0,-0.007253212332725525,0.00530411750078201,-0.01,-0.011949094831943514,0.0005156835541129112,False,5,False,False,1.0000000000000007,-0.7253212332725525,-0.0,0.0,0.0,0.0,0.0,0.0,-0.0,0.0721057991901507,0.0,-0.0,0.0,0.028799687262349823
3.741518230526708e-05,0.18056708574295044,0.4071727395057678,-0.22477176785469055,0.7728042006492615,-0.01187337815761566,0.9841475486755371,-0.9888896346092224,-0.0012755990028381348,-0.987827718257904,0.9936237335205078,50.168304443359375,False,0.0,0.17060351371765137,-0.22669006884098053,0.7724708914756775,0.0,-0.007305635809898376,0.005999860167503354,-0.01,-0.011305775642395023,0.0005068574100732803,False,6,False,False,1.1000000000000008,-0.7305635809898376,-0.0,0.0,0.0,0.0,0.0,0.0,-0.0,0.08495505903085043,0.0,-0.0,0.0,0.03517189370552684
5.261051410343498e-05,0.17738445103168488,0.2974316477775574,-0.22826941311359406,0.7730335593223572,-0.010820875763893128,0.9850935935974121,-0.988978922367096,0.0028303861618041992,-0.9887211918830872,0.9899088144302368,50.168304443359375,False,0.0,0.17060351371765137,-0.22669006884098053,0.7724708914756775,0.0,-0.007315165996551513,0.006531394124031066,-0.01,-0.010783771872520448,0.0004923781380057335,False,7,False,False,1.2000000000000008,-0.7315165996551514,-0.0,0.0,0.0,0.0,0.0,0.0,-0.0,0.0990080289422397,0.0,-0.0,0.0,0.04218884847456834
3.219343852833845e-05,0.18303228914737701,0.4625002443790436,-0.22559240460395813,0.772819459438324,-0.01148626834154129,0.9855064153671265,-0.9890994429588318,0.007721543312072754,-0.9918504953384399,0.991692304611206,50.168304443359375,False,0.0,0.17060351371765137,-0.22669006884098053,0.7724708914756775,0.0,-0.007333419322967529,0.007043957710266113,-0.01,-0.010289461612701417,0.0005285926163196564,False,8,False,False,1.300000000000001,-0.7333419322967529,-0.0,0.0,0.0,0.0,0.0,0.0,-0.0,0.11423831839181586,0.0,-0.0,0.0,0.0497857398729404
3.472003299975768e-05,0.18223199248313904,0.432898610830307,-0.22588686645030975,0.773026168346405,-0.009657053351402285,0.9866435527801514,-0.9868782162666321,-0.010888338088989258,-0.992942214012146,0.9918991327285767,50.168304443359375,False,0.0,0.17060351371765137,-0.22669006884098053,0.7724708914756775,0.0,-0.007333617210388184,0.007736304700374605,-0.01,-0.00959731251001358,0.000495424959808588,False,9,False,False,1.400000000000001,-0.7333617210388184,-0.0,0.0,0.0,0.0,0.0,0.0,-0.0,0.13102113306177865,0.0,-0.0,0.0,0.05817694932050114
2.6128996978513896e-05,0.18600820004940033,0.690169632434845,-0.22168149054050446,0.7727627158164978,-0.009395794272422788,0.9870765209197998,-0.9844775199890137,-0.0042539238929748535,-0.9933696389198303,0.9930713176727295,50.168304443359375,False,0.0,0.17060351371765137,-0.22669006884098053,0.7724708914756775,0.0,-0.007325793504714966,0.008698878586292272,-0.01,-0.008626914918422695,0.0004756883718073368,False,10,False,False,1.500000000000001,-0.7325793504714966,-0.0,0.0,0.0,0.0,0.0,0.0,-0.0,0.14991806341801883,0.0,-0.0,0.0,0.06763323820429445
2.586809750937391e-05,0.18386335670948029,0.5842030048370361,-0.2226060926914215,0.7726531624794006,-0.00729002445936203,0.9869241714477539,-0.9805962443351746,0.009576201438903809,-0.9918267726898193,0.9907064437866211,50.168304443359375,False,0.0,0.17060351371765137,-0.22669006884098053,0.7724708914756775,0.0,-0.007298501133918762,0.009947370588779453,-0.01,-0.0073511305451393096,0.0005333209410309792,False,11,False,False,1.6000000000000012,-0.7298501133918762,-0.0,0.0,0.0,0.0,0.0,0.0,-0.0,0.1715281253465306,0.0,-0.0,0.0,0.07846556153934654
1.948098542925436e-05,0.18691132962703705,0.7492443323135376,-0.22070717811584473,0.7726575136184692,-0.007172635793685919,0.9871401786804199,-0.9786363840103149,0.02487778663635254,-0.9912691116333008,0.9952332973480225,50.168304443359375,False,0.0,0.17060351371765137,-0.22669006884098053,0.7724708914756775,0.0,-0.007288520932197571,0.011439840197563167,-0.01,-0.005848680734634404,0.00047481199726462364,False,12,False,False,1.7000000000000013,-0.7288520932197571,-0.0,0.0,0.0,0.0,0.0,0.0,-0.0,0.19637144085157465,0.0,-0.0,0.0,0.09089719949358975
2.5022674890351482e-05,0.18449169397354126,0.6313597559928894,-0.2218608558177948,0.7726942896842957,-0.003867451548576363,0.9861295223236084,-0.9742348790168762,0.021000146865844727,-0.9883130192756653,0.9973726272583008,50.168304443359375,False,0.0,0.17060351371765137,-0.22669006884098053,0.7724708914756775,0.0,-0.0072469723224639895,0.013116300106048584,-0.01,-0.004130672216415406,0.0004840688779950142,False,13,False,False,1.8000000000000014,-0.7246972322463989,-0.0,0.0,0.0,0.0,0.0,0.0,-0.0,0.2248525874211268,0.0,-0.0,0.0,0.1051793213880994
2.1108033251948655e-05,0.1845380961894989,0.716063916683197,-0.2195557951927185,0.772883951663971,-0.00218119144439698,0.9864107370376587,-0.9701191186904907,0.04745495319366455,-0.9854194521903992,0.9993312358856201,50.168304443359375,False,0.0,0.17060351371765137,-0.22669006884098053,0.7724708914756775,0.0,-0.007218601703643799,0.014952334761619557,-0.01,-0.0022662669420242428,0.00048069795593619347,False,14,False,False,1.9000000000000015,-0.7218601703643799,-0.0,0.0,0.0,0.0,0.0,0.0,-0.0,0.2573305999276361,0.0,-0.0,0.0,0.12144669826017424
2.526569733163342e-05,0.18180228769779205,0.566489040851593,-0.22125835716724396,0.7728350758552551,0.00040620207786560246,0.9823577404022217,-0.9294268488883972,0.04892563819885254,-0.9792602062225342,0.9997924566268921,50.168304443359375,False,0.0,0.17060351371765137,-0.22669006884098053,0.7724708914756775,0.0,-0.006975513100624085,0.01692918360233306,-0.01,-4.6329498291025964e-05,0.0004717633128166199,False,15,False,False,2.0000000000000013,-0.6975513100624084,-0.0,0.0,0.0,0.0,0.0,0.0,-0.0,0.2941302440902249,0.0,-0.0,0.0,0.14008960894448838
2.128074447682593e-05,0.18446195125579834,0.6545320153236389,-0.22153833508491516,0.7730966806411743,0.0004276776313781646,0.9769015312194824,-0.8325052857398987,0.040099382400512695,-0.9549296498298645,0.9999473094940186,50.168304443359375,False,0.0,0.17060351371765137,-0.22669006884098053,0.7724708914756775,0.0,-0.006402250528335571,0.01900373935699462,-0.01,0.0026014888286590484,0.000477042980492115,False,16,False,False,2.0999999999999903,-0.6402250528335571,-0.0,0.0,0.0,0.0,0.0,0.0,-0.0,0.3354926246350898,0.0,-0.0,0.0,0.16134406178920932
2.2032771084923297e-05,0.182716503739357,0.6021380424499512,-0.22122296690940857,0.7729549407958984,0.006238973736763008,0.9701656103134155,-0.5944602489471436,0.0439525842666626,-0.8165411353111267,0.9999637603759766,50.168304443359375,False,0.0,0.17060351371765137,-0.22669006884098053,0.7724708914756775,0.0,-0.004908188879489898,0.020767873525619512,-0.01,0.005859684646129614,0.0004956899210810661,False,17,False,False,2.1999999999999793,-0.49081888794898987,-0.0,0.0,0.0,0.0,0.0,0.0,-0.0,0.38083670052369234,0.0,-0.0,0.0,0.18551016138235626
1.9726525351870805e-05,0.18463170528411865,0.7099777460098267,-0.22005192935466766,0.7731038928031921,0.006151420772075653,0.9612522125244141,-0.3780827522277832,0.05691838264465332,-0.5180332064628601,0.9999420642852783,50.168304443359375,False,0.0,0.17060351371765137,-0.22669006884098053,0.7724708914756775,0.0,-0.003346376121044159,0.021064736247062676,-0.01,0.007718360126018517,0.0004673292860388756,False,18,False,False,2.2999999999999683,-0.3346376121044159,-0.0,0.0,0.0,0.0,0.0,0.0,-0.0,0.4272386743266883,0.0,-0.0,0.0,0.21027296104229998
1.8817079762811773e-05,0.18484951555728912,0.7103493213653564,-0.22017806768417358,0.7730233669281006,0.0062648974359035565,0.9452383518218994,-0.26186633110046387,0.14096522331237793,-0.12774652242660522,0.9996826648712158,50.168304443359375,False,0.0,0.17060351371765137,-0.22669006884098053,0.7724708914756775,0.0,-0.002495599538087845,0.019142927229404444,-0.01,0.0066473276913165975,0.0004828707315027714,False,19,False,False,2.3999999999999573,-0.24955995380878448,-0.0,0.0,0.0,0.0,0.0,0.0,-0.0,0.4702268986492282,0.0,-0.0,0.0,0.23261784978652625
2.0334735381766222e-05,0.1825578510761261,0.695432722568512,-0.21885472536087036,0.773544192314148,0.0017129687964916283,0.9124072790145874,-0.18349134922027588,0.28122997283935547,0.14324092864990234,0.9970638751983643,50.168304443359375,False,0.0,0.17060351371765137,-0.22669006884098053,0.7724708914756775,0.0,-0.0024144108593463897,0.010432695746421805,-0.01,-0.001981715112924585,0.0004684017039835453,False,20,False,False,2.4999999999999463,-0.24144108593463898,-0.0,0.0,0.0,0.0,0.0,0.0,-0.0,0.49605264994933207,0.0,-0.0,0.0,0.24561191411531966
2.1613799617625773e-05,0.17908042669296265,0.6377747058868408,-0.21714989840984344,0.7735870480537415,-0.005655933916568755,0.8483614921569824,-0.19592398405075073,0.46921026706695557,0.10533928871154785,0.9986386299133301,50.168304443359375,False,0.0,0.17060351371765137,-0.22669006884098053,0.7724708914756775,0.0,-0.0024733951687812804,0.0030523978173732647,-0.01,-0.009420997351408016,0.0005402346141636372,False,21,False,False,2.5999999999999353,-0.24733951687812805,-0.0,0.0,0.0,0.0,0.0,0.0,-0.0,0.5072297123361827,0.0,-0.0,0.0,0.2511414609993101
2.1644884327542968e-05,0.18039628863334656,0.7067477107048035,-0.2164909839630127,0.7736814618110657,-0.01265762478113173,0.7314798831939697,-0.23418718576431274,0.6749477386474609,0.12378096580505371,0.9999992847442627,50.168304443359375,False,0.0,0.17060351371765137,-0.22669006884098053,0.7724708914756775,0.0,-0.002651956677436829,-0.0007624386250972837,-0.01,-0.013414395302534113,0.0004681553691625595,False,22,False,False,2.6999999999999242,-0.26519566774368286,-0.0,0.0,0.0,0.0,0.0,0.0,-0.0,0.510813187675139,0.0,-0.0,0.0,0.25275463716013263
2.1620397092192434e-05,0.1789254993200302,0.5754476189613342,-0.21892337501049042,0.7736456394195557,-0.015582305192947388,0.6226032972335815,-0.24181532859802246,0.7623764276504517,0.16415119171142578,1.0,50.168304443359375,False,0.0,0.17060351371765137,-0.22669006884098053,0.7724708914756775,0.0,-0.00263568252325058,-0.004523580074310307,-0.01,-0.017159262597560888,0.00047224294394254684,False,23,False,False,2.7999999999999132,-0.263568252325058,-0.0,0.0,0.0,0.0,0.0,0.0,-0.0,0.5068343147588605,0.0,-0.0,0.0,0.2507814748561797
2.0204835891490802e-05,0.17742682993412018,0.5522668361663818,-0.21825656294822693,0.7737820744514465,-0.018923559784889223,0.47069668769836426,-0.15901082754135132,0.7992852926254272,0.23577213287353516,1.0,50.168304443359375,False,0.0,0.17060351371765137,-0.22669006884098053,0.7724708914756775,0.0,-0.002353213280439377,-0.007545623481273661,-0.01,-0.019898836761713036,0.0004652119241654873,False,24,False,False,2.899999999999902,-0.23532132804393768,-0.0,0.0,0.0,0.0,0.0,0.0,-0.0,0.4967101212865601,0.0,-0.0,0.0,0.24600184736284067
1.846432678576093e-05,0.1754172444343567,0.42562335729599,-0.22007519006729126,0.7738109827041626,-0.019642819464206703,0.30390262603759766,-0.09976780414581299,0.8173296451568604,0.08894574642181396,1.0,50.168304443359375,False,0.0,0.17060351371765137,-0.22669006884098053,0.7724708914756775,0.0,-0.0019456237554550172,-0.008195169270038605,-0.01,-0.02014079302549362,0.00047188811004161835,False,25,False,False,2.999999999999891,-0.1945623755455017,-0.0,0.0,0.0,0.0,0.0,0.0,-0.0,0.4851715229977003,0.0,-0.0,0.0,0.24064013774339513
1.7049234884325415e-05,0.17504355311393738,0.43338388204574585,-0.21998193860054016,0.7743242383003235,-0.015077065527439128,0.11453771591186523,-0.007041871547698975,0.8145442008972168,-0.09386396408081055,1.0,50.168304443359375,False,0.0,0.17060351371765137,-0.22669006884098053,0.7724708914756775,0.0,-0.0017136529088020325,-0.004339948296546936,-0.01,-0.016053601205348968,0.00046109966933727264,False,26,False,False,3.09999999999988,-0.17136529088020325,-0.0,0.0,0.0,0.0,0.0,0.0,-0.0,0.4813046597601447,0.0,-0.0,0.0,0.2389386769712703
1.6328689525835216e-05,0.1738634705543518,0.5475590229034424,-0.2148820012807846,0.7738296389579773,-0.012213786989450458,0.012526988983154297,0.03861987590789795,0.7683184146881104,-0.39091718196868896,1.0,50.168304443359375,False,0.0,0.17060351371765137,-0.22669006884098053,0.7724708914756775,0.0,-0.0018619446456432343,0.0015439850091934215,-0.01,-0.010317959636449813,0.0004712841473519802,False,27,False,False,3.199999999999869,-0.18619446456432343,-0.0,0.0,0.0,0.0,0.0,0.0,-0.0,0.4892853866767465,0.0,-0.0,0.0,0.24278074869273
1.4201530575519428e-05,0.17285199463367462,0.47985216975212097,-0.21588468551635742,0.7738125920295715,-0.0027337992191314477,-0.0040495991706848145,-0.0010215044021606445,0.6597819328308105,-0.7051478028297424,1.0,50.168304443359375,False,0.0,0.17060351371765137,-0.22669006884098053,0.7724708914756775,0.0,-0.00233140766620636,0.009488932639360403,-0.01,-0.0028424750268459566,0.0004883911460638046,False,28,False,False,3.299999999999858,-0.233140766620636,-0.0,0.0,0.0,0.0,0.0,0.0,-0.0,0.5133972871883434,0.0,-0.0,0.0,0.25436723592796534
1.7134596419055015e-05,0.17144657671451569,0.3868962526321411,-0.21723605692386627,0.7737807035446167,0.004434523135423675,-0.04435759782791138,0.09588170051574707,0.5016015768051147,-0.8415418267250061,1.0,50.168304443359375,False,0.0,0.17060351371765137,-0.22669006884098053,0.7724708914756775,0.0,-0.0024273942410945894,0.016818120479583754,-0.01,0.0043907262384891635,0.0004698582924902439,False,29,False,False,3.399999999999847,-0.24273942410945892,-0.0,0.0,0.0,0.0,0.0,0.0,-0.0,0.5525591743643767,0.0,-0.0,0.0,0.27385219294109375
1.4177850061969366e-05,0.17239555716514587,0.4391709864139557,-0.216836079955101,0.7739999890327454,0.009717136770486854,-0.14120268821716309,0.19515752792358398,0.27830076217651367,-0.8923143148422241,1.0,50.168304443359375,False,0.0,0.17060351371765137,-0.22669006884098053,0.7724708914756775,0.0,-0.002329251915216446,0.0209505182504654,-0.01,0.008621266335248954,0.0005276831798255444,False,30,False,False,3.499999999999836,-0.2329251915216446,-0.0,0.0,0.0,0.0,0.0,0.0,-0.0,0.600464867086468,0.0,-0.0,0.0,0.29790318162801754
1.579551098984666e-05,0.16450446844100952,0.48845261335372925,-0.21990084648132324,0.7742362022399902,0.009673730581998803,-0.19177311658859253,0.19675099849700928,0.014778971672058105,-0.916179895401001,1.0,50.168304443359375,False,0.0,0.17060351371765137,-0.22669006884098053,0.7724708914756775,0.0,-0.0022877296805381775,0.02307959496974943,-0.01,0.010791865289211252,0.0008203811012208462,False,31,False,False,3.599999999999825,-0.22877296805381775,-0.0,0.0,0.0,0.0,0.0,0.0,-0.0,0.653155540971015,0.0,-0.0,0.0,0.3242900408049693
2.080573540297337e-05,0.16278627514839172,0.5694394707679749,-0.21910855174064636,0.77415531873703,0.011684811413288117,-0.35830289125442505,0.2764320373535156,-0.38297104835510254,-0.9499642848968506,1.0,50.168304443359375,False,0.0,0.17060351371765137,-0.22669006884098053,0.7724708914756775,0.0,-0.00313473641872406,0.024331526309251783,-0.01,0.011196789890527721,0.0005873506888747215,False,32,False,False,3.699999999999814,-0.313473641872406,-0.0,0.0,0.0,0.0,0.0,0.0,-0.0,0.7089075621288892,0.0,-0.0,0.0,0.3513190446457205
1.998518200707622e-05,0.15953250229358673,0.6817460060119629,-0.21942764520645142,0.7745898365974426,0.01262760557234287,-0.4229850769042969,0.27675676345825195,-0.6483801603317261,-0.962465226650238,1.0,50.168304443359375,False,0.0,0.17060351371765137,-0.22669006884098053,0.7724708914756775,0.0,-0.004005616903305054,0.02397502921521666,-0.01,0.009969412311911606,0.0004775822162628174,False,33,False,False,3.799999999999803,-0.40056169033050537,-0.0,0.0,0.0,0.0,0.0,0.0,-0.0,0.764502705285596,0.0,-0.0,0.0,0.378245735739493
2.2641195755568333e-05,0.16156700253486633,0.8966391086578369,-0.2110174596309662,0.7746609449386597,0.01656584344804289,-0.4834139347076416,0.305034875869751,-0.7990094423294067,-0.9641690850257874,1.0,50.168304443359375,False,0.0,0.17060351371765137,-0.22669006884098053,0.7724708914756775,0.0,-0.004736933708190918,0.019666950926184645,-0.01,0.004930017217993727,0.0005259048193693161,False,34,False,False,3.899999999999792,-0.4736933708190918,-0.0,0.0,0.0,0.0,0.0,0.0,-0.0,0.811956311747386,0.0,-0.0,0.0,0.4012412221655021
5.170445001567714e-05,0.16026419401168823,0.964358925819397,-0.2101135551929474,0.7744858264923096,0.011340549327433126,-0.24615198373794556,0.22231066226959229,-0.7413738965988159,-0.9282532930374146,1.0,50.168304443359375,False,0.0,0.17060351371765137,-0.22669006884098053,0.7724708914756775,0.0,-0.003803255558013916,0.010316203907132171,-0.01,-0.0034870516508817458,0.0008439901284873486,False,35,False,False,3.999999999999781,-0.3803255558013916,-0.0,0.0,0.0,0.0,0.0,0.0,-0.0,0.8409986543320769,0.0,-0.0,0.0,0.4166960716080245
4.242922295816243e-05,0.17098860442638397,0.7307683825492859,-0.2065913826227188,0.7739101648330688,-0.013840905129909526,-0.10913693904876709,0.0803670883178711,-0.5773417353630066,-0.7621994614601135,0.9999973773956299,50.168304443359375,False,0.0,0.17060351371765137,-0.22669006884098053,0.7724708914756775,0.0,-0.0023316030204296114,0.0008251216262579186,-0.01,-0.011506481394171693,0.00047756917774677277,False,36,False,False,4.0999999999997705,-0.23316030204296112,-0.0,0.0,0.0,0.0,0.0,0.0,-0.0,0.8511603921966244,0.0,-0.0,0.0,0.4232485930778826
8.29055134090595e-05,0.17031700909137726,0.5463326573371887,-0.21226803958415985,0.7741523385047913,-0.020198575668036924,-0.03301501274108887,-0.0899583101272583,-0.44152891635894775,-0.01291269063949585,0.9970115423202515,50.168304443359375,False,0.0,0.17060351371765137,-0.22669006884098053,0.7724708914756775,0.0,-0.0005107425153255462,-0.004893551990389822,-0.01,-0.015404294505715368,0.0004719081334769726,False,37,False,False,4.1999999999997595,-0.051074251532554626,-0.0,0.0,0.0,0.0,0.0,0.0,-0.0,0.8498719878865029,0.0,-0.0,0.0,0.42442525142792586
0.0001706038456177339,0.15722700953483582,0.9083514213562012,-0.21616272628307343,0.7750768065452576,-0.0011326782032847586,0.16494202613830566,-0.010964512825012207,0.03349721431732178,0.5361018180847168,-0.9965832829475403,50.12578201293945,False,0.05704760551452637,0.1726379245519638,-0.2259669154882431,0.7730413675308228,0.0,-0.0007896332442760467,-0.004533663317561165,-0.01,-0.015323296561837212,0.0004682280123233795,False,38,False,False,4.2999999999997485,-0.07896332442760468,-0.0,0.0,0.0,0.0,0.0,0.0,-0.0,0.8492975767481281,0.0,-0.0,0.0,0.423859155129788
0.00014339406334329396,0.1594073474407196,0.8786767721176147,-0.21751874685287476,0.7747645974159241,-0.02709348715841768,-0.15874415636062622,-0.18261903524398804,-0.1596512794494629,0.8160693645477295,-0.9999992251396179,50.06226348876953,True,0.24799108505249023,0.17870265245437622,-0.22439754009246826,0.7749508023262024,0.0,-0.0018750178813934327,0.47268699340045806,-0.01,0.4608119755190646,0.0004660412669181824,False,39,False,False,4.3999999999997375,-0.18750178813934326,-0.0,0.0,0.0,1.0,0.6237705387770409,0.0,-0.0,0.0,0.0,-0.0,0.09451476528915093,0.904525016796278
4.967733548255637e-05,0.1615341156721115,0.8322750329971313,-0.21879296004772186,0.7742893099784851,-0.04113157846033572,-0.39455175399780273,-0.23793309926986694,-0.15153974294662476,0.8961176872253418,-0.9999991655349731,50.194419860839844,False,0.28287768363952637,0.17852044105529785,-0.22576452791690826,0.7752996683120728,0.0,-1.002595686018467,-0.510541523357537,-0.01,-1.523137209376004,0.00046700378879904747,False,40,False,False,4.499999999999726,-0.25956860184669495,-0.0,0.0,0.0,1.0,0.632492131400017,0.0,-0.0,0.0,0.0,-0.0,0.09380333177379174,0.9074537114553334
5.185579357203096e-05,0.1599351018667221,0.855661928653717,-0.21790461242198944,0.7741633653640747,-0.04144071996212008,-0.4771602153778076,-0.2923576235771179,-0.10426592826843262,0.8130767345428467,-0.9999648928642273,50.14944076538086,False,0.238114595413208,0.17732343077659607,-0.22549746930599213,0.7748520374298096,0.0,-0.002462800145149231,-0.025748540386557606,-0.01,-0.038211340531706835,0.0005481378175318241,False,41,False,False,4.599999999999715,-0.2462800145149231,-0.0,0.0,0.0,1.0,0.6213015061364319,0.0,-0.0,0.0,0.0,-0.0,0.09404486874866214,0.9022328216717288
3.0989438528195024e-05,0.1576257050037384,0.7149239778518677,-0.22183705866336823,0.77406907081604,-0.04047350637614726,-0.5497393012046814,-0.28153181076049805,-0.05396825075149536,0.48313450813293457,-0.996333658695221,49.884952545166016,False,-0.004214048385620117,0.17628856003284454,-0.22298160195350647,0.7724287509918213,0.0,-0.0015445125102996826,-0.029022477269172675,-0.01,-0.04056698977947236,0.00046940427273511887,False,42,False,False,4.699999999999704,-0.15445125102996826,-0.0,-1.0,0.0,0.0,0.0,0.0,-0.0,0.7047771790215507,0.0,-0.0,0.0,-0.6491559229995243
0.00010411211405880749,0.16481085121631622,0.5582342147827148,-0.21924760937690735,0.7739769220352173,-0.04232997857034207,-0.6370953321456909,-0.21644091606140137,-0.024444997310638428,0.12552404403686523,-0.9720758199691772,49.88713455200195,False,-1.7881393432617188e-05,0.17629684507846832,-0.22300243377685547,0.7724707126617432,0.0,-0.001172727420926094,-0.023538658320903794,-0.01,-0.03471138574182989,0.0004743947647511959,False,43,False,False,4.799999999999693,-0.1172727420926094,-0.0,0.0,0.0,0.0,0.0,0.0,-0.0,0.6643433800811303,0.0,-0.0,0.0,0.330998962619639
0.00010554001346463338,0.16221711039543152,0.5466192960739136,-0.2219236046075821,0.7737107872962952,-0.0246834011375904,-0.6792922616004944,-0.19728165864944458,-0.05664306879043579,-0.35564523935317993,-0.9812408089637756,49.88714599609375,False,0.0,0.1762968748807907,-0.22300252318382263,0.7724708914756775,0.0,-0.0015751250088214875,-0.017015207558870316,-0.01,-0.028590332567691806,0.0004848521202802658,False,44,False,False,4.899999999999682,-0.15751250088214874,-0.0,0.0,0.0,0.0,0.0,0.0,-0.0,0.6366796995613763,0.0,-0.0,0.0,0.3167647247718666
0.000278502149740234,0.1587335765361786,0.6506159901618958,-0.2235252857208252,0.7739033102989197,-0.017058593034744263,-0.7401321530342102,-0.17633843421936035,-0.1952207088470459,-0.6172131299972534,-0.9915173649787903,49.88714599609375,False,0.0,0.1762968748807907,-0.22300252318382263,0.7724708914756775,0.0,-0.002494885176420212,-0.012642373442649846,-0.01,-0.025137258619070058,0.00046914117410779,False,45,False,False,4.999999999999671,-0.24948851764202118,-0.0,0.0,0.0,0.0,0.0,0.0,-0.0,0.6175706884786856,0.0,-0.0,0.0,0.30629045906292257
0.0002348926936974749,0.1579449325799942,0.7471015453338623,-0.2252998650074005,0.7742346525192261,-0.022198288589715974,-0.7246796488761902,-0.2007998824119568,-0.27747321128845215,-0.7734549045562744,-0.9950060844421387,49.88714599609375,False,0.0,0.1762968748807907,-0.22300252318382263,0.7724708914756775,0.0,-0.0031017625331878663,-0.013163822144269921,-0.01,-0.026265584677457786,0.0004801945760846138,False,46,False,False,5.09999999999966,-0.3101762533187866,-0.0,0.0,0.0,0.0,0.0,0.0,-0.0,0.5972152088562295,0.0,-0.0,0.0,0.29550584189492685
0.00034414100809954107,0.15424282848834991,0.9007121324539185,-0.22580529749393463,0.7746354341506958,-0.019526271373033553,-0.6834644675254822,-0.2440502643585205,-0.3127601146697998,-0.8370102047920227,-0.9955162405967712,49.88714599609375,False,0.0,0.1762968748807907,-0.22300252318382263,0.7724708914756775,0.0,-0.0033127230405807498,-0.01512256592512129,-0.01,-0.028435288965702042,0.0004772148095071316,False,47,False,False,5.199999999999649,-0.33127230405807495,-0.0,0.0,0.0,0.0,0.0,0.0,-0.0,0.5726969909241643,0.0,-0.0,0.0,0.2830357724215014
0.0001590308966115117,0.15200260281562805,1.0933055877685547,-0.22955137491226196,0.7744269371032715,-0.025809740573167796,-0.6050785779953003,-0.2534489035606384,-0.327709436416626,-0.8527477383613586,-0.9947826862335205,49.88714599609375,False,0.0,0.1762968748807907,-0.22300252318382263,0.7724708914756775,0.0,-0.003162321448326111,-0.016882275640964506,-0.01,-0.030044597089290616,0.0004767659120261669,False,48,False,False,5.299999999999638,-0.3162321448326111,-0.0,0.0,0.0,0.0,0.0,0.0,-0.0,0.5443761727505241,0.0,-0.0,0.0,0.2690257649269359
0.0012178377946838737,0.15244285762310028,1.182878017425537,-0.23078259825706482,0.776323139667511,-0.033376343399286294,-0.5608751773834229,-0.2641056180000305,-0.316716730594635,-0.8469476103782654,-0.9915003776550293,49.88714599609375,False,0.0,0.1762968748807907,-0.22300252318382263,0.7724708914756775,0.0,-0.003004906177520752,-0.017806721031665806,-0.01,-0.030811627209186558,0.00047704903408885,False,49,False,False,5.399999999999627,-0.3004906177520752,-0.0,0.0,0.0,0.0,0.0,0.0,-0.0,0.5139017921796398,0.0,-0.0,0.0,0.25394598991229916
0.0003745481080841273,0.15115171670913696,1.1415635347366333,-0.22942987084388733,0.7751452922821045,-0.031071755141019834,-0.525754451751709,-0.3098639249801636,-0.2709389925003052,-0.8038831353187561,-0.9852139353752136,49.88714599609375,False,0.0,0.1762968748807907,-0.22300252318382263,0.7724708914756775,0.0,-0.0027301734685897827,-0.018224165439605727,-0.01,-0.03095433890819551,0.0004944847896695137,False,50,False,False,5.499999999999616,-0.27301734685897827,-0.0,0.0,0.0,0.0,0.0,0.0,-0.0,0.4822761925500354,0.0,-0.0,0.0,0.23840792280642792
0.002270388649776578,0.15458466112613678,1.1809720993041992,-0.23275749385356903,0.7764328718185425,-0.038290380090475085,-0.475475549697876,-0.40100157260894775,-0.18930470943450928,-0.6994115710258484,-0.9713820219039917,49.88714599609375,False,0.0,0.1762968748807907,-0.22300252318382263,0.7724708914756775,0.0,-0.0022797302901744845,-0.01697290331125259,-0.01,-0.029252633601427075,0.0005685188807547092,False,51,False,False,5.599999999999605,-0.22797302901744843,-0.0,0.0,0.0,0.0,0.0,0.0,-0.0,0.4528589344765218,0.0,-0.0,0.0,0.22414973694808643
0.0007331203087233007,0.15075582265853882,1.4398525953292847,-0.23844559490680695,0.774682343006134,-0.014316309094429013,-0.4469766616821289,-0.5315333604812622,-0.06501197814941406,-0.46432411670684814,-0.9729374647140503,49.88714599609375,False,0.0,0.1762968748807907,-0.22300252318382263,0.7724708914756775,0.0,-0.0017553481459617614,-0.010142562389373777,-0.01,-0.02189791053533554,0.00047539081424474716,False,52,False,False,5.699999999999594,-0.17553481459617615,-0.0,0.0,0.0,0.0,0.0,0.0,-0.0,0.43694328403994265,0.0,-0.0,0.0,0.21671629387400956
0.0021236937027424574,0.15007871389389038,1.53496515750885,-0.23919004201889038,0.7761141657829285,-0.02000462159514428,-0.45326411724090576,-0.5670663118362427,0.06018185615539551,-0.2956080436706543,-0.9630393981933594,49.88714599609375,False,0.0,0.1762968748807907,-0.22300252318382263,0.7724708914756775,0.0,-0.0015450464189052581,-0.00899596095085145,-0.01,-0.02054100736975671,0.0004757009446620941,False,53,False,False,5.799999999999583,-0.15450464189052582,-0.0,0.0,0.0,0.0,0.0,0.0,-0.0,0.42318318377082265,0.0,-0.0,0.0,0.21004654546650606
0.0023568570613861084,0.15012341737747192,1.5935043096542358,-0.24048779904842377,0.7766172885894775,-0.02453743860125543,-0.465534508228302,-0.5877262949943542,0.08963620662689209,-0.24445879459381104,-0.9635341763496399,49.88714599609375,False,0.0,0.1762968748807907,-0.22300252318382263,0.7724708914756775,0.0,-0.0015748482942581177,-0.012130058705806746,-0.01,-0.023704907000064862,0.0004802113398909569,False,54,False,False,5.899999999999572,-0.15748482942581177,-0.0,0.0,0.0,0.0,0.0,0.0,-0.0,0.4029525961364979,0.0,-0.0,0.0,0.19990144977399085
0.014483807608485222,0.15085187554359436,1.6742712259292603,-0.23867908120155334,0.781577467918396,-0.028031826168298732,-0.45082229375839233,-0.6026163101196289,0.10367810726165771,-0.2215622067451477,-0.9590550065040588,49.88714599609375,False,0.0,0.1762968748807907,-0.22300252318382263,0.7724708914756775,0.0,-0.0015655653178691864,-0.011777027547359459,-0.01,-0.023342592865228648,0.0004751402884721756,False,55,False,False,5.999999999999561,-0.15655653178691864,-0.0,0.0,0.0,0.0,0.0,0.0,-0.0,0.3832308400331843,0.0,-0.0,0.0,0.19004985469872296
0.009590995498001575,0.15407413244247437,1.4497394561767578,-0.23771044611930847,0.7790324091911316,-0.028275861144065856,-0.4050166606903076,-0.6486147046089172,0.15644490718841553,-0.12716519832611084,-0.9604938626289368,49.88714599609375,False,0.0,0.1762968748807907,-0.22300252318382263,0.7724708914756775,0.0,-0.001563463807106018,-0.010531793236732478,-0.01,-0.022095257043838495,0.00047113606706261635,False,56,False,False,6.09999999999955,-0.1563463807106018,-0.0,0.0,0.0,0.0,0.0,0.0,-0.0,0.36582550760019705,0.0,-0.0,0.0,0.18134928999299252
0.018076317384839058,0.15536963939666748,1.3067708015441895,-0.2330489158630371,0.7807003855705261,-0.026408716440200812,-0.3220559358596802,-0.6455923914909363,0.24757719039916992,-0.15886962413787842,-0.8832512497901917,49.88714599609375,False,0.0,0.1762968748807907,-0.22300252318382263,0.7724708914756775,0.0,-0.0015176087617874146,-0.00897179394960404,-0.01,-0.020489402711391456,0.0004814942367374897,False,57,False,False,6.199999999999539,-0.15176087617874146,-0.0,0.0,0.0,0.0,0.0,0.0,-0.0,0.351395927889531,0.0,-0.0,0.0,0.17418035518297809
0.017485300078988075,0.15981052815914154,1.2833421230316162,-0.23723791539669037,0.7802494168281555,-0.019886903762817397,-0.247389018535614,-0.6351568698883057,0.30564451217651367,-0.15426301956176758,-0.8168022036552429,49.88714599609375,False,0.0,0.1762968748807907,-0.22300252318382263,0.7724708914756775,0.0,-0.00145460307598114,-0.003405945301055896,-0.01,-0.014860548377037036,0.0004877811297774315,False,58,False,False,6.299999999999528,-0.145460307598114,-0.0,0.0,0.0,0.0,0.0,0.0,-0.0,0.3480646231020703,0.0,-0.0,0.0,0.17257770847505402
0.023902492597699165,0.15464599430561066,1.3786648511886597,-0.23463182151317596,0.7805506587028503,-0.007227548509836194,-0.24463963508605957,-0.6497113108634949,0.3488706350326538,-0.13508975505828857,-0.793324887752533,49.88714599609375,False,0.0,0.1762968748807907,-0.22300252318382263,0.7724708914756775,0.0,-0.0015548332035541534,-0.0018037280440330594,-0.01,-0.013358561247587213,0.00047963205724954605,False,59,False,False,6.399999999999517,-0.15548332035541534,-0.0,0.0,0.0,0.0,0.0,0.0,-0.0,0.3479365889964616,0.0,-0.0,0.0,0.17241346129467666
0.04610985890030861,0.16114479303359985,1.2949292659759521,-0.23784953355789185,0.7813196778297424,-0.022050816863775243,-0.2857341766357422,-0.650627851486206,0.33507394790649414,-0.10957765579223633,-0.8240492343902588,49.88714599609375,False,0.0,0.1762968748807907,-0.22300252318382263,0.7724708914756775,0.0,-0.0015731059014797212,-0.0017542284727096458,-0.01,-0.013327334374189367,0.00048725586384534836,False,60,False,False,6.499999999999506,-0.1573105901479721,-0.0,0.0,0.0,0.0,0.0,0.0,-0.0,0.34790722673509067,0.0,-0.0,0.0,0.17238050746606562
0.11762596666812897,0.16248755156993866,1.1629964113235474,-0.23108331859111786,0.7854706645011902,-0.020223037302494064,-0.2896132469177246,-0.678583025932312,0.30512547492980957,-0.06299155950546265,-0.8488160371780396,49.88714599609375,False,0.0,0.1762968748807907,-0.22300252318382263,0.7724708914756775,0.0,-0.0016035506129264832,-0.001803501248359679,-0.01,-0.013407051861286164,0.0005789161659777164,False,61,False,False,6.599999999999495,-0.16035506129264832,-0.0,0.0,0.0,0.0,0.0,0.0,-0.0,0.3477779664494194,0.0,-0.0,0.0,0.1722854326117832
0.01879262737929821,0.1632668823003769,0.9979511499404907,-0.2328834980726242,0.7794984579086304,-0.012176027894020088,-0.30484914779663086,-0.7007839679718018,0.2553309202194214,0.030286550521850586,-0.8822687268257141,49.88714599609375,False,0.0,0.1762968748807907,-0.22300252318382263,0.7724708914756775,0.0,-0.0016253557801246643,-0.0018255439400672868,-0.01,-0.013450899720191952,0.0005190218798816204,False,62,False,False,6.699999999999484,-0.16253557801246643,-0.0,0.0,0.0,0.0,0.0,0.0,-0.0,0.34760288833016495,0.0,-0.0,0.0,0.17217608838495782
0.050942204892635345,0.15985482931137085,1.284639596939087,-0.23341596126556396,0.7841545939445496,-0.009489306360483174,-0.2307165265083313,-0.6731646060943604,0.2443373203277588,-0.07077562808990479,-0.7758873105049133,49.88714599609375,False,0.0,0.1762968748807907,-0.22300252318382263,0.7724708914756775,0.0,-0.0014277265965938568,-0.001811627745628347,-0.01,-0.013239354342222204,0.0007431050762534142,False,63,False,False,6.799999999999473,-0.14277265965938568,-0.0,0.0,0.0,0.0,0.0,0.0,-0.0,0.3474542538303661,0.0,-0.0,0.0,0.1722994003185892
0.03421861305832863,0.1584053486585617,1.3989205360412598,-0.23759765923023224,0.7819518446922302,-0.008630808144807817,-0.3209384083747864,-0.7062656879425049,0.17761993408203125,0.07391393184661865,-0.8975705504417419,49.88714599609375,False,0.0,0.1762968748807907,-0.22300252318382263,0.7724708914756775,0.0,-0.0015970619022846223,-0.0017989644408226146,-0.01,-0.013396026343107237,0.000640195794403553,False,64,False,False,6.899999999999462,-0.15970619022846222,-0.0,0.0,0.0,0.0,0.0,0.0,-0.0,0.3473295515870455,0.0,-0.0,0.0,0.17206771389123812
0.035949479788541794,0.1594657152891159,1.2808125019073486,-0.23467424511909485,0.7823923826217651,-0.016824784576892855,-0.28919851779937744,-0.6858823895454407,0.15939736366271973,-0.05382329225540161,-0.885687530040741,49.88714599609375,False,0.0,0.1762968748807907,-0.22300252318382263,0.7724708914756775,0.0,-0.0014559373259544373,-0.0018215611577034052,-0.01,-0.013277498483657842,0.0004982082173228264,False,65,False,False,6.999999999999451,-0.14559373259544373,-0.0,0.0,0.0,0.0,0.0,0.0,-0.0,0.3471580482378591,0.0,-0.0,0.0,0.1721230867929751
0.056563373655080795,0.15885786712169647,1.4141817092895508,-0.23876366019248962,0.7816962003707886,-0.01026146829128265,-0.27289068698883057,-0.6915270090103149,0.129166841506958,-0.007250368595123291,-0.8835248947143555,49.88714599609375,False,0.0,0.1762968748807907,-0.22300252318382263,0.7724708914756775,0.0,-0.0014235389232635498,-0.0018052431941032454,-0.01,-0.013228782117366795,0.00047361990436911583,False,66,False,False,7.09999999999944,-0.14235389232635498,-0.0,0.0,0.0,0.0,0.0,0.0,-0.0,0.347017675175851,0.0,-0.0,0.0,0.17208529866466196
0.3029140830039978,0.16760078072547913,1.3696223497390747,-0.23634694516658783,0.791519045829773,-0.030499169379472744,-0.2890620231628418,-0.693697452545166,0.1115264892578125,0.004366636276245117,-0.8985773324966431,49.88714599609375,False,0.0,0.1762968748807907,-0.22300252318382263,0.7724708914756775,0.0,-0.0014430756866931915,-0.0017720574140548673,-0.01,-0.01321513310074806,0.00047676730901002884,False,67,False,False,7.199999999999429,-0.14430756866931915,-0.0,0.0,0.0,0.0,0.0,0.0,-0.0,0.3469430399940465,0.0,-0.0,0.0,0.17202844431033007
0.17563177645206451,0.16729973256587982,1.2604708671569824,-0.2381432205438614,0.7861471772193909,-0.010560757070779808,-0.3176403045654297,-0.7401512861251831,0.08757162094116211,0.1304987668991089,-0.9641698002815247,49.88714599609375,False,0.0,0.1762968748807907,-0.22300252318382263,0.7724708914756775,0.0,-0.0016835449635982515,-0.0018011292815208468,-0.01,-0.013484674245119099,0.0007896437309682369,False,68,False,False,7.299999999999418,-0.16835449635982513,-0.0,0.0,0.0,0.0,0.0,0.0,-0.0,0.3468088905983525,0.0,-0.0,0.0,0.17172090033557802
0.14276310801506042,0.16290682554244995,1.418442964553833,-0.23698589205741882,0.7876507639884949,-0.008194343894720069,-0.2690112590789795,-0.7049761414527893,0.10375499725341797,-0.009778797626495361,-0.9206836819648743,49.88714599609375,False,0.0,0.1762968748807907,-0.22300252318382263,0.7724708914756775,0.0,-0.0014505477249622345,-0.0018414399027824324,-0.01,-0.013291987627744667,0.0004773000255227089,False,69,False,False,7.399999999999407,-0.14505477249622345,-0.0,0.0,0.0,0.0,0.0,0.0,-0.0,0.3465919411004842,0.0,-0.0,0.0,0.17184542282527987
0.10025965422391891,0.16437950730323792,1.2882004976272583,-0.2374313324689865,0.7847707271575928,-0.01457221806049348,-0.31892943382263184,-0.7216057181358337,0.08803153038024902,0.11084675788879395,-0.9434347748756409,49.88714599609375,False,0.0,0.1762968748807907,-0.22300252318382263,0.7724708914756775,0.0,-0.0016061684489250183,-0.0017883095145225514,-0.01,-0.01339447796344757,0.0004918291233479977,False,70,False,False,7.499999999999396,-0.16061684489250183,-0.0,0.0,0.0,0.0,0.0,0.0,-0.0,0.346480085538616,0.0,-0.0,0.0,0.17163387432038296
0.06440384685993195,0.16420161724090576,1.2162755727767944,-0.23598934710025787,0.7838770747184753,-0.013683229237794883,-0.2658649682998657,-0.6999207139015198,0.08850538730621338,-0.008341550827026367,-0.9101648926734924,49.88714599609375,False,0.0,0.1762968748807907,-0.22300252318382263,0.7724708914756775,0.0,-0.0014211897552013398,-0.001862455308437344,-0.01,-0.013283645063638685,0.0006566247902810574,False,71,False,False,7.599999999999385,-0.14211897552013397,-0.0,0.0,0.0,0.0,0.0,0.0,-0.0,0.34621736236992307,0.0,-0.0,0.0,0.1716874914297602
0.05255179852247238,0.1607327163219452,1.4033973217010498,-0.24094398319721222,0.7810671925544739,-0.005067724585533135,-0.25680577754974365,-0.701119601726532,0.08359766006469727,0.038962364196777344,-0.8955260515213013,49.88714599609375,False,0.0,0.1762968748807907,-0.22300252318382263,0.7724708914756775,0.0,-0.001415061354637146,-0.0018280082941055376,-0.01,-0.013243069648742684,0.00047158170491456985,False,72,False,False,7.699999999999374,-0.1415061354637146,-0.0,0.0,0.0,0.0,0.0,0.0,-0.0,0.3460215874217797,0.0,-0.0,0.0,0.1715957323562527
0.27282997965812683,0.1644981950521469,1.4992549419403076,-0.23648913204669952,0.7921632528305054,-0.024726855009794227,-0.2674762010574341,-0.6931275129318237,0.07761108875274658,3.123283386230469e-05,-0.8914905786514282,49.88714599609375,False,0.0,0.1762968748807907,-0.22300252318382263,0.7724708914756775,0.0,-0.0013949818909168245,-0.001839185059070575,-0.01,-0.0132341669499874,0.00047066807746887207,False,73,False,False,7.799999999999363,-0.13949818909168243,-0.0,0.0,0.0,0.0,0.0,0.0,-0.0,0.34580117049344317,0.0,-0.0,0.0,0.17150560335580475
0.028960024937987328,0.1646895557641983,1.3954366445541382,-0.24244602024555206,0.7832831740379333,-0.012291228175163267,-0.33338600397109985,-0.7464885711669922,0.05201733112335205,0.17374968528747559,-0.9700596332550049,49.88714599609375,False,0.0,0.1762968748807907,-0.22300252318382263,0.7724708914756775,0.0,-0.001753215491771698,-0.006565439105033877,-0.01,-0.018318654596805574,0.0004942547529935837,False,74,False,False,7.899999999999352,-0.1753215491771698,-0.0,0.0,0.0,0.0,0.0,0.0,-0.0,0.33603058518101836,0.0,-0.0,0.0,0.16626207709873747
0.06343400478363037,0.16288012266159058,1.6737455129623413,-0.2415522038936615,0.790716826915741,-0.043034406751394284,-0.35495835542678833,-0.7054682374000549,-0.12647271156311035,-0.19078588485717773,-0.9215900301933289,49.88714599609375,False,0.0,0.1762968748807907,-0.22300252318382263,0.7724708914756775,0.0,-0.0016901884973049165,-0.029746442139148704,-0.01,-0.04143663063645362,0.0004847901873290539,False,75,False,False,7.999999999999341,-0.16901884973049164,-0.0,0.0,0.0,0.0,0.0,0.0,-0.0,0.2793309884674655,0.0,-0.0,0.0,0.13797530573642783
0.05679069459438324,0.16874639689922333,1.524194598197937,-0.2445646971464157,0.7890840768814087,-0.02786435306072236,-0.058206140995025635,-0.697436511516571,-0.13473784923553467,-0.007526218891143799,-0.8966091871261597,49.88714599609375,False,0.0,0.1762968748807907,-0.22300252318382263,0.7724708914756775,0.0,-0.0012700414657592775,-0.011313728690147407,-0.01,-0.022583770155906686,0.00047956500202417374,False,76,False,False,8.099999999999374,-0.12700414657592773,-0.0,0.0,0.0,0.0,0.0,0.0,-0.0,0.2592964784828867,0.0,-0.0,0.0,0.1283781977756841
0.033947091549634933,0.16507159173488617,1.5755066871643066,-0.24171125888824463,0.789802074432373,-0.017106860727071772,0.012280821800231934,-0.6527286171913147,0.07208788394927979,0.09570753574371338,-0.7329853177070618,49.88714599609375,False,0.0,0.1762968748807907,-0.22300252318382263,0.7724708914756775,0.0,-0.0011014051735401154,-0.007710658311843879,-0.01,-0.018812063485383994,0.0004925350658595562,False,77,False,False,8.199999999999408,-0.11014051735401154,-0.0,0.0,0.0,0.0,0.0,0.0,-0.0,0.24633855262559423,0.0,-0.0,0.0,0.122067871139257
0.015343893319368362,0.16569826006889343,1.4635746479034424,-0.24335822463035583,0.7854238152503967,-0.017168194577097902,0.04776346683502197,-0.6131768226623535,0.08220899105072021,0.07133328914642334,-0.6478098034858704,49.88714599609375,False,0.0,0.1762968748807907,-0.22300252318382263,0.7724708914756775,0.0,-0.0009752847999334336,-0.00708676218986512,-0.01,-0.018062046989798554,0.0004825708456337452,False,78,False,False,8.299999999999441,-0.09752847999334335,-0.0,0.0,0.0,0.0,0.0,0.0,-0.0,0.23451020964862856,0.0,-0.0,0.0,0.11627982002438085
0.06239894777536392,0.16182664036750793,1.959180235862732,-0.2427818775177002,0.7969967126846313,-0.015783555209636698,0.10535979270935059,-0.569244921207428,0.05867469310760498,0.01806819438934326,-0.4891695976257324,49.88714599609375,False,0.0,0.1762968748807907,-0.22300252318382263,0.7724708914756775,0.0,-0.0008472740650177002,-0.0056014707684516885,-0.01,-0.01644874483346939,0.00047964416444301605,False,79,False,False,8.399999999999475,-0.08472740650177002,-0.0,0.0,0.0,0.0,0.0,0.0,-0.0,0.22556290062252649,0.0,-0.0,0.0,0.11193417624624555
0.025606350973248482,0.17371486127376556,1.3950765132904053,-0.24370935559272766,0.7910343408584595,-0.025259188488125806,0.016646504402160645,-0.6159154176712036,-0.03488457202911377,0.10325086116790771,-0.7395403385162354,49.88714599609375,False,0.0,0.1762968748807907,-0.22300252318382263,0.7724708914756775,0.0,-0.000978766456246376,-0.005371919274330145,-0.01,-0.01635068573057652,0.0005208556540310383,False,80,False,False,8.499999999999508,-0.0978766456246376,-0.0,0.0,0.0,0.0,0.0,0.0,-0.0,0.21698892215189625,0.0,-0.0,0.0,0.10751569461970174
0.018670007586479187,0.1657300442457199,1.6389483213424683,-0.24086476862430573,0.7932102680206299,-0.01234496869146824,0.12905120849609375,-0.5818477272987366,-0.043785810470581055,0.08466637134552002,-0.5547276735305786,49.88714599609375,False,0.0,0.1762968748807907,-0.22300252318382263,0.7724708914756775,0.0,-0.0009107164293527604,-0.0056089863181114225,-0.01,-0.016519702747464185,0.000799320638179779,False,81,False,False,8.599999999999541,-0.09107164293527603,-0.0,0.0,0.0,0.0,0.0,0.0,-0.0,0.20784943813577428,0.0,-0.0,0.0,0.10301400263853439
0.032951172441244125,0.1691584438085556,1.6505727767944336,-0.23933207988739014,0.7985200881958008,-0.020318428054451942,0.16920018196105957,-0.571982741355896,-0.17283695936203003,0.13391411304473877,-0.5792470574378967,49.88714599609375,False,0.0,0.1762968748807907,-0.22300252318382263,0.7724708914756775,0.0,-0.0010089964419603347,-0.004651960134506222,-0.01,-0.01566095657646656,0.0005049901083111763,False,82,False,False,8.699999999999575,-0.10089964419603348,-0.0,0.0,0.0,0.0,0.0,0.0,-0.0,0.2005509892843772,0.0,-0.0,0.0,0.09926649820022826
0.015865644440054893,0.16337202489376068,1.7686569690704346,-0.2403632253408432,0.7952450513839722,-0.010265528559684758,0.1933286190032959,-0.5810924172401428,-0.2542330026626587,0.2122359275817871,-0.6393119096755981,49.88714599609375,False,0.0,0.1762968748807907,-0.22300252318382263,0.7724708914756775,0.0,-0.001211807131767273,-0.004282659590244292,-0.01,-0.015494466722011565,0.0004783649928867817,False,83,False,False,8.799999999999608,-0.1211807131767273,-0.0,0.0,0.0,0.0,0.0,0.0,-0.0,0.19392496980267682,0.0,-0.0,0.0,0.09575067776957114
0.004259749781340361,0.159671813249588,1.7250826358795166,-0.2421068400144577,0.7884939908981323,-0.011054386049509054,0.2634148597717285,-0.5500301718711853,-0.34099137783050537,0.204315185546875,-0.5761833786964417,49.88714599609375,False,0.0,0.1762968748807907,-0.22300252318382263,0.7724708914756775,0.0,-0.0013248510658740997,-0.003959059417247779,-0.01,-0.015283910483121879,0.00047868816182017326,False,84,False,False,8.899999999999642,-0.13248510658740997,-0.0,0.0,0.0,0.0,0.0,0.0,-0.0,0.18788567920120136,0.0,-0.0,0.0,0.09261798853472658
0.0065504261292517185,0.1625816524028778,1.6372243165969849,-0.23918630182743073,0.7916886210441589,-0.01919113919138908,0.3961414098739624,-0.49150288105010986,-0.376686692237854,0.16268503665924072,-0.4562948942184448,49.88714599609375,False,0.0,0.1762968748807907,-0.22300252318382263,0.7724708914756775,0.0,-0.001417156010866165,-0.003035059869289397,-0.01,-0.014452215880155562,0.0004771142266690731,False,85,False,False,8.999999999999675,-0.14171560108661652,-0.0,0.0,0.0,0.0,0.0,0.0,-0.0,0.18365209578045394,0.0,-0.0,0.0,0.0904088918793608
0.011447538621723652,0.16556784510612488,1.684059739112854,-0.23865832388401031,0.7966078519821167,-0.016308840364217765,0.4731196165084839,-0.46793270111083984,-0.43083614110946655,0.20264768600463867,-0.4567641019821167,49.88714599609375,False,0.0,0.1762968748807907,-0.22300252318382263,0.7724708914756775,0.0,-0.0016737227141857148,-0.001962358653545382,-0.01,-0.013636081367731097,0.0005730460397899151,False,86,False,False,9.099999999999708,-0.16737227141857147,-0.0,0.0,0.0,0.0,0.0,0.0,-0.0,0.18154281250618276,0.0,-0.0,0.0,0.08909768353890567
0.06435365229845047,0.1706961840391159,1.6516884565353394,-0.2333911955356598,0.8060321807861328,-0.02054817885160446,0.4871346950531006,-0.4710339307785034,-0.48346298933029175,0.24130547046661377,-0.5340968370437622,49.88714599609375,False,0.0,0.1762968748807907,-0.22300252318382263,0.7724708914756775,0.0,-0.0018778449296951295,-0.0013581266999244668,-0.01,-0.013235971629619597,0.000493503175675869,False,87,False,False,9.199999999999742,-0.18778449296951294,-0.0,0.0,0.0,0.0,0.0,0.0,-0.0,0.18063291665864367,0.0,-0.0,0.0,0.0884386133996267
0.03247407451272011,0.16983726620674133,1.4945412874221802,-0.23052486777305603,0.8033251762390137,-0.013847483098506936,0.46722209453582764,-0.5101895928382874,-0.5783829689025879,0.29437732696533203,-0.634830117225647,49.88714599609375,False,0.0,0.1762968748807907,-0.22300252318382263,0.7724708914756775,0.0,-0.0022494369745254517,-0.0006382158398628296,-0.01,-0.012887652814388282,0.0004833540879189968,False,88,False,False,9.299999999999775,-0.22494369745254517,-0.0,0.0,0.0,0.0,0.0,0.0,-0.0,0.18116811000621913,0.0,-0.0,0.0,0.08833461802858411
0.01795889064669609,0.16666965186595917,1.4835789203643799,-0.2302478700876236,0.8001056909561157,-0.010063923895359043,0.45192456245422363,-0.4735949635505676,-0.5944964289665222,0.28988587856292725,-0.6276414394378662,49.88714599609375,False,0.0,0.1762968748807907,-0.22300252318382263,0.7724708914756775,0.0,-0.0021649697422981263,0.00015961855649948564,-0.01,-0.012005351185798641,0.000612869393080473,False,89,False,False,9.399999999999809,-0.21649697422981262,-0.0,0.0,0.0,0.0,0.0,0.0,-0.0,0.18332063150422984,0.0,-0.0,0.0,0.08949534600981679
0.1016521155834198,0.17027127742767334,2.0941927433013916,-0.2347916066646576,0.8174819946289062,-0.010069404840469358,0.42124783992767334,-0.4212832450866699,-0.5982242226600647,0.24313855171203613,-0.6362642645835876,49.88714599609375,False,0.0,0.1762968748807907,-0.22300252318382263,0.7724708914756775,0.0,-0.0019297948479652404,0.0006940957903861927,-0.01,-0.011235699057579047,0.00047503598034381866,False,90,False,False,9.499999999999842,-0.19297948479652405,-0.0,0.0,0.0,0.0,0.0,0.0,-0.0,0.18657448329120474,0.0,-0.0,0.0,0.09135744679763713
0.015613945201039314,0.16448092460632324,1.4665395021438599,-0.22737206518650055,0.8002815842628479,-0.013431541621685028,0.32327044010162354,-0.5547609329223633,-0.6651411652565002,0.3296842575073242,-0.8353903889656067,49.88714599609375,False,0.0,0.1762968748807907,-0.22300252318382263,0.7724708914756775,0.0,-0.0024084198474884034,0.0007143229246139582,-0.01,-0.011694096922874445,0.0006332001648843288,False,91,False,False,9.599999999999875,-0.24084198474884033,-0.0,0.0,0.0,0.0,0.0,0.0,-0.0,0.18990216515489655,0.0,-0.0,0.0,0.09254266272995987
0.03227533400058746,0.17267127335071564,1.551854133605957,-0.23169831931591034,0.806705117225647,-0.010835714936256412,0.32668256759643555,-0.3584940433502197,-0.5977473258972168,0.238242506980896,-0.7016142010688782,49.88714599609375,False,0.0,0.1762968748807907,-0.22300252318382263,0.7724708914756775,0.0,-0.001623252034187317,0.000359122753143315,-0.01,-0.011264129281044002,0.00047563808038830757,False,92,False,False,9.699999999999909,-0.1623252034187317,-0.0,0.0,0.0,0.0,0.0,0.0,-0.0,0.1925459233897968,0.0,-0.0,0.0,0.0946497096607111
0.08615566045045853,0.1729353815317154,1.668434739112854,-0.22819207608699799,0.8139728903770447,-0.013914454281330117,0.3227200508117676,-0.39583057165145874,-0.5788150429725647,0.2748650312423706,-0.8013394474983215,49.88714599609375,False,0.0,0.1762968748807907,-0.22300252318382263,0.7724708914756775,0.0,-0.0016785192489624024,0.0003559651970863331,-0.01,-0.01132255405187607,0.00046976516023278236,False,93,False,False,9.799999999999942,-0.16785192489624023,-0.0,0.0,0.0,0.0,0.0,0.0,-0.0,0.19520992952034133,0.0,-0.0,0.0,0.09592644551120827
0.009445671923458576,0.16928166151046753,1.3337444067001343,-0.23101158440113068,0.7974589467048645,-0.007212563455104836,0.24831759929656982,-0.40923917293548584,-0.5927417278289795,0.3293294906616211,-0.8528293967247009,49.88714599609375,False,0.0,0.1762968748807907,-0.22300252318382263,0.7724708914756775,0.0,-0.0017223474383354187,4.474014043807928e-05,-0.01,-0.01167760729789734,0.0004763491451740265,False,94,False,False,9.899999999999975,-0.17223474383354187,-0.0,0.0,0.0,0.0,0.0,0.0,-0.0,0.1972720921349692,0.0,-0.0,0.0,0.09691369862914918
0.01027639303356409,0.166927769780159,1.4541566371917725,-0.23256361484527588,0.7971653938293457,-0.008707118630409237,0.3495814800262451,-0.30503904819488525,-0.4875156879425049,0.18923473358154297,-0.7087403535842896,49.88714599609375,False,0.0,0.1762968748807907,-0.22300252318382263,0.7724708914756775,0.0,-0.0012218433618545533,-0.00021668195724487693,-0.01,-0.01143852531909943,0.0004946039989590645,False,95,False,False,10.000000000000009,-0.12218433618545532,-0.0,0.0,0.0,0.0,0.0,0.0,-0.0,0.19882709644251229,0.0,-0.0,0.0,0.0981917048594016
0.0027175224386155605,0.16736166179180145,1.2202918529510498,-0.23231592774391174,0.7908310294151306,-0.011694619730114932,0.3380008935928345,-0.3033924102783203,-0.43145751953125,0.16356730461120605,-0.7103641033172607,49.88714599609375,False,0.0,0.1762968748807907,-0.22300252318382263,0.7724708914756775,0.0,-0.0010480035096406936,0.00021146953105925792,-0.01,-0.010836533978581435,0.0004659118130803108,False,96,False,False,10.100000000000042,-0.10480035096406937,-0.0,0.0,0.0,0.0,0.0,0.0,-0.0,0.20126261933030554,0.0,-0.0,0.0,0.09958330615551207
0.004680322948843241,0.16687270998954773,1.224599838256836,-0.23098167777061462,0.7918055653572083,-0.0114586890488863,0.40005600452423096,-0.29986947774887085,-0.35677504539489746,0.025494933128356934,-0.5452594757080078,49.88714599609375,False,0.0,0.1762968748807907,-0.22300252318382263,0.7724708914756775,0.0,-0.0009447623044252396,0.0003269568085670499,-0.01,-0.01061780549585819,0.0004828548990190029,False,97,False,False,10.200000000000076,-0.09447623044252396,-0.0,0.0,0.0,0.0,0.0,0.0,-0.0,0.2039560882495326,0.0,-0.0,0.0,0.10103328182034106
0.002372611779719591,0.1682225912809372,1.1666159629821777,-0.2338995635509491,0.788498044013977,-0.008352546319365498,0.379239559173584,-0.302567720413208,-0.30618953704833984,0.017871499061584473,-0.5215122699737549,49.88714599609375,False,0.0,0.1762968748807907,-0.22300252318382263,0.7724708914756775,0.0,-0.0008236031979322434,0.0006489533185958796,-0.01,-0.010174649879336363,0.00047585368156433105,False,98,False,False,10.300000000000109,-0.08236031979322433,-0.0,0.0,0.0,0.0,0.0,0.0,-0.0,0.2073272584415936,0.0,-0.0,0.0,0.10284002602286456
0.009137057699263096,0.17023736238479614,1.1777604818344116,-0.2309057116508484,0.7938410043716431,-0.013019120022654537,0.3489108085632324,-0.30376577377319336,-0.2702322006225586,-0.07952600717544556,-0.4674428701400757,49.88714599609375,False,0.0,0.1762968748807907,-0.22300252318382263,0.7724708914756775,0.0,-0.0007334055751562118,0.000545266270637515,-0.01,-0.010188139304518697,0.000476212240755558,False,99,False,False,10.400000000000142,-0.07334055751562119,-0.0,0.0,0.0,0.0,0.0,0.0,-0.0,0.21052304547935885,0.0,-0.0,0.0,0.10452811716452322
0.001879122108221054,0.16456235945224762,1.0408713817596436,-0.22956834733486176,0.7853966951370239,-0.011133764907717706,0.32065248489379883,-0.313564658164978,-0.2531750798225403,-0.03762829303741455,-0.5045238137245178,49.88714599609375,False,0.0,0.1762968748807907,-0.22300252318382263,0.7724708914756775,0.0,-0.0006666358560323716,0.0004531368613243103,-0.01,-0.010213498994708062,0.000683134887367487,False,100,False,False,10.500000000000176,-0.06666358560323715,-0.0,0.0,0.0,0.0,0.0,0.0,-0.0,0.2135649849323773,0.0,-0.0,0.0,0.10611585661015628
0.0025392069946974516,0.16277530789375305,1.18417489528656,-0.2298392653465271,0.7876378297805786,-0.009469237104058269,0.2249922752380371,-0.2989952564239502,-0.24817395210266113,-0.19041121006011963,-0.3589698076248169,49.88714599609375,False,0.0,0.1762968748807907,-0.22300252318382263,0.7724708914756775,0.0,-0.0005946660786867141,0.00021006554365157748,-0.01,-0.010384600535035137,0.0009824149310588837,False,101,False,False,10.60000000000021,-0.05946660786867142,-0.0,0.0,0.0,0.0,0.0,0.0,-0.0,0.2161465212229463,0.0,-0.0,0.0,0.10747859453278644
0.00017994732479564846,0.15850892663002014,0.995418906211853,-0.2300928235054016,0.77745521068573,-0.011219983324408538,0.1615293025970459,-0.28816378116607666,-0.23368847370147705,-0.2411392331123352,-0.40124619007110596,49.88714599609375,False,0.0,0.1762968748807907,-0.22300252318382263,0.7724708914756775,0.0,-0.0005547212809324265,0.00012044638395308782,-0.01,-0.010434274896979338,0.00048585934564471245,False,102,False,False,10.700000000000243,-0.055472128093242645,-0.0,0.0,0.0,0.0,0.0,0.0,-0.0,0.2185731747138333,0.0,-0.0,0.0,0.10873186607598423
0.00011122706928290427,0.1608414649963379,0.857230007648468,-0.23001311719417572,0.7757217884063721,-0.012019219547510153,0.03918015956878662,-0.24787485599517822,-0.22223836183547974,-0.5012387633323669,-0.21326595544815063,49.88714599609375,False,0.0,0.1762968748807907,-0.22300252318382263,0.7724708914756775,0.0,-0.0009090180695056915,3.2280683517460496e-05,-0.01,-0.010876737385988232,0.00047599105164408684,False,103,False,False,10.800000000000276,-0.09090180695056915,-0.0,0.0,0.0,0.0,0.0,0.0,-0.0,0.22084618434010328,0.0,-0.0,0.0,0.10951407410054595
5.287986641633324e-05,0.1563599854707718,0.8845527768135071,-0.22747933864593506,0.7745937705039978,-0.01293603718280793,0.02551281452178955,-0.2424023151397705,-0.1953769326210022,-0.6057764291763306,-0.13050496578216553,49.88714599609375,False,0.0,0.1762968748807907,-0.22300252318382263,0.7724708914756775,0.0,-0.0011613675951957702,5.345880985259399e-05,-0.01,-0.011107908785343176,0.0004803282208740711,False,104,False,False,10.90000000000031,-0.11613675951957703,-0.0,0.0,0.0,0.0,0.0,0.0,-0.0,0.22318497912745228,0.0,-0.0,0.0,0.11043112196853037
0.00014727719826623797,0.15585017204284668,0.8386706113815308,-0.2245045006275177,0.7756823301315308,-0.014252796918153763,-0.05596601963043213,-0.19607412815093994,-0.2083163857460022,-0.6460407972335815,-0.07693421840667725,49.88714599609375,False,0.0,0.1762968748807907,-0.22300252318382263,0.7724708914756775,0.0,-0.0012558542191982269,-0.0001469445228576699,-0.01,-0.011402798742055896,0.00046933162957429886,False,105,False,False,11.000000000000343,-0.1255854219198227,-0.0,0.0,0.0,0.0,0.0,0.0,-0.0,0.22514250316640338,0.0,-0.0,0.0,0.11131539736400346
0.00013905661762692034,0.1551690250635147,0.8760511875152588,-0.22521114349365234,0.7754159569740295,-0.011075022593140605,-0.10407674312591553,-0.12219947576522827,-0.23044586181640625,-0.6164937019348145,-0.07790201902389526,49.88714599609375,False,0.0,0.1762968748807907,-0.22300252318382263,0.7724708914756775,0.0,-0.0011473361402750016,-0.0007478803396225031,-0.01,-0.011895216479897506,0.00048317713662981987,False,106,False,False,11.100000000000376,-0.11473361402750015,-0.0,0.0,0.0,0.0,0.0,0.0,-0.0,0.22590570016842948,0.0,-0.0,0.0,0.11180551394393974
0.00014522917626891285,0.15721817314624786,0.8498896956443787,-0.22657284140586853,0.7753185629844666,-0.011697864904999732,-0.29011350870132446,-0.09750688076019287,-0.26513952016830444,-0.5445475578308105,-0.24697566032409668,49.88714599609375,False,0.0,0.1762968748807907,-0.22300252318382263,0.7724708914756775,0.0,-0.001151261106133461,-0.001516654789447791,-0.01,-0.012667915895581253,0.000458654947578907,False,107,False,False,11.20000000000041,-0.1151261106133461,-0.0,0.0,0.0,0.0,0.0,0.0,-0.0,0.22512370282468797,0.0,-0.0,0.0,0.11141059030621052
8.137190889101475e-05,0.15883541107177734,0.7608026266098022,-0.2258889228105545,0.7749471068382263,-0.014908688515424734,-0.4611402153968811,-0.11090576648712158,-0.3306286334991455,-0.41545987129211426,-0.4521803855895996,49.88714599609375,False,0.0,0.1762968748807907,-0.22300252318382263,0.7724708914756775,0.0,-0.0012671814858913422,-0.0026672771573066772,-0.01,-0.01393445864319802,0.0004982808604836464,False,108,False,False,11.300000000000443,-0.12671814858913422,-0.0,0.0,0.0,0.0,0.0,0.0,-0.0,0.22200919415265763,0.0,-0.0,0.0,0.10973741559043747
0.00029762403573840857,0.1571054905653,0.7635707259178162,-0.2228545993566513,0.7760387063026428,-0.017223995029926296,-0.5248603224754333,-0.126181960105896,-0.4312606453895569,-0.259810209274292,-0.5866553783416748,49.88714599609375,False,0.0,0.1762968748807907,-0.22300252318382263,0.7724708914756775,0.0,-0.0013622182607650757,-0.0035895875096321056,-0.01,-0.014951805770397182,0.0004720478318631649,False,109,False,False,11.400000000000476,-0.13622182607650757,-0.0,0.0,0.0,0.0,0.0,0.0,-0.0,0.2170000777444494,0.0,-0.0,0.0,0.10713782061145963
0.00018153298879042268,0.1563585102558136,0.8493334054946899,-0.22574298083782196,0.7752720713615417,-0.012072223126888274,-0.5073456764221191,-0.21944057941436768,-0.5247657895088196,-0.1263607144355774,-0.5717994570732117,49.88714599609375,False,0.0,0.1762968748807907,-0.22300252318382263,0.7724708914756775,0.0,-0.0014922499656677246,-0.00393844962120056,-0.01,-0.015430699586868286,0.0005679680034518242,False,110,False,False,11.50000000000051,-0.14922499656677246,-0.0,0.0,0.0,0.0,0.0,0.0,-0.0,0.21123555576893294,0.0,-0.0,0.0,0.10412552791879874
0.00022063138021621853,0.15575020015239716,0.7910956740379333,-0.22285699844360352,0.7755115628242493,-0.017543645203113564,-0.40972912311553955,-0.30900681018829346,-0.5735900402069092,-0.06534826755523682,-0.5747233033180237,49.88714599609375,False,0.0,0.1762968748807907,-0.22300252318382263,0.7724708914756775,0.0,-0.0014915978908538819,-0.003794737160205841,-0.01,-0.015286335051059724,0.0005811778828501701,False,111,False,False,11.600000000000543,-0.14915978908538818,-0.0,0.0,0.0,0.0,0.0,0.0,-0.0,0.2057030752578226,0.0,-0.0,0.0,0.10135993973805742
0.0001360813621431589,0.15880021452903748,0.678873598575592,-0.223309725522995,0.7750332355499268,-0.015118258595466613,-0.32581043243408203,-0.31160616874694824,-0.5906011462211609,-0.03171420097351074,-0.5367075800895691,49.88714599609375,False,0.0,0.1762968748807907,-0.22300252318382263,0.7724708914756775,0.0,-0.0013826659321784973,-0.0033188751339912476,-0.01,-0.014701541066169745,0.0004653460346162319,False,112,False,False,11.700000000000577,-0.13826659321784973,-0.0,0.0,0.0,0.0,0.0,0.0,-0.0,0.20107608547685063,0.0,-0.0,0.0,0.09915537680624682
0.00011474054190330207,0.15908901393413544,0.6897916793823242,-0.22211724519729614,0.7750715017318726,-0.014983237087726598,-0.1840989589691162,-0.30957067012786865,-0.589477002620697,-0.026966333389282227,-0.5172953605651855,49.88714599609375,False,0.0,0.1762968748807907,-0.22300252318382263,0.7724708914756775,0.0,-0.0011948418617248535,-0.0027474617958068853,-0.01,-0.013942303657531739,0.0004732203669846058,False,113,False,False,11.80000000000061,-0.11948418617248535,-0.0,0.0,0.0,0.0,0.0,0.0,-0.0,0.19755670771520595,0.0,-0.0,0.0,0.09758351199587811
0.00013575553020928055,0.16160257160663605,0.5832751989364624,-0.22325032949447632,0.7750270366668701,-0.01303446494042873,-0.09601974487304688,-0.290149450302124,-0.5794579982757568,-0.002614259719848633,-0.5079312324523926,49.88714599609375,False,0.0,0.1762968748807907,-0.22300252318382263,0.7724708914756775,0.0,-0.001072962209582329,-0.0020179262757301364,-0.01,-0.013090888485312466,0.0004908940754830837,False,114,False,False,11.900000000000643,-0.10729622095823288,-0.0,0.0,0.0,0.0,0.0,0.0,-0.0,0.195475663396397,0.0,-0.0,0.0,0.09666486948861616
0.0001045519529725425,0.16053196787834167,0.6995742917060852,-0.21968123316764832,0.7743719220161438,-0.015016746222972865,-0.005598247051239014,-0.28881335258483887,-0.5706609487533569,0.008862972259521484,-0.5077434182167053,49.88714599609375,False,0.0,0.1762968748807907,-0.22300252318382263,0.7724708914756775,0.0,-0.0010229423642158508,-0.0014617797732353194,-0.01,-0.01248472213745117,0.00048685306683182716,False,115,False,False,12.000000000000677,-0.10229423642158508,-0.0,0.0,0.0,0.0,0.0,0.0,-0.0,0.1944970115038711,0.0,-0.0,0.0,0.0962255633877197
0.000132099274196662,0.16170430183410645,0.5831530094146729,-0.22192887961864471,0.7742992639541626,-0.010573610365390774,0.021167635917663574,-0.2543731927871704,-0.5582196712493896,0.02917635440826416,-0.4666414260864258,49.88714599609375,False,0.0,0.1762968748807907,-0.22300252318382263,0.7724708914756775,0.0,-0.0009440356492996216,-0.0010257405042648354,-0.01,-0.011969776153564458,0.0004825042560696602,False,116,False,False,12.10000000000071,-0.09440356492996216,-0.0,0.0,0.0,0.0,0.0,0.0,-0.0,0.19438944588836682,0.0,-0.0,0.0,0.09625068729488379
9.846857574302703e-05,0.15970121324062347,0.6920039653778076,-0.22500839829444885,0.7746294736862183,-0.008480150997638703,0.05786633491516113,-0.2560347318649292,-0.5494256019592285,0.027909040451049805,-0.48871147632598877,49.88714599609375,False,0.0,0.1762968748807907,-0.22300252318382263,0.7724708914756775,0.0,-0.0009288743138313294,-0.0008321559429168707,-0.01,-0.011761030256748201,0.0004610181786119938,False,117,False,False,12.200000000000744,-0.09288743138313293,-0.0,0.0,0.0,0.0,0.0,0.0,-0.0,0.19467187448050938,0.0,-0.0,0.0,0.09640706292642336
8.852786413626745e-05,0.15554720163345337,0.8113493323326111,-0.22160188853740692,0.7746610641479492,-0.013046661019325265,0.042513489723205566,-0.25590527057647705,-0.5377841591835022,0.02980506420135498,-0.5354030132293701,49.88714599609375,False,0.0,0.1762968748807907,-0.22300252318382263,0.7724708914756775,0.0,-0.0008934876322746277,-0.0007142230868339566,-0.01,-0.011607710719108585,0.00048483628779649734,False,118,False,False,12.300000000000777,-0.08934876322746277,-0.0,0.0,0.0,0.0,0.0,0.0,-0.0,0.1951953707959354,0.0,-0.0,0.0,0.09670419776569307
7.797744183335453e-05,0.15649279952049255,0.9262477159500122,-0.21752512454986572,0.7749768495559692,-0.01550872921943665,0.012549042701721191,-0.21965986490249634,-0.5227275490760803,0.03206753730773926,-0.5015951991081238,49.88714599609375,False,0.0,0.1762968748807907,-0.22300252318382263,0.7724708914756775,0.0,-0.0008067008852958679,-0.0008627688884735168,-0.01,-0.011669469773769385,0.0004851720295846462,False,119,False,False,12.40000000000081,-0.08067008852958679,-0.0,0.0,0.0,0.0,0.0,0.0,-0.0,0.1954240247331559,0.0,-0.0,0.0,0.09690531148128208
7.234900840558112e-05,0.15493212640285492,1.0100882053375244,-0.21662375330924988,0.7750300168991089,-0.011938319355249404,0.049158692359924316,-0.19181865453720093,-0.5024009943008423,0.02769172191619873,-0.43782150745391846,49.88714599609375,False,0.0,0.1762968748807907,-0.22300252318382263,0.7724708914756775,0.0,-0.000730961412191391,-0.0009616601467132557,-0.01,-0.011692621558904647,0.0004743342287838459,False,120,False,False,12.500000000000844,-0.0730961412191391,-0.0,0.0,0.0,0.0,0.0,0.0,-0.0,0.19545528209599494,0.0,-0.0,0.0,0.09699667963580608
8.950906340032816e-05,0.15357494354248047,1.04013192653656,-0.2165995091199875,0.7745499014854431,-0.011089296042919156,0.06279325485229492,-0.1676613688468933,-0.4840722680091858,0.026077747344970703,-0.41715121269226074,49.88714599609375,False,0.0,0.1762968748807907,-0.22300252318382263,0.7724708914756775,0.0,-0.0006676483154296875,-0.0008203136920929,-0.01,-0.011487962007522588,0.0005813888274133205,False,121,False,False,12.600000000000877,-0.06676483154296875,-0.0,0.0,0.0,0.0,0.0,0.0,-0.0,0.19577238082383008,0.0,-0.0,0.0,0.09721854209648535
9.484650217927992e-05,0.15311510860919952,0.988281786441803,-0.2189372479915619,0.7748723030090332,-0.009324373453855513,0.06980419158935547,-0.14780914783477783,-0.4706031084060669,0.011379241943359375,-0.402279257774353,49.88714599609375,False,0.0,0.1762968748807907,-0.22300252318382263,0.7724708914756775,0.0,-0.0006207923591136932,-0.0007502037286758467,-0.01,-0.01137099608778954,0.0004704231396317482,False,122,False,False,12.70000000000091,-0.062079235911369324,-0.0,0.0,0.0,0.0,0.0,0.0,-0.0,0.19623438375430435,0.0,-0.0,0.0,0.09749639951803848
0.0001326894707744941,0.15210065245628357,0.9691014885902405,-0.22024965286254883,0.7745948433876038,-0.009920254088938232,0.06739234924316406,-0.14493626356124878,-0.45370787382125854,-0.011266648769378662,-0.4323902130126953,49.88714599609375,False,0.0,0.1762968748807907,-0.22300252318382263,0.7724708914756775,0.0,-0.0005788150802254676,-0.0007284083962440513,-0.01,-0.011307223476469518,0.000470542348921299,False,123,False,False,12.800000000000944,-0.05788150802254677,-0.0,0.0,0.0,0.0,0.0,0.0,-0.0,0.19674498197397416,0.0,-0.0,0.0,0.09779367590676162
0.00016116884944494814,0.15231940150260925,0.9034201502799988,-0.22234401106834412,0.7749375104904175,-0.009685198552906518,0.01929008960723877,-0.14528173208236694,-0.4237828254699707,-0.05860263109207153,-0.4530884623527527,49.88714599609375,False,0.0,0.1762968748807907,-0.22300252318382263,0.7724708914756775,0.0,-0.0005112626031041146,-0.0008204481005668618,-0.01,-0.011331710703670977,0.0004731020890176296,False,124,False,False,12.900000000000977,-0.05112626031041145,-0.0,0.0,0.0,0.0,0.0,0.0,-0.0,0.19707485732503882,0.0,-0.0,0.0,0.09802616605941529
0.00014310804544948041,0.15342505276203156,0.9556482434272766,-0.22686269879341125,0.7744083404541016,-0.00802953567355872,-0.033714234828948975,-0.16822749376296997,-0.39783263206481934,-0.10296511650085449,-0.4951411485671997,49.88714599609375,False,0.0,0.1762968748807907,-0.22300252318382263,0.7724708914756775,0.0,-0.0004957744106650352,-0.001092533767223361,-0.01,-0.011588308177888397,0.0004748469218611717,False,125,False,False,13.00000000000101,-0.049577441066503525,-0.0,0.0,0.0,0.0,0.0,0.0,-0.0,0.19685834077016162,0.0,-0.0,0.0,0.09793339597441578
9.741137182572857e-05,0.15421900153160095,0.847001850605011,-0.22176431119441986,0.7745648622512817,-0.016765411458909505,-0.05247819423675537,-0.19681251049041748,-0.383805513381958,-0.15171724557876587,-0.5262686014175415,49.88714599609375,False,0.0,0.1762968748807907,-0.22300252318382263,0.7724708914756775,0.0,-0.0005295347794890404,-0.0013399660587310736,-0.01,-0.011869500838220115,0.00048610102385282516,False,126,False,False,13.100000000001044,-0.05295347794890404,-0.0,0.0,0.0,0.0,0.0,0.0,-0.0,0.1961398259065139,0.0,-0.0,0.0,0.09754037817376791
8.542760042473674e-05,0.15624184906482697,0.7870286703109741,-0.22165784239768982,0.7746820449829102,-0.012870099693536764,-0.07218003273010254,-0.1911402940750122,-0.398162841796875,-0.14236056804656982,-0.49947023391723633,49.88714599609375,False,0.0,0.1762968748807907,-0.22300252318382263,0.7724708914756775,0.0,-0.0005513618886470795,-0.001460379958152777,-0.01,-0.012011741846799857,0.000494890846312046,False,127,False,False,13.200000000001078,-0.05513618886470795,-0.0,0.0,0.0,0.0,0.0,0.0,-0.0,0.19517074004072021,0.0,-0.0,0.0,0.09703400813171303
8.291650738101453e-05,0.1587667614221573,0.6656497716903687,-0.2230074107646942,0.7749053835868835,-0.012013018801808356,-0.06546014547348022,-0.21565163135528564,-0.42668604850769043,-0.14589321613311768,-0.5041905045509338,49.88714599609375,False,0.0,0.1762968748807907,-0.22300252318382263,0.7724708914756775,0.0,-0.0006353411823511124,-0.0015363764762878485,-0.01,-0.012171717658638961,0.0004910379648208618,False,128,False,False,13.300000000001111,-0.06353411823511124,-0.0,0.0,0.0,0.0,0.0,0.0,-0.0,0.19403832909678498,0.0,-0.0,0.0,0.09638382336604137
7.104825635906309e-05,0.16004277765750885,0.7985507249832153,-0.21774615347385406,0.77491694688797,-0.017017360925674446,-0.04162752628326416,-0.2414901852607727,-0.4462496042251587,-0.1459428071975708,-0.5166311860084534,49.88714599609375,False,0.0,0.1762968748807907,-0.22300252318382263,0.7724708914756775,0.0,-0.0007012209296226501,-0.0014869302511215238,-0.01,-0.012188151180744174,0.0004807659424841404,False,129,False,False,13.400000000001144,-0.07012209296226501,-0.0,0.0,0.0,0.0,0.0,0.0,-0.0,0.19299443508250724,0.0,-0.0,0.0,0.09579599661163098
7.561333040939644e-05,0.16190265119075775,0.6886283159255981,-0.21910914778709412,0.7748421430587769,-0.01162713676691056,-0.031055212020874023,-0.23867344856262207,-0.4707936644554138,-0.1196584701538086,-0.4685244560241699,49.88714599609375,False,0.0,0.1762968748807907,-0.22300252318382263,0.7724708914756775,0.0,-0.0007347357273101806,-0.0013008493185043407,-0.01,-0.012035585045814522,0.00046538934111595154,False,130,False,False,13.500000000001178,-0.07347357273101807,-0.0,0.0,0.0,0.0,0.0,0.0,-0.0,0.1923159443793485,0.0,-0.0,0.0,0.09542323646236407
6.196439790073782e-05,0.15760332345962524,0.8590295910835266,-0.21865716576576233,0.7752028703689575,-0.010708121433854106,-0.011358380317687988,-0.26810383796691895,-0.4917951226234436,-0.11715209484100342,-0.45872682332992554,49.88714599609375,False,0.0,0.1762968748807907,-0.22300252318382263,0.7724708914756775,0.0,-0.0008189893513917923,-0.0010204997658729564,-0.01,-0.011839489117264748,0.0005588056519627571,False,131,False,False,13.600000000001211,-0.08189893513917923,-0.0,0.0,0.0,0.0,0.0,0.0,-0.0,0.19219684326989805,0.0,-0.0,0.0,0.09527943228355723
6.925887282704934e-05,0.15773604810237885,0.9364351630210876,-0.21663357317447662,0.7756341695785522,-0.01364883698523045,-0.08621984720230103,-0.28138160705566406,-0.5219320058822632,-0.09384369850158691,-0.488879919052124,49.88714599609375,False,0.0,0.1762968748807907,-0.22300252318382263,0.7724708914756775,0.0,-0.0009195727854967117,-0.000979896783828732,-0.01,-0.011899469569325444,0.00048473989591002464,False,132,False,False,13.700000000001245,-0.09195727854967117,-0.0,0.0,0.0,0.0,0.0,0.0,-0.0,0.19215869927801588,0.0,-0.0,0.0,0.09515977685351122
7.606112922076136e-05,0.15949878096580505,0.8900101184844971,-0.21621394157409668,0.7755845189094543,-0.012856481894850735,-0.1030646562576294,-0.28212249279022217,-0.5301323533058167,-0.08172833919525146,-0.4824378490447998,49.88714599609375,False,0.0,0.1762968748807907,-0.22300252318382263,0.7724708914756775,0.0,-0.0009448381513357162,-0.0009496998786926308,-0.01,-0.011894538030028348,0.0004651830531656742,False,133,False,False,13.800000000001278,-0.09448381513357162,-0.0,0.0,0.0,0.0,0.0,0.0,-0.0,0.1921811022324783,0.0,-0.0,0.0,0.09514571296490344
7.58835521992296e-05,0.15968011319637299,0.7960965037345886,-0.21862220764160156,0.7753567099571228,-0.010027674287557596,-0.07684236764907837,-0.27990972995758057,-0.5265694856643677,-0.08610880374908447,-0.47063297033309937,49.88714599609375,False,0.0,0.1762968748807907,-0.22300252318382263,0.7724708914756775,0.0,-0.0009223608672618867,-0.000969874858856204,-0.01,-0.01189223572611809,0.00046056509017944336,False,134,False,False,13.900000000001311,-0.09223608672618866,-0.0,0.0,0.0,0.0,0.0,0.0,-0.0,0.1921629879571276,0.0,-0.0,0.0,0.09515913311130192
7.354272383963689e-05,0.15962620079517365,0.6548454761505127,-0.2233441174030304,0.7751039862632751,-0.008087449073791506,-0.061154961585998535,-0.28870564699172974,-0.5269119739532471,-0.0952044129371643,-0.48521292209625244,49.88714599609375,False,0.0,0.1762968748807907,-0.22300252318382263,0.7724708914756775,0.0,-0.00093447744846344,-0.0010123589634895291,-0.01,-0.011946836411952969,0.00048750825226306915,False,135,False,False,14.000000000001345,-0.093447744846344,-0.0,0.0,0.0,0.0,0.0,0.0,-0.0,0.19205889628865558,0.0,-0.0,0.0,0.09509497069586435
6.18865669821389e-05,0.15596579015254974,1.0961781740188599,-0.21288961172103882,0.7749122381210327,-0.01918803624808789,-0.04957318305969238,-0.3073490858078003,-0.5253588557243347,-0.11171013116836548,-0.5191291570663452,49.88714599609375,False,0.0,0.1762968748807907,-0.22300252318382263,0.7724708914756775,0.0,-0.0009635051339864731,-0.0010351172089576727,-0.01,-0.011998622342944146,0.0005196239799261093,False,136,False,False,14.100000000001378,-0.09635051339864731,-0.0,0.0,0.0,0.0,0.0,0.0,-0.0,0.19190769160135657,0.0,-0.0,0.0,0.0949903406666918
6.243011739570647e-05,0.15544353425502777,0.9451568126678467,-0.2171531617641449,0.7741228938102722,-0.008357390165328988,-0.10365176200866699,-0.27101796865463257,-0.5476444363594055,-0.06456995010375977,-0.4316810369491577,49.88714599609375,False,0.0,0.1762968748807907,-0.22300252318382263,0.7724708914756775,0.0,-0.0009706953167915345,-0.0010389935970306352,-0.01,-0.01200968891382217,0.0007399590685963631,False,137,False,False,14.200000000001411,-0.09706953167915344,-0.0,0.0,0.0,0.0,0.0,0.0,-0.0,0.19174720171183313,0.0,-0.0,0.0,0.09490290553912503
4.1289931687060744e-05,0.15931546688079834,1.0982692241668701,-0.20958377420902252,0.7750188112258911,-0.019487100988626486,-0.10444086790084839,-0.283582866191864,-0.5417037010192871,-0.09599560499191284,-0.4611550569534302,49.88714599609375,False,0.0,0.1762968748807907,-0.22300252318382263,0.7724708914756775,0.0,-0.0009849630296230316,-0.0012435999512672435,-0.01,-0.012228562980890275,0.0005055880174040794,False,138,False,False,14.300000000001445,-0.09849630296230316,-0.0,0.0,0.0,0.0,0.0,0.0,-0.0,0.1911717007634126,0.0,-0.0,0.0,0.09460088735208327
4.6127439418341964e-05,0.15779368579387665,0.9399443864822388,-0.21544671058654785,0.7746102213859558,-0.006951598823070527,-0.0489734411239624,-0.25655603408813477,-0.5367957949638367,-0.06984132528305054,-0.37775635719299316,49.88714599609375,False,0.0,0.1762968748807907,-0.22300252318382263,0.7724708914756775,0.0,-0.0009031173586845398,-0.001185697019100193,-0.01,-0.012088814377784734,0.00046681705862283707,False,139,False,False,14.400000000001478,-0.09031173586845398,-0.0,0.0,0.0,0.0,0.0,0.0,-0.0,0.19070737917458858,0.0,-0.0,0.0,0.09445057222860975
4.1782961488934234e-05,0.1547374576330185,1.2554835081100464,-0.20924007892608643,0.7748135328292847,-0.015789226517081263,-0.04906904697418213,-0.27290117740631104,-0.531021237373352,-0.08807986974716187,-0.4353562593460083,49.88714599609375,False,0.0,0.1762968748807907,-0.22300252318382263,0.7724708914756775,0.0,-0.0009165611118078232,-0.0010606670379638694,-0.01,-0.011977228149771693,0.0005844240076839924,False,140,False,False,14.500000000001512,-0.09165611118078232,-0.0,0.0,0.0,0.0,0.0,0.0,-0.0,0.19049097151477923,0.0,-0.0,0.0,0.09432892464558179
3.7126468669157475e-05,0.1573355793952942,1.065996766090393,-0.21234580874443054,0.7748327851295471,-0.010432462990283971,-0.09962695837020874,-0.25404465198516846,-0.5465742945671082,-0.05336827039718628,-0.39216184616088867,49.88714599609375,False,0.0,0.1762968748807907,-0.22300252318382263,0.7724708914756775,0.0,-0.0009401395916938782,-0.0010682001709938077,-0.01,-0.012008339762687687,0.0007283850573003292,False,141,False,False,14.600000000001545,-0.09401395916938782,-0.0,0.0,0.0,0.0,0.0,0.0,-0.0,0.19025717737470216,0.0,-0.0,0.0,0.0941884490956572
4.825448922929354e-05,0.1585935652256012,1.0311410427093506,-0.21187159419059753,0.774570882320404,-0.012684362530708319,-0.07548147439956665,-0.25462448596954346,-0.5258690118789673,-0.07263141870498657,-0.4365212917327881,49.88714599609375,False,0.0,0.1762968748807907,-0.22300252318382263,0.7724708914756775,0.0,-0.0008808615803718567,-0.0010630184412002558,-0.01,-0.011943880021572113,0.0004731360822916031,False,142,False,False,14.700000000001578,-0.08808615803718567,-0.0,0.0,0.0,0.0,0.0,0.0,-0.0,0.19003137802080994,0.0,-0.0,0.0,0.09413482743003311
4.4206179154571146e-05,0.15649789571762085,1.2022693157196045,-0.20924217998981476,0.7749796509742737,-0.013208637759089467,-0.040025532245635986,-0.25302743911743164,-0.524625301361084,-0.07950294017791748,-0.40420883893966675,49.88714599609375,False,0.0,0.1762968748807907,-0.22300252318382263,0.7724708914756775,0.0,-0.0008679433912038803,-0.0010449543595314054,-0.01,-0.011912897750735285,0.00047615403309464455,False,143,False,False,14.800000000001612,-0.08679433912038803,-0.0,0.0,0.0,0.0,0.0,0.0,-0.0,0.1898398746527864,0.0,-0.0,0.0,0.09405199393518932
4.3616666516754776e-05,0.15609626471996307,1.1500115394592285,-0.21117691695690155,0.7749450206756592,-0.010329242944717413,-0.05978727340698242,-0.2558634281158447,-0.5436511039733887,-0.05604904890060425,-0.37460458278656006,49.88714599609375,False,0.0,0.1762968748807907,-0.22300252318382263,0.7724708914756775,0.0,-0.0009193465113639832,-0.0010594570636749262,-0.01,-0.011978803575038909,0.0004980070516467094,False,144,False,False,14.900000000001645,-0.09193465113639832,-0.0,0.0,0.0,0.0,0.0,0.0,-0.0,0.18961712063434566,0.0,-0.0,0.0,0.09388921380580885
3.694486076710746e-05,0.15869219601154327,1.0052125453948975,-0.21311736106872559,0.7751374244689941,-0.011354131549596788,-0.06880682706832886,-0.25949347019195557,-0.5396441221237183,-0.060896456241607666,-0.40698277950286865,49.88714599609375,False,0.0,0.1762968748807907,-0.22300252318382263,0.7724708914756775,0.0,-0.0009174884855747223,-0.0010681387782096874,-0.01,-0.01198562726378441,0.0004725158214569092,False,145,False,False,15.000000000001679,-0.09174884855747223,-0.0,0.0,0.0,0.0,0.0,0.0,-0.0,0.18937464039289076,0.0,-0.0,0.0,0.09376983171087065
3.8356705772457644e-05,0.15646931529045105,1.1172239780426025,-0.21203705668449402,0.7751945853233337,-0.011997747421264643,-0.03288477659225464,-0.26384401321411133,-0.5279017090797424,-0.07244664430618286,-0.42073559761047363,49.88714599609375,False,0.0,0.1762968748807907,-0.22300252318382263,0.7724708914756775,0.0,-0.0008865594863891602,-0.0010498136281967135,-0.01,-0.011936373114585874,0.00047120917588472366,False,146,False,False,15.100000000001712,-0.08865594863891602,-0.0,0.0,0.0,0.0,0.0,0.0,-0.0,0.18916671133577112,0.0,-0.0,0.0,0.0936967961814964
3.626629404607229e-05,0.15704646706581116,1.1007919311523438,-0.21190619468688965,0.7751479148864746,-0.012260730862617494,-0.05425208806991577,-0.2672884464263916,-0.5416275858879089,-0.06097745895385742,-0.40686458349227905,49.88714599609375,False,0.0,0.1762968748807907,-0.22300252318382263,0.7724708914756775,0.0,-0.0009286627173423767,-0.0010598084330558782,-0.01,-0.011988471150398255,0.0004702983424067497,False,147,False,False,15.200000000001745,-0.09286627173423767,-0.0,0.0,0.0,0.0,0.0,0.0,-0.0,0.18893638981940852,0.0,-0.0,0.0,0.09353953219236188
4.010861084680073e-05,0.1564984768629074,1.2016217708587646,-0.20935514569282532,0.775073766708374,-0.013687318488955496,-0.05054950714111328,-0.261454701423645,-0.5354164838790894,-0.06201225519180298,-0.412076473236084,49.88714599609375,False,0.0,0.1762968748807907,-0.22300252318382263,0.7724708914756775,0.0,-0.0009035753458738327,-0.001055205166339876,-0.01,-0.01195878051221371,0.0004836558364331722,False,148,False,False,15.300000000001779,-0.09035753458738327,-0.0,0.0,0.0,0.0,0.0,0.0,-0.0,0.18871313390541056,0.0,-0.0,0.0,0.09345299160683145
4.252482176525518e-05,0.15429294109344482,1.2792681455612183,-0.20910659432411194,0.7749490737915039,-0.011381197273731233,-0.05937165021896362,-0.2510313391685486,-0.5383617877960205,-0.051682353019714355,-0.3878481388092041,49.88714599609375,False,0.0,0.1762968748807907,-0.22300252318382263,0.7724708914756775,0.0,-0.0008976155519485474,-0.001048659980297087,-0.01,-0.011946275532245634,0.0004775896668434143,False,149,False,False,15.400000000001812,-0.08976155519485474,-0.0,0.0,0.0,0.0,0.0,0.0,-0.0,0.1885008187238646,0.0,-0.0,0.0,0.09335279380998375
3.376165477675386e-05,0.15765145421028137,1.2453556060791016,-0.20673976838588715,0.7749233841896057,-0.014772436022758479,-0.09539401531219482,-0.24892181158065796,-0.5424706339836121,-0.04565829038619995,-0.40164291858673096,49.88714599609375,False,0.0,0.1762968748807907,-0.22300252318382263,0.7724708914756775,0.0,-0.0009185528755187988,-0.0010641798377037104,-0.01,-0.01198273271322251,0.0004810662940144539,False,150,False,False,15.500000000001846,-0.09185528755187988,-0.0,0.0,0.0,0.0,0.0,0.0,-0.0,0.18825499151679048,0.0,-0.0,0.0,0.09320894288287644
3.155552258249372e-05,0.15733471512794495,1.2085462808609009,-0.20816609263420105,0.7749286890029907,-0.01065642267465592,-0.053998470306396484,-0.23134565353393555,-0.527373194694519,-0.04716211557388306,-0.3728988766670227,49.88714599609375,False,0.0,0.1762968748807907,-0.22300252318382263,0.7724708914756775,0.0,-0.0008419585227966309,-0.0010381376743316684,-0.01,-0.0118800961971283,0.0007455255836248398,False,151,False,False,15.600000000001879,-0.08419585227966309,-0.0,0.0,0.0,0.0,0.0,0.0,-0.0,0.1880593135064459,0.0,-0.0,0.0,0.09318769823042632
3.2648080377839506e-05,0.15658830106258392,1.4479219913482666,-0.20188984274864197,0.775087296962738,-0.01620288014411926,-0.040174663066864014,-0.24358993768692017,-0.5353660583496094,-0.05120056867599487,-0.3678247332572937,49.88714599609375,False,0.0,0.1762968748807907,-0.22300252318382263,0.7724708914756775,0.0,-0.0008754709362983704,-0.0010526195168495123,-0.01,-0.011928090453147883,0.0004803459160029888,False,152,False,False,15.700000000001912,-0.08754709362983704,-0.0,0.0,0.0,0.0,0.0,0.0,-0.0,0.18783245349799071,0.0,-0.0,0.0,0.09304075581269698
4.161768811172806e-05,0.15535968542099,1.3082157373428345,-0.2066577523946762,0.7744354009628296,-0.007978469505906102,-0.044818878173828125,-0.22553807497024536,-0.547906756401062,-0.021350085735321045,-0.2929619550704956,49.88714599609375,False,0.0,0.1762968748807907,-0.22300252318382263,0.7724708914756775,0.0,-0.0008838344365358353,-0.0010633456707000721,-0.01,-0.011947180107235908,0.0004751570522785187,False,153,False,False,15.800000000001946,-0.08838344365358353,-0.0,0.0,0.0,0.0,0.0,0.0,-0.0,0.18758154589884635,0.0,-0.0,0.0,0.09290693851288734
4.068487760378048e-05,0.15718676149845123,1.3190220594406128,-0.20472756028175354,0.7746564745903015,-0.01389973677694798,-0.0555037260055542,-0.23554491996765137,-0.5417935848236084,-0.04347550868988037,-0.3476777672767639,49.88714599609375,False,0.0,0.1762968748807907,-0.22300252318382263,0.7724708914756775,0.0,-0.0008849812299013138,-0.0010938379168510398,-0.01,-0.011978819146752353,0.00048035476356744766,False,154,False,False,15.90000000000198,-0.08849812299013138,-0.0,0.0,0.0,0.0,0.0,0.0,-0.0,0.18726651252728488,0.0,-0.0,0.0,0.09274827503374113
4.5567110646516085e-05,0.1538524478673935,1.333072304725647,-0.20682497322559357,0.7738410830497742,-0.009240196645259853,-0.030980706214904785,-0.22608035802841187,-0.535416305065155,-0.03941768407821655,-0.3218410015106201,49.88714599609375,False,0.0,0.1762968748807907,-0.22300252318382263,0.7724708914756775,0.0,-0.0008507412672042847,-0.0010861554741859458,-0.01,-0.011936896741390231,0.00048687588423490524,False,155,False,False,16.00000000000201,-0.08507412672042847,-0.0,0.0,0.0,0.0,0.0,0.0,-0.0,0.1869638544016452,0.0,-0.0,0.0,0.09263118593361831
4.415949297253974e-05,0.15527178347110748,1.3164441585540771,-0.2061758041381836,0.7741124033927917,-0.012870484739542012,-0.06231105327606201,-0.23116880655288696,-0.541337788105011,-0.0495569109916687,-0.33629369735717773,49.88714599609375,False,0.0,0.1762968748807907,-0.22300252318382263,0.7724708914756775,0.0,-0.0008820603787899017,-0.0011146479845046964,-0.01,-0.011996708363294598,0.00048574013635516167,False,156,False,False,16.100000000001955,-0.08820603787899017,-0.0,0.0,0.0,0.0,0.0,0.0,-0.0,0.18660050885220858,0.0,-0.0,0.0,0.09241819404731438
3.458101855358109e-05,0.15386030077934265,1.4463633298873901,-0.20403780043125153,0.77446049451828,-0.013026713803410531,-0.05017900466918945,-0.22432655096054077,-0.5321095585823059,-0.04793506860733032,-0.33809220790863037,49.88714599609375,False,0.0,0.1762968748807907,-0.22300252318382263,0.7724708914756775,0.0,-0.0008456967025995255,-0.001103478670120242,-0.01,-0.011949175372719768,0.0004739360883831978,False,157,False,False,16.2000000000019,-0.08456967025995255,-0.0,0.0,0.0,0.0,0.0,0.0,-0.0,0.18625610106114943,0.0,-0.0,0.0,0.09228235382797519
3.762797496165149e-05,0.15268421173095703,1.5751322507858276,-0.20154310762882233,0.7746527791023254,-0.013437517285346989,-0.0728081464767456,-0.22137939929962158,-0.5409663915634155,-0.03062683343887329,-0.3270527124404907,49.88714599609375,False,0.0,0.1762968748807907,-0.22300252318382263,0.7724708914756775,0.0,-0.0008697313070297241,-0.001205552816390995,-0.01,-0.01207528412342072,0.0004699253477156162,False,158,False,False,16.300000000001845,-0.08697313070297241,-0.0,0.0,0.0,0.0,0.0,0.0,-0.0,0.18570211713018248,0.0,-0.0,0.0,0.09198132725806152
3.5068136639893055e-05,0.1541193127632141,1.4544527530670166,-0.2035643607378006,0.7744887471199036,-0.011481558382511145,-0.09285283088684082,-0.21696627140045166,-0.5493943691253662,-0.017630398273468018,-0.31021225452423096,49.88714599609375,False,0.0,0.1762968748807907,-0.22300252318382263,0.7724708914756775,0.0,-0.0008946025371551514,-0.0018363872170448353,-0.01,-0.012730989754199987,0.0006485590711236,False,159,False,False,16.40000000000179,-0.08946025371551514,-0.0,0.0,0.0,0.0,0.0,0.0,-0.0,0.18386797404761324,0.0,-0.0,0.0,0.09103938448665147
3.854786336887628e-05,0.15603026747703552,1.341025948524475,-0.20467372238636017,0.7741062641143799,-0.012446416616439814,-0.04793053865432739,-0.2219524383544922,-0.5428488254547119,-0.037408292293548584,-0.3114715814590454,49.88714599609375,False,0.0,0.1762968748807907,-0.22300252318382263,0.7724708914756775,0.0,-0.0008691111207008361,-0.0020421555638313327,-0.01,-0.012911266684532168,0.0004988079890608788,False,160,False,False,16.500000000001734,-0.08691111207008362,-0.0,0.0,0.0,0.0,0.0,0.0,-0.0,0.18159964297539422,0.0,-0.0,0.0,0.08993071036699628
4.774206900037825e-05,0.15038570761680603,1.582733392715454,-0.20273321866989136,0.7737724184989929,-0.011703535839915272,0.02509176731109619,-0.2136426568031311,-0.5263542532920837,-0.050847768783569336,-0.27915477752685547,49.88714599609375,False,0.0,0.1762968748807907,-0.22300252318382263,0.7724708914756775,0.0,-0.0008147677034139633,-0.001346874833106998,-0.01,-0.012161642536520962,0.0007284330204129219,False,161,False,False,16.60000000000168,-0.08147677034139633,-0.0,0.0,0.0,0.0,0.0,0.0,-0.0,0.18071303740359956,0.0,-0.0,0.0,0.08954175099838582
4.091131268069148e-05,0.1542685627937317,1.4526371955871582,-0.2028530240058899,0.7738721966743469,-0.012902427539229388,-0.032888948917388916,-0.2064608335494995,-0.5426454544067383,-0.02992027997970581,-0.2608821988105774,49.88714599609375,False,0.0,0.1762968748807907,-0.22300252318382263,0.7724708914756775,0.0,-0.0008476676791906357,-0.0010693499445915272,-0.01,-0.011917017623782163,0.0004801871255040169,False,162,False,False,16.700000000001623,-0.08476676791906357,-0.0,0.0,0.0,0.0,0.0,0.0,-0.0,0.1803781788299773,0.0,-0.0,0.0,0.08934142173579802
4.7859772166702896e-05,0.15108591318130493,1.5480488538742065,-0.20338325202465057,0.7740821242332458,-0.010410042107105257,0.007528901100158691,-0.19350159168243408,-0.5185896754264832,-0.03986382484436035,-0.2726505994796753,49.88714599609375,False,0.0,0.1762968748807907,-0.22300252318382263,0.7724708914756775,0.0,-0.0007700598239898682,-0.0010327127575874284,-0.01,-0.011802772581577296,0.00047382619231939316,False,163,False,False,16.800000000001567,-0.07700598239898682,-0.0,0.0,0.0,0.0,0.0,0.0,-0.0,0.18011380195195892,0.0,-0.0,0.0,0.0892868411519896
5.254929419606924e-05,0.15308940410614014,1.482765793800354,-0.20316915214061737,0.7739130258560181,-0.01252553060650825,-0.030163884162902832,-0.20534956455230713,-0.5348362326622009,-0.030377745628356934,-0.2846970558166504,49.88714599609375,False,0.0,0.1762968748807907,-0.22300252318382263,0.7724708914756775,0.0,-0.0008251272141933441,-0.0010430160164833086,-0.01,-0.011868143230676653,0.0004704170860350132,False,164,False,False,16.900000000001512,-0.08251272141933441,-0.0,0.0,0.0,0.0,0.0,0.0,-0.0,0.17982609899281532,0.0,-0.0,0.0,0.08908792228221432
5.837949356646277e-05,0.1507529616355896,1.5546977519989014,-0.2033603936433792,0.77392578125,-0.01091129712760449,-0.0023517608642578125,-0.1965574026107788,-0.5228736400604248,-0.037351012229919434,-0.28002041578292847,49.88714599609375,False,0.0,0.1762968748807907,-0.22300252318382263,0.7724708914756775,0.0,-0.0007835807651281357,-0.0010404264926910378,-0.01,-0.011824007257819173,0.0004722829908132553,False,165,False,False,17.000000000001457,-0.07835807651281357,-0.0,0.0,0.0,0.0,0.0,0.0,-0.0,0.17954062332476006,0.0,-0.0,0.0,0.0889867308972519
5.447803778224625e-05,0.15306249260902405,1.4540989398956299,-0.20397405326366425,0.7738310098648071,-0.012055615112185477,-0.02465200424194336,-0.20247745513916016,-0.5336151719093323,-0.03118598461151123,-0.28217118978500366,49.88714599609375,False,0.0,0.1762968748807907,-0.22300252318382263,0.7724708914756775,0.0,-0.0008183064311742782,-0.0010733717679977384,-0.01,-0.011891678199172017,0.0004777270369231701,False,166,False,False,17.1000000000014,-0.08183064311742783,-0.0,0.0,0.0,0.0,0.0,0.0,-0.0,0.17918573701715323,0.0,-0.0,0.0,0.08877456207740234
5.841396705363877e-05,0.15065208077430725,1.383324384689331,-0.20857088267803192,0.773894190788269,-0.00776348806917667,0.016231894493103027,-0.2017068862915039,-0.5250958800315857,-0.04265701770782471,-0.2727908492088318,49.88714599609375,False,0.0,0.1762968748807907,-0.22300252318382263,0.7724708914756775,0.0,-0.0007962361723184586,-0.001082956492900855,-0.01,-0.011879192665219314,0.0004684692248702049,False,167,False,False,17.200000000001346,-0.07962361723184586,-0.0,0.0,0.0,0.0,0.0,0.0,-0.0,0.17880787211153926,0.0,-0.0,0.0,0.08860769988345117
5.517581303138286e-05,0.15248648822307587,1.3774871826171875,-0.20689073204994202,0.7738733291625977,-0.013605202063918118,-0.002194643020629883,-0.22243797779083252,-0.5305706262588501,-0.050807833671569824,-0.32596033811569214,49.88714599609375,False,0.0,0.1762968748807907,-0.22300252318382263,0.7724708914756775,0.0,-0.0008339252322912216,-0.0010186067223548895,-0.01,-0.011852531954646112,0.00047667184844613075,False,168,False,False,17.30000000000129,-0.08339252322912216,-0.0,0.0,0.0,0.0,0.0,0.0,-0.0,0.17855626311851425,0.0,-0.0,0.0,0.0884442063269659
5.9101756050949916e-05,0.152410089969635,1.2554843425750732,-0.21010376513004303,0.7733498811721802,-0.009357768744230274,0.023985743522644043,-0.211417555809021,-0.5216057300567627,-0.04938870668411255,-0.29888665676116943,49.88714599609375,False,0.0,0.1762968748807907,-0.22300252318382263,0.7724708914756775,0.0,-0.000799461156129837,-0.0009779602289199801,-0.01,-0.011777421385049818,0.00045954901725053787,False,169,False,False,17.400000000001235,-0.0799461156129837,-0.0,0.0,0.0,0.0,0.0,0.0,-0.0,0.1783841429149291,0.0,-0.0,0.0,0.08839261030133472
6.423244485631585e-05,0.14973308145999908,1.4851559400558472,-0.20647159218788147,0.7739308476448059,-0.01358734279870987,0.0376507043838501,-0.22132718563079834,-0.5179959535598755,-0.06646621227264404,-0.31290483474731445,49.88714599609375,False,0.0,0.1762968748807907,-0.22300252318382263,0.7724708914756775,0.0,-0.0008078521490097046,-0.0009666848182678239,-0.01,-0.01177453696727753,0.00048344582319259644,False,170,False,False,17.50000000000118,-0.08078521490097046,-0.0,0.0,0.0,0.0,0.0,0.0,-0.0,0.17823309619541028,0.0,-0.0,0.0,0.08830869594869543
6.345989095279947e-05,0.15160039067268372,1.3693492412567139,-0.20767824351787567,0.7735306024551392,-0.011447436586022375,-0.004204452037811279,-0.21556711196899414,-0.5348799228668213,-0.03815549612045288,-0.29795295000076294,49.88714599609375,False,0.0,0.1762968748807907,-0.22300252318382263,0.7724708914756775,0.0,-0.0008350981026887894,-0.0009576684236526495,-0.01,-0.011792766526341439,0.0006881635636091232,False,171,False,False,17.600000000001124,-0.08350981026887894,-0.0,0.0,0.0,0.0,0.0,0.0,-0.0,0.17809878974457083,0.0,-0.0,0.0,0.08821429676959662
5.682006667484529e-05,0.15104007720947266,1.4535874128341675,-0.20583640038967133,0.7736555933952332,-0.012835639044642449,0.013122320175170898,-0.2062082290649414,-0.5161959528923035,-0.05280822515487671,-0.3207958936691284,49.88714599609375,False,0.0,0.1762968748807907,-0.22300252318382263,0.7724708914756775,0.0,-0.000779852494597435,-0.0009331277012824962,-0.01,-0.011712980195879932,0.0004919972270727158,False,172,False,False,17.70000000000107,-0.0779852494597435,-0.0,0.0,0.0,0.0,0.0,0.0,-0.0,0.17801272101707477,0.0,-0.0,0.0,0.08822650801393996
5.920029798289761e-05,0.14945361018180847,1.5224183797836304,-0.20571789145469666,0.7740155458450317,-0.01129282377660274,0.006988644599914551,-0.20296967029571533,-0.5223328471183777,-0.042877018451690674,-0.2998548746109009,49.88714599609375,False,0.0,0.1762968748807907,-0.22300252318382263,0.7724708914756775,0.0,-0.0007897888869047165,-0.0009201282262802091,-0.01,-0.011709917113184925,0.00048479391261935234,False,173,False,False,17.800000000001013,-0.07897888869047165,-0.0,0.0,0.0,0.0,0.0,0.0,-0.0,0.1779519421728426,0.0,-0.0,0.0,0.08818618219951659
5.7474349887343124e-05,0.15193718671798706,1.3805527687072754,-0.2068222314119339,0.7733474969863892,-0.011625494733452799,-0.02216404676437378,-0.20691347122192383,-0.5289962887763977,-0.03214305639266968,-0.31861209869384766,49.88714599609375,False,0.0,0.1762968748807907,-0.22300252318382263,0.7724708914756775,0.0,-0.0008104366809129715,-0.0009189099073410034,-0.01,-0.011729346588253975,0.00047372281551361084,False,174,False,False,17.900000000000958,-0.08104366809129715,-0.0,0.0,0.0,0.0,0.0,0.0,-0.0,0.1778930789187535,0.0,-0.0,0.0,0.08813610277846377
8.006242569535971e-05,0.14640292525291443,1.6375408172607422,-0.20489731431007385,0.7735979557037354,-0.01134841062128544,0.01861119270324707,-0.1983240246772766,-0.5113223791122437,-0.053272783756256104,-0.31426990032196045,49.88714599609375,False,0.0,0.1762968748807907,-0.22300252318382263,0.7724708914756775,0.0,-0.0007599184662103653,-0.0009001457691192594,-0.01,-0.011660064235329625,0.000496166292577982,False,175,False,False,18.000000000000902,-0.07599184662103653,-0.0,0.0,0.0,0.0,0.0,0.0,-0.0,0.17787144668185206,0.0,-0.0,0.0,0.08817580487471567
5.603043973678723e-05,0.15071728825569153,1.5597279071807861,-0.20335882902145386,0.7740394473075867,-0.014126563742756837,-0.053677380084991455,-0.20599114894866943,-0.5396453738212585,-0.02729111909866333,-0.3052142262458801,49.88714599609375,False,0.0,0.1762968748807907,-0.22300252318382263,0.7724708914756775,0.0,-0.0008431888371706009,-0.0009264147281646679,-0.01,-0.011769603565335268,0.0004827938973903656,False,176,False,False,18.100000000000847,-0.08431888371706009,-0.0,0.0,0.0,0.0,0.0,0.0,-0.0,0.1777965618611087,0.0,-0.0,0.0,0.08805509209338375
6.893909448990598e-05,0.14682897925376892,1.659974455833435,-0.20405013859272003,0.7738498449325562,-0.00994455941021443,-0.013041496276855469,-0.18995541334152222,-0.5181692242622375,-0.026964247226715088,-0.3057509660720825,49.88714599609375,False,0.0,0.1762968748807907,-0.22300252318382263,0.7724708914756775,0.0,-0.0007636988908052445,-0.0008852359652519182,-0.01,-0.011648934856057162,0.0004911897704005241,False,177,False,False,18.20000000000079,-0.07636988908052444,-0.0,0.0,0.0,0.0,0.0,0.0,-0.0,0.1778041525735785,0.0,-0.0,0.0,0.08813837739598401
6.122425838839263e-05,0.1490050107240677,1.6771098375320435,-0.20163720846176147,0.7741270065307617,-0.014043836221098897,-0.05625331401824951,-0.20099222660064697,-0.5360116958618164,-0.02190452814102173,-0.3135019540786743,49.88714599609375,False,0.0,0.1762968748807907,-0.22300252318382263,0.7724708914756775,0.0,-0.0008283766359090805,-0.0009125357866287265,-0.01,-0.011740912422537808,0.0004706098698079586,False,178,False,False,18.300000000000736,-0.08283766359090805,-0.0,0.0,0.0,0.0,0.0,0.0,-0.0,0.1777567191029522,0.0,-0.0,0.0,0.08804998291556702
8.332526340382174e-05,0.14587251842021942,1.6838008165359497,-0.20409433543682098,0.7736523747444153,-0.0089288242161274,-0.03205978870391846,-0.1883971095085144,-0.5278593301773071,-0.01558595895767212,-0.2906852960586548,49.88714599609375,False,0.0,0.1762968748807907,-0.22300252318382263,0.7724708914756775,0.0,-0.000788499265909195,-0.0008958053588867254,-0.01,-0.011684304624795921,0.0004801577888429165,False,179,False,False,18.40000000000068,-0.0788499265909195,-0.0,0.0,0.0,0.0,0.0,0.0,-0.0,0.1777424914434953,0.0,-0.0,0.0,0.08808274645583845
7.801559695508331e-05,0.149454727768898,1.585845708847046,-0.20317719876766205,0.7733787894248962,-0.013400151878595348,-0.05650395154953003,-0.20491862297058105,-0.5419868230819702,-0.02506554126739502,-0.30274319648742676,49.88714599609375,False,0.0,0.1762968748807907,-0.22300252318382263,0.7724708914756775,0.0,-0.0008489058911800385,-0.000961765050888061,-0.01,-0.0118106709420681,0.0004890528507530689,False,180,False,False,18.500000000000625,-0.08489058911800385,-0.0,0.0,0.0,0.0,0.0,0.0,-0.0,0.1775949104179495,0.0,-0.0,0.0,0.08794854931779471
7.797669968567789e-05,0.1491280049085617,1.5626320838928223,-0.20421475172042847,0.7733932137489319,-0.01082406915724278,0.019944310188293457,-0.2038741111755371,-0.5360684394836426,-0.041452109813690186,-0.2382710576057434,49.88714599609375,False,0.0,0.1762968748807907,-0.22300252318382263,0.7724708914756775,0.0,-0.0008276251703500748,-0.0009621188044548062,-0.01,-0.011789743974804881,0.0007310621440410614,False,181,False,False,18.60000000000057,-0.08276251703500748,-0.0,0.0,0.0,0.0,0.0,0.0,-0.0,0.17744514927056088,0.0,-0.0,0.0,0.08789494946493036
7.397960143862292e-05,0.15048348903656006,1.6156902313232422,-0.20192115008831024,0.7740468382835388,-0.013698569908738138,0.03778564929962158,-0.20225977897644043,-0.529331624507904,-0.03612464666366577,-0.2457364797592163,49.88714599609375,False,0.0,0.1762968748807907,-0.22300252318382263,0.7724708914756775,0.0,-0.0008095843344926835,-0.0009023317694663996,-0.01,-0.011711916103959084,0.0007317177951335907,False,182,False,False,18.700000000000514,-0.08095843344926834,-0.0,0.0,0.0,0.0,0.0,0.0,-0.0,0.17741458865077842,0.0,-0.0,0.0,0.08789770999089652
9.991411934606731e-05,0.14417263865470886,1.8069422245025635,-0.20211631059646606,0.7736687064170837,-0.009629726558923715,0.051170945167541504,-0.1988072395324707,-0.5310563445091248,-0.018701672554016113,-0.22664976119995117,49.88714599609375,False,0.0,0.1762968748807907,-0.22300252318382263,0.7724708914756775,0.0,-0.0008112834393978119,-0.0008830013871192893,-0.01,-0.0116942848265171,0.0005181450396776199,False,183,False,False,18.80000000000046,-0.08112834393978119,-0.0,0.0,0.0,0.0,0.0,0.0,-0.0,0.17742281143714478,0.0,-0.0,0.0,0.08790012227917458
7.645489677088335e-05,0.14813338220119476,1.8046329021453857,-0.19864654541015625,0.7740904092788696,-0.015289474949240683,-0.04038316011428833,-0.19929420948028564,-0.547396183013916,-0.009418129920959473,-0.2698872685432434,49.88714599609375,False,0.0,0.1762968748807907,-0.22300252318382263,0.7724708914756775,0.0,-0.0008527006953954697,-0.0009115141630172685,-0.01,-0.011764214858412739,0.0004917117767035961,False,184,False,False,18.900000000000404,-0.08527006953954697,-0.0,0.0,0.0,0.0,0.0,0.0,-0.0,0.1773735520252938,0.0,-0.0,0.0,0.08783407531725143
0.0001301972079090774,0.14507457613945007,1.643628478050232,-0.205664724111557,0.773219645023346,-0.005545434132218367,-0.010276198387145996,-0.17979127168655396,-0.5302696824073792,-0.00698167085647583,-0.24567896127700806,49.88714599609375,False,0.0,0.1762968748807907,-0.22300252318382263,0.7724708914756775,0.0,-0.0007841629534959794,-0.000807707607746122,-0.01,-0.011591870561242102,0.0005765948444604874,False,185,False,False,19.000000000000348,-0.07841629534959793,-0.0,0.0,0.0,0.0,0.0,0.0,-0.0,0.1775334529016852,0.0,-0.0,0.0,0.08798256349734662
9.728549048304558e-05,0.14843103289604187,1.564309000968933,-0.2051989585161209,0.7737307548522949,-0.01293184712529183,-0.019650638103485107,-0.21113884449005127,-0.5367566347122192,-0.043610334396362305,-0.29757261276245117,49.88714599609375,False,0.0,0.1762968748807907,-0.22300252318382263,0.7724708914756775,0.0,-0.0008374382555484772,-0.0008075925707817094,-0.01,-0.011645030826330187,0.00048037292435765266,False,186,False,False,19.100000000000293,-0.08374382555484772,-0.0,0.0,0.0,0.0,0.0,0.0,-0.0,0.17769523318970704,0.0,-0.0,0.0,0.08801017833930504
0.00013154695625416934,0.14577047526836395,1.604846715927124,-0.20623783767223358,0.7733252048492432,-0.009958377480506904,0.03330421447753906,-0.20116853713989258,-0.5157755017280579,-0.04310125112533569,-0.29200899600982666,49.88714599609375,False,0.0,0.1762968748807907,-0.22300252318382263,0.7724708914756775,0.0,-0.0007736501097679138,-0.0008414462208747864,-0.01,-0.0116150963306427,0.00047037936747074127,False,187,False,False,19.200000000000237,-0.07736501097679138,-0.0,0.0,0.0,0.0,0.0,0.0,-0.0,0.17779026104532925,0.0,-0.0,0.0,0.0881214804128967
0.00010453609866090119,0.1478220820426941,1.6357316970825195,-0.20354434847831726,0.7736098766326904,-0.014236207231879239,0.010966062545776367,-0.20676672458648682,-0.5243237018585205,-0.041700541973114014,-0.3022174835205078,49.88714599609375,False,0.0,0.1762968748807907,-0.22300252318382263,0.7724708914756775,0.0,-0.0007988175004720688,-0.0008717796206474254,-0.01,-0.011670597121119494,0.0004846588708460331,False,188,False,False,19.300000000000182,-0.07988175004720688,-0.0,0.0,0.0,0.0,0.0,0.0,-0.0,0.177824940667201,0.0,-0.0,0.0,0.08811365283312843
8.46478360472247e-05,0.1493670791387558,1.5986964702606201,-0.2028525024652481,0.7733519673347473,-0.01252937443554401,0.03425800800323486,-0.19537341594696045,-0.519412636756897,-0.03175020217895508,-0.2715853452682495,49.88714599609375,False,0.0,0.1762968748807907,-0.22300252318382263,0.7724708914756775,0.0,-0.0007753548771142959,-0.0008514475822448686,-0.01,-0.011626802459359164,0.0004713987000286579,False,189,False,False,19.400000000000126,-0.0775354877114296,-0.0,0.0,0.0,0.0,0.0,0.0,-0.0,0.17790099383157754,0.0,-0.0,0.0,0.08817514203867448
8.753337169764563e-05,0.14711284637451172,1.632678508758545,-0.2043885737657547,0.7736532688140869,-0.009796848446130752,0.06531548500061035,-0.19316565990447998,-0.5172317028045654,-0.03361356258392334,-0.2390093207359314,49.88714599609375,False,0.0,0.1762968748807907,-0.22300252318382263,0.7724708914756775,0.0,-0.0007755939662456513,-0.0008422687649726895,-0.01,-0.01161786273121834,0.00047142617404460907,False,190,False,False,19.50000000000007,-0.07755939662456512,-0.0,0.0,0.0,0.0,0.0,0.0,-0.0,0.177996453892167,0.0,-0.0,0.0,0.08822263297983785
9.432255319552496e-05,0.15008307993412018,1.5508700609207153,-0.2039664089679718,0.7737470865249634,-0.012878448367118836,0.03836798667907715,-0.20823943614959717,-0.5300460457801819,-0.027605652809143066,-0.2682899236679077,49.88714599609375,False,0.0,0.1762968748807907,-0.22300252318382263,0.7724708914756775,0.0,-0.0008163666725158692,-0.0008654642105102583,-0.01,-0.011681830883026129,0.0007430668920278549,False,191,False,False,19.600000000000016,-0.08163666725158691,-0.0,0.0,0.0,0.0,0.0,0.0,-0.0,0.1780460037571273,0.0,-0.0,0.0,0.08820663520604778
7.460152846761048e-05,0.1506858915090561,1.7292002439498901,-0.1977975070476532,0.773530900478363,-0.016008527874946596,0.07236075401306152,-0.2004421353340149,-0.5157380700111389,-0.03191792964935303,-0.26008832454681396,49.88714599609375,False,0.0,0.1762968748807907,-0.22300252318382263,0.7724708914756775,0.0,-0.0007810440659523011,-0.0008470061421394365,-0.01,-0.011628050208091737,0.00046543916687369347,False,192,False,False,19.69999999999996,-0.0781044065952301,-0.0,0.0,0.0,0.0,0.0,0.0,-0.0,0.17813329344433337,0.0,-0.0,0.0,0.08828560265621438
8.79815052030608e-05,0.1471550464630127,1.8317208290100098,-0.19884079694747925,0.774118959903717,-0.009828326329588886,0.08813869953155518,-0.17917674779891968,-0.5223610401153564,-0.011942923069000244,-0.1641283631324768,49.88714599609375,False,0.0,0.1762968748807907,-0.22300252318382263,0.7724708914756775,0.0,-0.0007821910828351975,-0.0008372932672500583,-0.01,-0.011619484350085255,0.0004827091470360756,False,193,False,False,19.799999999999905,-0.07821910828351974,-0.0,0.0,0.0,0.0,0.0,0.0,-0.0,0.17824109103368668,0.0,-0.0,0.0,0.08833835443400814
7.964664837345481e-05,0.1483570635318756,1.8419289588928223,-0.19717243313789368,0.7739588618278503,-0.013100021928548812,0.03135490417480469,-0.1909576654434204,-0.5379643440246582,0.0007518529891967773,-0.22014844417572021,49.88714599609375,False,0.0,0.1762968748807907,-0.22300252318382263,0.7724708914756775,0.0,-0.0008171354234218597,-0.0008604621887206981,-0.01,-0.011677597612142558,0.0004945499822497368,False,194,False,False,19.89999999999985,-0.08171354234218597,-0.0,0.0,0.0,0.0,0.0,0.0,-0.0,0.17830320793835097,0.0,-0.0,0.0,0.08833446854575362
7.637430826434866e-05,0.1519278585910797,1.6269227266311646,-0.19989870488643646,0.7738057374954224,-0.010700619369745257,0.031013131141662598,-0.17143696546554565,-0.5232397317886353,-0.0011520981788635254,-0.22585809230804443,49.88714599609375,False,0.0,0.1762968748807907,-0.22300252318382263,0.7724708914756775,0.0,-0.0007603339850902558,-0.000831415951251982,-0.01,-0.011591749936342238,0.0004788530059158802,False,195,False,False,19.999999999999794,-0.07603339850902557,-0.0,0.0,0.0,0.0,0.0,0.0,-0.0,0.17842464288711657,0.0,-0.0,0.0,0.08845198745846802
6.6238411818631e-05,0.15157747268676758,1.746262550354004,-0.19660386443138123,0.7737407088279724,-0.013576229438185698,0.08441770076751709,-0.17859423160552979,-0.5065937638282776,-0.022213518619537354,-0.22774720191955566,49.88714599609375,False,0.0,0.1762968748807907,-0.22300252318382263,0.7724708914756775,0.0,-0.0007403822988271714,-0.0008006894588470509,-0.01,-0.011541071757674222,0.0004634978249669075,False,196,False,False,20.09999999999974,-0.07403822988271713,-0.0,0.0,0.0,0.0,0.0,0.0,-0.0,0.17860934875715118,0.0,-0.0,0.0,0.08856429207974842
7.68579775467515e-05,0.1492520570755005,1.8315905332565308,-0.1964820921421051,0.7738533616065979,-0.01091885194182396,0.0993039608001709,-0.177781343460083,-0.521660327911377,-0.007210850715637207,-0.14733386039733887,49.88714599609375,False,0.0,0.1762968748807907,-0.22300252318382263,0.7724708914756775,0.0,-0.000784122496843338,-0.0008084875345230058,-0.01,-0.011592610031366343,0.0005028820596635342,False,197,False,False,20.199999999999683,-0.0784122496843338,-0.0,0.0,0.0,0.0,0.0,0.0,-0.0,0.1787802090749805,0.0,-0.0,0.0,0.0886059820406469
8.04476803750731e-05,0.14721079170703888,1.9504437446594238,-0.1952027976512909,0.7740983963012695,-0.01185629896819591,0.06988966464996338,-0.18224585056304932,-0.5335125923156738,0.002750396728515625,-0.15977293252944946,49.88714599609375,False,0.0,0.1762968748807907,-0.22300252318382263,0.7724708914756775,0.0,-0.0008068533986806869,-0.0008281359076499906,-0.01,-0.011634989306330678,0.00047923577949404716,False,198,False,False,20.299999999999628,-0.0806853398680687,-0.0,0.0,0.0,0.0,0.0,0.0,-0.0,0.17891302972786294,0.0,-0.0,0.0,0.08864966146525079
8.06142488727346e-05,0.14867250621318817,1.848592758178711,-0.19672782719135284,0.7740296125411987,-0.010921858996152877,0.02453303337097168,-0.17391932010650635,-0.5362658500671387,0.013295650482177734,-0.19223898649215698,49.88714599609375,False,0.0,0.1762968748807907,-0.22300252318382263,0.7724708914756775,0.0,-0.0007965190708637237,-0.0008254662156104986,-0.01,-0.011621985286474222,0.00047646788880228996,False,199,False,False,20.399999999999572,-0.07965190708637238,-0.0,0.0,0.0,0.0,0.0,0.0,-0.0,0.17905261546263063,0.0,-0.0,0.0,0.08872978866045159
6.770875916117802e-05,0.151556134223938,1.7223799228668213,-0.19717037677764893,0.7735694050788879,-0.01197519220411778,0.029053568840026855,-0.16891992092132568,-0.5199434161186218,0.00017905235290527344,-0.23270195722579956,49.88714599609375,False,0.0,0.1762968748807907,-0.22300252318382263,0.7724708914756775,0.0,-0.0007492981106042862,-0.0007909360527992293,-0.01,-0.011540234163403516,0.0004705493338406086,False,200,False,False,20.499999999999517,-0.07492981106042862,-0.0,0.0,0.0,0.0,0.0,0.0,-0.0,0.1792634198037576,0.0,-0.0,0.0,0.08888241179127451
7.962220115587115e-05,0.1491045355796814,1.8018027544021606,-0.19756628572940826,0.7738963961601257,-0.010432811379432675,0.07918035984039307,-0.16753995418548584,-0.5081255435943604,-0.01480799913406372,-0.19644665718078613,49.88714599609375,False,0.0,0.1762968748807907,-0.22300252318382263,0.7724708914756775,0.0,-0.0007318750023841858,-0.0007598006725311329,-0.01,-0.01149167567491532,0.0007838490419089794,False,201,False,False,20.59999999999946,-0.07318750023841858,-0.0,0.0,0.0,0.0,0.0,0.0,-0.0,0.1795392150038263,0.0,-0.0,0.0,0.08903773249952897
7.455900777131319e-05,0.1493195742368698,1.7638951539993286,-0.19852077960968018,0.773928701877594,-0.01092103540897369,0.05957305431365967,-0.18566811084747314,-0.5296124219894409,-0.0035154223442077637,-0.18834137916564941,49.88714599609375,False,0.0,0.1762968748807907,-0.22300252318382263,0.7724708914756775,0.0,-0.0007963082194328309,-0.0007854911684989918,-0.01,-0.011581799387931822,0.0004765409976243973,False,202,False,False,20.699999999999406,-0.07963082194328308,-0.0,0.0,0.0,0.0,0.0,0.0,-0.0,0.17976587145487566,0.0,-0.0,0.0,0.089086627508005
8.031790639506653e-05,0.14996516704559326,1.7364749908447266,-0.19868116080760956,0.7739120721817017,-0.011591417416930195,0.05937480926513672,-0.18704283237457275,-0.5260439515113831,-0.00584566593170166,-0.2088555097579956,49.88714599609375,False,0.0,0.1762968748807907,-0.22300252318382263,0.7724708914756775,0.0,-0.0007881670445203782,-0.0007876572012901345,-0.01,-0.011575824245810513,0.0004712669178843498,False,203,False,False,20.79999999999935,-0.07881670445203781,-0.0,0.0,0.0,0.0,0.0,0.0,-0.0,0.17999050390303883,0.0,-0.0,0.0,0.08920708490699904
8.120502025121823e-05,0.14864717423915863,1.773555040359497,-0.1987801194190979,0.7738054394721985,-0.011035584807395929,0.0662306547164917,-0.18650531768798828,-0.5228714942932129,-0.00793313980102539,-0.21105575561523438,49.88714599609375,False,0.0,0.1762968748807907,-0.22300252318382263,0.7724708914756775,0.0,-0.0007815706729888916,-0.0007841184735298129,-0.01,-0.011565689146518704,0.0004742210730910301,False,204,False,False,20.899999999999295,-0.07815706729888916,-0.0,0.0,0.0,0.0,0.0,0.0,-0.0,0.18022445042258728,0.0,-0.0,0.0,0.08933065453830474
7.909911073511466e-05,0.15060706436634064,1.7215087413787842,-0.19860650599002838,0.774030327796936,-0.012234264537692066,0.04765677452087402,-0.18743658065795898,-0.5269840359687805,-0.006755352020263672,-0.22074627876281738,49.88714599609375,False,0.0,0.1762968748807907,-0.22300252318382263,0.7724708914756775,0.0,-0.0007879035919904709,-0.0007929301261901806,-0.01,-0.011580833718180653,0.0004888190887868404,False,205,False,False,20.99999999999924,-0.07879035919904709,-0.0,0.0,0.0,0.0,0.0,0.0,-0.0,0.18044304263669353,0.0,-0.0,0.0,0.08943361772635629
8.886338764568791e-05,0.14725126326084137,1.8419311046600342,-0.1983497589826584,0.7740304470062256,-0.010665390118956567,0.06680154800415039,-0.18491530418395996,-0.518807053565979,-0.008043646812438965,-0.22183924913406372,49.88714599609375,False,0.0,0.1762968748807907,-0.22300252318382263,0.7724708914756775,0.0,-0.0007697039097547531,-0.0007782971858978222,-0.01,-0.011548001095652575,0.0004820162430405617,False,206,False,False,21.099999999999184,-0.07697039097547531,-0.0,0.0,0.0,0.0,0.0,0.0,-0.0,0.18069336771734412,0.0,-0.0,0.0,0.0895769799489173
8.009235898498446e-05,0.14849747717380524,1.8894165754318237,-0.19588103890419006,0.7742325067520142,-0.013616675063967701,0.020708680152893066,-0.18905365467071533,-0.5331992506980896,0.0004153251647949219,-0.23811519145965576,49.88714599609375,False,0.0,0.1762968748807907,-0.22300252318382263,0.7724708914756775,0.0,-0.0008011793345212936,-0.0007995232939720098,-0.01,-0.011600702628493303,0.00048433709889650345,False,207,False,False,21.19999999999913,-0.08011793345212936,-0.0,0.0,0.0,0.0,0.0,0.0,-0.0,0.1809033581111531,0.0,-0.0,0.0,0.08965049972105525
8.515432273270562e-05,0.1495952606201172,1.8181071281433105,-0.19698947668075562,0.7742994427680969,-0.01102643661201,0.021975398063659668,-0.17345154285430908,-0.5251954793930054,0.007521510124206543,-0.23195618391036987,49.88714599609375,False,0.0,0.1762968748807907,-0.22300252318382263,0.7724708914756775,0.0,-0.0007661380618810654,-0.000775052011013036,-0.01,-0.011541190072894102,0.0004860367625951767,False,208,False,False,21.299999999999073,-0.07661380618810654,-0.0,0.0,0.0,0.0,0.0,0.0,-0.0,0.18116492155898134,0.0,-0.0,0.0,0.0898163227176096
8.346865797648206e-05,0.14772772789001465,1.9213885068893433,-0.19551138579845428,0.7740522623062134,-0.011916437968611717,0.03647267818450928,-0.17883682250976562,-0.5217851996421814,0.00159454345703125,-0.24023479223251343,49.88714599609375,False,0.0,0.1762968748807907,-0.22300252318382263,0.7724708914756775,0.0,-0.0007639380544424057,-0.0007693377137184126,-0.01,-0.011533275768160819,0.00047783926129341125,False,209,False,False,21.399999999999018,-0.07639380544424057,-0.0,0.0,0.0,0.0,0.0,0.0,-0.0,0.1814405964524778,0.0,-0.0,0.0,0.08995636017179649
8.121097926050425e-05,0.14774253964424133,1.7828842401504517,-0.19963698089122772,0.7740375399589539,-0.008606487810611723,0.014616727828979492,-0.1725195050239563,-0.5284824371337891,0.009331345558166504,-0.2291443943977356,49.88714599609375,False,0.0,0.1762968748807907,-0.22300252318382263,0.7724708914756775,0.0,-0.0007733935117721557,-0.000777148306369782,-0.01,-0.011550541818141937,0.000491531565785408,False,210,False,False,21.499999999998963,-0.07733935117721558,-0.0,0.0,0.0,0.0,0.0,0.0,-0.0,0.18170341446064164,0.0,-0.0,0.0,0.09007831371854867
8.042551053222269e-05,0.14701251685619354,1.9266873598098755,-0.19623607397079468,0.7742207050323486,-0.013684009760618215,0.014235377311706543,-0.18775421380996704,-0.523558497428894,-0.006902813911437988,-0.28017300367355347,49.88714599609375,False,0.0,0.1762968748807907,-0.22300252318382263,0.7724708914756775,0.0,-0.0007740385830402374,-0.0007942762970924444,-0.01,-0.011568314880132682,0.0006979717873036861,False,211,False,False,21.599999999998907,-0.07740385830402374,-0.0,0.0,0.0,0.0,0.0,0.0,-0.0,0.18193418528526994,0.0,-0.0,0.0,0.09019305405959474
8.364084351342171e-05,0.14611130952835083,1.9096086025238037,-0.19768844544887543,0.7742595076560974,-0.010223845392465595,-0.0007859468460083008,-0.17619919776916504,-0.5288708806037903,0.009401440620422363,-0.25277507305145264,49.88714599609375,False,0.0,0.1762968748807907,-0.22300252318382263,0.7724708914756775,0.0,-0.0007770989835262299,-0.0007907685637474071,-0.01,-0.011567867547273637,0.00047420384362339973,False,212,False,False,21.69999999999885,-0.07770989835262299,-0.0,0.0,0.0,0.0,0.0,0.0,-0.0,0.18217438590971657,0.0,-0.0,0.0,0.09031009397133205
7.61937553761527e-05,0.14769746363162994,1.832437515258789,-0.1982404589653015,0.7740825414657593,-0.011585967540740965,-0.016086280345916748,-0.18417155742645264,-0.5315936207771301,0.006186842918395996,-0.2774505019187927,49.88714599609375,False,0.0,0.1762968748807907,-0.22300252318382263,0.7724708914756775,0.0,-0.0007920199632644653,-0.0007919991016387962,-0.01,-0.01158401906490326,0.00048530614003539085,False,213,False,False,21.799999999998796,-0.07920199632644653,-0.0,0.0,0.0,0.0,0.0,0.0,-0.0,0.18241457379031556,0.0,-0.0,0.0,0.09041526693189332
7.101134542608634e-05,0.15029238164424896,1.740170955657959,-0.19852714240550995,0.7741961479187012,-0.012090313211083418,0.00899350643157959,-0.1836996078491211,-0.5240979194641113,-0.003038465976715088,-0.2695072293281555,49.88714599609375,False,0.0,0.1762968748807907,-0.22300252318382263,0.7724708914756775,0.0,-0.0007712856680154801,-0.0008062702417373641,-0.01,-0.011577555909752844,0.0005002599209547043,False,214,False,False,21.89999999999874,-0.077128566801548,-0.0,0.0,0.0,0.0,0.0,0.0,-0.0,0.1826282713408921,0.0,-0.0,0.0,0.09054285000243056
6.994290015427396e-05,0.14898690581321716,1.8975967168807983,-0.19502627849578857,0.7741125822067261,-0.013552440255880363,0.050000786781311035,-0.18495023250579834,-0.5167377591133118,-0.0050165653228759766,-0.253539502620697,49.88714599609375,False,0.0,0.1762968748807907,-0.22300252318382263,0.7724708914756775,0.0,-0.000759374350309372,-0.0008383774757385193,-0.01,-0.011597751826047891,0.0005184621550142765,False,215,False,False,21.999999999998685,-0.0759374350309372,-0.0,0.0,0.0,0.0,0.0,0.0,-0.0,0.18277932518676465,0.0,-0.0,0.0,0.09063028824307295
7.087698759278283e-05,0.15142391622066498,1.7381107807159424,-0.19732283055782318,0.7740615606307983,-0.010683106854557986,0.0354464054107666,-0.17322230339050293,-0.5273900628089905,0.014903664588928223,-0.21764934062957764,49.88714599609375,False,0.0,0.1762968748807907,-0.22300252318382263,0.7724708914756775,0.0,-0.0007740620523691178,-0.0008537077903747609,-0.01,-0.01162776984274388,0.0004719519056379795,False,216,False,False,22.09999999999863,-0.07740620523691177,-0.0,0.0,0.0,0.0,0.0,0.0,-0.0,0.18290089894998007,0.0,-0.0,0.0,0.09067638742262092
8.663048356538638e-05,0.14747123420238495,1.854836344718933,-0.19772891700267792,0.7740167379379272,-0.010135357528924936,0.06958186626434326,-0.18250560760498047,-0.5192328095436096,0.0013467073440551758,-0.22556591033935547,49.88714599609375,False,0.0,0.1762968748807907,-0.22300252318382263,0.7724708914756775,0.0,-0.0007693861424922944,-0.0008970084786415061,-0.01,-0.0116663946211338,0.0004778606817126274,False,217,False,False,22.199999999998575,-0.07693861424922943,-0.0,0.0,0.0,0.0,0.0,0.0,-0.0,0.18293625596549823,0.0,-0.0,0.0,0.09069874184025682
7.613347406731918e-05,0.14895090460777283,1.8167340755462646,-0.19753333926200867,0.7741577625274658,-0.012207128554582591,0.011607646942138672,-0.18401730060577393,-0.5306728482246399,0.00979149341583252,-0.26205718517303467,49.88714599609375,False,0.0,0.1762968748807907,-0.22300252318382263,0.7724708914756775,0.0,-0.0007892666757106781,-0.0009051513671874956,-0.01,-0.011694418042898174,0.00046709226444363594,False,218,False,False,22.29999999999852,-0.07892666757106781,-0.0,0.0,0.0,0.0,0.0,0.0,-0.0,0.18295548269041484,0.0,-0.0,0.0,0.09068847466949674
9.426627366337925e-05,0.1458263248205185,1.8791625499725342,-0.19877582788467407,0.7741485238075256,-0.009795088618993763,0.02055823802947998,-0.18188190460205078,-0.5231240391731262,0.004597902297973633,-0.26104217767715454,49.88714599609375,False,0.0,0.1762968748807907,-0.22300252318382263,0.7724708914756775,0.0,-0.0007679589092731476,-0.0008911445736885099,-0.01,-0.011659103482961657,0.0004818085581064224,False,219,False,False,22.399999999998464,-0.07679589092731476,-0.0,0.0,0.0,0.0,0.0,0.0,-0.0,0.18300325808485973,0.0,-0.0,0.0,0.09073367013315672
6.83566031511873e-05,0.15054966509342194,1.7787864208221436,-0.1968872845172882,0.7739720344543457,-0.014305468052625659,-0.029473960399627686,-0.18595606088638306,-0.5292367339134216,0.006290316581726074,-0.30317312479019165,49.88714599609375,False,0.0,0.1762968748807907,-0.22300252318382263,0.7724708914756775,0.0,-0.0007889486849308015,-0.0008687534928321777,-0.01,-0.01165770217776298,0.0004680408164858818,False,220,False,False,22.49999999999841,-0.07889486849308014,-0.0,0.0,0.0,0.0,0.0,0.0,-0.0,0.18309672012387457,0.0,-0.0,0.0,0.09075941137700648
8.346077083842829e-05,0.1468822956085205,1.8135418891906738,-0.19949321448802948,0.7739532589912415,-0.008630255088210111,0.03456759452819824,-0.1736288070678711,-0.5119962692260742,-0.0024840235710144043,-0.24818885326385498,49.88714599609375,False,0.0,0.1762968748807907,-0.22300252318382263,0.7724708914756775,0.0,-0.0007337205857038498,-0.0008830288052558838,-0.01,-0.011616749390959734,0.0007464513182640076,False,221,False,False,22.599999999998353,-0.07337205857038498,-0.0,0.0,0.0,0.0,0.0,0.0,-0.0,0.1831622337143094,0.0,-0.0,0.0,0.09084739627145084
7.22566110198386e-05,0.149376779794693,1.795426607131958,-0.1976538896560669,0.7740649580955505,-0.013665482103824613,-0.011691629886627197,-0.18587225675582886,-0.5246798992156982,0.0017251968383789062,-0.30115675926208496,49.88714599609375,False,0.0,0.1762968748807907,-0.22300252318382263,0.7724708914756775,0.0,-0.000774942934513092,-0.0008980202674865739,-0.01,-0.011672963201999667,0.0004639308899641037,False,222,False,False,22.699999999998298,-0.0774942934513092,-0.0,0.0,0.0,0.0,0.0,0.0,-0.0,0.18319818566065593,0.0,-0.0,0.0,0.09082414989581487
7.547422137577087e-05,0.14768746495246887,1.9290679693222046,-0.1953190565109253,0.7740500569343567,-0.01271362818777561,0.01868271827697754,-0.1804962158203125,-0.5208997130393982,0.004213452339172363,-0.2649388909339905,49.88714599609375,False,0.0,0.1762968748807907,-0.22300252318382263,0.7724708914756775,0.0,-0.0007607055455446243,-0.0008941283822059692,-0.01,-0.011654833927750593,0.0008208910003304482,False,223,False,False,22.799999999998242,-0.07607055455446243,-0.0,0.0,0.0,0.0,0.0,0.0,-0.0,0.18324241638903271,0.0,-0.0,0.0,0.09086050264897173
8.218300354201347e-05,0.14535625278949738,1.9765132665634155,-0.196401908993721,0.7742250561714172,-0.010178720057010647,-0.004679381847381592,-0.17259013652801514,-0.5305122137069702,0.019686460494995117,-0.25003141164779663,49.88714599609375,False,0.0,0.1762968748807907,-0.22300252318382263,0.7724708914756775,0.0,-0.0007791000604629517,-0.0008862650394439731,-0.01,-0.011665365099906925,0.0004743458703160286,False,224,False,False,22.899999999998187,-0.07791000604629517,-0.0,0.0,0.0,0.0,0.0,0.0,-0.0,0.18330287389157907,0.0,-0.0,0.0,0.09087233688532659
7.119265501387417e-05,0.14911046624183655,1.8464704751968384,-0.19652508199214935,0.7742011547088623,-0.012593661993741994,-0.04471200704574585,-0.1812882423400879,-0.5392920970916748,0.023009300231933594,-0.2838323712348938,49.88714599609375,False,0.0,0.1762968748807907,-0.22300252318382263,0.7724708914756775,0.0,-0.00081557497382164,-0.0008633771538734403,-0.01,-0.01167895212769508,0.0004838695749640465,False,225,False,False,22.99999999999813,-0.081557497382164,-0.0,0.0,0.0,0.0,0.0,0.0,-0.0,0.1834102188629675,0.0,-0.0,0.0,0.09088953445766211
7.712801016168669e-05,0.14876769483089447,1.79044508934021,-0.1983170509338379,0.7739695906639099,-0.010209024474024768,0.007521152496337891,-0.1777634620666504,-0.5244042277336121,0.009880304336547852,-0.26264095306396484,49.88714599609375,False,0.0,0.1762968748807907,-0.22300252318382263,0.7724708914756775,0.0,-0.0007668846100568772,-0.000892031490802761,-0.01,-0.011658916100859638,0.0005709840916097164,False,226,False,False,23.099999999998076,-0.07668846100568771,-0.0,0.0,0.0,0.0,0.0,0.0,-0.0,0.18346078207030136,0.0,-0.0,0.0,0.0909635064250938
8.126474858727306e-05,0.14979742467403412,1.7671102285385132,-0.1981370896100998,0.7741193175315857,-0.012060055881738668,0.013691306114196777,-0.18087363243103027,-0.5217295289039612,0.004957795143127441,-0.27676141262054443,49.88714599609375,False,0.0,0.1762968748807907,-0.22300252318382263,0.7724708914756775,0.0,-0.0007628224790096283,-0.0009348884224891635,-0.01,-0.011697710901498792,0.0008120588026940823,False,227,False,False,23.19999999999802,-0.07628224790096283,-0.0,0.0,0.0,0.0,0.0,0.0,-0.0,0.18342519773342558,0.0,-0.0,0.0,0.09094977638770316
7.689477206440642e-05,0.14994902908802032,1.7476862668991089,-0.19865624606609344,0.774207353591919,-0.011321221590042115,0.030153274536132812,-0.18131589889526367,-0.5204412341117859,0.008043766021728516,-0.2681010961532593,49.88714599609375,False,0.0,0.1762968748807907,-0.22300252318382263,0.7724708914756775,0.0,-0.0007617712020874023,-0.0009529149532318121,-0.01,-0.011714686155319214,0.000493254978209734,False,228,False,False,23.299999999997965,-0.07617712020874023,-0.0,0.0,0.0,0.0,0.0,0.0,-0.0,0.18335293898993144,0.0,-0.0,0.0,0.09091469829287832
7.777314749546349e-05,0.14674435555934906,1.9317573308944702,-0.19631697237491608,0.7741855382919312,-0.01234910376369953,0.03323638439178467,-0.18398839235305786,-0.5206783413887024,0.009476304054260254,-0.27450060844421387,49.88714599609375,False,0.0,0.1762968748807907,-0.22300252318382263,0.7724708914756775,0.0,-0.0007653803378343582,-0.0009645321965217613,-0.01,-0.01172991253435612,0.0004819580353796482,False,229,False,False,23.39999999999791,-0.07653803378343582,-0.0,0.0,0.0,0.0,0.0,0.0,-0.0,0.18325643651513523,0.0,-0.0,0.0,0.09086283791973326
7.548746361862868e-05,0.14803889393806458,1.875188946723938,-0.19674761593341827,0.7742136716842651,-0.011714786812663079,-0.016240358352661133,-0.17521756887435913,-0.5326347351074219,0.024823307991027832,-0.27411603927612305,49.88714599609375,False,0.0,0.1762968748807907,-0.22300252318382263,0.7724708914756775,0.0,-0.0007882022112607956,-0.0009397676587104831,-0.01,-0.011727969869971279,0.00047362688928842545,False,230,False,False,23.499999999997854,-0.07882022112607956,-0.0,0.0,0.0,0.0,0.0,0.0,-0.0,0.18320904879316302,0.0,-0.0,0.0,0.09081632218532071
7.11279790266417e-05,0.14918673038482666,1.8222922086715698,-0.19679710268974304,0.7738240957260132,-0.011998579502105715,-0.004694640636444092,-0.17590248584747314,-0.5259908437728882,0.0161898136138916,-0.27530282735824585,49.88714599609375,False,0.0,0.1762968748807907,-0.22300252318382263,0.7724708914756775,0.0,-0.0007697305083274841,-0.0010556888580322277,-0.01,-0.011825419366359712,0.0007806676439940929,False,231,False,False,23.5999999999978,-0.07697305083274841,-0.0,0.0,0.0,0.0,0.0,0.0,-0.0,0.18292691189556864,0.0,-0.0,0.0,0.09069372543945683
7.004903454799205e-05,0.14992398023605347,1.7835869789123535,-0.19750121235847473,0.7741042971611023,-0.011963706761598586,0.019936561584472656,-0.16959011554718018,-0.5172935724258423,0.007784724235534668,-0.25800037384033203,49.88714599609375,False,0.0,0.1762968748807907,-0.22300252318382263,0.7724708914756775,0.0,-0.0007420288026332855,-0.0016625684499740612,-0.01,-0.012404597252607346,0.0004774192348122597,False,232,False,False,23.699999999997743,-0.07420288026332855,-0.0,0.0,0.0,0.0,0.0,0.0,-0.0,0.18141593687229318,0.0,-0.0,0.0,0.0899659396335133
7.886419916758314e-05,0.14428609609603882,2.0005886554718018,-0.19647496938705444,0.7739502191543579,-0.011172353923320767,0.039054274559020996,-0.1679341197013855,-0.5121837258338928,0.014587879180908203,-0.2638445496559143,49.88714599609375,False,0.0,0.1762968748807907,-0.22300252318382263,0.7724708914756775,0.0,-0.0007306802272796631,-0.0015146026015281644,-0.01,-0.012245282828807828,0.0005128001794219017,False,233,False,False,23.799999999997688,-0.07306802272796631,-0.0,0.0,0.0,0.0,0.0,0.0,-0.0,0.18018859821247268,0.0,-0.0,0.0,0.08936361887895668
7.62059644330293e-05,0.14867830276489258,1.7768895626068115,-0.19876739382743835,0.7739238739013672,-0.011734614968299873,-0.0316469669342041,-0.16344493627548218,-0.5301110744476318,0.0309903621673584,-0.2807942032814026,49.88714599609375,False,0.0,0.1762968748807907,-0.22300252318382263,0.7724708914756775,0.0,-0.0007742348313331605,-0.0014543551206588762,-0.01,-0.012228589951992037,0.00048290519043803215,False,234,False,False,23.899999999997632,-0.07742348313331604,-0.0,0.0,0.0,0.0,0.0,0.0,-0.0,0.17907056303901714,0.0,-0.0,0.0,0.08876104668817542
6.902639142936096e-05,0.1494484841823578,1.8042221069335938,-0.19694101810455322,0.7736876606941223,-0.013197363987565047,0.03994917869567871,-0.1757432222366333,-0.5172159075737,0.0033642053604125977,-0.2596933841705322,49.88714599609375,False,0.0,0.1762968748807907,-0.22300252318382263,0.7724708914756775,0.0,-0.000750013068318367,-0.0011076658964157132,-0.01,-0.01185767896473408,0.00047383271157741547,False,235,False,False,23.999999999997577,-0.0750013068318367,-0.0,0.0,0.0,0.0,0.0,0.0,-0.0,0.17864165335095883,0.0,-0.0,0.0,0.08857081360716104
7.187013397924602e-05,0.14998354017734528,1.8106410503387451,-0.19663915038108826,0.7741134166717529,-0.01167393833398819,0.07242393493652344,-0.14856797456741333,-0.49772727489471436,0.01266932487487793,-0.2256608009338379,49.88714599609375,False,0.0,0.1762968748807907,-0.22300252318382263,0.7724708914756775,0.0,-0.0006880265474319458,-0.000636461973190311,-0.01,-0.011324488520622258,0.0004888991825282574,False,236,False,False,24.09999999999752,-0.06880265474319458,-0.0,0.0,0.0,0.0,0.0,0.0,-0.0,0.17916034315669593,0.0,-0.0,0.0,0.08889214503091603
8.087912283372134e-05,0.14780056476593018,1.7865756750106812,-0.19949395954608917,0.7740632891654968,-0.00856395974755288,0.07875430583953857,-0.1462056040763855,-0.49650561809539795,0.025046586990356445,-0.23106002807617188,49.88714599609375,False,0.0,0.1762968748807907,-0.22300252318382263,0.7724708914756775,0.0,-0.0006868086755275727,-0.00046394735574722956,-0.01,-0.011150756031274803,0.00047541409730911255,False,237,False,False,24.199999999997466,-0.06868086755275726,-0.0,0.0,0.0,0.0,0.0,0.0,-0.0,0.18003284515385243,0.0,-0.0,0.0,0.08932961390139864
7.776395068503916e-05,0.1493038684129715,1.8195137977600098,-0.1971130222082138,0.7741737961769104,-0.013338360190391547,0.04456448554992676,-0.1563984751701355,-0.5023395419120789,0.021854281425476074,-0.2840547561645508,49.88714599609375,False,0.0,0.1762968748807907,-0.22300252318382263,0.7724708914756775,0.0,-0.0006981727480888367,-0.000521417260169979,-0.01,-0.011219590008258815,0.0006051170639693737,False,238,False,False,24.29999999999741,-0.06981727480888367,-0.0,0.0,0.0,0.0,0.0,0.0,-0.0,0.18079796025665096,0.0,-0.0,0.0,0.08970080738023664
7.72683197283186e-05,0.15171922743320465,1.6476730108261108,-0.19955044984817505,0.7738713622093201,-0.01034890979528428,0.0569835901260376,-0.14535260200500488,-0.4994654655456543,0.026311635971069336,-0.2556018829345703,49.88714599609375,False,0.0,0.1762968748807907,-0.22300252318382263,0.7724708914756775,0.0,-0.0006863313913345337,-0.0006639131903648371,-0.01,-0.011350244581699372,0.000478425994515419,False,239,False,False,24.399999999997355,-0.06863313913345337,-0.0,0.0,0.0,0.0,0.0,0.0,-0.0,0.181282903803487,0.0,-0.0,0.0,0.08995512051040896
7.597232615808025e-05,0.1484752893447876,1.9163429737091064,-0.19501246511936188,0.7741495370864868,-0.013445574417710302,0.09613502025604248,-0.14703720808029175,-0.48343485593795776,0.013942122459411621,-0.2540597915649414,49.88714599609375,False,0.0,0.1762968748807907,-0.22300252318382263,0.7724708914756775,0.0,-0.0006619138270616532,-0.0005745208263397278,-0.01,-0.011236434653401382,0.0004910659044981003,False,240,False,False,24.4999999999973,-0.06619138270616531,-0.0,0.0,0.0,0.0,0.0,0.0,-0.0,0.18195342900062073,0.0,-0.0,0.0,0.09031480067324871
8.461086690658703e-05,0.15030759572982788,1.8078559637069702,-0.19614377617835999,0.7738585472106934,-0.010917488709092147,0.04524838924407959,-0.1199948787689209,-0.4918515086174011,0.045136332511901855,-0.2504688501358032,49.88714599609375,False,0.0,0.1762968748807907,-0.22300252318382263,0.7724708914756775,0.0,-0.0006510034948587418,-0.000517182946205133,-0.01,-0.011168186441063875,0.000751956831663847,False,241,False,False,24.599999999997245,-0.06510034948587418,-0.0,0.0,0.0,0.0,0.0,0.0,-0.0,0.18274654711329397,0.0,-0.0,0.0,0.09072227006178823
7.632457709405571e-05,0.1529640108346939,1.768874168395996,-0.19494548439979553,0.7741472125053406,-0.012885938957333564,0.06482625007629395,-0.12598276138305664,-0.48908406496047974,0.027520418167114258,-0.24324119091033936,49.88714599609375,False,0.0,0.1762968748807907,-0.22300252318382263,0.7724708914756775,0.0,-0.0006500867754220962,-0.0006810617446899453,-0.01,-0.011331148520112041,0.0005174679681658745,False,242,False,False,24.69999999999719,-0.06500867754220963,-0.0,0.0,0.0,0.0,0.0,0.0,-0.0,0.1832165827269081,0.0,-0.0,0.0,0.09095820458803196
7.605742575833574e-05,0.14995720982551575,1.867414951324463,-0.19498509168624878,0.7741362452507019,-0.010305064246058468,0.10004234313964844,-0.11102509498596191,-0.47153186798095703,0.035138487815856934,-0.21962159872055054,49.88714599609375,False,0.0,0.1762968748807907,-0.22300252318382263,0.7724708914756775,0.0,-0.0006147801131010055,-0.0005630344152450506,-0.01,-0.011177814528346056,0.0004967260174453259,False,243,False,False,24.799999999997134,-0.061478011310100555,-0.0,0.0,0.0,0.0,0.0,0.0,-0.0,0.18392981935723118,0.0,-0.0,0.0,0.09135012956551458
9.080628660740331e-05,0.15137402713298798,1.8322219848632812,-0.19466567039489746,0.7741778492927551,-0.011739267520606517,0.05841362476348877,-0.103310227394104,-0.4752262830734253,0.04577505588531494,-0.2524009346961975,49.88714599609375,False,0.0,0.1762968748807907,-0.22300252318382263,0.7724708914756775,0.0,-0.0006050513312220574,-0.0004946395754814176,-0.01,-0.011099690906703475,0.0005235443823039532,False,244,False,False,24.89999999999708,-0.060505133122205734,-0.0,0.0,0.0,0.0,0.0,0.0,-0.0,0.18478844245124382,0.0,-0.0,0.0,0.09178916989439985
7.866868691053241e-05,0.1518179178237915,1.7268081903457642,-0.19720561802387238,0.7739992737770081,-0.009580061286687855,0.06852877140045166,-0.10093790292739868,-0.47026968002319336,0.040780067443847656,-0.243888258934021,49.88714599609375,False,0.0,0.1762968748807907,-0.22300252318382263,0.7724708914756775,0.0,-0.0005942530930042267,-0.0006392255425453214,-0.01,-0.011233478635549549,0.0004931129515171051,False,245,False,False,24.999999999997023,-0.05942530930042267,-0.0,0.0,0.0,0.0,0.0,0.0,-0.0,0.1853636028035276,0.0,-0.0,0.0,0.09208754830875956
7.829679816495627e-05,0.15340465307235718,1.6197999715805054,-0.19857384264469147,0.7737439870834351,-0.010664590895175928,0.07620036602020264,-0.10206103324890137,-0.4554716944694519,0.03418290615081787,-0.26179230213165283,49.88714599609375,False,0.0,0.1762968748807907,-0.22300252318382263,0.7724708914756775,0.0,-0.0005621147155761718,-0.0006059882044792131,-0.01,-0.011168102920055385,0.0006274888291954994,False,246,False,False,25.099999999996967,-0.05621147155761719,-0.0,0.0,0.0,0.0,0.0,0.0,-0.0,0.1860116925809665,0.0,-0.0,0.0,0.09244373157490708
6.825076707173139e-05,0.1546722948551178,1.734246850013733,-0.19411276280879974,0.7739839553833008,-0.01453048169612884,0.09847760200500488,-0.09775269031524658,-0.43706732988357544,0.030049681663513184,-0.25571751594543457,49.88714599609375,False,0.0,0.1762968748807907,-0.22300252318382263,0.7724708914756775,0.0,-0.0005279606580734253,-0.000537562966346744,-0.01,-0.011065523624420169,0.00047097913920879364,False,247,False,False,25.199999999996912,-0.05279606580734253,-0.0,0.0,0.0,0.0,0.0,0.0,-0.0,0.1868046795256031,0.0,-0.0,0.0,0.09287437910472812
6.849075725767761e-05,0.1539175659418106,1.6740193367004395,-0.19648513197898865,0.7737947702407837,-0.009129344075918203,0.11090242862701416,-0.07270747423171997,-0.42984533309936523,0.05217278003692627,-0.2106803059577942,49.88714599609375,False,0.0,0.1762968748807907,-0.22300252318382263,0.7724708914756775,0.0,-0.0005126868188381195,-0.00042893916368484664,-0.01,-0.010941625982522966,0.0004920577630400658,False,248,False,False,25.299999999996857,-0.05126868188381195,-0.0,0.0,0.0,0.0,0.0,0.0,-0.0,0.1878250537760915,0.0,-0.0,0.0,0.09339984006920762
7.590505265397951e-05,0.15463733673095703,1.640051007270813,-0.19674912095069885,0.7737594842910767,-0.010983847044408322,0.09579730033874512,-0.07781600952148438,-0.4279060363769531,0.04740941524505615,-0.2425088882446289,49.88714599609375,False,0.0,0.1762968748807907,-0.22300252318382263,0.7724708914756775,0.0,-0.0005014592036604881,-0.00041253238916397206,-0.01,-0.010913991592824461,0.00047553516924381256,False,249,False,False,25.3999999999968,-0.05014592036604881,-0.0,0.0,0.0,0.0,0.0,0.0,-0.0,0.18888885047537474,0.0,-0.0,0.0,0.09394296603402688
6.749981548637152e-05,0.15594109892845154,1.5798017978668213,-0.1971481740474701,0.7736548185348511,-0.011078849360346792,0.09579825401306152,-0.07217222452163696,-0.4177584648132324,0.04641413688659668,-0.24630892276763916,49.88714599609375,False,0.0,0.1762968748807907,-0.22300252318382263,0.7724708914756775,0.0,-0.0004776563495397568,-0.0004823184013366677,-0.01,-0.010959974750876424,0.0004775240086019039,False,250,False,False,25.499999999996746,-0.04776563495397568,-0.0,0.0,0.0,0.0,0.0,0.0,-0.0,0.18982246293520488,0.0,-0.0,0.0,0.09443357511806269
6.687162385787815e-05,0.15414077043533325,1.7136329412460327,-0.19516268372535706,0.7738839387893677,-0.01185343705117702,0.10767233371734619,-0.0659903883934021,-0.4040774703025818,0.04558253288269043,-0.2413579821586609,49.88714599609375,False,0.0,0.1762968748807907,-0.22300252318382263,0.7724708914756775,0.0,-0.000453261062502861,-0.00047580420970916304,-0.01,-0.010929065272212024,0.0008116522803902626,False,251,False,False,25.59999999999669,-0.0453261062502861,-0.0,0.0,0.0,0.0,0.0,0.0,-0.0,0.19077861730457024,0.0,-0.0,0.0,0.09493604758978226
6.551390833919868e-05,0.15376806259155273,1.6745998859405518,-0.1965382993221283,0.7737158536911011,-0.009883858337998397,0.07513833045959473,-0.051206886768341064,-0.40585029125213623,0.06078064441680908,-0.25374752283096313,49.88714599609375,False,0.0,0.1762968748807907,-0.22300252318382263,0.7724708914756775,0.0,-0.00044169165194034575,-0.000494953691959385,-0.01,-0.010936645343899732,0.000488748773932457,False,252,False,False,25.699999999996635,-0.044169165194034576,-0.0,0.0,0.0,0.0,0.0,0.0,-0.0,0.19170577029039937,0.0,-0.0,0.0,0.09541119349325934
7.262467261170968e-05,0.15289616584777832,1.8702218532562256,-0.19186227023601532,0.7740365862846375,-0.014120871126651759,0.06274986267089844,-0.05352926254272461,-0.40322721004486084,0.051618099212646484,-0.2729771137237549,49.88714599609375,False,0.0,0.1762968748807907,-0.22300252318382263,0.7724708914756775,0.0,-0.0004301488399505615,-0.0006533658504486034,-0.01,-0.011083514690399166,0.0006249118596315384,False,253,False,False,25.79999999999658,-0.04301488399505615,-0.0,0.0,0.0,0.0,0.0,0.0,-0.0,0.19232224910705398,0.0,-0.0,0.0,0.09573097571357643
6.127233064034954e-05,0.15529082715511322,1.7043352127075195,-0.19431760907173157,0.7739099860191345,-0.010014539174735554,0.047055959701538086,-0.028005003929138184,-0.4022061824798584,0.07051169872283936,-0.24784541130065918,49.88714599609375,False,0.0,0.1762968748807907,-0.22300252318382263,0.7724708914756775,0.0,-0.0004243506118655205,-0.0007440465688705461,-0.01,-0.011168397180736067,0.0004902118816971779,False,254,False,False,25.899999999996524,-0.04243506118655205,-0.0,0.0,0.0,0.0,0.0,0.0,-0.0,0.1927618280333323,0.0,-0.0,0.0,0.09595656340480063
7.172779442043975e-05,0.1561298370361328,1.6253507137298584,-0.195827454328537,0.7738893032073975,-0.010253055058419705,0.0838010311126709,-0.03370082378387451,-0.38529646396636963,0.055863380432128906,-0.24241232872009277,49.88714599609375,False,0.0,0.1762968748807907,-0.22300252318382263,0.7724708914756775,0.0,-0.00039933111518621446,-0.0007515549659729004,-0.01,-0.011150886081159115,0.0004889601841568947,False,255,False,False,25.99999999999647,-0.039933111518621445,-0.0,0.0,0.0,0.0,0.0,0.0,-0.0,0.1931906303538542,0.0,-0.0,0.0,0.09619598406174089
7.013525464572012e-05,0.1551528424024582,1.6888628005981445,-0.19476038217544556,0.7737506031990051,-0.01143351651728154,0.1068657636642456,-0.03821754455566406,-0.36405909061431885,0.04665803909301758,-0.23596906661987305,49.88714599609375,False,0.0,0.1762968748807907,-0.22300252318382263,0.7724708914756775,0.0,-0.0003689921647310257,-0.0005744013190269459,-0.01,-0.010943393483757972,0.0004905899986624718,False,256,False,False,26.099999999996413,-0.03689921647310257,-0.0,0.0,0.0,0.0,0.0,0.0,-0.0,0.19398153709473798,0.0,-0.0,0.0,0.09662177638263797
6.874792597955093e-05,0.15498927235603333,1.6931122541427612,-0.19495514035224915,0.7739092707633972,-0.010684805475175387,0.0980370044708252,-0.034016966819763184,-0.3560776710510254,0.04573225975036621,-0.22503316402435303,49.88714599609375,False,0.0,0.1762968748807907,-0.22300252318382263,0.7724708914756775,0.0,-0.0003491279110312462,-0.0004954788088798595,-0.01,-0.010844606719911106,0.0004751179367303848,False,257,False,False,26.199999999996358,-0.03491279110312462,-0.0,0.0,0.0,0.0,0.0,0.0,-0.0,0.19493999977199117,0.0,-0.0,0.0,0.09712087197496434
5.750965283368714e-05,0.15536706149578094,1.753320336341858,-0.1926918923854828,0.7738300561904907,-0.012599615827202797,0.08726727962493896,-0.0353926420211792,-0.35171782970428467,0.04337453842163086,-0.2377922534942627,49.88714599609375,False,0.0,0.1762968748807907,-0.22300252318382263,0.7724708914756775,0.0,-0.00033613748848438263,-0.0005559456348419173,-0.01,-0.010892083123326301,0.0004889075644314289,False,258,False,False,26.299999999996302,-0.03361374884843826,-0.0,0.0,0.0,0.0,0.0,0.0,-0.0,0.1957860006808082,0.0,-0.0,0.0,0.09755686285191972
7.593147165607661e-05,0.15262550115585327,1.7805352210998535,-0.19498810172080994,0.7742011547088623,-0.008575753755867485,0.08897721767425537,-0.031036794185638428,-0.3478083610534668,0.04013931751251221,-0.2072957158088684,49.88714599609375,False,0.0,0.1762968748807907,-0.22300252318382263,0.7724708914756775,0.0,-0.00032865513116121293,-0.0006099492311477661,-0.01,-0.010938604362308979,0.0004756930284202099,False,259,False,False,26.399999999996247,-0.03286551311612129,-0.0,0.0,0.0,0.0,0.0,0.0,-0.0,0.1965314127454285,0.0,-0.0,0.0,0.09793705124155304
6.651780859101564e-05,0.15331721305847168,1.7435476779937744,-0.19541162252426147,0.7742067575454712,-0.010848710164427757,0.04277372360229492,-0.03514528274536133,-0.349759578704834,0.04044687747955322,-0.2758578062057495,49.88714599609375,False,0.0,0.1762968748807907,-0.22300252318382263,0.7724708914756775,0.0,-0.00031758122146129607,-0.0006938099861144992,-0.01,-0.011011391207575796,0.0004965630359947681,False,260,False,False,26.49999999999619,-0.03175812214612961,-0.0,0.0,0.0,0.0,0.0,0.0,-0.0,0.1971149090598403,0.0,-0.0,0.0,0.09823987330845886
6.0981223214184865e-05,0.1571432650089264,1.6009718179702759,-0.19581831991672516,0.774162232875824,-0.011795397605746986,0.04446983337402344,-0.039651334285736084,-0.34510600566864014,0.029853343963623047,-0.27760744094848633,49.88714599609375,False,0.0,0.1762968748807907,-0.22300252318382263,0.7724708914756775,0.0,-0.00030884793028235436,-0.0008732223510742182,-0.01,-0.011182070281356572,0.0007417481392621994,False,261,False,False,26.599999999996136,-0.030884793028235435,-0.0,0.0,0.0,0.0,0.0,0.0,-0.0,0.19734196864388465,0.0,-0.0,0.0,0.09836213639165997
5.274383875075728e-05,0.15534161031246185,1.6338086128234863,-0.19647537171840668,0.774002730846405,-0.01005847413092851,0.1011958122253418,-0.046007633209228516,-0.3219186067581177,0.016170144081115723,-0.2338925004005432,49.88714599609375,False,0.0,0.1762968748807907,-0.22300252318382263,0.7724708914756775,0.0,-0.00029062587767839435,-0.0007782912254333529,-0.01,-0.011068917103111748,0.0006258301436901093,False,262,False,False,26.69999999999608,-0.029062587767839432,-0.0,0.0,0.0,0.0,0.0,0.0,-0.0,0.19776295010335365,0.0,-0.0,0.0,0.09859084917399843
5.6894943554652855e-05,0.15713649988174438,1.5645182132720947,-0.19681617617607117,0.7740597128868103,-0.011075581125915057,0.08585762977600098,-0.04444622993469238,-0.3133133053779602,0.014145135879516602,-0.24625563621520996,49.88714599609375,False,0.0,0.1762968748807907,-0.22300252318382263,0.7724708914756775,0.0,-0.0002692807838320732,-0.0005806228518486084,-0.01,-0.010849903635680683,0.00047706300392746925,False,263,False,False,26.799999999996025,-0.02692807838320732,-0.0,0.0,0.0,0.0,0.0,0.0,-0.0,0.19858758420637312,0.0,-0.0,0.0,0.09902451131935448
5.017112925997935e-05,0.15618975460529327,1.6867836713790894,-0.19396764039993286,0.7739323973655701,-0.012690555267035955,0.098335862159729,-0.04870176315307617,-0.30561578273773193,0.007963299751281738,-0.23986035585403442,49.88714599609375,False,0.0,0.1762968748807907,-0.22300252318382263,0.7724708914756775,0.0,-0.0002637655660510063,-0.000609028041362758,-0.01,-0.010872793607413764,0.0004775170236825943,False,264,False,False,26.89999999999597,-0.02637655660510063,-0.0,0.0,0.0,0.0,0.0,0.0,-0.0,0.19936315810419547,0.0,-0.0,0.0,0.09941781348604672
5.612680979538709e-05,0.15539990365505219,1.7368799448013306,-0.193533793091774,0.774211585521698,-0.01096238281577826,0.07866048812866211,-0.04017907381057739,-0.3092045187950134,0.015316963195800781,-0.2206782102584839,49.88714599609375,False,0.0,0.1762968748807907,-0.22300252318382263,0.7724708914756775,0.0,-0.0002591096982359886,-0.0006085687875747731,-0.01,-0.010867678485810762,0.0004783426411449909,False,265,False,False,26.999999999995914,-0.02591096982359886,-0.0,0.0,0.0,0.0,0.0,0.0,-0.0,0.20014749991384762,0.0,-0.0,0.0,0.09981464025868782
5.505776061909273e-05,0.1519147753715515,1.8707295656204224,-0.19314409792423248,0.7743522524833679,-0.010380464289337397,0.054133057594299316,-0.04000610113143921,-0.3170618414878845,0.018518686294555664,-0.2391977310180664,49.88714599609375,False,0.0,0.1762968748807907,-0.22300252318382263,0.7724708914756775,0.0,-0.00026350507512688635,-0.0007338121533393832,-0.01,-0.01099731722846627,0.0004761619493365288,False,266,False,False,27.09999999999586,-0.026350507512688637,-0.0,0.0,0.0,0.0,0.0,0.0,-0.0,0.20068678631834558,0.0,-0.0,0.0,0.1000798880840459
5.1601356972241774e-05,0.1569777876138687,1.6766270399093628,-0.19399547576904297,0.7744435667991638,-0.011689713262021544,0.00031244754791259766,-0.03947591781616211,-0.3310859203338623,0.021323323249816895,-0.26895904541015625,49.88714599609375,False,0.0,0.1762968748807907,-0.22300252318382263,0.7724708914756775,0.0,-0.00027907755225896834,-0.0009293189644813543,-0.01,-0.011208396516740323,0.0007297848351299763,False,267,False,False,27.199999999995804,-0.027907755225896835,-0.0,0.0,0.0,0.0,0.0,0.0,-0.0,0.20083652708995847,0.0,-0.0,0.0,0.10013918599272027
4.9513928388478234e-05,0.1565479189157486,1.6931331157684326,-0.19378776848316193,0.7743011713027954,-0.011184609476476908,0.0613865852355957,-0.04802483320236206,-0.3153270483016968,0.00562739372253418,-0.23988103866577148,49.88714599609375,False,0.0,0.1762968748807907,-0.22300252318382263,0.7724708914756775,0.0,-0.00026384377852082256,-0.0010360470414161743,-0.01,-0.011299890819936997,0.00047530699521303177,False,268,False,False,27.299999999995748,-0.026384377852082253,-0.0,0.0,0.0,0.0,0.0,0.0,-0.0,0.20077210213337904,0.0,-0.0,0.0,0.1001222072881687
5.488681199494749e-05,0.15485180914402008,1.7618814706802368,-0.19359928369522095,0.7744790315628052,-0.01066562669351697,0.08066773414611816,-0.04788917303085327,-0.3016932010650635,-0.00040227174758911133,-0.2037419080734253,49.88714599609375,False,0.0,0.1762968748807907,-0.22300252318382263,0.7724708914756775,0.0,-0.00024954902008175853,-0.000773166418075566,-0.01,-0.011022715438157325,0.00048487400636076927,False,269,False,False,27.399999999995693,-0.02495490200817585,-0.0,0.0,0.0,0.0,0.0,0.0,-0.0,0.20123814168580767,0.0,-0.0,0.0,0.10036952182282208
5.118975241202861e-05,0.15277421474456787,1.838855504989624,-0.1930951476097107,0.7742065191268921,-0.010791027266532187,0.05987739562988281,-0.04677152633666992,-0.30363714694976807,0.0014053583145141602,-0.2124950885772705,49.88714599609375,False,0.0,0.1762968748807907,-0.22300252318382263,0.7724708914756775,0.0,-0.0002449259348213673,-0.0007145702838897705,-0.01,-0.010959496218711139,0.00048603489995002747,False,270,False,False,27.499999999995637,-0.024492593482136726,-0.0,0.0,0.0,0.0,0.0,0.0,-0.0,0.20182725399535406,0.0,-0.0,0.0,0.10066870106285566
5.472338671097532e-05,0.1561821699142456,1.735345482826233,-0.19289441406726837,0.774308443069458,-0.011954379137605425,0.02707695960998535,-0.04625016450881958,-0.3124181032180786,-0.004331648349761963,-0.2138933539390564,49.88714599609375,False,0.0,0.1762968748807907,-0.22300252318382263,0.7724708914756775,0.0,-0.00025124019011855123,-0.0008509638905525169,-0.01,-0.011102204080671068,0.0007121702656149864,False,271,False,False,27.599999999995582,-0.025124019011855125,-0.0,0.0,0.0,0.0,0.0,0.0,-0.0,0.2021468179745144,0.0,-0.0,0.0,0.10082216879713865
4.762611570185982e-05,0.15655536949634552,1.7048046588897705,-0.19330255687236786,0.7741735577583313,-0.010835816897451877,0.0650014877319336,-0.0511435866355896,-0.30271852016448975,-0.010985493659973145,-0.18736565113067627,49.88714599609375,False,0.0,0.1762968748807907,-0.22300252318382263,0.7724708914756775,0.0,-0.0002465001121163368,-0.0009195658564567638,-0.01,-0.011166065968573101,0.0004765857011079788,False,272,False,False,27.699999999995526,-0.024650011211633682,-0.0,0.0,0.0,0.0,0.0,0.0,-0.0,0.20233101998507297,0.0,-0.0,0.0,0.10091900988042014
5.250606045592576e-05,0.15548518300056458,1.8315887451171875,-0.19091826677322388,0.774522602558136,-0.01238906484097243,0.0760568380355835,-0.0519261360168457,-0.2953500747680664,-0.017939269542694092,-0.1709781289100647,49.88714599609375,False,0.0,0.1762968748807907,-0.22300252318382263,0.7724708914756775,0.0,-0.00024008613079786302,-0.0007630813121795726,-0.01,-0.011003167442977435,0.0004742317833006382,False,273,False,False,27.79999999999547,-0.0240086130797863,-0.0,0.0,0.0,0.0,0.0,0.0,-0.0,0.2028332158728201,0.0,-0.0,0.0,0.1011765218056122
4.8534435336478055e-05,0.15606237947940826,1.7670323848724365,-0.1920854151248932,0.7743302583694458,-0.010204234458506104,0.05747640132904053,-0.0465855598449707,-0.3023471236228943,-0.004006147384643555,-0.16155993938446045,49.88714599609375,False,0.0,0.1762968748807907,-0.22300252318382263,0.7724708914756775,0.0,-0.0002422589436173439,-0.0007415166497230508,-0.01,-0.010983775593340395,0.0004737749695777893,False,274,False,False,27.899999999995416,-0.02422589436173439,-0.0,0.0,0.0,0.0,0.0,0.0,-0.0,0.2033840093813607,0.0,-0.0,0.0,0.101449745747063
5.145693648955785e-05,0.15875579416751862,1.6998330354690552,-0.19144630432128906,0.7743685841560364,-0.01206807812675834,0.049663662910461426,-0.049557626247406006,-0.30531537532806396,-0.010221481323242188,-0.18101203441619873,49.88714599609375,False,0.0,0.1762968748807907,-0.22300252318382263,0.7724708914756775,0.0,-0.00024561097845435145,-0.0008347308635711648,-0.01,-0.011080341842025516,0.00047194259241223335,False,275,False,False,27.99999999999536,-0.024561097845435143,-0.0,0.0,0.0,0.0,0.0,0.0,-0.0,0.20375207897008152,0.0,-0.0,0.0,0.1016304285065864
5.852989124832675e-05,0.15570250153541565,1.7810529470443726,-0.19197502732276917,0.7742806077003479,-0.009865020457655194,0.07953929901123047,-0.05216926336288452,-0.29721105098724365,-0.013133108615875244,-0.1490817666053772,49.88714599609375,False,0.0,0.1762968748807907,-0.22300252318382263,0.7724708914756775,0.0,-0.000243887547403574,-0.0008214649558067333,-0.01,-0.011065352503210307,0.0004798620939254761,False,276,False,False,28.099999999995305,-0.0243887547403574,-0.0,0.0,0.0,0.0,0.0,0.0,-0.0,0.20415059016255954,0.0,-0.0,0.0,0.10183140753387619
5.149478238308802e-05,0.1572047472000122,1.8296152353286743,-0.18918339908123016,0.7744480967521667,-0.013277804367244248,0.03705143928527832,-0.048840224742889404,-0.3046644926071167,-0.017125070095062256,-0.17557495832443237,49.88714599609375,False,0.0,0.1762968748807907,-0.22300252318382263,0.7724708914756775,0.0,-0.00024217974394559862,-0.0007795554399490368,-0.01,-0.011021735183894635,0.0004815179854631424,False,277,False,False,28.19999999999525,-0.02421797439455986,-0.0,0.0,0.0,0.0,0.0,0.0,-0.0,0.20463786710281295,0.0,-0.0,0.0,0.10207675380746088
5.0314054533373564e-05,0.1558884233236313,1.7619708776474,-0.19241568446159363,0.774334728717804,-0.008383714947849513,0.04615926742553711,-0.047688961029052734,-0.3087901473045349,-0.008142054080963135,-0.14205849170684814,49.88714599609375,False,0.0,0.1762968748807907,-0.22300252318382263,0.7724708914756775,0.0,-0.00024955639615654947,-0.000916708409786221,-0.01,-0.011166264805942771,0.00048174289986491203,False,278,False,False,28.299999999995194,-0.024955639615654945,-0.0,0.0,0.0,0.0,0.0,0.0,-0.0,0.204852999859227,0.0,-0.0,0.0,0.10217694353345695
5.3010531701147556e-05,0.15570087730884552,1.899169921875,-0.188866525888443,0.7747139930725098,-0.013560381084680558,0.015191435813903809,-0.05098837614059448,-0.3108243942260742,-0.019903719425201416,-0.19939488172531128,49.88714599609375,False,0.0,0.1762968748807907,-0.22300252318382263,0.7724708914756775,0.0,-0.00024959638714790346,-0.0009494125843048096,-0.01,-0.011199008971452713,0.0004976657219231129,False,279,False,False,28.39999999999514,-0.024959638714790344,-0.0,0.0,0.0,0.0,0.0,0.0,-0.0,0.20500424308618959,0.0,-0.0,0.0,0.10225252515594689
4.9207868869416416e-05,0.15548700094223022,1.7603689432144165,-0.19287815690040588,0.774347722530365,-0.00816326318308711,0.006750822067260742,-0.04600471258163452,-0.31694740056991577,-0.005658209323883057,-0.1673218011856079,49.88714599609375,False,0.0,0.1762968748807907,-0.22300252318382263,0.7724708914756775,0.0,-0.00025662420317530633,-0.001068775951862333,-0.01,-0.01132540015503764,0.0004895287565886974,False,280,False,False,28.499999999995083,-0.025662420317530632,-0.0,0.0,0.0,0.0,0.0,0.0,-0.0,0.2049158744876406,0.0,-0.0,0.0,0.10220131304064499
4.845789953833446e-05,0.156398206949234,1.865377426147461,-0.18908962607383728,0.7746206521987915,-0.014107700381428005,-0.001967906951904297,-0.05317080020904541,-0.31585144996643066,-0.02274465560913086,-0.2194223403930664,49.88714599609375,False,0.0,0.1762968748807907,-0.22300252318382263,0.7724708914756775,0.0,-0.0002577761746942997,-0.0011247462034225525,-0.01,-0.011382522378116853,0.0007681469433009624,False,281,False,False,28.599999999995028,-0.02577761746942997,-0.0,0.0,0.0,0.0,0.0,0.0,-0.0,0.20471346601275198,0.0,-0.0,0.0,0.10209895683168169
4.492799416766502e-05,0.15567298233509064,1.7906745672225952,-0.1917317509651184,0.7742964625358582,-0.009073906280100352,0.020839333534240723,-0.04911959171295166,-0.31429362297058105,-0.008512675762176514,-0.1609209179878235,49.88714599609375,False,0.0,0.1762968748807907,-0.22300252318382263,0.7724708914756775,0.0,-0.0002542499080300331,-0.0011103689670562689,-0.01,-0.011364618875086302,0.00048131169751286507,False,282,False,False,28.699999999994972,-0.02542499080300331,-0.0,0.0,0.0,0.0,0.0,0.0,-0.0,0.2045380947013289,0.0,-0.0,0.0,0.1020147974426344
5.087013414595276e-05,0.15456068515777588,1.9919230937957764,-0.18715134263038635,0.774641215801239,-0.014125725217163564,0.014106392860412598,-0.05084258317947388,-0.31294411420822144,-0.0192144513130188,-0.19329530000686646,49.88714599609375,False,0.0,0.1762968748807907,-0.22300252318382263,0.7724708914756775,0.0,-0.0002527179196476936,-0.0010416322946548429,-0.01,-0.011294350214302537,0.0004759710282087326,False,283,False,False,28.799999999994917,-0.025271791964769363,-0.0,0.0,0.0,0.0,0.0,0.0,-0.0,0.20449981039505416,0.0,-0.0,0.0,0.10199718727787939
5.1355655159568414e-05,0.15410229563713074,1.7657617330551147,-0.1940508931875229,0.7742975354194641,-0.0060101317428052385,0.004758238792419434,-0.04030686616897583,-0.32036709785461426,-0.0025328993797302246,-0.14739131927490234,49.88714599609375,False,0.0,0.1762968748807907,-0.22300252318382263,0.7724708914756775,0.0,-0.00026072194799780845,-0.0010720959305763195,-0.01,-0.011332817878574129,0.0004804651252925396,False,284,False,False,28.89999999999486,-0.026072194799780846,-0.0,0.0,0.0,0.0,0.0,0.0,-0.0,0.20439965592841347,0.0,-0.0,0.0,0.10193910601620892
4.7002380597405136e-05,0.15611810982227325,1.7997139692306519,-0.1911214143037796,0.7744024395942688,-0.013801376018673176,-0.013302743434906006,-0.05351996421813965,-0.3162797689437866,-0.025656580924987793,-0.2417306900024414,49.88714599609375,False,0.0,0.1762968748807907,-0.22300252318382263,0.7724708914756775,0.0,-0.00025933125987648965,-0.0011448541283607533,-0.01,-0.011404185388237243,0.00046888599172234535,False,285,False,False,28.999999999994806,-0.025933125987648964,-0.0,0.0,0.0,0.0,0.0,0.0,-0.0,0.20415140450981206,0.0,-0.0,0.0,0.10181637099502955
4.7055931645445526e-05,0.15633632242679596,1.7810732126235962,-0.19143173098564148,0.7743717432022095,-0.010981567353010176,0.02774643898010254,-0.05354100465774536,-0.30891722440719604,-0.01982712745666504,-0.17684638500213623,49.88714599609375,False,0.0,0.1762968748807907,-0.22300252318382263,0.7724708914756775,0.0,-0.0002486486732959747,-0.001134525835514072,-0.01,-0.011383174508810047,0.00048382673412561417,False,286,False,False,29.09999999999475,-0.024864867329597473,-0.0,0.0,0.0,0.0,0.0,0.0,-0.0,0.20392157698305768,0.0,-0.0,0.0,0.10171213981823286
4.6936496801208705e-05,0.1556534469127655,1.8731584548950195,-0.18962515890598297,0.7746448516845703,-0.012179815433919425,0.040590643882751465,-0.05276334285736084,-0.30565035343170166,-0.014976263046264648,-0.17573392391204834,49.88714599609375,False,0.0,0.1762968748807907,-0.22300252318382263,0.7724708914756775,0.0,-0.00024519499391317367,-0.0009660872817039562,-0.01,-0.01121128227561713,0.00047094421461224556,False,287,False,False,29.199999999994695,-0.024519499391317368,-0.0,0.0,0.0,0.0,0.0,0.0,-0.0,0.20402975628742615,0.0,-0.0,0.0,0.1017696831497999
5.260845864540897e-05,0.15437911450862885,1.8621021509170532,-0.190838024020195,0.7742516994476318,-0.009872969891875987,0.029482364654541016,-0.04728865623474121,-0.3111218810081482,0.00031578540802001953,-0.17070823907852173,49.88714599609375,False,0.0,0.1762968748807907,-0.22300252318382263,0.7724708914756775,0.0,-0.0002497558854520321,-0.0009321963787078807,-0.01,-0.011181952264159913,0.0004809452220797539,False,288,False,False,29.29999999999464,-0.02497558854520321,-0.0,0.0,0.0,0.0,0.0,0.0,-0.0,0.20420741849174728,0.0,-0.0,0.0,0.1018539533604216
5.1306455134181306e-05,0.15413247048854828,1.893126368522644,-0.1901242583990097,0.7742220163345337,-0.01155282767489553,0.0057811737060546875,-0.04507261514663696,-0.3156501054763794,-0.01354062557220459,-0.19013375043869019,49.88714599609375,False,0.0,0.1762968748807907,-0.22300252318382263,0.7724708914756775,0.0,-0.0002547082491219044,-0.0010208010673522921,-0.01,-0.011275509316474197,0.000475460197776556,False,289,False,False,29.399999999994584,-0.025470824912190437,-0.0,0.0,0.0,0.0,0.0,0.0,-0.0,0.20420783291217737,0.0,-0.0,0.0,0.10184920820696677
4.5664855861105025e-05,0.15486173331737518,1.8940021991729736,-0.18943345546722412,0.7742867469787598,-0.011792756076902148,0.0032809972763061523,-0.04434102773666382,-0.3141975402832031,-0.021060287952423096,-0.17264777421951294,49.88714599609375,False,0.0,0.1762968748807907,-0.22300252318382263,0.7724708914756775,0.0,-0.0002528513036668301,-0.0011088147759437533,-0.01,-0.011361666079610583,0.00048042507842183113,False,290,False,False,29.49999999999453,-0.025285130366683006,-0.0,0.0,0.0,0.0,0.0,0.0,-0.0,0.20403057197344854,0.0,-0.0,0.0,0.10176243468305744
5.2628030971391127e-05,0.15428094565868378,1.8809080123901367,-0.1903301179409027,0.7742097973823547,-0.010345455389469866,0.020127058029174805,-0.045182645320892334,-0.3115614056587219,-0.018854796886444092,-0.15616416931152344,49.88714599609375,False,0.0,0.1762968748807907,-0.22300252318382263,0.7724708914756775,0.0,-0.0002496814541518688,-0.001089163422584541,-0.01,-0.01133884487673641,0.0007970738224685192,False,291,False,False,29.599999999994473,-0.024968145415186882,-0.0,0.0,0.0,0.0,0.0,0.0,-0.0,0.203891141999076,0.0,-0.0,0.0,0.10169588954538612
5.191833770368248e-05,0.15185348689556122,2.010176420211792,-0.1889636218547821,0.7742938995361328,-0.01153650790452958,0.01412510871887207,-0.04496973752975464,-0.3104572296142578,-0.021076083183288574,-0.1684296727180481,49.88714599609375,False,0.0,0.1762968748807907,-0.22300252318382263,0.7724708914756775,0.0,-0.0002476242184638977,-0.0010345914959907498,-0.01,-0.011282215714454648,0.0004769349470734596,False,292,False,False,29.699999999994418,-0.02476242184638977,-0.0,0.0,0.0,0.0,0.0,0.0,-0.0,0.20386058232233184,0.0,-0.0,0.0,0.10168266694270202
5.1427643484203145e-05,0.15419937670230865,1.9016882181167603,-0.18981671333312988,0.7742382287979126,-0.011036849375814194,-0.02224719524383545,-0.03748166561126709,-0.3193007707595825,-0.018611609935760498,-0.17301839590072632,49.88714599609375,False,0.0,0.1762968748807907,-0.22300252318382263,0.7724708914756775,0.0,-0.00026049798354506494,-0.0011102941632270824,-0.01,-0.011370792146772148,0.0004761377349495888,False,293,False,False,29.799999999994363,-0.026049798354506493,-0.0,0.0,0.0,0.0,0.0,0.0,-0.0,0.2036767837703649,0.0,-0.0,0.0,0.10157789390163739
4.534715480986051e-05,0.15526549518108368,1.847575068473816,-0.19014176726341248,0.7740060091018677,-0.011206728629767895,0.007314205169677734,-0.045905232429504395,-0.31501102447509766,-0.016524136066436768,-0.17328447103500366,49.88714599609375,False,0.0,0.1762968748807907,-0.22300252318382263,0.7724708914756775,0.0,-0.0002541644498705864,-0.001200985908508298,-0.01,-0.011455150358378885,0.0004884880036115646,False,294,False,False,29.899999999994307,-0.02541644498705864,-0.0,0.0,0.0,0.0,0.0,0.0,-0.0,0.20330786508936993,0.0,-0.0,0.0,0.10139976809481438
4.59479633718729e-05,0.1536891758441925,1.8763766288757324,-0.1911415159702301,0.7742934823036194,-0.010009492952376603,0.03742361068725586,-0.046837568283081055,-0.3081431984901428,-0.01806950569152832,-0.15493780374526978,49.88714599609375,False,0.0,0.1762968748807907,-0.22300252318382263,0.7724708914756775,0.0,-0.00024718256667256356,-0.0010492005944252036,-0.01,-0.011296383161097767,0.0004871273413300514,False,295,False,False,29.99999999999425,-0.024718256667256355,-0.0,0.0,0.0,0.0,0.0,0.0,-0.0,0.20324185218337565,0.0,-0.0,0.0,0.10137374352501526
4.141202225582674e-05,0.15632182359695435,1.8516325950622559,-0.1893635392189026,0.774405837059021,-0.012913545519113548,0.015236377716064453,-0.04571223258972168,-0.3094834089279175,-0.012441575527191162,-0.18832558393478394,49.88714599609375,False,0.0,0.1762968748807907,-0.22300252318382263,0.7724708914756775,0.0,-0.0002456413209438324,-0.0009626886248588623,-0.01,-0.011208329945802694,0.0004961672239005566,False,296,False,False,30.099999999994196,-0.02456413209438324,-0.0,0.0,0.0,0.0,0.0,0.0,-0.0,0.20334999391047603,0.0,-0.0,0.0,0.10142935563429419
4.6993689466034994e-05,0.15445907413959503,1.9672731161117554,-0.18779832124710083,0.7744470834732056,-0.011742691881954672,0.05012178421020508,-0.04680603742599487,-0.30764394998550415,-0.0009717941284179688,-0.15682899951934814,49.88714599609375,False,0.0,0.1762968748807907,-0.22300252318382263,0.7724708914756775,0.0,-0.000248371846973896,-0.0009887209534645142,-0.01,-0.01123709280043841,0.0004847189411520958,False,297,False,False,30.19999999999414,-0.024837184697389603,-0.0,0.0,0.0,0.0,0.0,0.0,-0.0,0.20340664266619446,0.0,-0.0,0.0,0.10145494948612334
4.9939146265387535e-05,0.15560618042945862,1.8950635194778442,-0.18879908323287964,0.77442866563797,-0.010547474958002564,0.029746651649475098,-0.03854185342788696,-0.31411296129226685,0.007880091667175293,-0.15038162469863892,49.88714599609375,False,0.0,0.1762968748807907,-0.22300252318382263,0.7724708914756775,0.0,-0.000252748467028141,-0.0009091654419899065,-0.01,-0.011161913909018047,0.0004810313694179058,False,298,False,False,30.299999999994085,-0.025274846702814102,-0.0,0.0,0.0,0.0,0.0,0.0,-0.0,0.20362455939002688,0.0,-0.0,0.0,0.1015595312279853
5.332824366632849e-05,0.1519957184791565,1.9154095649719238,-0.19174820184707642,0.774377703666687,-0.008113011587411165,0.04093468189239502,-0.04277390241622925,-0.3116884231567383,0.004083156585693359,-0.15891283750534058,49.88714599609375,False,0.0,0.1762968748807907,-0.22300252318382263,0.7724708914756775,0.0,-0.0002516789920628071,-0.0009654870629310641,-0.01,-0.011217166054993871,0.0004710201174020767,False,299,False,False,30.39999999999403,-0.02516789920628071,-0.0,0.0,0.0,0.0,0.0,0.0,-0.0,0.20373084206689673,0.0,-0.0,0.0,0.10161374204138555
4.880432243226096e-05,0.1540566235780716,1.8957853317260742,-0.19007563591003418,0.7741773128509521,-10.09495920456946,-0.013603806495666504,-0.04149407148361206,-0.3136082887649536,-0.017155170440673828,-0.2130793333053589,49.88714599609375,False,0.0,0.1762968748807907,-0.22300252318382263,0.7724708914756775,0.0,-10.000251378193498,-0.10186544060707092,-0.01,-10.112116818800569,0.0004734378308057785,False,300,False,False,30.499999999993975,-0.025137819349765778,-0.0,0.0,-1.0,0.0,0.0,0.0,-0.0,0.20373972733898604,0.0,-0.0,0.0,-9.898381514524006
