decision_step,held_probability,imagined_step,predicted_x,predicted_y,predicted_z,supported_reward
18,1.8491640730644576e-05,1,0.19108794629573822,-0.21961857378482819,0.7718598246574402,0.004964426159858704
18,1.9389315639273264e-05,2,0.190547913312912,-0.2189381867647171,0.7719044089317322,0.010233387351036072
18,2.0881250748061575e-05,3,0.1901455670595169,-0.2190815657377243,0.7719759941101074,0.010361665859818459
18,2.5324339731014334e-05,4,0.1899472028017044,-0.2204875648021698,0.7721514701843262,-0.0009706687997095287
18,2.7737865821109153e-05,5,0.18965256214141846,-0.22154287993907928,0.7722684741020203,0.009617805480957031
18,3.632229709182866e-05,6,0.1894751340150833,-0.22368091344833374,0.7725721597671509,-0.0046323868446052074
18,3.844543607556261e-05,7,0.18964098393917084,-0.22476977109909058,0.7726821303367615,-0.0018817611271515489
18,4.336586789577268e-05,8,0.1897471398115158,-0.22553740441799164,0.7728286385536194,-0.0034802185837179422
19,1.4489349268842489e-05,1,0.1943490207195282,-0.21482281386852264,0.7718543410301208,-0.0014565357705578208
19,1.5098073163244408e-05,2,0.19388122856616974,-0.21392497420310974,0.7718048095703125,0.005469213239848614
19,1.7132242646766827e-05,3,0.19375672936439514,-0.21427541971206665,0.7718329429626465,0.0018266544211655855
19,1.7366122847306542e-05,4,0.19380101561546326,-0.21512296795845032,0.7719125151634216,-0.004667052999138832
19,1.8692382582230493e-05,5,0.19355091452598572,-0.21604019403457642,0.7719817757606506,0.007253421936184168
19,2.0992303689126857e-05,6,0.19335320591926575,-0.2170134037733078,0.7720682621002197,0.008879225701093674
19,2.4268512788694352e-05,7,0.19315387308597565,-0.21783074736595154,0.7721710205078125,0.00330372154712677
19,2.9755063224001788e-05,8,0.19303855299949646,-0.21886104345321655,0.7722808122634888,-0.0013935602037236094
20,1.542848076496739e-05,1,0.1914588212966919,-0.2171502411365509,0.771906316280365,-0.0029879778157919645
20,1.7070969988708384e-05,2,0.19122859835624695,-0.21609781682491302,0.7719022035598755,-0.005553730297833681
20,1.693353806331288e-05,3,0.19141480326652527,-0.21573147177696228,0.7719817757606506,-0.0030206632800400257
20,1.772054201865103e-05,4,0.1912025511264801,-0.21576672792434692,0.7720549702644348,0.010174744762480259
20,1.9294799130875617e-05,5,0.1910313367843628,-0.216171994805336,0.7721403241157532,0.014822224155068398
20,2.1715470211347565e-05,6,0.19086922705173492,-0.21666470170021057,0.7722355723381042,0.0122270742431283
20,2.6147192329517566e-05,7,0.1907738745212555,-0.21749034523963928,0.7723302245140076,0.009344183839857578
20,3.267826105002314e-05,8,0.1907445788383484,-0.2184554934501648,0.7724471092224121,-0.0016347788041457534
21,1.4162660590955056e-05,1,0.1918652355670929,-0.21452096104621887,0.7722921371459961,-0.01626538671553135
21,1.550637898617424e-05,2,0.1913433074951172,-0.21357043087482452,0.7722460627555847,-0.014905082061886787
21,1.633244210097473e-05,3,0.19067350029945374,-0.2129986435174942,0.7723000645637512,0.010302770882844925
21,1.7250793462153524e-05,4,0.19036173820495605,-0.21301400661468506,0.7723788022994995,0.003689637640491128
21,1.8510378140490502e-05,5,0.1901177614927292,-0.21341121196746826,0.7724539637565613,0.015170960687100887
21,2.045208566414658e-05,6,0.18995344638824463,-0.21432678401470184,0.7724670171737671,0.014256332069635391
21,2.1997142539476044e-05,7,0.19004368782043457,-0.21491441130638123,0.7725343108177185,0.008353994227945805
21,2.5752780857146718e-05,8,0.18993079662322998,-0.21530796587467194,0.7725473046302795,0.009822034277021885
22,1.8074695617542602e-05,1,0.18913932144641876,-0.21584802865982056,0.7724359631538391,-0.012303218245506287
22,1.8303768229088746e-05,2,0.18851491808891296,-0.21444657444953918,0.7723948955535889,0.010039983317255974
22,1.8690136130317114e-05,3,0.18828630447387695,-0.21382610499858856,0.7724215984344482,0.004145600832998753
22,1.968677679542452e-05,4,0.18796293437480927,-0.21391762793064117,0.7724751234054565,0.01673297956585884
22,2.141380355169531e-05,5,0.18770630657672882,-0.21486280858516693,0.7724846005439758,0.014703338034451008
22,2.337738078495022e-05,6,0.18760308623313904,-0.2158319354057312,0.7725712060928345,0.01984761655330658
22,2.779951500997413e-05,7,0.1873406320810318,-0.21689656376838684,0.7726019024848938,0.018113555386662483
22,3.389753692317754e-05,8,0.18743780255317688,-0.21807648241519928,0.7726578712463379,0.000344177708029747
23,1.8040289432974532e-05,1,0.1897849291563034,-0.21313166618347168,0.7723278403282166,0.0033233005087822676
23,1.7190408470924012e-05,2,0.18957051634788513,-0.2123168557882309,0.7723500728607178,0.011480416171252728
23,1.720528416626621e-05,3,0.18924209475517273,-0.21232563257217407,0.7723718881607056,0.01935379020869732
23,1.7679458323982544e-05,4,0.18906046450138092,-0.21298891305923462,0.7723966836929321,0.019024455919861794
23,1.8784556232276373e-05,5,0.18879897892475128,-0.21383394300937653,0.7724211812019348,0.024342406541109085
23,2.076803139061667e-05,6,0.18853719532489777,-0.21477250754833221,0.7724325060844421,0.026358965784311295
23,2.3161399440141395e-05,7,0.18851390480995178,-0.21609942615032196,0.7724483609199524,0.011646903119981289
23,2.69014599325601e-05,8,0.18830011785030365,-0.2172015756368637,0.772464394569397,0.0028287917375564575
24,2.173956818296574e-05,1,0.19007480144500732,-0.2121911644935608,0.7723261117935181,0.00033238797914236784
24,2.3043816327117383e-05,2,0.1899092048406601,-0.2119322121143341,0.7723221778869629,-0.0016776754055172205
24,2.5030478354892693e-05,3,0.19008177518844604,-0.2124330699443817,0.7723737955093384,-0.001246289350092411
24,2.4919680072343908e-05,4,0.19023080170154572,-0.21301977336406708,0.772411048412323,0.011204635724425316
24,2.5891420591506176e-05,5,0.19047336280345917,-0.21361707150936127,0.7724784016609192,0.0183011032640934
24,2.8418276997399516e-05,6,0.19070319831371307,-0.21407514810562134,0.7725419998168945,0.025554032996296883
24,3.3433883800171316e-05,7,0.19098417460918427,-0.2146381139755249,0.7726188898086548,0.02460339106619358
24,4.123531834920868e-05,8,0.19120903313159943,-0.21527478098869324,0.7727296352386475,0.015296279452741146
25,1.4449758964474313e-05,1,0.19223123788833618,-0.208947092294693,0.7720491290092468,-0.014303059317171574
25,1.5183770301518962e-05,2,0.19205725193023682,-0.20901930332183838,0.7720987200737,-0.012257506139576435
25,1.5827326933504082e-05,3,0.19214504957199097,-0.20971114933490753,0.7721601128578186,-0.004709509667009115
25,1.6662364942021668e-05,4,0.1924109160900116,-0.2109927386045456,0.7721913456916809,0.0027907101903110743
25,1.7541844499646686e-05,5,0.19279053807258606,-0.21231186389923096,0.7722470760345459,0.006171755958348513
25,1.9014860299648717e-05,6,0.1931237131357193,-0.21335095167160034,0.7722949981689453,0.019081322476267815
25,2.1712301531806588e-05,7,0.19340486824512482,-0.21389129757881165,0.7723472714424133,0.024378789588809013
25,2.590972144389525e-05,8,0.1940108686685562,-0.21456578373908997,0.7724542617797852,0.015299840830266476
26,1.485346001572907e-05,1,0.192378968000412,-0.2104039043188095,0.772179126739502,-0.015362445265054703
26,1.5823614376131445e-05,2,0.19192004203796387,-0.21020416915416718,0.7721927165985107,-0.010101314634084702
26,1.6415311620221473e-05,3,0.19235637784004211,-0.21061277389526367,0.7722411155700684,-0.0032551842741668224
26,1.6777154087321833e-05,4,0.19279931485652924,-0.2114470899105072,0.7722595930099487,0.0007498186896555126
26,1.7757778550731018e-05,5,0.19328705966472626,-0.2123449295759201,0.7722885012626648,0.015186636708676815
26,1.985156995942816e-05,6,0.19353795051574707,-0.2128896862268448,0.7723154425621033,0.021798865869641304
26,2.3292728656088002e-05,7,0.19415593147277832,-0.21344324946403503,0.7724078893661499,0.01429781224578619
26,2.779111309791915e-05,8,0.19466252624988556,-0.21390946209430695,0.7725293636322021,0.0014735979493707418
27,1.2232110748300329e-05,1,0.19442452490329742,-0.21128162741661072,0.7721871733665466,-0.013820522464811802
27,1.2416314348229207e-05,2,0.19455422461032867,-0.2111358940601349,0.7721132636070251,-0.009596864692866802
27,1.3096610928187147e-05,3,0.19438926875591278,-0.21166595816612244,0.7720814943313599,0.0016044211806729436
27,1.5138573871809058e-05,4,0.19453781843185425,-0.21292850375175476,0.7721219658851624,-0.000521611247677356
27,1.6737265468691476e-05,5,0.19438977539539337,-0.2142295241355896,0.7721413969993591,0.009486235678195953
27,1.7657637727097608e-05,6,0.19489514827728271,-0.2160099744796753,0.7722694277763367,-0.007451717741787434
27,2.028252129093744e-05,7,0.19471555948257446,-0.21724699437618256,0.7722188830375671,0.015580317005515099
27,2.331486393813975e-05,8,0.19516631960868835,-0.2187240570783615,0.772333562374115,0.007428371347486973
28,1.978711770789232e-05,1,0.19450433552265167,-0.21035568416118622,0.7721505165100098,-0.011552024632692337
28,2.1689102140953764e-05,2,0.1940017193555832,-0.21032004058361053,0.7721555829048157,-0.005582660902291536
28,2.3938617232488468e-05,3,0.19382421672344208,-0.21070559322834015,0.7722567319869995,0.0003152152930852026
28,2.6983525458490476e-05,4,0.19373539090156555,-0.21143633127212524,0.7723472118377686,0.004900453612208366
28,3.0644714570371434e-05,5,0.19400349259376526,-0.21230044960975647,0.7724527716636658,0.004251943435519934
28,3.6499692214420065e-05,6,0.1942386031150818,-0.2132091522216797,0.7725099921226501,0.009846639819443226
28,4.289370190235786e-05,7,0.19465835392475128,-0.2136044055223465,0.7726386189460754,0.014391308650374413
28,8.969070768216625e-05,8,0.1942921131849289,-0.2142404019832611,0.7728405594825745,0.01259263139218092
29,1.8923632524092682e-05,1,0.19386409223079681,-0.20858746767044067,0.7719907164573669,-0.006623954977840185
29,2.0754845536430366e-05,2,0.19399459660053253,-0.2087409943342209,0.7720760107040405,-0.0022709949407726526
29,2.3590608179802075e-05,3,0.19415412843227386,-0.20948487520217896,0.7721866965293884,0.001144029083661735
29,2.6672601961763576e-05,4,0.19455407559871674,-0.21064111590385437,0.772327184677124,-0.0015030228532850742
29,3.025188016181346e-05,5,0.19499076902866364,-0.21167884767055511,0.7724112272262573,0.0017643985338509083
29,3.492639370961115e-05,6,0.19546690583229065,-0.21209411323070526,0.7724615335464478,0.010551405139267445
29,5.1496153901098296e-05,7,0.19584132730960846,-0.21280574798583984,0.7725504040718079,0.0050564962439239025
29,6.383503932738677e-05,8,0.19611987471580505,-0.21304529905319214,0.7726176977157593,0.012346441857516766
30,2.5235525754396804e-05,1,0.19076603651046753,-0.2135820984840393,0.7723751664161682,-0.01893024332821369
30,2.8023234335705638e-05,2,0.19013793766498566,-0.21372564136981964,0.7724354267120361,-0.004152475856244564
30,3.143963840557262e-05,3,0.1901761293411255,-0.21461409330368042,0.7725909352302551,-0.007188982795923948
30,4.0028058720054105e-05,4,0.1899600327014923,-0.21606379747390747,0.7726824283599854,0.001207013730891049
30,4.6821376599837095e-05,5,0.19033515453338623,-0.21734897792339325,0.7728729248046875,0.003357113106176257
30,5.8356894442113116e-05,6,0.19062590599060059,-0.21830695867538452,0.7729972004890442,0.007768865209072828
30,0.00011748249380616471,7,0.19064198434352875,-0.21950596570968628,0.7734042406082153,0.00572378421202302
30,0.00010815800487762317,8,0.1917174756526947,-0.2201290875673294,0.7734656929969788,0.0039713624864816666
31,2.014778510783799e-05,1,0.190002903342247,-0.21612969040870667,0.7724118232727051,-0.0025263556744903326
31,2.2944588636164553e-05,2,0.19017907977104187,-0.21667784452438354,0.7724794745445251,-0.003329847240820527
31,2.6317831725464202e-05,3,0.19020597636699677,-0.2177971601486206,0.7725395560264587,0.0003315158828627318
31,3.1732510251458734e-05,4,0.1901545375585556,-0.21898941695690155,0.7725870609283447,0.005190967116504908
31,3.843729791697115e-05,5,0.19039711356163025,-0.22062429785728455,0.7726933360099792,0.00262376107275486
31,4.449135303730145e-05,6,0.190741166472435,-0.2221360206604004,0.7728164196014404,-0.003924523945897818
31,7.457080209860578e-05,7,0.19092698395252228,-0.22287948429584503,0.7730304002761841,-0.008354181423783302
31,9.429171768715605e-05,8,0.1912163496017456,-0.22490090131759644,0.7731666564941406,-0.008904073387384415
32,2.7422325729276054e-05,1,0.19140541553497314,-0.2202010303735733,0.7726101279258728,0.008554299362003803
32,3.2102325349114835e-05,2,0.19115561246871948,-0.2207496017217636,0.7727051377296448,0.020806150510907173
32,3.844499588012695e-05,3,0.19145292043685913,-0.22191570699214935,0.7728501558303833,0.009378204122185707
32,8.961803541751578e-05,4,0.1909676045179367,-0.22356560826301575,0.7731826305389404,0.005845141131430864
32,7.706705946475267e-05,5,0.1921042948961258,-0.22452646493911743,0.7732430696487427,-0.020317839458584785
32,0.00017272334662266076,6,0.19197526574134827,-0.22645923495292664,0.7736535668373108,-0.017494281753897667
32,0.0006507138605229557,7,0.19102060794830322,-0.22937867045402527,0.7741574645042419,-0.012304785661399364
32,0.0014383229427039623,8,0.19137243926525116,-0.23227716982364655,0.7746353149414062,-0.01941031590104103
33,2.1825213480042294e-05,1,0.19006597995758057,-0.21749696135520935,0.7725252509117126,0.009203290566802025
33,3.232800736441277e-05,2,0.1900712549686432,-0.21765285730361938,0.7725160717964172,0.006377862766385078
33,3.575121081667021e-05,3,0.1899564266204834,-0.21852615475654602,0.7726035714149475,-0.016820315271615982
33,3.269521766924299e-05,4,0.19062961637973785,-0.2200302928686142,0.7728744149208069,-0.01395473349839449
33,3.991309858975001e-05,5,0.19051694869995117,-0.22045981884002686,0.7729359269142151,-0.0027315004263073206
33,9.967944788513705e-05,6,0.19024579226970673,-0.22152385115623474,0.7728992104530334,-0.016257761046290398
33,0.0002539110428187996,7,0.19010086357593536,-0.2232530415058136,0.7729632258415222,-0.02681451477110386
33,0.0005804572720080614,8,0.1914067268371582,-0.22576500475406647,0.7734975814819336,-0.038090404123067856
34,3.338816168252379e-05,1,0.19119779765605927,-0.21645893156528473,0.7731981873512268,-0.0431145541369915
34,4.4200151023687795e-05,2,0.18983064591884613,-0.21751169860363007,0.7732776403427124,-0.034352947026491165
34,7.008564716670662e-05,3,0.1900109052658081,-0.2193322330713272,0.7733856439590454,-0.03771507367491722
34,7.519390783272684e-05,4,0.19058553874492645,-0.22149308025836945,0.7736631035804749,-0.041176702827215195
34,8.083648572210222e-05,5,0.19077207148075104,-0.22156520187854767,0.7737894058227539,-0.027864214032888412
34,8.237719885073602e-05,6,0.1929195076227188,-0.22220343351364136,0.7740127444267273,-0.030178256332874298
34,0.00011399915092624724,7,0.1934802234172821,-0.22020140290260315,0.7739421129226685,0.005892759654670954
34,0.0002664692292455584,8,0.19357812404632568,-0.21965982019901276,0.7738280892372131,0.0017124691512435675
35,1.8305810954188928e-05,1,0.19064080715179443,-0.21951526403427124,0.7730990052223206,0.004650984425097704
35,2.2607689970755018e-05,2,0.19022858142852783,-0.22032715380191803,0.7730954885482788,-0.0041611348278820515
35,3.0253324439399876e-05,3,0.18982349336147308,-0.22154569625854492,0.7730638980865479,-0.02122381143271923
35,5.934862565482035e-05,4,0.1888670027256012,-0.2222919464111328,0.772954523563385,-0.03373709321022034
35,0.0001831869303714484,5,0.18743132054805756,-0.22363300621509552,0.7727269530296326,-0.039355166256427765
35,0.001057926332578063,6,0.18706347048282623,-0.2255372703075409,0.7727903723716736,-0.020437251776456833
35,0.00483234878629446,7,0.18909335136413574,-0.228424072265625,0.7734220027923584,0.009973706677556038
35,0.01477350015193224,8,0.18958057463169098,-0.2300921231508255,0.7740551829338074,-0.008839178830385208
36,5.0675778766162694e-05,1,0.1876230090856552,-0.22099220752716064,0.7729905843734741,-0.04105215519666672
36,5.8851150242844597e-05,2,0.18733307719230652,-0.22237171232700348,0.7730456590652466,-0.028515037149190903
36,0.00010253043001284823,3,0.18672287464141846,-0.2233310043811798,0.7733131051063538,-0.02012770064175129
36,8.00367706688121e-05,4,0.18664659559726715,-0.22368939220905304,0.7735490202903748,-0.00548195093870163
36,0.0001525901461718604,5,0.18619966506958008,-0.22422412037849426,0.7736018300056458,-0.026934321969747543
36,0.0001251820067409426,6,0.1869593858718872,-0.22439886629581451,0.7738959193229675,0.01084456592798233
36,0.0006584133952856064,7,0.186191588640213,-0.22499483823776245,0.7737671732902527,0.001967448741197586
36,0.0014552695211023092,8,0.1866941899061203,-0.22682060301303864,0.7737888693809509,-0.010404214262962341
37,4.647337846108712e-05,1,0.18602782487869263,-0.21742013096809387,0.772954523563385,-0.020470375195145607
37,5.311806671670638e-05,2,0.18622875213623047,-0.21752873063087463,0.7729610800743103,-0.01258656196296215
37,5.772014264948666e-05,3,0.1865590512752533,-0.21850986778736115,0.7730662226676941,-0.018511196598410606
37,6.600196502404287e-05,4,0.186615988612175,-0.218985453248024,0.7731074690818787,-0.018827171996235847
37,8.28863849164918e-05,5,0.18663296103477478,-0.21872496604919434,0.7732487916946411,-0.006385503336787224
37,0.00014817845658399165,6,0.18646925687789917,-0.21910442411899567,0.7731916308403015,-0.018527474254369736
37,0.00026422677910886705,7,0.18640753626823425,-0.2201884239912033,0.7734070420265198,-0.026438778266310692
37,0.0006264201365411282,8,0.1860199123620987,-0.22224746644496918,0.7735844254493713,-0.025219814851880074
39,4.65107113996055e-05,1,0.1818983107805252,-0.22256112098693848,0.7730544209480286,-0.017434967681765556
39,5.9277583204675466e-05,2,0.18239058554172516,-0.2223835289478302,0.773006796836853,-0.017344292253255844
39,6.828233745181933e-05,3,0.18285495042800903,-0.22316844761371613,0.7731435894966125,-0.020519329234957695
39,0.00012020512076560408,4,0.1825634241104126,-0.22230495512485504,0.773140013217926,-0.021076340228319168
39,0.00012569490354508162,5,0.18340645730495453,-0.2249305546283722,0.7736424803733826,-0.02939174696803093
39,0.00014561730495188385,6,0.18238350749015808,-0.2255091816186905,0.7739134430885315,-0.010471221059560776
39,0.00024106357886921614,7,0.1829407960176468,-0.22648124396800995,0.7739741206169128,-0.0035354013089090586
39,0.0006294777849689126,8,0.183339923620224,-0.2284015417098999,0.7737473845481873,-0.013700881972908974
40,5.230376700637862e-05,1,0.1869002729654312,-0.21377535164356232,0.7733943462371826,-0.020510461181402206
40,6.772670894861221e-05,2,0.18632085621356964,-0.2124110460281372,0.7737162709236145,-0.028184516355395317
40,8.652315591461957e-05,3,0.18540258705615997,-0.21146273612976074,0.773926317691803,-0.028433220461010933
40,7.35305220587179e-05,4,0.18453168869018555,-0.21160292625427246,0.774636447429657,-0.02281767688691616
40,6.904653128003702e-05,5,0.1829613745212555,-0.21116626262664795,0.775048553943634,-0.02291128598153591
40,8.059717947617173e-05,6,0.1818322390317917,-0.2111656814813614,0.7753486037254333,-0.02177129127085209
40,0.00012111486284993589,7,0.18032503128051758,-0.2107563316822052,0.775338888168335,-0.024255981668829918
40,0.00016273841902147979,8,0.1816728413105011,-0.21304439008235931,0.776045560836792,-0.02163148671388626
41,3.0395111025427468e-05,1,0.18192997574806213,-0.22234204411506653,0.7732016444206238,-0.017579421401023865
41,2.998307900270447e-05,2,0.18243497610092163,-0.22317853569984436,0.7733305096626282,-0.007143724709749222
41,4.5933724322821945e-05,3,0.18270599842071533,-0.22456936538219452,0.773149847984314,-0.0228126160800457
41,8.634018013253808e-05,4,0.1830209642648697,-0.2250635027885437,0.773206889629364,-0.032821789383888245
41,0.000240397741436027,5,0.18097662925720215,-0.22534970939159393,0.7727723717689514,-0.017142506316304207
41,0.0001909240090753883,6,0.18203246593475342,-0.22921499609947205,0.7735260725021362,-0.021162357181310654
41,0.0002519190311431885,7,0.18235482275485992,-0.22953501343727112,0.7735112905502319,0.00080892100231722
41,0.0008977152756415308,8,0.18401089310646057,-0.23082701861858368,0.7730329036712646,-0.016318989917635918
42,0.00017618684796616435,1,0.17886707186698914,-0.21724063158035278,0.7731684446334839,-0.028790012001991272
42,0.00029973118216730654,2,0.17849338054656982,-0.21752314269542694,0.7731757164001465,-0.031934432685375214
42,0.00042883280548267066,3,0.17836911976337433,-0.218860924243927,0.7733274102210999,-0.03273443877696991
42,0.0004735294496640563,4,0.17829415202140808,-0.22007088363170624,0.7737939357757568,-0.028955349698662758
42,0.0005127029144205153,5,0.17869171500205994,-0.22059567272663116,0.774315595626831,-0.0281456857919693
42,0.0006265404517762363,6,0.17956234514713287,-0.22027553617954254,0.7746317386627197,-0.024323057383298874
42,0.0010014575673267245,7,0.1805683821439743,-0.2201162725687027,0.7746878266334534,-0.012039816938340664
42,0.0021810303442180157,8,0.18253013491630554,-0.22062338888645172,0.7745532393455505,-0.012402269057929516
43,0.00016308529302477837,1,0.17759275436401367,-0.22042660415172577,0.7730110287666321,-0.023098193109035492
43,0.00028922842466272414,2,0.1782427579164505,-0.22030191123485565,0.7729277610778809,-0.023559104651212692
43,0.0002920272236224264,3,0.17844580113887787,-0.2203037440776825,0.7731358408927917,-0.013219013810157776
43,0.0006768387393094599,4,0.17894548177719116,-0.22073963284492493,0.7730485200881958,-0.016730131581425667
43,0.0012301813112571836,5,0.17989791929721832,-0.22306914627552032,0.7730985283851624,-0.019909588620066643
43,0.04435234144330025,6,0.18212111294269562,-0.22511550784111023,0.7714312672615051,-0.029893703758716583
43,0.5721932053565979,7,0.1855451762676239,-0.22636055946350098,0.7713695168495178,0.4126819670200348
43,0.8257769346237183,8,0.18646159768104553,-0.22582291066646576,0.7727090716362,-0.008434229530394077
44,0.0005418587243184447,1,0.17766715586185455,-0.222996786236763,0.7729601860046387,-0.022116001695394516
44,0.0013103298842906952,2,0.17865872383117676,-0.22292309999465942,0.7730430960655212,-0.03628275915980339
44,0.0020075286738574505,3,0.17865489423274994,-0.22425192594528198,0.77317875623703,-0.028167441487312317
44,0.0026311983820050955,4,0.17865155637264252,-0.22532428801059723,0.7735416889190674,-0.0239791888743639
44,0.004014289006590843,5,0.17953218519687653,-0.22726628184318542,0.7739549875259399,-0.010534361936151981
44,0.0024236757308244705,6,0.1816357970237732,-0.22809118032455444,0.7737640738487244,0.0101915979757905
44,0.0019385416526347399,7,0.18480008840560913,-0.2292606234550476,0.7739691138267517,-0.022226380184292793
44,0.007641099859029055,8,0.1859157532453537,-0.22797681391239166,0.773261308670044,-0.0032554874196648598
46,0.0017890126910060644,1,0.17338183522224426,-0.2255135476589203,0.7736243009567261,-0.02923322282731533
46,0.0018419893458485603,2,0.1732621192932129,-0.22486622631549835,0.7735019326210022,-0.031487420201301575
46,0.007585205603390932,3,0.17425835132598877,-0.22592657804489136,0.7737401127815247,-0.02913564443588257
46,0.027229521423578262,4,0.1764555424451828,-0.22636093199253082,0.7742372155189514,-0.02412610873579979
46,0.04917360842227936,5,0.17728781700134277,-0.2289378046989441,0.7742012143135071,-0.03718869388103485
46,0.01657337136566639,6,0.17593079805374146,-0.23000749945640564,0.7742365002632141,-0.015214817598462105
46,0.01562335155904293,7,0.17748670279979706,-0.23468326032161713,0.774551272392273,-0.020726947113871574
46,0.023281799629330635,8,0.17988254129886627,-0.23875866830348969,0.7742621302604675,-0.029858464375138283
47,0.03822309896349907,1,0.17488837242126465,-0.22812078893184662,0.774060070514679,-0.021906832233071327
47,0.019452640786767006,2,0.1751701831817627,-0.22916702926158905,0.7731947302818298,-0.027229787781834602
47,0.021065304055809975,3,0.1764257699251175,-0.22884438931941986,0.7728064060211182,-0.026132989674806595
47,0.009338303469121456,4,0.17681258916854858,-0.22984209656715393,0.7733374834060669,-0.02990332432091236
47,0.012574897147715092,5,0.17823240160942078,-0.22621719539165497,0.7735567092895508,-0.01965821534395218
47,0.010422365739941597,6,0.17909330129623413,-0.22891837358474731,0.7744489908218384,-0.029054634273052216
47,0.020022422075271606,7,0.18026189506053925,-0.22670793533325195,0.7740389704704285,-0.02070733718574047
47,0.015455164015293121,8,0.181329607963562,-0.2296864092350006,0.7747734785079956,-0.03228820487856865
49,0.008175953291356564,1,0.1625688523054123,-0.232986181974411,0.7759743928909302,-0.01026161853224039
49,0.11488383263349533,2,0.16919980943202972,-0.23179957270622253,0.7803753614425659,-0.009192291647195816
49,0.6481164693832397,3,0.1753811091184616,-0.2311583161354065,0.7840172648429871,0.5507837533950806
49,0.9272565245628357,4,0.1784626692533493,-0.22988443076610565,0.7872731685638428,0.018631968647241592
49,0.9301040172576904,5,0.17757509648799896,-0.23264160752296448,0.7864017486572266,-0.03537541627883911
49,0.9877041578292847,6,0.1809774488210678,-0.2296040654182434,0.7919580936431885,0.023545388132333755
49,0.9714555740356445,7,0.1781541407108307,-0.23429657518863678,0.7934942841529846,-0.024517398327589035
49,0.9974405765533447,8,0.183844193816185,-0.22710664570331573,0.8112610578536987,-0.02028650790452957
50,0.8460798263549805,1,0.18172816932201385,-0.23150739073753357,0.7807711362838745,0.012432157061994076
50,0.979377269744873,2,0.18552955985069275,-0.22970202565193176,0.7852815389633179,0.03539428114891052
50,0.9785292148590088,3,0.18429096043109894,-0.23209156095981598,0.782987117767334,-0.05381084606051445
50,0.9930959343910217,4,0.18572205305099487,-0.23085489869117737,0.7875528335571289,0.034261830151081085
50,0.977899968624115,5,0.18401999771595,-0.23435726761817932,0.7835902571678162,-0.07160448282957077
50,0.9716468453407288,6,0.18293112516403198,-0.2361811250448227,0.7835857272148132,-0.021845746785402298
50,0.993020236492157,7,0.18543106317520142,-0.23331716656684875,0.7910247445106506,0.05990909785032272
50,0.9957810640335083,8,0.18685981631278992,-0.2315356284379959,0.7969761490821838,-0.020489931106567383
51,0.4007497727870941,1,0.18026219308376312,-0.23250418901443481,0.7808379530906677,-0.02299175038933754
51,0.8050370216369629,2,0.18464335799217224,-0.23308904469013214,0.7831777334213257,0.5300644040107727
51,0.9164511561393738,3,0.18638578057289124,-0.23531585931777954,0.782773494720459,-0.02768941968679428
51,0.9718003869056702,4,0.18761645257472992,-0.23434868454933167,0.7832654714584351,-0.014281125739216805
51,0.9269632697105408,5,0.1858161985874176,-0.23912930488586426,0.7798731327056885,-0.0659327283501625
51,0.966640293598175,6,0.18765714764595032,-0.23617702722549438,0.7803933620452881,-0.012049342505633831
51,0.9784260392189026,7,0.18797524273395538,-0.23716753721237183,0.7818158864974976,-0.003582536708563566
51,0.9977644681930542,8,0.19269266724586487,-0.22864528000354767,0.7934197783470154,0.08173036575317383
52,0.8940348029136658,1,0.1826874315738678,-0.2390420138835907,0.7806499600410461,-0.0870363861322403
52,0.9251920580863953,2,0.18375150859355927,-0.24118457734584808,0.7787163257598877,-0.052090369164943695
52,0.7367676496505737,3,0.18208862841129303,-0.24707674980163574,0.7755509614944458,-0.06380431354045868
52,0.5745821595191956,4,0.18244634568691254,-0.24849697947502136,0.7743581533432007,-0.03717215359210968
52,0.8913689255714417,5,0.18543629348278046,-0.24969305098056793,0.7756394743919373,-0.008139776065945625
52,0.8977439403533936,6,0.18676994740962982,-0.25119197368621826,0.777350127696991,0.0008491429616697133
52,0.6057908535003662,7,0.1835915595293045,-0.2540675103664398,0.7762448191642761,-0.036532893776893616
52,0.21249721944332123,8,0.1814487725496292,-0.2547013759613037,0.7751403450965881,-1.5752865076065063
53,0.7053759694099426,1,0.18120615184307098,-0.24462275207042694,0.7869172692298889,0.5651735663414001
53,0.9604777693748474,2,0.18574956059455872,-0.2431907206773758,0.7914401292800903,0.01641686260700226
53,0.9841613173484802,3,0.18606477975845337,-0.2439708113670349,0.7933587431907654,-0.02318229340016842
53,0.9911282062530518,4,0.18598274886608124,-0.24392209947109222,0.7948888540267944,-0.022609177976846695
53,0.9973052740097046,5,0.18695728480815887,-0.24063625931739807,0.8054565191268921,-0.020693643018603325
53,0.995938777923584,6,0.1861911118030548,-0.24488799273967743,0.8070600628852844,-0.02370653860270977
53,0.9980112314224243,7,0.18698027729988098,-0.24281562864780426,0.8183344006538391,-0.020086202770471573
53,0.999332845211029,8,0.18747355043888092,-0.23828300833702087,0.8381761908531189,-0.020992467179894447
54,0.9453428983688354,1,0.18180350959300995,-0.23982134461402893,0.792991042137146,-0.022396348416805267
54,0.9706028699874878,2,0.1831788718700409,-0.2422298938035965,0.7954963445663452,-0.02407384291291237
54,0.9913209080696106,3,0.1851881444454193,-0.24200016260147095,0.7984930276870728,-0.02269729971885681
54,0.9975335597991943,4,0.18717537820339203,-0.23911458253860474,0.8070887327194214,-0.020963547751307487
54,0.9957255125045776,5,0.186493918299675,-0.24316056072711945,0.8044463992118835,-0.023638295009732246
54,0.9955400824546814,6,0.1868433952331543,-0.24438592791557312,0.8070982694625854,-0.021614735946059227
54,0.998286783695221,7,0.18835972249507904,-0.24013523757457733,0.8195750713348389,-0.02122262679040432
54,0.9985461235046387,8,0.18625697493553162,-0.2400827258825302,0.8282876014709473,-0.022939683869481087
55,0.9108832478523254,1,0.1822514683008194,-0.24556022882461548,0.8014747500419617,-0.02285720780491829
55,0.9854292273521423,2,0.18593157827854156,-0.24332475662231445,0.8065692186355591,-0.021863585337996483
55,0.9977987408638,3,0.18813440203666687,-0.2382907271385193,0.8150676488876343,-0.01994926668703556
55,0.9959270358085632,4,0.1859266459941864,-0.24331970512866974,0.810899555683136,-0.023990625515580177
55,0.9954908490180969,5,0.18580599129199982,-0.24461685121059418,0.8115442395210266,-0.0216109249740839
55,0.9977255463600159,6,0.1865137368440628,-0.2416791021823883,0.8214825391769409,-0.02178332209587097
55,0.9979653358459473,7,0.1837567687034607,-0.2420697957277298,0.8309805393218994,-0.023099640384316444
55,0.9969822764396667,8,0.180459126830101,-0.2438557744026184,0.8395090103149414,-0.023731756955385208
56,0.994532585144043,1,0.18618246912956238,-0.23474018275737762,0.8156393766403198,-0.019325755536556244
56,0.997269332408905,2,0.1874125748872757,-0.23457252979278564,0.8198927044868469,-0.021957822144031525
56,0.9975225329399109,3,0.18762677907943726,-0.2361103892326355,0.8178261518478394,-0.021702123805880547
56,0.9988906979560852,4,0.18786729872226715,-0.23576579988002777,0.8204530477523804,-0.021370690315961838
56,0.9993770718574524,5,0.1881786435842514,-0.23477356135845184,0.8286628127098083,-0.022072086110711098
56,0.9988657236099243,6,0.18596714735031128,-0.23845581710338593,0.8282833099365234,-0.02326143905520439
56,0.9985018968582153,7,0.18404445052146912,-0.2412809431552887,0.83307284116745,-0.022981565445661545
56,0.9994179010391235,8,0.18407456576824188,-0.23825319111347198,0.8528281450271606,-0.023029396310448647
57,0.9851502776145935,1,0.18657997250556946,-0.24062538146972656,0.8129718899726868,-0.02237401343882084
57,0.9824482798576355,2,0.1878466159105301,-0.2432178556919098,0.8059511780738831,-0.022814203053712845
57,0.9922852516174316,3,0.18950699269771576,-0.24311931431293488,0.8096286058425903,-0.02116621658205986
57,0.9933244585990906,4,0.1904759407043457,-0.2436613142490387,0.8029603362083435,-0.02179368957877159
57,0.9959776997566223,5,0.18935908377170563,-0.24465717375278473,0.8046955466270447,-0.02149040810763836
57,0.9896939396858215,6,0.18900172412395477,-0.24767325818538666,0.7983664274215698,-0.022769642993807793
57,0.9957369565963745,7,0.18977433443069458,-0.24457953870296478,0.8062626719474792,-0.020703168585896492
57,0.9978012442588806,8,0.18786363303661346,-0.2430744171142578,0.824548602104187,-0.021806545555591583
58,0.9588137865066528,1,0.18698027729988098,-0.2430914342403412,0.7970349192619324,-0.019819894805550575
58,0.9637648463249207,2,0.1884680837392807,-0.24472485482692719,0.7939621210098267,-0.022665634751319885
58,0.9293474555015564,3,0.18809156119823456,-0.246887668967247,0.786017894744873,-0.0714726373553276
58,0.9807500243186951,4,0.1888585090637207,-0.24571190774440765,0.7877730131149292,0.001639735884964466
58,0.9586524963378906,5,0.1869179755449295,-0.24866221845149994,0.7851034998893738,-0.05486525967717171
58,0.9520499110221863,6,0.1866506040096283,-0.24851876497268677,0.7831454277038574,-0.04439188167452812
58,0.9723291397094727,7,0.18619385361671448,-0.2482128143310547,0.7861315011978149,0.016444774344563484
58,0.9921695590019226,8,0.18586356937885284,-0.2458193302154541,0.8008373379707336,0.027928046882152557
59,0.9870398640632629,1,0.1845358908176422,-0.2440158724784851,0.8094438314437866,-0.021572822704911232
59,0.9818052649497986,2,0.18483519554138184,-0.2453623116016388,0.7999791502952576,-0.021880146116018295
59,0.9945527911186218,3,0.18622316420078278,-0.2434590607881546,0.8033066391944885,-0.020284874364733696
59,0.9847308397293091,4,0.18265703320503235,-0.24790900945663452,0.7973452210426331,-0.02271931804716587
59,0.9717727899551392,5,0.18134140968322754,-0.2490154355764389,0.7921133637428284,-0.021281613036990166
59,0.9751062393188477,6,0.18043063580989838,-0.24937555193901062,0.7927355170249939,-0.021643059328198433
59,0.9895336031913757,7,0.18087957799434662,-0.24789361655712128,0.8031724691390991,-0.020909497514367104
59,0.983936071395874,8,0.17772573232650757,-0.24987319111824036,0.8096171021461487,-0.02226303704082966
60,0.9947924017906189,1,0.18811121582984924,-0.2404032051563263,0.8074451088905334,-0.020997444167733192
60,0.997294008731842,2,0.18888124823570251,-0.23899459838867188,0.8097023367881775,-0.020480066537857056
60,0.9973459243774414,3,0.18792369961738586,-0.24042996764183044,0.8078972101211548,-0.0215392354875803
60,0.9966525435447693,4,0.1865767240524292,-0.24285754561424255,0.8045676350593567,-0.02194555290043354
60,0.9969935417175293,5,0.1854688972234726,-0.243888258934021,0.8052860498428345,-0.021967265754938126
60,0.9985290765762329,6,0.18600262701511383,-0.24102924764156342,0.8134775757789612,-0.02026776224374771
60,0.9985756874084473,7,0.18477286398410797,-0.24103762209415436,0.8206183314323425,-0.021504005417227745
60,0.9987323880195618,8,0.18287132680416107,-0.2410237044095993,0.8305942416191101,-0.021442901343107224
61,0.9281010627746582,1,0.1802321821451187,-0.24999171495437622,0.7995420098304749,-0.025479866191744804
61,0.9642337560653687,2,0.18233215808868408,-0.24993294477462769,0.8013473749160767,-0.021958831697702408
61,0.8946893215179443,3,0.17937082052230835,-0.2526181638240814,0.791512131690979,-0.023084018379449844
61,0.8564124703407288,4,0.17832307517528534,-0.2539691925048828,0.7881044149398804,-0.04558156803250313
61,0.9672591090202332,5,0.18032319843769073,-0.24906951189041138,0.7928423881530762,0.00294332392513752
61,0.9183624386787415,6,0.17645123600959778,-0.25364595651626587,0.7950202226638794,-0.02438436821103096
61,0.9809529185295105,7,0.17826290428638458,-0.24668416380882263,0.8086458444595337,-0.02134629897773266
61,0.9524134397506714,8,0.1739414483308792,-0.2503153383731842,0.8090577125549316,-0.022718679159879684
62,0.98489910364151,1,0.18795116245746613,-0.24058301746845245,0.8095790147781372,-0.022230524569749832
62,0.9809706807136536,2,0.1870737075805664,-0.24133408069610596,0.8083718419075012,-0.02126222476363182
62,0.9819136261940002,3,0.186727374792099,-0.24188823997974396,0.8075124621391296,-0.021653946489095688
62,0.9819808602333069,4,0.1865137219429016,-0.24212417006492615,0.80474853515625,-0.021351991221308708
62,0.966416597366333,5,0.18450598418712616,-0.2433614432811737,0.7973455786705017,-0.022287733852863312
62,0.9794323444366455,6,0.18471476435661316,-0.24293813109397888,0.7984466552734375,-0.02093230001628399
62,0.9798831343650818,7,0.1833801418542862,-0.24338269233703613,0.7995700240135193,-0.021106841042637825
62,0.9960605502128601,8,0.1838623434305191,-0.2387407273054123,0.8150777220726013,-0.021465960890054703
63,0.9453215003013611,1,0.18791918456554413,-0.245732381939888,0.8060635924339294,-0.021811362355947495
63,0.9666419625282288,2,0.18864984810352325,-0.24488888680934906,0.8052524924278259,-0.021201351657509804
63,0.984638512134552,3,0.18921974301338196,-0.24354834854602814,0.8053153157234192,-0.02080790139734745
63,0.9948181509971619,4,0.18891039490699768,-0.242361918091774,0.8099855184555054,-0.021476665511727333
63,0.9966514706611633,5,0.18733689188957214,-0.24318057298660278,0.8172032833099365,-0.022542297840118408
63,0.9973059892654419,6,0.18582943081855774,-0.24207988381385803,0.8241462111473083,-0.02175138145685196
63,0.9958718419075012,7,0.1823611855506897,-0.24427561461925507,0.8279475569725037,-0.022032402455806732
63,0.9973970651626587,8,0.18162356317043304,-0.2445657104253769,0.8425938487052917,-0.022939391434192657
64,0.9962500929832458,1,0.1921221762895584,-0.236505389213562,0.8184064626693726,-0.022545378655195236
64,0.9966024160385132,2,0.1920965313911438,-0.23769511282444,0.8164020776748657,-0.02237331122159958
64,0.9975003600120544,3,0.19179530441761017,-0.23785096406936646,0.8148447871208191,-0.021677624434232712
64,0.9985446929931641,4,0.19040776789188385,-0.2385331392288208,0.8185314536094666,-0.022946937009692192
64,0.9989219903945923,5,0.18897254765033722,-0.23900850117206573,0.8240631222724915,-0.021331308409571648
64,0.9987640380859375,6,0.18758858740329742,-0.24032630026340485,0.8285701274871826,-0.022030748426914215
64,0.9993771910667419,7,0.18764621019363403,-0.23789571225643158,0.8443452715873718,-0.02104116976261139
64,0.9995648264884949,8,0.1872994601726532,-0.2365557998418808,0.8601323962211609,-0.022976210340857506
65,0.9935232400894165,1,0.18886125087738037,-0.24025958776474,0.8072817921638489,-0.02118796296417713
65,0.9932184815406799,2,0.18810859322547913,-0.24119415879249573,0.8038809299468994,-0.021643472835421562
65,0.994545578956604,3,0.18657559156417847,-0.24158361554145813,0.8042148947715759,-0.02181815356016159
65,0.9955169558525085,4,0.1851973533630371,-0.24307401478290558,0.8107837438583374,-0.02233743481338024
65,0.9919909834861755,5,0.18314999341964722,-0.24605268239974976,0.8163076043128967,-0.023188261315226555
65,0.9948990941047668,6,0.18268224596977234,-0.2451348602771759,0.8273432850837708,-0.021522529423236847
65,0.9907324314117432,7,0.1803974211215973,-0.246496319770813,0.8287864327430725,-0.021766068413853645
65,0.9978826642036438,8,0.18238943815231323,-0.24091282486915588,0.8477522134780884,-0.020939484238624573
66,0.9968735575675964,1,0.18608680367469788,-0.24025629460811615,0.8151796460151672,-0.02093314193189144
66,0.9972885847091675,2,0.1856832653284073,-0.24021629989147186,0.8150549530982971,-0.02171146683394909
66,0.9974943399429321,3,0.18503688275814056,-0.24130123853683472,0.8189802169799805,-0.022214632481336594
66,0.9958509206771851,4,0.1833607256412506,-0.24435271322727203,0.8218492269515991,-0.02327156811952591
66,0.9959980249404907,5,0.1821591705083847,-0.2450985461473465,0.8283721804618835,-0.02225710265338421
66,0.9914090037345886,6,0.17936447262763977,-0.24814587831497192,0.8269439339637756,-0.02251838706433773
66,0.9967470169067383,7,0.18057216703891754,-0.2439526617527008,0.8410512208938599,-0.02155250869691372
66,0.9973095655441284,8,0.1795637309551239,-0.24315211176872253,0.8505824208259583,-0.022997481748461723
67,0.9866197109222412,1,0.18630585074424744,-0.24595974385738373,0.8086690306663513,-0.021129747852683067
67,0.9864866733551025,2,0.1856720745563507,-0.24538293480873108,0.8056995272636414,-0.022034425288438797
67,0.9804003238677979,3,0.18382026255130768,-0.2470209002494812,0.8027755618095398,-0.021976491436362267
67,0.9814296364784241,4,0.1827617585659027,-0.24809296429157257,0.8042999505996704,-0.021855216473340988
67,0.9642814993858337,5,0.1797671765089035,-0.2503674030303955,0.7997735142707825,-0.022230563685297966
67,0.9833449721336365,6,0.18026335537433624,-0.24870188534259796,0.8082787394523621,-0.02061370573937893
67,0.9711498618125916,7,0.1782451868057251,-0.24993842840194702,0.8111365437507629,-0.022166870534420013
67,0.9847145676612854,8,0.17929980158805847,-0.24715587496757507,0.825903058052063,-0.02138933166861534
68,0.971453845500946,1,0.1863248646259308,-0.24408560991287231,0.7951294779777527,-0.020856540650129318
68,0.9474267959594727,2,0.18412816524505615,-0.24493364989757538,0.7907739877700806,-0.021438490599393845
68,0.895104706287384,3,0.18187221884727478,-0.24679145216941833,0.7873789668083191,-0.054293133318424225
68,0.8870561718940735,4,0.18085414171218872,-0.2471035271883011,0.7857001423835754,-0.04185130074620247
68,0.746712863445282,5,0.17782999575138092,-0.25063660740852356,0.7830024361610413,-0.055285532027482986
68,0.803631603717804,6,0.17763839662075043,-0.25118154287338257,0.7869662642478943,0.028478682041168213
68,0.8206530809402466,7,0.1774434596300125,-0.2522764205932617,0.7953605651855469,0.01580917276442051
68,0.7876436710357666,8,0.17643478512763977,-0.2515442967414856,0.8024129271507263,-0.021349966526031494
69,0.9203296899795532,1,0.18340425193309784,-0.25245487689971924,0.7926992774009705,-0.021052822470664978
69,0.9196361303329468,2,0.1806199699640274,-0.25155308842658997,0.7931810021400452,-0.022486215457320213
69,0.8872298002243042,3,0.17847663164138794,-0.2523828446865082,0.7964383959770203,-0.022940227761864662
69,0.7577385306358337,4,0.1765732765197754,-0.25465071201324463,0.7968208193778992,-0.022110208868980408
69,0.5737277865409851,5,0.17561545968055725,-0.2570358216762543,0.7959731817245483,-0.022434959188103676
69,0.7271741628646851,6,0.17725704610347748,-0.2556911110877991,0.8042607307434082,-0.024813173338770866
69,0.5742446780204773,7,0.17616695165634155,-0.2565118074417114,0.8040844202041626,-0.02194683626294136
69,0.5269515514373779,8,0.17619797587394714,-0.2553543448448181,0.8103252053260803,-0.02545067109167576
70,0.9972584247589111,1,0.1844969242811203,-0.2389231026172638,0.8163308501243591,-0.023637549951672554
70,0.988639235496521,2,0.18166236579418182,-0.24294227361679077,0.8091979026794434,-0.022949373349547386
70,0.9862966537475586,3,0.18022042512893677,-0.2430139183998108,0.8136990070343018,-0.022397691383957863
70,0.9709121584892273,4,0.17777664959430695,-0.245205819606781,0.817014753818512,-0.023305900394916534
70,0.9389526844024658,5,0.17620021104812622,-0.24775996804237366,0.8198437690734863,-0.02277415432035923
70,0.943181574344635,6,0.1756589561700821,-0.24800704419612885,0.8256451487541199,-0.022135503590106964
70,0.905214786529541,7,0.17441612482070923,-0.2495110034942627,0.827759861946106,-0.02202901430428028
70,0.8980727791786194,8,0.17294970154762268,-0.2492235004901886,0.8332180380821228,-0.022349270060658455
71,0.99025958776474,1,0.17999210953712463,-0.24160456657409668,0.8255263566970825,-0.021987173706293106
71,0.9818382263183594,2,0.17798808217048645,-0.2421453893184662,0.8192707896232605,-0.02259117364883423
71,0.9545590877532959,3,0.17531733214855194,-0.24444517493247986,0.815848708152771,-0.02335825003683567
71,0.8410472869873047,4,0.17224687337875366,-0.24819539487361908,0.810123860836029,-0.023252874612808228
71,0.7751635909080505,5,0.1709689497947693,-0.24959100782871246,0.8100966811180115,-0.02262687124311924
71,0.6078557372093201,6,0.17001940310001373,-0.251461923122406,0.8090213537216187,-0.02221536822617054
71,0.5899607539176941,7,0.16975243389606476,-0.2509261667728424,0.8135091066360474,-0.022309256717562675
71,0.5312058925628662,8,0.1684325784444809,-0.25120338797569275,0.8182095885276794,-0.02262311428785324
72,0.9860532283782959,1,0.1864277869462967,-0.24273857474327087,0.8225046992301941,-0.021299680694937706
72,0.9831788539886475,2,0.18470069766044617,-0.24336396157741547,0.8186264038085938,-0.02156694605946541
72,0.9734286665916443,3,0.18177731335163116,-0.24557003378868103,0.8144497275352478,-0.0229252390563488
72,0.947748601436615,4,0.17951439321041107,-0.2496563196182251,0.8153384923934937,-0.024615710601210594
72,0.8399527668952942,5,0.1767473965883255,-0.25438740849494934,0.81251460313797,-0.023301174864172935
72,0.7074910402297974,6,0.17744359374046326,-0.257468044757843,0.815406858921051,-0.023827744647860527
72,0.6586013436317444,7,0.1768413633108139,-0.25675398111343384,0.8201618194580078,-0.021273018792271614
72,0.7915270328521729,8,0.17564989626407623,-0.25305455923080444,0.8307806849479675,-0.02092313952744007
73,0.9387500882148743,1,0.18025624752044678,-0.2424599677324295,0.8146378397941589,-0.02366877906024456
73,0.8303762674331665,2,0.17600728571414948,-0.24453991651535034,0.8055892586708069,-0.025376129895448685
73,0.8951521515846252,3,0.17480969429016113,-0.2426300346851349,0.8102512955665588,-0.022468911483883858
73,0.5229243040084839,4,0.17137862741947174,-0.24733835458755493,0.8047366738319397,-0.02558959275484085
73,0.5524108409881592,5,0.17159995436668396,-0.24898821115493774,0.8114499449729919,-0.02285829931497574
73,0.7966840863227844,6,0.17157474160194397,-0.2469518780708313,0.8236110210418701,-0.02533635124564171
73,0.7486452460289001,7,0.1693069338798523,-0.24687272310256958,0.8255863189697266,-0.027521274983882904
73,0.561215341091156,8,0.1674707978963852,-0.2470838576555252,0.8247396945953369,-0.024949729442596436
74,0.4906103014945984,1,0.17474853992462158,-0.25280341506004333,0.7986260652542114,-1.6830490827560425
74,0.3964359164237976,2,0.17301607131958008,-0.2523344159126282,0.7965571284294128,-0.026840146631002426
74,0.155901700258255,3,0.17119283974170685,-0.25396111607551575,0.7925941348075867,-0.033397410064935684
74,0.010866171680390835,4,0.16778983175754547,-0.2571811079978943,0.7825378775596619,-0.06430397927761078
74,0.0049325223080813885,5,0.16659586131572723,-0.2571428418159485,0.7784038782119751,-0.013693648390471935
74,0.0007294483948498964,6,0.1646459996700287,-0.2568097710609436,0.7724584341049194,-0.009337158873677254
74,0.00028708911850117147,7,0.16509655117988586,-0.2553274929523468,0.7712631225585938,0.0020770069677382708
74,9.989068348659202e-05,8,0.16634833812713623,-0.2544705867767334,0.771611750125885,-0.009772075340151787
75,0.06283879280090332,1,0.1729181557893753,-0.24404451251029968,0.7790921926498413,-0.04519202932715416
75,0.02487076260149479,2,0.1716889888048172,-0.24504059553146362,0.7771137952804565,-0.05404305085539818
75,0.0013769357465207577,3,0.16933658719062805,-0.24598516523838043,0.7718598246574402,-0.007550188805907965
75,0.0003349114558659494,4,0.17027096450328827,-0.24543042480945587,0.7709784507751465,0.0006001134170219302
75,0.00023503898410126567,5,0.17081277072429657,-0.243734672665596,0.7711679935455322,0.017399640753865242
75,0.00023324080393649638,6,0.17068800330162048,-0.2428801953792572,0.7714334726333618,0.010390754789113998
75,0.00015394225192721933,7,0.170979842543602,-0.242870032787323,0.7720056176185608,-0.003089983481913805
75,0.00018836502567864954,8,0.1705205738544464,-0.2421192228794098,0.7719789743423462,-0.0008635332924313843
76,0.008771605789661407,1,0.1700509488582611,-0.2505508065223694,0.7751699090003967,-0.00013493813457898796
76,0.004714148119091988,2,0.16913938522338867,-0.2483527660369873,0.7723710536956787,0.016574731096625328
76,0.0017473407788202167,3,0.16814914345741272,-0.2481374740600586,0.771019697189331,-0.0006046179914847016
76,0.0024749129079282284,4,0.1691824197769165,-0.24752743542194366,0.7711099982261658,-0.004695827607065439
76,0.003644007258117199,5,0.16909316182136536,-0.24706800282001495,0.771140992641449,-0.012269745580852032
76,0.0020325060468167067,6,0.16808895766735077,-0.24789875745773315,0.7710216641426086,-0.013265173882246017
76,0.0023214479442685843,7,0.16839633882045746,-0.24676719307899475,0.7712512016296387,-0.010761733166873455
76,0.0005880161188542843,8,0.16690219938755035,-0.24798418581485748,0.771196186542511,-0.0029174587689340115
77,0.31179261207580566,1,0.17407013475894928,-0.24512545764446259,0.7911922335624695,-0.0006504604825749993
77,0.06247788667678833,2,0.17139402031898499,-0.24619871377944946,0.7802362442016602,-0.013558012433350086
77,0.0717129185795784,3,0.17187808454036713,-0.24462565779685974,0.7775266766548157,-0.005070452578365803
77,0.07219313085079193,4,0.17152220010757446,-0.2446047067642212,0.776017427444458,-0.01150065753608942
77,0.10253115743398666,5,0.17050769925117493,-0.24442270398139954,0.7763587832450867,-0.006294391583651304
77,0.09442586451768875,6,0.16961318254470825,-0.24422454833984375,0.7790431976318359,-0.009185765869915485
77,0.015544669702649117,7,0.1668405383825302,-0.24698194861412048,0.7769277691841125,-0.015036201104521751
77,0.03288323059678078,8,0.1674148589372635,-0.2449924647808075,0.7825189828872681,-0.010601098649203777
78,0.5068997740745544,1,0.16723200678825378,-0.24678026139736176,0.7906755208969116,-0.0212872177362442
78,0.10328850150108337,2,0.16378933191299438,-0.24865373969078064,0.779172956943512,-1.7636010646820068
78,0.012951097451150417,3,0.16189122200012207,-0.24963463842868805,0.7733381986618042,-0.04545389860868454
78,0.003652585670351982,4,0.16142073273658752,-0.24833795428276062,0.7715167999267578,0.0008964274893514812
78,0.0012752368347719312,5,0.16118600964546204,-0.24822472035884857,0.7712346911430359,-0.014948137104511261
78,0.0009347109007649124,6,0.1609557867050171,-0.24707472324371338,0.771245539188385,0.017051316797733307
78,0.0016542349476367235,7,0.1612512469291687,-0.2469530701637268,0.7711123824119568,-0.0016298705013468862
78,0.001404942013323307,8,0.16019995510578156,-0.2461324781179428,0.7708871364593506,0.005184682551771402
79,0.12731070816516876,1,0.16567222774028778,-0.24383002519607544,0.7825863361358643,-0.04600811377167702
79,0.053103432059288025,2,0.1638544797897339,-0.2438514083623886,0.777710497379303,-0.026679273694753647
79,0.011739670298993587,3,0.16239005327224731,-0.24567076563835144,0.7742523550987244,-0.04401532933115959
79,0.00408650329336524,4,0.16122499108314514,-0.24584971368312836,0.7722026109695435,-0.006571452599018812
79,0.0006437994306907058,5,0.1608498990535736,-0.24558773636817932,0.7712041735649109,0.004479742143303156
79,0.00030891713686287403,6,0.16166965663433075,-0.24417078495025635,0.7716092467308044,0.013396089896559715
79,0.00025256257504224777,7,0.162126362323761,-0.2431863248348236,0.7719266414642334,0.00915106013417244
79,0.00020727627270389348,8,0.16229334473609924,-0.24305105209350586,0.7721961736679077,-0.005098068155348301
80,0.009045595303177834,1,0.16248729825019836,-0.24442288279533386,0.7755492925643921,-0.00044927417184226215
80,0.0044720848090946674,2,0.1615903377532959,-0.24343597888946533,0.7726046442985535,-0.004657019395381212
80,0.0058332039043307304,3,0.16129834949970245,-0.24280472099781036,0.7719080448150635,-0.020280856639146805
80,0.008264876902103424,4,0.16076937317848206,-0.2422761470079422,0.7714756727218628,-0.02303960546851158
80,0.006136108189821243,5,0.1599678248167038,-0.24257567524909973,0.7712537050247192,-0.010078628547489643
80,0.003097840817645192,6,0.15935127437114716,-0.2427016794681549,0.7712656259536743,-0.002993797417730093
80,0.0016601660754531622,7,0.1591685712337494,-0.2425234615802765,0.771538496017456,-0.0029341583140194416
80,0.0016428572125732899,8,0.15950541198253632,-0.24160507321357727,0.7725052833557129,-0.008335513062775135
81,0.0008471127948723733,1,0.1601390838623047,-0.25521332025527954,0.7713633179664612,-0.03165082260966301
81,0.0004658385587390512,2,0.15967996418476105,-0.2535993456840515,0.7703832387924194,-0.021342329680919647
81,0.000462817755760625,3,0.1598777025938034,-0.25125229358673096,0.7702505588531494,0.01335132122039795
81,0.0003013219393324107,4,0.16034018993377686,-0.25095945596694946,0.7706815600395203,-0.015302464365959167
81,0.00023188242630567402,5,0.16038747131824493,-0.25025901198387146,0.7711048722267151,-0.0016026730882003903
81,0.0002788956626318395,6,0.16022557020187378,-0.24936789274215698,0.7712002396583557,0.003668557619675994
81,0.00020997095271013677,7,0.15993259847164154,-0.2495952546596527,0.7715518474578857,-0.011559764854609966
81,0.00038744384073652327,8,0.16009144484996796,-0.2492070496082306,0.7710087895393372,-0.004935380537062883
82,0.0018239329801872373,1,0.16039295494556427,-0.24815356731414795,0.7724982500076294,-0.0002397292118985206
82,0.0031242291443049908,2,0.16134662926197052,-0.24755197763442993,0.7722069621086121,-0.009143909439444542
82,0.004486433696001768,3,0.16188831627368927,-0.24771632254123688,0.7721102237701416,-0.01854592189192772
82,0.010062219575047493,4,0.16218076646327972,-0.2469404637813568,0.772430956363678,-0.01755313202738762
82,0.028927979990839958,5,0.16310833394527435,-0.2458755373954773,0.7749327421188354,-0.007654144428670406
82,0.03931573033332825,6,0.16283443570137024,-0.24596825242042542,0.7792637944221497,-0.010834374465048313
82,0.06290913373231888,7,0.16230273246765137,-0.24575595557689667,0.786216676235199,-0.007569031789898872
82,0.05345161631703377,8,0.1615104079246521,-0.24763153493404388,0.7914310693740845,-0.01262566540390253
83,0.010962182655930519,1,0.16582295298576355,-0.2444811761379242,0.774071991443634,-0.02244890108704567
83,0.010776090435683727,2,0.16552618145942688,-0.2447512447834015,0.772783637046814,-0.010964537039399147
83,0.012133896350860596,3,0.1651000827550888,-0.24468234181404114,0.7720645666122437,-0.005342099815607071
83,0.014868921600282192,4,0.16429506242275238,-0.24489209055900574,0.7719110250473022,-0.011146741919219494
83,0.0019996976479887962,5,0.16169871389865875,-0.24792508780956268,0.7707418203353882,-0.005850990302860737
83,0.0031892843544483185,6,0.1622762829065323,-0.24747151136398315,0.7708227634429932,-0.011043205857276917
83,0.005061441101133823,7,0.16225232183933258,-0.24667470157146454,0.7712845802307129,-0.015317374840378761
83,0.001774285570718348,8,0.160575732588768,-0.24823009967803955,0.7710425853729248,-0.011306376196444035
84,0.06137726828455925,1,0.16510409116744995,-0.2456410527229309,0.7804502844810486,-0.014998339116573334
84,0.1096394956111908,2,0.16527071595191956,-0.24414415657520294,0.7808683514595032,-0.01857454515993595
84,0.284255713224411,3,0.16563820838928223,-0.24268673360347748,0.7852311730384827,-0.011694420129060745
84,0.178070068359375,4,0.16369295120239258,-0.24550653994083405,0.7874665856361389,-0.017199961468577385
84,0.17138288915157318,5,0.16329878568649292,-0.2466558963060379,0.7923057079315186,-0.020966067910194397
84,0.3026137053966522,6,0.16340163350105286,-0.2460954636335373,0.8010795712471008,-0.006953589152544737
84,0.2374531477689743,7,0.16293366253376007,-0.24908974766731262,0.8071863651275635,-0.02000892162322998
84,0.6067183613777161,8,0.16541120409965515,-0.2458752542734146,0.8253945112228394,0.6315389275550842
85,0.25561660528182983,1,0.16154740750789642,-0.24897019565105438,0.7859984040260315,-0.022865094244480133
85,0.1678173691034317,2,0.15948361158370972,-0.24894516170024872,0.7871701717376709,-0.028537066653370857
85,0.11347845941781998,3,0.15816882252693176,-0.24885016679763794,0.7878211736679077,-0.0359443724155426
85,0.034589409828186035,4,0.15651041269302368,-0.25077301263809204,0.7851660847663879,-0.043639469891786575
85,0.01265520416200161,5,0.15502938628196716,-0.2515849173069,0.7811619639396667,-0.020764553919434547
85,0.004815398249775171,6,0.15449917316436768,-0.25227731466293335,0.7770675420761108,-0.018802357837557793
85,0.004111936315894127,7,0.15460443496704102,-0.2516918182373047,0.7752420902252197,0.009768626652657986
85,0.0021725138649344444,8,0.15420030057430267,-0.2523156404495239,0.7733209729194641,-0.008529812097549438
86,0.014191586524248123,1,0.16032733023166656,-0.24441933631896973,0.7753462195396423,-0.026412533596158028
86,0.007585201878100634,2,0.1591205596923828,-0.24399104714393616,0.7744609117507935,-0.03211510181427002
86,0.007655354682356119,3,0.15917260944843292,-0.2426280379295349,0.7739666104316711,-0.005488954484462738
86,0.002409271663054824,4,0.15821591019630432,-0.24294114112854004,0.7726438045501709,-0.026864508166909218
86,0.0015080258017405868,5,0.1582983136177063,-0.24255798757076263,0.7718192338943481,-0.004780755378305912
86,0.0011902988189831376,6,0.15851667523384094,-0.24222888052463531,0.7713862657546997,-0.002554222708567977
86,0.0002815767948050052,7,0.15808312594890594,-0.2432257980108261,0.771130383014679,-0.008662213571369648
86,0.00018642777286004275,8,0.15825802087783813,-0.24281322956085205,0.7712443470954895,-0.004689665976911783
87,0.0802994892001152,1,0.16819947957992554,-0.24716387689113617,0.7830790877342224,-0.027694029733538628
87,0.053398218005895615,2,0.1652212142944336,-0.2461908906698227,0.7808329463005066,-0.014665022492408752
87,0.015567736700177193,3,0.1624985784292221,-0.24786758422851562,0.7780064344406128,-0.029014408588409424
87,0.009512025862932205,4,0.16120706498622894,-0.24783210456371307,0.7763599157333374,-0.009979473426938057
87,0.007370460778474808,5,0.16045068204402924,-0.24762383103370667,0.775260329246521,-0.006216586101800203
87,0.0010069299023598433,6,0.1588795781135559,-0.2497796267271042,0.7720168232917786,-0.004919898696243763
87,0.000531099212821573,7,0.15875853598117828,-0.249321848154068,0.771173894405365,-0.011405859142541885
87,0.00034502221387811005,8,0.15885818004608154,-0.24931439757347107,0.7709288001060486,-0.009296332485973835
88,0.013554082252085209,1,0.16790370643138885,-0.2388220727443695,0.7738791704177856,-0.0007120550144463778
88,0.003760687308385968,2,0.16501115262508392,-0.24003051221370697,0.7721825838088989,-0.014347400516271591
88,0.0053445640951395035,3,0.16476723551750183,-0.239352285861969,0.7720277905464172,-0.0020380686037242413
88,0.0037927813827991486,4,0.16348929703235626,-0.23973748087882996,0.7715616226196289,-0.009393526241183281
88,0.0010082056978717446,5,0.1618192195892334,-0.2408261001110077,0.7711924910545349,-0.009489959105849266
88,0.001841321587562561,6,0.16250072419643402,-0.24016675353050232,0.7711161971092224,-0.013629373162984848
88,0.0007116126944310963,7,0.16115805506706238,-0.24071837961673737,0.7711144089698792,-0.005852564703673124
88,0.0017383561935275793,8,0.1624997854232788,-0.23936578631401062,0.771480143070221,-0.016256878152489662
89,0.07400798797607422,1,0.16909712553024292,-0.2277517467737198,0.7734841108322144,-0.02242182567715645
89,0.031192610040307045,2,0.16662976145744324,-0.22920165956020355,0.7723196744918823,-0.02162615954875946
89,0.009408095851540565,3,0.1645580679178238,-0.2302687019109726,0.7709993124008179,-0.025337358936667442
89,0.002359570935368538,4,0.16311638057231903,-0.23072455823421478,0.7703006267547607,-0.018748773261904716
89,0.0007919903146103024,5,0.16270709037780762,-0.2312415987253189,0.7706282138824463,-0.02027190290391445
89,0.0003824853047262877,6,0.16252164542675018,-0.23163871467113495,0.7710869908332825,-0.016134493052959442
89,0.0002149645733879879,7,0.16255170106887817,-0.2321871966123581,0.7716452479362488,-0.012585711665451527
89,0.0002040536783169955,8,0.16234782338142395,-0.23231810331344604,0.7717084288597107,0.003790853777900338
90,0.0025852236431092024,1,0.16114673018455505,-0.23650339245796204,0.7720609903335571,-0.011613566428422928
90,0.0035574277862906456,2,0.16071711480617523,-0.23639355599880219,0.771633505821228,-0.016710789874196053
90,0.0057060206308960915,3,0.1600349098443985,-0.23651108145713806,0.7715247869491577,-0.012689972296357155
90,0.0011666824575513601,4,0.15755264461040497,-0.2389785498380661,0.7708110213279724,0.0006602600333280861
90,0.0014001908712089062,5,0.15756931900978088,-0.2388993501663208,0.7707279920578003,-0.008659369312226772
90,0.0015233642188832164,6,0.15752360224723816,-0.23866897821426392,0.7707288265228271,-0.001999201951548457
90,0.0011096325470134616,7,0.1576220989227295,-0.2386675626039505,0.7709464430809021,-0.0005936684319749475
90,0.0007172416080720723,8,0.15762163698673248,-0.2389412224292755,0.7711912393569946,-0.013962525874376297
91,0.0026885338593274355,1,0.1604965478181839,-0.23466046154499054,0.7718564867973328,-0.01522077340632677
91,0.0022151742596179247,2,0.15972007811069489,-0.2354547381401062,0.7714934349060059,-0.014429059810936451
91,0.0010833936976268888,3,0.1589919775724411,-0.23647178709506989,0.7711355686187744,-0.016276884824037552
91,0.0005159677821211517,4,0.1586495041847229,-0.2366461455821991,0.7711865305900574,-0.006548060569912195
91,0.0008386392146348953,5,0.1587924361228943,-0.23613902926445007,0.7709364891052246,-0.010644056834280491
91,0.0012539027957245708,6,0.1586209237575531,-0.23577283322811127,0.7707078456878662,-0.011695203371345997
91,0.0006945301429368556,7,0.1579996645450592,-0.23675444722175598,0.7709444165229797,-0.007187141105532646
91,0.00042096347897313535,8,0.1578860729932785,-0.23749050498008728,0.7712135910987854,-0.00968064647167921
92,0.043742112815380096,1,0.1723361611366272,-0.22997123003005981,0.7754269242286682,-0.01733899489045143
92,0.020327329635620117,2,0.17023609578609467,-0.23069772124290466,0.7737957835197449,-0.013025935739278793
92,0.004968893714249134,3,0.16748303174972534,-0.23179152607917786,0.7721266746520996,-0.009195380844175816
92,0.0024191467091441154,4,0.16600951552391052,-0.23249271512031555,0.7715983390808105,-0.013786794617772102
92,0.00494252098724246,5,0.1661962866783142,-0.23234404623508453,0.7717847228050232,-0.018320176750421524
92,0.01123801525682211,6,0.1660427302122116,-0.23210828006267548,0.7725218534469604,-0.005420600529760122
92,0.02271324209868908,7,0.1664036214351654,-0.23199720680713654,0.7749372124671936,-0.00015789111785124987
92,0.021368717774748802,8,0.16538134217262268,-0.23263992369174957,0.7771685123443604,-0.01558691170066595
93,0.03463022783398628,1,0.16419686377048492,-0.23419615626335144,0.7719441652297974,-0.013180785812437534
93,0.014389806427061558,2,0.16156446933746338,-0.23532827198505402,0.7708144187927246,-0.016403937712311745
93,0.007250637747347355,3,0.15981809794902802,-0.23609279096126556,0.7703231573104858,-0.019030354917049408
93,0.0040510487742722034,4,0.15885642170906067,-0.23682692646980286,0.7701125741004944,-0.01715713180601597
93,0.0022320037242025137,5,0.15827125310897827,-0.2374015599489212,0.7702277302742004,-0.017413966357707977
93,0.0010639977408573031,6,0.15791496634483337,-0.2378709763288498,0.770618736743927,-0.011758438311517239
93,0.0005973732331767678,7,0.15788725018501282,-0.23839102685451508,0.7711867094039917,-0.015701720491051674
93,0.0007513536256738007,8,0.1581132411956787,-0.2384519726037979,0.7709442377090454,-0.011837252415716648
94,0.005523240193724632,1,0.15975360572338104,-0.22970621287822723,0.7712076902389526,-0.01583617925643921
94,0.0078095607459545135,2,0.15963006019592285,-0.22958913445472717,0.7711268067359924,-0.010847027413547039
94,0.005175527650862932,3,0.15848389267921448,-0.23014120757579803,0.7711760401725769,-0.015906140208244324
94,0.0022107332479208708,4,0.15733349323272705,-0.23084282875061035,0.7712414264678955,-0.01543984655290842
94,0.001266168779693544,5,0.15689145028591156,-0.23113298416137695,0.7713526487350464,-0.019187290221452713
94,0.001672400627285242,6,0.1574610322713852,-0.2309449315071106,0.7714115977287292,-0.008970452472567558
94,0.00047663875739090145,7,0.15607920289039612,-0.23205098509788513,0.7714872360229492,-0.011927020736038685
94,0.0007045691600069404,8,0.1564483791589737,-0.23216089606285095,0.7713687419891357,-0.008947866037487984
95,0.35891371965408325,1,0.16718915104866028,-0.2247404158115387,0.7827757000923157,-0.010279390960931778
95,0.19342400133609772,2,0.16418541967868805,-0.2254473865032196,0.77999347448349,-0.011317480355501175
95,0.14008228480815887,3,0.16262322664260864,-0.22588972747325897,0.7787978649139404,-0.01546912919729948
95,0.14578743278980255,4,0.16153892874717712,-0.2259002923965454,0.7788021564483643,-0.01634862832725048
95,0.11754962056875229,5,0.15999950468540192,-0.2264285832643509,0.778862476348877,-0.014455689117312431
95,0.11830027401447296,6,0.15922509133815765,-0.22698581218719482,0.7805883288383484,-0.012975308112800121
95,0.0473034530878067,7,0.1567465364933014,-0.22813153266906738,0.778779149055481,-0.010047534480690956
95,0.1291082501411438,8,0.15745362639427185,-0.22768095135688782,0.7837479710578918,-0.009027010761201382
97,0.2047015130519867,1,0.16666239500045776,-0.2269243746995926,0.7824234962463379,0.0005702744820155203
97,0.07103213667869568,2,0.16372469067573547,-0.22838622331619263,0.7807542085647583,-0.01810903660953045
97,0.02219594642519951,3,0.16102387011051178,-0.22946934401988983,0.7775142788887024,-0.031839173287153244
97,0.008601991459727287,4,0.15941862761974335,-0.23019394278526306,0.7750083208084106,-0.03291799873113632
97,0.0044469162821769714,5,0.15841449797153473,-0.23058636486530304,0.7734238505363464,-0.028830716386437416
97,0.0021305426489561796,6,0.1575389802455902,-0.23069962859153748,0.7718098759651184,-0.024311821907758713
97,0.00197195284999907,7,0.1573425829410553,-0.2306184023618698,0.7712719440460205,-0.013478722423315048
97,0.0009350463515147567,8,0.15680840611457825,-0.23103635013103485,0.770717978477478,-0.015475350432097912
98,0.06022467836737633,1,0.16245710849761963,-0.22755593061447144,0.7773517966270447,-0.024560343474149704
98,0.018346939235925674,2,0.15954697132110596,-0.22793790698051453,0.7747566103935242,-0.028621196746826172
98,0.009420226328074932,3,0.1580829918384552,-0.2281147539615631,0.7734684944152832,-0.024263810366392136
98,0.005542608443647623,4,0.15686693787574768,-0.22822491824626923,0.7725753784179688,-0.024103354662656784
98,0.003881977405399084,5,0.15620294213294983,-0.22831843793392181,0.7719771265983582,-0.014695603400468826
98,0.003465469926595688,6,0.15571436285972595,-0.22828389704227448,0.771633505821228,-0.00942447129637003
98,0.0017878388753160834,7,0.1548943817615509,-0.2287147343158722,0.7712136507034302,-0.0061582098715007305
98,0.0012564624194055796,8,0.154386967420578,-0.22891676425933838,0.7710942625999451,-0.007240787614136934
99,0.058617860078811646,1,0.15972043573856354,-0.22967252135276794,0.776172399520874,-0.028628939762711525
99,0.02674262225627899,2,0.15757393836975098,-0.2299155443906784,0.774073600769043,-0.028124239295721054
99,0.013074451126158237,3,0.15575173497200012,-0.23007982969284058,0.7725849151611328,-0.027406301349401474
99,0.007593408692628145,4,0.15464501082897186,-0.23022323846817017,0.7716605067253113,-0.021242763847112656
99,0.0055438196286559105,5,0.15386418998241425,-0.23024611175060272,0.7711665034294128,-0.017834901809692383
99,0.002662178361788392,6,0.15298712253570557,-0.23072786629199982,0.7707662582397461,-0.01493122335523367
99,0.0016293406952172518,7,0.15236973762512207,-0.23106220364570618,0.7706882953643799,-0.010394078679382801
99,0.0010683113941922784,8,0.15178795158863068,-0.2315426766872406,0.7707634568214417,-0.011034025810658932
100,0.0031171785667538643,1,0.15344543755054474,-0.23140782117843628,0.7732251882553101,-0.014794747345149517
100,0.0029681636951863766,2,0.15330937504768372,-0.2314581722021103,0.7729345560073853,-0.018869543448090553
100,0.0021886066533625126,3,0.15205910801887512,-0.23157325387001038,0.7724301815032959,-0.01623241789638996
100,0.0026970189064741135,4,0.1518259197473526,-0.23172220587730408,0.7725471258163452,-0.014916322194039822
100,0.003835630603134632,5,0.1513732671737671,-0.2317183017730713,0.7729251980781555,-0.015915997326374054
100,0.007702087517827749,6,0.1514049768447876,-0.23155507445335388,0.7739084959030151,-0.014247804880142212
100,0.0052664573304355145,7,0.15024018287658691,-0.23267889022827148,0.7738947868347168,-0.0162144023925066
100,0.009188595227897167,8,0.15029065310955048,-0.23260852694511414,0.7753461003303528,-0.020942524075508118
101,0.013145973905920982,1,0.1562780737876892,-0.22704017162322998,0.7758164405822754,-0.018780335783958435
101,0.011388536542654037,2,0.15515732765197754,-0.2272711545228958,0.7751633524894714,-0.019027577713131905
101,0.011044547893106937,3,0.15438345074653625,-0.22758659720420837,0.7749035954475403,-0.017775461077690125
101,0.012667275965213776,4,0.15374496579170227,-0.2279384732246399,0.7751253843307495,-0.020196352154016495
101,0.02254156395792961,5,0.15353916585445404,-0.2280379682779312,0.7761310338973999,-0.020109783858060837
101,0.007830427028238773,6,0.1509537249803543,-0.2290913164615631,0.7743562459945679,-0.009212772361934185
101,0.015324081294238567,7,0.15142029523849487,-0.22970125079154968,0.7765369415283203,-0.01713460311293602
101,0.022293291985988617,8,0.15063662827014923,-0.2303042709827423,0.7786692976951599,-0.01401807926595211
102,0.05950963869690895,1,0.14863398671150208,-0.22610226273536682,0.7814992070198059,-0.013477349653840065
102,0.03811744973063469,2,0.14694838225841522,-0.22646449506282806,0.7799480557441711,-0.015139116905629635
102,0.04113524407148361,3,0.14586885273456573,-0.22690382599830627,0.7806570529937744,-0.025769462808966637
102,0.03199970722198486,4,0.1445561647415161,-0.2274889200925827,0.7803775072097778,-0.015371182933449745
102,0.01063980907201767,5,0.14191880822181702,-0.2282477617263794,0.7775372862815857,-0.0174811240285635
102,0.02366763912141323,6,0.1426084339618683,-0.22820110619068146,0.7800883650779724,-0.008453304879367352
102,0.052996810525655746,7,0.14340776205062866,-0.22875146567821503,0.7851495742797852,-0.015157782472670078
102,0.12488709390163422,8,0.1438286304473877,-0.22930161654949188,0.7938109636306763,-0.014152122661471367
103,0.13235881924629211,1,0.1564323902130127,-0.2295759916305542,0.7833117842674255,-0.02325492911040783
103,0.14342977106571198,2,0.15557551383972168,-0.22910787165164948,0.7837993502616882,-0.02108016237616539
103,0.1591181606054306,3,0.15477631986141205,-0.22896164655685425,0.7849535346031189,-0.02965211682021618
103,0.20453985035419464,4,0.15419751405715942,-0.2290279120206833,0.7872446775436401,-0.027328338474035263
103,0.258963018655777,5,0.15348175168037415,-0.22948592901229858,0.7904631495475769,-0.019871214404702187
103,0.33423593640327454,6,0.15273073315620422,-0.23020489513874054,0.794983983039856,-0.01081768423318863
103,0.5485668778419495,7,0.15384706854820251,-0.23065494000911713,0.8051033616065979,0.6631572842597961
103,0.8161658644676208,8,0.15543073415756226,-0.23030662536621094,0.8204079866409302,-0.024173859506845474
104,0.04480909928679466,1,0.15778668224811554,-0.22988970577716827,0.7761356234550476,-0.015107130631804466
104,0.016539636999368668,2,0.15597085654735565,-0.22975127398967743,0.7740220427513123,-0.025286013260483742
104,0.04051707684993744,3,0.1572357714176178,-0.2297910749912262,0.7762410044670105,-0.022180752828717232
104,0.018002042546868324,4,0.15531015396118164,-0.23077842593193054,0.7761415839195251,0.0032001477666199207
104,0.004707704298198223,5,0.15322254598140717,-0.2313661426305771,0.774120032787323,-0.007020107004791498
104,0.005777374841272831,6,0.15392252802848816,-0.2317819893360138,0.7749550342559814,-0.01643960364162922
104,0.008597178384661674,7,0.15368346869945526,-0.23202961683273315,0.7759352922439575,-0.012455004267394543
104,0.024670196697115898,8,0.15445271134376526,-0.23224036395549774,0.7794097661972046,-0.008871382102370262
105,0.33347252011299133,1,0.15498746931552887,-0.23087254166603088,0.7876885533332825,-0.013010864146053791
105,0.33925560116767883,2,0.1532280445098877,-0.23072315752506256,0.7892993092536926,-0.005430839955806732
105,0.32495057582855225,3,0.15078957378864288,-0.23134781420230865,0.7926452159881592,-0.02189703658223152
105,0.4638581871986389,4,0.15123623609542847,-0.2316475808620453,0.8016412258148193,-0.01749260351061821
105,0.6444255113601685,5,0.15161527693271637,-0.23139193654060364,0.8124520182609558,0.6342523694038391
105,0.6437010765075684,6,0.15027327835559845,-0.23197586834430695,0.8180276155471802,-0.021755080670118332
105,0.5647506713867188,7,0.14918562769889832,-0.23360750079154968,0.8206636309623718,-0.022725600749254227
105,0.732974112033844,8,0.15024182200431824,-0.23261067271232605,0.828671932220459,-0.02208552323281765
106,0.44164979457855225,1,0.15674053132534027,-0.22658030688762665,0.78316730260849,-1.6165554523468018
106,0.3953956067562103,2,0.15548652410507202,-0.22712910175323486,0.7840204834938049,-0.027594558894634247
106,0.31195512413978577,3,0.1542689949274063,-0.2277499884366989,0.7846447229385376,-0.030733028426766396
106,0.2982368767261505,4,0.15364208817481995,-0.22790119051933289,0.7860832810401917,-0.0346061997115612
106,0.3320479393005371,5,0.1530154049396515,-0.227953240275383,0.7887969017028809,-0.032530076801776886
106,0.4503706991672516,6,0.15286186337471008,-0.2279457300901413,0.7942532896995544,-0.034611012786626816
106,0.4020622670650482,7,0.15076327323913574,-0.22875922918319702,0.7963656187057495,-0.042338285595178604
106,0.5697152018547058,8,0.15123416483402252,-0.22846201062202454,0.802868127822876,0.7189079523086548
107,0.3797021508216858,1,0.15152260661125183,-0.23233738541603088,0.7975121736526489,-1.6826515197753906
107,0.26290184259414673,2,0.14887669682502747,-0.2326505482196808,0.7957810759544373,-0.01830098032951355
107,0.211297869682312,3,0.14708779752254486,-0.2327936589717865,0.7948352098464966,-0.021081341430544853
107,0.1819017380475998,4,0.14545838534832,-0.2331276684999466,0.7943605780601501,-0.02930954471230507
107,0.24272216856479645,5,0.14522533118724823,-0.2328512966632843,0.7952374219894409,-0.016121476888656616
107,0.29881665110588074,6,0.14471293985843658,-0.2330692708492279,0.7964127659797668,-0.02235126495361328
107,0.2964690923690796,7,0.14341439306735992,-0.23393350839614868,0.796405553817749,-0.03250845521688461
107,0.5355298519134521,8,0.1451050490140915,-0.23333732783794403,0.8015300035476685,0.6900489926338196
108,0.0973852202296257,1,0.15286366641521454,-0.2295611947774887,0.7825906276702881,-0.02227974124252796
108,0.03967604041099548,2,0.15040406584739685,-0.23032769560813904,0.7792652249336243,-0.02335786633193493
108,0.03320867568254471,3,0.14929988980293274,-0.2306714951992035,0.7783753275871277,-0.01950158178806305
108,0.02286868542432785,4,0.14760074019432068,-0.23148494958877563,0.7773961424827576,-0.023894447833299637
108,0.014629245735704899,5,0.14631487429141998,-0.23233723640441895,0.7757892608642578,-0.016457093879580498
108,0.006284000817686319,6,0.14495410025119781,-0.23345047235488892,0.7736675143241882,-0.012471158057451248
108,0.006116075906902552,7,0.144547700881958,-0.23402123153209686,0.7733846306800842,-0.009357744827866554
108,0.011177335865795612,8,0.14442852139472961,-0.2338687926530838,0.7741727232933044,-0.017384687438607216
109,0.06472203880548477,1,0.15090344846248627,-0.227953240275383,0.7821760773658752,-0.026393815875053406
109,0.035911060869693756,2,0.1489408016204834,-0.22844819724559784,0.7801252007484436,-0.027052320539951324
109,0.026884451508522034,3,0.14779448509216309,-0.22876213490962982,0.7785869836807251,-0.021080007776618004
109,0.025052789598703384,4,0.14660288393497467,-0.22888211905956268,0.7774306535720825,-0.020566316321492195
109,0.01840391755104065,5,0.14534682035446167,-0.22941483557224274,0.7758535742759705,-0.01915108598768711
109,0.012029602192342281,6,0.14420144259929657,-0.23021307587623596,0.7745473384857178,-0.019712671637535095
109,0.0053615691140294075,7,0.14328648149967194,-0.2311047911643982,0.7728743553161621,-0.008875397965312004
109,0.005789546296000481,8,0.14293569326400757,-0.2314791977405548,0.7725422978401184,-0.006406350992619991
110,0.08849166333675385,1,0.14665429294109344,-0.2301441878080368,0.7819653153419495,-0.02267475053668022
110,0.0834154486656189,2,0.14603911340236664,-0.23053452372550964,0.7808135151863098,-0.01966916024684906
110,0.09198105335235596,3,0.14563791453838348,-0.2310500144958496,0.781170129776001,-0.024392826482653618
110,0.06052599102258682,4,0.144120991230011,-0.2318728119134903,0.7800858616828918,-0.023364458233118057
110,0.06398987770080566,5,0.14385104179382324,-0.23209689557552338,0.7803754806518555,-0.00946756824851036
110,0.016931263729929924,6,0.14089369773864746,-0.2334095537662506,0.7767596244812012,-0.016864877194166183
110,0.009680921211838722,7,0.14007067680358887,-0.2337820678949356,0.774961531162262,-0.001270534936338663
110,0.0064000329002738,8,0.13955995440483093,-0.23451755940914154,0.7738587856292725,-0.01250175666064024
111,0.31555813550949097,1,0.15005657076835632,-0.23379266262054443,0.7856679558753967,-0.01744217984378338
111,0.1693645715713501,2,0.14724797010421753,-0.23376010358333588,0.7820646166801453,-0.029118603095412254
111,0.24614036083221436,3,0.14771544933319092,-0.23314034938812256,0.7839595675468445,-0.019546953961253166
111,0.34870588779449463,4,0.14742760360240936,-0.23280002176761627,0.7871490716934204,-0.009584730491042137
111,0.560381293296814,5,0.1489102989435196,-0.23261964321136475,0.7958768606185913,0.6727655529975891
111,0.5388860702514648,6,0.14721135795116425,-0.23323342204093933,0.8011599779129028,-0.02261127158999443
111,0.6784656643867493,7,0.147740438580513,-0.2329358458518982,0.8093428015708923,-0.022715531289577484
111,0.665260910987854,8,0.14614620804786682,-0.2336476445198059,0.8131320476531982,-0.02154066599905491
112,0.1353718787431717,1,0.15370139479637146,-0.23091302812099457,0.777569055557251,-0.02123277820646763
112,0.031463731080293655,2,0.1499616950750351,-0.23165836930274963,0.7747191786766052,-0.03023090958595276
112,0.018009498715400696,3,0.14868807792663574,-0.23222514986991882,0.7746919393539429,-0.03336826711893082
112,0.016103267669677734,4,0.1481761485338211,-0.23209461569786072,0.7748249173164368,-0.004039487801492214
112,0.009848996065557003,5,0.14690591394901276,-0.23256275057792664,0.774213433265686,-0.014114066027104855
112,0.00615040073171258,6,0.14603371918201447,-0.2331823855638504,0.7735532522201538,-0.015354900620877743
112,0.008069808594882488,7,0.14622707664966583,-0.23315313458442688,0.7741742730140686,-0.012058387510478497
112,0.018318770453333855,8,0.14708325266838074,-0.23251144587993622,0.7772958278656006,-0.015067709609866142
113,0.4699414074420929,1,0.14691123366355896,-0.2294381558895111,0.7954977750778198,-0.025244731456041336
113,0.24954178929328918,2,0.1428389847278595,-0.22980916500091553,0.7921830415725708,-0.029320159927010536
113,0.10267359018325806,3,0.13938604295253754,-0.23028218746185303,0.788543164730072,-0.026766719296574593
113,0.26898136734962463,4,0.14142638444900513,-0.22938966751098633,0.7953110337257385,-0.018984753638505936
113,0.3193717896938324,5,0.14079156517982483,-0.2296157032251358,0.8010284900665283,-0.030533626675605774
113,0.39627307653427124,6,0.14023563265800476,-0.22959618270397186,0.8061603903770447,-0.03228123113512993
113,0.4109593629837036,7,0.13906727731227875,-0.22984462976455688,0.8081629276275635,-0.039104484021663666
113,0.5372477173805237,8,0.1394817978143692,-0.22970940172672272,0.8129910230636597,0.7416501641273499
114,0.07602287828922272,1,0.15412765741348267,-0.23136591911315918,0.7831384539604187,-0.033281538635492325
114,0.03295198455452919,2,0.1515095829963684,-0.2317093014717102,0.780665934085846,-0.03553337603807449
114,0.01815878599882126,3,0.14938199520111084,-0.23196002840995789,0.7788950800895691,-0.029835114255547523
114,0.009922252036631107,4,0.14741748571395874,-0.2324734479188919,0.7770763039588928,-0.029166586697101593
114,0.004438364412635565,5,0.14607307314872742,-0.23316940665245056,0.7744883894920349,-0.02599192038178444
114,0.00310152443125844,6,0.14527800679206848,-0.2335360050201416,0.773201584815979,-0.024125579744577408
114,0.0020604333840310574,7,0.144563227891922,-0.2342679649591446,0.7722223997116089,-0.021088212728500366
114,0.001479084836319089,8,0.1437668353319168,-0.2350984811782837,0.7717204689979553,-0.02059324085712433
115,0.0025807470083236694,1,0.14665880799293518,-0.2350212186574936,0.7725445032119751,-0.014573666267096996
115,0.002944254083558917,2,0.145392507314682,-0.23465925455093384,0.7725297212600708,-0.011070167645812035
115,0.0018802484264597297,3,0.14364567399024963,-0.23503385484218597,0.771980881690979,-0.01640719175338745
115,0.0010704216547310352,4,0.142335906624794,-0.23592956364154816,0.7716613411903381,-0.01384422741830349
115,0.0007923375233076513,5,0.14172834157943726,-0.2367638498544693,0.7715659737586975,-0.011317514814436436
115,0.001345673925243318,6,0.141267791390419,-0.2369254231452942,0.7717085480690002,-0.012673219665884972
115,0.0014701931504532695,7,0.14086756110191345,-0.23826226592063904,0.7718481421470642,-0.01925657130777836
115,0.0013902685604989529,8,0.1402425915002823,-0.23918859660625458,0.7718565464019775,-0.012223909609019756
116,0.00015373851056210697,1,0.14346568286418915,-0.23404769599437714,0.7716349959373474,-0.006732214242219925
116,0.00019630765018519014,2,0.14342853426933289,-0.2339809685945511,0.771560549736023,-0.00662393169477582
116,0.0003858286654576659,3,0.14330261945724487,-0.23394669592380524,0.7714110612869263,-0.009805495850741863
116,0.000735875335521996,4,0.14323925971984863,-0.23392026126384735,0.7713828682899475,-0.02079586870968342
116,0.001227160799317062,5,0.14261090755462646,-0.23395873606204987,0.7715721726417542,-0.01448326837271452
116,0.0009859969140961766,6,0.14139677584171295,-0.23500801622867584,0.7717938423156738,-0.01301589049398899
116,0.0009534599375911057,7,0.1411844789981842,-0.23589648306369781,0.7719568610191345,-0.01806582324206829
116,0.0010403388878330588,8,0.1410130113363266,-0.2364034205675125,0.772036075592041,-0.00984088983386755
117,0.0011742220958694816,1,0.1381816864013672,-0.2334228754043579,0.7707414031028748,-0.016048340126872063
117,0.0011350071290507913,2,0.1372459977865219,-0.2329760491847992,0.7709068059921265,-0.012010623700916767
117,0.0016799505101516843,3,0.13676217198371887,-0.23275582492351532,0.7712927460670471,-0.014448367990553379
117,0.0028518126346170902,4,0.1364365816116333,-0.2325688898563385,0.7717955708503723,-0.006133262999355793
117,0.0019224461866542697,5,0.13482783734798431,-0.23350802063941956,0.7719089388847351,-0.014910098165273666
117,0.0016589952865615487,6,0.1344427764415741,-0.2341713160276413,0.7720276713371277,-0.015898676589131355
117,0.0008518861141055822,7,0.13372036814689636,-0.2349068522453308,0.7718024849891663,-0.010040423832833767
117,0.0013017816236242652,8,0.13375695049762726,-0.23552396893501282,0.7721245884895325,-0.009502004832029343
118,0.013194238767027855,1,0.14582446217536926,-0.23158380389213562,0.77341228723526,-0.0077613345347344875
118,0.015104934573173523,2,0.14485742151737213,-0.23134683072566986,0.7742125391960144,-0.012483804486691952
118,0.016653822734951973,3,0.1437186747789383,-0.23113493621349335,0.7745012640953064,-0.02553022839128971
118,0.023111451417207718,4,0.14311473071575165,-0.23130537569522858,0.7762529850006104,-0.014296775683760643
118,0.034015972167253494,5,0.1426311731338501,-0.23137640953063965,0.7788876295089722,-0.01286714430898428
118,0.027488702908158302,6,0.14164799451828003,-0.23242412507534027,0.7813073992729187,-0.011326627805829048
118,0.037105415016412735,7,0.1405322551727295,-0.23266033828258514,0.7845604419708252,-0.013788099400699139
118,0.07060251384973526,8,0.14103782176971436,-0.2328931987285614,0.7900490760803223,-0.007938358001410961
119,0.06657367944717407,1,0.1416034996509552,-0.2308041900396347,0.7800110578536987,-0.02993306703865528
119,0.08006902039051056,2,0.14137446880340576,-0.23021984100341797,0.7802304625511169,-0.010079842992126942
119,0.04497644677758217,3,0.1389855295419693,-0.23057855665683746,0.7789813280105591,-0.017005790024995804
119,0.04310983791947365,4,0.13831785321235657,-0.2304409295320511,0.7787138223648071,-0.012023900635540485
119,0.027003318071365356,5,0.13661839067935944,-0.23123681545257568,0.7780615091323853,-0.01776554249227047
119,0.02232477068901062,6,0.13581255078315735,-0.2315232902765274,0.7772965431213379,-0.014901538379490376
119,0.013753634877502918,7,0.13533943891525269,-0.23227949440479279,0.7763374447822571,-0.014119800180196762
119,0.021542895585298538,8,0.13671961426734924,-0.23199118673801422,0.7791855335235596,-0.016516512259840965
120,0.00024882107391022146,1,0.14640021324157715,-0.23277932405471802,0.771626889705658,-0.0144728384912014
120,0.00030866131419315934,2,0.1460561752319336,-0.23336510360240936,0.7715067863464355,-0.011219808831810951
120,0.00037066565710119903,3,0.1455906182527542,-0.2340499609708786,0.7714425325393677,-0.012613060884177685
120,0.0005814252072013915,4,0.14518070220947266,-0.234619140625,0.7713073492050171,-0.016720695421099663
120,0.001039748778566718,5,0.14517506957054138,-0.23510976135730743,0.7710760831832886,-0.019108692184090614
120,0.0013197880471125245,6,0.14518967270851135,-0.2356177717447281,0.7711394429206848,-0.019635731354355812
120,0.0015767381992191076,7,0.144053116440773,-0.2359951138496399,0.7713391780853271,-0.01099162083119154
120,0.0012448071502149105,8,0.14310592412948608,-0.23740437626838684,0.7715080976486206,-0.015255311504006386
121,0.022102778777480125,1,0.14521652460098267,-0.22829341888427734,0.7759253978729248,-0.02119770273566246
121,0.03889098018407822,2,0.14536111056804657,-0.22842462360858917,0.7769472599029541,-0.02113165520131588
121,0.05861344933509827,3,0.14542432129383087,-0.2283230721950531,0.7776482105255127,-0.015239598229527473
121,0.11431746184825897,4,0.14629274606704712,-0.22816723585128784,0.7805404663085938,-0.02291398122906685
121,0.21478278934955597,5,0.14735528826713562,-0.22816835343837738,0.78703773021698,-0.010130323469638824
121,0.3453947603702545,6,0.14836357533931732,-0.22811047732830048,0.796471357345581,-0.017001092433929443
121,0.42050901055336,7,0.14739388227462769,-0.22844210267066956,0.804582953453064,-0.02079288847744465
121,0.512779951095581,8,0.14657025039196014,-0.22865916788578033,0.8115849494934082,0.6695147752761841
122,0.009995284490287304,1,0.1497858762741089,-0.23155905306339264,0.7722634673118591,-0.007512805052101612
122,0.019572248682379723,2,0.14974814653396606,-0.23149505257606506,0.7737091183662415,-0.011249888688325882
122,0.043478161096572876,3,0.1495995819568634,-0.23166164755821228,0.7763000726699829,-0.013384426012635231
122,0.0823453813791275,4,0.1489582359790802,-0.2320539653301239,0.780008852481842,-0.02041029743850231
122,0.13924403488636017,5,0.14862395823001862,-0.23273088037967682,0.7849975228309631,-0.020317317917943
122,0.19848136603832245,6,0.14802610874176025,-0.23369209468364716,0.7906731367111206,-0.02153741382062435
122,0.3613842725753784,7,0.14847785234451294,-0.23425360023975372,0.80092853307724,-0.019495705142617226
122,0.5648696422576904,8,0.14903609454631805,-0.23419219255447388,0.8138747215270996,0.6648839116096497
123,0.010353797115385532,1,0.15219677984714508,-0.23279613256454468,0.7716813087463379,-0.022630738094449043
123,0.006277513224631548,2,0.15071487426757812,-0.23363572359085083,0.7715170979499817,-0.021735645830631256
123,0.0041128285229206085,3,0.14961783587932587,-0.23456229269504547,0.7713994979858398,-0.02219950407743454
123,0.002552080899477005,4,0.14853626489639282,-0.23567035794258118,0.7712957262992859,-0.020388972014188766
123,0.0018890270730480552,5,0.14772391319274902,-0.23663416504859924,0.7712939381599426,-0.017295535653829575
123,0.001572604407556355,6,0.1471301019191742,-0.23767521977424622,0.7713257074356079,-0.01630055531859398
123,0.0010438746539875865,7,0.14644435048103333,-0.2386477142572403,0.7714934945106506,-0.012926514260470867
123,0.0008035620558075607,8,0.14587929844856262,-0.23947802186012268,0.7716462016105652,-0.01491384208202362
124,0.00396720739081502,1,0.15017563104629517,-0.2338462620973587,0.7716634273529053,-0.0211655180901289
124,0.003074843669310212,2,0.14889805018901825,-0.23452354967594147,0.7715234160423279,-0.019189855083823204
124,0.0029220713768154383,3,0.14783456921577454,-0.23521804809570312,0.7714142203330994,-0.01883701980113983
124,0.003124078968539834,4,0.1470710188150406,-0.2358049601316452,0.7713755369186401,-0.017955895513296127
124,0.0035877765621989965,5,0.14647257328033447,-0.2363317608833313,0.7713626027107239,-0.016635781154036522
124,0.001813606359064579,6,0.14483006298542023,-0.23757988214492798,0.7710976004600525,-0.01738600619137287
124,0.0015218909829854965,7,0.144184410572052,-0.23892098665237427,0.7710099220275879,-0.01708022691309452
124,0.001548192696645856,8,0.14377711713314056,-0.23945122957229614,0.7709401845932007,-0.006298130378127098
125,0.07348208874464035,1,0.14973194897174835,-0.23090657591819763,0.7759798765182495,-0.024381190538406372
125,0.044515322893857956,2,0.14772868156433105,-0.2316688746213913,0.7748307585716248,-0.024673471227288246
125,0.03220295533537865,3,0.14631591737270355,-0.23228053748607635,0.7741221785545349,-0.022936534136533737
125,0.02627314068377018,4,0.1453324556350708,-0.23285424709320068,0.7736255526542664,-0.022021526470780373
125,0.013743670657277107,5,0.14353251457214355,-0.23392336070537567,0.7724149227142334,-0.02209000661969185
125,0.009474786929786205,6,0.1426667422056198,-0.23515728116035461,0.7718262672424316,-0.02207486890256405
125,0.0075316703878343105,7,0.1419631987810135,-0.23604656755924225,0.7714371085166931,-0.014795160852372646
125,0.006128236185759306,8,0.14132514595985413,-0.2370223104953766,0.7711562514305115,-0.014207921922206879
126,0.0015385659644380212,1,0.1493394374847412,-0.23740822076797485,0.7707302570343018,-0.01950944773852825
126,0.002535215113312006,2,0.14861539006233215,-0.2377551645040512,0.7708942890167236,-0.016295267269015312
126,0.0036817207001149654,3,0.14776179194450378,-0.2382122278213501,0.7710224390029907,-0.014863774180412292
126,0.0064199455082416534,4,0.14725331962108612,-0.23834733664989471,0.7711966037750244,-0.022098537534475327
126,0.004233914893120527,5,0.14617256820201874,-0.23949077725410461,0.7711199522018433,-0.016853081062436104
126,0.0042813848704099655,6,0.14558444917201996,-0.24046272039413452,0.7712918519973755,-0.01998830959200859
126,0.003249669913202524,7,0.14476947486400604,-0.2417846918106079,0.7714351415634155,-0.02267472632229328
126,0.0044360472820699215,8,0.1447681486606598,-0.24172565340995789,0.7714255452156067,-0.0009554118732921779
127,0.012438085861504078,1,0.1499132364988327,-0.2341594696044922,0.7724756002426147,-0.02189628779888153
127,0.013436905108392239,2,0.14857067167758942,-0.23467178642749786,0.772573709487915,-0.019030144438147545
127,0.011788437142968178,3,0.14729595184326172,-0.23514269292354584,0.7723996639251709,-0.01853150501847267
127,0.004456785507500172,4,0.145563542842865,-0.23661965131759644,0.7715116739273071,-0.015608885325491428
127,0.004361379891633987,5,0.14516346156597137,-0.23719997704029083,0.7717206478118896,-0.015282461419701576
127,0.006160367745906115,6,0.14543631672859192,-0.23699796199798584,0.7722995281219482,-0.01297120563685894
127,0.005759460385888815,7,0.14472950994968414,-0.23738780617713928,0.7725001573562622,-0.014108486473560333
127,0.006710460875183344,8,0.14445848762989044,-0.2375703752040863,0.7730207443237305,-0.01565287820994854
128,0.0033326230477541685,1,0.14711244404315948,-0.23587805032730103,0.7701016068458557,-0.018244965001940727
128,0.003461644984781742,2,0.14569398760795593,-0.23632720112800598,0.7703084349632263,-0.016601497307419777
128,0.00170897098723799,3,0.14422035217285156,-0.237491637468338,0.7705262303352356,-0.01507716067135334
128,0.0033043203875422478,4,0.14439035952091217,-0.23691332340240479,0.7706920504570007,-0.012631235644221306
128,0.002799654146656394,5,0.14336535334587097,-0.23766563832759857,0.770993173122406,-0.01707630418241024
128,0.004098126664757729,6,0.14341512322425842,-0.23729081451892853,0.7712262272834778,-0.01471791137009859
128,0.004477501846849918,7,0.14315956830978394,-0.23738110065460205,0.7715757489204407,-0.014542768709361553
128,0.00583755224943161,8,0.14308005571365356,-0.23707440495491028,0.7722908854484558,-0.012852830812335014
129,0.0011901587713509798,1,0.13942892849445343,-0.24260775744915009,0.7692629098892212,-0.013779760338366032
129,0.0013058368349447846,2,0.13817881047725677,-0.24212925136089325,0.7697113752365112,-0.01623031124472618
129,0.001620768802240491,3,0.1376025527715683,-0.2417038530111313,0.7699775695800781,-0.012455212883651257
129,0.0007207951275631785,4,0.13639214634895325,-0.24282681941986084,0.770349383354187,-0.013167476281523705
129,0.0009929427178576589,5,0.13619740307331085,-0.24255947768688202,0.7704378962516785,-0.007805489934980869
129,0.0011631364468485117,6,0.1356523633003235,-0.24283605813980103,0.7705207467079163,-0.015415175817906857
129,0.0017350469715893269,7,0.1359904706478119,-0.2428319901227951,0.7705397605895996,-0.012366050854325294
129,0.0021149918902665377,8,0.13583311438560486,-0.24278993904590607,0.7706664800643921,-0.01407537143677473
130,0.004032248165458441,1,0.14305956661701202,-0.24025961756706238,0.7708024978637695,-0.018255148082971573
130,0.006635930854827166,2,0.14283651113510132,-0.23900575935840607,0.7712965607643127,-0.02423262968659401
130,0.010183630511164665,3,0.14238914847373962,-0.23839813470840454,0.7722595930099487,-0.017414728179574013
130,0.011222475208342075,4,0.14159904420375824,-0.23846949636936188,0.7733919620513916,-0.0077665639109909534
130,0.02254929207265377,5,0.14184921979904175,-0.23729856312274933,0.7762547731399536,0.0028868650551885366
130,0.023721404373645782,6,0.14114494621753693,-0.23817574977874756,0.7795888781547546,-0.009066264145076275
130,0.04517904669046402,7,0.14142963290214539,-0.23779696226119995,0.7858036756515503,-0.014748095534741879
130,0.14044755697250366,8,0.1430213749408722,-0.2363809496164322,0.7972086071968079,-0.006394319236278534
131,0.21417176723480225,1,0.1444806009531021,-0.2334984689950943,0.7790825366973877,-0.029752681031823158
131,0.17046944797039032,2,0.1425924450159073,-0.23387952148914337,0.7788233160972595,-0.014009897597134113
131,0.15988148748874664,3,0.14150457084178925,-0.23395392298698425,0.7795237302780151,-0.016676947474479675
131,0.18218034505844116,4,0.14037759602069855,-0.23355655372142792,0.7806700468063354,0.00031565368408337235
131,0.2143813669681549,5,0.14008036255836487,-0.2336103916168213,0.7837926149368286,-0.009938955307006836
131,0.4217394292354584,6,0.14265012741088867,-0.23217684030532837,0.7921185493469238,-0.012806662358343601
131,0.4585353136062622,7,0.14167720079421997,-0.23226939141750336,0.7979923486709595,-0.015610544942319393
131,0.6107390522956848,8,0.1424407660961151,-0.23162463307380676,0.8060572147369385,0.6309293508529663
132,0.024568738415837288,1,0.15006408095359802,-0.23337534070014954,0.7715762853622437,-0.016643542796373367
132,0.01102452538907528,2,0.14807617664337158,-0.23466868698596954,0.771871030330658,-0.02296588569879532
132,0.006637835409492254,3,0.1465519666671753,-0.2355998158454895,0.7719786763191223,-0.024986641481518745
132,0.0038722041063010693,4,0.145004540681839,-0.23679989576339722,0.7717125415802002,-0.01701684668660164
132,0.005985443014651537,5,0.14501304924488068,-0.23647591471672058,0.77181476354599,-0.012650217860937119
132,0.003890780732035637,6,0.14398756623268127,-0.23794709146022797,0.7715610265731812,-0.020071417093276978
132,0.003614230314269662,7,0.14433930814266205,-0.23793257772922516,0.7714441418647766,-0.007905174978077412
132,0.001848369836807251,8,0.14350706338882446,-0.2388831228017807,0.7713383436203003,-0.019576456397771835
133,0.015159832313656807,1,0.1521107703447342,-0.23403622210025787,0.7720456123352051,-0.026847640052437782
133,0.007931718602776527,2,0.14959226548671722,-0.23502177000045776,0.7718427777290344,-0.027422042563557625
133,0.004233655519783497,3,0.14775259792804718,-0.23602339625358582,0.7714712619781494,-0.026479072868824005
133,0.0029920933302491903,4,0.14670172333717346,-0.23666933178901672,0.7712962627410889,-0.02232649177312851
133,0.0018751267343759537,5,0.1460757553577423,-0.23768797516822815,0.771111011505127,-0.017735809087753296
133,0.0010321770096197724,6,0.14603570103645325,-0.23840799927711487,0.7711264491081238,-0.005886246915906668
133,0.0009404311422258615,7,0.14616036415100098,-0.23865929245948792,0.7711597084999084,-0.007282043807208538
133,0.0006768428720533848,8,0.14583000540733337,-0.23956038057804108,0.7713700532913208,-0.0114973159506917
134,0.001715554273687303,1,0.15198802947998047,-0.23881025612354279,0.7698888182640076,-0.020521530881524086
134,0.0020167198963463306,2,0.15046438574790955,-0.23891639709472656,0.7700386047363281,-0.01790744625031948
134,0.0017232726095244288,3,0.14893940091133118,-0.23983021080493927,0.7703226208686829,-0.018862105906009674
134,0.0011742952046915889,4,0.14830513298511505,-0.240356907248497,0.7704702019691467,-0.005772044416517019
134,0.001615817309357226,5,0.14775197207927704,-0.24042056500911713,0.7706412076950073,-0.008199907839298248
134,0.0012335841311141849,6,0.1472903937101364,-0.24105212092399597,0.7706524729728699,-0.016105907037854195
134,0.0025395245756953955,7,0.14732195436954498,-0.24054549634456635,0.7706705927848816,-0.016880681738257408
134,0.002852314617484808,8,0.1467566043138504,-0.24096961319446564,0.7707754373550415,-0.017093734815716743
135,0.0023151447530835867,1,0.14984895288944244,-0.23538637161254883,0.7700433731079102,-0.01886897347867489
135,0.0019296967657282948,2,0.14838726818561554,-0.23613817989826202,0.7701677083969116,-0.017655443400144577
135,0.0009802104905247688,3,0.1469760686159134,-0.23709923028945923,0.77049320936203,-0.02373533695936203
135,0.0014692036202177405,4,0.14643961191177368,-0.2372172623872757,0.7704912424087524,-0.018422745168209076
135,0.001501039951108396,5,0.14619304239749908,-0.23823165893554688,0.7705775499343872,-0.005589840468019247
135,0.002290095668286085,6,0.1467115730047226,-0.2379073053598404,0.7706356048583984,-0.015174836851656437
135,0.0017136518144980073,7,0.14602996408939362,-0.23893208801746368,0.7708683609962463,-0.011833403259515762
135,0.003782132174819708,8,0.14718182384967804,-0.23792533576488495,0.7716107368469238,-0.013782520778477192
136,0.0062342542223632336,1,0.14831937849521637,-0.2371688038110733,0.7700534462928772,-0.022925851866602898
136,0.003168928436934948,2,0.14648981392383575,-0.23827703297138214,0.7701191306114197,-0.030058028176426888
136,0.002635037759318948,3,0.1455271691083908,-0.23881058394908905,0.7702044248580933,-0.033978208899497986
136,0.005884950514882803,4,0.1459270715713501,-0.23817577958106995,0.7703552842140198,-0.023474015295505524
136,0.014604809693992138,5,0.1471739560365677,-0.23685120046138763,0.7714488506317139,-0.0165086779743433
136,0.011193911544978619,6,0.14594942331314087,-0.23735295236110687,0.7723433971405029,0.008611117489635944
136,0.00850512832403183,7,0.14479078352451324,-0.23875100910663605,0.7729685306549072,-0.0004893781733699143
136,0.02255941554903984,8,0.14654123783111572,-0.23766905069351196,0.7768020033836365,-0.005936519708484411
137,0.0034278358798474073,1,0.14693646132946014,-0.24289068579673767,0.7690843939781189,-0.020618248730897903
137,0.002067047171294689,2,0.14496484398841858,-0.24371418356895447,0.7693285942077637,-0.020521393045783043
137,0.0017201441805809736,3,0.14398516714572906,-0.24416318535804749,0.7695180773735046,-0.021855732426047325
137,0.001303559634834528,4,0.14321008324623108,-0.2445800006389618,0.7697973251342773,-0.0171868447214365
137,0.002668604953214526,5,0.14356188476085663,-0.24378232657909393,0.769792914390564,-0.017040196806192398
137,0.0035402753856033087,6,0.1438828855752945,-0.24341273307800293,0.7700713276863098,-0.010018470697104931
137,0.004051391035318375,7,0.14413778483867645,-0.24287168681621552,0.7706587910652161,-0.008941215462982655
137,0.00507919117808342,8,0.1445685178041458,-0.24208272993564606,0.7718477249145508,-0.01245133951306343
138,0.006547423079609871,1,0.1491740494966507,-0.2385103553533554,0.7693851590156555,-0.021141747012734413
138,0.007771236356347799,2,0.14857035875320435,-0.2386903017759323,0.7696981430053711,-0.011640059761703014
138,0.005459971260279417,3,0.14754600822925568,-0.23948544263839722,0.769668459892273,-0.024022553116083145
138,0.009341917932033539,4,0.14776790142059326,-0.23897220194339752,0.7700451612472534,-0.017302125692367554
138,0.013047836720943451,5,0.14763985574245453,-0.23854196071624756,0.7704700827598572,-0.014656594954431057
138,0.017999328672885895,6,0.14855962991714478,-0.23791176080703735,0.7716235518455505,-0.007913644425570965
138,0.014192894101142883,7,0.14763401448726654,-0.238097682595253,0.7726078629493713,-0.004306029062718153
138,0.017156105488538742,8,0.14772899448871613,-0.23795358836650848,0.7745024561882019,-0.016287274658679962
139,0.009171850048005581,1,0.1421702802181244,-0.23704023659229279,0.7700260877609253,-0.014960510656237602
139,0.00698229530826211,2,0.14114928245544434,-0.23718519508838654,0.7703553438186646,-0.02032708190381527
139,0.016437340527772903,3,0.1414939910173416,-0.2359185367822647,0.7719197869300842,-0.00963691808283329
139,0.014682462438941002,4,0.1397702991962433,-0.2364593744277954,0.7723824381828308,-0.008549485355615616
139,0.018290579319000244,5,0.14020110666751862,-0.23663488030433655,0.7737529277801514,-0.013556282967329025
139,0.03871864825487137,6,0.14133265614509583,-0.23500289022922516,0.7769697904586792,-0.006040990352630615
139,0.027022117748856544,7,0.13928914070129395,-0.23638230562210083,0.7781273126602173,-0.018425872549414635
139,0.08421441167593002,8,0.14183123409748077,-0.2346460372209549,0.7857512831687927,-0.010256543755531311
140,0.004404250532388687,1,0.14446471631526947,-0.23874536156654358,0.7696258425712585,-0.00730530871078372
140,0.007486226502805948,2,0.14383813738822937,-0.23784852027893066,0.7706498503684998,-0.004114523530006409
140,0.011337118223309517,3,0.14281408488750458,-0.23795285820960999,0.772156298160553,-0.013876748271286488
140,0.023105822503566742,4,0.14281971752643585,-0.23724710941314697,0.7741665244102478,-0.010076796635985374
140,0.022866331040859222,5,0.14155273139476776,-0.2384815216064453,0.775931715965271,-0.023239856585860252
140,0.058109838515520096,6,0.14245973527431488,-0.23720818758010864,0.7795315384864807,-0.0049924603663384914
140,0.11871467530727386,7,0.14337944984436035,-0.23656943440437317,0.785282552242279,-0.010040326975286007
140,0.3050273358821869,8,0.1458110362291336,-0.23477773368358612,0.7970677018165588,-0.007753145415335894
141,0.001211451250128448,1,0.1452496349811554,-0.2482752948999405,0.7696096897125244,-0.02071741595864296
141,0.002158170333132148,2,0.14482487738132477,-0.24696968495845795,0.7697049975395203,-0.02249758318066597
141,0.004811793565750122,3,0.14450101554393768,-0.2455464005470276,0.7703890800476074,-0.01595148630440235
141,0.0063620032742619514,4,0.14310622215270996,-0.24528519809246063,0.7717354893684387,0.004017564933747053
141,0.015952203422784805,5,0.14390188455581665,-0.24458876252174377,0.7753611207008362,-0.0190163291990757
141,0.03578021004796028,6,0.14486472308635712,-0.24473387002944946,0.782146155834198,-0.024661239236593246
141,0.19079160690307617,7,0.14801906049251556,-0.24264828860759735,0.796683669090271,-0.0025508960243314505
141,0.5163255333900452,8,0.15050262212753296,-0.24072971940040588,0.8140732049942017,0.6442617774009705
142,0.012913839891552925,1,0.14379119873046875,-0.23979996144771576,0.7694113254547119,-0.013743732124567032
142,0.010560319758951664,2,0.1431247740983963,-0.23998798429965973,0.7695422768592834,-0.018481722101569176
142,0.007702627219259739,3,0.14222371578216553,-0.24047136306762695,0.7697036862373352,-0.02436818927526474
142,0.005261179059743881,4,0.14148306846618652,-0.24128340184688568,0.7698899507522583,-0.028685012832283974
142,0.0036001408006995916,5,0.1408158242702484,-0.24211782217025757,0.770047128200531,-0.023775003850460052
142,0.0016279628034681082,6,0.13994476199150085,-0.2436733990907669,0.7701431512832642,-0.016155757009983063
142,0.0017639113357290626,7,0.14006224274635315,-0.2435649037361145,0.7700398564338684,-0.0024555937852710485
142,0.001191059360280633,8,0.13958591222763062,-0.24439121782779694,0.7700601816177368,-0.02085600048303604
143,0.0032263172324746847,1,0.1409272849559784,-0.24406901001930237,0.7703928351402283,-0.009598057717084885
143,0.004217417910695076,2,0.1392488032579422,-0.2428973913192749,0.7712705731391907,-0.010433487594127655
143,0.005311343818902969,3,0.13721422851085663,-0.24245674908161163,0.7724385857582092,-0.014832450076937675
143,0.003618980059400201,4,0.13535568118095398,-0.24313756823539734,0.7726009488105774,-0.026051532477140427
143,0.008129801601171494,5,0.13571587204933167,-0.24243807792663574,0.7745415568351746,-0.005535784177482128
143,0.020487947389483452,6,0.13650783896446228,-0.241551011800766,0.7780671119689941,-0.012179853394627571
143,0.04845113679766655,7,0.13778407871723175,-0.24093841016292572,0.784243106842041,-0.017466381192207336
143,0.1618446260690689,8,0.14038583636283875,-0.2391095608472824,0.7952377200126648,-0.010256635956466198
144,0.002134420908987522,1,0.14763502776622772,-0.24092218279838562,0.7695359587669373,-0.014713766053318977
144,0.0012710315641015768,2,0.14582106471061707,-0.24144352972507477,0.7697994112968445,-0.013013273477554321
144,0.0009246458648703992,3,0.1447562873363495,-0.2421153336763382,0.770140528678894,-0.017927689477801323
144,0.0005401181406341493,4,0.1441468447446823,-0.24282965064048767,0.7704364061355591,-0.011406457051634789
144,0.0007102685049176216,5,0.1441156566143036,-0.24268248677253723,0.7704938650131226,-0.0124282855540514
144,0.0009934144327417016,6,0.14431600272655487,-0.24244998395442963,0.7704445123672485,-0.016821235418319702
144,0.000990292290225625,7,0.1438761204481125,-0.2428053915500641,0.7704688906669617,-0.01707063615322113
144,0.0008340631611645222,8,0.14349834620952606,-0.24382969737052917,0.7705573439598083,-0.012182813137769699
145,0.0008791738073341548,1,0.13669762015342712,-0.24014753103256226,0.7692971229553223,-0.013635980896651745
145,0.0005129174678586423,2,0.1355932205915451,-0.24029338359832764,0.7697752118110657,-0.013862394727766514
145,0.0006546632503159344,3,0.1353345811367035,-0.23958013951778412,0.7700235843658447,-0.02020804025232792
145,0.00045870430767536163,4,0.13386988639831543,-0.24004998803138733,0.7706073522567749,-0.018984921276569366
145,0.00041125703137367964,5,0.13324765861034393,-0.24044275283813477,0.7708651423454285,-0.013482581824064255
145,0.0003354378859512508,6,0.13276763260364532,-0.24126958847045898,0.7710862159729004,-0.014013184234499931
145,0.00031675747595727444,7,0.1331157386302948,-0.2414056956768036,0.7710810899734497,-0.007543717976659536
145,0.00041974271880462766,8,0.13313183188438416,-0.2414141446352005,0.7709416151046753,-0.015330584719777107
146,0.001044176984578371,1,0.1421295553445816,-0.24200844764709473,0.7689606547355652,-0.011079982854425907
146,0.0011285514337942004,2,0.14164024591445923,-0.24094094336032867,0.7690938115119934,-0.018642250448465347
146,0.0007798560545779765,3,0.14059555530548096,-0.24096505343914032,0.7694143056869507,-0.022749075666069984
146,0.0011728761019185185,4,0.14003123342990875,-0.24018706381320953,0.7696332931518555,-0.012378032319247723
146,0.0012464236933737993,5,0.13924512267112732,-0.24024291336536407,0.7699664831161499,-0.01251213252544403
146,0.001543237827718258,6,0.13857507705688477,-0.2400352954864502,0.7701836824417114,-0.006270278245210648
146,0.0022936740424484015,7,0.138615220785141,-0.23956868052482605,0.7704675197601318,-0.013208474032580853
146,0.0027355211786925793,8,0.13864751160144806,-0.23961178958415985,0.7711797952651978,-0.01525150053203106
147,0.0005766089889220893,1,0.1378038078546524,-0.24717406928539276,0.7689210772514343,-0.019224513322114944
147,0.0007379142916761339,2,0.13688558340072632,-0.2450590878725052,0.7690396308898926,-0.01686953380703926
147,0.0008669609669595957,3,0.13549748063087463,-0.24383166432380676,0.7693915963172913,-0.011332595720887184
147,0.0006472477107308805,4,0.13429248332977295,-0.2436399757862091,0.7697484493255615,-0.016634780913591385
147,0.0005826364504173398,5,0.13393372297286987,-0.2433481514453888,0.76999831199646,-0.019072432070970535
147,0.0014892740873619914,6,0.13519661128520966,-0.24124805629253387,0.7705576419830322,-0.005477438680827618
147,0.0011334993178024888,7,0.134257972240448,-0.242252379655838,0.7712453007698059,-0.006709346082061529
147,0.0026097577065229416,8,0.13501738011837006,-0.24103105068206787,0.7729746103286743,-0.009673578664660454
148,0.0004027101385872811,1,0.14207178354263306,-0.24506697058677673,0.7689632177352905,-0.018498124554753304
148,0.0007296837284229696,2,0.1416284590959549,-0.24278752505779266,0.7687721252441406,-0.026361683383584023
148,0.0013480308698490262,3,0.14096415042877197,-0.2410925030708313,0.768953263759613,-0.014053178951144218
148,0.00241111870855093,4,0.1408988982439041,-0.23958279192447662,0.769513726234436,-0.013408194296061993
148,0.0019485673401504755,5,0.1396126002073288,-0.24029676616191864,0.7702145576477051,0.003287811763584614
148,0.002537093125283718,6,0.1399070769548416,-0.24001798033714294,0.7710449695587158,-0.005893349181860685
148,0.004555996973067522,7,0.140602245926857,-0.23885858058929443,0.7728919386863708,-0.0005774889141321182
148,0.012168451212346554,8,0.1423075795173645,-0.23711971938610077,0.7773311734199524,-0.008728568442165852
149,0.002541943918913603,1,0.13991886377334595,-0.24018873274326324,0.7678704857826233,-0.005120561923831701
149,0.0022628637962043285,2,0.1384141892194748,-0.2402212917804718,0.768547773361206,-0.011848902329802513
149,0.0017547330353409052,3,0.1366739720106125,-0.24110879004001617,0.769232988357544,-0.01625482179224491
149,0.0030826223082840443,4,0.13651128113269806,-0.23999321460723877,0.7700342535972595,-0.01334961224347353
149,0.0020057084038853645,5,0.1348467469215393,-0.24153238534927368,0.7704218626022339,-0.01779910735785961
149,0.0017538152169436216,6,0.13421066105365753,-0.2426551729440689,0.7707036733627319,-0.019491486251354218
149,0.001938645145855844,7,0.13408297300338745,-0.24294616281986237,0.7707964777946472,-0.0075614298693835735
149,0.002970163943246007,8,0.13433507084846497,-0.24251782894134521,0.7709771394729614,-0.006209984887391329
150,0.007683672942221165,1,0.14659695327281952,-0.23282884061336517,0.7687605619430542,-0.01612839661538601
150,0.00470253499224782,2,0.1448964774608612,-0.2335945963859558,0.769310474395752,-0.022819004952907562
150,0.002926727756857872,3,0.14302398264408112,-0.2347022294998169,0.7696980237960815,-0.020201295614242554
150,0.0026551950722932816,4,0.1420726627111435,-0.23540902137756348,0.7699795365333557,-0.022459110245108604
150,0.0019109988352283835,5,0.140793576836586,-0.2366103082895279,0.7701138854026794,-0.02051849663257599
150,0.0016412256518378854,6,0.14009468257427216,-0.2373076230287552,0.7701505422592163,-0.012908858247101307
150,0.0008113752701319754,7,0.13945342600345612,-0.2389373928308487,0.7701912522315979,-0.014689953997731209
150,0.0009335654904134572,8,0.13935226202011108,-0.23922500014305115,0.7701547741889954,-0.009526369161903858
151,0.0016591871390119195,1,0.13849924504756927,-0.23691146075725555,0.7689647078514099,-0.015831876546144485
151,0.0024053873494267464,2,0.13762739300727844,-0.23582200706005096,0.7692252397537231,-0.013262033462524414
151,0.0015354136703535914,3,0.13534392416477203,-0.23683108389377594,0.7698449492454529,-0.02389182336628437
151,0.0009544224594719708,4,0.1332671344280243,-0.23829247057437897,0.7702378630638123,-0.017327087000012398
151,0.0018638160545378923,5,0.1337035745382309,-0.23764602839946747,0.7703996300697327,-0.01035153865814209
151,0.0013071495341137052,6,0.13249677419662476,-0.23951789736747742,0.7705391645431519,-0.013536949642002583
151,0.0011727705132216215,7,0.13221581280231476,-0.24047426879405975,0.77051842212677,-0.012934433296322823
151,0.0017781163332983851,8,0.1326913684606552,-0.24022403359413147,0.7704316973686218,-0.015641985461115837
152,0.0003068898804485798,1,0.14089743793010712,-0.23710590600967407,0.7692968249320984,-0.0115508409217
152,0.00033342401729896665,2,0.14026232063770294,-0.23671813309192657,0.7692219614982605,-0.01636861264705658
152,0.00027197744930163026,3,0.1392592489719391,-0.23738986253738403,0.7696022987365723,-0.018078550696372986
152,0.00024573892005719244,4,0.13838033378124237,-0.2380758821964264,0.7699185609817505,-0.015341430902481079
152,0.0002442544500809163,5,0.13792994618415833,-0.23874390125274658,0.7701410055160522,-0.01498668733984232
152,0.0002597306447569281,6,0.1377665400505066,-0.2390597015619278,0.7702654004096985,-0.013583352789282799
152,0.0003093043633271009,7,0.13794806599617004,-0.23882858455181122,0.7701365351676941,-0.014674730598926544
152,0.0002724526566453278,8,0.13747777044773102,-0.23916643857955933,0.7703412175178528,-0.013748124241828918
153,0.0008969017653726041,1,0.13708040118217468,-0.23419331014156342,0.7685166001319885,-0.020302636548876762
153,0.0006231967126950622,2,0.13581857085227966,-0.2347557097673416,0.7689434885978699,-0.025211812928318977
153,0.00044062535744160414,3,0.13465695083141327,-0.23574203252792358,0.7694458961486816,-0.02401629276573658
153,0.00034372409572824836,4,0.13390763103961945,-0.23677273094654083,0.7698459625244141,-0.020394209772348404
153,0.00028176396153867245,5,0.13353900611400604,-0.23777814209461212,0.7701860070228577,-0.01943262480199337
153,0.0002517106186132878,6,0.13341625034809113,-0.23854506015777588,0.7704047560691833,-0.014362622983753681
153,0.00020064340787939727,7,0.1333305686712265,-0.23900900781154633,0.7707005143165588,-0.005926915910094976
153,0.00015020060527604073,8,0.13317865133285522,-0.2400614619255066,0.7711349725723267,-0.012697502039372921
154,0.00029472916503436863,1,0.13713586330413818,-0.23941874504089355,0.7691258788108826,-0.012420409359037876
154,0.0003659064241219312,2,0.13607600331306458,-0.23879244923591614,0.7690629959106445,-0.009690684266388416
154,0.0005331386346369982,3,0.1354133039712906,-0.238148033618927,0.7689459323883057,-0.014819244854152203
154,0.00047164983698166907,4,0.1343323290348053,-0.2387734353542328,0.7692634463310242,-0.013456929475069046
154,0.0004884378286078572,5,0.1338557004928589,-0.23893365263938904,0.7695013284683228,-0.018429357558488846
154,0.0004909341223537922,6,0.1334654688835144,-0.23921804130077362,0.769683837890625,-0.014780597761273384
154,0.000689326087012887,7,0.13382257521152496,-0.23878100514411926,0.7696400880813599,-0.011489675380289555
154,0.0005906609003432095,8,0.13340513408184052,-0.2398853898048401,0.7699137330055237,-0.016538387164473534
155,0.0002879660460166633,1,0.1354711353778839,-0.234072744846344,0.769702672958374,-0.0173807255923748
155,0.00025694005307741463,2,0.13444587588310242,-0.23354147374629974,0.7699024677276611,-0.00921538844704628
155,0.00037819601129740477,3,0.13321517407894135,-0.2330341786146164,0.7698007225990295,-0.014321979135274887
155,0.0003738948726095259,4,0.13202178478240967,-0.2338101714849472,0.7700256109237671,-0.015066585503518581
155,0.0003777965612243861,5,0.1315155029296875,-0.23430684208869934,0.7701656818389893,-0.014751219190657139
155,0.000440589472418651,6,0.1314263939857483,-0.2342417985200882,0.7701616287231445,-0.010752295143902302
155,0.00041485100518912077,7,0.13117334246635437,-0.2348860204219818,0.770283579826355,-0.012542863376438618
155,0.0005030897445976734,8,0.13174967467784882,-0.23472779989242554,0.770132303237915,-0.012575891800224781
156,0.00039324144017882645,1,0.13947300612926483,-0.2310735434293747,0.7695256471633911,-0.005372846499085426
156,0.0006467205239459872,2,0.13885276019573212,-0.2299523502588272,0.7691673040390015,-0.012779725715517998
156,0.00035268848296254873,3,0.1372467279434204,-0.23142901062965393,0.7698668837547302,-0.008555235341191292
156,0.0004539083456620574,4,0.13664008677005768,-0.23189857602119446,0.7698341608047485,-0.014513001777231693
156,0.0005941482959315181,5,0.1365220993757248,-0.23197060823440552,0.769741952419281,-0.016553351655602455
156,0.0005325713427737355,6,0.13593539595603943,-0.23280590772628784,0.7698977589607239,-0.01617560349404812
156,0.0005253364215604961,7,0.13635748624801636,-0.23289607465267181,0.7699053883552551,-0.013541198335587978
156,0.00046794587979093194,8,0.13596385717391968,-0.233656644821167,0.7700813412666321,-0.010420054197311401
157,0.00010522919183131307,1,0.13539445400238037,-0.23163971304893494,0.7713268995285034,-0.016864491626620293
157,0.00011363254452589899,2,0.1345418393611908,-0.2321503907442093,0.7713203430175781,-0.024767166003584862
157,0.00011743276991182938,3,0.13372156023979187,-0.23305705189704895,0.7713766098022461,-0.03005218505859375
157,0.0001179810642497614,4,0.1330365538597107,-0.23375451564788818,0.7714869379997253,-0.014145627617835999
157,0.0001226188032887876,5,0.1325225532054901,-0.23416748642921448,0.7716010808944702,0.001444980618543923
157,0.00014478256343863904,6,0.13232487440109253,-0.23432818055152893,0.7715249061584473,-0.003417074680328369
157,0.00010263049625791609,7,0.13183099031448364,-0.23560160398483276,0.7720458507537842,-0.008761229924857616
157,8.766326936893165e-05,8,0.13179698586463928,-0.23632286489009857,0.7723201513290405,-0.008580099791288376
158,0.00012626357784029096,1,0.13608919084072113,-0.23683130741119385,0.7706957459449768,-0.007156498730182648
158,0.00019754446111619473,2,0.13562536239624023,-0.23532924056053162,0.7701795697212219,-0.008897323161363602
158,0.00017127225873991847,3,0.13406571745872498,-0.23598667979240417,0.7704573273658752,-0.020398713648319244
158,0.0001504812971688807,4,0.1331643909215927,-0.2372485250234604,0.7707473039627075,-0.03252004086971283
158,0.00020495432545430958,5,0.1329735517501831,-0.23702900111675262,0.7706621885299683,-0.0019488618709146976
158,0.00011485887080198154,6,0.13256606459617615,-0.23909254372119904,0.7710171341896057,-0.012272128835320473
158,0.00013277439575176686,7,0.13245262205600739,-0.24009250104427338,0.7709914445877075,-0.014539411291480064
158,0.00017636366828810424,8,0.1326359212398529,-0.239883691072464,0.7708280682563782,-0.004392610862851143
159,0.00022686398006044328,1,0.1332169473171234,-0.23378807306289673,0.7695469260215759,-0.02387307956814766
159,0.0002072339557344094,2,0.1324480175971985,-0.23381464183330536,0.7697625756263733,-0.03088976815342903
159,0.00018701136286836118,3,0.13124296069145203,-0.23470941185951233,0.7700619697570801,-0.032149091362953186
159,0.00017157186812255532,4,0.13040223717689514,-0.23599393665790558,0.7703366875648499,-0.03165997564792633
159,0.00011455850471975282,5,0.13009516894817352,-0.23779360949993134,0.7708040475845337,-0.008556097745895386
159,8.793176675681025e-05,6,0.1303233802318573,-0.23927345871925354,0.7711355686187744,-0.009626210667192936
159,8.904992864700034e-05,7,0.1306857168674469,-0.23934467136859894,0.7711547017097473,0.015806375071406364
159,8.945300214691088e-05,8,0.13073888421058655,-0.23976333439350128,0.771255612373352,-0.0005497977836057544
160,0.0002475276996847242,1,0.13846249878406525,-0.23474077880382538,0.7697234749794006,-0.0066913338378071785
160,0.0002103047736454755,2,0.13667617738246918,-0.2343190461397171,0.7698556184768677,-0.02241215482354164
160,0.00015502035967074335,3,0.13460780680179596,-0.23512355983257294,0.7703399062156677,-0.01660529337823391
160,0.0001613805943634361,4,0.1336776465177536,-0.2354084700345993,0.7705337405204773,-0.0057990276254713535
160,0.00014385902613867074,5,0.13312573730945587,-0.23672959208488464,0.7708209156990051,-0.015464486554265022
160,0.0001365408388664946,6,0.13321083784103394,-0.23763731122016907,0.7709947228431702,-0.01048220880329609
160,0.00015078220167197287,7,0.1335333287715912,-0.2379818558692932,0.7710068225860596,-0.0084577277302742
160,0.0001420839107595384,8,0.1335221529006958,-0.23897965252399445,0.7711701989173889,-0.013320214115083218
161,0.00022309897758532315,1,0.13001596927642822,-0.23554787039756775,0.7693178653717041,-0.02035437896847725
161,0.00018755262135528028,2,0.12962819635868073,-0.23592321574687958,0.7696936130523682,-0.031972624361515045
161,0.00017144676530733705,3,0.129150390625,-0.23600640892982483,0.7699784636497498,-0.00891506765037775
161,0.00016632035840302706,4,0.12878632545471191,-0.23633885383605957,0.7701824903488159,-0.008809766732156277
161,0.00012819311814382672,5,0.12859788537025452,-0.23702634871006012,0.7706697583198547,-0.009757539257407188
161,9.927525388775393e-05,6,0.12864209711551666,-0.23816977441310883,0.7711418867111206,-0.00948018953204155
161,9.140844485955313e-05,7,0.12883809208869934,-0.23882651329040527,0.7714056968688965,-0.005510101560503244
161,8.882018300937489e-05,8,0.12915055453777313,-0.2394486665725708,0.7715374231338501,-0.005724653135985136
162,0.00010890989506151527,1,0.13586458563804626,-0.23446543514728546,0.7710922956466675,-0.008049636147916317
162,0.00012060512381140143,2,0.13576580584049225,-0.23412691056728363,0.7710941433906555,-0.02244299277663231
162,0.0001380775502184406,3,0.13529455661773682,-0.23415115475654602,0.771044909954071,-0.029067164286971092
162,0.00016344616597052664,4,0.13470253348350525,-0.23427154123783112,0.7708936929702759,-0.030857086181640625
162,0.00020239944569766521,5,0.13436344265937805,-0.23413099348545074,0.7705125212669373,-0.028751548379659653
162,0.00017828830459620804,6,0.13457423448562622,-0.23441718518733978,0.7703657746315002,0.002496713073924184
162,0.0001403819624101743,7,0.13479086756706238,-0.23505163192749023,0.7703911066055298,0.005119774024933577
162,0.00018384854774922132,8,0.13588327169418335,-0.23433390259742737,0.7700496912002563,-0.010446238331496716
163,0.0001034080414683558,1,0.13369432091712952,-0.23136493563652039,0.7708436250686646,-0.020223546773195267
163,8.555771637475118e-05,2,0.13302356004714966,-0.23196354508399963,0.7713432312011719,-0.02636665105819702
163,7.656667730771005e-05,3,0.13239744305610657,-0.23215226829051971,0.7717244029045105,-0.01721053570508957
163,6.793926877435297e-05,4,0.13175828754901886,-0.2325691282749176,0.7721092104911804,-0.017396919429302216
163,6.176694296300411e-05,5,0.1313534826040268,-0.2330848127603531,0.7723371386528015,-0.019127212464809418
163,7.672938227187842e-05,6,0.13097244501113892,-0.2336730659008026,0.7720814943313599,-0.025803282856941223
163,8.630429510958493e-05,7,0.13076911866664886,-0.23397494852542877,0.7718701362609863,-0.0002951425267383456
163,0.00010281161667080596,8,0.1306101381778717,-0.2340395748615265,0.7715826034545898,-0.0060904123820364475
164,0.00017054739873856306,1,0.1353210210800171,-0.2327195107936859,0.7704172730445862,-0.0162526685744524
164,0.00012956521823070943,2,0.13414013385772705,-0.23278652131557465,0.7708085179328918,-0.020067770034074783
164,0.00012532698747236282,3,0.13305704295635223,-0.2328738123178482,0.7709618806838989,-0.0311351977288723
164,0.00013037821918260306,4,0.13234740495681763,-0.2330121099948883,0.7710273265838623,-0.017945023253560066
164,0.00012426053581293672,5,0.13152913749217987,-0.23344676196575165,0.7712748050689697,-0.014242303557693958
164,0.0001028243568725884,6,0.13129694759845734,-0.23390503227710724,0.7716091871261597,0.0008778313640505075
164,0.0001319347502430901,7,0.13136599957942963,-0.23378756642341614,0.7713245749473572,-0.004372991621494293
164,9.387444151798263e-05,8,0.1310511976480484,-0.23468898236751556,0.771702229976654,-0.009795908816158772
165,0.00012071788660250604,1,0.13145312666893005,-0.24076896905899048,0.770780622959137,-0.016598470509052277
165,0.00010736226249719039,2,0.13104762136936188,-0.24075384438037872,0.7709744572639465,-0.03458377718925476
165,7.616847869940102e-05,3,0.1306557059288025,-0.2408791482448578,0.7715178728103638,-0.0018576551228761673
165,8.753554720897228e-05,4,0.13047215342521667,-0.2410801649093628,0.7715179324150085,-0.002882818691432476
165,0.00010998106881743297,5,0.13043227791786194,-0.24118120968341827,0.7713523507118225,-0.011469767428934574
165,9.879541175905615e-05,6,0.1305880844593048,-0.24169345200061798,0.7713876962661743,-0.018110396340489388
165,0.0001131759854615666,7,0.13062205910682678,-0.2423020303249359,0.7711448669433594,-0.010177361778914928
165,0.00010348833166062832,8,0.13019408285617828,-0.2433178871870041,0.771216094493866,-0.013788067735731602
166,0.00010684659355320036,1,0.1304996758699417,-0.23715361952781677,0.7710092663764954,-0.017350077629089355
166,0.00010222632408840582,2,0.12929850816726685,-0.23679137229919434,0.7709900140762329,-0.012878446839749813
166,0.00011819219071185216,3,0.12863433361053467,-0.23641353845596313,0.7708066701889038,-0.027886895462870598
166,0.00011061465193051845,4,0.1279955804347992,-0.23687635362148285,0.7708373665809631,-0.0028792028315365314
166,0.0001168637172668241,5,0.1276877224445343,-0.23704446852207184,0.770743727684021,-0.007518496364355087
166,9.205628157360479e-05,6,0.12706676125526428,-0.23875325918197632,0.7709882855415344,-0.013819979503750801
166,0.0001205099470098503,7,0.12718284130096436,-0.23846903443336487,0.7707419395446777,-0.013869610615074635
166,9.365351434098557e-05,8,0.12695997953414917,-0.2403506636619568,0.770954966545105,-0.012982312589883804
167,5.781246363767423e-05,1,0.13518506288528442,-0.23425491154193878,0.771818220615387,-0.008424224331974983
167,4.547859134618193e-05,2,0.13448503613471985,-0.23385047912597656,0.7722510099411011,-0.013966163620352745
167,4.3070813262602314e-05,3,0.1339450478553772,-0.23385874927043915,0.7724711894989014,-0.017260950058698654
167,6.211277650436386e-05,4,0.13338539004325867,-0.2337264120578766,0.7720037698745728,-0.017546795308589935
167,5.9010915720136836e-05,5,0.13260012865066528,-0.23470567166805267,0.7720609307289124,-0.008517671376466751
167,7.127334538381547e-05,6,0.13224925100803375,-0.23489007353782654,0.7718849182128906,-0.018857991322875023
167,6.829320773249492e-05,7,0.13194888830184937,-0.23606842756271362,0.7719634175300598,-0.010094921104609966
167,8.290227560792118e-05,8,0.13264071941375732,-0.23645225167274475,0.7713887095451355,-0.014032107777893543
168,0.00016849972598720342,1,0.13937845826148987,-0.2328261137008667,0.7712283730506897,-0.013633854687213898
168,0.0001364718482363969,2,0.1382872760295868,-0.2327004224061966,0.7714645862579346,-0.031464409083127975
168,0.00018191454000771046,3,0.13724391162395477,-0.23234407603740692,0.7711227536201477,-0.025926776230335236
168,0.000213643565075472,4,0.13650904595851898,-0.23244620859622955,0.7707942128181458,-0.01850496046245098
168,0.0002483456046320498,5,0.13593906164169312,-0.23228874802589417,0.7704864740371704,-0.013307570479810238
168,0.0002368097339058295,6,0.13534370064735413,-0.23261597752571106,0.7704164981842041,-0.0016030475962907076
168,0.00016669092292431742,7,0.1351546347141266,-0.23368792235851288,0.7706297039985657,-0.006610055919736624
168,0.000252667348831892,8,0.1354704201221466,-0.23338446021080017,0.7702456116676331,-0.009847993031144142
169,0.00011502810957608745,1,0.13127401471138,-0.2342674732208252,0.7710515260696411,-0.016096478328108788
169,0.00015669148706365377,2,0.13050377368927002,-0.2338055521249771,0.7705852389335632,-0.011627968400716782
169,0.00011887159780599177,3,0.12967222929000854,-0.23469635844230652,0.7708384394645691,-0.01372440904378891
169,0.00010445399675518274,4,0.12919215857982635,-0.23507581651210785,0.7709265947341919,-0.01806238293647766
169,0.00014025685959495604,5,0.1287081092596054,-0.23536525666713715,0.7705348134040833,-0.016435125842690468
169,0.00017340916383545846,6,0.1285828948020935,-0.23563753068447113,0.7702397704124451,-0.013390956446528435
169,0.00014977256068959832,7,0.12805908918380737,-0.23710307478904724,0.7703640460968018,-0.009772208519279957
169,0.00018818782700691372,8,0.12823224067687988,-0.23751263320446014,0.7701478600502014,-0.014182974584400654
170,0.00012846404570154846,1,0.13873659074306488,-0.2346591204404831,0.7710909247398376,-0.012187764048576355
170,0.00014520769764203578,2,0.1374010443687439,-0.23480111360549927,0.7708451151847839,-0.01839977502822876
170,0.00014280133473221213,3,0.1360406130552292,-0.23517072200775146,0.7708894610404968,-0.014408428221940994
170,0.00014898089284542948,4,0.13484162092208862,-0.2357659488916397,0.7708966135978699,-0.019116686657071114
170,0.00016694590158294886,5,0.13385789096355438,-0.23610034584999084,0.7708571553230286,-0.01685410365462303
170,0.00017700452008284628,6,0.1332089751958847,-0.23675605654716492,0.7708180546760559,-0.019167909398674965
170,0.00015330329188145697,7,0.13296088576316833,-0.23746728897094727,0.7708978652954102,-0.012907607480883598
170,0.00018093835387844592,8,0.1330084651708603,-0.23785632848739624,0.7705584168434143,-0.015192681923508644
171,0.00012067633360857144,1,0.1288435459136963,-0.22854329645633698,0.7713430523872375,-0.007178409956395626
171,0.00013535057951230556,2,0.12889817357063293,-0.22894412279129028,0.7708632349967957,-0.014870712533593178
171,0.00011715728032868356,3,0.12791258096694946,-0.22971750795841217,0.7709503769874573,-0.017158839851617813
171,0.00010850933904293925,4,0.12686631083488464,-0.23055580258369446,0.7711130380630493,-0.018347222357988358
171,0.00010250510968035087,5,0.12623122334480286,-0.23183538019657135,0.7713205218315125,-0.015498973429203033
171,0.0001088854914996773,6,0.12615907192230225,-0.2323608696460724,0.7713775038719177,-0.00861466582864523
171,0.00012228963896632195,7,0.1262359917163849,-0.23282283544540405,0.7713238596916199,-0.01467183418571949
171,0.00011201832967344671,8,0.12660646438598633,-0.23319581151008606,0.7713679671287537,-0.017715584486722946
172,0.00014934629143681377,1,0.13362735509872437,-0.22372998297214508,0.7713081240653992,-0.020968670025467873
172,0.00018933412502519786,2,0.13359394669532776,-0.22354944050312042,0.7706639766693115,-0.008711732923984528
172,0.00014240795280784369,3,0.1325271725654602,-0.22423875331878662,0.770897388458252,-0.005594035144895315
172,9.243055683327839e-05,4,0.13155660033226013,-0.2255702167749405,0.7714770436286926,-0.008711926639080048
172,9.077027789317071e-05,5,0.1310606151819229,-0.22661957144737244,0.7715351581573486,-0.018260257318615913
172,0.00010310005745850503,6,0.13117370009422302,-0.22714965045452118,0.7714138627052307,-0.011578976176679134
172,0.00010190388275077567,7,0.13112978637218475,-0.22775207459926605,0.7714569568634033,-0.012711884453892708
172,7.757915591355413e-05,8,0.13148948550224304,-0.22864587604999542,0.7717682123184204,-0.006027594208717346
173,0.0002315375895705074,1,0.13541877269744873,-0.2283543050289154,0.7706366181373596,-0.010004732757806778
173,0.0002153188397642225,2,0.13358400762081146,-0.2294403612613678,0.7706593871116638,-0.01155051589012146
173,0.00016035641601774842,3,0.13224643468856812,-0.23065997660160065,0.7709851861000061,-0.010780549608170986
173,0.00014899438247084618,4,0.13122107088565826,-0.23192346096038818,0.7710517048835754,-0.015200303867459297
173,0.00015416965470649302,5,0.13078556954860687,-0.23299534618854523,0.7709707021713257,-0.014976046048104763
173,0.00014328213001135737,6,0.13029411435127258,-0.23420771956443787,0.7711109519004822,-0.010692085139453411
173,0.00010716321412473917,7,0.1307927817106247,-0.23547916114330292,0.7713262438774109,-0.011392577551305294
173,8.522946882294491e-05,8,0.13096687197685242,-0.23633205890655518,0.7716384530067444,-0.007324425037950277
174,0.00020954356295987964,1,0.13444896042346954,-0.22231440246105194,0.7706944942474365,-0.005768102593719959
174,0.00019083319057244807,2,0.13336358964443207,-0.2230576127767563,0.7705327272415161,-0.018420131877064705
174,0.00014993816148489714,3,0.13208603858947754,-0.22456233203411102,0.7707907557487488,-0.021918335929512978
174,0.000125846840091981,4,0.13157057762145996,-0.2260497659444809,0.770969033241272,-0.035006288439035416
174,0.00011133646330563352,5,0.13119693100452423,-0.22729715704917908,0.7711947560310364,-0.020273054018616676
174,7.825865031918511e-05,6,0.13130047917366028,-0.22911538183689117,0.7718226313591003,-0.005704330746084452
174,6.906306225573644e-05,7,0.1317000389099121,-0.22970151901245117,0.7721414566040039,0.015511815436184406
174,6.601713539566845e-05,8,0.1321125626564026,-0.23041269183158875,0.7723230719566345,-0.006536482367664576
175,5.592576053459197e-05,1,0.13352032005786896,-0.22442007064819336,0.7715961337089539,-0.005182328168302774
175,5.2761643019039184e-05,2,0.13185521960258484,-0.2245296984910965,0.7713866233825684,-0.01776590384542942
175,5.304431397235021e-05,3,0.13014714419841766,-0.22516867518424988,0.7713024616241455,-0.021373940631747246
175,5.593615787802264e-05,4,0.1289691925048828,-0.2261134386062622,0.7712942361831665,-0.017799939960241318
175,7.063845987431705e-05,5,0.12867720425128937,-0.22663885354995728,0.7709885239601135,-0.01421288214623928
175,6.770856271032244e-05,6,0.12835031747817993,-0.2276647388935089,0.7711828947067261,-0.010137193836271763
175,5.3310086514102295e-05,7,0.12887799739837646,-0.22908106446266174,0.7716972827911377,0.0006815706146880984
175,4.6695011405972764e-05,8,0.12960246205329895,-0.23023515939712524,0.772125780582428,-0.0007496893522329628
176,9.205014066537842e-05,1,0.13564392924308777,-0.22229550778865814,0.7711352705955505,-0.011913924477994442
176,9.90545449894853e-05,2,0.133941650390625,-0.22240270674228668,0.770796000957489,-0.020730720832943916
176,9.059793228516355e-05,3,0.13236601650714874,-0.22322043776512146,0.7708683013916016,-0.024044975638389587
176,0.00011309905676171184,4,0.13147090375423431,-0.2234714776277542,0.7705652117729187,-0.015855884179472923
176,9.431887156097218e-05,5,0.13050833344459534,-0.2248961180448532,0.7708531618118286,-0.015324396081268787
176,7.088212441885844e-05,6,0.1303955316543579,-0.22636981308460236,0.7713321447372437,-0.0033586740028113127
176,9.631535795051605e-05,7,0.13035133481025696,-0.22657324373722076,0.7710714936256409,-0.012447046115994453
176,9.190278797177598e-05,8,0.130450040102005,-0.2277863621711731,0.7711768746376038,-0.014899488538503647
177,0.00016105746908579022,1,0.13349030911922455,-0.21999940276145935,0.771504282951355,-0.013357695192098618
177,0.00016193537157960236,2,0.132319837808609,-0.22066649794578552,0.7714642286300659,-0.018554693087935448
177,0.00015100765449460596,3,0.13159707188606262,-0.22163468599319458,0.7714823484420776,-0.02120368182659149
177,0.00013718447007704526,4,0.12992140650749207,-0.22286354005336761,0.7716739177703857,-0.011825298890471458
177,0.0001010412597679533,5,0.12929672002792358,-0.22416837513446808,0.7720615267753601,-0.01377942692488432
177,0.00014232596731744707,6,0.12917128205299377,-0.22470471262931824,0.7715392708778381,-0.01784771867096424
177,0.00015748040459584445,7,0.1290532946586609,-0.22557255625724792,0.7712088823318481,-0.012782531790435314
177,0.00015339629317168146,8,0.12813282012939453,-0.22662730515003204,0.7711843252182007,-0.01790507137775421
178,0.0001075449472409673,1,0.13295717537403107,-0.227033331990242,0.7719002962112427,-0.012666100636124611
178,0.00010409454262116924,2,0.1318269670009613,-0.22704261541366577,0.7718316316604614,-0.015347123146057129
178,9.158609464066103e-05,3,0.13053080439567566,-0.22733202576637268,0.7720790505409241,-0.015053090639412403
178,8.321703353431076e-05,4,0.12992365658283234,-0.22735504806041718,0.7722092866897583,-0.023885754868388176
178,8.682425686856732e-05,5,0.12920700013637543,-0.2276500016450882,0.7720178961753845,-0.01451446209102869
178,7.845068466849625e-05,6,0.12856362760066986,-0.22836221754550934,0.7719928026199341,-0.011605849489569664
178,8.486969454679638e-05,7,0.12823697924613953,-0.22857032716274261,0.7717488408088684,-0.013706821016967297
178,9.769332245923579e-05,8,0.12841400504112244,-0.22870536148548126,0.7713267803192139,-0.015212595462799072
179,0.00010370241216151044,1,0.12843365967273712,-0.22294053435325623,0.7720312476158142,-0.014234868809580803
179,9.840718848863617e-05,2,0.12755165994167328,-0.22380772233009338,0.7720495462417603,-0.018631163984537125
179,9.853948722593486e-05,3,0.12657104432582855,-0.2247823029756546,0.7719283699989319,-0.021778618916869164
179,0.000116540897579398,4,0.12537312507629395,-0.2254098653793335,0.7714498043060303,-0.018746668472886086
179,7.884803198976442e-05,5,0.12491895258426666,-0.22699899971485138,0.7717623114585876,-0.0111466646194458
179,0.00010725808533607051,6,0.12441922724246979,-0.2273852825164795,0.7710602879524231,-0.01651613600552082
179,9.322946425527334e-05,7,0.12375262379646301,-0.2291814088821411,0.7710984945297241,-0.01047529187053442
179,9.717793727759272e-05,8,0.12378909438848495,-0.23056159913539886,0.7708758115768433,-0.013186880387365818
180,0.00031045477953739464,1,0.1313602328300476,-0.22303088009357452,0.7704596519470215,-0.004417752381414175
180,0.00026229408103972673,2,0.13032203912734985,-0.22353844344615936,0.7704651951789856,-0.024400783702731133
180,0.00021928329078946263,3,0.129503533244133,-0.22445762157440186,0.7705731391906738,-0.030676720663905144
180,0.00019430465181358159,4,0.1290275603532791,-0.22538499534130096,0.7705739736557007,-0.034584831446409225
180,0.00018353134510107338,5,0.1286400407552719,-0.22631457448005676,0.7704979181289673,-0.03335481137037277
180,0.00017511093756183982,6,0.12836991250514984,-0.22739481925964355,0.7704076170921326,-0.03149215131998062
180,0.0001547477295389399,7,0.12788958847522736,-0.22875556349754333,0.770484983921051,-0.023063641041517258
180,0.0001126762290368788,8,0.12826387584209442,-0.2297709733247757,0.7707681655883789,-0.012898015789687634
181,0.00011475355131551623,1,0.13157397508621216,-0.22612376511096954,0.7713623642921448,-0.022148074582219124
181,0.00011997311230516061,2,0.13029642403125763,-0.2263982594013214,0.7710351347923279,-0.026049477979540825
181,0.00012657024490181357,3,0.12913893163204193,-0.22682346403598785,0.7705810070037842,-0.016622690483927727
181,9.358521492686123e-05,4,0.127218559384346,-0.2282515913248062,0.770849883556366,-0.006213166750967503
181,0.00010774459224194288,5,0.12614445388317108,-0.2292255014181137,0.7705874443054199,-0.011697136797010899
181,0.00012989687093067914,6,0.12522955238819122,-0.2302148938179016,0.770305871963501,-0.012711768969893456
181,9.116557339439169e-05,7,0.12510626018047333,-0.23241975903511047,0.7706285715103149,-0.012679209932684898
181,8.890085155144334e-05,8,0.12581440806388855,-0.23309801518917084,0.7705993056297302,-0.01073941495269537
182,0.0001498829951742664,1,0.1326102316379547,-0.2204025238752365,0.7710666060447693,-0.02197985351085663
182,0.00013160781236365438,2,0.13128314912319183,-0.22117237746715546,0.7712509036064148,-0.018703950569033623
182,0.0001571115863043815,3,0.1299426406621933,-0.2215806394815445,0.7707309126853943,-0.02124260738492012
182,0.000142003467772156,4,0.1291542947292328,-0.22242988646030426,0.7704498767852783,-0.002345774555578828
182,9.962148033082485e-05,5,0.12859401106834412,-0.22346527874469757,0.7706058025360107,-0.007852382957935333
182,9.496043639956042e-05,6,0.12742894887924194,-0.2252492606639862,0.770714521408081,-0.01382391806691885
182,0.0001383328199153766,7,0.12744446098804474,-0.225436270236969,0.7701618671417236,-0.016146307811141014
182,0.00014823343371972442,8,0.12682616710662842,-0.2261589765548706,0.7700933218002319,-0.018293017521500587
183,0.0002827243588399142,1,0.126928448677063,-0.2193305492401123,0.7701107859611511,-0.010725190863013268
183,0.0002799743670038879,2,0.1254914402961731,-0.21935081481933594,0.7700091600418091,-0.013187452219426632
183,0.00028389907674863935,3,0.12398280203342438,-0.2199181765317917,0.7698996067047119,-0.014890104532241821
183,0.00017718080198392272,4,0.12311576306819916,-0.2210894525051117,0.7704111933708191,-0.01274675503373146
183,0.00012833635264541954,5,0.12256092578172684,-0.2225152552127838,0.7708859443664551,-0.00876646302640438
183,0.0001938309578690678,6,0.12232586741447449,-0.22290240228176117,0.7704208493232727,-0.01854914426803589
183,0.0002558885607868433,7,0.12241769582033157,-0.2232770174741745,0.770074188709259,-0.017094939947128296
183,0.00025120380450971425,8,0.12152711302042007,-0.22426718473434448,0.7701289057731628,-0.014446896500885487
184,0.00010829629900399595,1,0.12813259661197662,-0.21765530109405518,0.7709723711013794,-0.009433861821889877
184,0.00010224230936728418,2,0.12650750577449799,-0.21780550479888916,0.7707405686378479,-0.007005438674241304
184,8.22036963654682e-05,3,0.12522009015083313,-0.21915896236896515,0.7709594368934631,-0.012114735320210457
184,5.9223395510343835e-05,4,0.12494513392448425,-0.22105377912521362,0.7715345621109009,-0.0025276492815464735
184,7.93303333921358e-05,5,0.1246056854724884,-0.22155000269412994,0.7710129022598267,-0.015910692512989044
184,7.711146463407204e-05,6,0.1242990493774414,-0.22281230986118317,0.7709845900535583,-0.017946882173419
184,7.256292155943811e-05,7,0.12406457960605621,-0.2242039144039154,0.7711772918701172,-0.013916856609284878
184,8.343905210494995e-05,8,0.12424971163272858,-0.2250245064496994,0.7710655331611633,-0.022011494264006615
185,6.457878043875098e-05,1,0.1326187700033188,-0.21120427548885345,0.7722111344337463,-0.011144834570586681
185,4.9994610890280455e-05,2,0.13157184422016144,-0.21192167699337006,0.7726086378097534,-0.009768366813659668
185,4.6934659621911123e-05,3,0.13030609488487244,-0.212962806224823,0.7727531790733337,-0.014358500018715858
185,4.6096480218693614e-05,4,0.12952129542827606,-0.21391333639621735,0.7727537155151367,-0.01846080832183361
185,4.220147093292326e-05,5,0.12870043516159058,-0.2152489274740219,0.7730192542076111,-0.013618316501379013
185,4.342044849181548e-05,6,0.12828278541564941,-0.2159934788942337,0.77298504114151,-0.01709318533539772
185,4.323163375374861e-05,7,0.1279822140932083,-0.21681560575962067,0.7729560136795044,-0.01642587035894394
185,4.6488137741107494e-05,8,0.12759184837341309,-0.21720750629901886,0.7727635502815247,-0.018080802634358406
186,7.6894553785678e-05,1,0.13548263907432556,-0.2142869383096695,0.7718400359153748,-0.0097171850502491
186,7.333752728300169e-05,2,0.13419422507286072,-0.21524760127067566,0.771714985370636,-0.013604317791759968
186,6.853316153865308e-05,3,0.13287658989429474,-0.21658621728420258,0.7717954516410828,-0.015353099443018436
186,6.557047163369134e-05,4,0.13219980895519257,-0.21797335147857666,0.7718133330345154,-0.021073734387755394
186,7.209521572804078e-05,5,0.13160502910614014,-0.21859633922576904,0.771651566028595,-0.007521136198192835
186,6.862595910206437e-05,6,0.1311992108821869,-0.21975326538085938,0.7716546654701233,-0.02097398042678833
186,6.702350219711661e-05,7,0.1306392401456833,-0.22060340642929077,0.7717615962028503,-0.014195968396961689
186,8.153650560416281e-05,8,0.1303548365831375,-0.2208968549966812,0.7714481353759766,-0.016546841710805893
187,9.068341023521498e-05,1,0.1294940710067749,-0.21774418652057648,0.7705923914909363,-0.01896088756620884
187,9.508720540907234e-05,2,0.1274772435426712,-0.2179030179977417,0.7702231407165527,-0.005921170115470886
187,8.770533167989925e-05,3,0.1259002834558487,-0.21870842576026917,0.7701452970504761,-0.012775423936545849
187,0.00010557765199337155,4,0.12443193793296814,-0.21931782364845276,0.7696458101272583,-0.01733182743191719
187,0.00010192633635597304,5,0.12270265817642212,-0.2207004427909851,0.7697254419326782,-0.019098926335573196
187,9.615934686735272e-05,6,0.12207473814487457,-0.222801074385643,0.7700095176696777,-0.012938066385686398
187,9.722558024805039e-05,7,0.12257581949234009,-0.2245928943157196,0.7701491117477417,-0.022749023512005806
187,0.0001171600742964074,8,0.12294848263263702,-0.22494493424892426,0.7700302600860596,-0.0030662298668175936
188,0.00014382365043275058,1,0.1372540295124054,-0.21505208313465118,0.7705503106117249,-0.01221997570246458
188,0.00012656228500418365,2,0.13613279163837433,-0.21602658927440643,0.770487904548645,-0.018161341547966003
188,0.0001285744656343013,3,0.1351141631603241,-0.21697652339935303,0.7702230215072632,-0.024252137169241905
188,0.00011847484711324796,4,0.13358211517333984,-0.21860286593437195,0.7702608108520508,-0.022126680240035057
188,0.00010594475315883756,5,0.1326601505279541,-0.22027628123760223,0.7704719305038452,-0.03171047940850258
188,0.00010030704288510606,6,0.1321617066860199,-0.22134441137313843,0.7707099914550781,0.0015027718618512154
188,0.00010732816735981032,7,0.13217908143997192,-0.2218872606754303,0.7707229256629944,0.006074659526348114
188,0.00011376784095773473,8,0.13221026957035065,-0.22259600460529327,0.7706475257873535,-0.010335680097341537
189,8.003898983588442e-05,1,0.1320675015449524,-0.20830386877059937,0.7708141207695007,-0.009646311402320862
189,8.831344894133508e-05,2,0.13051846623420715,-0.20900197327136993,0.7705076932907104,-0.014150419272482395
189,0.00010114247561432421,3,0.12895549833774567,-0.2099062204360962,0.7701722383499146,-0.017638247460126877
189,7.19677991583012e-05,4,0.12738846242427826,-0.21162447333335876,0.7707703113555908,-0.022550014778971672
189,9.579426114214584e-05,5,0.12598083913326263,-0.21241840720176697,0.7705474495887756,-0.012762892991304398
189,0.00011217675637453794,6,0.12500055134296417,-0.21373817324638367,0.7704677581787109,-0.019457155838608742
189,0.00013245976879261434,7,0.12458658963441849,-0.2146674245595932,0.7702999711036682,-0.018987320363521576
189,0.00012646046525333077,8,0.12401309609413147,-0.21628406643867493,0.7703871130943298,-0.010800153948366642
190,5.8298330259276554e-05,1,0.13776206970214844,-0.21679657697677612,0.7713848352432251,-0.022267473861575127
190,6.514019332826138e-05,2,0.13619089126586914,-0.2170458734035492,0.7712522149085999,-0.0309294443577528
190,6.0578397096833214e-05,3,0.13471713662147522,-0.217838853597641,0.7714253664016724,-0.02829381637275219
190,7.28733793948777e-05,4,0.1330086886882782,-0.2181858867406845,0.7710126042366028,-0.027855105698108673
190,8.821093069855124e-05,5,0.13165944814682007,-0.2185431718826294,0.7704969048500061,-0.01572459377348423
190,6.666036642855033e-05,6,0.1310005784034729,-0.2199208289384842,0.7706338763237,-0.0027898389380425215
190,0.00012068347132299095,7,0.13044941425323486,-0.2199426293373108,0.7700188159942627,0.0014619948342442513
190,0.00017550995107740164,8,0.12981104850769043,-0.22121679782867432,0.7701709866523743,-0.016758279874920845
191,7.42404445190914e-05,1,0.1347992867231369,-0.21382784843444824,0.771181046962738,-0.016060613095760345
191,7.37878872314468e-05,2,0.1335175633430481,-0.21500279009342194,0.7712399363517761,-0.02518371492624283
191,7.491156429750845e-05,3,0.13232344388961792,-0.21590517461299896,0.7711433172225952,-0.024509690701961517
191,7.174495840445161e-05,4,0.13114038109779358,-0.21677272021770477,0.7711233496665955,-0.020158274099230766
191,7.310919318115339e-05,5,0.1298997402191162,-0.21723054349422455,0.7711338400840759,-0.0020679112058132887
191,8.010763122001663e-05,6,0.1290113627910614,-0.21757660806179047,0.7709383964538574,-0.018278170377016068
191,8.228440128732473e-05,7,0.12813203036785126,-0.21818484365940094,0.7708406448364258,-0.01805807836353779
191,6.503424083348364e-05,8,0.12818267941474915,-0.21950866281986237,0.7711944580078125,-0.01160935778170824
192,4.1172683268086985e-05,1,0.14082127809524536,-0.211395725607872,0.7725443840026855,-0.014191423542797565
192,4.629621980711818e-05,2,0.13931849598884583,-0.2122558206319809,0.7724155783653259,-0.020450053736567497
192,5.2751634939340875e-05,3,0.13755491375923157,-0.21312196552753448,0.7722696661949158,-0.025793178007006645
192,5.6591325119370595e-05,4,0.1362600475549698,-0.21416491270065308,0.7718905210494995,-0.0175840612500906
192,4.465773236006498e-05,5,0.13577988743782043,-0.21550871431827545,0.77188640832901,-0.014021405950188637
192,4.020358028355986e-05,6,0.13451766967773438,-0.21758657693862915,0.7719228267669678,-0.012168247252702713
192,3.445911715971306e-05,7,0.13475871086120605,-0.21943126618862152,0.7719739079475403,-0.012204394675791264
192,4.708542110165581e-05,8,0.1347731351852417,-0.21988090872764587,0.7711625099182129,-0.016226379200816154
193,3.155404556309804e-05,1,0.13511690497398376,-0.20980225503444672,0.7725563645362854,-0.010604478418827057
193,3.511321483529173e-05,2,0.13312005996704102,-0.20990803837776184,0.77217036485672,-0.0164689552038908
193,3.9765956898918375e-05,3,0.13084673881530762,-0.21045662462711334,0.7719357013702393,-0.017824707552790642
193,4.442182762431912e-05,4,0.12896649539470673,-0.2111406773328781,0.771569550037384,-0.01802513189613819
193,4.451703352970071e-05,5,0.12735003232955933,-0.21226710081100464,0.7715329527854919,-0.01227830071002245
193,4.60811861557886e-05,6,0.12626510858535767,-0.21357175707817078,0.77142333984375,-0.01581799052655697
193,4.7064011596376076e-05,7,0.12558721005916595,-0.21494200825691223,0.7713670134544373,-0.01607520692050457
193,4.829104000236839e-05,8,0.12530839443206787,-0.2162887454032898,0.7713860273361206,-0.013311095535755157
194,5.408499782788567e-05,1,0.13725444674491882,-0.20916980504989624,0.7721492052078247,-0.010752742178738117
194,4.7650784836150706e-05,2,0.13579247891902924,-0.2099500447511673,0.7721862196922302,-0.0069762179628014565
194,5.684429197572172e-05,3,0.134878471493721,-0.21004214882850647,0.7715594172477722,-0.017845312133431435
194,4.756774433190003e-05,4,0.13337546586990356,-0.21143923699855804,0.7717194557189941,-0.008483241312205791
194,4.9182064685737714e-05,5,0.1321529597043991,-0.21254479885101318,0.7716571688652039,-0.017171252518892288
194,5.393650644691661e-05,6,0.13135530054569244,-0.2136467844247818,0.7714929580688477,-0.019324371591210365
194,5.361394505598582e-05,7,0.13120059669017792,-0.215134397149086,0.7715451121330261,-0.011295409873127937
194,4.552927930490114e-05,8,0.13191065192222595,-0.2166733741760254,0.7718918919563293,-0.0056238132528960705
195,6.522255716845393e-05,1,0.13351035118103027,-0.21071362495422363,0.771264374256134,-0.004567022901028395
195,7.420908514177427e-05,2,0.13072791695594788,-0.21078111231327057,0.7707251310348511,-0.018802398815751076
195,7.419734174618497e-05,3,0.127902552485466,-0.21165426075458527,0.7706458568572998,-0.022245725616812706
195,7.960222865222022e-05,4,0.1255236268043518,-0.2127438336610794,0.770527720451355,-0.025981668382883072
195,8.384502871194854e-05,5,0.12393482029438019,-0.2139807939529419,0.770513653755188,-0.01713460311293602
195,8.931500633480027e-05,6,0.12311810255050659,-0.21509189903736115,0.7705422639846802,-0.009728284552693367
195,7.219118560897186e-05,7,0.1234203577041626,-0.21687495708465576,0.7710255980491638,-0.005129650235176086
195,8.301840716740116e-05,8,0.12350218743085861,-0.21779651939868927,0.7709273099899292,-0.014435525052249432
196,3.362672941875644e-05,1,0.1372559666633606,-0.21444295346736908,0.7725040316581726,-0.016117872670292854
196,3.834876770270057e-05,2,0.1352311670780182,-0.21471109986305237,0.7720179557800293,-0.01631462387740612
196,3.7131885619601235e-05,3,0.13304968178272247,-0.21642576158046722,0.771826982498169,-0.0290934219956398
196,4.458033436094411e-05,4,0.13138356804847717,-0.21707166731357574,0.7714421153068542,-0.014001820236444473
196,4.27330014645122e-05,5,0.13010165095329285,-0.2188863754272461,0.7714374661445618,-0.02296578697860241
196,4.0325070585822687e-05,6,0.1294184774160385,-0.22076153755187988,0.7715531587600708,-0.020271986722946167
196,4.664725565817207e-05,7,0.12904410064220428,-0.2212742120027542,0.7713807821273804,-0.005800606217235327
196,3.9170416130218655e-05,8,0.12955468893051147,-0.22263798117637634,0.7717570662498474,-0.008376232348382473
197,7.329718209803104e-05,1,0.13465790450572968,-0.21664416790008545,0.7719476819038391,-0.006717851385474205
197,6.919100997038186e-05,2,0.1329079419374466,-0.21710067987442017,0.7717830538749695,-0.022212332114577293
197,7.56805602577515e-05,3,0.13103273510932922,-0.21753041446208954,0.7715383172035217,-0.011885756626725197
197,9.108962694881484e-05,4,0.12910759449005127,-0.21842630207538605,0.7711976170539856,-0.01524571143090725
197,9.868430788628757e-05,5,0.12794043123722076,-0.21960663795471191,0.7709699273109436,-0.020962918177247047
197,6.965974171180278e-05,6,0.12702952325344086,-0.2213457077741623,0.7713393568992615,-0.019679781049489975
197,7.187801384134218e-05,7,0.1267697811126709,-0.22190023958683014,0.7712834477424622,-0.010506125167012215
197,0.00011157379776705056,8,0.12586048245429993,-0.222590833902359,0.7708004713058472,-0.01387073379009962
198,3.7154452002141625e-05,1,0.1329323798418045,-0.21804659068584442,0.7725146412849426,-0.02559167519211769
198,4.071204239153303e-05,2,0.13149990141391754,-0.2176092565059662,0.7722476720809937,-0.028173116967082024
198,4.6049295633565634e-05,3,0.12975865602493286,-0.2177739441394806,0.7719220519065857,-0.031177885830402374
198,5.099004920339212e-05,4,0.12848185002803802,-0.2185305953025818,0.7715622782707214,-0.023414211347699165
198,6.034166653989814e-05,5,0.1273937076330185,-0.21942222118377686,0.7711238265037537,-0.01140811201184988
198,6.899308937136084e-05,6,0.1268817037343979,-0.22058984637260437,0.7707492113113403,0.0016023662174120545
198,8.010725287022069e-05,7,0.12655483186244965,-0.22187699377536774,0.7704504728317261,-0.0009995924774557352
198,0.00014253157132770866,8,0.12731000781059265,-0.2221788763999939,0.7701573967933655,-0.007563371676951647
199,6.429918721551076e-05,1,0.13371843099594116,-0.21195994317531586,0.7711326479911804,-0.02152310311794281
199,6.178855983307585e-05,2,0.13149134814739227,-0.21190987527370453,0.7709375023841858,-0.023385724052786827
199,6.561644840985537e-05,3,0.1292572170495987,-0.21236591041088104,0.770789384841919,-0.023941194638609886
199,6.36384793324396e-05,4,0.12759779393672943,-0.21344459056854248,0.7709066271781921,-0.02009836956858635
199,6.136864249128848e-05,5,0.12660133838653564,-0.21492263674736023,0.7710834741592407,-0.018562113866209984
199,6.675636541331187e-05,6,0.1257590800523758,-0.21633870899677277,0.771113932132721,-0.018719054758548737
199,6.017330088070594e-05,7,0.12632909417152405,-0.21786151826381683,0.7714648246765137,-0.004133196547627449
199,5.807565321447328e-05,8,0.12669947743415833,-0.2192246913909912,0.7716599106788635,-0.008998646400868893
200,7.796889258315787e-05,1,0.13482332229614258,-0.21739651262760162,0.7710088491439819,-0.021244945004582405
200,6.82827303535305e-05,2,0.13327836990356445,-0.21804280579090118,0.7710694670677185,-0.023046310991048813
200,6.690440932288766e-05,3,0.13157090544700623,-0.2189461886882782,0.7711001038551331,-0.02328253723680973
200,7.320191070903093e-05,4,0.13022029399871826,-0.2197662591934204,0.7710151672363281,-0.023059789091348648
200,7.161877147154883e-05,5,0.12925106287002563,-0.22108086943626404,0.7711633443832397,-0.019749483093619347
200,6.277499778661877e-05,6,0.1293284147977829,-0.22245267033576965,0.771458089351654,-0.011916953139007092
200,5.557869008043781e-05,7,0.12948109209537506,-0.2237912267446518,0.7717288732528687,-0.012026197277009487
200,5.762185901403427e-05,8,0.1297561526298523,-0.22414711117744446,0.7717357277870178,-0.005419804714620113
201,8.689863898325711e-05,1,0.12683486938476562,-0.2117931842803955,0.7698035836219788,-0.019539643079042435
201,8.425812848145142e-05,2,0.1246541440486908,-0.2123933881521225,0.7698142528533936,-0.019074242562055588
201,0.0001148486917372793,3,0.12185017764568329,-0.2126903533935547,0.7693936824798584,-0.016372626647353172
201,0.00012340376270003617,4,0.11994175612926483,-0.21378670632839203,0.7694551348686218,-0.012077604420483112
201,0.00011374441237421706,5,0.11949992179870605,-0.21482042968273163,0.7698178291320801,-0.012343891896307468
201,0.00013426539953798056,6,0.11920081079006195,-0.2152564972639084,0.7695751786231995,-0.018639734014868736
201,0.00019550368597265333,7,0.11795040965080261,-0.21555843949317932,0.7691280245780945,-0.015374173410236835
201,0.00013784087786916643,8,0.11759490519762039,-0.2174023687839508,0.769538402557373,-0.008388768881559372
202,4.015319427708164e-05,1,0.13045357167720795,-0.21794819831848145,0.771430253982544,-0.012752187438309193
202,4.9296635552309453e-05,2,0.1284906417131424,-0.2177557647228241,0.7710993885993958,-0.013972241431474686
202,5.19524110131897e-05,3,0.12689323723316193,-0.21839314699172974,0.7710748314857483,-0.016250357031822205
202,4.9544298235559836e-05,4,0.12614110112190247,-0.2190534919500351,0.7713003158569336,-0.022224850952625275
202,5.3755295084556565e-05,5,0.12559226155281067,-0.21937662363052368,0.7710628509521484,-0.02031058259308338
202,6.674203905276954e-05,6,0.12429507076740265,-0.21969234943389893,0.7705854773521423,-0.012387434020638466
202,5.298597170622088e-05,7,0.12383340299129486,-0.2212221473455429,0.770887017250061,-0.009637782350182533
202,4.768610597238876e-05,8,0.12387146800756454,-0.2225198745727539,0.7710443139076233,-0.011101905256509781
203,8.478944801026955e-05,1,0.13615217804908752,-0.20908154547214508,0.7710975408554077,-0.03244347870349884
203,9.540154132992029e-05,2,0.13452202081680298,-0.2089771330356598,0.7705250978469849,-0.0395047701895237
203,9.490286174695939e-05,3,0.13207101821899414,-0.2095920741558075,0.7703678607940674,-0.036394644528627396
203,9.59611134021543e-05,4,0.1300114393234253,-0.21050097048282623,0.7704065442085266,-0.015869883820414543
203,7.698097761021927e-05,5,0.12924379110336304,-0.2118396908044815,0.7709147334098816,0.0024331812746822834
203,7.334060501307249e-05,6,0.12872827053070068,-0.21275916695594788,0.7712004780769348,0.008235875517129898
203,7.164677663240582e-05,7,0.12837937474250793,-0.2139349728822708,0.771446943283081,-0.006073662545531988
203,7.470240234397352e-05,8,0.12823781371116638,-0.21479757130146027,0.7715571522712708,-0.00879711750894785
204,5.365414472180419e-05,1,0.13676397502422333,-0.2135450690984726,0.771336555480957,-0.020790699869394302
204,5.463859997689724e-05,2,0.13555431365966797,-0.21354055404663086,0.7713090777397156,-0.03290664777159691
204,6.630078860325739e-05,3,0.13354860246181488,-0.2135877013206482,0.7710763812065125,-0.03393488749861717
204,8.823087409837171e-05,4,0.13188327848911285,-0.2137647420167923,0.7705186605453491,-0.024042455479502678
204,0.0001349876110907644,5,0.13040977716445923,-0.21383175253868103,0.7698694467544556,-0.007980672642588615
204,0.0001786713837645948,6,0.12960806488990784,-0.21475426852703094,0.7697060704231262,-0.003863948630169034
204,0.0003503592452034354,7,0.1288537085056305,-0.21499742567539215,0.7703735828399658,-0.007557787001132965
204,0.0004968508146703243,8,0.1278574913740158,-0.2171235978603363,0.772124707698822,-0.01447434350848198
205,4.1175233491230756e-05,1,0.13614432513713837,-0.21354450285434723,0.7720012664794922,-0.01722249574959278
205,4.4491396693047136e-05,2,0.13433235883712769,-0.21438764035701752,0.7718696594238281,-0.03495363891124725
205,4.108361099497415e-05,3,0.13333676755428314,-0.21551333367824554,0.7721055150032043,-0.025421828031539917
205,3.79620905732736e-05,4,0.132423534989357,-0.21670132875442505,0.7724009156227112,-0.010523291304707527
205,4.451142740435898e-05,5,0.13100303709506989,-0.21704496443271637,0.7723027467727661,0.0012460857396945357
205,5.101825809106231e-05,6,0.12996850907802582,-0.21741551160812378,0.7721202373504639,-0.007747993804514408
205,5.697394590242766e-05,7,0.1290040761232376,-0.21786902844905853,0.7719653844833374,-0.016200866550207138
205,4.86779426864814e-05,8,0.1288595348596573,-0.2190919667482376,0.7722932696342468,-0.013152703642845154
206,3.849514541798271e-05,1,0.13948959112167358,-0.21074119210243225,0.7730247974395752,-0.035707466304302216
206,4.123468534089625e-05,2,0.1385556012392044,-0.21154972910881042,0.7729189991950989,-0.023914141580462456
206,4.501788498600945e-05,3,0.13716468214988708,-0.2123013138771057,0.7727709412574768,-0.03706378862261772
206,4.962690582033247e-05,4,0.1357906460762024,-0.21308864653110504,0.7725210785865784,-0.04276466369628906
206,4.770898522110656e-05,5,0.13514895737171173,-0.21426540613174438,0.7721577882766724,-0.0014536380767822266
206,3.953224586439319e-05,6,0.1348043978214264,-0.21555858850479126,0.7720509171485901,0.00955081544816494
206,4.146508945268579e-05,7,0.1342729926109314,-0.2168065756559372,0.7715761065483093,0.004129094537347555
206,5.220888488111086e-05,8,0.13439883291721344,-0.21734674274921417,0.7708784341812134,-0.008217530325055122
207,7.659851689822972e-05,1,0.1340545415878296,-0.20520448684692383,0.7712327241897583,-0.01985105499625206
207,7.295361865544692e-05,2,0.13205672800540924,-0.20572826266288757,0.7711718678474426,-0.017599008977413177
207,8.687328227097169e-05,3,0.1291763037443161,-0.2060628980398178,0.7706739902496338,-0.015602714382112026
207,8.088436879916117e-05,4,0.1271926462650299,-0.20714357495307922,0.7705654501914978,-0.01489741075783968
207,7.365178316831589e-05,5,0.12554939091205597,-0.20869989693164825,0.7706745862960815,-0.01725882664322853
207,7.084658136591315e-05,6,0.12480108439922333,-0.21019481122493744,0.7707307934761047,-0.017296137288212776
207,8.365423855138943e-05,7,0.12388031929731369,-0.21071474254131317,0.7704126834869385,-0.014473051764070988
207,8.6447864305228e-05,8,0.12316820025444031,-0.21188104152679443,0.7703891396522522,-0.018448220565915108
208,4.810415703104809e-05,1,0.1356462836265564,-0.212917760014534,0.7722523212432861,-0.014948361553251743
208,5.415399937191978e-05,2,0.13339842855930328,-0.21297769248485565,0.7719078063964844,-0.012689264491200447
208,5.5720171076245606e-05,3,0.1314941942691803,-0.21369704604148865,0.771708071231842,-0.018906056880950928
208,5.247092485660687e-05,4,0.1298389434814453,-0.2152750939130783,0.7718542218208313,-0.019384507089853287
208,5.478781895362772e-05,5,0.12891778349876404,-0.21669381856918335,0.7718303203582764,-0.016409212723374367
208,6.547350494656712e-05,6,0.12848499417304993,-0.21742789447307587,0.7714909315109253,-0.019887389615178108
208,6.255097105167806e-05,7,0.12822774052619934,-0.21894513070583344,0.7715031504631042,-0.01615191623568535
208,6.843036680947989e-05,8,0.1278972029685974,-0.21983939409255981,0.7713735103607178,-0.019917888566851616
209,0.00010586497955955565,1,0.1356886923313141,-0.21069560945034027,0.770818293094635,-0.011816035956144333
209,8.867437281878665e-05,2,0.13399861752986908,-0.21118372678756714,0.7710188627243042,-0.01771392486989498
209,7.674554944969714e-05,3,0.132330060005188,-0.21234866976737976,0.7713614702224731,-0.018493253737688065
209,7.504355016862974e-05,4,0.13095837831497192,-0.2136029154062271,0.7715636491775513,-0.02213618904352188
209,7.762703171465546e-05,5,0.1303642839193344,-0.214486226439476,0.7714343667030334,-0.017476771026849747
209,7.581830868730322e-05,6,0.12932804226875305,-0.215534970164299,0.7716107368469238,-0.019161805510520935
209,8.690452523296699e-05,7,0.12908321619033813,-0.21595920622348785,0.771218478679657,-0.018244095146656036
209,9.52555492403917e-05,8,0.1284809410572052,-0.21637336909770966,0.7708426713943481,-0.015017629601061344
210,4.83571675431449e-05,1,0.13513530790805817,-0.2129082977771759,0.7711777687072754,-0.010724330320954323
210,4.704834645963274e-05,2,0.133865624666214,-0.2130194902420044,0.7713117599487305,-0.014048499055206776
210,4.957638884661719e-05,3,0.13266150653362274,-0.21329458057880402,0.7713404297828674,-0.020011229440569878
210,4.89885060233064e-05,4,0.13164007663726807,-0.21431386470794678,0.7715016603469849,-0.014776887372136116
210,5.380298898671754e-05,5,0.13085207343101501,-0.21489311754703522,0.7714272141456604,-0.020156193524599075
210,5.806834087707102e-05,6,0.13035261631011963,-0.21543197333812714,0.7712907791137695,-0.01659003458917141
210,6.820046837674454e-05,7,0.12982946634292603,-0.2156033217906952,0.7709636092185974,-0.01533366646617651
210,6.432720692828298e-05,8,0.12907053530216217,-0.21705865859985352,0.7710167169570923,-0.01129569299519062
211,3.737067891051993e-05,1,0.13441161811351776,-0.2099425345659256,0.7720866799354553,-0.005967371631413698
211,4.2112824303330854e-05,2,0.1316414475440979,-0.21006041765213013,0.7716601490974426,-0.013906372711062431
211,3.655612817965448e-05,3,0.12992891669273376,-0.21171656250953674,0.7718898057937622,-0.015452614054083824
211,4.452450230019167e-05,4,0.12783090770244598,-0.21244880557060242,0.7714678049087524,-0.021333079785108566
211,5.266558218863793e-05,5,0.1260271817445755,-0.213285893201828,0.7711418867111206,-0.023797696456313133
211,4.51744235760998e-05,6,0.12549957633018494,-0.21534201502799988,0.7713851928710938,-0.012094959616661072
211,5.880026947124861e-05,7,0.12418419122695923,-0.21616493165493011,0.7708339691162109,-0.01301518827676773
211,7.976522465469316e-05,8,0.12376798689365387,-0.21659474074840546,0.7702918648719788,-0.01286893617361784
212,3.815106538240798e-05,1,0.13929809629917145,-0.21254363656044006,0.7719433903694153,-0.0062946840189397335
212,3.6571258533513173e-05,2,0.13772746920585632,-0.21273110806941986,0.7718086242675781,-0.018246328458189964
212,3.6536817788146436e-05,3,0.13616181910037994,-0.21357087790966034,0.7715431451797485,-0.04439704492688179
212,3.772160562220961e-05,4,0.13431808352470398,-0.2147125005722046,0.771350622177124,-0.03958941251039505
212,4.063102096552029e-05,5,0.13249756395816803,-0.21584874391555786,0.7712137699127197,-0.0122139947488904
212,4.523981988313608e-05,6,0.13170219957828522,-0.21676474809646606,0.771069347858429,-0.016265207901597023
212,4.526329576037824e-05,7,0.1310427188873291,-0.21803967654705048,0.7711991667747498,-0.013047178275883198
212,4.5070890337228775e-05,8,0.13158641755580902,-0.21906597912311554,0.7710102200508118,-0.030706217512488365
213,8.236958092311397e-05,1,0.13447898626327515,-0.21297292411327362,0.7706724405288696,-0.01548320148140192
213,6.864860915811732e-05,2,0.13155736029148102,-0.21379096806049347,0.7706117630004883,-0.019972948357462883
213,7.057254697429016e-05,3,0.12874117493629456,-0.21495896577835083,0.7703607082366943,-0.024661239236593246
213,8.728182001505047e-05,4,0.1264047920703888,-0.2157207876443863,0.7699912190437317,-0.01743979938328266
213,6.727541040163487e-05,5,0.1251792460680008,-0.21763195097446442,0.7705955505371094,-0.017902126535773277
213,8.249920210801065e-05,6,0.12413354963064194,-0.21897099912166595,0.7704906463623047,-0.018322670832276344
213,9.305075946031138e-05,7,0.12388172745704651,-0.22042959928512573,0.7704399824142456,-0.021033156663179398
213,0.00010610834578983486,8,0.1239006295800209,-0.22117674350738525,0.7704313397407532,-0.0031966925598680973
214,4.034814628539607e-05,1,0.13443011045455933,-0.21275141835212708,0.7714197635650635,-0.01556670293211937
214,3.963405470130965e-05,2,0.13216039538383484,-0.21326753497123718,0.7712528109550476,-0.017663709819316864
214,4.194256689515896e-05,3,0.13008426129817963,-0.21420074999332428,0.7711223363876343,-0.01877441629767418
214,4.4304302718956023e-05,4,0.12841470539569855,-0.21531502902507782,0.7711463570594788,-0.020030364394187927
214,4.8585745389573276e-05,5,0.1273641586303711,-0.2165619134902954,0.7711246013641357,-0.0175302866846323
214,5.1450697355903685e-05,6,0.1267291158437729,-0.21792887151241302,0.7711190581321716,-0.020393185317516327
214,5.422810136224143e-05,7,0.1264190524816513,-0.21898657083511353,0.7711221575737,-0.00897856242954731
214,5.1232727855676785e-05,8,0.12647219002246857,-0.21989472210407257,0.7713108658790588,-0.01075423788279295
215,6.29108544671908e-05,1,0.13842695951461792,-0.21507059037685394,0.7714219093322754,-0.00916745513677597
215,7.423647912219167e-05,2,0.13644039630889893,-0.21497491002082825,0.7709988951683044,-0.015990125015378
215,7.266082684509456e-05,3,0.13376998901367188,-0.21588709950447083,0.7710295915603638,-0.01652432605624199
215,9.25891799852252e-05,4,0.1321839690208435,-0.21673154830932617,0.7705826163291931,-0.020284708589315414
215,8.368719136342406e-05,5,0.13008292019367218,-0.21871064603328705,0.7706605792045593,-0.013131405226886272
215,9.462281741434708e-05,6,0.12916076183319092,-0.21961282193660736,0.7705767750740051,-0.018810035660862923
215,8.054939098656178e-05,7,0.12934918701648712,-0.22134923934936523,0.7706614136695862,-0.012944985181093216
215,0.00011404851829865947,8,0.12828630208969116,-0.22200220823287964,0.7702856659889221,-0.014997056685388088
216,3.572118657757528e-05,1,0.13290512561798096,-0.2174869179725647,0.7716143131256104,-0.011494426988065243
216,3.7130044802324846e-05,2,0.13138794898986816,-0.2173357903957367,0.7715436816215515,-0.014879193156957626
216,3.7851041270187125e-05,3,0.1301172971725464,-0.21791261434555054,0.77155601978302,-0.019152861088514328
216,4.035157326143235e-05,4,0.12896986305713654,-0.21823404729366302,0.7715884447097778,-0.012780009768903255
216,4.576530045596883e-05,5,0.12788818776607513,-0.21861274540424347,0.7714616060256958,-0.017228174954652786
216,3.854742317344062e-05,6,0.12767763435840607,-0.22000283002853394,0.7717698216438293,-0.013872997835278511
216,4.675636955653317e-05,7,0.1271446943283081,-0.2203158736228943,0.7714423537254333,-0.014786426909267902
216,5.14038692926988e-05,8,0.1265690177679062,-0.22098416090011597,0.7712900042533875,-0.014047430828213692
217,4.757895294460468e-05,1,0.1358548104763031,-0.2202003300189972,0.7722904682159424,-0.015322682447731495
217,4.860794433625415e-05,2,0.13390323519706726,-0.22046464681625366,0.7721412777900696,-0.017014048993587494
217,5.182188397157006e-05,3,0.1320582777261734,-0.22076044976711273,0.7720485329627991,-0.01375708170235157
217,5.6523102102801204e-05,4,0.1302286833524704,-0.2212224304676056,0.7718806266784668,-0.019659465178847313
217,4.603203706210479e-05,5,0.12941491603851318,-0.22240298986434937,0.7721594572067261,-0.012408805079758167
217,5.158221392775886e-05,6,0.12822957336902618,-0.22293703258037567,0.771872878074646,-0.014822922646999359
217,5.395975676947273e-05,7,0.12718312442302704,-0.22369875013828278,0.771712601184845,-0.015723813325166702
217,5.7471006584819406e-05,8,0.12660224735736847,-0.22458547353744507,0.7715407609939575,-0.015667416155338287
218,3.174201265210286e-05,1,0.13386450707912445,-0.2171788215637207,0.7728097438812256,-0.01957711949944496
218,3.4705637517618015e-05,2,0.1326580047607422,-0.2169162482023239,0.7725687026977539,-0.018097279593348503
218,3.798874604399316e-05,3,0.1311490386724472,-0.21665029227733612,0.7723353505134583,-0.029258783906698227
218,3.276138522778638e-05,4,0.13013404607772827,-0.21738620102405548,0.7724668383598328,-0.004726413171738386
218,3.27578563883435e-05,5,0.12895891070365906,-0.2184295356273651,0.7724657654762268,-0.008541562594473362
218,3.758483217097819e-05,6,0.12826639413833618,-0.21883203089237213,0.772209107875824,-0.019819336012005806
218,4.213419379084371e-05,7,0.12774580717086792,-0.2194204181432724,0.7718481421470642,-0.010948906652629375
218,4.528682984528132e-05,8,0.12770695984363556,-0.22027459740638733,0.7715523838996887,-0.015258774161338806
219,4.747280399897136e-05,1,0.13118672370910645,-0.2120729684829712,0.771930992603302,-0.019918477162718773
219,5.078995673102327e-05,2,0.12906400859355927,-0.21235975623130798,0.7716889381408691,-0.01823233999311924
219,4.707559128291905e-05,3,0.12731969356536865,-0.2131715714931488,0.7716885805130005,-0.01519834715873003
219,4.811787584912963e-05,4,0.1254906803369522,-0.2143929898738861,0.7715779542922974,-0.014812982641160488
219,5.370810322347097e-05,5,0.12425923347473145,-0.215012788772583,0.771378219127655,-0.022613897919654846
219,5.7098663091892377e-05,6,0.123528391122818,-0.21592086553573608,0.7710432410240173,-0.01709682308137417
219,5.513158248504624e-05,7,0.12300358712673187,-0.21741358935832977,0.7710158824920654,-0.010756848379969597
219,6.312208279268816e-05,8,0.12241379171609879,-0.21799644827842712,0.7707677483558655,-0.014800392091274261
220,3.230720176361501e-05,1,0.1340705305337906,-0.2154197096824646,0.7722453474998474,-0.016071688383817673
220,2.9864908356103115e-05,2,0.13222993910312653,-0.21586063504219055,0.7721639275550842,-0.01829719729721546
220,2.8944323275936767e-05,3,0.13047562539577484,-0.2168087512254715,0.7722373604774475,-0.018754616379737854
220,3.104365896433592e-05,4,0.12942993640899658,-0.2173687070608139,0.7722654342651367,-0.013378885574638844
220,3.234416726627387e-05,5,0.12892931699752808,-0.21837887167930603,0.7722027897834778,-0.022835124284029007
220,3.336658119224012e-05,6,0.1284896284341812,-0.21922147274017334,0.7722336649894714,-0.015026545152068138
220,3.598555122152902e-05,7,0.12815168499946594,-0.219576895236969,0.7722837328910828,-0.003735969541594386
220,3.32363742927555e-05,8,0.12851783633232117,-0.22067663073539734,0.7725340723991394,-0.01613595336675644
221,4.353376425569877e-05,1,0.13181054592132568,-0.21414980292320251,0.7714458703994751,-0.014967584051191807
221,4.061393701704219e-05,2,0.13001181185245514,-0.2148464322090149,0.7713212966918945,-0.024721600115299225
221,4.157600051257759e-05,3,0.1281622350215912,-0.21516183018684387,0.7710974812507629,-0.007632354274392128
221,3.9055496017681435e-05,4,0.12663164734840393,-0.21638788282871246,0.7712401747703552,-0.01832798309624195
221,4.412051566760056e-05,5,0.12552693486213684,-0.2168186604976654,0.7710216641426086,-0.0077358754351735115
221,3.5516059142537415e-05,6,0.12556762993335724,-0.21848803758621216,0.7714567184448242,-0.015159275382757187
221,4.243934017722495e-05,7,0.12480808049440384,-0.2193586379289627,0.7712529897689819,-0.012863890267908573
221,3.741233012988232e-05,8,0.1254996955394745,-0.22066576778888702,0.7714499831199646,-0.01644594594836235
222,2.528842924220953e-05,1,0.1367335468530655,-0.21502253413200378,0.7725934386253357,-0.02086196094751358
222,2.7111413146485575e-05,2,0.13492009043693542,-0.21429382264614105,0.7725130319595337,-0.020168079063296318
222,2.753889566520229e-05,3,0.13343122601509094,-0.21409651637077332,0.7726024389266968,-0.035176992416381836
222,3.014504000020679e-05,4,0.13160517811775208,-0.21425680816173553,0.772445559501648,-0.01991930976510048
222,2.723907346080523e-05,5,0.13126061856746674,-0.21514329314231873,0.7725136280059814,-0.01716924086213112
222,3.0202558264136314e-05,6,0.13044938445091248,-0.21548832952976227,0.7719770669937134,-0.0010560039663687348
222,3.3414919016649947e-05,7,0.13034620881080627,-0.21604086458683014,0.7713703513145447,4.046626418130472e-05
222,4.322256427258253e-05,8,0.13152767717838287,-0.21609869599342346,0.7705685496330261,-0.017806276679039
223,4.435604569152929e-05,1,0.13173635303974152,-0.21308089792728424,0.772254467010498,-0.015330681577324867
223,4.387016815599054e-05,2,0.13091915845870972,-0.21304327249526978,0.7721148133277893,-0.024141792207956314
223,4.119609002373181e-05,3,0.1299460232257843,-0.21369516849517822,0.7720854878425598,-0.029507722705602646
223,4.121448000660166e-05,4,0.12920086085796356,-0.21430419385433197,0.7719194293022156,-0.03332875296473503
223,3.888691935571842e-05,5,0.12820051610469818,-0.21552473306655884,0.7719199657440186,-0.033118925988674164
223,3.937253859476186e-05,6,0.12741735577583313,-0.21657440066337585,0.7718138694763184,-0.02465141750872135
223,3.878562347381376e-05,7,0.1265832632780075,-0.2179587334394455,0.7718861103057861,-0.021264737471938133
223,4.0846560295904055e-05,8,0.1265663206577301,-0.2182723730802536,0.7719089388847351,0.0032702675089240074
225,4.370593524072319e-05,1,0.13371062278747559,-0.21992546319961548,0.7715097665786743,-0.03062717616558075
225,4.535196057986468e-05,2,0.13159699738025665,-0.21967950463294983,0.7715134620666504,-0.01622876711189747
225,3.991785706602968e-05,3,0.13088393211364746,-0.220027893781662,0.7718822360038757,-0.0117079121991992
225,5.11518883286044e-05,4,0.12949945032596588,-0.2195385992527008,0.7713901996612549,-0.020999670028686523
225,5.0789134547812864e-05,5,0.1284332424402237,-0.22023358941078186,0.7712564468383789,-0.02262987196445465
225,5.297975803841837e-05,6,0.12781690061092377,-0.2210298776626587,0.7710046768188477,-0.027446623891592026
225,4.210262341075577e-05,7,0.12782715260982513,-0.22267238795757294,0.771384596824646,-0.02613130956888199
225,3.830015702988021e-05,8,0.128230020403862,-0.22331491112709045,0.7716930508613586,0.005782809574157
226,2.553676131356042e-05,1,0.13760100305080414,-0.22291360795497894,0.7731386423110962,-0.01272821519523859
226,2.9435237593133934e-05,2,0.13572698831558228,-0.22230949997901917,0.7728631496429443,-0.01277410052716732
226,3.438692874624394e-05,3,0.13384947180747986,-0.2221146523952484,0.7725226879119873,-0.017556706443428993
226,3.285919956397265e-05,4,0.13277122378349304,-0.22279207408428192,0.7725869417190552,-0.014219638891518116
226,3.8332975236698985e-05,5,0.13129852712154388,-0.223364919424057,0.7722828388214111,-0.018018675968050957
226,4.095350959687494e-05,6,0.13057364523410797,-0.224386528134346,0.7720932364463806,-0.017105016857385635
226,4.6051183744566515e-05,7,0.1298295259475708,-0.2250608652830124,0.77194744348526,-0.013290117494761944
226,5.7098877732641995e-05,8,0.1298270970582962,-0.22517690062522888,0.7716652750968933,-0.017468275502324104
227,3.132375786663033e-05,1,0.13772141933441162,-0.21896785497665405,0.7723914980888367,-0.014646840281784534
227,3.792106144828722e-05,2,0.1350211203098297,-0.2187936156988144,0.7719849348068237,-0.017817268148064613
227,3.821671998593956e-05,3,0.13301420211791992,-0.21957752108573914,0.771949052810669,-0.018207479268312454
227,4.750001971842721e-05,4,0.13087229430675507,-0.2200165092945099,0.7714622616767883,-0.0223739892244339
227,5.107311881147325e-05,5,0.12939855456352234,-0.2212502807378769,0.7712690830230713,-0.01890653744339943
227,6.843317532911897e-05,6,0.128126323223114,-0.22139476239681244,0.7708027958869934,-0.018624192103743553
227,6.997412128839642e-05,7,0.12726515531539917,-0.22318239510059357,0.7708291411399841,-0.015967097133398056
227,8.346587128471583e-05,8,0.12728631496429443,-0.2238171398639679,0.770675539970398,-0.011155647225677967
228,4.999737211619504e-05,1,0.13784022629261017,-0.21463912725448608,0.7714499235153198,-0.014910669066011906
228,4.132254980504513e-05,2,0.13620710372924805,-0.21529069542884827,0.771523654460907,-0.021346108987927437
228,4.247966717230156e-05,3,0.13399411737918854,-0.21623702347278595,0.7713448405265808,-0.022305142134428024
228,4.5065862650517374e-05,4,0.13232320547103882,-0.21695731580257416,0.7712475657463074,-0.008431414142251015
228,4.9172544095199555e-05,5,0.1312154233455658,-0.21793292462825775,0.7709982991218567,-0.021187715232372284
228,4.893206278211437e-05,6,0.13009141385555267,-0.21942093968391418,0.7710333466529846,-0.022220220416784286
228,5.058289025328122e-05,7,0.1295686662197113,-0.22052249312400818,0.7710691690444946,-0.006922577507793903
228,4.592229379341006e-05,8,0.1298641860485077,-0.22157926857471466,0.7713081240653992,-0.008225911296904087
229,3.3787840948207304e-05,1,0.1367349624633789,-0.21749089658260345,0.772404134273529,-0.010705760680139065
229,3.543729690136388e-05,2,0.13496488332748413,-0.21693100035190582,0.7722319960594177,-0.012897372245788574
229,3.747138543985784e-05,3,0.13330772519111633,-0.2168671190738678,0.7721508741378784,-0.00931263342499733
229,4.3318254029145464e-05,4,0.13201016187667847,-0.21688875555992126,0.7719222903251648,-0.01058832835406065
229,4.900131170870736e-05,5,0.1308225691318512,-0.21719887852668762,0.771757185459137,-0.011281745508313179
229,5.06840915477369e-05,6,0.12989924848079681,-0.2180325835943222,0.7717195749282837,-0.016791237518191338
229,4.978289871360175e-05,7,0.1298682540655136,-0.21829427778720856,0.771746039390564,-0.015139719471335411
229,5.65325899515301e-05,8,0.12898676097393036,-0.2188393473625183,0.7716453075408936,-0.014925101771950722
230,7.453916623489931e-05,1,0.13712869584560394,-0.21247026324272156,0.7710734009742737,-0.005920920521020889
230,7.207019370980561e-05,2,0.13528448343276978,-0.21205203235149384,0.7709188461303711,-0.012110822834074497
230,6.640119681833312e-05,3,0.13328516483306885,-0.21233297884464264,0.7708612680435181,-0.0220782607793808
230,6.41343867755495e-05,4,0.1315261572599411,-0.2130264788866043,0.7707552313804626,-0.02418670430779457
230,6.163143552839756e-05,5,0.1298592984676361,-0.21401357650756836,0.7708556652069092,-0.012444056570529938
230,5.420871457317844e-05,6,0.12969599664211273,-0.2150937020778656,0.7710410356521606,-0.013281363062560558
230,6.238756759557873e-05,7,0.12861765921115875,-0.21603189408779144,0.7709131836891174,-0.016418609768152237
230,7.500670471927151e-05,8,0.12852302193641663,-0.21625874936580658,0.7707109451293945,-0.0030784448608756065
231,4.1190196498064324e-05,1,0.1356153041124344,-0.22011402249336243,0.7721102833747864,-0.014285098761320114
231,4.6824501623632386e-05,2,0.13402800261974335,-0.21914534270763397,0.771698534488678,-0.01892620138823986
231,5.294380025588907e-05,3,0.13279643654823303,-0.21836967766284943,0.7713258266448975,-0.022249914705753326
231,5.3439678595168516e-05,4,0.1311405897140503,-0.2184920758008957,0.771261990070343,-0.021433869376778603
231,5.861713725607842e-05,5,0.12998664379119873,-0.21844270825386047,0.7711762189865112,-0.023278646171092987
231,5.977285036351532e-05,6,0.12889628112316132,-0.21908512711524963,0.7712920904159546,-0.0216425321996212
231,5.269657776807435e-05,7,0.12893344461917877,-0.21980693936347961,0.7716938853263855,-0.019164709374308586
231,5.478567982208915e-05,8,0.1294766068458557,-0.21999576687812805,0.7716643810272217,-0.011631523258984089
232,2.8514650693978183e-05,1,0.13958740234375,-0.2148813009262085,0.7730744481086731,-0.012593484483659267
232,3.224352258257568e-05,2,0.13753005862236023,-0.214530348777771,0.7727296352386475,-0.014153813011944294
232,3.4257351217092946e-05,3,0.13507294654846191,-0.21488560736179352,0.7725141644477844,-0.016456609591841698
232,3.7683996197301894e-05,4,0.13271309435367584,-0.21561174094676971,0.7722510099411011,-0.022143332287669182
232,3.780912084039301e-05,5,0.13111597299575806,-0.2170916497707367,0.7722465991973877,-0.012891072779893875
232,4.502243609749712e-05,6,0.13041023910045624,-0.21744702756404877,0.7719805836677551,-0.012854428961873055
232,4.98293484270107e-05,7,0.12981659173965454,-0.2181631177663803,0.7718931436538696,-0.017522411420941353
232,5.897783921682276e-05,8,0.13007807731628418,-0.21874378621578217,0.7714681625366211,-0.01885269582271576
233,3.3335665648337454e-05,1,0.137432262301445,-0.2205749750137329,0.7727602124214172,-0.013849824666976929
233,3.510290116537362e-05,2,0.13542351126670837,-0.2206890881061554,0.7723864912986755,-0.018818365409970284
233,3.5260825825389475e-05,3,0.13310356438159943,-0.22143229842185974,0.7723022103309631,-0.019224416464567184
233,3.79221819457598e-05,4,0.1315765678882599,-0.2222554236650467,0.7721700668334961,-0.013262372463941574
233,4.034049197798595e-05,5,0.13063082098960876,-0.2230387032032013,0.7721648216247559,-0.01084467675536871
233,4.5037551899440587e-05,6,0.130103200674057,-0.2236652374267578,0.7720500230789185,-0.014062318950891495
233,4.785561395692639e-05,7,0.1297411024570465,-0.22465002536773682,0.7718989849090576,-0.017510566860437393
233,5.5572752899024636e-05,8,0.12923164665699005,-0.22505731880664825,0.771608293056488,-0.01891961880028248
234,3.2635285606374964e-05,1,0.13656796514987946,-0.21740420162677765,0.7722452878952026,-0.013725877739489079
234,3.126255251117982e-05,2,0.1351304054260254,-0.21706019341945648,0.7723396420478821,-0.017346860840916634
234,3.486030982458033e-05,3,0.13306283950805664,-0.21664996445178986,0.7722265720367432,-0.017215169966220856
234,3.632454536273144e-05,4,0.13178202509880066,-0.21709421277046204,0.7722494006156921,-0.01945093274116516
234,3.962165646953508e-05,5,0.13070450723171234,-0.21721850335597992,0.7721326351165771,-0.012270619161427021
234,4.1343831981066614e-05,6,0.1296583116054535,-0.21779973804950714,0.7720928192138672,-0.019026735797524452
234,3.790515256696381e-05,7,0.1295856088399887,-0.21888673305511475,0.7722945809364319,-0.016295703127980232
234,4.449033804121427e-05,8,0.1291433572769165,-0.21904568374156952,0.7718770503997803,-0.015595139935612679
235,3.4077358577633277e-05,1,0.13835150003433228,-0.21830135583877563,0.7729970216751099,-0.01937776431441307
235,3.745198773685843e-05,2,0.136876180768013,-0.2182103395462036,0.7728993892669678,-0.02035002037882805
235,4.0923288906924427e-05,3,0.13553451001644135,-0.21841610968112946,0.7727163434028625,-0.01906164549291134
235,3.694891347549856e-05,4,0.13481439650058746,-0.21929147839546204,0.7729476690292358,-0.02307203598320484
235,4.504364915192127e-05,5,0.1337408870458603,-0.219335675239563,0.7724537253379822,-0.02506832405924797
235,4.9459136789664626e-05,6,0.13246527314186096,-0.22001826763153076,0.7722477912902832,-0.010001209564507008
235,5.64015717827715e-05,7,0.13238605856895447,-0.22068800032138824,0.7716619372367859,-0.008610783144831657
235,5.876568320672959e-05,8,0.13173310458660126,-0.221437007188797,0.771368145942688,-0.009288839995861053
236,5.89897099416703e-05,1,0.1372445672750473,-0.2165314108133316,0.7717353701591492,-0.01586664468050003
236,5.774166129413061e-05,2,0.13584071397781372,-0.21593789756298065,0.7716764807701111,-0.02518405206501484
236,4.8948906623991206e-05,3,0.13490338623523712,-0.21608617901802063,0.7719515562057495,-0.01880457252264023
236,4.739201904158108e-05,4,0.13377158343791962,-0.21620330214500427,0.7718045711517334,-0.02519959956407547
236,4.5081596908858046e-05,5,0.1326180398464203,-0.21673576533794403,0.7718356251716614,-0.02417035400867462
236,4.913612065138295e-05,6,0.1320149451494217,-0.21687467396259308,0.7714504599571228,-0.02133023366332054
236,4.969415385858156e-05,7,0.13098175823688507,-0.21742799878120422,0.7714502215385437,-0.03524921461939812
236,4.608760355040431e-05,8,0.13083526492118835,-0.21867595613002777,0.7715730667114258,-0.029759682714939117
237,2.3659842554479837e-05,1,0.13970503211021423,-0.21425874531269073,0.7731340527534485,-0.013372424989938736
237,2.362435589020606e-05,2,0.13813164830207825,-0.21458496153354645,0.7731305360794067,-0.020354485139250755
237,2.5835750420810655e-05,3,0.13612531125545502,-0.21506983041763306,0.7730401754379272,-0.021262282505631447
237,2.8307029424468055e-05,4,0.1345389038324356,-0.2159895896911621,0.7730110287666321,-0.01796252466738224
237,2.8553617084980942e-05,5,0.13386386632919312,-0.2171519696712494,0.7731654644012451,-0.014262937940657139
237,3.4289150789845735e-05,6,0.13314297795295715,-0.21752911806106567,0.7728360295295715,-0.01105525717139244
237,3.9373775507556275e-05,7,0.1326451152563095,-0.21803012490272522,0.7724283337593079,-0.014789693988859653
237,4.037975304527208e-05,8,0.1319655478000641,-0.21918176114559174,0.7721150517463684,-0.027653604745864868
238,4.062621883349493e-05,1,0.13712382316589355,-0.2133890688419342,0.7722939848899841,-0.017604535445570946
238,4.0930746763478965e-05,2,0.1344362199306488,-0.21338213980197906,0.7721294164657593,-0.01955794170498848
238,4.142608304391615e-05,3,0.13214099407196045,-0.21416307985782623,0.7720940113067627,-0.02367215044796467
238,4.8140689614228904e-05,4,0.1306469738483429,-0.21467329561710358,0.7716886401176453,-0.01885147951543331
238,4.898892802884802e-05,5,0.1289554089307785,-0.2156989574432373,0.7716777920722961,-0.013369955122470856
238,5.392714592744596e-05,6,0.12814751267433167,-0.21647991240024567,0.7715973854064941,-0.004568833392113447
238,4.848331809625961e-05,7,0.12837955355644226,-0.21762852370738983,0.7717060446739197,-0.015063696540892124
238,7.635835936525837e-05,8,0.1286405771970749,-0.21713240444660187,0.7707804441452026,-0.020227449014782906
239,2.0251847672625445e-05,1,0.13823272287845612,-0.2186664491891861,0.7734662890434265,-0.017884042114019394
239,2.1833062419318594e-05,2,0.13603195548057556,-0.21888720989227295,0.7732121348381042,-0.02698463946580887
239,2.3725027858745307e-05,3,0.13414038717746735,-0.21935534477233887,0.7729164361953735,-0.02715572528541088
239,2.642100844241213e-05,4,0.13270121812820435,-0.21953901648521423,0.7725890278816223,-0.006333553697913885
239,2.6776480808621272e-05,5,0.13136443495750427,-0.22051717340946198,0.7725520133972168,-0.026887329295277596
239,2.836572275555227e-05,6,0.13054484128952026,-0.22124533355236053,0.7725638151168823,-0.0006896622362546623
239,3.0307410270324908e-05,7,0.1302676647901535,-0.2222086787223816,0.7725601196289062,-0.009587850421667099
239,3.019086943822913e-05,8,0.13092073798179626,-0.22263051569461823,0.7725098729133606,-0.001884453115053475
240,3.126619048998691e-05,1,0.13764861226081848,-0.21704955399036407,0.7721807360649109,-0.018766265362501144
240,3.366289092809893e-05,2,0.13556528091430664,-0.21673603355884552,0.7719368934631348,-0.020894605666399002
240,3.697041393024847e-05,3,0.13343961536884308,-0.21627286076545715,0.7716267704963684,-0.006387203000485897
240,3.765612200368196e-05,4,0.13109058141708374,-0.21673059463500977,0.7716162204742432,-0.027703730389475822
240,4.0154038288164884e-05,5,0.12929756939411163,-0.21715322136878967,0.7716712951660156,-0.001599721028469503
240,4.35942092735786e-05,6,0.12804356217384338,-0.21786941587924957,0.7717017531394958,-0.013241395354270935
240,4.308626375859603e-05,7,0.12802866101264954,-0.21826574206352234,0.7717161774635315,-0.0036280008498579264
240,4.182522025075741e-05,8,0.12807637453079224,-0.21865420043468475,0.7715888619422913,-0.011936439201235771
241,1.7805665265768766e-05,1,0.1426486074924469,-0.21704165637493134,0.773529052734375,-0.009647004306316376
241,2.0219042198732495e-05,2,0.1405191868543625,-0.21694588661193848,0.7733184099197388,-0.009724867530167103
241,2.225131720479112e-05,3,0.13853250443935394,-0.2176903337240219,0.7731450796127319,-0.012084822170436382
241,2.475522705935873e-05,4,0.1367703080177307,-0.2184540331363678,0.7729505300521851,-0.015005783177912235
241,2.8799906431231648e-05,5,0.13531377911567688,-0.21893984079360962,0.7725590467453003,-0.022236615419387817
241,3.324578938190825e-05,6,0.1344253122806549,-0.21938875317573547,0.7720155715942383,-0.019825344905257225
241,3.7279416574165225e-05,7,0.13327614963054657,-0.2200339287519455,0.771594762802124,-0.009814620949327946
241,4.619188257493079e-05,8,0.13339650630950928,-0.22074858844280243,0.7709303498268127,-0.014293135143816471
242,4.227610770612955e-05,1,0.13693031668663025,-0.21756719052791595,0.771285355091095,-0.026050327345728874
242,4.2119489080505446e-05,2,0.1347612887620926,-0.21722447872161865,0.7711927890777588,-0.021761009469628334
242,4.205820005154237e-05,3,0.132659450173378,-0.21766936779022217,0.771190881729126,-0.037658076733350754
242,4.51149680884555e-05,4,0.13100692629814148,-0.21739567816257477,0.7711150050163269,0.013481076806783676
242,4.9908911023521796e-05,5,0.12963593006134033,-0.2171536684036255,0.7710149884223938,0.003078244859352708
242,5.1923587307101116e-05,6,0.12819421291351318,-0.2180442214012146,0.7710654735565186,-0.023549186065793037
242,5.669385063811205e-05,7,0.1277611255645752,-0.21838247776031494,0.7709228992462158,-0.012829073704779148
242,6.167482933960855e-05,8,0.12801837921142578,-0.21817471086978912,0.7706977128982544,-0.01521352119743824
243,1.7461961761000566e-05,1,0.1399838775396347,-0.22114916145801544,0.7728008031845093,-0.00723046250641346
243,1.9808605429716408e-05,2,0.13814091682434082,-0.2210204005241394,0.7726643681526184,-0.017967933788895607
243,2.2086520402808674e-05,3,0.1363857388496399,-0.22118008136749268,0.7725721597671509,-0.025997063145041466
243,2.4459966880385764e-05,4,0.134795144200325,-0.22151772677898407,0.7725111246109009,-0.030794978141784668
243,2.6500900276005268e-05,5,0.1336897611618042,-0.22220256924629211,0.7722693085670471,-0.005340601317584515
243,2.8533720978884958e-05,6,0.13302741944789886,-0.222776859998703,0.7718473672866821,-0.006659213453531265
243,3.260386802139692e-05,7,0.13220132887363434,-0.22311240434646606,0.771443784236908,-0.014361446723341942
243,3.364501390024088e-05,8,0.13178692758083344,-0.22472825646400452,0.7711908221244812,-0.007077657151967287
244,2.7611553377937526e-05,1,0.1382068395614624,-0.21636639535427094,0.7727962732315063,-0.010588442906737328
244,2.889790448534768e-05,2,0.13679571449756622,-0.2162480503320694,0.7728714346885681,-0.03153516352176666
244,3.3590447856113315e-05,3,0.1347155123949051,-0.21602410078048706,0.7726941108703613,-0.03453020006418228
244,3.625336103141308e-05,4,0.13290780782699585,-0.2164105921983719,0.7725963592529297,-0.023063620552420616
244,3.775500590563752e-05,5,0.13138452172279358,-0.2171684056520462,0.7724031805992126,-0.014474969357252121
244,3.7622452509822324e-05,6,0.1307964026927948,-0.21802115440368652,0.7719891667366028,-0.002170541789382696
244,3.487660433165729e-05,7,0.12981447577476501,-0.21984080970287323,0.7718997597694397,-0.0055241091176867485
244,3.687063144752756e-05,8,0.12928003072738647,-0.22109127044677734,0.7716851234436035,-0.013321151956915855
245,2.079119803966023e-05,1,0.13913987576961517,-0.21768717467784882,0.773478090763092,-0.010231939144432545
245,2.449906969559379e-05,2,0.1368141621351242,-0.21822315454483032,0.7731724977493286,-0.020062420517206192
245,2.70782365987543e-05,3,0.13451220095157623,-0.2190365344285965,0.7730122804641724,-0.017073795199394226
245,2.763173142739106e-05,4,0.13294406235218048,-0.22067676484584808,0.7730178236961365,-0.016845596954226494
245,2.770214996417053e-05,5,0.13221067190170288,-0.2216576784849167,0.7729277014732361,-0.0236440971493721
245,3.125578587059863e-05,6,0.1313307136297226,-0.22256791591644287,0.7724283933639526,-0.012514553964138031
245,2.9698761863983236e-05,7,0.13130785524845123,-0.2233390510082245,0.7721923589706421,-0.01924861967563629
245,3.075558925047517e-05,8,0.13033869862556458,-0.2250342220067978,0.7720365524291992,-0.010779447853565216
246,2.5459314201725647e-05,1,0.13741999864578247,-0.21843746304512024,0.7731137871742249,-0.02710341289639473
246,2.6684456315706484e-05,2,0.13547198474407196,-0.21882599592208862,0.7728427052497864,-0.03524443879723549
246,2.7289410354569554e-05,3,0.13348586857318878,-0.21965007483959198,0.7726606726646423,-0.03284526243805885
246,2.8881178877782077e-05,4,0.13173183798789978,-0.22007355093955994,0.7725231647491455,-0.002311824122443795
246,2.922743806266226e-05,5,0.13046354055404663,-0.2214413732290268,0.772501528263092,-0.02976119890809059
246,2.6559042453300208e-05,6,0.13016296923160553,-0.22259540855884552,0.7728749513626099,0.0033054908271878958
246,2.7814949135063216e-05,7,0.13008423149585724,-0.222975954413414,0.7729167342185974,-0.003787999041378498
246,2.798512468871195e-05,8,0.13004009425640106,-0.22373291850090027,0.772993266582489,-0.011110717430710793
247,2.053081880148966e-05,1,0.13558003306388855,-0.2187100052833557,0.7735897898674011,-0.011657933704555035
247,2.160133226425387e-05,2,0.13353289663791656,-0.21948474645614624,0.7734377384185791,-0.017089424654841423
247,2.2921340132597834e-05,3,0.13188228011131287,-0.22073443233966827,0.7731902599334717,-0.021977264434099197
247,2.5057299353647977e-05,4,0.13006192445755005,-0.2217080444097519,0.7728878855705261,-0.018205145373940468
247,2.5960129278246313e-05,5,0.1287415325641632,-0.22316859662532806,0.7727270126342773,-0.01700577326118946
247,2.916693119914271e-05,6,0.12797152996063232,-0.2242365926504135,0.7724111080169678,-0.01763332076370716
247,3.091083999606781e-05,7,0.12771861255168915,-0.2256821244955063,0.7721576690673828,-0.016447925940155983
247,3.364498115843162e-05,8,0.12765219807624817,-0.22677703201770782,0.7719076871871948,-0.017449378967285156
248,3.980484325438738e-05,1,0.13588514924049377,-0.21820278465747833,0.772034227848053,-0.01787514239549637
248,3.940622991649434e-05,2,0.1342158317565918,-0.21855738759040833,0.7722072601318359,-0.01722567155957222
248,4.065695247845724e-05,3,0.13280904293060303,-0.2187088578939438,0.772257924079895,-0.01804637536406517
248,4.116832496947609e-05,4,0.13175222277641296,-0.21874654293060303,0.7721031904220581,-0.022082749754190445
248,4.161848482908681e-05,5,0.13044233620166779,-0.21882496774196625,0.7720857262611389,-0.013352608308196068
248,3.629154889495112e-05,6,0.13031549751758575,-0.219338059425354,0.7722309827804565,-0.013506301678717136
248,4.1363709897268564e-05,7,0.12930378317832947,-0.21954330801963806,0.7719987034797668,-0.012926272116601467
248,3.543604907463305e-05,8,0.12938502430915833,-0.2206917703151703,0.7722797989845276,-0.008686688728630543
249,1.9003331544809043e-05,1,0.13764992356300354,-0.21748647093772888,0.7739904522895813,-0.01491127721965313
249,2.1206798919592984e-05,2,0.13605378568172455,-0.21796944737434387,0.7738652229309082,-0.017729774117469788
249,2.2523974621435627e-05,3,0.1345386505126953,-0.2184753268957138,0.7737122178077698,-0.021122058853507042
249,2.364807005506009e-05,4,0.13282634317874908,-0.21897780895233154,0.7736559510231018,-0.017933616414666176
249,2.201884490204975e-05,5,0.13226178288459778,-0.2198215276002884,0.7736914157867432,-0.02033759281039238
249,2.4291737645398825e-05,6,0.13079972565174103,-0.2201753705739975,0.7735183835029602,-0.011539772152900696
249,2.214749838458374e-05,7,0.13072623312473297,-0.22135494649410248,0.7736594676971436,-0.009461719542741776
249,2.1140829630894586e-05,8,0.13083258271217346,-0.22230848670005798,0.7736878395080566,-0.011198269203305244
250,2.8557920813909732e-05,1,0.13847805559635162,-0.21880121529102325,0.7733839750289917,-0.024503953754901886
250,3.257089338148944e-05,2,0.13656598329544067,-0.2185428887605667,0.7732701301574707,-0.0323835052549839
250,3.501878018141724e-05,3,0.13464078307151794,-0.21896028518676758,0.7732110619544983,-0.022475775331258774
250,3.5127715818816796e-05,4,0.1331397444009781,-0.21935707330703735,0.7731148600578308,-0.029224831610918045
250,4.0143891965271905e-05,5,0.13139475882053375,-0.21946865320205688,0.772670567035675,-0.01616019569337368
250,3.899985313182697e-05,6,0.13025406002998352,-0.22068387269973755,0.7725248336791992,-0.007223808206617832
250,4.445687591214664e-05,7,0.1304665356874466,-0.22107163071632385,0.7718179225921631,-0.010646803304553032
250,4.75151973660104e-05,8,0.13060855865478516,-0.22186094522476196,0.7712762355804443,-0.0019114664755761623
251,2.2460162654169835e-05,1,0.14049097895622253,-0.21711169183254242,0.7736309170722961,-0.025805611163377762
251,2.5758085030247457e-05,2,0.13812299072742462,-0.21773454546928406,0.7733219861984253,-0.03838526830077171
251,2.9054390324745327e-05,3,0.1355927735567093,-0.21835723519325256,0.772960364818573,-0.029132993891835213
251,2.723795478232205e-05,4,0.1336599737405777,-0.22002717852592468,0.7729778289794922,-0.0014739993494004011
251,2.76654554909328e-05,5,0.13262641429901123,-0.221098855137825,0.7726336121559143,-0.006126199383288622
251,3.016815935552586e-05,6,0.13164636492729187,-0.2215048372745514,0.7721750736236572,-0.01198672503232956
251,2.7426065571489744e-05,7,0.13085100054740906,-0.22318275272846222,0.7721836566925049,-0.008329995907843113
251,3.172101060044952e-05,8,0.13036435842514038,-0.22371196746826172,0.7718007564544678,-0.01517618540674448
252,3.912001920980401e-05,1,0.14029403030872345,-0.21900001168251038,0.7724265456199646,-0.018111128360033035
252,3.992128404206596e-05,2,0.1375173181295395,-0.21857523918151855,0.7720596194267273,-0.013011671602725983
252,3.5998356906929985e-05,3,0.13514578342437744,-0.219331756234169,0.7720472812652588,-0.008292932994663715
252,3.606191967264749e-05,4,0.13352274894714355,-0.22022122144699097,0.7719460129737854,-0.017456257715821266
252,3.5909892176277936e-05,5,0.13214519619941711,-0.22141407430171967,0.7718821167945862,-0.017899591475725174
252,3.677090717246756e-05,6,0.1311461329460144,-0.22249895334243774,0.7719016671180725,-0.014685487374663353
252,3.996722443844192e-05,7,0.13072076439857483,-0.22327971458435059,0.7719778418540955,-0.017208915203809738
252,4.51349769718945e-05,8,0.1307811737060547,-0.2239471673965454,0.7718011140823364,-0.014873017556965351
253,1.993080513784662e-05,1,0.14034011960029602,-0.2181580364704132,0.7742871642112732,-0.008441062644124031
253,2.0862182282144204e-05,2,0.13846248388290405,-0.21909072995185852,0.7741440534591675,-0.01381770335137844
253,2.1626539819408208e-05,3,0.136981800198555,-0.22015288472175598,0.7740273475646973,-0.01739615388214588
253,2.29114211833803e-05,4,0.13564404845237732,-0.22117604315280914,0.7739932537078857,-0.0185660719871521
253,2.421155477350112e-05,5,0.1347000151872635,-0.22222088277339935,0.77391517162323,-0.016564225777983665
253,2.5761968572624028e-05,6,0.1339443027973175,-0.22295479476451874,0.7738052010536194,-0.01954551599919796
253,2.7784539270214736e-05,7,0.13326217234134674,-0.22350138425827026,0.7734178900718689,-0.021678360179066658
253,2.770035462162923e-05,8,0.13276618719100952,-0.2241213172674179,0.7730058431625366,-0.01678452640771866
254,3.0066601539147086e-05,1,0.13497382402420044,-0.21125786006450653,0.7726653218269348,-0.017973849549889565
254,2.9424882086459547e-05,2,0.13340924680233002,-0.2120605707168579,0.7729310393333435,-0.01029541902244091
254,3.429114440223202e-05,3,0.13135582208633423,-0.21182385087013245,0.772678554058075,-0.023009607568383217
254,3.1859162845648825e-05,4,0.13007041811943054,-0.21285970509052277,0.7729928493499756,-0.011752593331038952
254,3.5194141673855484e-05,5,0.12861411273479462,-0.2132824808359146,0.7728132009506226,-0.018055813387036324
254,3.8111866160761565e-05,6,0.1273743212223053,-0.21378502249717712,0.7727235555648804,-0.018735064193606377
254,4.1367260564584285e-05,7,0.1269182711839676,-0.21424023807048798,0.7723940014839172,-0.019123636186122894
254,4.147948857280426e-05,8,0.12620067596435547,-0.21506144106388092,0.772327721118927,-0.015182030387222767
255,1.68135593412444e-05,1,0.13798901438713074,-0.2163347452878952,0.7739660143852234,-0.014184736646711826
255,1.8320219169254415e-05,2,0.13585922122001648,-0.21653465926647186,0.7737656831741333,-0.013303321786224842
255,1.7475522327004e-05,3,0.1342574506998062,-0.21775050461292267,0.7738620638847351,-0.02085135318338871
255,1.9485203665681183e-05,4,0.13174812495708466,-0.2179684042930603,0.7735933661460876,-0.013530895113945007
255,2.0861623852397315e-05,5,0.12989720702171326,-0.2187129557132721,0.773418128490448,-0.016136685386300087
255,2.1233834559097886e-05,6,0.12890711426734924,-0.21980391442775726,0.7732719779014587,-0.019628114998340607
255,2.1825089788762853e-05,7,0.12814302742481232,-0.22074763476848602,0.7733052372932434,-0.013654782436788082
255,2.3220936782308854e-05,8,0.12788066267967224,-0.2215013951063156,0.7733021974563599,-0.012653565034270287
256,3.0815535865258425e-05,1,0.13884267210960388,-0.20931681990623474,0.7727916240692139,-0.01867382414638996
256,2.950127782241907e-05,2,0.13719290494918823,-0.21027891337871552,0.7728478908538818,-0.024513741955161095
256,2.9136686862329952e-05,3,0.13560393452644348,-0.2114662379026413,0.7727293372154236,-0.039085760712623596
256,2.7186131774215028e-05,4,0.13436463475227356,-0.21336567401885986,0.772926926612854,-0.02187708392739296
256,3.002585617650766e-05,5,0.13299500942230225,-0.21453240513801575,0.7728711366653442,-0.020424332469701767
256,3.240993100916967e-05,6,0.13229796290397644,-0.21552109718322754,0.7729514241218567,-0.003542325459420681
256,3.126386582152918e-05,7,0.13240890204906464,-0.21685658395290375,0.7732638120651245,-0.0035228142514824867
256,3.271783498348668e-05,8,0.13253962993621826,-0.21741506457328796,0.7734182476997375,-0.00164553162176162
257,2.366832814004738e-05,1,0.13974204659461975,-0.21038924157619476,0.7735059261322021,-0.020037615671753883
257,2.4313638277817518e-05,2,0.13675262033939362,-0.21155431866645813,0.7733334898948669,-0.024454627186059952
257,2.4920560463215224e-05,3,0.13406157493591309,-0.21332788467407227,0.7732287049293518,-0.02447209507226944
257,2.652024159033317e-05,4,0.13192127645015717,-0.21480144560337067,0.7731493711471558,-0.014257704839110374
257,2.749250052147545e-05,5,0.13053497672080994,-0.216298907995224,0.7731226682662964,-0.015575132332742214
257,2.87025159195764e-05,6,0.12964752316474915,-0.21750295162200928,0.7731826901435852,-0.01020282506942749
257,3.0483794034807943e-05,7,0.12927818298339844,-0.2183433473110199,0.7729333639144897,-0.01832689717411995
257,3.259376171627082e-05,8,0.12854866683483124,-0.21922187507152557,0.7725933790206909,-0.01615741290152073
258,3.288493462605402e-05,1,0.13963305950164795,-0.22235162556171417,0.7729697227478027,-0.014610190875828266
258,3.281911267549731e-05,2,0.13816270232200623,-0.22264094650745392,0.7729573249816895,-0.018803944811224937
258,3.0277598852990195e-05,3,0.13687802851200104,-0.22350363433361053,0.7730385661125183,-0.026441790163517
258,3.089843085035682e-05,4,0.13528814911842346,-0.2243761122226715,0.7728979587554932,-0.023457620292901993
258,3.1652238249080256e-05,5,0.13413108885288239,-0.2254190444946289,0.7725573778152466,-0.026191608980298042
258,3.131629273411818e-05,6,0.13358548283576965,-0.2267199605703354,0.772124707698822,-0.012385955080389977
258,3.0517010600306094e-05,7,0.1332574188709259,-0.22833400964736938,0.7717265486717224,-0.0011208329815417528
258,3.333652421133593e-05,8,0.13351446390151978,-0.22973600029945374,0.7711614966392517,-0.004647396504878998
259,2.039132232312113e-05,1,0.13901755213737488,-0.21503591537475586,0.7741245627403259,-0.019394023343920708
259,2.198441325163003e-05,2,0.137650728225708,-0.21516567468643188,0.7738142609596252,-0.017372485250234604
259,2.206868703069631e-05,3,0.13587765395641327,-0.2161761075258255,0.7736380696296692,-0.016508927568793297
259,2.2055033696233295e-05,4,0.13411474227905273,-0.2178274244070053,0.7735572457313538,-0.022996315732598305
259,2.3118896933738142e-05,5,0.13298891484737396,-0.2189529985189438,0.7733396887779236,-0.017089974135160446
259,2.3884551410446875e-05,6,0.13224169611930847,-0.2201215624809265,0.7731178402900696,-0.0216987282037735
259,2.48636570177041e-05,7,0.13140994310379028,-0.2211911529302597,0.7729783058166504,-0.012752227485179901
259,2.7727155611501075e-05,8,0.13095182180404663,-0.22195932269096375,0.7727070450782776,-0.011180087924003601
260,2.83768695226172e-05,1,0.13649249076843262,-0.21924833953380585,0.773002564907074,-0.019457494840025902
260,3.163060318911448e-05,2,0.1344272792339325,-0.21862651407718658,0.7727161645889282,-0.02085518278181553
260,3.186545291100629e-05,3,0.13236767053604126,-0.21884316205978394,0.7726297378540039,-0.01667233370244503
260,3.102504342678003e-05,4,0.13111282885074615,-0.21971288323402405,0.7725220918655396,-0.025143785402178764
260,2.7078829589299858e-05,5,0.13078001141548157,-0.22088705003261566,0.772758960723877,-0.01840580441057682
260,2.8727574317599647e-05,6,0.12986639142036438,-0.2218715399503708,0.7728205919265747,-0.009786995127797127
260,3.2073316106107086e-05,7,0.129562109708786,-0.2223867028951645,0.7726882696151733,-0.004608045797795057
260,3.476568963378668e-05,8,0.12946905195713043,-0.22295337915420532,0.7724982500076294,-0.014780690893530846
261,2.2800910301157273e-05,1,0.13580374419689178,-0.21761199831962585,0.7734417915344238,-0.012002754025161266
261,2.267107629450038e-05,2,0.1336776316165924,-0.21783670783042908,0.7731956839561462,-0.02101043425500393
261,2.580356886028312e-05,3,0.1314222365617752,-0.21801279485225677,0.7726712822914124,-0.018428649753332138
261,2.495949411240872e-05,4,0.12981486320495605,-0.2194642871618271,0.772560715675354,-0.02482639253139496
261,2.2208494556252845e-05,5,0.12959742546081543,-0.2210744470357895,0.7728645205497742,-0.007474168203771114
261,2.6245548724546097e-05,6,0.12864959239959717,-0.2213842272758484,0.7726624608039856,-0.0024879234842956066
261,2.4310647859238088e-05,7,0.129008948802948,-0.22262540459632874,0.7727887034416199,-0.01107624638825655
261,3.0033732400625013e-05,8,0.1283712536096573,-0.22276169061660767,0.7723901867866516,-0.014709248207509518
262,2.9054610422463156e-05,1,0.14047947525978088,-0.2082420438528061,0.7726640701293945,-0.019755566492676735
262,2.877434963011183e-05,2,0.1386091560125351,-0.20935477316379547,0.7727499008178711,-0.01927983947098255
262,3.0296227123471908e-05,3,0.13669103384017944,-0.21045680344104767,0.7728015184402466,-0.020474690943956375
262,2.7877538741449825e-05,4,0.13594844937324524,-0.212265282869339,0.7731415033340454,-0.009108277037739754
262,2.6654979592422023e-05,5,0.13553887605667114,-0.21384002268314362,0.7734450697898865,-0.009006592445075512
262,3.098899469478056e-05,6,0.13438057899475098,-0.21436381340026855,0.7734072208404541,-0.015056347474455833
262,2.986029357998632e-05,7,0.13447222113609314,-0.21574318408966064,0.773670494556427,-0.011040900833904743
262,3.342830314068124e-05,8,0.1341225802898407,-0.21636241674423218,0.7735891938209534,-0.016958341002464294
263,2.563218367868103e-05,1,0.13776522874832153,-0.21378274261951447,0.7738991379737854,-0.01897330954670906
263,2.5244287826353684e-05,2,0.13614267110824585,-0.21524956822395325,0.7738006114959717,-0.01462417934089899
263,2.520812995499e-05,3,0.13430994749069214,-0.21649470925331116,0.7737597227096558,-0.014276230707764626
263,2.415924427623395e-05,4,0.13310852646827698,-0.2178896814584732,0.773841917514801,-0.012071042321622372
263,2.8308810215094127e-05,5,0.13090510666370392,-0.21812376379966736,0.7735114693641663,-0.01669898070394993
263,2.9006467229919508e-05,6,0.1298537701368332,-0.2191985845565796,0.7735134363174438,-0.013490211218595505
263,2.9765305953333154e-05,7,0.12960799038410187,-0.22046078741550446,0.773573100566864,-0.013972008600831032
263,3.2638523407513276e-05,8,0.12948954105377197,-0.22094812989234924,0.7735104560852051,-0.015672629699110985
264,2.770241735561285e-05,1,0.13551579415798187,-0.2177240401506424,0.7735998034477234,-0.01364657562226057
264,2.418344774923753e-05,2,0.13498954474925995,-0.218435138463974,0.7736563682556152,-0.012542525306344032
264,2.2088712285039946e-05,3,0.1343841254711151,-0.2194548100233078,0.7738485932350159,-0.010046764276921749
264,2.219684756710194e-05,4,0.13334818184375763,-0.2198891043663025,0.7738980650901794,-0.008004516363143921
264,2.2481784981209785e-05,5,0.1323413848876953,-0.22059890627861023,0.7738925814628601,-0.014765442349016666
264,2.575319740572013e-05,6,0.13109511137008667,-0.2211194485425949,0.773678183555603,-0.012440208345651627
264,2.6787260139826685e-05,7,0.13064181804656982,-0.22220562398433685,0.773695170879364,-0.013930827379226685
264,2.5507553800707683e-05,8,0.13095557689666748,-0.2233276665210724,0.7738794088363647,-0.018986297771334648
265,2.6575231458991766e-05,1,0.13556014001369476,-0.21756039559841156,0.7741153240203857,-0.014994886703789234
265,2.7910098651773296e-05,2,0.133957639336586,-0.21782639622688293,0.7739474773406982,-0.019111713394522667
265,2.8864658816019073e-05,3,0.13238100707530975,-0.21838298439979553,0.7738490700721741,-0.024991502985358238
265,2.738380862865597e-05,4,0.1312108039855957,-0.21919317543506622,0.7738539576530457,-0.019622474908828735
265,2.710794797167182e-05,5,0.13034069538116455,-0.22041846811771393,0.7736408114433289,-0.010335806757211685
265,2.7806274374597706e-05,6,0.12945342063903809,-0.22125011682510376,0.7732850909233093,-0.01221721526235342
265,2.9068163712508976e-05,7,0.12903468310832977,-0.22210349142551422,0.77289879322052,-0.014707624912261963
265,2.8141952498117462e-05,8,0.12914034724235535,-0.22398070991039276,0.7726761698722839,-0.009537113830447197
266,2.447961742291227e-05,1,0.137542724609375,-0.21817806363105774,0.772956907749176,-0.024078480899333954
266,2.362802842981182e-05,2,0.13584187626838684,-0.21859116852283478,0.7729180455207825,-0.02620287612080574
266,2.454095010762103e-05,3,0.13429704308509827,-0.21850907802581787,0.7727441191673279,-0.012279713526368141
266,2.3294351194635965e-05,4,0.13286438584327698,-0.2196984589099884,0.7728983163833618,-0.01619107276201248
266,2.3551696358481422e-05,5,0.1320265531539917,-0.22075501084327698,0.7729490399360657,-0.016509007662534714
266,2.1636422388837673e-05,6,0.13208098709583282,-0.2221251279115677,0.7733172178268433,-0.004503545816987753
266,2.1842226487933658e-05,7,0.13224941492080688,-0.2226625233888626,0.7734314799308777,-0.00512009346857667
266,2.350130489503499e-05,8,0.13220804929733276,-0.22260522842407227,0.7733669877052307,-0.01386876031756401
267,1.5868541595409624e-05,1,0.14046913385391235,-0.21719437837600708,0.7742311358451843,-0.020205030217766762
267,1.752109528752044e-05,2,0.13826486468315125,-0.21768008172512054,0.7739967703819275,-0.030640780925750732
267,1.934705323947128e-05,3,0.13580390810966492,-0.2178756147623062,0.773725688457489,-0.01774580217897892
267,2.043093445536215e-05,4,0.13368356227874756,-0.21849499642848969,0.7735269069671631,-0.023629695177078247
267,2.1378933524829336e-05,5,0.13201738893985748,-0.2195180505514145,0.7735038995742798,-0.027410101145505905
267,2.2468324459623545e-05,6,0.1310276985168457,-0.22072237730026245,0.7735047340393066,-0.020508060231804848
267,2.2603204342885874e-05,7,0.13104796409606934,-0.2215736210346222,0.7736561894416809,-0.015273738652467728
267,2.3276319552678615e-05,8,0.13106976449489594,-0.22255267202854156,0.7738161683082581,-0.01514777634292841
268,2.2957372493692674e-05,1,0.13669082522392273,-0.21784809231758118,0.7731837034225464,-0.0183174479752779
268,2.284744732605759e-05,2,0.1349540501832962,-0.217956081032753,0.7731687426567078,-0.01763995550572872
268,2.5343064407934435e-05,3,0.13271589577198029,-0.2178044319152832,0.7728016972541809,-0.015405254438519478
268,2.4774357370915823e-05,4,0.13094687461853027,-0.21876400709152222,0.7728716731071472,-0.02084553986787796
268,2.5974391974159516e-05,5,0.12976156175136566,-0.21955354511737823,0.7728778719902039,-0.013086982071399689
268,2.3728740416117944e-05,6,0.12992200255393982,-0.22094404697418213,0.773285984992981,0.0027580976020544767
268,2.6206032998743467e-05,7,0.1297234147787094,-0.22166232764720917,0.7732550501823425,-0.014018246904015541
268,2.9881857699365355e-05,8,0.129625603556633,-0.22172807157039642,0.7731752991676331,5.047544618719257e-06
269,1.8067510609398596e-05,1,0.14126496016979218,-0.22097815573215485,0.7740548849105835,-0.021775223314762115
269,2.08902929443866e-05,2,0.13807690143585205,-0.22159892320632935,0.7735904455184937,-0.02420029044151306
269,2.0605119061656296e-05,3,0.13606739044189453,-0.223163440823555,0.7736164927482605,-0.011245240457355976
269,2.3212765881908126e-05,4,0.13399261236190796,-0.2239767462015152,0.7733365893363953,-0.02697278931736946
269,2.2235366486711428e-05,5,0.1331484615802765,-0.22500336170196533,0.7735835909843445,-0.0012580289039760828
269,2.5559418645570986e-05,6,0.13198205828666687,-0.22538146376609802,0.7734702825546265,-0.009838629513978958
269,2.755255627562292e-05,7,0.13136011362075806,-0.2261882722377777,0.7735042572021484,-0.014536382630467415
269,3.089103847742081e-05,8,0.13084612786769867,-0.22650855779647827,0.7734621167182922,-0.009963310323655605
270,2.0902170945191756e-05,1,0.1376332938671112,-0.2218494713306427,0.7736455202102661,-0.03043420985341072
270,2.1104349798406474e-05,2,0.13559666275978088,-0.22308222949504852,0.7731796503067017,-0.03752787411212921
270,2.203617441409733e-05,3,0.13355937600135803,-0.22440105676651,0.7728438377380371,-0.035304196178913116
270,2.3492790205636993e-05,4,0.13200780749320984,-0.22574029862880707,0.7726466059684753,-0.025756951421499252
270,2.2088543119025417e-05,5,0.13197608292102814,-0.2274123579263687,0.7728499174118042,-0.009736844338476658
270,2.4844151994329877e-05,6,0.13140666484832764,-0.2281230241060257,0.7727925181388855,0.00426332326605916
270,2.4402257622568868e-05,7,0.13169491291046143,-0.2291855365037918,0.7729517817497253,-0.00193838553968817
270,2.444206074869726e-05,8,0.13187918066978455,-0.23009292781352997,0.7731707692146301,-0.007432915735989809
271,1.7455668057664298e-05,1,0.13903607428073883,-0.22188709676265717,0.7736164927482605,-0.014936298131942749
271,1.938008972501848e-05,2,0.13626208901405334,-0.22267313301563263,0.7733330726623535,-0.013869751244783401
271,2.0794925148948096e-05,3,0.13346612453460693,-0.22381681203842163,0.7730672955513,-0.017129922285676003
271,2.2020944015821442e-05,4,0.13108991086483002,-0.2251376062631607,0.7726869583129883,-0.021701548248529434
271,2.4728256903472356e-05,5,0.12919919192790985,-0.22617268562316895,0.7721788287162781,-0.015071851201355457
271,2.4680763090145774e-05,6,0.12815982103347778,-0.22839292883872986,0.7719836831092834,-0.01644257828593254
271,2.6878382413997315e-05,7,0.12764957547187805,-0.22960098087787628,0.7717516422271729,-0.014525612816214561
271,3.214794196537696e-05,8,0.12741795182228088,-0.2300795018672943,0.7714383602142334,-0.013912715949118137
272,2.5785217076190747e-05,1,0.13607221841812134,-0.2204778790473938,0.7728710770606995,-0.02729346789419651
272,2.81962984445272e-05,2,0.13357017934322357,-0.2206253707408905,0.772752046585083,-0.011915658600628376
272,2.9263443138916045e-05,3,0.1315021812915802,-0.22121530771255493,0.7727059125900269,-0.021097276359796524
272,3.009244755958207e-05,4,0.12981905043125153,-0.2219059020280838,0.7727608680725098,-0.01668694242835045
272,3.1430492526851594e-05,5,0.12873342633247375,-0.22304034233093262,0.7728213667869568,-0.02291697822511196
272,3.2819956686580554e-05,6,0.12820176780223846,-0.2240699678659439,0.7729044556617737,-0.01682441495358944
272,3.486227069515735e-05,7,0.12797878682613373,-0.22465698421001434,0.7728691101074219,-0.005170112010091543
272,3.391493373783305e-05,8,0.12810948491096497,-0.2251788228750229,0.7730645537376404,-0.002904584165662527
273,1.7383139493176714e-05,1,0.132187157869339,-0.22078371047973633,0.774257242679596,-0.007956182584166527
273,1.9334493117639795e-05,2,0.1308504194021225,-0.22036860883235931,0.7740292549133301,-0.02044866979122162
273,2.103097540384624e-05,3,0.12942886352539062,-0.2199552357196808,0.7739732265472412,-0.021980419754981995
273,2.3192629669210874e-05,4,0.12764082849025726,-0.2192714810371399,0.7737329602241516,-0.02887948974967003
273,2.319550549145788e-05,5,0.1263590306043625,-0.21958059072494507,0.7736141681671143,-0.014283757656812668
273,2.3997705284273252e-05,6,0.12516897916793823,-0.2196085900068283,0.7734134793281555,-0.01596502773463726
273,2.307561408088077e-05,7,0.12476462870836258,-0.2206857055425644,0.7733810544013977,-0.0030349250882864
273,2.3553246137453243e-05,8,0.12434883415699005,-0.22108162939548492,0.7731947898864746,-0.011777407489717007
274,2.9803510187775828e-05,1,0.13599789142608643,-0.2139173299074173,0.7735030651092529,-0.020737549290060997
274,3.0408391467062756e-05,2,0.13397160172462463,-0.21420039236545563,0.7733509540557861,-0.03050091303884983
274,3.006000588356983e-05,3,0.13197287917137146,-0.21475520730018616,0.7733549475669861,-0.02495025284588337
274,2.9522385375457816e-05,4,0.13049185276031494,-0.21566881239414215,0.773375928401947,-0.027832962572574615
274,2.75745023827767e-05,5,0.12991629540920258,-0.2163601815700531,0.7735613584518433,-0.0030418855603784323
274,2.6414660169393755e-05,6,0.12963449954986572,-0.21715044975280762,0.7737610936164856,-0.008288298733532429
274,2.6894946131506003e-05,7,0.12936878204345703,-0.21743467450141907,0.7738138437271118,-0.007106514647603035
274,2.6794899895321578e-05,8,0.12924295663833618,-0.21831123530864716,0.7739253640174866,-0.013929269276559353
275,1.6311056242557243e-05,1,0.14196309447288513,-0.21677051484584808,0.7744976878166199,-0.018421433866024017
275,1.8789965906762518e-05,2,0.13982346653938293,-0.2162722796201706,0.7743452191352844,-0.025134827941656113
275,2.0485231289057992e-05,3,0.13740232586860657,-0.21596761047840118,0.7742319107055664,-0.025127459317445755
275,2.1025902242399752e-05,4,0.13537412881851196,-0.21578359603881836,0.7739874124526978,-0.027464304119348526
275,2.100760320900008e-05,5,0.13350741565227509,-0.21608255803585052,0.7738407254219055,-0.015930157154798508
275,1.994637932511978e-05,6,0.13236753642559052,-0.2172655463218689,0.7738527059555054,-0.006928767077624798
275,2.067840614472516e-05,7,0.13169486820697784,-0.2178482860326767,0.7735845446586609,-0.012626642361283302
275,1.860106931417249e-05,8,0.1317785233259201,-0.219503715634346,0.7737176418304443,-0.009104394353926182
276,2.2710026314598508e-05,1,0.13911142945289612,-0.21404172480106354,0.7740606665611267,-0.02611676976084709
276,2.1397676391643472e-05,2,0.13772499561309814,-0.2155124545097351,0.7739154100418091,-0.021508727222681046
276,1.986079223570414e-05,3,0.1360366940498352,-0.21714742481708527,0.7739735841751099,-0.015401997603476048
276,2.2462327251560055e-05,4,0.13397622108459473,-0.2179584950208664,0.7737372517585754,-0.011255765333771706
276,2.455731555528473e-05,5,0.1327846199274063,-0.21884897351264954,0.7735641002655029,-0.008413441479206085
276,2.5339826606796123e-05,6,0.13199715316295624,-0.22015279531478882,0.7735854983329773,-0.017180530354380608
276,2.3586222596350126e-05,7,0.13219404220581055,-0.2218819558620453,0.7738296389579773,-0.006465425249189138
276,2.3868224161560647e-05,8,0.13234159350395203,-0.22263062000274658,0.7739072442054749,-0.01731942966580391
277,2.2357522539095953e-05,1,0.13398614525794983,-0.21816898882389069,0.7744529247283936,-0.012985159642994404
277,2.4318997020600364e-05,2,0.1317761242389679,-0.2185414582490921,0.7740247845649719,-0.01978583261370659
277,2.476082408975344e-05,3,0.12967196106910706,-0.219556987285614,0.7736830115318298,-0.022705793380737305
277,2.441997276037e-05,4,0.12794247269630432,-0.22122915089130402,0.7735357284545898,-0.022494232282042503
277,2.5832745450315997e-05,5,0.12681365013122559,-0.22222177684307098,0.7733904719352722,-0.010651270858943462
277,2.8793452656827867e-05,6,0.12637783586978912,-0.2228943258523941,0.7731873989105225,-0.010530185885727406
277,2.963301449199207e-05,7,0.12636476755142212,-0.22433894872665405,0.773120105266571,-0.010391071438789368
277,2.7600128305493854e-05,8,0.1269756555557251,-0.22522571682929993,0.7733427286148071,-0.012463743798434734
278,2.0585497622960247e-05,1,0.1382325142621994,-0.22140121459960938,0.7743549942970276,-0.02267484739422798
278,2.2427993826568127e-05,2,0.13605067133903503,-0.22099308669567108,0.7740743160247803,-0.024030862376093864
278,2.322064756299369e-05,3,0.13410252332687378,-0.22124285995960236,0.7738913893699646,-0.019533490762114525
278,2.2067088139010593e-05,4,0.13310931622982025,-0.22241972386837006,0.7740532755851746,-0.006111785303801298
278,2.4761815438978374e-05,5,0.13193199038505554,-0.22294066846370697,0.7739217877388,-0.010277839377522469
278,2.7403792046243325e-05,6,0.13126561045646667,-0.22331683337688446,0.7737692594528198,-0.014942345209419727
278,2.6052262910525315e-05,7,0.13125678896903992,-0.22389522194862366,0.7738170027732849,-0.015692977234721184
278,2.4952498279162683e-05,8,0.131098672747612,-0.224556565284729,0.7739942669868469,-0.011625804007053375
279,2.6965031793224625e-05,1,0.1360151767730713,-0.2198941856622696,0.7742111086845398,-0.02009153552353382
279,2.8765405659214593e-05,2,0.13379257917404175,-0.21994872391223907,0.7738581895828247,-0.019403008744120598
279,2.7823598429677077e-05,3,0.13239458203315735,-0.22064892947673798,0.7738702297210693,-0.011647346429526806
279,3.02090138575295e-05,4,0.13088780641555786,-0.22116687893867493,0.7737694978713989,-0.01557084545493126
279,3.408125849091448e-05,5,0.1297696828842163,-0.22154852747917175,0.7735768556594849,-0.01584465615451336
279,3.3361491659889e-05,6,0.12940195202827454,-0.2222106158733368,0.7736154198646545,-0.013313042931258678
279,3.1718835089122877e-05,7,0.12927423417568207,-0.2230042666196823,0.7737525105476379,-0.01000241655856371
279,3.700155866681598e-05,8,0.12875911593437195,-0.22309543192386627,0.7735703587532043,-0.018363673239946365
280,2.9491347959265113e-05,1,0.1345486044883728,-0.21677280962467194,0.773568868637085,-0.022129595279693604
280,3.0265675377449952e-05,2,0.1324346363544464,-0.21707434952259064,0.7734639048576355,-0.02067519538104534
280,3.211637886124663e-05,3,0.13057827949523926,-0.21756890416145325,0.7734366059303284,-0.01710485853254795
280,3.455817204667255e-05,4,0.12927289307117462,-0.21808654069900513,0.7733734846115112,-0.016379855573177338
280,3.853779344353825e-05,5,0.1283121407032013,-0.21825039386749268,0.7731875777244568,-0.013436553999781609
280,3.792543793679215e-05,6,0.1277259737253189,-0.2189887911081314,0.773321270942688,-0.011982746422290802
280,4.026838723802939e-05,7,0.12747830152511597,-0.21936427056789398,0.7733208537101746,-0.012767269276082516
280,4.04362435801886e-05,8,0.12751679122447968,-0.22002805769443512,0.7734214067459106,-0.01130656898021698
281,2.102329563058447e-05,1,0.13512811064720154,-0.21429261565208435,0.7737917304039001,-0.029009925201535225
281,2.1870864657103084e-05,2,0.1332162320613861,-0.21442954242229462,0.7734681367874146,-0.026246849447488785
281,2.311146818101406e-05,3,0.13143903017044067,-0.21467325091362,0.7731642127037048,-0.031911350786685944
281,2.350007343920879e-05,4,0.12970952689647675,-0.21558474004268646,0.7731547951698303,-0.022536443546414375
281,2.449565909046214e-05,5,0.12855365872383118,-0.21654954552650452,0.7731634974479675,-0.023169338703155518
281,2.6481524400878698e-05,6,0.12775038182735443,-0.21715882420539856,0.7731744050979614,-0.014120131731033325
281,2.6053381589008495e-05,7,0.1279359757900238,-0.21814796328544617,0.7734209299087524,-0.004958157427608967
281,2.6984300347976387e-05,8,0.12818576395511627,-0.2185927778482437,0.7735582590103149,-0.0071505047380924225
282,2.3667334971833043e-05,1,0.13389940559864044,-0.21617479622364044,0.7739208340644836,-0.020189590752124786
282,2.364741339988541e-05,2,0.13255448639392853,-0.21699348092079163,0.7737905979156494,-0.022554170340299606
282,2.405975646979641e-05,3,0.13140013813972473,-0.21778294444084167,0.773679256439209,-0.020471947267651558
282,2.463742384861689e-05,4,0.13054803013801575,-0.21860747039318085,0.773631751537323,-0.01838667131960392
282,2.4119281079038046e-05,5,0.1304684728384018,-0.21955569088459015,0.7737876772880554,-0.006976299919188023
282,2.4680102796992287e-05,6,0.1305157095193863,-0.2202329784631729,0.7738951444625854,-0.006567793432623148
282,2.5697458113427274e-05,7,0.13072486221790314,-0.22072340548038483,0.7739582061767578,-0.007858984172344208
282,2.5888357413350604e-05,8,0.13103269040584564,-0.22150427103042603,0.774066686630249,-0.008699082769453526
283,2.1701682271668687e-05,1,0.13662859797477722,-0.2235346883535385,0.7740621566772461,-0.012027646414935589
283,2.2658021407551132e-05,2,0.13577967882156372,-0.22400063276290894,0.7740032076835632,-0.015123071148991585
283,2.6213003366137855e-05,3,0.1339064985513687,-0.22398369014263153,0.7737743258476257,-0.01958395726978779
283,2.734463669185061e-05,4,0.13277962803840637,-0.22434358298778534,0.7736573219299316,-0.02682637982070446
283,3.115906292805448e-05,5,0.13112899661064148,-0.22482362389564514,0.773345947265625,-0.01169852539896965
283,2.891231997637078e-05,6,0.13064277172088623,-0.22564171254634857,0.7733888030052185,-0.015824392437934875
283,2.8435819331207313e-05,7,0.13043564558029175,-0.2262353003025055,0.7732641100883484,-0.012902657501399517
283,3.2093019399326295e-05,8,0.1297115832567215,-0.22696353495121002,0.7729220986366272,-0.008179698139429092
284,2.032360680459533e-05,1,0.13102789223194122,-0.21986079216003418,0.774023711681366,-0.0154802231118083
284,2.003506597247906e-05,2,0.13018549978733063,-0.2196701467037201,0.7739273905754089,-0.011337505653500557
284,1.9910345145035535e-05,3,0.1292998194694519,-0.21989251673221588,0.773835301399231,-0.012670647352933884
284,1.969492768694181e-05,4,0.1285487860441208,-0.22070415318012238,0.7738105058670044,-0.01570996455848217
284,2.3144839360611513e-05,5,0.1271071881055832,-0.22094842791557312,0.7735211849212646,-0.01000610738992691
284,2.240283356513828e-05,6,0.12721587717533112,-0.2217077910900116,0.7735670804977417,-0.012223917059600353
284,2.6065185011248104e-05,7,0.12651492655277252,-0.22193698585033417,0.7733017206192017,-0.014060437679290771
284,2.7713618692359887e-05,8,0.12640145421028137,-0.22241656482219696,0.7731276154518127,-0.015216669999063015
285,1.9678200260386802e-05,1,0.132743239402771,-0.22013990581035614,0.7741814851760864,-0.013616051524877548
285,2.0706567738670856e-05,2,0.13117313385009766,-0.2203061878681183,0.7739629745483398,-0.023574862629175186
285,2.2333890228765085e-05,3,0.12980730831623077,-0.22051042318344116,0.7736924886703491,-0.018123043701052666
285,2.3065096684149466e-05,4,0.12880344688892365,-0.2213110625743866,0.7736474275588989,-0.014163724146783352
285,2.488059544702992e-05,5,0.1284630447626114,-0.22166796028614044,0.7733249664306641,-0.0186914149671793
285,2.268628122692462e-05,6,0.12826740741729736,-0.22257991135120392,0.7735345959663391,-0.015845587477087975
285,2.265776311105583e-05,7,0.1284397840499878,-0.22321127355098724,0.773643970489502,-0.004610329866409302
285,2.8038846721756272e-05,8,0.12775811553001404,-0.22327741980552673,0.7734432220458984,-0.01156616397202015
286,2.4661681891302578e-05,1,0.13025769591331482,-0.21904721856117249,0.7738548517227173,-0.0135717261582613
286,2.7882777430932038e-05,2,0.12872743606567383,-0.2186756432056427,0.7735472321510315,-0.017294755205512047
286,2.6931082174996845e-05,3,0.12808853387832642,-0.21906103193759918,0.7735299468040466,-0.017401080578565598
286,3.094983549090102e-05,4,0.12670254707336426,-0.21885307133197784,0.7730488777160645,-0.01789385825395584
286,2.881617001548875e-05,5,0.12610448896884918,-0.21941368281841278,0.7731157541275024,-0.013898644596338272
286,3.6211309634381905e-05,6,0.12549760937690735,-0.21929961442947388,0.7724317908287048,-0.013636107556521893
286,3.4120512282243e-05,7,0.1247328668832779,-0.22059020400047302,0.7724546790122986,-0.010478445328772068
286,3.512409602990374e-05,8,0.12442497909069061,-0.22182172536849976,0.7725128531455994,-0.011957249604165554
287,2.1627778551192023e-05,1,0.13050320744514465,-0.21469315886497498,0.773860514163971,-0.025531042367219925
287,2.2030815671314485e-05,2,0.12858761847019196,-0.21441133320331573,0.773440957069397,-0.03221903368830681
287,2.282921559526585e-05,3,0.12618020176887512,-0.21408383548259735,0.7731775045394897,-0.008867249824106693
287,2.3413995222654194e-05,4,0.12438330054283142,-0.21490375697612762,0.7731724381446838,-0.019926000386476517
287,2.444961319270078e-05,5,0.1232246682047844,-0.2157386988401413,0.7730865478515625,-0.024666011333465576
287,2.5033607016666792e-05,6,0.12269040942192078,-0.21650195121765137,0.7731509208679199,-0.009003647603094578
287,2.3634293029317632e-05,7,0.12343617528676987,-0.2178688943386078,0.7734851837158203,-0.0014761668862774968
287,2.3686958229518496e-05,8,0.12395988404750824,-0.2185245305299759,0.7736735343933105,-0.0018753934418782592
288,2.2687449018121697e-05,1,0.13148380815982819,-0.21865977346897125,0.7737098932266235,-0.015265289694070816
288,2.3281514586415142e-05,2,0.13031551241874695,-0.2190825343132019,0.7737159729003906,-0.013516933657228947
288,2.621355451992713e-05,3,0.12850600481033325,-0.2193525731563568,0.7734814286231995,-0.020114239305257797
288,2.8232916520209983e-05,4,0.12727297842502594,-0.2197026163339615,0.7731070518493652,-0.021308427676558495
288,2.8223523258930072e-05,5,0.12653739750385284,-0.22034123539924622,0.7727845311164856,-0.015641408041119576
288,3.060476228711195e-05,6,0.1256687045097351,-0.22069744765758514,0.7725139856338501,-0.013230438344180584
288,2.895323996199295e-05,7,0.1253465861082077,-0.22239041328430176,0.7726486921310425,-0.011895240284502506
288,2.994535861944314e-05,8,0.12560419738292694,-0.22346770763397217,0.7726722955703735,-0.011777347885072231
289,2.0916286302963272e-05,1,0.133597731590271,-0.22178268432617188,0.774581253528595,-0.011476768180727959
289,2.3624332243343815e-05,2,0.13197481632232666,-0.22152981162071228,0.774325966835022,-0.021381206810474396
289,2.470817526045721e-05,3,0.13045185804367065,-0.22168666124343872,0.7741121053695679,-0.02124560996890068
289,2.4682009097887203e-05,4,0.12951508164405823,-0.22170670330524445,0.7737202048301697,-0.019397754222154617
289,2.229790152341593e-05,5,0.12898698449134827,-0.2224854826927185,0.7734938859939575,-0.01411449909210205
289,2.1123840269865468e-05,6,0.12812264263629913,-0.22395795583724976,0.7734664678573608,-0.013759734109044075
289,2.126216350006871e-05,7,0.12781786918640137,-0.22529293596744537,0.7734028100967407,-0.019574837759137154
289,2.223191040684469e-05,8,0.12791912257671356,-0.225807785987854,0.7734255790710449,-0.004638899117708206
290,3.0074572350713424e-05,1,0.13427050411701202,-0.2188505232334137,0.7742936015129089,-0.025679323822259903
290,2.8685550205409527e-05,2,0.1329658180475235,-0.21926027536392212,0.774196982383728,-0.03270965814590454
290,2.810871956171468e-05,3,0.13165265321731567,-0.2201400101184845,0.7740901112556458,-0.030099406838417053
290,2.826260606525466e-05,4,0.13075363636016846,-0.22119121253490448,0.7740125060081482,-0.026801249012351036
290,2.9513406843761913e-05,5,0.13036389648914337,-0.22189117968082428,0.7739165425300598,0.00859539769589901
290,2.6725589123088866e-05,6,0.13056039810180664,-0.22313079237937927,0.7741583585739136,-0.006541702430695295
290,2.6323128622607328e-05,7,0.13084633648395538,-0.22389787435531616,0.7742981910705566,0.0009874355746433139
290,2.8256165023776703e-05,8,0.1309949904680252,-0.22419843077659607,0.7743196487426758,-0.0036634893622249365
291,2.1602341803372838e-05,1,0.13154061138629913,-0.21499134600162506,0.7740867137908936,-0.01961827464401722
291,2.1925976398051716e-05,2,0.12941874563694,-0.21475230157375336,0.7738592028617859,-0.026804473251104355
291,2.101577956636902e-05,3,0.12841522693634033,-0.21551765501499176,0.7738387584686279,-0.016628660261631012
291,2.452148692100309e-05,4,0.12687604129314423,-0.2152847945690155,0.7734760046005249,-0.013484599068760872
291,2.5144769097096287e-05,5,0.125824436545372,-0.21604259312152863,0.7734089493751526,-0.01816219463944435
291,2.3834356397856027e-05,6,0.12610843777656555,-0.21692071855068207,0.7736698389053345,-0.004714713431894779
291,2.6318684831494465e-05,7,0.12643581628799438,-0.21692220866680145,0.7736451029777527,-0.01177038624882698
291,2.6265855922247283e-05,8,0.12681609392166138,-0.21780504286289215,0.7737337350845337,-0.010065470822155476
292,2.3003854948910885e-05,1,0.13370433449745178,-0.2132052779197693,0.7744022607803345,-0.012341398745775223
292,2.5083048967644572e-05,2,0.13139021396636963,-0.21339386701583862,0.7741909623146057,-0.01613752357661724
292,2.8000209567835554e-05,3,0.1291554570198059,-0.2136840671300888,0.7737656831741333,-0.01743517443537712
292,2.7174752176506445e-05,4,0.12770976126194,-0.2151704877614975,0.7737166881561279,-0.015022539533674717
292,2.8031518013449386e-05,5,0.1271725594997406,-0.21630634367465973,0.7734417915344238,-0.020233921706676483
292,2.8593838578672148e-05,6,0.1269586980342865,-0.21724557876586914,0.7731233239173889,-0.01850828155875206
292,2.7005538868252188e-05,7,0.12675708532333374,-0.2188074141740799,0.773137629032135,-0.011171026155352592
292,2.7660918931360357e-05,8,0.12710313498973846,-0.21998444199562073,0.7731059789657593,-0.010059915482997894
293,2.429410051263403e-05,1,0.1349329948425293,-0.2125997543334961,0.7740992903709412,-0.019255472347140312
293,2.6758561944006942e-05,2,0.13228127360343933,-0.21237598359584808,0.7738139033317566,-0.0250314362347126
293,2.7272863007965498e-05,3,0.12994664907455444,-0.2129027098417282,0.7736201882362366,-0.02673298865556717
293,2.8561185899889097e-05,4,0.12797191739082336,-0.21321168541908264,0.7733482718467712,-0.014451531693339348
293,2.9024784453213215e-05,5,0.12657645344734192,-0.2139008641242981,0.773135781288147,-0.01735016331076622
293,2.907634188886732e-05,6,0.12543067336082458,-0.2148737758398056,0.7731307744979858,-0.017152773216366768
293,3.0208264433895238e-05,7,0.12496083974838257,-0.21580742299556732,0.7730989456176758,-0.016934972256422043
293,3.252325041103177e-05,8,0.12483534961938858,-0.21646252274513245,0.7729457020759583,-10.364346504211426
294,2.3458584109903313e-05,1,0.13526146113872528,-0.2153322994709015,0.7745710611343384,-0.015724562108516693
294,2.2761238142265938e-05,2,0.1337033212184906,-0.21628592908382416,0.7743052244186401,-0.017799247056245804
294,2.2979867935646325e-05,3,0.13226011395454407,-0.2172544151544571,0.7738926410675049,-0.01974264718592167
294,2.2278154574451037e-05,4,0.130833700299263,-0.21846552193164825,0.7737634181976318,-0.023031672462821007
294,2.2566331608686596e-05,5,0.13000106811523438,-0.21965664625167847,0.7736079692840576,-0.018067287281155586
294,2.2575737602892332e-05,6,0.12950295209884644,-0.2209731489419937,0.773576021194458,-0.017949795350432396
294,2.0738581952173263e-05,7,0.13013866543769836,-0.22228433191776276,0.7737913727760315,-10.372869491577148
295,2.3911854441394098e-05,1,0.1351454257965088,-0.21593935787677765,0.7745503783226013,-0.018956052139401436
295,2.4724486138438806e-05,2,0.1337120532989502,-0.21649286150932312,0.7740896344184875,-0.023929862305521965
295,2.478730857546907e-05,3,0.13194915652275085,-0.21733282506465912,0.7738766670227051,-0.02510424703359604
295,2.5425466446904466e-05,4,0.1305522918701172,-0.21817904710769653,0.773693859577179,-0.020498139783740044
295,2.581183798611164e-05,5,0.12942975759506226,-0.21911171078681946,0.7736524343490601,-0.018399884924292564
295,2.4077431589830667e-05,6,0.1294870525598526,-0.22012284398078918,0.7738823890686035,-10.365174293518066
296,2.265674811496865e-05,1,0.13488174974918365,-0.22074618935585022,0.7747882008552551,-0.014202306978404522
296,2.38771262957016e-05,2,0.13368123769760132,-0.22100229561328888,0.7745509743690491,-0.017628449946641922
296,2.443653647787869e-05,3,0.13238918781280518,-0.2216748148202896,0.7742427587509155,-0.018771089613437653
296,2.3890086595201865e-05,4,0.13127532601356506,-0.22275632619857788,0.7740609049797058,-0.020439567044377327
296,2.2117632397566922e-05,5,0.13114327192306519,-0.22374993562698364,0.7740196585655212,-10.379312515258789
297,2.2230107788345776e-05,1,0.1325201690196991,-0.2205885797739029,0.7743326425552368,-0.014322753064334393
297,2.4062075681285933e-05,2,0.13107170164585114,-0.2201375812292099,0.77400803565979,-0.017715640366077423
297,2.472924825269729e-05,3,0.12962517142295837,-0.2204473465681076,0.7738322615623474,-0.018368374556303024
297,2.3665643311687745e-05,4,0.12931349873542786,-0.22095400094985962,0.7738269567489624,-10.378890037536621
298,2.43340982706286e-05,1,0.134251669049263,-0.21813523769378662,0.7749127149581909,-0.02118152752518654
298,2.5319390260847285e-05,2,0.13220982253551483,-0.21847248077392578,0.7747544050216675,-0.021236931905150414
298,2.4573901100666262e-05,3,0.13106098771095276,-0.21901077032089233,0.7746800184249878,-10.37456226348877
299,2.4192419004975818e-05,1,0.1331629753112793,-0.21689017117023468,0.7741272449493408,-0.019764496013522148
299,2.5775751055334695e-05,2,0.131215900182724,-0.21673791110515594,0.7737666368484497,-10.372504234313965
300,2.2036931113689207e-05,1,0.13805872201919556,-0.21748772263526917,0.7744327783584595,-10.384812355041504
