candidate,discounted_reward,executed_selected,invalid_reasons,score,selected,step,terminal_SAC_critic,valid
0,-0.08198167284366087,True,,-0.08198167284366087,True,1,0.0,True
1,-0.06589109681025887,False,,-0.06589109681025887,False,1,0.0,True
2,-0.05735259525034046,False,,-0.05735259525034046,False,1,0.0,True
3,-0.055313611438864194,False,,-0.055313611438864194,False,1,0.0,True
4,-0.05849578976272289,False,,-0.05849578976272289,False,1,0.0,True
5,-0.05613136921515001,False,,-0.05613136921515001,False,1,0.0,True
6,-0.056335140365106985,False,,-0.056335140365106985,False,1,0.0,True
7,-0.04595882229352932,False,,-0.04595882229352932,False,1,0.0,True
8,-0.05260278246961082,False,,-0.05260278246961082,False,1,0.0,True
9,-0.057179610795406254,False,,-0.057179610795406254,False,1,0.0,True
10,-0.053319638368115485,False,,-0.053319638368115485,False,1,0.0,True
11,-0.050395432470781744,False,,-0.050395432470781744,False,1,0.0,True
12,-0.051623043768486226,False,,-0.051623043768486226,False,1,0.0,True
13,-0.060891667331043654,False,,-0.060891667331043654,False,1,0.0,True
14,-0.04329285114852372,False,,-0.04329285114852372,False,1,0.0,True
15,-0.051495669594136664,False,,-0.051495669594136664,False,1,0.0,True
16,-0.05640184111087206,False,,-0.05640184111087206,False,1,0.0,True
17,-0.04680652605476344,False,,-0.04680652605476344,False,1,0.0,True
18,-0.04788371261761422,False,,-0.04788371261761422,False,1,0.0,True
19,-0.05508203467434912,False,,-0.05508203467434912,False,1,0.0,True
20,-0.048204369640891594,False,,-0.048204369640891594,False,1,0.0,True
21,-0.0601471507999123,False,,-0.0601471507999123,False,1,0.0,True
22,-0.05746948146741905,False,,-0.05746948146741905,False,1,0.0,True
23,-0.05083327784734461,False,,-0.05083327784734461,False,1,0.0,True
24,-0.052545372714866076,False,,-0.052545372714866076,False,1,0.0,True
25,-0.049230915520526025,False,,-0.049230915520526025,False,1,0.0,True
26,-0.06621349969360288,False,,-0.06621349969360288,False,1,0.0,True
27,-0.05293079801356642,False,,-0.05293079801356642,False,1,0.0,True
28,-0.049658857087088865,False,,-0.049658857087088865,False,1,0.0,True
29,-0.05086103262226582,False,,-0.05086103262226582,False,1,0.0,True
30,-0.048513317321202676,False,,-0.048513317321202676,False,1,0.0,True
31,-0.05895917357337322,False,,-0.05895917357337322,False,1,0.0,True
32,-0.05651603106717936,False,,-0.05651603106717936,False,1,0.0,True
33,-0.0610627163284404,False,,-0.0610627163284404,False,1,0.0,True
34,-0.05333655298020433,False,,-0.05333655298020433,False,1,0.0,True
35,-0.06612920997118481,False,,-0.06612920997118481,False,1,0.0,True
36,-0.056095543569073265,False,,-0.056095543569073265,False,1,0.0,True
37,-0.0637858572436018,False,,-0.0637858572436018,False,1,0.0,True
38,-0.05759166695345995,False,,-0.05759166695345995,False,1,0.0,True
39,-0.057981199955429205,False,,-0.057981199955429205,False,1,0.0,True
40,-0.04929391449348909,False,,-0.04929391449348909,False,1,0.0,True
41,-0.044383937345964984,False,,-0.044383937345964984,False,1,0.0,True
42,-0.05538409631307904,False,,-0.05538409631307904,False,1,0.0,True
43,-0.04957585880469026,False,,-0.04957585880469026,False,1,0.0,True
44,-0.060560596262770716,False,,-0.060560596262770716,False,1,0.0,True
45,-0.054853473835448974,False,,-0.054853473835448974,False,1,0.0,True
46,-0.05359422428984595,False,,-0.05359422428984595,False,1,0.0,True
47,-0.052524945877080634,False,,-0.052524945877080634,False,1,0.0,True
48,-0.05761686444362265,False,,-0.05761686444362265,False,1,0.0,True
49,-0.0507611150864193,False,,-0.0507611150864193,False,1,0.0,True
50,-0.0653349421722412,False,,-0.0653349421722412,False,1,0.0,True
51,-0.05584528744510804,False,,-0.05584528744510804,False,1,0.0,True
52,-0.060209507901530124,False,,-0.060209507901530124,False,1,0.0,True
53,-0.05020092510963042,False,,-0.05020092510963042,False,1,0.0,True
54,-0.059022640848316814,False,,-0.059022640848316814,False,1,0.0,True
55,-0.0470454705958111,False,,-0.0470454705958111,False,1,0.0,True
56,-0.052433108072834106,False,,-0.052433108072834106,False,1,0.0,True
57,-0.056157678981528715,False,,-0.056157678981528715,False,1,0.0,True
58,-0.05356721324575881,False,,-0.05356721324575881,False,1,0.0,True
59,-0.05244566141818142,False,,-0.05244566141818142,False,1,0.0,True
60,-0.05876390458048637,False,,-0.05876390458048637,False,1,0.0,True
61,-0.052862224250123636,False,,-0.052862224250123636,False,1,0.0,True
62,-0.055158269582570724,False,,-0.055158269582570724,False,1,0.0,True
63,-0.05602750088374243,False,,-0.05602750088374243,False,1,0.0,True
0,-0.08968779998033038,True,,-0.08968779998033038,True,2,0.0,True
1,-0.0896907203818646,False,,-0.0896907203818646,False,2,0.0,True
2,-0.05570663301994084,False,,-0.05570663301994084,False,2,0.0,True
3,-0.05403052453993082,False,,-0.05403052453993082,False,2,0.0,True
4,-0.06654048589235274,False,,-0.06654048589235274,False,2,0.0,True
5,-0.07060714685086063,False,,-0.07060714685086063,False,2,0.0,True
6,-0.056428538727646346,False,,-0.056428538727646346,False,2,0.0,True
7,-0.05818385507943129,False,,-0.05818385507943129,False,2,0.0,True
8,-0.059919030967505824,False,,-0.059919030967505824,False,2,0.0,True
9,-0.05477343209359261,False,,-0.05477343209359261,False,2,0.0,True
10,-0.05673222339491539,False,,-0.05673222339491539,False,2,0.0,True
11,-0.05937986589367928,False,,-0.05937986589367928,False,2,0.0,True
12,-0.05436666825376771,False,,-0.05436666825376771,False,2,0.0,True
13,-0.05882159473342609,False,,-0.05882159473342609,False,2,0.0,True
14,-0.05753092202402259,False,,-0.05753092202402259,False,2,0.0,True
15,-0.05638909741488199,False,,-0.05638909741488199,False,2,0.0,True
16,-0.05388913307918887,False,,-0.05388913307918887,False,2,0.0,True
17,-0.05614236692835062,False,,-0.05614236692835062,False,2,0.0,True
18,-0.06475203005240668,False,,-0.06475203005240668,False,2,0.0,True
19,-0.055562899571840095,False,,-0.055562899571840095,False,2,0.0,True
20,-0.06073395200757288,False,,-0.06073395200757288,False,2,0.0,True
21,-0.05054261076255,False,,-0.05054261076255,False,2,0.0,True
22,-0.05757253306601681,False,,-0.05757253306601681,False,2,0.0,True
23,-0.05846640111239929,False,,-0.05846640111239929,False,2,0.0,True
24,-0.05947372498054958,False,,-0.05947372498054958,False,2,0.0,True
25,-0.06348927209346697,False,,-0.06348927209346697,False,2,0.0,True
26,-0.05442350560736951,False,,-0.05442350560736951,False,2,0.0,True
27,-0.05665130498813818,False,,-0.05665130498813818,False,2,0.0,True
28,-0.056917494638273225,False,,-0.056917494638273225,False,2,0.0,True
29,-0.060646521219118274,False,,-0.060646521219118274,False,2,0.0,True
30,-0.05546785325082049,False,,-0.05546785325082049,False,2,0.0,True
31,-0.058507893487251994,False,,-0.058507893487251994,False,2,0.0,True
32,-0.04931094702613014,False,,-0.04931094702613014,False,2,0.0,True
33,-0.06280224725637862,False,,-0.06280224725637862,False,2,0.0,True
34,-0.050550795854147,False,,-0.050550795854147,False,2,0.0,True
35,-0.0645516719011108,False,,-0.0645516719011108,False,2,0.0,True
36,-0.05425415301481285,False,,-0.05425415301481285,False,2,0.0,True
37,-0.05868467503308228,False,,-0.05868467503308228,False,2,0.0,True
38,-0.060519983552444305,False,,-0.060519983552444305,False,2,0.0,True
39,-0.052874687001864845,False,,-0.052874687001864845,False,2,0.0,True
40,-0.054918547020221004,False,,-0.054918547020221004,False,2,0.0,True
41,-0.05484018133965339,False,,-0.05484018133965339,False,2,0.0,True
42,-0.055597715759640134,False,,-0.055597715759640134,False,2,0.0,True
43,-0.06530547632277513,False,,-0.06530547632277513,False,2,0.0,True
44,-0.0637518483080818,False,,-0.0637518483080818,False,2,0.0,True
45,-0.05536931168087128,False,,-0.05536931168087128,False,2,0.0,True
46,-0.05907530982513105,False,,-0.05907530982513105,False,2,0.0,True
47,-0.060798281356262626,False,,-0.060798281356262626,False,2,0.0,True
48,-0.06430395040705612,False,,-0.06430395040705612,False,2,0.0,True
49,-0.05903584026112632,False,,-0.05903584026112632,False,2,0.0,True
50,-0.05651147584375914,False,,-0.05651147584375914,False,2,0.0,True
51,-0.057095211702845955,False,,-0.057095211702845955,False,2,0.0,True
52,-0.06397355189615031,False,,-0.06397355189615031,False,2,0.0,True
53,-0.05586770211208205,False,,-0.05586770211208205,False,2,0.0,True
54,-0.06899075222394699,False,,-0.06899075222394699,False,2,0.0,True
55,-0.05547841211060825,False,,-0.05547841211060825,False,2,0.0,True
56,-0.06688787084316156,False,,-0.06688787084316156,False,2,0.0,True
57,-0.057359032397081795,False,,-0.057359032397081795,False,2,0.0,True
58,-0.056030298186574644,False,,-0.056030298186574644,False,2,0.0,True
59,-0.055367605653028076,False,,-0.055367605653028076,False,2,0.0,True
60,-0.060586513246172244,False,,-0.060586513246172244,False,2,0.0,True
61,-0.05875363340786176,False,,-0.05875363340786176,False,2,0.0,True
62,-0.05715566879837236,False,,-0.05715566879837236,False,2,0.0,True
63,-0.05936601041474891,False,,-0.05936601041474891,False,2,0.0,True
0,-0.08420592372155211,True,,-0.08420592372155211,True,3,0.0,True
1,-0.08430367925762502,False,,-0.08430367925762502,False,3,0.0,True
2,-0.04080582268244923,False,,-0.04080582268244923,False,3,0.0,True
3,-0.04574199633824642,False,,-0.04574199633824642,False,3,0.0,True
4,-0.040184138787876106,False,,-0.040184138787876106,False,3,0.0,True
5,-0.04636047193669467,False,,-0.04636047193669467,False,3,0.0,True
6,-0.048057316945057216,False,,-0.048057316945057216,False,3,0.0,True
7,-0.05454590592849108,False,,-0.05454590592849108,False,3,0.0,True
8,-0.044425237942439535,False,,-0.044425237942439535,False,3,0.0,True
9,-0.04975379291218486,False,,-0.04975379291218486,False,3,0.0,True
10,-0.050929398323469724,False,,-0.050929398323469724,False,3,0.0,True
11,-0.05168937467427031,False,,-0.05168937467427031,False,3,0.0,True
12,-0.04732064764750134,False,,-0.04732064764750134,False,3,0.0,True
13,-0.04420195263398059,False,,-0.04420195263398059,False,3,0.0,True
14,-0.05164628770076858,False,,-0.05164628770076858,False,3,0.0,True
15,-0.0455002339253963,False,,-0.0455002339253963,False,3,0.0,True
16,-0.04874534077944301,False,,-0.04874534077944301,False,3,0.0,True
17,-0.05438284170728862,False,,-0.05438284170728862,False,3,0.0,True
18,-0.05500572119661118,False,,-0.05500572119661118,False,3,0.0,True
19,-0.03548590259844619,False,,-0.03548590259844619,False,3,0.0,True
20,-0.045588816076520954,False,,-0.045588816076520954,False,3,0.0,True
21,-0.04361185910295095,False,,-0.04361185910295095,False,3,0.0,True
22,-0.05118501315236368,False,,-0.05118501315236368,False,3,0.0,True
23,-0.05060799026399324,False,,-0.05060799026399324,False,3,0.0,True
24,-0.05925438873412563,False,,-0.05925438873412563,False,3,0.0,True
25,-0.044543448363128464,False,,-0.044543448363128464,False,3,0.0,True
26,-0.0444307586442853,False,,-0.0444307586442853,False,3,0.0,True
27,-0.0518223003959095,False,,-0.0518223003959095,False,3,0.0,True
28,-0.045845863003419904,False,,-0.045845863003419904,False,3,0.0,True
29,-0.03985198435037966,False,,-0.03985198435037966,False,3,0.0,True
30,-0.04386341345939155,False,,-0.04386341345939155,False,3,0.0,True
31,-0.04047540349519796,False,,-0.04047540349519796,False,3,0.0,True
32,-0.04814388104712413,False,,-0.04814388104712413,False,3,0.0,True
33,-0.04064217767963442,False,,-0.04064217767963442,False,3,0.0,True
34,-0.04725481241038503,False,,-0.04725481241038503,False,3,0.0,True
35,-0.04474888341905832,False,,-0.04474888341905832,False,3,0.0,True
36,-0.041951606975467494,False,,-0.041951606975467494,False,3,0.0,True
37,-0.04111235224281369,False,,-0.04111235224281369,False,3,0.0,True
38,-0.04430535987991898,False,,-0.04430535987991898,False,3,0.0,True
39,-0.04386653384442746,False,,-0.04386653384442746,False,3,0.0,True
40,-0.049023437288079126,False,,-0.049023437288079126,False,3,0.0,True
41,-0.04735936243410982,False,,-0.04735936243410982,False,3,0.0,True
42,-0.04875061816722206,False,,-0.04875061816722206,False,3,0.0,True
43,-0.04328304374179996,False,,-0.04328304374179996,False,3,0.0,True
44,-0.05156186603300436,False,,-0.05156186603300436,False,3,0.0,True
45,-0.04411569924279876,False,,-0.04411569924279876,False,3,0.0,True
46,-0.05720993060756467,False,,-0.05720993060756467,False,3,0.0,True
47,-0.045605233500468606,False,,-0.045605233500468606,False,3,0.0,True
48,-0.046520311810400596,False,,-0.046520311810400596,False,3,0.0,True
49,-0.052284220050281945,False,,-0.052284220050281945,False,3,0.0,True
50,-0.04101639614342339,False,,-0.04101639614342339,False,3,0.0,True
51,-0.05255459315967394,False,,-0.05255459315967394,False,3,0.0,True
52,-0.0421792012036918,False,,-0.0421792012036918,False,3,0.0,True
53,-0.0485779197566947,False,,-0.0485779197566947,False,3,0.0,True
54,-0.04347950731347203,False,,-0.04347950731347203,False,3,0.0,True
55,-0.0454598437100629,False,,-0.0454598437100629,False,3,0.0,True
56,-0.04796007910174501,False,,-0.04796007910174501,False,3,0.0,True
57,-0.0515375792547354,False,,-0.0515375792547354,False,3,0.0,True
58,-0.039125734146188015,False,,-0.039125734146188015,False,3,0.0,True
59,-0.0480822842937531,False,,-0.0480822842937531,False,3,0.0,True
60,-0.04530727819633848,False,,-0.04530727819633848,False,3,0.0,True
61,-0.041882089463541966,False,,-0.041882089463541966,False,3,0.0,True
62,-0.05933419442041142,False,,-0.05933419442041142,False,3,0.0,True
63,-0.05389898556469569,False,,-0.05389898556469569,False,3,0.0,True
0,-0.08023837187341323,True,,-0.08023837187341323,True,4,0.0,True
1,-0.08018502016776835,False,,-0.08018502016776835,False,4,0.0,True
2,-0.044527147853226506,False,,-0.044527147853226506,False,4,0.0,True
3,-0.044250017120369536,False,,-0.044250017120369536,False,4,0.0,True
4,-0.051277592771703226,False,,-0.051277592771703226,False,4,0.0,True
5,-0.053916328196880615,False,,-0.053916328196880615,False,4,0.0,True
6,-0.04286188526146276,False,,-0.04286188526146276,False,4,0.0,True
7,-0.04247888121019812,False,,-0.04247888121019812,False,4,0.0,True
8,-0.04749518093328046,False,,-0.04749518093328046,False,4,0.0,True
9,-0.042704476157106416,False,,-0.042704476157106416,False,4,0.0,True
10,-0.051795401137082156,False,,-0.051795401137082156,False,4,0.0,True
11,-0.04724670177592355,False,,-0.04724670177592355,False,4,0.0,True
12,-0.04387538378304337,False,,-0.04387538378304337,False,4,0.0,True
13,-0.04998206293572822,False,,-0.04998206293572822,False,4,0.0,True
14,-0.0513910048909325,False,,-0.0513910048909325,False,4,0.0,True
15,-0.050323516736854305,False,,-0.050323516736854305,False,4,0.0,True
16,-0.04465164002938201,False,,-0.04465164002938201,False,4,0.0,True
17,-0.04178748814713058,False,,-0.04178748814713058,False,4,0.0,True
18,-0.05579405585765277,False,,-0.05579405585765277,False,4,0.0,True
19,-0.0490925797381013,False,,-0.0490925797381013,False,4,0.0,True
20,-0.04761526506227438,False,,-0.04761526506227438,False,4,0.0,True
21,-0.03838190730434937,False,,-0.03838190730434937,False,4,0.0,True
22,-0.045000026971509045,False,,-0.045000026971509045,False,4,0.0,True
23,-0.0553863115028872,False,,-0.0553863115028872,False,4,0.0,True
24,-0.05034700588169434,False,,-0.05034700588169434,False,4,0.0,True
25,-0.05279424354423032,False,,-0.05279424354423032,False,4,0.0,True
26,-0.046921903535909394,False,,-0.046921903535909394,False,4,0.0,True
27,-0.048979830949049216,False,,-0.048979830949049216,False,4,0.0,True
28,-0.0504981302374565,False,,-0.0504981302374565,False,4,0.0,True
29,-0.04203174065561632,False,,-0.04203174065561632,False,4,0.0,True
30,-0.04956394860886087,False,,-0.04956394860886087,False,4,0.0,True
31,-0.04723453292351318,False,,-0.04723453292351318,False,4,0.0,True
32,-0.047635305672973506,False,,-0.047635305672973506,False,4,0.0,True
33,-0.04286761343574807,False,,-0.04286761343574807,False,4,0.0,True
34,-0.040480141339320715,False,,-0.040480141339320715,False,4,0.0,True
35,-0.04219827681128169,False,,-0.04219827681128169,False,4,0.0,True
36,-0.04638725818077255,False,,-0.04638725818077255,False,4,0.0,True
37,-0.039463223331009344,False,,-0.039463223331009344,False,4,0.0,True
38,-0.051177500265704584,False,,-0.051177500265704584,False,4,0.0,True
39,-0.0471238329511946,False,,-0.0471238329511946,False,4,0.0,True
40,-0.041982829451228554,False,,-0.041982829451228554,False,4,0.0,True
41,-0.05205625446934464,False,,-0.05205625446934464,False,4,0.0,True
42,-0.04993298811918795,False,,-0.04993298811918795,False,4,0.0,True
43,-0.057532033441559334,False,,-0.057532033441559334,False,4,0.0,True
44,-0.05002041916930233,False,,-0.05002041916930233,False,4,0.0,True
45,-0.03789673011568384,False,,-0.03789673011568384,False,4,0.0,True
46,-0.05306133933734461,False,,-0.05306133933734461,False,4,0.0,True
47,-0.0487954904990405,False,,-0.0487954904990405,False,4,0.0,True
48,-0.04692471119340584,False,,-0.04692471119340584,False,4,0.0,True
49,-0.052243817218663606,False,,-0.052243817218663606,False,4,0.0,True
50,-0.053717072712686206,False,,-0.053717072712686206,False,4,0.0,True
51,-0.05275476500700303,False,,-0.05275476500700303,False,4,0.0,True
52,-0.03427381389974397,False,,-0.03427381389974397,False,4,0.0,True
53,-0.039747257040190845,False,,-0.039747257040190845,False,4,0.0,True
54,-0.045619354710224214,False,,-0.045619354710224214,False,4,0.0,True
55,-0.04415756730251927,False,,-0.04415756730251927,False,4,0.0,True
56,-0.04191534998151125,False,,-0.04191534998151125,False,4,0.0,True
57,-0.04553715565588752,False,,-0.04553715565588752,False,4,0.0,True
58,-0.05119395369432443,False,,-0.05119395369432443,False,4,0.0,True
59,-0.0446176415263455,False,,-0.0446176415263455,False,4,0.0,True
60,-0.049554106817037695,False,,-0.049554106817037695,False,4,0.0,True
61,-0.06154296585082798,False,,-0.06154296585082798,False,4,0.0,True
62,-0.045461351035485514,False,,-0.045461351035485514,False,4,0.0,True
63,-0.04219140520031511,False,,-0.04219140520031511,False,4,0.0,True
0,-0.07141243113450325,True,,-0.07141243113450325,True,5,0.0,True
1,-0.07148838846898983,False,,-0.07148838846898983,False,5,0.0,True
2,-0.04214063871856408,False,,-0.04214063871856408,False,5,0.0,True
3,-0.030219238534965363,False,,-0.030219238534965363,False,5,0.0,True
4,-0.03873100914127464,False,,-0.03873100914127464,False,5,0.0,True
5,-0.04825614043250036,False,,-0.04825614043250036,False,5,0.0,True
6,-0.03703132451839454,False,,-0.03703132451839454,False,5,0.0,True
7,-0.0489941217139399,False,,-0.0489941217139399,False,5,0.0,True
8,-0.03975374344232792,False,,-0.03975374344232792,False,5,0.0,True
9,-0.039101506092141136,False,,-0.039101506092141136,False,5,0.0,True
10,-0.034173927188103095,False,,-0.034173927188103095,False,5,0.0,True
11,-0.0431937964324241,False,,-0.0431937964324241,False,5,0.0,True
12,-0.04418285770053509,False,,-0.04418285770053509,False,5,0.0,True
13,-0.040872296587009006,False,,-0.040872296587009006,False,5,0.0,True
14,-0.028748033645746726,False,,-0.028748033645746726,False,5,0.0,True
15,-0.03729680911047667,False,,-0.03729680911047667,False,5,0.0,True
16,-0.04350198163118523,False,,-0.04350198163118523,False,5,0.0,True
17,-0.05400449499325229,False,,-0.05400449499325229,False,5,0.0,True
18,-0.04033687522342893,False,,-0.04033687522342893,False,5,0.0,True
19,-0.03813641128921119,False,,-0.03813641128921119,False,5,0.0,True
20,-0.03588639841110898,False,,-0.03588639841110898,False,5,0.0,True
21,-0.03682317419408461,False,,-0.03682317419408461,False,5,0.0,True
22,-0.039156954406629585,False,,-0.039156954406629585,False,5,0.0,True
23,-0.036979661063209435,False,,-0.036979661063209435,False,5,0.0,True
24,-0.03879358701650443,False,,-0.03879358701650443,False,5,0.0,True
25,-0.03929242241860627,False,,-0.03929242241860627,False,5,0.0,True
26,-0.03686679562124597,False,,-0.03686679562124597,False,5,0.0,True
27,-0.03596639665512732,False,,-0.03596639665512732,False,5,0.0,True
28,-0.04557782301751674,False,,-0.04557782301751674,False,5,0.0,True
29,-0.038788802060649746,False,,-0.038788802060649746,False,5,0.0,True
30,-0.049496808247761,False,,-0.049496808247761,False,5,0.0,True
31,-0.041985396255383556,False,,-0.041985396255383556,False,5,0.0,True
32,-0.038067796474036304,False,,-0.038067796474036304,False,5,0.0,True
33,-0.03621010067793162,False,,-0.03621010067793162,False,5,0.0,True
34,-0.039911957982129834,False,,-0.039911957982129834,False,5,0.0,True
35,-0.04336878583780351,False,,-0.04336878583780351,False,5,0.0,True
36,-0.036755108733959485,False,,-0.036755108733959485,False,5,0.0,True
37,-0.04385885355201029,False,,-0.04385885355201029,False,5,0.0,True
38,-0.03779262233124315,False,,-0.03779262233124315,False,5,0.0,True
39,-0.042783688757321074,False,,-0.042783688757321074,False,5,0.0,True
40,-0.04246056516163775,False,,-0.04246056516163775,False,5,0.0,True
41,-0.03618379426345478,False,,-0.03618379426345478,False,5,0.0,True
42,-0.03585354563306543,False,,-0.03585354563306543,False,5,0.0,True
43,-0.04827483300636205,False,,-0.04827483300636205,False,5,0.0,True
44,-0.037064850990241885,False,,-0.037064850990241885,False,5,0.0,True
45,-0.05260611510597303,False,,-0.05260611510597303,False,5,0.0,True
46,-0.03329377440941531,False,,-0.03329377440941531,False,5,0.0,True
47,-0.036555760678167695,False,,-0.036555760678167695,False,5,0.0,True
48,-0.04549302626529009,False,,-0.04549302626529009,False,5,0.0,True
49,-0.036392999973102205,False,,-0.036392999973102205,False,5,0.0,True
50,-0.046847483860650324,False,,-0.046847483860650324,False,5,0.0,True
51,-0.04256274801440682,False,,-0.04256274801440682,False,5,0.0,True
52,-0.042650830126060274,False,,-0.042650830126060274,False,5,0.0,True
53,-0.037361495729978954,False,,-0.037361495729978954,False,5,0.0,True
54,-0.04226810129747835,False,,-0.04226810129747835,False,5,0.0,True
55,-0.035742460920631686,False,,-0.035742460920631686,False,5,0.0,True
56,-0.035211139579464146,False,,-0.035211139579464146,False,5,0.0,True
57,-0.03993396146340577,False,,-0.03993396146340577,False,5,0.0,True
58,-0.0438992131517099,False,,-0.0438992131517099,False,5,0.0,True
59,-0.05282598774258766,False,,-0.05282598774258766,False,5,0.0,True
60,-0.0363258335360926,False,,-0.0363258335360926,False,5,0.0,True
61,-0.04457645867692754,False,,-0.04457645867692754,False,5,0.0,True
62,-0.03391326121080735,False,,-0.03391326121080735,False,5,0.0,True
63,-0.042090163244959886,False,,-0.042090163244959886,False,5,0.0,True
0,-0.0636309142052216,True,,-0.0636309142052216,True,6,0.0,True
1,-0.06371266507485174,False,,-0.06371266507485174,False,6,0.0,True
2,-0.017690945783341377,False,,-0.017690945783341377,False,6,0.0,True
3,-0.02944855416527732,False,,-0.02944855416527732,False,6,0.0,True
4,-0.03238659325027335,False,,-0.03238659325027335,False,6,0.0,True
5,-0.04220005864215602,False,,-0.04220005864215602,False,6,0.0,True
6,-0.023752328935585727,False,,-0.023752328935585727,False,6,0.0,True
7,-0.03295265954234289,False,,-0.03295265954234289,False,6,0.0,True
8,-0.028707235334720832,False,,-0.028707235334720832,False,6,0.0,True
9,-0.03380361583482334,False,,-0.03380361583482334,False,6,0.0,True
10,-0.03179532592165926,False,,-0.03179532592165926,False,6,0.0,True
11,-0.027425441853735275,False,,-0.027425441853735275,False,6,0.0,True
12,-0.04078812312920538,False,,-0.04078812312920538,False,6,0.0,True
13,-0.021882754065389427,False,,-0.021882754065389427,False,6,0.0,True
14,-0.02635362321757161,False,,-0.02635362321757161,False,6,0.0,True
15,-0.03371523504344551,False,,-0.03371523504344551,False,6,0.0,True
16,-0.030472196647529592,False,,-0.030472196647529592,False,6,0.0,True
17,-0.029814990719522462,False,,-0.029814990719522462,False,6,0.0,True
18,-0.03418558169840732,False,,-0.03418558169840732,False,6,0.0,True
19,-0.03416754582017431,False,,-0.03416754582017431,False,6,0.0,True
20,-0.03348382123595654,False,,-0.03348382123595654,False,6,0.0,True
21,-0.030468794901118656,False,,-0.030468794901118656,False,6,0.0,True
22,-0.029903644851436314,False,,-0.029903644851436314,False,6,0.0,True
23,-0.030079060305349205,False,,-0.030079060305349205,False,6,0.0,True
24,-0.027252586473224157,False,,-0.027252586473224157,False,6,0.0,True
25,-0.0348733689099934,False,,-0.0348733689099934,False,6,0.0,True
26,-0.03350397943006313,False,,-0.03350397943006313,False,6,0.0,True
27,-0.030378342237604397,False,,-0.030378342237604397,False,6,0.0,True
28,-0.03900231267237437,False,,-0.03900231267237437,False,6,0.0,True
29,-0.03243756920224367,False,,-0.03243756920224367,False,6,0.0,True
30,-0.030313982591670893,False,,-0.030313982591670893,False,6,0.0,True
31,-0.0290990011080737,False,,-0.0290990011080737,False,6,0.0,True
32,-0.030480019451662052,False,,-0.030480019451662052,False,6,0.0,True
33,-0.024269728880639947,False,,-0.024269728880639947,False,6,0.0,True
34,-0.028409812803654386,False,,-0.028409812803654386,False,6,0.0,True
35,-0.027291780388116093,False,,-0.027291780388116093,False,6,0.0,True
36,-0.02842536704491702,False,,-0.02842536704491702,False,6,0.0,True
37,-0.029574488395352996,False,,-0.029574488395352996,False,6,0.0,True
38,-0.031645236501129236,False,,-0.031645236501129236,False,6,0.0,True
39,-0.02390320695806002,False,,-0.02390320695806002,False,6,0.0,True
40,-0.03160204953567976,False,,-0.03160204953567976,False,6,0.0,True
41,-0.025606751592514288,False,,-0.025606751592514288,False,6,0.0,True
42,-0.028356167030360424,False,,-0.028356167030360424,False,6,0.0,True
43,-0.0210921053849625,False,,-0.0210921053849625,False,6,0.0,True
44,-0.026127563436902892,False,,-0.026127563436902892,False,6,0.0,True
45,-0.030229166350480716,False,,-0.030229166350480716,False,6,0.0,True
46,-0.02544797881976515,False,,-0.02544797881976515,False,6,0.0,True
47,-0.02397732202942094,False,,-0.02397732202942094,False,6,0.0,True
48,-0.024228426996171316,False,,-0.024228426996171316,False,6,0.0,True
49,-0.033818094817274214,False,,-0.033818094817274214,False,6,0.0,True
50,-0.02149740569064259,False,,-0.02149740569064259,False,6,0.0,True
51,-0.0371856953290925,False,,-0.0371856953290925,False,6,0.0,True
52,-0.03498987025868218,False,,-0.03498987025868218,False,6,0.0,True
53,-0.020930968633352278,False,,-0.020930968633352278,False,6,0.0,True
54,-0.02738626828923561,False,,-0.02738626828923561,False,6,0.0,True
55,-0.02793780779891876,False,,-0.02793780779891876,False,6,0.0,True
56,-0.02926519098868771,False,,-0.02926519098868771,False,6,0.0,True
57,-0.0207415468831985,False,,-0.0207415468831985,False,6,0.0,True
58,-0.036849814824641176,False,,-0.036849814824641176,False,6,0.0,True
59,-0.03132310575104208,False,,-0.03132310575104208,False,6,0.0,True
60,-0.02990381793143881,False,,-0.02990381793143881,False,6,0.0,True
61,-0.027077652630413413,False,,-0.027077652630413413,False,6,0.0,True
62,-0.03549945390291066,False,,-0.03549945390291066,False,6,0.0,True
63,-0.028834234231060064,False,,-0.028834234231060064,False,6,0.0,True
0,-0.05841937912204321,True,,-0.05841937912204321,True,7,0.0,True
1,-0.05844883158294959,False,,-0.05844883158294959,False,7,0.0,True
2,-0.026282890680319262,False,,-0.026282890680319262,False,7,0.0,True
3,-0.025032795819225837,False,,-0.025032795819225837,False,7,0.0,True
4,-0.02636845682217943,False,,-0.02636845682217943,False,7,0.0,True
5,-0.02645693708846185,False,,-0.02645693708846185,False,7,0.0,True
6,-0.035222170530324434,False,,-0.035222170530324434,False,7,0.0,True
7,-0.019841724385630987,False,,-0.019841724385630987,False,7,0.0,True
8,-0.02315559192162423,False,,-0.02315559192162423,False,7,0.0,True
9,-0.027458664956284063,False,,-0.027458664956284063,False,7,0.0,True
10,-0.04217975684789789,False,,-0.04217975684789789,False,7,0.0,True
11,-0.030407894532471214,False,,-0.030407894532471214,False,7,0.0,True
12,-0.02562902617168686,False,,-0.02562902617168686,False,7,0.0,True
13,-0.027807080939731665,False,,-0.027807080939731665,False,7,0.0,True
14,-0.023257256682378116,False,,-0.023257256682378116,False,7,0.0,True
15,-0.025985596514748237,False,,-0.025985596514748237,False,7,0.0,True
16,-0.020428139260679858,False,,-0.020428139260679858,False,7,0.0,True
17,-0.02421769178231753,False,,-0.02421769178231753,False,7,0.0,True
18,-0.016096927809225232,False,,-0.016096927809225232,False,7,0.0,True
19,-0.025043431688237153,False,,-0.025043431688237153,False,7,0.0,True
20,-0.028295599857447812,False,,-0.028295599857447812,False,7,0.0,True
21,-0.032725517861831685,False,,-0.032725517861831685,False,7,0.0,True
22,-0.018197442960204,False,,-0.018197442960204,False,7,0.0,True
23,-0.02071973155295921,False,,-0.02071973155295921,False,7,0.0,True
24,-0.03169668477331216,False,,-0.03169668477331216,False,7,0.0,True
25,-0.027556288009418485,False,,-0.027556288009418485,False,7,0.0,True
26,-0.02212007240722962,False,,-0.02212007240722962,False,7,0.0,True
27,-0.026486915117745223,False,,-0.026486915117745223,False,7,0.0,True
28,-0.021977174936742897,False,,-0.021977174936742897,False,7,0.0,True
29,-0.022959566816367443,False,,-0.022959566816367443,False,7,0.0,True
30,-0.02623969739678416,False,,-0.02623969739678416,False,7,0.0,True
31,-0.024398420360552696,False,,-0.024398420360552696,False,7,0.0,True
32,-0.01919167985931552,False,,-0.01919167985931552,False,7,0.0,True
33,-0.02471069182158037,False,,-0.02471069182158037,False,7,0.0,True
34,-0.02418652017710328,False,,-0.02418652017710328,False,7,0.0,True
35,-0.020175655148716602,False,,-0.020175655148716602,False,7,0.0,True
36,-0.027843691777930862,False,,-0.027843691777930862,False,7,0.0,True
37,-0.027953526756088688,False,,-0.027953526756088688,False,7,0.0,True
38,-0.015615383059883558,False,,-0.015615383059883558,False,7,0.0,True
39,-0.0218887563804943,False,,-0.0218887563804943,False,7,0.0,True
40,-0.018795542939603584,False,,-0.018795542939603584,False,7,0.0,True
41,-0.022212890459877774,False,,-0.022212890459877774,False,7,0.0,True
42,-0.033261552845498504,False,,-0.033261552845498504,False,7,0.0,True
43,-0.02362474193479948,False,,-0.02362474193479948,False,7,0.0,True
44,-0.028895182646547616,False,,-0.028895182646547616,False,7,0.0,True
45,-0.021536053720692814,False,,-0.021536053720692814,False,7,0.0,True
46,-0.02765357133528885,False,,-0.02765357133528885,False,7,0.0,True
47,-0.022301658074917574,False,,-0.022301658074917574,False,7,0.0,True
48,-0.017549825115983412,False,,-0.017549825115983412,False,7,0.0,True
49,-0.018367715200452148,False,,-0.018367715200452148,False,7,0.0,True
50,-0.029129638441436106,False,,-0.029129638441436106,False,7,0.0,True
51,-0.02202422618584569,False,,-0.02202422618584569,False,7,0.0,True
52,-0.014539973534244147,False,,-0.014539973534244147,False,7,0.0,True
53,-0.029991356836102476,False,,-0.029991356836102476,False,7,0.0,True
54,-0.025699563407961402,False,,-0.025699563407961402,False,7,0.0,True
55,-0.029476227368949323,False,,-0.029476227368949323,False,7,0.0,True
56,-0.03466415438368199,False,,-0.03466415438368199,False,7,0.0,True
57,-0.02403994582318139,False,,-0.02403994582318139,False,7,0.0,True
58,-0.03101912857254213,False,,-0.03101912857254213,False,7,0.0,True
59,-0.03289324915506186,False,,-0.03289324915506186,False,7,0.0,True
60,-0.024045004169638683,False,,-0.024045004169638683,False,7,0.0,True
61,-0.02162849380119551,False,,-0.02162849380119551,False,7,0.0,True
62,-0.034015863329200355,False,,-0.034015863329200355,False,7,0.0,True
63,-0.026682678617810866,False,,-0.026682678617810866,False,7,0.0,True
0,-0.04864829347209738,True,,-0.04864829347209738,True,8,0.0,True
1,-0.04900581931272211,False,,-0.04900581931272211,False,8,0.0,True
2,-0.011997638075909664,False,,-0.011997638075909664,False,8,0.0,True
3,-0.015296748500203003,False,,-0.015296748500203003,False,8,0.0,True
4,-0.00875191780955393,False,,-0.00875191780955393,False,8,0.0,True
5,-0.010575649531641432,False,,-0.010575649531641432,False,8,0.0,True
6,-0.008546048122471386,False,,-0.008546048122471386,False,8,0.0,True
7,-0.008477905945443658,False,,-0.008477905945443658,False,8,0.0,True
8,-0.009151070606231888,False,,-0.009151070606231888,False,8,0.0,True
9,-0.010446332646409932,False,,-0.010446332646409932,False,8,0.0,True
10,-0.0172522465373593,False,,-0.0172522465373593,False,8,0.0,True
11,-0.00910160687612962,False,,-0.00910160687612962,False,8,0.0,True
12,-0.01820852674796628,False,,-0.01820852674796628,False,8,0.0,True
13,-0.002936773805948513,False,,-0.002936773805948513,False,8,0.0,True
14,-0.007251080296076129,False,,-0.007251080296076129,False,8,0.0,True
15,-0.0005397566528054535,False,,-0.0005397566528054535,False,8,0.0,True
16,-0.010645026624272021,False,,-0.010645026624272021,False,8,0.0,True
17,-0.004992237382930514,False,,-0.004992237382930514,False,8,0.0,True
18,-0.008238278261918579,False,,-0.008238278261918579,False,8,0.0,True
19,-0.01377412367928707,False,,-0.01377412367928707,False,8,0.0,True
20,-0.012269726381771866,False,,-0.012269726381771866,False,8,0.0,True
21,-0.007563615568027272,False,,-0.007563615568027272,False,8,0.0,True
22,-0.011543975888009794,False,,-0.011543975888009794,False,8,0.0,True
23,-0.011113810305315705,False,,-0.011113810305315705,False,8,0.0,True
24,-0.019576139897375347,False,,-0.019576139897375347,False,8,0.0,True
25,-0.01702829386256058,False,,-0.01702829386256058,False,8,0.0,True
26,-0.011899223750107761,False,,-0.011899223750107761,False,8,0.0,True
27,-0.01988632938203492,False,,-0.01988632938203492,False,8,0.0,True
28,-0.0109842789711939,False,,-0.0109842789711939,False,8,0.0,True
29,-0.007072136889811656,False,,-0.007072136889811656,False,8,0.0,True
30,-0.01611664946894354,False,,-0.01611664946894354,False,8,0.0,True
31,-0.012378712157748132,False,,-0.012378712157748132,False,8,0.0,True
32,-0.024000638790370628,False,,-0.024000638790370628,False,8,0.0,True
33,-0.006160510291979945,False,,-0.006160510291979945,False,8,0.0,True
34,-0.010417338370495856,False,,-0.010417338370495856,False,8,0.0,True
35,-0.010721780172247975,False,,-0.010721780172247975,False,8,0.0,True
36,-0.0077745414750373994,False,,-0.0077745414750373994,False,8,0.0,True
37,-0.007471506395603764,False,,-0.007471506395603764,False,8,0.0,True
38,-0.01155234171797719,False,,-0.01155234171797719,False,8,0.0,True
39,-0.012103241547281112,False,,-0.012103241547281112,False,8,0.0,True
40,-0.011982522066870586,False,,-0.011982522066870586,False,8,0.0,True
41,-0.0194466147211264,False,,-0.0194466147211264,False,8,0.0,True
42,-0.01032341631622177,False,,-0.01032341631622177,False,8,0.0,True
43,-0.0066563320528300815,False,,-0.0066563320528300815,False,8,0.0,True
44,-0.009856771944806053,False,,-0.009856771944806053,False,8,0.0,True
45,-0.011410345983432631,False,,-0.011410345983432631,False,8,0.0,True
46,-0.014940185443981149,False,,-0.014940185443981149,False,8,0.0,True
47,-0.008087024601607675,False,,-0.008087024601607675,False,8,0.0,True
48,-0.009221839545530333,False,,-0.009221839545530333,False,8,0.0,True
49,-0.011364643465301643,False,,-0.011364643465301643,False,8,0.0,True
50,-0.01062511206440089,False,,-0.01062511206440089,False,8,0.0,True
51,-0.009319119920351253,False,,-0.009319119920351253,False,8,0.0,True
52,-0.011867251397386244,False,,-0.011867251397386244,False,8,0.0,True
53,-0.008231512896949593,False,,-0.008231512896949593,False,8,0.0,True
54,-0.02088376319141834,False,,-0.02088376319141834,False,8,0.0,True
55,-0.016278765717021023,False,,-0.016278765717021023,False,8,0.0,True
56,-0.019079692022100615,False,,-0.019079692022100615,False,8,0.0,True
57,-0.006539945576659022,False,,-0.006539945576659022,False,8,0.0,True
58,-0.005960402381839329,False,,-0.005960402381839329,False,8,0.0,True
59,-0.011189072018275185,False,,-0.011189072018275185,False,8,0.0,True
60,-0.005679168094450373,False,,-0.005679168094450373,False,8,0.0,True
61,-0.013958352768866705,False,,-0.013958352768866705,False,8,0.0,True
62,-0.004010628681407241,False,,-0.004010628681407241,False,8,0.0,True
63,-0.007383636975705142,False,,-0.007383636975705142,False,8,0.0,True
0,-0.03465888786349518,True,,-0.03465888786349518,True,9,0.0,True
1,-0.03586949256844961,False,,-0.03586949256844961,False,9,0.0,True
2,-0.00044515541776174797,False,,-0.00044515541776174797,False,9,0.0,True
3,-0.003383271184928195,False,,-0.003383271184928195,False,9,0.0,True
4,0.00013563713872745495,False,,0.00013563713872745495,False,9,0.0,True
5,-0.020145021308792366,False,,-0.020145021308792366,False,9,0.0,True
6,-0.0011734408005642533,False,,-0.0011734408005642533,False,9,0.0,True
7,-0.0017483325505744042,False,,-0.0017483325505744042,False,9,0.0,True
8,-0.004190823699185492,False,,-0.004190823699185492,False,9,0.0,True
9,-0.015440072907069087,False,,-0.015440072907069087,False,9,0.0,True
10,0.0008485860101961791,False,,0.0008485860101961791,False,9,0.0,True
11,0.0013411462992901674,False,,0.0013411462992901674,False,9,0.0,True
12,0.00576605827369678,False,,0.00576605827369678,False,9,0.0,True
13,-8.332818414548675e-05,False,,-8.332818414548675e-05,False,9,0.0,True
14,-0.003716771754060791,False,,-0.003716771754060791,False,9,0.0,True
15,0.0002466859442939941,False,,0.0002466859442939941,False,9,0.0,True
16,-0.004193087907232614,False,,-0.004193087907232614,False,9,0.0,True
17,-0.004742124498173421,False,,-0.004742124498173421,False,9,0.0,True
18,0.0027587175608261693,False,,0.0027587175608261693,False,9,0.0,True
19,0.00533142865872944,False,,0.00533142865872944,False,9,0.0,True
20,0.0055807062990467626,False,,0.0055807062990467626,False,9,0.0,True
21,0.0006854962124420065,False,,0.0006854962124420065,False,9,0.0,True
22,-0.0022234126183840286,False,,-0.0022234126183840286,False,9,0.0,True
23,0.001338589853172994,False,,0.001338589853172994,False,9,0.0,True
24,0.001595489576909988,False,,0.001595489576909988,False,9,0.0,True
25,-0.0008367018634160097,False,,-0.0008367018634160097,False,9,0.0,True
26,-0.0003988418275024442,False,,-0.0003988418275024442,False,9,0.0,True
27,-0.009206328871818475,False,,-0.009206328871818475,False,9,0.0,True
28,-0.0044942382254580075,False,,-0.0044942382254580075,False,9,0.0,True
29,-0.004789555871114427,False,,-0.004789555871114427,False,9,0.0,True
30,0.004124154458709752,False,,0.004124154458709752,False,9,0.0,True
31,-0.008505416932237936,False,,-0.008505416932237936,False,9,0.0,True
32,0.0035038094988611166,False,,0.0035038094988611166,False,9,0.0,True
33,-0.0074842411876298,False,,-0.0074842411876298,False,9,0.0,True
34,-0.006397674209361626,False,,-0.006397674209361626,False,9,0.0,True
35,-0.005315024351166756,False,,-0.005315024351166756,False,9,0.0,True
36,-0.003689178536310562,False,,-0.003689178536310562,False,9,0.0,True
37,0.0025555389329774817,False,,0.0025555389329774817,False,9,0.0,True
38,-0.007457671063067277,False,,-0.007457671063067277,False,9,0.0,True
39,-0.002949177056480945,False,,-0.002949177056480945,False,9,0.0,True
40,-0.010086861933842171,False,,-0.010086861933842171,False,9,0.0,True
41,-0.004518553975298969,False,,-0.004518553975298969,False,9,0.0,True
42,0.0013799367228459832,False,,0.0013799367228459832,False,9,0.0,True
43,-0.008710940314219363,False,,-0.008710940314219363,False,9,0.0,True
44,0.0031412887598748344,False,,0.0031412887598748344,False,9,0.0,True
45,0.0002055208437815076,False,,0.0002055208437815076,False,9,0.0,True
46,-0.009143763736983324,False,,-0.009143763736983324,False,9,0.0,True
47,-0.00376033262892193,False,,-0.00376033262892193,False,9,0.0,True
48,-0.0010952805248997132,False,,-0.0010952805248997132,False,9,0.0,True
49,-0.0057843814092744805,False,,-0.0057843814092744805,False,9,0.0,True
50,0.006463794535642975,False,,0.006463794535642975,False,9,0.0,True
51,0.005098870257797971,False,,0.005098870257797971,False,9,0.0,True
52,0.0004794625280513036,False,,0.0004794625280513036,False,9,0.0,True
53,-0.0027672474004429752,False,,-0.0027672474004429752,False,9,0.0,True
54,-0.0003811248686760413,False,,-0.0003811248686760413,False,9,0.0,True
55,-0.0042298092840507995,False,,-0.0042298092840507995,False,9,0.0,True
56,-0.006403559805583055,False,,-0.006403559805583055,False,9,0.0,True
57,-0.007273068859906481,False,,-0.007273068859906481,False,9,0.0,True
58,-0.015889585632944264,False,,-0.015889585632944264,False,9,0.0,True
59,0.003900889542439558,False,,0.003900889542439558,False,9,0.0,True
60,0.0006437597879697787,False,,0.0006437597879697787,False,9,0.0,True
61,0.0026142491450180053,False,,0.0026142491450180053,False,9,0.0,True
62,-0.0008153655602975429,False,,-0.0008153655602975429,False,9,0.0,True
63,0.0008556609048382714,False,,0.0008556609048382714,False,9,0.0,True
0,-0.021876208281511912,True,,-0.021876208281511912,True,10,0.0,True
1,-0.024107089228254816,False,,-0.024107089228254816,False,10,0.0,True
2,0.004811874598796948,False,,0.004811874598796948,False,10,0.0,True
3,0.007203626534287521,False,,0.007203626534287521,False,10,0.0,True
4,0.01331440091703457,False,,0.01331440091703457,False,10,0.0,True
5,0.013853031990245991,False,,0.013853031990245991,False,10,0.0,True
6,0.006712416259295853,False,,0.006712416259295853,False,10,0.0,True
7,-0.0004726076988609642,False,,-0.0004726076988609642,False,10,0.0,True
8,-0.003022402650760605,False,,-0.003022402650760605,False,10,0.0,True
9,0.0031929028601451522,False,,0.0031929028601451522,False,10,0.0,True
10,0.011254512821745454,False,,0.011254512821745454,False,10,0.0,True
11,0.006563906440106522,False,,0.006563906440106522,False,10,0.0,True
12,0.008565040892152393,False,,0.008565040892152393,False,10,0.0,True
13,-0.005258651191519779,False,,-0.005258651191519779,False,10,0.0,True
14,0.00595892239124562,False,,0.00595892239124562,False,10,0.0,True
15,0.006507998970016198,False,,0.006507998970016198,False,10,0.0,True
16,0.00014465692561976568,False,,0.00014465692561976568,False,10,0.0,True
17,0.002060072224922416,False,,0.002060072224922416,False,10,0.0,True
18,0.007268435753097005,False,,0.007268435753097005,False,10,0.0,True
19,0.008055810153553873,False,,0.008055810153553873,False,10,0.0,True
20,0.0018184181439476594,False,,0.0018184181439476594,False,10,0.0,True
21,0.004705255053972799,False,,0.004705255053972799,False,10,0.0,True
22,-0.0012019042387210492,False,,-0.0012019042387210492,False,10,0.0,True
23,0.006005203179255518,False,,0.006005203179255518,False,10,0.0,True
24,0.0050371463506880135,False,,0.0050371463506880135,False,10,0.0,True
25,0.004664661735485674,False,,0.004664661735485674,False,10,0.0,True
26,-7.681658742778735e-05,False,,-7.681658742778735e-05,False,10,0.0,True
27,0.009501977478689087,False,,0.009501977478689087,False,10,0.0,True
28,-0.0037915174828162387,False,,-0.0037915174828162387,False,10,0.0,True
29,0.010212490802622907,False,,0.010212490802622907,False,10,0.0,True
30,0.002348331603041251,False,,0.002348331603041251,False,10,0.0,True
31,0.0027291915817347543,False,,0.0027291915817347543,False,10,0.0,True
32,0.002992525529921991,False,,0.002992525529921991,False,10,0.0,True
33,0.005280781774104947,False,,0.005280781774104947,False,10,0.0,True
34,0.004508229036149819,False,,0.004508229036149819,False,10,0.0,True
35,0.005940519273896507,False,,0.005940519273896507,False,10,0.0,True
36,0.00827612388048444,False,,0.00827612388048444,False,10,0.0,True
37,0.007004592888300305,False,,0.007004592888300305,False,10,0.0,True
38,0.005786138977572568,False,,0.005786138977572568,False,10,0.0,True
39,0.01099836424741569,False,,0.01099836424741569,False,10,0.0,True
40,0.014147243014937135,False,,0.014147243014937135,False,10,0.0,True
41,-0.0027985176893471327,False,,-0.0027985176893471327,False,10,0.0,True
42,0.005639870049438097,False,,0.005639870049438097,False,10,0.0,True
43,0.006189462850060868,False,,0.006189462850060868,False,10,0.0,True
44,0.011097017128619859,False,,0.011097017128619859,False,10,0.0,True
45,0.0036330221014812996,False,,0.0036330221014812996,False,10,0.0,True
46,0.005338912670049403,False,,0.005338912670049403,False,10,0.0,True
47,0.01173525539397215,False,,0.01173525539397215,False,10,0.0,True
48,0.009294018858528617,False,,0.009294018858528617,False,10,0.0,True
49,0.003913406314704822,False,,0.003913406314704822,False,10,0.0,True
50,-0.0011166702969678888,False,,-0.0011166702969678888,False,10,0.0,True
51,0.000310453643903209,False,,0.000310453643903209,False,10,0.0,True
52,0.003627490026452065,False,,0.003627490026452065,False,10,0.0,True
53,-0.0005516241955636448,False,,-0.0005516241955636448,False,10,0.0,True
54,0.007606672671393807,False,,0.007606672671393807,False,10,0.0,True
55,0.0039307048380125935,False,,0.0039307048380125935,False,10,0.0,True
56,0.007444951610141387,False,,0.007444951610141387,False,10,0.0,True
57,0.008877643104598137,False,,0.008877643104598137,False,10,0.0,True
58,0.006874509876462327,False,,0.006874509876462327,False,10,0.0,True
59,0.0009375883512803347,False,,0.0009375883512803347,False,10,0.0,True
60,0.006112651643787423,False,,0.006112651643787423,False,10,0.0,True
61,0.0033886140562181723,False,,0.0033886140562181723,False,10,0.0,True
62,0.011135976593439973,False,,0.011135976593439973,False,10,0.0,True
63,-0.0013502567069509507,False,,-0.0013502567069509507,False,10,0.0,True
0,-0.006496899744664933,True,,-0.006496899744664933,True,11,0.0,True
1,-0.00723467766229043,False,,-0.00723467766229043,False,11,0.0,True
2,0.018005636157184837,False,,0.018005636157184837,False,11,0.0,True
3,0.019710186815826182,False,,0.019710186815826182,False,11,0.0,True
4,0.021923882116302685,False,,0.021923882116302685,False,11,0.0,True
5,0.025899768680460455,False,,0.025899768680460455,False,11,0.0,True
6,0.0250455996039568,False,,0.0250455996039568,False,11,0.0,True
7,0.02088538110021797,False,,0.02088538110021797,False,11,0.0,True
8,0.01867399246379545,False,,0.01867399246379545,False,11,0.0,True
9,0.0198860020045669,False,,0.0198860020045669,False,11,0.0,True
10,0.02296386676033651,False,,0.02296386676033651,False,11,0.0,True
11,0.02436353375759083,False,,0.02436353375759083,False,11,0.0,True
12,0.023289990015469615,False,,0.023289990015469615,False,11,0.0,True
13,0.020425062382456,False,,0.020425062382456,False,11,0.0,True
14,0.02390403463529727,False,,0.02390403463529727,False,11,0.0,True
15,0.023057461059044312,False,,0.023057461059044312,False,11,0.0,True
16,0.019904807713794416,False,,0.019904807713794416,False,11,0.0,True
17,0.02095919175075394,False,,0.02095919175075394,False,11,0.0,True
18,0.02386445698833287,False,,0.02386445698833287,False,11,0.0,True
19,0.020015986359935487,False,,0.020015986359935487,False,11,0.0,True
20,0.028516886997997447,False,,0.028516886997997447,False,11,0.0,True
21,0.02056465120316536,False,,0.02056465120316536,False,11,0.0,True
22,0.018883066431247764,False,,0.018883066431247764,False,11,0.0,True
23,0.023907211857239354,False,,0.023907211857239354,False,11,0.0,True
24,0.02383431924998542,False,,0.02383431924998542,False,11,0.0,True
25,0.022517104396084245,False,,0.022517104396084245,False,11,0.0,True
26,0.02255008811606035,False,,0.02255008811606035,False,11,0.0,True
27,0.020114447807192713,False,,0.020114447807192713,False,11,0.0,True
28,0.017721173953637037,False,,0.017721173953637037,False,11,0.0,True
29,0.025477252043114133,False,,0.025477252043114133,False,11,0.0,True
30,0.00931757812286843,False,,0.00931757812286843,False,11,0.0,True
31,0.019537540069695526,False,,0.019537540069695526,False,11,0.0,True
32,0.016351050952775593,False,,0.016351050952775593,False,11,0.0,True
33,0.022759936904450842,False,,0.022759936904450842,False,11,0.0,True
34,0.023447028468867967,False,,0.023447028468867967,False,11,0.0,True
35,0.02369405754488455,False,,0.02369405754488455,False,11,0.0,True
36,0.0216128128833106,False,,0.0216128128833106,False,11,0.0,True
37,0.022175060802815512,False,,0.022175060802815512,False,11,0.0,True
38,0.021180201419223648,False,,0.021180201419223648,False,11,0.0,True
39,0.023296650068204527,False,,0.023296650068204527,False,11,0.0,True
40,0.024255228177616914,False,,0.024255228177616914,False,11,0.0,True
41,0.009404244363555529,False,,0.009404244363555529,False,11,0.0,True
42,0.018652221261242604,False,,0.018652221261242604,False,11,0.0,True
43,0.017863675118838962,False,,0.017863675118838962,False,11,0.0,True
44,0.024237720796166318,False,,0.024237720796166318,False,11,0.0,True
45,0.020748838314584905,False,,0.020748838314584905,False,11,0.0,True
46,0.021787566442150914,False,,0.021787566442150914,False,11,0.0,True
47,0.022323244678928694,False,,0.022323244678928694,False,11,0.0,True
48,0.016468672286522844,False,,0.016468672286522844,False,11,0.0,True
49,0.021458185557417055,False,,0.021458185557417055,False,11,0.0,True
50,0.018313079368575985,False,,0.018313079368575985,False,11,0.0,True
51,0.02402217300670206,False,,0.02402217300670206,False,11,0.0,True
52,0.0224181335802916,False,,0.0224181335802916,False,11,0.0,True
53,0.014081334003977996,False,,0.014081334003977996,False,11,0.0,True
54,0.021625361893282003,False,,0.021625361893282003,False,11,0.0,True
55,0.020770741068086317,False,,0.020770741068086317,False,11,0.0,True
56,0.02261711582612766,False,,0.02261711582612766,False,11,0.0,True
57,0.022892596505483153,False,,0.022892596505483153,False,11,0.0,True
58,0.017946850926347548,False,,0.017946850926347548,False,11,0.0,True
59,0.01427030664718106,False,,0.01427030664718106,False,11,0.0,True
60,0.020914633864510163,False,,0.020914633864510163,False,11,0.0,True
61,0.020389998899881752,False,,0.020389998899881752,False,11,0.0,True
62,0.023379075838725994,False,,0.023379075838725994,False,11,0.0,True
63,0.015475854315617802,False,,0.015475854315617802,False,11,0.0,True
0,0.0057657422432439015,True,,0.0057657422432439015,True,12,0.0,True
1,0.004676944289503401,False,,0.004676944289503401,False,12,0.0,True
2,0.027387416262818546,False,,0.027387416262818546,False,12,0.0,True
3,0.028199652838362545,False,,0.028199652838362545,False,12,0.0,True
4,0.028069160293758076,False,,0.028069160293758076,False,12,0.0,True
5,0.01890694943539927,False,,0.01890694943539927,False,12,0.0,True
6,0.026129692264220405,False,,0.026129692264220405,False,12,0.0,True
7,0.028197866919183877,False,,0.028197866919183877,False,12,0.0,True
8,0.024472667002471988,False,,0.024472667002471988,False,12,0.0,True
9,0.026997675664370415,False,,0.026997675664370415,False,12,0.0,True
10,0.029384018202325723,False,,0.029384018202325723,False,12,0.0,True
11,0.023299467354211227,False,,0.023299467354211227,False,12,0.0,True
12,0.023390849136184264,False,,0.023390849136184264,False,12,0.0,True
13,0.025261133113854153,False,,0.025261133113854153,False,12,0.0,True
14,0.027389650894244534,False,,0.027389650894244534,False,12,0.0,True
15,0.026895209570808223,False,,0.026895209570808223,False,12,0.0,True
16,0.026877166145451797,False,,0.026877166145451797,False,12,0.0,True
17,0.028724479522593778,False,,0.028724479522593778,False,12,0.0,True
18,0.023951680508079082,False,,0.023951680508079082,False,12,0.0,True
19,0.025731226638674123,False,,0.025731226638674123,False,12,0.0,True
20,0.02308725541645516,False,,0.02308725541645516,False,12,0.0,True
21,0.02319206134142244,False,,0.02319206134142244,False,12,0.0,True
22,0.02798594861238223,False,,0.02798594861238223,False,12,0.0,True
23,0.02036273567226403,False,,0.02036273567226403,False,12,0.0,True
24,0.029586584426110694,False,,0.029586584426110694,False,12,0.0,True
25,0.0279372032911538,False,,0.0279372032911538,False,12,0.0,True
26,0.02721034042164938,False,,0.02721034042164938,False,12,0.0,True
27,0.02534480022040378,False,,0.02534480022040378,False,12,0.0,True
28,0.029804492498251633,False,,0.029804492498251633,False,12,0.0,True
29,0.02667035041025914,False,,0.02667035041025914,False,12,0.0,True
30,0.02200972506304711,False,,0.02200972506304711,False,12,0.0,True
31,0.026001610274783187,False,,0.026001610274783187,False,12,0.0,True
32,0.023800208177854748,False,,0.023800208177854748,False,12,0.0,True
33,0.029138482167977132,False,,0.029138482167977132,False,12,0.0,True
34,0.02916224595961986,False,,0.02916224595961986,False,12,0.0,True
35,0.026795785617616426,False,,0.026795785617616426,False,12,0.0,True
36,0.02913332771660705,False,,0.02913332771660705,False,12,0.0,True
37,0.025727904726992497,False,,0.025727904726992497,False,12,0.0,True
38,0.02498432430139405,False,,0.02498432430139405,False,12,0.0,True
39,0.020391048485096264,False,,0.020391048485096264,False,12,0.0,True
40,0.029198835095200736,False,,0.029198835095200736,False,12,0.0,True
41,0.026042748836545088,False,,0.026042748836545088,False,12,0.0,True
42,0.02194925877031802,False,,0.02194925877031802,False,12,0.0,True
43,0.023039236018789305,False,,0.023039236018789305,False,12,0.0,True
44,0.029406007106843473,False,,0.029406007106843473,False,12,0.0,True
45,0.026183688800353735,False,,0.026183688800353735,False,12,0.0,True
46,0.02617012961471781,False,,0.02617012961471781,False,12,0.0,True
47,0.024930125017067435,False,,0.024930125017067435,False,12,0.0,True
48,0.025660764281098196,False,,0.025660764281098196,False,12,0.0,True
49,0.023897502316725987,False,,0.023897502316725987,False,12,0.0,True
50,0.0267988511187379,False,,0.0267988511187379,False,12,0.0,True
51,0.020899521242165597,False,,0.020899521242165597,False,12,0.0,True
52,0.02417462460037903,False,,0.02417462460037903,False,12,0.0,True
53,0.023241823068143538,False,,0.023241823068143538,False,12,0.0,True
54,0.026766215031073824,False,,0.026766215031073824,False,12,0.0,True
55,0.027417949593862796,False,,0.027417949593862796,False,12,0.0,True
56,0.026549721505070588,False,,0.026549721505070588,False,12,0.0,True
57,0.026114557473420657,False,,0.026114557473420657,False,12,0.0,True
58,0.025369870497364524,False,,0.025369870497364524,False,12,0.0,True
59,0.02413469388849119,False,,0.02413469388849119,False,12,0.0,True
60,0.029524220650961563,False,,0.029524220650961563,False,12,0.0,True
61,0.028053928700135948,False,,0.028053928700135948,False,12,0.0,True
62,0.0287436810382938,False,,0.0287436810382938,False,12,0.0,True
63,0.020676775517705824,False,,0.020676775517705824,False,12,0.0,True
0,0.018512558352238716,True,,0.018512558352238716,True,13,0.0,True
1,0.01835390553246946,False,,0.01835390553246946,False,13,0.0,True
2,0.04311362969844518,False,,0.04311362969844518,False,13,0.0,True
3,0.04104738733661854,False,,0.04104738733661854,False,13,0.0,True
4,0.0411709412650556,False,,0.0411709412650556,False,13,0.0,True
5,0.04657194930243393,False,,0.04657194930243393,False,13,0.0,True
6,0.03665788439676504,False,,0.03665788439676504,False,13,0.0,True
7,0.036016338513982324,False,,0.036016338513982324,False,13,0.0,True
8,0.04300290739290458,False,,0.04300290739290458,False,13,0.0,True
9,0.042814749752615,False,,0.042814749752615,False,13,0.0,True
10,0.04367616811070949,False,,0.04367616811070949,False,13,0.0,True
11,0.03226121267167956,False,,0.03226121267167956,False,13,0.0,True
12,0.04322458674175688,False,,0.04322458674175688,False,13,0.0,True
13,0.04318561868488824,False,,0.04318561868488824,False,13,0.0,True
14,0.032878046850451245,False,,0.032878046850451245,False,13,0.0,True
15,0.045980161161762,False,,0.045980161161762,False,13,0.0,True
16,0.04135655621587303,False,,0.04135655621587303,False,13,0.0,True
17,0.04220900189200236,False,,0.04220900189200236,False,13,0.0,True
18,0.04256054915709242,False,,0.04256054915709242,False,13,0.0,True
19,0.03993771733771034,False,,0.03993771733771034,False,13,0.0,True
20,0.03058926104900568,False,,0.03058926104900568,False,13,0.0,True
21,0.04129333310953791,False,,0.04129333310953791,False,13,0.0,True
22,0.0418392362147453,False,,0.0418392362147453,False,13,0.0,True
23,0.04271278070905771,False,,0.04271278070905771,False,13,0.0,True
24,0.04000681441681407,False,,0.04000681441681407,False,13,0.0,True
25,0.044212390448565245,False,,0.044212390448565245,False,13,0.0,True
26,0.041993363241575266,False,,0.041993363241575266,False,13,0.0,True
27,0.025348910648432546,False,,0.025348910648432546,False,13,0.0,True
28,0.03990001950823545,False,,0.03990001950823545,False,13,0.0,True
29,0.0423463481346513,False,,0.0423463481346513,False,13,0.0,True
30,0.04484249232959989,False,,0.04484249232959989,False,13,0.0,True
31,0.04459134579062219,False,,0.04459134579062219,False,13,0.0,True
32,0.04105632821594979,False,,0.04105632821594979,False,13,0.0,True
33,0.03411643271876327,False,,0.03411643271876327,False,13,0.0,True
34,0.041845879531269475,False,,0.041845879531269475,False,13,0.0,True
35,0.04623407843619183,False,,0.04623407843619183,False,13,0.0,True
36,0.038836417261225345,False,,0.038836417261225345,False,13,0.0,True
37,0.04119223873054664,False,,0.04119223873054664,False,13,0.0,True
38,0.041323522788872434,False,,0.041323522788872434,False,13,0.0,True
39,0.03271812242504185,False,,0.03271812242504185,False,13,0.0,True
40,0.03911557472569919,False,,0.03911557472569919,False,13,0.0,True
41,0.04108138998973687,False,,0.04108138998973687,False,13,0.0,True
42,0.04451618920809136,False,,0.04451618920809136,False,13,0.0,True
43,0.03292211872219372,False,,0.03292211872219372,False,13,0.0,True
44,0.038107301383893566,False,,0.038107301383893566,False,13,0.0,True
45,0.04472524331101053,False,,0.04472524331101053,False,13,0.0,True
46,0.04190652953661785,False,,0.04190652953661785,False,13,0.0,True
47,0.04360348878520551,False,,0.04360348878520551,False,13,0.0,True
48,0.04005858723620222,False,,0.04005858723620222,False,13,0.0,True
49,0.041820131830574064,False,,0.041820131830574064,False,13,0.0,True
50,0.035802737042115826,False,,0.035802737042115826,False,13,0.0,True
51,0.04286204906897864,False,,0.04286204906897864,False,13,0.0,True
52,0.03984869924122196,False,,0.03984869924122196,False,13,0.0,True
53,0.04025698511395695,False,,0.04025698511395695,False,13,0.0,True
54,0.04486541774513597,False,,0.04486541774513597,False,13,0.0,True
55,0.039728536728524874,False,,0.039728536728524874,False,13,0.0,True
56,0.03412412093249892,False,,0.03412412093249892,False,13,0.0,True
57,0.04367876926772908,False,,0.04367876926772908,False,13,0.0,True
58,0.038465051186085494,False,,0.038465051186085494,False,13,0.0,True
59,0.04695379409836899,False,,0.04695379409836899,False,13,0.0,True
60,0.04249303971535429,False,,0.04249303971535429,False,13,0.0,True
61,0.04154305531713409,False,,0.04154305531713409,False,13,0.0,True
62,0.03950957841422596,False,,0.03950957841422596,False,13,0.0,True
63,0.03964770989164234,False,,0.03964770989164234,False,13,0.0,True
0,0.01736170665900887,True,,0.01736170665900887,True,14,0.0,True
1,0.018635874190447217,False,,0.018635874190447217,False,14,0.0,True
2,0.052056103495784496,False,,0.052056103495784496,False,14,0.0,True
3,0.04050077250527299,False,,0.04050077250527299,False,14,0.0,True
4,0.05528635198595364,False,,0.05528635198595364,False,14,0.0,True
5,0.05437624838167499,False,,0.05437624838167499,False,14,0.0,True
6,0.04636543815316045,False,,0.04636543815316045,False,14,0.0,True
7,0.055039725694222816,False,,0.055039725694222816,False,14,0.0,True
8,0.04873268492050836,False,,0.04873268492050836,False,14,0.0,True
9,0.04582136973994823,False,,0.04582136973994823,False,14,0.0,True
10,0.05190326360526104,False,,0.05190326360526104,False,14,0.0,True
11,0.05620791298988071,False,,0.05620791298988071,False,14,0.0,True
12,0.05473495754129169,False,,0.05473495754129169,False,14,0.0,True
13,0.05639599175696196,False,,0.05639599175696196,False,14,0.0,True
14,0.04368281721498252,False,,0.04368281721498252,False,14,0.0,True
15,0.047173763883117406,False,,0.047173763883117406,False,14,0.0,True
16,0.04868330309085346,False,,0.04868330309085346,False,14,0.0,True
17,0.05584790712606745,False,,0.05584790712606745,False,14,0.0,True
18,0.047909001370848706,False,,0.047909001370848706,False,14,0.0,True
19,0.05462736577545645,False,,0.05462736577545645,False,14,0.0,True
20,0.05396272159231007,False,,0.05396272159231007,False,14,0.0,True
21,0.0534194309603018,False,,0.0534194309603018,False,14,0.0,True
22,0.05254139063007788,False,,0.05254139063007788,False,14,0.0,True
23,0.05120579524944827,False,,0.05120579524944827,False,14,0.0,True
24,0.05174785831531949,False,,0.05174785831531949,False,14,0.0,True
25,0.05163003376004764,False,,0.05163003376004764,False,14,0.0,True
26,0.04593081119433765,False,,0.04593081119433765,False,14,0.0,True
27,0.05528045352212179,False,,0.05528045352212179,False,14,0.0,True
28,0.05449112255597076,False,,0.05449112255597076,False,14,0.0,True
29,0.047648400904076404,False,,0.047648400904076404,False,14,0.0,True
30,0.05340051466526159,False,,0.05340051466526159,False,14,0.0,True
31,0.053009562625109495,False,,0.053009562625109495,False,14,0.0,True
32,0.05502424716062733,False,,0.05502424716062733,False,14,0.0,True
33,0.053649991651178536,False,,0.053649991651178536,False,14,0.0,True
34,0.05051461371802448,False,,0.05051461371802448,False,14,0.0,True
35,0.05803301428767499,False,,0.05803301428767499,False,14,0.0,True
36,0.05680523738177464,False,,0.05680523738177464,False,14,0.0,True
37,0.04964163560667931,False,,0.04964163560667931,False,14,0.0,True
38,0.051112048057841454,False,,0.051112048057841454,False,14,0.0,True
39,0.05198357550738161,False,,0.05198357550738161,False,14,0.0,True
40,0.0459470068342338,False,,0.0459470068342338,False,14,0.0,True
41,0.05565762572656479,False,,0.05565762572656479,False,14,0.0,True
42,0.06352977260526721,False,,0.06352977260526721,False,14,0.0,True
43,0.057469714038887516,False,,0.057469714038887516,False,14,0.0,True
44,0.04846658750279944,False,,0.04846658750279944,False,14,0.0,True
45,0.05074932955992463,False,,0.05074932955992463,False,14,0.0,True
46,0.04696837684468547,False,,0.04696837684468547,False,14,0.0,True
47,0.04649626405593092,False,,0.04649626405593092,False,14,0.0,True
48,0.05225570614396634,False,,0.05225570614396634,False,14,0.0,True
49,0.04832537883978045,False,,0.04832537883978045,False,14,0.0,True
50,0.054037600468609455,False,,0.054037600468609455,False,14,0.0,True
51,0.048499407533400776,False,,0.048499407533400776,False,14,0.0,True
52,0.049570572051028196,False,,0.049570572051028196,False,14,0.0,True
53,0.05546390479920803,False,,0.05546390479920803,False,14,0.0,True
54,0.04893037906630794,False,,0.04893037906630794,False,14,0.0,True
55,0.0519552380322805,False,,0.0519552380322805,False,14,0.0,True
56,0.05454912014745121,False,,0.05454912014745121,False,14,0.0,True
57,0.05346356265958503,False,,0.05346356265958503,False,14,0.0,True
58,0.05664630315776487,False,,0.05664630315776487,False,14,0.0,True
59,0.045736097313517396,False,,0.045736097313517396,False,14,0.0,True
60,0.048181526270300354,False,,0.048181526270300354,False,14,0.0,True
61,0.04847081450582789,False,,0.04847081450582789,False,14,0.0,True
62,0.04712661544873878,False,,0.04712661544873878,False,14,0.0,True
63,0.05273719591385525,False,,0.05273719591385525,False,14,0.0,True
0,0.017905812386101033,True,,0.017905812386101033,True,15,0.0,True
1,0.009844546316632386,False,,0.009844546316632386,False,15,0.0,True
2,0.06001603358485714,False,,0.06001603358485714,False,15,0.0,True
3,0.04522217971810695,False,,0.04522217971810695,False,15,0.0,True
4,0.06090778219175219,False,,0.06090778219175219,False,15,0.0,True
5,0.06539238962972707,False,,0.06539238962972707,False,15,0.0,True
6,0.05700088591931822,False,,0.05700088591931822,False,15,0.0,True
7,0.06688406950265563,False,,0.06688406950265563,False,15,0.0,True
8,0.05936254696285504,False,,0.05936254696285504,False,15,0.0,True
9,0.06591263020513131,False,,0.06591263020513131,False,15,0.0,True
10,0.06196554721933069,False,,0.06196554721933069,False,15,0.0,True
11,0.07001000488407283,False,,0.07001000488407283,False,15,0.0,True
12,0.06123388805836903,False,,0.06123388805836903,False,15,0.0,True
13,0.0684595503497618,False,,0.0684595503497618,False,15,0.0,True
14,0.06464642879626312,False,,0.06464642879626312,False,15,0.0,True
15,0.06545852052697484,False,,0.06545852052697484,False,15,0.0,True
16,0.06142000089725726,False,,0.06142000089725726,False,15,0.0,True
17,0.059651390606075806,False,,0.059651390606075806,False,15,0.0,True
18,0.048810438591107515,False,,0.048810438591107515,False,15,0.0,True
19,0.06474235336247167,False,,0.06474235336247167,False,15,0.0,True
20,0.07264320495914046,False,,0.07264320495914046,False,15,0.0,True
21,0.06887437169470026,False,,0.06887437169470026,False,15,0.0,True
22,0.07428669961189108,False,,0.07428669961189108,False,15,0.0,True
23,0.06152551304346586,False,,0.06152551304346586,False,15,0.0,True
24,0.06857781432293465,False,,0.06857781432293465,False,15,0.0,True
25,0.05991454455134358,False,,0.05991454455134358,False,15,0.0,True
26,0.05641646318992171,False,,0.05641646318992171,False,15,0.0,True
27,0.06711455215915568,False,,0.06711455215915568,False,15,0.0,True
28,0.0699473112665106,False,,0.0699473112665106,False,15,0.0,True
29,0.05891308897077431,False,,0.05891308897077431,False,15,0.0,True
30,0.05194160810587246,False,,0.05194160810587246,False,15,0.0,True
31,0.06531975231529469,False,,0.06531975231529469,False,15,0.0,True
32,0.054705234055617,False,,0.054705234055617,False,15,0.0,True
33,0.0599886210978994,False,,0.0599886210978994,False,15,0.0,True
34,0.050850385508778934,False,,0.050850385508778934,False,15,0.0,True
35,0.052229289416132633,False,,0.052229289416132633,False,15,0.0,True
36,0.07382701454623514,False,,0.07382701454623514,False,15,0.0,True
37,0.05527993947310122,False,,0.05527993947310122,False,15,0.0,True
38,0.06199837174862256,False,,0.06199837174862256,False,15,0.0,True
39,0.05528715396083761,False,,0.05528715396083761,False,15,0.0,True
40,0.0643171033108337,False,,0.0643171033108337,False,15,0.0,True
41,0.05636050946981985,False,,0.05636050946981985,False,15,0.0,True
42,0.07195052966545101,False,,0.07195052966545101,False,15,0.0,True
43,0.0688448709568974,False,,0.0688448709568974,False,15,0.0,True
44,0.062267621360004057,False,,0.062267621360004057,False,15,0.0,True
45,0.06447580149583039,False,,0.06447580149583039,False,15,0.0,True
46,0.0554617486214188,False,,0.0554617486214188,False,15,0.0,True
47,0.06738651114436067,False,,0.06738651114436067,False,15,0.0,True
48,0.07259638651166486,False,,0.07259638651166486,False,15,0.0,True
49,0.05115238417955668,False,,0.05115238417955668,False,15,0.0,True
50,0.06186001333177738,False,,0.06186001333177738,False,15,0.0,True
51,0.0702565295182695,False,,0.0702565295182695,False,15,0.0,True
52,0.07023791312474356,False,,0.07023791312474356,False,15,0.0,True
53,0.06587080333560325,False,,0.06587080333560325,False,15,0.0,True
54,0.06616650263602407,False,,0.06616650263602407,False,15,0.0,True
55,0.05373936917927827,False,,0.05373936917927827,False,15,0.0,True
56,0.060831808704173936,False,,0.060831808704173936,False,15,0.0,True
57,0.06101505269233738,False,,0.06101505269233738,False,15,0.0,True
58,0.05306587763208245,False,,0.05306587763208245,False,15,0.0,True
59,0.0682848647587612,False,,0.0682848647587612,False,15,0.0,True
60,0.05077183009088286,False,,0.05077183009088286,False,15,0.0,True
61,0.06415231475330796,False,,0.06415231475330796,False,15,0.0,True
62,0.06581027118336318,False,,0.06581027118336318,False,15,0.0,True
63,0.0639783571111941,False,,0.0639783571111941,False,15,0.0,True
0,-0.005732574680232451,True,,-0.005732574680232451,True,16,0.0,True
1,-0.0029904533497879344,False,,-0.0029904533497879344,False,16,0.0,True
2,0.0502165495279709,False,,0.0502165495279709,False,16,0.0,True
3,0.06713140741129364,False,,0.06713140741129364,False,16,0.0,True
4,0.0606124568341843,False,,0.0606124568341843,False,16,0.0,True
5,0.05064347944726674,False,,0.05064347944726674,False,16,0.0,True
6,0.04835503222352243,False,,0.04835503222352243,False,16,0.0,True
7,0.05666371199571689,False,,0.05666371199571689,False,16,0.0,True
8,0.05446179532306156,False,,0.05446179532306156,False,16,0.0,True
9,0.056786939588039646,False,,0.056786939588039646,False,16,0.0,True
10,0.036186352345189327,False,,0.036186352345189327,False,16,0.0,True
11,0.0406331334164971,False,,0.0406331334164971,False,16,0.0,True
12,0.056147416850495666,False,,0.056147416850495666,False,16,0.0,True
13,0.051889541473473584,False,,0.051889541473473584,False,16,0.0,True
14,0.05264871157579193,False,,0.05264871157579193,False,16,0.0,True
15,0.055864803752475295,False,,0.055864803752475295,False,16,0.0,True
16,0.054400758142693975,False,,0.054400758142693975,False,16,0.0,True
17,0.047853069805283074,False,,0.047853069805283074,False,16,0.0,True
18,0.055872171153369725,False,,0.055872171153369725,False,16,0.0,True
19,0.033394725502872105,False,,0.033394725502872105,False,16,0.0,True
20,0.026157369592060033,False,,0.026157369592060033,False,16,0.0,True
21,0.052955212828800155,False,,0.052955212828800155,False,16,0.0,True
22,0.05012157565028286,False,,0.05012157565028286,False,16,0.0,True
23,0.04783001602656503,False,,0.04783001602656503,False,16,0.0,True
24,0.0422022590271795,False,,0.0422022590271795,False,16,0.0,True
25,0.05110988973087328,False,,0.05110988973087328,False,16,0.0,True
26,0.05668928645329957,False,,0.05668928645329957,False,16,0.0,True
27,0.057625019903758415,False,,0.057625019903758415,False,16,0.0,True
28,0.055677844874364994,False,,0.055677844874364994,False,16,0.0,True
29,0.06303620854607637,False,,0.06303620854607637,False,16,0.0,True
30,0.06173151813065313,False,,0.06173151813065313,False,16,0.0,True
31,0.04211237508942117,False,,0.04211237508942117,False,16,0.0,True
32,0.050894867869558345,False,,0.050894867869558345,False,16,0.0,True
33,0.044622603551887394,False,,0.044622603551887394,False,16,0.0,True
34,0.04381818909147278,False,,0.04381818909147278,False,16,0.0,True
35,0.03807007626196868,False,,0.03807007626196868,False,16,0.0,True
36,0.048848148061861656,False,,0.048848148061861656,False,16,0.0,True
37,0.06483331955297236,False,,0.06483331955297236,False,16,0.0,True
38,0.06626919155284802,False,,0.06626919155284802,False,16,0.0,True
39,0.02998797160672173,False,,0.02998797160672173,False,16,0.0,True
40,0.06283355578185623,False,,0.06283355578185623,False,16,0.0,True
41,0.04973513093460084,False,,0.04973513093460084,False,16,0.0,True
42,0.03630077114150222,False,,0.03630077114150222,False,16,0.0,True
43,0.027025498498079493,False,,0.027025498498079493,False,16,0.0,True
44,0.04375848348450296,False,,0.04375848348450296,False,16,0.0,True
45,0.059473784832822105,False,,0.059473784832822105,False,16,0.0,True
46,0.060685911892059005,False,,0.060685911892059005,False,16,0.0,True
47,0.0631221882598281,False,,0.0631221882598281,False,16,0.0,True
48,0.036340785797496986,False,,0.036340785797496986,False,16,0.0,True
49,0.04580930592632551,False,,0.04580930592632551,False,16,0.0,True
50,0.05014957622398384,False,,0.05014957622398384,False,16,0.0,True
51,0.04293039063412371,False,,0.04293039063412371,False,16,0.0,True
52,0.057203269441202347,False,,0.057203269441202347,False,16,0.0,True
53,0.050435501378142227,False,,0.050435501378142227,False,16,0.0,True
54,0.056329458185553655,False,,0.056329458185553655,False,16,0.0,True
55,0.05055400369893613,False,,0.05055400369893613,False,16,0.0,True
56,0.03974330024756681,False,,0.03974330024756681,False,16,0.0,True
57,0.05633213696153489,False,,0.05633213696153489,False,16,0.0,True
58,0.041406640207379594,False,,0.041406640207379594,False,16,0.0,True
59,0.0383401204781529,False,,0.0383401204781529,False,16,0.0,True
60,0.05743525828824719,False,,0.05743525828824719,False,16,0.0,True
61,0.05167330869933174,False,,0.05167330869933174,False,16,0.0,True
62,0.03594452948089906,False,,0.03594452948089906,False,16,0.0,True
63,0.05463152340133353,False,,0.05463152340133353,False,16,0.0,True
0,-0.020232520299174443,True,,-0.020232520299174443,True,17,0.0,True
1,-0.02472608161502408,False,,-0.02472608161502408,False,17,0.0,True
2,0.045250195147942374,False,,0.045250195147942374,False,17,0.0,True
3,0.028345718391112273,False,,0.028345718391112273,False,17,0.0,True
4,0.040241206056429286,False,,0.040241206056429286,False,17,0.0,True
5,0.0207317171560376,False,,0.0207317171560376,False,17,0.0,True
6,0.01141280385129814,False,,0.01141280385129814,False,17,0.0,True
7,0.029853791876889205,False,,0.029853791876889205,False,17,0.0,True
8,0.013563792738318595,False,,0.013563792738318595,False,17,0.0,True
9,0.048270711209599484,False,,0.048270711209599484,False,17,0.0,True
10,0.023033642013732748,False,,0.023033642013732748,False,17,0.0,True
11,0.020672100249242813,False,,0.020672100249242813,False,17,0.0,True
12,0.02232179797840089,False,,0.02232179797840089,False,17,0.0,True
13,0.02700752541766629,False,,0.02700752541766629,False,17,0.0,True
14,0.03410944375404938,False,,0.03410944375404938,False,17,0.0,True
15,0.03163764888019634,False,,0.03163764888019634,False,17,0.0,True
16,0.02475164818306432,False,,0.02475164818306432,False,17,0.0,True
17,0.016783630851329105,False,,0.016783630851329105,False,17,0.0,True
18,0.03216134772110828,False,,0.03216134772110828,False,17,0.0,True
19,0.03098853925692325,False,,0.03098853925692325,False,17,0.0,True
20,0.030773513936588295,False,,0.030773513936588295,False,17,0.0,True
21,0.049838357811903274,False,,0.049838357811903274,False,17,0.0,True
22,0.02017768072503077,False,,0.02017768072503077,False,17,0.0,True
23,0.03660953605012621,False,,0.03660953605012621,False,17,0.0,True
24,0.0314173647857226,False,,0.0314173647857226,False,17,0.0,True
25,0.031189414932502,False,,0.031189414932502,False,17,0.0,True
26,0.026527657437173523,False,,0.026527657437173523,False,17,0.0,True
27,0.05324356742931532,False,,0.05324356742931532,False,17,0.0,True
28,0.030871526032799454,False,,0.030871526032799454,False,17,0.0,True
29,0.05058402378592723,False,,0.05058402378592723,False,17,0.0,True
30,0.028626644684130627,False,,0.028626644684130627,False,17,0.0,True
31,0.040098785163818707,False,,0.040098785163818707,False,17,0.0,True
32,0.022653076394589675,False,,0.022653076394589675,False,17,0.0,True
33,0.02355471839325192,False,,0.02355471839325192,False,17,0.0,True
34,0.04218795116857223,False,,0.04218795116857223,False,17,0.0,True
35,0.03723213995009314,False,,0.03723213995009314,False,17,0.0,True
36,0.04300818740516879,False,,0.04300818740516879,False,17,0.0,True
37,0.029158618776261414,False,,0.029158618776261414,False,17,0.0,True
38,0.024067271365901186,False,,0.024067271365901186,False,17,0.0,True
39,0.031985424048220586,False,,0.031985424048220586,False,17,0.0,True
40,0.008060976281295231,False,,0.008060976281295231,False,17,0.0,True
41,0.022464510035115452,False,,0.022464510035115452,False,17,0.0,True
42,0.03656309375191852,False,,0.03656309375191852,False,17,0.0,True
43,0.03212348239687825,False,,0.03212348239687825,False,17,0.0,True
44,0.029326656269655065,False,,0.029326656269655065,False,17,0.0,True
45,0.03631855052230521,False,,0.03631855052230521,False,17,0.0,True
46,0.03760190174788796,False,,0.03760190174788796,False,17,0.0,True
47,0.01803491676642078,False,,0.01803491676642078,False,17,0.0,True
48,0.04276918822883345,False,,0.04276918822883345,False,17,0.0,True
49,0.03305100438729573,False,,0.03305100438729573,False,17,0.0,True
50,0.03373072207385596,False,,0.03373072207385596,False,17,0.0,True
51,0.017582446349835204,False,,0.017582446349835204,False,17,0.0,True
52,0.03597224029812038,False,,0.03597224029812038,False,17,0.0,True
53,0.02696257381266339,False,,0.02696257381266339,False,17,0.0,True
54,0.03697949304821727,False,,0.03697949304821727,False,17,0.0,True
55,0.04414534597698948,False,,0.04414534597698948,False,17,0.0,True
56,0.0452342572088317,False,,0.0452342572088317,False,17,0.0,True
57,0.02751148841794763,False,,0.02751148841794763,False,17,0.0,True
58,0.034218319990388796,False,,0.034218319990388796,False,17,0.0,True
59,0.04032705759356228,False,,0.04032705759356228,False,17,0.0,True
60,0.022439423999180218,False,,0.022439423999180218,False,17,0.0,True
61,0.01864629122107288,False,,0.01864629122107288,False,17,0.0,True
62,0.026048532861546826,False,,0.026048532861546826,False,17,0.0,True
63,0.04903896602796569,False,,0.04903896602796569,False,17,0.0,True
0,-0.03585335715545402,True,,-0.03585335715545402,True,18,0.0,True
1,-0.0441204046385112,False,,-0.0441204046385112,False,18,0.0,True
2,0.035386931856578985,False,,0.035386931856578985,False,18,0.0,True
3,0.04731150564742182,False,,0.04731150564742182,False,18,0.0,True
4,0.045896121326555586,False,,0.045896121326555586,False,18,0.0,True
5,0.06213262250714765,False,,0.06213262250714765,False,18,0.0,True
6,0.059502157323025086,False,,0.059502157323025086,False,18,0.0,True
7,0.07438958857523204,False,,0.07438958857523204,False,18,0.0,True
8,0.04280556892720607,False,,0.04280556892720607,False,18,0.0,True
9,0.02924958721685144,False,,0.02924958721685144,False,18,0.0,True
10,0.07163364838701242,False,,0.07163364838701242,False,18,0.0,True
11,0.045707762628800705,False,,0.045707762628800705,False,18,0.0,True
12,0.05010143514484399,False,,0.05010143514484399,False,18,0.0,True
13,0.049895534650690965,False,,0.049895534650690965,False,18,0.0,True
14,0.038186289611096866,False,,0.038186289611096866,False,18,0.0,True
15,0.01377347310308365,False,,0.01377347310308365,False,18,0.0,True
16,0.06700619337904096,False,,0.06700619337904096,False,18,0.0,True
17,0.02933492264326018,False,,0.02933492264326018,False,18,0.0,True
18,0.03864331705377963,False,,0.03864331705377963,False,18,0.0,True
19,0.03456994649305975,False,,0.03456994649305975,False,18,0.0,True
20,0.059498121864890494,False,,0.059498121864890494,False,18,0.0,True
21,0.06638966968514448,False,,0.06638966968514448,False,18,0.0,True
22,0.08838079671220853,False,,0.08838079671220853,False,18,0.0,True
23,-0.005558919895033813,False,,-0.005558919895033813,False,18,0.0,True
24,0.059621076500709094,False,,0.059621076500709094,False,18,0.0,True
25,0.05219941035835306,False,,0.05219941035835306,False,18,0.0,True
26,0.043927565859361084,False,,0.043927565859361084,False,18,0.0,True
27,0.017596213111798778,False,,0.017596213111798778,False,18,0.0,True
28,0.020144547348393986,False,,0.020144547348393986,False,18,0.0,True
29,0.07521871670361699,False,,0.07521871670361699,False,18,0.0,True
30,0.05172324469751379,False,,0.05172324469751379,False,18,0.0,True
31,0.03866739744333805,False,,0.03866739744333805,False,18,0.0,True
32,0.05180542541916065,False,,0.05180542541916065,False,18,0.0,True
33,0.06007370136300859,False,,0.06007370136300859,False,18,0.0,True
34,0.039834804553824085,False,,0.039834804553824085,False,18,0.0,True
35,0.06535611684145542,False,,0.06535611684145542,False,18,0.0,True
36,0.06445804389031574,False,,0.06445804389031574,False,18,0.0,True
37,0.05271178523535455,False,,0.05271178523535455,False,18,0.0,True
38,0.054505579893500494,False,,0.054505579893500494,False,18,0.0,True
39,0.02274094322468284,False,,0.02274094322468284,False,18,0.0,True
40,0.026716927982830672,False,,0.026716927982830672,False,18,0.0,True
41,0.055587380512638986,False,,0.055587380512638986,False,18,0.0,True
42,0.05721196219128433,False,,0.05721196219128433,False,18,0.0,True
43,0.06043433603890282,False,,0.06043433603890282,False,18,0.0,True
44,0.07731448588145148,False,,0.07731448588145148,False,18,0.0,True
45,0.05607191281449323,False,,0.05607191281449323,False,18,0.0,True
46,0.04826187756221767,False,,0.04826187756221767,False,18,0.0,True
47,0.047682688477634017,False,,0.047682688477634017,False,18,0.0,True
48,0.01745989766671467,False,,0.01745989766671467,False,18,0.0,True
49,0.061426896231739164,False,,0.061426896231739164,False,18,0.0,True
50,0.04977589528706183,False,,0.04977589528706183,False,18,0.0,True
51,0.05181929148822691,False,,0.05181929148822691,False,18,0.0,True
52,0.05277830426862283,False,,0.05277830426862283,False,18,0.0,True
53,0.0517576479264234,False,,0.0517576479264234,False,18,0.0,True
54,0.058091514887724155,False,,0.058091514887724155,False,18,0.0,True
55,0.06365835671583822,False,,0.06365835671583822,False,18,0.0,True
56,0.04677885852072643,False,,0.04677885852072643,False,18,0.0,True
57,0.06029338713166862,False,,0.06029338713166862,False,18,0.0,True
58,0.001730796345005164,False,,0.001730796345005164,False,18,0.0,True
59,0.04475705494982443,False,,0.04475705494982443,False,18,0.0,True
60,0.0492970779245758,False,,0.0492970779245758,False,18,0.0,True
61,0.06862855257127377,False,,0.06862855257127377,False,18,0.0,True
62,0.034690814803947784,False,,0.034690814803947784,False,18,0.0,True
63,0.038596259127639386,False,,0.038596259127639386,False,18,0.0,True
0,-0.04192712185635411,True,,-0.04192712185635411,True,19,0.0,True
1,-0.047332563717935205,False,,-0.047332563717935205,False,19,0.0,True
2,0.06705712837854261,False,,0.06705712837854261,False,19,0.0,True
3,0.07824014656324249,False,,0.07824014656324249,False,19,0.0,True
4,0.07236585723507176,False,,0.07236585723507176,False,19,0.0,True
5,0.0550674242017896,False,,0.0550674242017896,False,19,0.0,True
6,0.061651661541659665,False,,0.061651661541659665,False,19,0.0,True
7,0.06241105269474906,False,,0.06241105269474906,False,19,0.0,True
8,0.04439098609515096,False,,0.04439098609515096,False,19,0.0,True
9,0.0687987051469989,False,,0.0687987051469989,False,19,0.0,True
10,0.0770501167516644,False,,0.0770501167516644,False,19,0.0,True
11,0.10285802147686174,False,,0.10285802147686174,False,19,0.0,True
12,0.08755989364251374,False,,0.08755989364251374,False,19,0.0,True
13,0.06784165709850967,False,,0.06784165709850967,False,19,0.0,True
14,0.07503298996720223,False,,0.07503298996720223,False,19,0.0,True
15,0.08488494005645703,False,,0.08488494005645703,False,19,0.0,True
16,0.08496822947152521,False,,0.08496822947152521,False,19,0.0,True
17,0.06110235361831673,False,,0.06110235361831673,False,19,0.0,True
18,0.0677130750541872,False,,0.0677130750541872,False,19,0.0,True
19,0.07950958611952894,False,,0.07950958611952894,False,19,0.0,True
20,0.03869054549528099,False,,0.03869054549528099,False,19,0.0,True
21,0.06169627168191602,False,,0.06169627168191602,False,19,0.0,True
22,0.058999345908378284,False,,0.058999345908378284,False,19,0.0,True
23,0.07439617830573902,False,,0.07439617830573902,False,19,0.0,True
24,0.09286345047073177,False,,0.09286345047073177,False,19,0.0,True
25,0.09019204465544148,False,,0.09019204465544148,False,19,0.0,True
26,0.042901572854627465,False,,0.042901572854627465,False,19,0.0,True
27,0.07770355184017688,False,,0.07770355184017688,False,19,0.0,True
28,0.06204441702337828,False,,0.06204441702337828,False,19,0.0,True
29,0.07259428857855903,False,,0.07259428857855903,False,19,0.0,True
30,0.0730817741444525,False,,0.0730817741444525,False,19,0.0,True
31,0.07513660328187266,False,,0.07513660328187266,False,19,0.0,True
32,0.08245171436111812,False,,0.08245171436111812,False,19,0.0,True
33,0.07916949525484025,False,,0.07916949525484025,False,19,0.0,True
34,0.04319692233956914,False,,0.04319692233956914,False,19,0.0,True
35,0.07297276546065469,False,,0.07297276546065469,False,19,0.0,True
36,0.07394989228260093,False,,0.07394989228260093,False,19,0.0,True
37,0.09283978258476887,False,,0.09283978258476887,False,19,0.0,True
38,0.04898531700363591,False,,0.04898531700363591,False,19,0.0,True
39,0.05306784716667097,False,,0.05306784716667097,False,19,0.0,True
40,0.07044184884600216,False,,0.07044184884600216,False,19,0.0,True
41,0.06994976567201443,False,,0.06994976567201443,False,19,0.0,True
42,0.08161412468154106,False,,0.08161412468154106,False,19,0.0,True
43,0.030288852559359355,False,,0.030288852559359355,False,19,0.0,True
44,0.0733510101387862,False,,0.0733510101387862,False,19,0.0,True
45,0.07230181552952374,False,,0.07230181552952374,False,19,0.0,True
46,0.06231009657199062,False,,0.06231009657199062,False,19,0.0,True
47,0.03750012072613261,False,,0.03750012072613261,False,19,0.0,True
48,0.08387161546073442,False,,0.08387161546073442,False,19,0.0,True
49,0.08396771868295692,False,,0.08396771868295692,False,19,0.0,True
50,0.09219147962525676,False,,0.09219147962525676,False,19,0.0,True
51,0.05307273993037244,False,,0.05307273993037244,False,19,0.0,True
52,0.07697639989675174,False,,0.07697639989675174,False,19,0.0,True
53,0.07742887895406338,False,,0.07742887895406338,False,19,0.0,True
54,0.04786841874134914,False,,0.04786841874134914,False,19,0.0,True
55,0.04413843933000516,False,,0.04413843933000516,False,19,0.0,True
56,0.0597997705635098,False,,0.0597997705635098,False,19,0.0,True
57,0.08627673125216721,False,,0.08627673125216721,False,19,0.0,True
58,0.06160996765412269,False,,0.06160996765412269,False,19,0.0,True
59,0.08052852464044953,False,,0.08052852464044953,False,19,0.0,True
60,0.06966354726158677,False,,0.06966354726158677,False,19,0.0,True
61,0.07539682292692036,False,,0.07539682292692036,False,19,0.0,True
62,0.08922410006661372,False,,0.08922410006661372,False,19,0.0,True
63,0.057918274244188064,False,,0.057918274244188064,False,19,0.0,True
0,-0.08199783956402959,True,,-0.08199783956402959,True,20,0.0,True
1,-0.07606909492150625,False,,-0.07606909492150625,False,20,0.0,True
2,0.03741966375917324,False,,0.03741966375917324,False,20,0.0,True
3,0.029107702539658116,False,,0.029107702539658116,False,20,0.0,True
4,0.05747652435201425,False,,0.05747652435201425,False,20,0.0,True
5,0.00996620687996573,False,,0.00996620687996573,False,20,0.0,True
6,0.03634698517515668,False,,0.03634698517515668,False,20,0.0,True
7,0.02438697478101206,False,,0.02438697478101206,False,20,0.0,True
8,-0.0066793198619586915,False,,-0.0066793198619586915,False,20,0.0,True
9,0.0032525888021313126,False,,0.0032525888021313126,False,20,0.0,True
10,0.045239946485878285,False,,0.045239946485878285,False,20,0.0,True
11,0.014427695278703394,False,,0.014427695278703394,False,20,0.0,True
12,-0.011444281024961938,False,,-0.011444281024961938,False,20,0.0,True
13,0.05107670006134209,False,,0.05107670006134209,False,20,0.0,True
14,0.03715749678763311,False,,0.03715749678763311,False,20,0.0,True
15,0.040408063781135165,False,,0.040408063781135165,False,20,0.0,True
16,0.04529581282985101,False,,0.04529581282985101,False,20,0.0,True
17,-0.00016999915083949898,False,,-0.00016999915083949898,False,20,0.0,True
18,0.06359888267229251,False,,0.06359888267229251,False,20,0.0,True
19,0.010662132169725492,False,,0.010662132169725492,False,20,0.0,True
20,0.03871621902316015,False,,0.03871621902316015,False,20,0.0,True
21,0.004224562182483758,False,,0.004224562182483758,False,20,0.0,True
22,0.01022236549498948,False,,0.01022236549498948,False,20,0.0,True
23,0.035869844926832595,False,,0.035869844926832595,False,20,0.0,True
24,0.03282493832776873,False,,0.03282493832776873,False,20,0.0,True
25,0.010750299550432971,False,,0.010750299550432971,False,20,0.0,True
26,0.02534617420631538,False,,0.02534617420631538,False,20,0.0,True
27,0.03004170218358799,False,,0.03004170218358799,False,20,0.0,True
28,0.012182494163522233,False,,0.012182494163522233,False,20,0.0,True
29,0.02071809876959555,False,,0.02071809876959555,False,20,0.0,True
30,0.007155261745792198,False,,0.007155261745792198,False,20,0.0,True
31,0.04152005603680552,False,,0.04152005603680552,False,20,0.0,True
32,0.004292213362982779,False,,0.004292213362982779,False,20,0.0,True
33,0.026580677639248894,False,,0.026580677639248894,False,20,0.0,True
34,0.006750673711331853,False,,0.006750673711331853,False,20,0.0,True
35,0.016553440708889665,False,,0.016553440708889665,False,20,0.0,True
36,0.05317567510712952,False,,0.05317567510712952,False,20,0.0,True
37,0.04382710961316894,False,,0.04382710961316894,False,20,0.0,True
38,0.05856641344051629,False,,0.05856641344051629,False,20,0.0,True
39,-0.015116571342514871,False,,-0.015116571342514871,False,20,0.0,True
40,0.02897689909608451,False,,0.02897689909608451,False,20,0.0,True
41,-0.0017992732787580194,False,,-0.0017992732787580194,False,20,0.0,True
42,0.04355410270351141,False,,0.04355410270351141,False,20,0.0,True
43,0.048914084718488154,False,,0.048914084718488154,False,20,0.0,True
44,-0.02587106625386136,False,,-0.02587106625386136,False,20,0.0,True
45,0.004662198093043461,False,,0.004662198093043461,False,20,0.0,True
46,-0.010990231821568433,False,,-0.010990231821568433,False,20,0.0,True
47,0.03615341925689237,False,,0.03615341925689237,False,20,0.0,True
48,0.05094289500770255,False,,0.05094289500770255,False,20,0.0,True
49,0.059658800573354154,False,,0.059658800573354154,False,20,0.0,True
50,0.07138417305408595,False,,0.07138417305408595,False,20,0.0,True
51,0.014108279760322737,False,,0.014108279760322737,False,20,0.0,True
52,0.003875429032240741,False,,0.003875429032240741,False,20,0.0,True
53,0.003467771571881182,False,,0.003467771571881182,False,20,0.0,True
54,0.033164625778745176,False,,0.033164625778745176,False,20,0.0,True
55,0.030317686191025275,False,,0.030317686191025275,False,20,0.0,True
56,0.03996240922376376,False,,0.03996240922376376,False,20,0.0,True
57,0.042146576157408494,False,,0.042146576157408494,False,20,0.0,True
58,0.048220084700566844,False,,0.048220084700566844,False,20,0.0,True
59,0.039360256739199684,False,,0.039360256739199684,False,20,0.0,True
60,0.026334480785673128,False,,0.026334480785673128,False,20,0.0,True
61,0.021872609367362808,False,,0.021872609367362808,False,20,0.0,True
62,0.025391204967193538,False,,0.025391204967193538,False,20,0.0,True
63,0.025820149424729693,False,,0.025820149424729693,False,20,0.0,True
0,-0.06724698620056854,True,,-0.06724698620056854,True,21,0.0,True
1,-0.09152897064724624,False,,-0.09152897064724624,False,21,0.0,True
2,0.0020282741058688498,False,,0.0020282741058688498,False,21,0.0,True
3,0.003155878073396612,False,,0.003155878073396612,False,21,0.0,True
4,0.028760456423215,False,,0.028760456423215,False,21,0.0,True
5,0.02316369620848259,False,,0.02316369620848259,False,21,0.0,True
6,0.005906975732201353,False,,0.005906975732201353,False,21,0.0,True
7,0.010116424365101689,False,,0.010116424365101689,False,21,0.0,True
8,0.023228467435202772,False,,0.023228467435202772,False,21,0.0,True
9,0.032153196019822736,False,,0.032153196019822736,False,21,0.0,True
10,0.03752160400162605,False,,0.03752160400162605,False,21,0.0,True
11,0.023992461123968797,False,,0.023992461123968797,False,21,0.0,True
12,0.017598956644361872,False,,0.017598956644361872,False,21,0.0,True
13,0.03435567429046965,False,,0.03435567429046965,False,21,0.0,True
14,0.036383813864511866,False,,0.036383813864511866,False,21,0.0,True
15,0.028585332368500957,False,,0.028585332368500957,False,21,0.0,True
16,0.01872631383551418,False,,0.01872631383551418,False,21,0.0,True
17,0.03664438811047069,False,,0.03664438811047069,False,21,0.0,True
18,0.03642050407737536,False,,0.03642050407737536,False,21,0.0,True
19,0.018445333211541244,False,,0.018445333211541244,False,21,0.0,True
20,0.007002883231235289,False,,0.007002883231235289,False,21,0.0,True
21,0.014477160900544513,False,,0.014477160900544513,False,21,0.0,True
22,0.010252586565716185,False,,0.010252586565716185,False,21,0.0,True
23,0.02687003726981109,False,,0.02687003726981109,False,21,0.0,True
24,0.01608059138845126,False,,0.01608059138845126,False,21,0.0,True
25,0.023048567156457242,False,,0.023048567156457242,False,21,0.0,True
26,0.043869610360620204,False,,0.043869610360620204,False,21,0.0,True
27,0.019251304179700866,False,,0.019251304179700866,False,21,0.0,True
28,0.01300228347314254,False,,0.01300228347314254,False,21,0.0,True
29,0.0014646884817660702,False,,0.0014646884817660702,False,21,0.0,True
30,0.021214477507561773,False,,0.021214477507561773,False,21,0.0,True
31,0.0346502800496917,False,,0.0346502800496917,False,21,0.0,True
32,0.006367093031445854,False,,0.006367093031445854,False,21,0.0,True
33,0.021939533672651952,False,,0.021939533672651952,False,21,0.0,True
34,0.03613911525792454,False,,0.03613911525792454,False,21,0.0,True
35,0.047526885343227354,False,,0.047526885343227354,False,21,0.0,True
36,0.01631502621142114,False,,0.01631502621142114,False,21,0.0,True
37,0.02367036334941059,False,,0.02367036334941059,False,21,0.0,True
38,0.035839039792994236,False,,0.035839039792994236,False,21,0.0,True
39,0.023528256190248974,False,,0.023528256190248974,False,21,0.0,True
40,0.026289835328774915,False,,0.026289835328774915,False,21,0.0,True
41,0.03167813550083686,False,,0.03167813550083686,False,21,0.0,True
42,0.035165932346127304,False,,0.035165932346127304,False,21,0.0,True
43,0.020442068319620338,False,,0.020442068319620338,False,21,0.0,True
44,0.0301463796089475,False,,0.0301463796089475,False,21,0.0,True
45,-0.0016712640256862214,False,,-0.0016712640256862214,False,21,0.0,True
46,0.008478880374340003,False,,0.008478880374340003,False,21,0.0,True
47,0.013719997026895229,False,,0.013719997026895229,False,21,0.0,True
48,0.047388411362518465,False,,0.047388411362518465,False,21,0.0,True
49,0.03661957217278777,False,,0.03661957217278777,False,21,0.0,True
50,0.00462936073488778,False,,0.00462936073488778,False,21,0.0,True
51,0.009073518185382743,False,,0.009073518185382743,False,21,0.0,True
52,-0.01967918932434709,False,,-0.01967918932434709,False,21,0.0,True
53,0.011333906080310093,False,,0.011333906080310093,False,21,0.0,True
54,0.018556133959760614,False,,0.018556133959760614,False,21,0.0,True
55,0.05094514918061792,False,,0.05094514918061792,False,21,0.0,True
56,0.014524257880062412,False,,0.014524257880062412,False,21,0.0,True
57,0.03842298333291426,False,,0.03842298333291426,False,21,0.0,True
58,0.031061082549191682,False,,0.031061082549191682,False,21,0.0,True
59,0.0238636400829935,False,,0.0238636400829935,False,21,0.0,True
60,0.05825980675891304,False,,0.05825980675891304,False,21,0.0,True
61,0.03201151714834368,False,,0.03201151714834368,False,21,0.0,True
62,0.042989618982141736,False,,0.042989618982141736,False,21,0.0,True
63,-0.0024384017858824834,False,,-0.0024384017858824834,False,21,0.0,True
0,-0.10604085371399914,True,,-0.10604085371399914,True,22,0.0,True
1,-0.06780930378961957,False,,-0.06780930378961957,False,22,0.0,True
2,-0.012378462307973145,False,,-0.012378462307973145,False,22,0.0,True
3,-0.07946947533527005,False,,-0.07946947533527005,False,22,0.0,True
4,-0.01154936939118305,False,,-0.01154936939118305,False,22,0.0,True
5,-0.04066915794285472,False,,-0.04066915794285472,False,22,0.0,True
6,-0.03610006787317885,False,,-0.03610006787317885,False,22,0.0,True
7,-0.0078616786884338,False,,-0.0078616786884338,False,22,0.0,True
8,0.01598091206698623,False,,0.01598091206698623,False,22,0.0,True
9,0.0007591986766455209,False,,0.0007591986766455209,False,22,0.0,True
10,-0.047933327780008236,False,,-0.047933327780008236,False,22,0.0,True
11,-0.0002872158393081555,False,,-0.0002872158393081555,False,22,0.0,True
12,-0.03084217982351263,False,,-0.03084217982351263,False,22,0.0,True
13,-0.01813238317452382,False,,-0.01813238317452382,False,22,0.0,True
14,-0.01386892826001005,False,,-0.01386892826001005,False,22,0.0,True
15,-0.037573189757918825,False,,-0.037573189757918825,False,22,0.0,True
16,-0.0006907289548905293,False,,-0.0006907289548905293,False,22,0.0,True
17,-0.01776662631591676,False,,-0.01776662631591676,False,22,0.0,True
18,-0.018861517442853873,False,,-0.018861517442853873,False,22,0.0,True
19,-0.023800017576184263,False,,-0.023800017576184263,False,22,0.0,True
20,-0.006674900373989631,False,,-0.006674900373989631,False,22,0.0,True
21,-0.017107267335223064,False,,-0.017107267335223064,False,22,0.0,True
22,-0.04466742453767955,False,,-0.04466742453767955,False,22,0.0,True
23,-0.006772954574176102,False,,-0.006772954574176102,False,22,0.0,True
24,-0.027195100031091303,False,,-0.027195100031091303,False,22,0.0,True
25,-0.02340682014564683,False,,-0.02340682014564683,False,22,0.0,True
26,-0.023022309230504568,False,,-0.023022309230504568,False,22,0.0,True
27,-0.026158004664325173,False,,-0.026158004664325173,False,22,0.0,True
28,-0.003094959199639459,False,,-0.003094959199639459,False,22,0.0,True
29,-0.010935001799880483,False,,-0.010935001799880483,False,22,0.0,True
30,-0.02441041448812594,False,,-0.02441041448812594,False,22,0.0,True
31,-0.054375697209877324,False,,-0.054375697209877324,False,22,0.0,True
32,-0.03554994745994689,False,,-0.03554994745994689,False,22,0.0,True
33,-0.0006608665452803846,False,,-0.0006608665452803846,False,22,0.0,True
34,0.01697507754848386,False,,0.01697507754848386,False,22,0.0,True
35,-0.019314007645157148,False,,-0.019314007645157148,False,22,0.0,True
36,-0.032357048330747346,False,,-0.032357048330747346,False,22,0.0,True
37,-0.03176746914040749,False,,-0.03176746914040749,False,22,0.0,True
38,-0.07570690804788467,False,,-0.07570690804788467,False,22,0.0,True
39,-0.04256211910147732,False,,-0.04256211910147732,False,22,0.0,True
40,-0.04993014844825594,False,,-0.04993014844825594,False,22,0.0,True
41,-0.0703951833309337,False,,-0.0703951833309337,False,22,0.0,True
42,-0.06346144697952749,False,,-0.06346144697952749,False,22,0.0,True
43,-0.0072458840571485,False,,-0.0072458840571485,False,22,0.0,True
44,-0.047638741523719545,False,,-0.047638741523719545,False,22,0.0,True
45,-0.028057332534542394,False,,-0.028057332534542394,False,22,0.0,True
46,-0.059989030542294014,False,,-0.059989030542294014,False,22,0.0,True
47,-0.018115523809755753,False,,-0.018115523809755753,False,22,0.0,True
48,-0.0712542947397466,False,,-0.0712542947397466,False,22,0.0,True
49,-0.017075358799136478,False,,-0.017075358799136478,False,22,0.0,True
50,-0.06798094278308445,False,,-0.06798094278308445,False,22,0.0,True
51,0.009161274869359711,False,,0.009161274869359711,False,22,0.0,True
52,0.0017535641644334824,False,,0.0017535641644334824,False,22,0.0,True
53,-0.0408555451855213,False,,-0.0408555451855213,False,22,0.0,True
54,-0.015125875542887135,False,,-0.015125875542887135,False,22,0.0,True
55,-0.018535233417475115,False,,-0.018535233417475115,False,22,0.0,True
56,-0.04700623483528378,False,,-0.04700623483528378,False,22,0.0,True
57,-0.024551216152059876,False,,-0.024551216152059876,False,22,0.0,True
58,-0.03530994621150707,False,,-0.03530994621150707,False,22,0.0,True
59,-0.029354352762842068,False,,-0.029354352762842068,False,22,0.0,True
60,-0.052765597328140054,False,,-0.052765597328140054,False,22,0.0,True
61,-0.005787894112050324,False,,-0.005787894112050324,False,22,0.0,True
62,-0.012271689536287947,False,,-0.012271689536287947,False,22,0.0,True
63,-0.03436228900884248,False,,-0.03436228900884248,False,22,0.0,True
0,-0.04318679976824207,True,,-0.04318679976824207,True,23,0.0,True
1,-0.11762769683024357,False,,-0.11762769683024357,False,23,0.0,True
2,0.0189995722031151,False,,0.0189995722031151,False,23,0.0,True
3,0.03638692907818317,False,,0.03638692907818317,False,23,0.0,True
4,0.043760655590278696,False,,0.043760655590278696,False,23,0.0,True
5,0.02691003208218469,False,,0.02691003208218469,False,23,0.0,True
6,0.04397535584122389,False,,0.04397535584122389,False,23,0.0,True
7,0.04301675587679349,False,,0.04301675587679349,False,23,0.0,True
8,0.030576649443793066,False,,0.030576649443793066,False,23,0.0,True
9,0.03452209333368668,False,,0.03452209333368668,False,23,0.0,True
10,0.029570703805346148,False,,0.029570703805346148,False,23,0.0,True
11,0.03666882609397966,False,,0.03666882609397966,False,23,0.0,True
12,0.038008572018542464,False,,0.038008572018542464,False,23,0.0,True
13,0.014366482938893746,False,,0.014366482938893746,False,23,0.0,True
14,0.03838263580059826,False,,0.03838263580059826,False,23,0.0,True
15,0.04577156307976542,False,,0.04577156307976542,False,23,0.0,True
16,0.014066369846534397,False,,0.014066369846534397,False,23,0.0,True
17,0.046978879942380564,False,,0.046978879942380564,False,23,0.0,True
18,0.0504979513687268,False,,0.0504979513687268,False,23,0.0,True
19,0.044279147731913285,False,,0.044279147731913285,False,23,0.0,True
20,0.05257568967675806,False,,0.05257568967675806,False,23,0.0,True
21,0.04087745837752735,False,,0.04087745837752735,False,23,0.0,True
22,0.05693083326091442,False,,0.05693083326091442,False,23,0.0,True
23,0.05154051596876347,False,,0.05154051596876347,False,23,0.0,True
24,0.04914813465049704,False,,0.04914813465049704,False,23,0.0,True
25,0.034608280082986796,False,,0.034608280082986796,False,23,0.0,True
26,0.04701074150811123,False,,0.04701074150811123,False,23,0.0,True
27,0.052101764469105,False,,0.052101764469105,False,23,0.0,True
28,0.026876282939452843,False,,0.026876282939452843,False,23,0.0,True
29,0.044317805359078775,False,,0.044317805359078775,False,23,0.0,True
30,0.042661674204005975,False,,0.042661674204005975,False,23,0.0,True
31,0.0037758184904179556,False,,0.0037758184904179556,False,23,0.0,True
32,0.04212660670415104,False,,0.04212660670415104,False,23,0.0,True
33,0.0004593082747076588,False,,0.0004593082747076588,False,23,0.0,True
34,0.017745383974196498,False,,0.017745383974196498,False,23,0.0,True
35,0.04884166699169133,False,,0.04884166699169133,False,23,0.0,True
36,0.028713667400246418,False,,0.028713667400246418,False,23,0.0,True
37,0.03319132895308887,False,,0.03319132895308887,False,23,0.0,True
38,0.05529924872530513,False,,0.05529924872530513,False,23,0.0,True
39,0.0418047025586733,False,,0.0418047025586733,False,23,0.0,True
40,0.0404908566087845,False,,0.0404908566087845,False,23,0.0,True
41,0.04965383107051767,False,,0.04965383107051767,False,23,0.0,True
42,0.028697481582152143,False,,0.028697481582152143,False,23,0.0,True
43,0.035530931484899914,False,,0.035530931484899914,False,23,0.0,True
44,0.037393471265595425,False,,0.037393471265595425,False,23,0.0,True
45,0.04295266916148261,False,,0.04295266916148261,False,23,0.0,True
46,0.04724112734633182,False,,0.04724112734633182,False,23,0.0,True
47,0.03878006561765474,False,,0.03878006561765474,False,23,0.0,True
48,0.029823284645763656,False,,0.029823284645763656,False,23,0.0,True
49,0.038415446080932725,False,,0.038415446080932725,False,23,0.0,True
50,0.0434592517405644,False,,0.0434592517405644,False,23,0.0,True
51,0.047532692875904864,False,,0.047532692875904864,False,23,0.0,True
52,0.009942799854319478,False,,0.009942799854319478,False,23,0.0,True
53,0.025335853698644016,False,,0.025335853698644016,False,23,0.0,True
54,0.057697264209680285,False,,0.057697264209680285,False,23,0.0,True
55,0.016709209621115204,False,,0.016709209621115204,False,23,0.0,True
56,0.020363803776171904,False,,0.020363803776171904,False,23,0.0,True
57,0.038170928077378485,False,,0.038170928077378485,False,23,0.0,True
58,0.0469579895410516,False,,0.0469579895410516,False,23,0.0,True
59,0.06277759532825747,False,,0.06277759532825747,False,23,0.0,True
60,0.04708179348866057,False,,0.04708179348866057,False,23,0.0,True
61,0.03127382718860209,False,,0.03127382718860209,False,23,0.0,True
62,0.039940813441264204,False,,0.039940813441264204,False,23,0.0,True
63,0.04298012570446804,False,,0.04298012570446804,False,23,0.0,True
0,-0.021606298522903078,True,,-0.021606298522903078,True,24,0.0,True
1,-0.012277945606394591,False,,-0.012277945606394591,False,24,0.0,True
2,0.0550655586440542,False,,0.0550655586440542,False,24,0.0,True
3,0.02775731582258101,False,,0.02775731582258101,False,24,0.0,True
4,0.02974958706993971,False,,0.02974958706993971,False,24,0.0,True
5,0.06828578464326093,False,,0.06828578464326093,False,24,0.0,True
6,0.053102043737925146,False,,0.053102043737925146,False,24,0.0,True
7,0.06847207601663349,False,,0.06847207601663349,False,24,0.0,True
8,0.05784676111311789,False,,0.05784676111311789,False,24,0.0,True
9,0.0710442515199543,False,,0.0710442515199543,False,24,0.0,True
10,0.05058445344655149,False,,0.05058445344655149,False,24,0.0,True
11,0.039173994001704404,False,,0.039173994001704404,False,24,0.0,True
12,0.04372483027163083,False,,0.04372483027163083,False,24,0.0,True
13,0.05800985574023735,False,,0.05800985574023735,False,24,0.0,True
14,0.055033770719177644,False,,0.055033770719177644,False,24,0.0,True
15,0.03882823406811117,False,,0.03882823406811117,False,24,0.0,True
16,0.06581205353365915,False,,0.06581205353365915,False,24,0.0,True
17,0.07148314086736744,False,,0.07148314086736744,False,24,0.0,True
18,0.0671490372052603,False,,0.0671490372052603,False,24,0.0,True
19,0.04334790971077838,False,,0.04334790971077838,False,24,0.0,True
20,0.05745942428385599,False,,0.05745942428385599,False,24,0.0,True
21,0.040930932249584356,False,,0.040930932249584356,False,24,0.0,True
22,0.06697634188867291,False,,0.06697634188867291,False,24,0.0,True
23,0.06484625039535138,False,,0.06484625039535138,False,24,0.0,True
24,0.04475760618022579,False,,0.04475760618022579,False,24,0.0,True
25,0.0547912891836596,False,,0.0547912891836596,False,24,0.0,True
26,0.04814894667524455,False,,0.04814894667524455,False,24,0.0,True
27,0.029456881073768246,False,,0.029456881073768246,False,24,0.0,True
28,0.05202790973634667,False,,0.05202790973634667,False,24,0.0,True
29,0.07334895060464343,False,,0.07334895060464343,False,24,0.0,True
30,0.052730839876997664,False,,0.052730839876997664,False,24,0.0,True
31,0.062396810729411306,False,,0.062396810729411306,False,24,0.0,True
32,0.054257700972655844,False,,0.054257700972655844,False,24,0.0,True
33,0.036810320448083966,False,,0.036810320448083966,False,24,0.0,True
34,0.029387948120229487,False,,0.029387948120229487,False,24,0.0,True
35,0.07073152544354447,False,,0.07073152544354447,False,24,0.0,True
36,0.07788639383034271,False,,0.07788639383034271,False,24,0.0,True
37,0.04881315475045131,False,,0.04881315475045131,False,24,0.0,True
38,0.06207104871188886,False,,0.06207104871188886,False,24,0.0,True
39,0.0707316574266111,False,,0.0707316574266111,False,24,0.0,True
40,0.057683909130847366,False,,0.057683909130847366,False,24,0.0,True
41,0.05321999014525087,False,,0.05321999014525087,False,24,0.0,True
42,0.05014981327910395,False,,0.05014981327910395,False,24,0.0,True
43,0.037777802807153024,False,,0.037777802807153024,False,24,0.0,True
44,0.048803964046220394,False,,0.048803964046220394,False,24,0.0,True
45,0.0637812051667126,False,,0.0637812051667126,False,24,0.0,True
46,0.044153108912654,False,,0.044153108912654,False,24,0.0,True
47,0.05093017699829526,False,,0.05093017699829526,False,24,0.0,True
48,0.05018017968200193,False,,0.05018017968200193,False,24,0.0,True
49,0.056833042210684796,False,,0.056833042210684796,False,24,0.0,True
50,0.03663856790549751,False,,0.03663856790549751,False,24,0.0,True
51,0.015906362778476065,False,,0.015906362778476065,False,24,0.0,True
52,0.07167573005123865,False,,0.07167573005123865,False,24,0.0,True
53,0.05444007326811248,False,,0.05444007326811248,False,24,0.0,True
54,0.03138825407173507,False,,0.03138825407173507,False,24,0.0,True
55,0.058461250969464876,False,,0.058461250969464876,False,24,0.0,True
56,0.0653061472470165,False,,0.0653061472470165,False,24,0.0,True
57,0.06393450360900813,False,,0.06393450360900813,False,24,0.0,True
58,0.03905631824304597,False,,0.03905631824304597,False,24,0.0,True
59,0.05435844236864675,False,,0.05435844236864675,False,24,0.0,True
60,0.04563520095173329,False,,0.04563520095173329,False,24,0.0,True
61,0.04613492370402039,False,,0.04613492370402039,False,24,0.0,True
62,0.06300265805073432,False,,0.06300265805073432,False,24,0.0,True
63,0.0666182779584493,False,,0.0666182779584493,False,24,0.0,True
0,-0.08909009339306176,True,,-0.08909009339306176,True,25,0.0,True
1,-0.0019229246637109659,False,,-0.0019229246637109659,False,25,0.0,True
2,-0.007438796632867162,False,,-0.007438796632867162,False,25,0.0,True
3,0.024193263764375944,False,,0.024193263764375944,False,25,0.0,True
4,0.016819216981803928,False,,0.016819216981803928,False,25,0.0,True
5,0.013116349523935228,False,,0.013116349523935228,False,25,0.0,True
6,0.019720018885781423,False,,0.019720018885781423,False,25,0.0,True
7,0.04326826921505863,False,,0.04326826921505863,False,25,0.0,True
8,0.022004542627353723,False,,0.022004542627353723,False,25,0.0,True
9,0.02294300878649414,False,,0.02294300878649414,False,25,0.0,True
10,0.008018946055797107,False,,0.008018946055797107,False,25,0.0,True
11,0.026140984466009733,False,,0.026140984466009733,False,25,0.0,True
12,0.0500799380477244,False,,0.0500799380477244,False,25,0.0,True
13,0.021903403994496723,False,,0.021903403994496723,False,25,0.0,True
14,0.01825145996493891,False,,0.01825145996493891,False,25,0.0,True
15,0.011961578254385093,False,,0.011961578254385093,False,25,0.0,True
16,0.02000955337738908,False,,0.02000955337738908,False,25,0.0,True
17,0.0322969837803981,False,,0.0322969837803981,False,25,0.0,True
18,0.002264967651412416,False,,0.002264967651412416,False,25,0.0,True
19,-0.023242558626179327,False,,-0.023242558626179327,False,25,0.0,True
20,-0.006676309629389269,False,,-0.006676309629389269,False,25,0.0,True
21,0.011482254442356416,False,,0.011482254442356416,False,25,0.0,True
22,0.004727041589005472,False,,0.004727041589005472,False,25,0.0,True
23,0.03687196690442919,False,,0.03687196690442919,False,25,0.0,True
24,0.03596392942001619,False,,0.03596392942001619,False,25,0.0,True
25,0.04105983746858287,False,,0.04105983746858287,False,25,0.0,True
26,0.021504183549064845,False,,0.021504183549064845,False,25,0.0,True
27,0.01689605917339411,False,,0.01689605917339411,False,25,0.0,True
28,0.052834905341769864,False,,0.052834905341769864,False,25,0.0,True
29,-0.003089829344803917,False,,-0.003089829344803917,False,25,0.0,True
30,0.02361474459176345,False,,0.02361474459176345,False,25,0.0,True
31,0.0030391935284421008,False,,0.0030391935284421008,False,25,0.0,True
32,0.019083402425794517,False,,0.019083402425794517,False,25,0.0,True
33,0.024348660665772206,False,,0.024348660665772206,False,25,0.0,True
34,-0.003638987199782416,False,,-0.003638987199782416,False,25,0.0,True
35,0.03637923561074182,False,,0.03637923561074182,False,25,0.0,True
36,0.031536772437030514,False,,0.031536772437030514,False,25,0.0,True
37,0.042811265202496035,False,,0.042811265202496035,False,25,0.0,True
38,0.001232833384220991,False,,0.001232833384220991,False,25,0.0,True
39,0.02685586711732448,False,,0.02685586711732448,False,25,0.0,True
40,-0.0014032158800670628,False,,-0.0014032158800670628,False,25,0.0,True
41,0.0049751979565650075,False,,0.0049751979565650075,False,25,0.0,True
42,0.022069867921970104,False,,0.022069867921970104,False,25,0.0,True
43,0.01534699286405104,False,,0.01534699286405104,False,25,0.0,True
44,0.01918049147105316,False,,0.01918049147105316,False,25,0.0,True
45,0.02804405303503646,False,,0.02804405303503646,False,25,0.0,True
46,0.023160788199039488,False,,0.023160788199039488,False,25,0.0,True
47,0.014354563766446192,False,,0.014354563766446192,False,25,0.0,True
48,-0.01887896693246817,False,,-0.01887896693246817,False,25,0.0,True
49,-0.015334872184343457,False,,-0.015334872184343457,False,25,0.0,True
50,0.017832433937831873,False,,0.017832433937831873,False,25,0.0,True
51,0.03126296531740112,False,,0.03126296531740112,False,25,0.0,True
52,0.024297288452653158,False,,0.024297288452653158,False,25,0.0,True
53,0.019521390321413618,False,,0.019521390321413618,False,25,0.0,True
54,0.021017361897018208,False,,0.021017361897018208,False,25,0.0,True
55,-0.05663765276572863,False,,-0.05663765276572863,False,25,0.0,True
56,-0.003888134229899882,False,,-0.003888134229899882,False,25,0.0,True
57,0.004929924198721748,False,,0.004929924198721748,False,25,0.0,True
58,0.04045517550089281,False,,0.04045517550089281,False,25,0.0,True
59,0.024713627711244527,False,,0.024713627711244527,False,25,0.0,True
60,0.020706701062400606,False,,0.020706701062400606,False,25,0.0,True
61,0.014053911063940645,False,,0.014053911063940645,False,25,0.0,True
62,0.014380156987669422,False,,0.014380156987669422,False,25,0.0,True
63,-0.002211245632303122,False,,-0.002211245632303122,False,25,0.0,True
0,-0.0539208025812853,True,,-0.0539208025812853,True,26,0.0,True
1,-0.07078538201598167,False,,-0.07078538201598167,False,26,0.0,True
2,0.03809402098932866,False,,0.03809402098932866,False,26,0.0,True
3,0.02064132182911721,False,,0.02064132182911721,False,26,0.0,True
4,0.0166164442099406,False,,0.0166164442099406,False,26,0.0,True
5,0.04299042349836786,False,,0.04299042349836786,False,26,0.0,True
6,0.018657694440376127,False,,0.018657694440376127,False,26,0.0,True
7,0.02993870075620094,False,,0.02993870075620094,False,26,0.0,True
8,0.025524328335657896,False,,0.025524328335657896,False,26,0.0,True
9,0.0355293389725438,False,,0.0355293389725438,False,26,0.0,True
10,0.05028875631342234,False,,0.05028875631342234,False,26,0.0,True
11,0.03898329887572812,False,,0.03898329887572812,False,26,0.0,True
12,0.022026435344268583,False,,0.022026435344268583,False,26,0.0,True
13,0.054695163419847544,False,,0.054695163419847544,False,26,0.0,True
14,0.037839743377306265,False,,0.037839743377306265,False,26,0.0,True
15,0.019049395666003575,False,,0.019049395666003575,False,26,0.0,True
16,0.025321923791137735,False,,0.025321923791137735,False,26,0.0,True
17,0.017583004881237027,False,,0.017583004881237027,False,26,0.0,True
18,0.02080665901909478,False,,0.02080665901909478,False,26,0.0,True
19,0.050478886178672897,False,,0.050478886178672897,False,26,0.0,True
20,0.00027520048695480435,False,,0.00027520048695480435,False,26,0.0,True
21,0.027075744597572973,False,,0.027075744597572973,False,26,0.0,True
22,0.02624144834613534,False,,0.02624144834613534,False,26,0.0,True
23,0.052090844540210665,False,,0.052090844540210665,False,26,0.0,True
24,0.017751874498087527,False,,0.017751874498087527,False,26,0.0,True
25,0.010867674782824405,False,,0.010867674782824405,False,26,0.0,True
26,0.0538636299426415,False,,0.0538636299426415,False,26,0.0,True
27,0.06446136921597048,False,,0.06446136921597048,False,26,0.0,True
28,0.05162612342678292,False,,0.05162612342678292,False,26,0.0,True
29,0.04979635133731486,False,,0.04979635133731486,False,26,0.0,True
30,0.0015803974153306387,False,,0.0015803974153306387,False,26,0.0,True
31,0.031923416785764144,False,,0.031923416785764144,False,26,0.0,True
32,0.020511004962718574,False,,0.020511004962718574,False,26,0.0,True
33,0.017412381013034876,False,,0.017412381013034876,False,26,0.0,True
34,0.017256911341697066,False,,0.017256911341697066,False,26,0.0,True
35,0.03881492601057435,False,,0.03881492601057435,False,26,0.0,True
36,0.0497951885033716,False,,0.0497951885033716,False,26,0.0,True
37,0.04015815167437766,False,,0.04015815167437766,False,26,0.0,True
38,0.03784364422084825,False,,0.03784364422084825,False,26,0.0,True
39,0.02539382921797472,False,,0.02539382921797472,False,26,0.0,True
40,0.004519115528952245,False,,0.004519115528952245,False,26,0.0,True
41,0.038719539118291374,False,,0.038719539118291374,False,26,0.0,True
42,0.017861272860630106,False,,0.017861272860630106,False,26,0.0,True
43,0.04354004538954033,False,,0.04354004538954033,False,26,0.0,True
44,0.022958331594117812,False,,0.022958331594117812,False,26,0.0,True
45,0.02866357073818008,False,,0.02866357073818008,False,26,0.0,True
46,0.001077598413162884,False,,0.001077598413162884,False,26,0.0,True
47,0.053250398266509825,False,,0.053250398266509825,False,26,0.0,True
48,0.01828675951848854,False,,0.01828675951848854,False,26,0.0,True
49,0.02076329868610783,False,,0.02076329868610783,False,26,0.0,True
50,0.028616089577105146,False,,0.028616089577105146,False,26,0.0,True
51,0.06150473270079454,False,,0.06150473270079454,False,26,0.0,True
52,0.009792186831891194,False,,0.009792186831891194,False,26,0.0,True
53,0.052085318615767554,False,,0.052085318615767554,False,26,0.0,True
54,0.02591095526837631,False,,0.02591095526837631,False,26,0.0,True
55,0.05663572691016716,False,,0.05663572691016716,False,26,0.0,True
56,0.04018859206916177,False,,0.04018859206916177,False,26,0.0,True
57,0.048269546162649876,False,,0.048269546162649876,False,26,0.0,True
58,0.04712592906335164,False,,0.04712592906335164,False,26,0.0,True
59,0.03385598636909237,False,,0.03385598636909237,False,26,0.0,True
60,0.01823413128748596,False,,0.01823413128748596,False,26,0.0,True
61,0.055627600884228245,False,,0.055627600884228245,False,26,0.0,True
62,0.01154548074413972,False,,0.01154548074413972,False,26,0.0,True
63,0.022850195932702565,False,,0.022850195932702565,False,26,0.0,True
0,0.023757264622752645,True,,0.023757264622752645,True,27,0.0,True
1,-0.015909019281331524,False,,-0.015909019281331524,False,27,0.0,True
2,0.06966585858869154,False,,0.06966585858869154,False,27,0.0,True
3,0.06420041727667608,False,,0.06420041727667608,False,27,0.0,True
4,0.05687763817745057,False,,0.05687763817745057,False,27,0.0,True
5,0.04246420645987145,False,,0.04246420645987145,False,27,0.0,True
6,0.07187248783429798,False,,0.07187248783429798,False,27,0.0,True
7,0.0690628113674648,False,,0.0690628113674648,False,27,0.0,True
8,0.06374762850340862,False,,0.06374762850340862,False,27,0.0,True
9,0.06570810961514753,False,,0.06570810961514753,False,27,0.0,True
10,0.0580025357681485,False,,0.0580025357681485,False,27,0.0,True
11,0.07138783468594598,False,,0.07138783468594598,False,27,0.0,True
12,0.06625640919607367,False,,0.06625640919607367,False,27,0.0,True
13,0.0666634138517744,False,,0.0666634138517744,False,27,0.0,True
14,0.06274333124558783,False,,0.06274333124558783,False,27,0.0,True
15,0.06662662653443224,False,,0.06662662653443224,False,27,0.0,True
16,0.07609816590569378,False,,0.07609816590569378,False,27,0.0,True
17,0.07861085666026536,False,,0.07861085666026536,False,27,0.0,True
18,0.06548168521949724,False,,0.06548168521949724,False,27,0.0,True
19,0.06261154349883832,False,,0.06261154349883832,False,27,0.0,True
20,0.06530351636128298,False,,0.06530351636128298,False,27,0.0,True
21,0.06629448547770189,False,,0.06629448547770189,False,27,0.0,True
22,0.06758121330084305,False,,0.06758121330084305,False,27,0.0,True
23,0.07003812395045786,False,,0.07003812395045786,False,27,0.0,True
24,0.07610707649437048,False,,0.07610707649437048,False,27,0.0,True
25,0.07214297177357396,False,,0.07214297177357396,False,27,0.0,True
26,0.05996241446664405,False,,0.05996241446664405,False,27,0.0,True
27,0.058797704685539035,False,,0.058797704685539035,False,27,0.0,True
28,0.06250602873575352,False,,0.06250602873575352,False,27,0.0,True
29,0.07500710593851997,False,,0.07500710593851997,False,27,0.0,True
30,0.07779178806765988,False,,0.07779178806765988,False,27,0.0,True
31,0.06428533593574197,False,,0.06428533593574197,False,27,0.0,True
32,0.0594674915451851,False,,0.0594674915451851,False,27,0.0,True
33,0.056450637476162226,False,,0.056450637476162226,False,27,0.0,True
34,0.07032417815098337,False,,0.07032417815098337,False,27,0.0,True
35,0.05938251485666966,False,,0.05938251485666966,False,27,0.0,True
36,0.06842972366133157,False,,0.06842972366133157,False,27,0.0,True
37,0.068966546816875,False,,0.068966546816875,False,27,0.0,True
38,0.06352404700636367,False,,0.06352404700636367,False,27,0.0,True
39,0.0691099961358254,False,,0.0691099961358254,False,27,0.0,True
40,0.06395265141096812,False,,0.06395265141096812,False,27,0.0,True
41,0.07357651950596752,False,,0.07357651950596752,False,27,0.0,True
42,0.07201910927975363,False,,0.07201910927975363,False,27,0.0,True
43,0.05639921695222373,False,,0.05639921695222373,False,27,0.0,True
44,0.06197648110640851,False,,0.06197648110640851,False,27,0.0,True
45,0.07009887871543494,False,,0.07009887871543494,False,27,0.0,True
46,0.04880921802931715,False,,0.04880921802931715,False,27,0.0,True
47,0.07746987840753775,False,,0.07746987840753775,False,27,0.0,True
48,0.06600268583990511,False,,0.06600268583990511,False,27,0.0,True
49,0.07004996776628987,False,,0.07004996776628987,False,27,0.0,True
50,0.06723393291915523,False,,0.06723393291915523,False,27,0.0,True
51,0.06961667382064163,False,,0.06961667382064163,False,27,0.0,True
52,0.06395248921873309,False,,0.06395248921873309,False,27,0.0,True
53,0.06121521216725477,False,,0.06121521216725477,False,27,0.0,True
54,0.05988283229585204,False,,0.05988283229585204,False,27,0.0,True
55,0.05708230234886275,False,,0.05708230234886275,False,27,0.0,True
56,0.07646822845371479,False,,0.07646822845371479,False,27,0.0,True
57,0.07601109322607527,False,,0.07601109322607527,False,27,0.0,True
58,0.06234118730898665,False,,0.06234118730898665,False,27,0.0,True
59,0.0733667167748327,False,,0.0733667167748327,False,27,0.0,True
60,0.06732832321262337,False,,0.06732832321262337,False,27,0.0,True
61,0.05165680083833815,False,,0.05165680083833815,False,27,0.0,True
62,0.06813319813641108,False,,0.06813319813641108,False,27,0.0,True
63,0.06062083245960969,False,,0.06062083245960969,False,27,0.0,True
0,0.054637777389436495,True,,0.054637777389436495,True,28,0.0,True
1,0.038732975552205756,False,,0.038732975552205756,False,28,0.0,True
2,0.06618429338317765,False,,0.06618429338317765,False,28,0.0,True
3,0.06731274335225415,False,,0.06731274335225415,False,28,0.0,True
4,0.0677758802366463,False,,0.0677758802366463,False,28,0.0,True
5,0.05805020359959842,False,,0.05805020359959842,False,28,0.0,True
6,0.05317880196307626,False,,0.05317880196307626,False,28,0.0,True
7,0.06947910477939015,False,,0.06947910477939015,False,28,0.0,True
8,0.06353613782560857,False,,0.06353613782560857,False,28,0.0,True
9,0.06298872294052013,False,,0.06298872294052013,False,28,0.0,True
10,0.06781350891717272,False,,0.06781350891717272,False,28,0.0,True
11,0.05428701453216535,False,,0.05428701453216535,False,28,0.0,True
12,0.06391577945135042,False,,0.06391577945135042,False,28,0.0,True
13,0.05314807931516255,False,,0.05314807931516255,False,28,0.0,True
14,0.062444735503716216,False,,0.062444735503716216,False,28,0.0,True
15,0.06597471221592138,False,,0.06597471221592138,False,28,0.0,True
16,0.06642609839108052,False,,0.06642609839108052,False,28,0.0,True
17,0.06801917616716201,False,,0.06801917616716201,False,28,0.0,True
18,0.06722458445581808,False,,0.06722458445581808,False,28,0.0,True
19,0.050748291480001616,False,,0.050748291480001616,False,28,0.0,True
20,0.06388152763046115,False,,0.06388152763046115,False,28,0.0,True
21,0.06763458325497007,False,,0.06763458325497007,False,28,0.0,True
22,0.06340849193160272,False,,0.06340849193160272,False,28,0.0,True
23,0.06554576502510907,False,,0.06554576502510907,False,28,0.0,True
24,0.07188448404915984,False,,0.07188448404915984,False,28,0.0,True
25,0.06280082327178521,False,,0.06280082327178521,False,28,0.0,True
26,0.06400414000156376,False,,0.06400414000156376,False,28,0.0,True
27,0.06396719901651299,False,,0.06396719901651299,False,28,0.0,True
28,0.0519573656416056,False,,0.0519573656416056,False,28,0.0,True
29,0.0625653038602676,False,,0.0625653038602676,False,28,0.0,True
30,0.07003119154305511,False,,0.07003119154305511,False,28,0.0,True
31,0.05336844363020819,False,,0.05336844363020819,False,28,0.0,True
32,0.05701201417249645,False,,0.05701201417249645,False,28,0.0,True
33,0.06056323603863373,False,,0.06056323603863373,False,28,0.0,True
34,0.06095705422593921,False,,0.06095705422593921,False,28,0.0,True
35,0.070231710420835,False,,0.070231710420835,False,28,0.0,True
36,0.0591808106916728,False,,0.0591808106916728,False,28,0.0,True
37,0.05594556654294687,False,,0.05594556654294687,False,28,0.0,True
38,0.06903657875446417,False,,0.06903657875446417,False,28,0.0,True
39,0.0640743269551369,False,,0.0640743269551369,False,28,0.0,True
40,0.06227901617332608,False,,0.06227901617332608,False,28,0.0,True
41,0.0639308111070643,False,,0.0639308111070643,False,28,0.0,True
42,0.06145306938384753,False,,0.06145306938384753,False,28,0.0,True
43,0.06479598310024806,False,,0.06479598310024806,False,28,0.0,True
44,0.06486546019878688,False,,0.06486546019878688,False,28,0.0,True
45,0.06819786996063677,False,,0.06819786996063677,False,28,0.0,True
46,0.06250043719620589,False,,0.06250043719620589,False,28,0.0,True
47,0.05182160469631947,False,,0.05182160469631947,False,28,0.0,True
48,0.05305289783799107,False,,0.05305289783799107,False,28,0.0,True
49,0.061730163237359956,False,,0.061730163237359956,False,28,0.0,True
50,0.04923953797684181,False,,0.04923953797684181,False,28,0.0,True
51,0.05578560635709916,False,,0.05578560635709916,False,28,0.0,True
52,0.0707474546910151,False,,0.0707474546910151,False,28,0.0,True
53,0.06926106900234169,False,,0.06926106900234169,False,28,0.0,True
54,0.05999575599949449,False,,0.05999575599949449,False,28,0.0,True
55,0.057274383618066596,False,,0.057274383618066596,False,28,0.0,True
56,0.06960672551845669,False,,0.06960672551845669,False,28,0.0,True
57,0.05911172782060508,False,,0.05911172782060508,False,28,0.0,True
58,0.0686986843017747,False,,0.0686986843017747,False,28,0.0,True
59,0.0636126381262602,False,,0.0636126381262602,False,28,0.0,True
60,0.06057976479364957,False,,0.06057976479364957,False,28,0.0,True
61,0.0643591746225759,False,,0.0643591746225759,False,28,0.0,True
62,0.058260253214049845,False,,0.058260253214049845,False,28,0.0,True
63,0.05671596453611102,False,,0.05671596453611102,False,28,0.0,True
0,0.06870429849375388,True,,0.06870429849375388,True,29,0.0,True
1,0.06835544704002977,False,,0.06835544704002977,False,29,0.0,True
2,0.0656376726891391,False,,0.0656376726891391,False,29,0.0,True
3,0.06598511901801275,False,,0.06598511901801275,False,29,0.0,True
4,0.07151586583614744,False,,0.07151586583614744,False,29,0.0,True
5,0.06617085545020185,False,,0.06617085545020185,False,29,0.0,True
6,0.06875684102398344,False,,0.06875684102398344,False,29,0.0,True
7,0.06495720983364714,False,,0.06495720983364714,False,29,0.0,True
8,0.07091750912804203,False,,0.07091750912804203,False,29,0.0,True
9,0.05187577058833199,False,,0.05187577058833199,False,29,0.0,True
10,0.07274202525171494,False,,0.07274202525171494,False,29,0.0,True
11,0.06949238104256994,False,,0.06949238104256994,False,29,0.0,True
12,0.06719958493169989,False,,0.06719958493169989,False,29,0.0,True
13,0.06161308834054663,False,,0.06161308834054663,False,29,0.0,True
14,0.07218868432559296,False,,0.07218868432559296,False,29,0.0,True
15,0.06507611715574678,False,,0.06507611715574678,False,29,0.0,True
16,0.06115519110751442,False,,0.06115519110751442,False,29,0.0,True
17,0.0721947149044426,False,,0.0721947149044426,False,29,0.0,True
18,0.07060044254222791,False,,0.07060044254222791,False,29,0.0,True
19,0.07169970279515059,False,,0.07169970279515059,False,29,0.0,True
20,0.06315205911295863,False,,0.06315205911295863,False,29,0.0,True
21,0.06932505178509878,False,,0.06932505178509878,False,29,0.0,True
22,0.06254347421467069,False,,0.06254347421467069,False,29,0.0,True
23,0.07238697859451339,False,,0.07238697859451339,False,29,0.0,True
24,0.07108286560457744,False,,0.07108286560457744,False,29,0.0,True
25,0.06993781283316002,False,,0.06993781283316002,False,29,0.0,True
26,0.06617656937824232,False,,0.06617656937824232,False,29,0.0,True
27,0.073519010472707,False,,0.073519010472707,False,29,0.0,True
28,0.06824025617919038,False,,0.06824025617919038,False,29,0.0,True
29,0.06610711316414553,False,,0.06610711316414553,False,29,0.0,True
30,0.06022138297940943,False,,0.06022138297940943,False,29,0.0,True
31,0.06937486742352245,False,,0.06937486742352245,False,29,0.0,True
32,0.07157093746726129,False,,0.07157093746726129,False,29,0.0,True
33,0.05871923253075805,False,,0.05871923253075805,False,29,0.0,True
34,0.07272632860688263,False,,0.07272632860688263,False,29,0.0,True
35,0.05677183824337592,False,,0.05677183824337592,False,29,0.0,True
36,0.06950794315179633,False,,0.06950794315179633,False,29,0.0,True
37,0.07464263014136084,False,,0.07464263014136084,False,29,0.0,True
38,0.06433921159305997,False,,0.06433921159305997,False,29,0.0,True
39,0.07610641823926836,False,,0.07610641823926836,False,29,0.0,True
40,0.060299081516315606,False,,0.060299081516315606,False,29,0.0,True
41,0.06150206239143562,False,,0.06150206239143562,False,29,0.0,True
42,0.06801026344704697,False,,0.06801026344704697,False,29,0.0,True
43,0.06953467658492135,False,,0.06953467658492135,False,29,0.0,True
44,0.06069129949760678,False,,0.06069129949760678,False,29,0.0,True
45,0.0645755069831353,False,,0.0645755069831353,False,29,0.0,True
46,0.07121002434792906,False,,0.07121002434792906,False,29,0.0,True
47,0.06978502462750198,False,,0.06978502462750198,False,29,0.0,True
48,0.0700216166360275,False,,0.0700216166360275,False,29,0.0,True
49,0.07045240167586339,False,,0.07045240167586339,False,29,0.0,True
50,0.06634349313741089,False,,0.06634349313741089,False,29,0.0,True
51,0.07276343932339654,False,,0.07276343932339654,False,29,0.0,True
52,0.06976322854370719,False,,0.06976322854370719,False,29,0.0,True
53,0.07020998687807917,False,,0.07020998687807917,False,29,0.0,True
54,0.0643449440097437,False,,0.0643449440097437,False,29,0.0,True
55,0.06366439480293931,False,,0.06366439480293931,False,29,0.0,True
56,0.06844443749157339,False,,0.06844443749157339,False,29,0.0,True
57,0.06818181261588882,False,,0.06818181261588882,False,29,0.0,True
58,0.061255678117405545,False,,0.061255678117405545,False,29,0.0,True
59,0.06717700122304388,False,,0.06717700122304388,False,29,0.0,True
60,0.06913157607693729,False,,0.06913157607693729,False,29,0.0,True
61,0.06888457947977057,False,,0.06888457947977057,False,29,0.0,True
62,0.07065881098211349,False,,0.07065881098211349,False,29,0.0,True
63,0.05754192978252115,False,,0.05754192978252115,False,29,0.0,True
0,0.06700397411128531,True,,0.06700397411128531,True,30,0.0,True
1,0.06602024206104806,False,,0.06602024206104806,False,30,0.0,True
2,0.06723914633875444,False,,0.06723914633875444,False,30,0.0,True
3,0.0634932150102006,False,,0.0634932150102006,False,30,0.0,True
4,0.06606973033695179,False,,0.06606973033695179,False,30,0.0,True
5,0.06509842416347372,False,,0.06509842416347372,False,30,0.0,True
6,0.05890971478739792,False,,0.05890971478739792,False,30,0.0,True
7,0.0663066261703196,False,,0.0663066261703196,False,30,0.0,True
8,0.06929147753775566,False,,0.06929147753775566,False,30,0.0,True
9,0.062062353002838196,False,,0.062062353002838196,False,30,0.0,True
10,0.03939321426820076,False,,0.03939321426820076,False,30,0.0,True
11,0.06154400504107932,False,,0.06154400504107932,False,30,0.0,True
12,0.06798516426086142,False,,0.06798516426086142,False,30,0.0,True
13,0.06955013251259862,False,,0.06955013251259862,False,30,0.0,True
14,0.050588676123931656,False,,0.050588676123931656,False,30,0.0,True
15,0.06240478661473429,False,,0.06240478661473429,False,30,0.0,True
16,0.05955618316582349,False,,0.05955618316582349,False,30,0.0,True
17,0.06415663874748045,False,,0.06415663874748045,False,30,0.0,True
18,0.06524929071958059,False,,0.06524929071958059,False,30,0.0,True
19,0.06280065437711208,False,,0.06280065437711208,False,30,0.0,True
20,0.059638043618510994,False,,0.059638043618510994,False,30,0.0,True
21,0.06661565133518194,False,,0.06661565133518194,False,30,0.0,True
22,0.05887530210925583,False,,0.05887530210925583,False,30,0.0,True
23,0.05849186859025954,False,,0.05849186859025954,False,30,0.0,True
24,0.06527233996718051,False,,0.06527233996718051,False,30,0.0,True
25,0.06956034306197809,False,,0.06956034306197809,False,30,0.0,True
26,0.06464086859734988,False,,0.06464086859734988,False,30,0.0,True
27,0.05837177998620127,False,,0.05837177998620127,False,30,0.0,True
28,0.06650344195170949,False,,0.06650344195170949,False,30,0.0,True
29,0.06675936175226482,False,,0.06675936175226482,False,30,0.0,True
30,0.06411837045880533,False,,0.06411837045880533,False,30,0.0,True
31,0.06398986983939371,False,,0.06398986983939371,False,30,0.0,True
32,0.0704574744639909,False,,0.0704574744639909,False,30,0.0,True
33,0.059324752443702444,False,,0.059324752443702444,False,30,0.0,True
34,0.0648685916216034,False,,0.0648685916216034,False,30,0.0,True
35,0.06144541000605819,False,,0.06144541000605819,False,30,0.0,True
36,0.06594914430713009,False,,0.06594914430713009,False,30,0.0,True
37,0.06007852362448879,False,,0.06007852362448879,False,30,0.0,True
38,0.06044547234651988,False,,0.06044547234651988,False,30,0.0,True
39,0.06345280844192479,False,,0.06345280844192479,False,30,0.0,True
40,0.06899967801371347,False,,0.06899967801371347,False,30,0.0,True
41,0.05992260038511729,False,,0.05992260038511729,False,30,0.0,True
42,0.06807587916496387,False,,0.06807587916496387,False,30,0.0,True
43,0.06399450207324762,False,,0.06399450207324762,False,30,0.0,True
44,0.05657650661802177,False,,0.05657650661802177,False,30,0.0,True
45,0.06650133529882864,False,,0.06650133529882864,False,30,0.0,True
46,0.06622623109649885,False,,0.06622623109649885,False,30,0.0,True
47,0.06875951872188228,False,,0.06875951872188228,False,30,0.0,True
48,0.061227596673217526,False,,0.061227596673217526,False,30,0.0,True
49,0.06701987695834251,False,,0.06701987695834251,False,30,0.0,True
50,0.06542892052162397,False,,0.06542892052162397,False,30,0.0,True
51,0.0608332468368734,False,,0.0608332468368734,False,30,0.0,True
52,0.06775096159290367,False,,0.06775096159290367,False,30,0.0,True
53,0.06305943829626523,False,,0.06305943829626523,False,30,0.0,True
54,0.06706966787937274,False,,0.06706966787937274,False,30,0.0,True
55,0.0515860595360587,False,,0.0515860595360587,False,30,0.0,True
56,0.06794526964218692,False,,0.06794526964218692,False,30,0.0,True
57,0.06470526569638037,False,,0.06470526569638037,False,30,0.0,True
58,0.06429873660495503,False,,0.06429873660495503,False,30,0.0,True
59,0.0555348216044335,False,,0.0555348216044335,False,30,0.0,True
60,0.06213104521061155,False,,0.06213104521061155,False,30,0.0,True
61,0.06584100368066059,False,,0.06584100368066059,False,30,0.0,True
62,0.06480261886102744,False,,0.06480261886102744,False,30,0.0,True
63,0.06439762819533547,False,,0.06439762819533547,False,30,0.0,True
0,0.04828440768061329,True,,0.04828440768061329,True,31,0.0,True
1,0.04104414447900619,False,,0.04104414447900619,False,31,0.0,True
2,0.04068546917825841,False,,0.04068546917825841,False,31,0.0,True
3,0.0492393248061771,False,,0.0492393248061771,False,31,0.0,True
4,0.04641278269569339,False,,0.04641278269569339,False,31,0.0,True
5,0.039270772078418274,False,,0.039270772078418274,False,31,0.0,True
6,0.04313530219248348,False,,0.04313530219248348,False,31,0.0,True
7,0.04417380869448812,False,,0.04417380869448812,False,31,0.0,True
8,0.048382136319420746,False,,0.048382136319420746,False,31,0.0,True
9,0.050848027649482874,False,,0.050848027649482874,False,31,0.0,True
10,0.04651565054790492,False,,0.04651565054790492,False,31,0.0,True
11,0.044968235429764226,False,,0.044968235429764226,False,31,0.0,True
12,0.042635527253727004,False,,0.042635527253727004,False,31,0.0,True
13,0.04771924008748843,False,,0.04771924008748843,False,31,0.0,True
14,0.046438990861679005,False,,0.046438990861679005,False,31,0.0,True
15,0.040941038173852695,False,,0.040941038173852695,False,31,0.0,True
16,0.04561504849018326,False,,0.04561504849018326,False,31,0.0,True
17,0.038602773894446496,False,,0.038602773894446496,False,31,0.0,True
18,0.04207201536282569,False,,0.04207201536282569,False,31,0.0,True
19,0.04480437320068381,False,,0.04480437320068381,False,31,0.0,True
20,0.049581976847121456,False,,0.049581976847121456,False,31,0.0,True
21,0.04267917438973725,False,,0.04267917438973725,False,31,0.0,True
22,0.04279986358610664,False,,0.04279986358610664,False,31,0.0,True
23,0.05102478379336317,False,,0.05102478379336317,False,31,0.0,True
24,0.04452639890952978,False,,0.04452639890952978,False,31,0.0,True
25,0.04663377055801411,False,,0.04663377055801411,False,31,0.0,True
26,0.04854523453806734,False,,0.04854523453806734,False,31,0.0,True
27,0.045538365825595964,False,,0.045538365825595964,False,31,0.0,True
28,0.04997870839257003,False,,0.04997870839257003,False,31,0.0,True
29,0.041818507811249385,False,,0.041818507811249385,False,31,0.0,True
30,0.039667867207756335,False,,0.039667867207756335,False,31,0.0,True
31,0.042428658640476034,False,,0.042428658640476034,False,31,0.0,True
32,0.029724235574607384,False,,0.029724235574607384,False,31,0.0,True
33,0.043108956733312144,False,,0.043108956733312144,False,31,0.0,True
34,0.04570627074653647,False,,0.04570627074653647,False,31,0.0,True
35,0.028642309726895833,False,,0.028642309726895833,False,31,0.0,True
36,0.04875268049471536,False,,0.04875268049471536,False,31,0.0,True
37,0.042458069184395236,False,,0.042458069184395236,False,31,0.0,True
38,0.047595753638660455,False,,0.047595753638660455,False,31,0.0,True
39,0.046058083959407276,False,,0.046058083959407276,False,31,0.0,True
40,0.048791028979356374,False,,0.048791028979356374,False,31,0.0,True
41,0.04013506587801936,False,,0.04013506587801936,False,31,0.0,True
42,0.04909111509482324,False,,0.04909111509482324,False,31,0.0,True
43,0.04743179986484674,False,,0.04743179986484674,False,31,0.0,True
44,0.049370861859123774,False,,0.049370861859123774,False,31,0.0,True
45,0.03579062343490877,False,,0.03579062343490877,False,31,0.0,True
46,0.04404552135672668,False,,0.04404552135672668,False,31,0.0,True
47,0.04753351988294622,False,,0.04753351988294622,False,31,0.0,True
48,0.04645364095119908,False,,0.04645364095119908,False,31,0.0,True
49,0.04553500587941722,False,,0.04553500587941722,False,31,0.0,True
50,0.046865207183287655,False,,0.046865207183287655,False,31,0.0,True
51,0.02386554959105475,False,,0.02386554959105475,False,31,0.0,True
52,0.03533632404879794,False,,0.03533632404879794,False,31,0.0,True
53,0.04281862858059465,False,,0.04281862858059465,False,31,0.0,True
54,0.047012695520831455,False,,0.047012695520831455,False,31,0.0,True
55,0.04582148703520276,False,,0.04582148703520276,False,31,0.0,True
56,0.046930313953854316,False,,0.046930313953854316,False,31,0.0,True
57,0.04330008662430087,False,,0.04330008662430087,False,31,0.0,True
58,0.03090160734734905,False,,0.03090160734734905,False,31,0.0,True
59,0.049022292377977644,False,,0.049022292377977644,False,31,0.0,True
60,0.04579755844160496,False,,0.04579755844160496,False,31,0.0,True
61,0.04602412314527579,False,,0.04602412314527579,False,31,0.0,True
62,0.04875123667201041,False,,0.04875123667201041,False,31,0.0,True
63,0.046957012142228076,False,,0.046957012142228076,False,31,0.0,True
0,0.3924984174591752,True,,0.3924984174591752,True,32,0.0,True
1,0.3893687767098727,False,,0.3893687767098727,False,32,0.0,True
2,0.4632541489730859,False,,0.4632541489730859,False,32,0.0,True
3,0.5752163992852931,False,,0.5752163992852931,False,32,0.0,True
4,0.5705925679516075,False,,0.5705925679516075,False,32,0.0,True
5,0.5692399891858422,False,,0.5692399891858422,False,32,0.0,True
6,0.5306604439711775,False,,0.5306604439711775,False,32,0.0,True
7,0.5690744840351332,False,,0.5690744840351332,False,32,0.0,True
8,0.5348489700959592,False,,0.5348489700959592,False,32,0.0,True
9,0.5769463948491756,False,,0.5769463948491756,False,32,0.0,True
10,0.5540133439749925,False,,0.5540133439749925,False,32,0.0,True
11,0.5725919586248718,False,,0.5725919586248718,False,32,0.0,True
12,0.5773899700185179,False,,0.5773899700185179,False,32,0.0,True
13,0.5786730465688052,False,,0.5786730465688052,False,32,0.0,True
14,0.47205819402975446,False,,0.47205819402975446,False,32,0.0,True
15,0.5754776863780202,False,,0.5754776863780202,False,32,0.0,True
16,0.5748896634467677,False,,0.5748896634467677,False,32,0.0,True
17,0.5595886429893496,False,,0.5595886429893496,False,32,0.0,True
18,0.5732119172778497,False,,0.5732119172778497,False,32,0.0,True
19,0.5778129157096484,False,,0.5778129157096484,False,32,0.0,True
20,0.5791233321218238,False,,0.5791233321218238,False,32,0.0,True
21,0.564284497387055,False,,0.564284497387055,False,32,0.0,True
22,0.5734153015843149,False,,0.5734153015843149,False,32,0.0,True
23,0.5125859996028397,False,,0.5125859996028397,False,32,0.0,True
24,0.5689948868031678,False,,0.5689948868031678,False,32,0.0,True
25,0.5247872397078738,False,,0.5247872397078738,False,32,0.0,True
26,0.4758036145507067,False,,0.4758036145507067,False,32,0.0,True
27,0.5712784459332592,False,,0.5712784459332592,False,32,0.0,True
28,0.5727738550193201,False,,0.5727738550193201,False,32,0.0,True
29,0.5795083411781714,False,,0.5795083411781714,False,32,0.0,True
30,0.4781138529406609,False,,0.4781138529406609,False,32,0.0,True
31,0.581046201731003,False,,0.581046201731003,False,32,0.0,True
32,0.5097915754218678,False,,0.5097915754218678,False,32,0.0,True
33,0.5766582960831694,False,,0.5766582960831694,False,32,0.0,True
34,0.5794916717168612,False,,0.5794916717168612,False,32,0.0,True
35,0.5775604232441836,False,,0.5775604232441836,False,32,0.0,True
36,0.5736538794308312,False,,0.5736538794308312,False,32,0.0,True
37,0.5807555527867425,False,,0.5807555527867425,False,32,0.0,True
38,0.5778202539228914,False,,0.5778202539228914,False,32,0.0,True
39,0.5755537773134878,False,,0.5755537773134878,False,32,0.0,True
40,0.5800253591401509,False,,0.5800253591401509,False,32,0.0,True
41,0.5790448351748068,False,,0.5790448351748068,False,32,0.0,True
42,0.5376078297324066,False,,0.5376078297324066,False,32,0.0,True
43,0.5184154941249612,False,,0.5184154941249612,False,32,0.0,True
44,0.5739512243109521,False,,0.5739512243109521,False,32,0.0,True
45,0.5789177902613096,False,,0.5789177902613096,False,32,0.0,True
46,0.5735004047584117,False,,0.5735004047584117,False,32,0.0,True
47,0.5181868622633823,False,,0.5181868622633823,False,32,0.0,True
48,0.5720244025015189,False,,0.5720244025015189,False,32,0.0,True
49,0.5738943963658921,False,,0.5738943963658921,False,32,0.0,True
50,0.4763331619036894,False,,0.4763331619036894,False,32,0.0,True
51,0.5809728974108223,False,,0.5809728974108223,False,32,0.0,True
52,0.565471341301277,False,,0.565471341301277,False,32,0.0,True
53,0.5725728152803611,False,,0.5725728152803611,False,32,0.0,True
54,0.5734379872432331,False,,0.5734379872432331,False,32,0.0,True
55,0.5700169848286697,False,,0.5700169848286697,False,32,0.0,True
56,0.583231951000603,False,,0.583231951000603,False,32,0.0,True
57,0.5765234629510427,False,,0.5765234629510427,False,32,0.0,True
58,0.5747521922000507,False,,0.5747521922000507,False,32,0.0,True
59,0.5767103903017087,False,,0.5767103903017087,False,32,0.0,True
60,0.5785350569263648,False,,0.5785350569263648,False,32,0.0,True
61,0.5612273452173713,False,,0.5612273452173713,False,32,0.0,True
62,0.553458373512053,False,,0.553458373512053,False,32,0.0,True
63,0.5083268987482701,False,,0.5083268987482701,False,32,0.0,True
0,0.3605407864361308,True,,0.3605407864361308,True,33,0.0,True
1,0.35118632150492246,False,,0.35118632150492246,False,33,0.0,True
2,0.5490999978225657,False,,0.5490999978225657,False,33,0.0,True
3,0.547286877125706,False,,0.547286877125706,False,33,0.0,True
4,0.5510680341474523,False,,0.5510680341474523,False,33,0.0,True
5,0.553276269781798,False,,0.553276269781798,False,33,0.0,True
6,0.5526948194673804,False,,0.5526948194673804,False,33,0.0,True
7,0.4895735831897189,False,,0.4895735831897189,False,33,0.0,True
8,0.5496199535741699,False,,0.5496199535741699,False,33,0.0,True
9,0.5483236245837798,False,,0.5483236245837798,False,33,0.0,True
10,0.550668510353793,False,,0.550668510353793,False,33,0.0,True
11,0.550865923947484,False,,0.550865923947484,False,33,0.0,True
12,0.4096566679120315,False,,0.4096566679120315,False,33,0.0,True
13,0.5497383743031592,False,,0.5497383743031592,False,33,0.0,True
14,0.5481593448440919,False,,0.5481593448440919,False,33,0.0,True
15,0.5497802277205893,False,,0.5497802277205893,False,33,0.0,True
16,0.5543309683352647,False,,0.5543309683352647,False,33,0.0,True
17,0.5500024005883529,False,,0.5500024005883529,False,33,0.0,True
18,0.5504042171391303,False,,0.5504042171391303,False,33,0.0,True
19,0.5516196142674369,False,,0.5516196142674369,False,33,0.0,True
20,0.5522618307168646,False,,0.5522618307168646,False,33,0.0,True
21,0.5474571172970915,False,,0.5474571172970915,False,33,0.0,True
22,0.5543343302347201,False,,0.5543343302347201,False,33,0.0,True
23,0.547720452522208,False,,0.547720452522208,False,33,0.0,True
24,0.5472252826637419,False,,0.5472252826637419,False,33,0.0,True
25,0.5477861495640265,False,,0.5477861495640265,False,33,0.0,True
26,0.47788960874015646,False,,0.47788960874015646,False,33,0.0,True
27,0.5505436945711438,False,,0.5505436945711438,False,33,0.0,True
28,0.5497071579704781,False,,0.5497071579704781,False,33,0.0,True
29,0.5518283306186966,False,,0.5518283306186966,False,33,0.0,True
30,0.5479997383929112,False,,0.5479997383929112,False,33,0.0,True
31,0.5512884424190425,False,,0.5512884424190425,False,33,0.0,True
32,0.5493737165290894,False,,0.5493737165290894,False,33,0.0,True
33,0.5011410302800504,False,,0.5011410302800504,False,33,0.0,True
34,0.5495526909013675,False,,0.5495526909013675,False,33,0.0,True
35,0.5526790131873838,False,,0.5526790131873838,False,33,0.0,True
36,0.5482593649641239,False,,0.5482593649641239,False,33,0.0,True
37,0.5485015715567128,False,,0.5485015715567128,False,33,0.0,True
38,0.4604823921846918,False,,0.4604823921846918,False,33,0.0,True
39,0.5504007154466705,False,,0.5504007154466705,False,33,0.0,True
40,0.5506314269691169,False,,0.5506314269691169,False,33,0.0,True
41,0.4978970983927054,False,,0.4978970983927054,False,33,0.0,True
42,0.45402297069961667,False,,0.45402297069961667,False,33,0.0,True
43,0.5519061364839191,False,,0.5519061364839191,False,33,0.0,True
44,0.5530955851587632,False,,0.5530955851587632,False,33,0.0,True
45,0.47163384662337327,False,,0.47163384662337327,False,33,0.0,True
46,0.4437833150822208,False,,0.4437833150822208,False,33,0.0,True
47,0.531942106995522,False,,0.531942106995522,False,33,0.0,True
48,0.549272696109025,False,,0.549272696109025,False,33,0.0,True
49,0.5024180227631172,False,,0.5024180227631172,False,33,0.0,True
50,0.5513605309140103,False,,0.5513605309140103,False,33,0.0,True
51,0.5518496567041801,False,,0.5518496567041801,False,33,0.0,True
52,0.5532114058688046,False,,0.5532114058688046,False,33,0.0,True
53,0.5463751126804067,False,,0.5463751126804067,False,33,0.0,True
54,0.3934598498626561,False,,0.3934598498626561,False,33,0.0,True
55,0.5479067457635662,False,,0.5479067457635662,False,33,0.0,True
56,0.5109348853292618,False,,0.5109348853292618,False,33,0.0,True
57,0.547949350258069,False,,0.547949350258069,False,33,0.0,True
58,0.549949482495999,False,,0.549949482495999,False,33,0.0,True
59,0.5487746737129144,False,,0.5487746737129144,False,33,0.0,True
60,0.5499676198854333,False,,0.5499676198854333,False,33,0.0,True
61,0.4822617615774473,False,,0.4822617615774473,False,33,0.0,True
62,0.4274377920932219,False,,0.4274377920932219,False,33,0.0,True
63,0.5509351440829057,False,,0.5509351440829057,False,33,0.0,True
0,0.39647463098566316,True,,0.39647463098566316,True,34,0.0,True
1,0.34620147606910073,False,,0.34620147606910073,False,34,0.0,True
2,0.5043891215193648,False,,0.5043891215193648,False,34,0.0,True
3,0.49231074511450074,False,,0.49231074511450074,False,34,0.0,True
4,0.5081779992479942,False,,0.5081779992479942,False,34,0.0,True
5,0.519350457454199,False,,0.519350457454199,False,34,0.0,True
6,0.5183778325741406,False,,0.5183778325741406,False,34,0.0,True
7,0.5197751826771471,False,,0.5197751826771471,False,34,0.0,True
8,0.5088541283898995,False,,0.5088541283898995,False,34,0.0,True
9,0.48614273076678494,False,,0.48614273076678494,False,34,0.0,True
10,0.5204204234923521,False,,0.5204204234923521,False,34,0.0,True
11,0.4512043117982632,False,,0.4512043117982632,False,34,0.0,True
12,0.518754868994769,False,,0.518754868994769,False,34,0.0,True
13,0.5196666052011978,False,,0.5196666052011978,False,34,0.0,True
14,0.5179094019163331,False,,0.5179094019163331,False,34,0.0,True
15,0.5196568734584333,False,,0.5196568734584333,False,34,0.0,True
16,0.5179703570354898,False,,0.5179703570354898,False,34,0.0,True
17,0.5185303166830431,False,,0.5185303166830431,False,34,0.0,True
18,0.5178992373196302,False,,0.5178992373196302,False,34,0.0,True
19,0.44836884461358084,False,,0.44836884461358084,False,34,0.0,True
20,0.5184368716577192,False,,0.5184368716577192,False,34,0.0,True
21,0.5173316573077199,False,,0.5173316573077199,False,34,0.0,True
22,0.49414302888367545,False,,0.49414302888367545,False,34,0.0,True
23,0.5179420149960198,False,,0.5179420149960198,False,34,0.0,True
24,0.5187079975829207,False,,0.5187079975829207,False,34,0.0,True
25,0.5186782161692814,False,,0.5186782161692814,False,34,0.0,True
26,0.5194326682796517,False,,0.5194326682796517,False,34,0.0,True
27,0.5190707750441746,False,,0.5190707750441746,False,34,0.0,True
28,0.52075877472846,False,,0.52075877472846,False,34,0.0,True
29,0.5193476810872966,False,,0.5193476810872966,False,34,0.0,True
30,0.5180853830168749,False,,0.5180853830168749,False,34,0.0,True
31,0.5199912155730423,False,,0.5199912155730423,False,34,0.0,True
32,0.5205431602988092,False,,0.5205431602988092,False,34,0.0,True
33,0.5190165790199804,False,,0.5190165790199804,False,34,0.0,True
34,0.5166771360995209,False,,0.5166771360995209,False,34,0.0,True
35,0.5198761333663804,False,,0.5198761333663804,False,34,0.0,True
36,0.5058224115586408,False,,0.5058224115586408,False,34,0.0,True
37,0.4705262893154444,False,,0.4705262893154444,False,34,0.0,True
38,0.5195401829098248,False,,0.5195401829098248,False,34,0.0,True
39,0.5187017709671705,False,,0.5187017709671705,False,34,0.0,True
40,0.517837194422768,False,,0.517837194422768,False,34,0.0,True
41,0.5202375282402865,False,,0.5202375282402865,False,34,0.0,True
42,0.5193741608730947,False,,0.5193741608730947,False,34,0.0,True
43,0.5170492259847711,False,,0.5170492259847711,False,34,0.0,True
44,0.5194411975735573,False,,0.5194411975735573,False,34,0.0,True
45,0.5161293587376174,False,,0.5161293587376174,False,34,0.0,True
46,0.5193807631763148,False,,0.5193807631763148,False,34,0.0,True
47,0.518492304806123,False,,0.518492304806123,False,34,0.0,True
48,0.5196158612220378,False,,0.5196158612220378,False,34,0.0,True
49,0.5191482805383614,False,,0.5191482805383614,False,34,0.0,True
50,0.5178041745196481,False,,0.5178041745196481,False,34,0.0,True
51,0.5186858058777101,False,,0.5186858058777101,False,34,0.0,True
52,0.5188571059322933,False,,0.5188571059322933,False,34,0.0,True
53,0.5198826297307058,False,,0.5198826297307058,False,34,0.0,True
54,0.5204475852883738,False,,0.5204475852883738,False,34,0.0,True
55,0.5195408908458738,False,,0.5195408908458738,False,34,0.0,True
56,0.5199808713304326,False,,0.5199808713304326,False,34,0.0,True
57,0.5180240942182737,False,,0.5180240942182737,False,34,0.0,True
58,0.5161336943828893,False,,0.5161336943828893,False,34,0.0,True
59,0.5203938073407403,False,,0.5203938073407403,False,34,0.0,True
60,0.4986579470908795,False,,0.4986579470908795,False,34,0.0,True
61,0.5197991190347194,False,,0.5197991190347194,False,34,0.0,True
62,0.5188155051558236,False,,0.5188155051558236,False,34,0.0,True
63,0.5169240015267417,False,,0.5169240015267417,False,34,0.0,True
0,0.49054102034409947,True,,0.49054102034409947,True,35,0.0,True
1,0.4915423608241024,False,,0.4915423608241024,False,35,0.0,True
2,0.4926951410896823,False,,0.4926951410896823,False,35,0.0,True
3,0.4930196057651156,False,,0.4930196057651156,False,35,0.0,True
4,0.4928152124440679,False,,0.4928152124440679,False,35,0.0,True
5,0.4927829196702446,False,,0.4927829196702446,False,35,0.0,True
6,0.4915218236575052,False,,0.4915218236575052,False,35,0.0,True
7,0.4932473190810929,False,,0.4932473190810929,False,35,0.0,True
8,0.49336510960661106,False,,0.49336510960661106,False,35,0.0,True
9,0.4923131471040479,False,,0.4923131471040479,False,35,0.0,True
10,0.4933709787544134,False,,0.4933709787544134,False,35,0.0,True
11,0.49099843453068814,False,,0.49099843453068814,False,35,0.0,True
12,0.49343061986140324,False,,0.49343061986140324,False,35,0.0,True
13,0.4924107876741401,False,,0.4924107876741401,False,35,0.0,True
14,0.49190034101659935,False,,0.49190034101659935,False,35,0.0,True
15,0.4932708053786836,False,,0.4932708053786836,False,35,0.0,True
16,0.49359365218993195,False,,0.49359365218993195,False,35,0.0,True
17,0.4906051632832053,False,,0.4906051632832053,False,35,0.0,True
18,0.49291402197765516,False,,0.49291402197765516,False,35,0.0,True
19,0.49299284152629763,False,,0.49299284152629763,False,35,0.0,True
20,0.4921971728293075,False,,0.4921971728293075,False,35,0.0,True
21,0.4931753490478559,False,,0.4931753490478559,False,35,0.0,True
22,0.49147148756671855,False,,0.49147148756671855,False,35,0.0,True
23,0.4924480072850618,False,,0.4924480072850618,False,35,0.0,True
24,0.49234957293736664,False,,0.49234957293736664,False,35,0.0,True
25,0.49270998233630137,False,,0.49270998233630137,False,35,0.0,True
26,0.49203751366347975,False,,0.49203751366347975,False,35,0.0,True
27,0.49114988394168485,False,,0.49114988394168485,False,35,0.0,True
28,0.49263658560370677,False,,0.49263658560370677,False,35,0.0,True
29,0.49278334386592554,False,,0.49278334386592554,False,35,0.0,True
30,0.49170076999157275,False,,0.49170076999157275,False,35,0.0,True
31,0.49201125040700827,False,,0.49201125040700827,False,35,0.0,True
32,0.4908050821589091,False,,0.4908050821589091,False,35,0.0,True
33,0.49307380180993055,False,,0.49307380180993055,False,35,0.0,True
34,0.4927999879165904,False,,0.4927999879165904,False,35,0.0,True
35,0.49248201683521375,False,,0.49248201683521375,False,35,0.0,True
36,0.49305646286906313,False,,0.49305646286906313,False,35,0.0,True
37,0.4932922270190897,False,,0.4932922270190897,False,35,0.0,True
38,0.4919464198749316,False,,0.4919464198749316,False,35,0.0,True
39,0.490940013941013,False,,0.490940013941013,False,35,0.0,True
40,0.4916477408992563,False,,0.4916477408992563,False,35,0.0,True
41,0.49181496955852905,False,,0.49181496955852905,False,35,0.0,True
42,0.49210884142067346,False,,0.49210884142067346,False,35,0.0,True
43,0.49125068990622106,False,,0.49125068990622106,False,35,0.0,True
44,0.4919479202951355,False,,0.4919479202951355,False,35,0.0,True
45,0.4929600381935973,False,,0.4929600381935973,False,35,0.0,True
46,0.49221852789568027,False,,0.49221852789568027,False,35,0.0,True
47,0.49265256576668065,False,,0.49265256576668065,False,35,0.0,True
48,0.49325981120843015,False,,0.49325981120843015,False,35,0.0,True
49,0.49230387650548235,False,,0.49230387650548235,False,35,0.0,True
50,0.4924804688365043,False,,0.4924804688365043,False,35,0.0,True
51,0.49227959843853414,False,,0.49227959843853414,False,35,0.0,True
52,0.4920443297225975,False,,0.4920443297225975,False,35,0.0,True
53,0.49382774475683205,False,,0.49382774475683205,False,35,0.0,True
54,0.49426212930506674,False,,0.49426212930506674,False,35,0.0,True
55,0.49124596357297434,False,,0.49124596357297434,False,35,0.0,True
56,0.4919700359681093,False,,0.4919700359681093,False,35,0.0,True
57,0.49204031112630753,False,,0.49204031112630753,False,35,0.0,True
58,0.49306383119549213,False,,0.49306383119549213,False,35,0.0,True
59,0.49372387289719016,False,,0.49372387289719016,False,35,0.0,True
60,0.4929291232200498,False,,0.4929291232200498,False,35,0.0,True
61,0.4925291196426245,False,,0.4925291196426245,False,35,0.0,True
62,0.49240893467818775,False,,0.49240893467818775,False,35,0.0,True
63,0.49299658656657913,False,,0.49299658656657913,False,35,0.0,True
0,0.4821951731489546,True,,0.4821951731489546,True,36,0.0,True
1,0.4884204995653579,False,,0.4884204995653579,False,36,0.0,True
2,0.48753258778483144,False,,0.48753258778483144,False,36,0.0,True
3,0.488244434750376,False,,0.488244434750376,False,36,0.0,True
4,0.48783233925737934,False,,0.48783233925737934,False,36,0.0,True
5,0.4877549193024231,False,,0.4877549193024231,False,36,0.0,True
6,0.4881600234565383,False,,0.4881600234565383,False,36,0.0,True
7,0.48830542663863524,False,,0.48830542663863524,False,36,0.0,True
8,0.48666426829890364,False,,0.48666426829890364,False,36,0.0,True
9,0.48762768753943,False,,0.48762768753943,False,36,0.0,True
10,0.486591057084377,False,,0.486591057084377,False,36,0.0,True
11,0.48921133538476147,False,,0.48921133538476147,False,36,0.0,True
12,0.48837856959507364,False,,0.48837856959507364,False,36,0.0,True
13,0.489097328987172,False,,0.489097328987172,False,36,0.0,True
14,0.4887349720772623,False,,0.4887349720772623,False,36,0.0,True
15,0.48649517352738675,False,,0.48649517352738675,False,36,0.0,True
16,0.4892012077386948,False,,0.4892012077386948,False,36,0.0,True
17,0.4890526626894378,False,,0.4890526626894378,False,36,0.0,True
18,0.4889725032791859,False,,0.4889725032791859,False,36,0.0,True
19,0.4877727097148182,False,,0.4877727097148182,False,36,0.0,True
20,0.48820850795989973,False,,0.48820850795989973,False,36,0.0,True
21,0.4882779754244351,False,,0.4882779754244351,False,36,0.0,True
22,0.489379045928133,False,,0.489379045928133,False,36,0.0,True
23,0.48758299874756006,False,,0.48758299874756006,False,36,0.0,True
24,0.4882041720931548,False,,0.4882041720931548,False,36,0.0,True
25,0.4885241630459507,False,,0.4885241630459507,False,36,0.0,True
26,0.48790319725427667,False,,0.48790319725427667,False,36,0.0,True
27,0.487971014507858,False,,0.487971014507858,False,36,0.0,True
28,0.4894670469473467,False,,0.4894670469473467,False,36,0.0,True
29,0.48880299801142185,False,,0.48880299801142185,False,36,0.0,True
30,0.4876474485518482,False,,0.4876474485518482,False,36,0.0,True
31,0.48893694858626136,False,,0.48893694858626136,False,36,0.0,True
32,0.48632694451841213,False,,0.48632694451841213,False,36,0.0,True
33,0.48788400210162763,False,,0.48788400210162763,False,36,0.0,True
34,0.4862705074619192,False,,0.4862705074619192,False,36,0.0,True
35,0.4887909906865167,False,,0.4887909906865167,False,36,0.0,True
36,0.4878090379166086,False,,0.4878090379166086,False,36,0.0,True
37,0.48734052457756916,False,,0.48734052457756916,False,36,0.0,True
38,0.4873890078693572,False,,0.4873890078693572,False,36,0.0,True
39,0.4881314852451895,False,,0.4881314852451895,False,36,0.0,True
40,0.48776418408172983,False,,0.48776418408172983,False,36,0.0,True
41,0.48914895726375446,False,,0.48914895726375446,False,36,0.0,True
42,0.48821879148498337,False,,0.48821879148498337,False,36,0.0,True
43,0.4881274418674014,False,,0.4881274418674014,False,36,0.0,True
44,0.4875201257894551,False,,0.4875201257894551,False,36,0.0,True
45,0.4872898892008425,False,,0.4872898892008425,False,36,0.0,True
46,0.4875635029277393,False,,0.4875635029277393,False,36,0.0,True
47,0.48941675436629506,False,,0.48941675436629506,False,36,0.0,True
48,0.4877402741088239,False,,0.4877402741088239,False,36,0.0,True
49,0.48862191310197284,False,,0.48862191310197284,False,36,0.0,True
50,0.4890394460223115,False,,0.4890394460223115,False,36,0.0,True
51,0.48978168887931006,False,,0.48978168887931006,False,36,0.0,True
52,0.4878081837467903,False,,0.4878081837467903,False,36,0.0,True
53,0.48747209818399284,False,,0.48747209818399284,False,36,0.0,True
54,0.4883055137913377,False,,0.4883055137913377,False,36,0.0,True
55,0.48628611865490023,False,,0.48628611865490023,False,36,0.0,True
56,0.48933287147986926,False,,0.48933287147986926,False,36,0.0,True
57,0.4888075846025594,False,,0.4888075846025594,False,36,0.0,True
58,0.48898421969147504,False,,0.48898421969147504,False,36,0.0,True
59,0.4885539667866124,False,,0.4885539667866124,False,36,0.0,True
60,0.489919394579085,False,,0.489919394579085,False,36,0.0,True
61,0.48900791346631495,False,,0.48900791346631495,False,36,0.0,True
62,0.4887943732577635,False,,0.4887943732577635,False,36,0.0,True
63,0.48880312047987745,False,,0.48880312047987745,False,36,0.0,True
0,0.47702818485147414,True,,0.47702818485147414,True,37,0.0,True
1,0.4789630945230154,False,,0.4789630945230154,False,37,0.0,True
2,0.4820181673983966,False,,0.4820181673983966,False,37,0.0,True
3,0.4822290655073829,False,,0.4822290655073829,False,37,0.0,True
4,0.44787938407648237,False,,0.44787938407648237,False,37,0.0,True
5,0.48218697336405003,False,,0.48218697336405003,False,37,0.0,True
6,0.48175210276921115,False,,0.48175210276921115,False,37,0.0,True
7,0.48104037417390977,False,,0.48104037417390977,False,37,0.0,True
8,0.48108939704447645,False,,0.48108939704447645,False,37,0.0,True
9,0.40746803770723417,False,,0.40746803770723417,False,37,0.0,True
10,0.47901898090867795,False,,0.47901898090867795,False,37,0.0,True
11,0.4776131277150545,False,,0.4776131277150545,False,37,0.0,True
12,0.46081880579835166,False,,0.46081880579835166,False,37,0.0,True
13,0.48098222367205823,False,,0.48098222367205823,False,37,0.0,True
14,0.4806620791337686,False,,0.4806620791337686,False,37,0.0,True
15,0.48181196298141965,False,,0.48181196298141965,False,37,0.0,True
16,0.4835437931799008,False,,0.4835437931799008,False,37,0.0,True
17,0.4814857153055544,False,,0.4814857153055544,False,37,0.0,True
18,0.47948849152246564,False,,0.47948849152246564,False,37,0.0,True
19,0.48254579607251397,False,,0.48254579607251397,False,37,0.0,True
20,0.4804259431680929,False,,0.4804259431680929,False,37,0.0,True
21,0.45090625279175034,False,,0.45090625279175034,False,37,0.0,True
22,0.47503427495457434,False,,0.47503427495457434,False,37,0.0,True
23,0.4830011486577908,False,,0.4830011486577908,False,37,0.0,True
24,0.48042173344798744,False,,0.48042173344798744,False,37,0.0,True
25,0.48108336531208445,False,,0.48108336531208445,False,37,0.0,True
26,0.4806247702932558,False,,0.4806247702932558,False,37,0.0,True
27,0.34995465362974615,False,,0.34995465362974615,False,37,0.0,True
28,0.48044204107151633,False,,0.48044204107151633,False,37,0.0,True
29,0.37793840197030476,False,,0.37793840197030476,False,37,0.0,True
30,0.479697114845594,False,,0.479697114845594,False,37,0.0,True
31,0.4818465292851571,False,,0.4818465292851571,False,37,0.0,True
32,0.48011494944237804,False,,0.48011494944237804,False,37,0.0,True
33,0.3969841169570467,False,,0.3969841169570467,False,37,0.0,True
34,0.4828282871978809,False,,0.4828282871978809,False,37,0.0,True
35,0.47964627329983334,False,,0.47964627329983334,False,37,0.0,True
36,0.4787006644482034,False,,0.4787006644482034,False,37,0.0,True
37,0.48307541109518604,False,,0.48307541109518604,False,37,0.0,True
38,0.48242860217886835,False,,0.48242860217886835,False,37,0.0,True
39,0.47804957103139284,False,,0.47804957103139284,False,37,0.0,True
40,0.48140960839839086,False,,0.48140960839839086,False,37,0.0,True
41,0.4842741146781093,False,,0.4842741146781093,False,37,0.0,True
42,0.4815666805366309,False,,0.4815666805366309,False,37,0.0,True
43,0.48226098366540254,False,,0.48226098366540254,False,37,0.0,True
44,0.4811519973069998,False,,0.4811519973069998,False,37,0.0,True
45,0.38762667987252974,False,,0.38762667987252974,False,37,0.0,True
46,0.48169928466440237,False,,0.48169928466440237,False,37,0.0,True
47,0.4824285873226666,False,,0.4824285873226666,False,37,0.0,True
48,0.4812436487583095,False,,0.4812436487583095,False,37,0.0,True
49,0.48065732026277075,False,,0.48065732026277075,False,37,0.0,True
50,0.48226103363616535,False,,0.48226103363616535,False,37,0.0,True
51,0.48161442824960055,False,,0.48161442824960055,False,37,0.0,True
52,0.4790735920134806,False,,0.4790735920134806,False,37,0.0,True
53,0.39771882659755514,False,,0.39771882659755514,False,37,0.0,True
54,0.4809055746133918,False,,0.4809055746133918,False,37,0.0,True
55,0.48367454133399485,False,,0.48367454133399485,False,37,0.0,True
56,0.47664710588166914,False,,0.47664710588166914,False,37,0.0,True
57,0.4697023790009597,False,,0.4697023790009597,False,37,0.0,True
58,0.4814004040127553,False,,0.4814004040127553,False,37,0.0,True
59,0.44132496876559774,False,,0.44132496876559774,False,37,0.0,True
60,0.4061226733033494,False,,0.4061226733033494,False,37,0.0,True
61,0.48180136230229287,False,,0.48180136230229287,False,37,0.0,True
62,0.4776313349579338,False,,0.4776313349579338,False,37,0.0,True
63,0.4796153159152481,False,,0.4796153159152481,False,37,0.0,True
0,0.47929312815477565,True,,0.47929312815477565,True,38,0.0,True
1,0.47985279215541277,False,,0.47985279215541277,False,38,0.0,True
2,0.48200011446346935,False,,0.48200011446346935,False,38,0.0,True
3,0.48131342645568626,False,,0.48131342645568626,False,38,0.0,True
4,0.48404837661604766,False,,0.48404837661604766,False,38,0.0,True
5,0.4817983150510083,False,,0.4817983150510083,False,38,0.0,True
6,0.4825580937358809,False,,0.4825580937358809,False,38,0.0,True
7,0.48312622571569985,False,,0.48312622571569985,False,38,0.0,True
8,0.4822509652132437,False,,0.4822509652132437,False,38,0.0,True
9,0.482036257131939,False,,0.482036257131939,False,38,0.0,True
10,0.48398502950386246,False,,0.48398502950386246,False,38,0.0,True
11,0.47996689969976325,False,,0.47996689969976325,False,38,0.0,True
12,0.4810825783952082,False,,0.4810825783952082,False,38,0.0,True
13,0.484816429584512,False,,0.484816429584512,False,38,0.0,True
14,0.48284348369855334,False,,0.48284348369855334,False,38,0.0,True
15,0.48152983258951987,False,,0.48152983258951987,False,38,0.0,True
16,0.48261617719928457,False,,0.48261617719928457,False,38,0.0,True
17,0.48532592496474314,False,,0.48532592496474314,False,38,0.0,True
18,0.48257105327742456,False,,0.48257105327742456,False,38,0.0,True
19,0.48644324533729366,False,,0.48644324533729366,False,38,0.0,True
20,0.483355382948492,False,,0.483355382948492,False,38,0.0,True
21,0.48362191253140463,False,,0.48362191253140463,False,38,0.0,True
22,0.4821178691806023,False,,0.4821178691806023,False,38,0.0,True
23,0.48379544554440373,False,,0.48379544554440373,False,38,0.0,True
24,0.4841158640221104,False,,0.4841158640221104,False,38,0.0,True
25,0.48286736174286055,False,,0.48286736174286055,False,38,0.0,True
26,0.48268018809892443,False,,0.48268018809892443,False,38,0.0,True
27,0.48221582057552587,False,,0.48221582057552587,False,38,0.0,True
28,0.48143506914393097,False,,0.48143506914393097,False,38,0.0,True
29,0.4824284628812283,False,,0.4824284628812283,False,38,0.0,True
30,0.48366022526797575,False,,0.48366022526797575,False,38,0.0,True
31,0.48262784189400376,False,,0.48262784189400376,False,38,0.0,True
32,0.4833171641359185,False,,0.4833171641359185,False,38,0.0,True
33,0.48118523375869254,False,,0.48118523375869254,False,38,0.0,True
34,0.4807396723262707,False,,0.4807396723262707,False,38,0.0,True
35,0.4843102043974564,False,,0.4843102043974564,False,38,0.0,True
36,0.4821955373526271,False,,0.4821955373526271,False,38,0.0,True
37,0.48192922584222336,False,,0.48192922584222336,False,38,0.0,True
38,0.4827062629856027,False,,0.4827062629856027,False,38,0.0,True
39,0.48479770142362405,False,,0.48479770142362405,False,38,0.0,True
40,0.4842115713919859,False,,0.4842115713919859,False,38,0.0,True
41,0.4854914577237526,False,,0.4854914577237526,False,38,0.0,True
42,0.4824332391271265,False,,0.4824332391271265,False,38,0.0,True
43,0.4834112230559942,False,,0.4834112230559942,False,38,0.0,True
44,0.47876650508173935,False,,0.47876650508173935,False,38,0.0,True
45,0.4806004281394989,False,,0.4806004281394989,False,38,0.0,True
46,0.4816503896916858,False,,0.4816503896916858,False,38,0.0,True
47,0.4839209667976735,False,,0.4839209667976735,False,38,0.0,True
48,0.48078255571807466,False,,0.48078255571807466,False,38,0.0,True
49,0.4837766939186213,False,,0.4837766939186213,False,38,0.0,True
50,0.48128175716409105,False,,0.48128175716409105,False,38,0.0,True
51,0.4834251610199488,False,,0.4834251610199488,False,38,0.0,True
52,0.4827534506459524,False,,0.4827534506459524,False,38,0.0,True
53,0.4859431030126909,False,,0.4859431030126909,False,38,0.0,True
54,0.4839922147664482,False,,0.4839922147664482,False,38,0.0,True
55,0.48297533851538255,False,,0.48297533851538255,False,38,0.0,True
56,0.4829507547067417,False,,0.4829507547067417,False,38,0.0,True
57,0.4802905871030278,False,,0.4802905871030278,False,38,0.0,True
58,0.4833360620479986,False,,0.4833360620479986,False,38,0.0,True
59,0.48367957302653053,False,,0.48367957302653053,False,38,0.0,True
60,0.48325620191290813,False,,0.48325620191290813,False,38,0.0,True
61,0.48322424693500204,False,,0.48322424693500204,False,38,0.0,True
62,0.4681791784551045,False,,0.4681791784551045,False,38,0.0,True
63,0.4834713897529168,False,,0.4834713897529168,False,38,0.0,True
0,0.4618658095328327,True,,0.4618658095328327,True,39,0.0,True
1,0.45641609275728573,False,,0.45641609275728573,False,39,0.0,True
2,0.4643981123544515,False,,0.4643981123544515,False,39,0.0,True
3,0.46331025447956103,False,,0.46331025447956103,False,39,0.0,True
4,0.4625968911540079,False,,0.4625968911540079,False,39,0.0,True
5,0.4620186050400092,False,,0.4620186050400092,False,39,0.0,True
6,0.46523125899055,False,,0.46523125899055,False,39,0.0,True
7,0.40618613077788684,False,,0.40618613077788684,False,39,0.0,True
8,0.46688801121261153,False,,0.46688801121261153,False,39,0.0,True
9,0.45518249749343004,False,,0.45518249749343004,False,39,0.0,True
10,0.45336026815216984,False,,0.45336026815216984,False,39,0.0,True
11,0.4649670245482229,False,,0.4649670245482229,False,39,0.0,True
12,0.39842344084333,False,,0.39842344084333,False,39,0.0,True
13,0.39692879000808445,False,,0.39692879000808445,False,39,0.0,True
14,0.4653842415446124,False,,0.4653842415446124,False,39,0.0,True
15,0.46602469229596055,False,,0.46602469229596055,False,39,0.0,True
16,0.4602547583001719,False,,0.4602547583001719,False,39,0.0,True
17,0.4602553950962037,False,,0.4602553950962037,False,39,0.0,True
18,0.462394263046926,False,,0.462394263046926,False,39,0.0,True
19,0.41908460393431135,False,,0.41908460393431135,False,39,0.0,True
20,0.4640219139777232,False,,0.4640219139777232,False,39,0.0,True
21,0.4657486493384961,False,,0.4657486493384961,False,39,0.0,True
22,0.45974323849809373,False,,0.45974323849809373,False,39,0.0,True
23,0.3699410306590465,False,,0.3699410306590465,False,39,0.0,True
24,0.39279850811996225,False,,0.39279850811996225,False,39,0.0,True
25,0.464047195509093,False,,0.464047195509093,False,39,0.0,True
26,0.4635450448168982,False,,0.4635450448168982,False,39,0.0,True
27,0.38723012076757723,False,,0.38723012076757723,False,39,0.0,True
28,0.37222572267007925,False,,0.37222572267007925,False,39,0.0,True
29,0.4298350007674302,False,,0.4298350007674302,False,39,0.0,True
30,0.31799095530150046,False,,0.31799095530150046,False,39,0.0,True
31,0.4092561792929151,False,,0.4092561792929151,False,39,0.0,True
32,0.46591021802713967,False,,0.46591021802713967,False,39,0.0,True
33,0.4625122244431508,False,,0.4625122244431508,False,39,0.0,True
34,0.4617265218450234,False,,0.4617265218450234,False,39,0.0,True
35,0.456865962034391,False,,0.456865962034391,False,39,0.0,True
36,0.433485647418493,False,,0.433485647418493,False,39,0.0,True
37,0.46375093682335417,False,,0.46375093682335417,False,39,0.0,True
38,0.464095655283008,False,,0.464095655283008,False,39,0.0,True
39,0.46266117336830254,False,,0.46266117336830254,False,39,0.0,True
40,0.4116574338125688,False,,0.4116574338125688,False,39,0.0,True
41,0.4651643909994752,False,,0.4651643909994752,False,39,0.0,True
42,0.46479900267253477,False,,0.46479900267253477,False,39,0.0,True
43,0.3643747878680641,False,,0.3643747878680641,False,39,0.0,True
44,0.461891304127021,False,,0.461891304127021,False,39,0.0,True
45,0.411501419756006,False,,0.411501419756006,False,39,0.0,True
46,0.4655843143346752,False,,0.4655843143346752,False,39,0.0,True
47,0.4627244487180206,False,,0.4627244487180206,False,39,0.0,True
48,0.43969157649670504,False,,0.43969157649670504,False,39,0.0,True
49,0.46274876144885807,False,,0.46274876144885807,False,39,0.0,True
50,0.4633549787889013,False,,0.4633549787889013,False,39,0.0,True
51,0.44530554847563875,False,,0.44530554847563875,False,39,0.0,True
52,0.4613509457065126,False,,0.4613509457065126,False,39,0.0,True
53,0.4666554227205301,False,,0.4666554227205301,False,39,0.0,True
54,0.45086688556150617,False,,0.45086688556150617,False,39,0.0,True
55,0.37655227115810314,False,,0.37655227115810314,False,39,0.0,True
56,0.46500634396487356,False,,0.46500634396487356,False,39,0.0,True
57,0.3374426702103627,False,,0.3374426702103627,False,39,0.0,True
58,0.4647399654748561,False,,0.4647399654748561,False,39,0.0,True
59,0.4629558151176132,False,,0.4629558151176132,False,39,0.0,True
60,0.4634160263572303,False,,0.4634160263572303,False,39,0.0,True
61,0.46269284319664666,False,,0.46269284319664666,False,39,0.0,True
62,0.4640260152657846,False,,0.4640260152657846,False,39,0.0,True
63,0.36468888558680307,False,,0.36468888558680307,False,39,0.0,True
0,0.029498951130600602,True,,0.029498951130600602,True,40,0.0,True
1,0.03447476089507077,False,,0.03447476089507077,False,40,0.0,True
2,0.03456186932915643,False,,0.03456186932915643,False,40,0.0,True
3,0.035442678564585356,False,,0.035442678564585356,False,40,0.0,True
4,0.0338361729723237,False,,0.0338361729723237,False,40,0.0,True
5,-0.022255462248505144,False,,-0.022255462248505144,False,40,0.0,True
6,0.03222675760060862,False,,0.03222675760060862,False,40,0.0,True
7,0.03080061860530215,False,,0.03080061860530215,False,40,0.0,True
8,0.03145500577905805,False,,0.03145500577905805,False,40,0.0,True
9,0.0320623033638537,False,,0.0320623033638537,False,40,0.0,True
10,0.03652437425394222,False,,0.03652437425394222,False,40,0.0,True
11,0.036002856530329426,False,,0.036002856530329426,False,40,0.0,True
12,-0.08378144672302902,False,,-0.08378144672302902,False,40,0.0,True
13,0.032062629658694775,False,,0.032062629658694775,False,40,0.0,True
14,0.03333237139409881,False,,0.03333237139409881,False,40,0.0,True
15,0.034938217928412514,False,,0.034938217928412514,False,40,0.0,True
16,0.03551654781898344,False,,0.03551654781898344,False,40,0.0,True
17,0.03538681995560637,False,,0.03538681995560637,False,40,0.0,True
18,-0.004948567536056991,False,,-0.004948567536056991,False,40,0.0,True
19,0.03648707631193637,False,,0.03648707631193637,False,40,0.0,True
20,0.007325053348823177,False,,0.007325053348823177,False,40,0.0,True
21,0.033269166163400074,False,,0.033269166163400074,False,40,0.0,True
22,0.03686551501431114,False,,0.03686551501431114,False,40,0.0,True
23,0.03437514541933055,False,,0.03437514541933055,False,40,0.0,True
24,0.033379195779484075,False,,0.033379195779484075,False,40,0.0,True
25,0.036496175310142834,False,,0.036496175310142834,False,40,0.0,True
26,0.03465291481730674,False,,0.03465291481730674,False,40,0.0,True
27,0.036219116350045405,False,,0.036219116350045405,False,40,0.0,True
28,0.03748547129544225,False,,0.03748547129544225,False,40,0.0,True
29,0.03570442563397669,False,,0.03570442563397669,False,40,0.0,True
30,-0.021590907233824064,False,,-0.021590907233824064,False,40,0.0,True
31,0.007918985151260396,False,,0.007918985151260396,False,40,0.0,True
32,0.03554290707277338,False,,0.03554290707277338,False,40,0.0,True
33,0.022377132179025816,False,,0.022377132179025816,False,40,0.0,True
34,0.032709606287334284,False,,0.032709606287334284,False,40,0.0,True
35,0.029669406752154712,False,,0.029669406752154712,False,40,0.0,True
36,0.034079096975023856,False,,0.034079096975023856,False,40,0.0,True
37,0.03485939465667929,False,,0.03485939465667929,False,40,0.0,True
38,0.033745795395711695,False,,0.033745795395711695,False,40,0.0,True
39,0.03596821587277523,False,,0.03596821587277523,False,40,0.0,True
40,0.03776766219701548,False,,0.03776766219701548,False,40,0.0,True
41,0.03443311269628315,False,,0.03443311269628315,False,40,0.0,True
42,0.03596963063636152,False,,0.03596963063636152,False,40,0.0,True
43,0.03370603009081839,False,,0.03370603009081839,False,40,0.0,True
44,0.030443368275798136,False,,0.030443368275798136,False,40,0.0,True
45,-0.05210377281081244,False,,-0.05210377281081244,False,40,0.0,True
46,0.03587023409123309,False,,0.03587023409123309,False,40,0.0,True
47,0.03506217838399433,False,,0.03506217838399433,False,40,0.0,True
48,0.0366688813324436,False,,0.0366688813324436,False,40,0.0,True
49,0.03318480747449774,False,,0.03318480747449774,False,40,0.0,True
50,0.03484255314853707,False,,0.03484255314853707,False,40,0.0,True
51,0.035300472693876345,False,,0.035300472693876345,False,40,0.0,True
52,0.033835252278907615,False,,0.033835252278907615,False,40,0.0,True
53,0.03604550788793068,False,,0.03604550788793068,False,40,0.0,True
54,0.030317060415018686,False,,0.030317060415018686,False,40,0.0,True
55,-0.0063578851018606455,False,,-0.0063578851018606455,False,40,0.0,True
56,0.03283486714228705,False,,0.03283486714228705,False,40,0.0,True
57,0.03643621600625919,False,,0.03643621600625919,False,40,0.0,True
58,0.03682182866968135,False,,0.03682182866968135,False,40,0.0,True
59,0.037352136746909334,False,,0.037352136746909334,False,40,0.0,True
60,0.0368846399543622,False,,0.0368846399543622,False,40,0.0,True
61,0.037285506174532024,False,,0.037285506174532024,False,40,0.0,True
62,-0.00043820958425694334,False,,-0.00043820958425694334,False,40,0.0,True
63,0.03591684294607588,False,,0.03591684294607588,False,40,0.0,True
0,-0.0954462938743873,True,,-0.0954462938743873,True,41,0.0,True
1,-0.09163452448257767,False,,-0.09163452448257767,False,41,0.0,True
2,-0.08787120883671465,False,,-0.08787120883671465,False,41,0.0,True
3,-0.13028842187282805,False,,-0.13028842187282805,False,41,0.0,True
4,-0.08724260522147763,False,,-0.08724260522147763,False,41,0.0,True
5,-0.08853053485513762,False,,-0.08853053485513762,False,41,0.0,True
6,-0.08728811330007441,False,,-0.08728811330007441,False,41,0.0,True
7,-0.0909109087018351,False,,-0.0909109087018351,False,41,0.0,True
8,-0.08626842328506304,False,,-0.08626842328506304,False,41,0.0,True
9,-0.09255322996426169,False,,-0.09255322996426169,False,41,0.0,True
10,-0.08867156349319025,False,,-0.08867156349319025,False,41,0.0,True
11,-0.08806174777409692,False,,-0.08806174777409692,False,41,0.0,True
12,-0.0900598721465937,False,,-0.0900598721465937,False,41,0.0,True
13,-0.08791810584749797,False,,-0.08791810584749797,False,41,0.0,True
14,-0.08828723040305829,False,,-0.08828723040305829,False,41,0.0,True
15,-0.09092559398421837,False,,-0.09092559398421837,False,41,0.0,True
16,-0.0889912522723553,False,,-0.0889912522723553,False,41,0.0,True
17,-0.0887123456008787,False,,-0.0887123456008787,False,41,0.0,True
18,-0.08845134367714962,False,,-0.08845134367714962,False,41,0.0,True
19,-0.0873877659118823,False,,-0.0873877659118823,False,41,0.0,True
20,-0.08859660480085813,False,,-0.08859660480085813,False,41,0.0,True
21,-0.08698679149931014,False,,-0.08698679149931014,False,41,0.0,True
22,-0.089005842116053,False,,-0.089005842116053,False,41,0.0,True
23,-0.08726703965967017,False,,-0.08726703965967017,False,41,0.0,True
24,-0.0906303560611314,False,,-0.0906303560611314,False,41,0.0,True
25,-0.08814286706564474,False,,-0.08814286706564474,False,41,0.0,True
26,-0.08706892159040497,False,,-0.08706892159040497,False,41,0.0,True
27,-0.08803938959973093,False,,-0.08803938959973093,False,41,0.0,True
28,-0.10464177013241568,False,,-0.10464177013241568,False,41,0.0,True
29,-0.09090294947412306,False,,-0.09090294947412306,False,41,0.0,True
30,-0.0938726936823002,False,,-0.0938726936823002,False,41,0.0,True
31,-0.08828439396875482,False,,-0.08828439396875482,False,41,0.0,True
32,-0.08583294324860757,False,,-0.08583294324860757,False,41,0.0,True
33,-0.08695795477296078,False,,-0.08695795477296078,False,41,0.0,True
34,-0.08901278909951485,False,,-0.08901278909951485,False,41,0.0,True
35,-0.08943720381565556,False,,-0.08943720381565556,False,41,0.0,True
36,-0.08690988197450389,False,,-0.08690988197450389,False,41,0.0,True
37,-0.09070009501656533,False,,-0.09070009501656533,False,41,0.0,True
38,-0.0871377982806208,False,,-0.0871377982806208,False,41,0.0,True
39,-0.08796072253279447,False,,-0.08796072253279447,False,41,0.0,True
40,-0.08695228088305282,False,,-0.08695228088305282,False,41,0.0,True
41,-0.08611949775902931,False,,-0.08611949775902931,False,41,0.0,True
42,-0.08581824524496817,False,,-0.08581824524496817,False,41,0.0,True
43,-0.0883836409198859,False,,-0.0883836409198859,False,41,0.0,True
44,-0.08644519876922425,False,,-0.08644519876922425,False,41,0.0,True
45,-0.09317381399154434,False,,-0.09317381399154434,False,41,0.0,True
46,-0.08831945914950409,False,,-0.08831945914950409,False,41,0.0,True
47,-0.08609209446746525,False,,-0.08609209446746525,False,41,0.0,True
48,-0.0872026445830536,False,,-0.0872026445830536,False,41,0.0,True
49,-0.08785544346322822,False,,-0.08785544346322822,False,41,0.0,True
50,-0.08963630692344983,False,,-0.08963630692344983,False,41,0.0,True
51,-0.0862590453018608,False,,-0.0862590453018608,False,41,0.0,True
52,-0.08983553477294311,False,,-0.08983553477294311,False,41,0.0,True
53,-0.08750382251916297,False,,-0.08750382251916297,False,41,0.0,True
54,-0.08901072306658556,False,,-0.08901072306658556,False,41,0.0,True
55,-0.08821460653963516,False,,-0.08821460653963516,False,41,0.0,True
56,-0.08965620946085764,False,,-0.08965620946085764,False,41,0.0,True
57,-0.08764910679661787,False,,-0.08764910679661787,False,41,0.0,True
58,-0.08803191908701516,False,,-0.08803191908701516,False,41,0.0,True
59,-0.08787188994460289,False,,-0.08787188994460289,False,41,0.0,True
60,-0.092384155173551,False,,-0.092384155173551,False,41,0.0,True
61,-0.0870377628003554,False,,-0.0870377628003554,False,41,0.0,True
62,-0.08875601401499604,False,,-0.08875601401499604,False,41,0.0,True
63,-0.08775270052811365,False,,-0.08775270052811365,False,41,0.0,True
0,-0.16704247368971314,True,,-0.16704247368971314,True,42,0.0,True
1,-0.16636713787276114,False,,-0.16636713787276114,False,42,0.0,True
2,-0.1526151455999814,False,,-0.1526151455999814,False,42,0.0,True
3,-0.1555684657400251,False,,-0.1555684657400251,False,42,0.0,True
4,-0.1532055286883562,False,,-0.1532055286883562,False,42,0.0,True
5,-0.15464755344515835,False,,-0.15464755344515835,False,42,0.0,True
6,-0.15369537668561045,False,,-0.15369537668561045,False,42,0.0,True
7,-0.15524489349712564,False,,-0.15524489349712564,False,42,0.0,True
8,-0.1575116451195928,False,,-0.1575116451195928,False,42,0.0,True
9,-0.1546143769931393,False,,-0.1546143769931393,False,42,0.0,True
10,-0.15534214383662562,False,,-0.15534214383662562,False,42,0.0,True
11,-0.15534268937923462,False,,-0.15534268937923462,False,42,0.0,True
12,-0.15521080910517532,False,,-0.15521080910517532,False,42,0.0,True
13,-0.15533694307908635,False,,-0.15533694307908635,False,42,0.0,True
14,-0.15480531470102527,False,,-0.15480531470102527,False,42,0.0,True
15,-0.15756987916669038,False,,-0.15756987916669038,False,42,0.0,True
16,-0.15229616061526488,False,,-0.15229616061526488,False,42,0.0,True
17,-0.15466792237481503,False,,-0.15466792237481503,False,42,0.0,True
18,-0.15565553681741773,False,,-0.15565553681741773,False,42,0.0,True
19,-0.15138477633213518,False,,-0.15138477633213518,False,42,0.0,True
20,-0.1547397965029421,False,,-0.1547397965029421,False,42,0.0,True
21,-0.15655107735106308,False,,-0.15655107735106308,False,42,0.0,True
22,-0.15708091311506686,False,,-0.15708091311506686,False,42,0.0,True
23,-0.1532661254912233,False,,-0.1532661254912233,False,42,0.0,True
24,-0.15706287386075785,False,,-0.15706287386075785,False,42,0.0,True
25,-0.15660462820235208,False,,-0.15660462820235208,False,42,0.0,True
26,-0.15686482565669793,False,,-0.15686482565669793,False,42,0.0,True
27,-0.15458531025434624,False,,-0.15458531025434624,False,42,0.0,True
28,-0.15491285696689067,False,,-0.15491285696689067,False,42,0.0,True
29,-0.16135343481978254,False,,-0.16135343481978254,False,42,0.0,True
30,-0.15142376740559357,False,,-0.15142376740559357,False,42,0.0,True
31,-0.15366788947409366,False,,-0.15366788947409366,False,42,0.0,True
32,-0.15278679984384935,False,,-0.15278679984384935,False,42,0.0,True
33,-0.15669222074429445,False,,-0.15669222074429445,False,42,0.0,True
34,-0.15473961116053309,False,,-0.15473961116053309,False,42,0.0,True
35,-0.15462887601919945,False,,-0.15462887601919945,False,42,0.0,True
36,-0.15384970845681256,False,,-0.15384970845681256,False,42,0.0,True
37,-0.156371223958347,False,,-0.156371223958347,False,42,0.0,True
38,-0.15441577540045776,False,,-0.15441577540045776,False,42,0.0,True
39,-0.15589347703284678,False,,-0.15589347703284678,False,42,0.0,True
40,-0.15676123087456556,False,,-0.15676123087456556,False,42,0.0,True
41,-0.15544327307885009,False,,-0.15544327307885009,False,42,0.0,True
42,-0.1535033516998128,False,,-0.1535033516998128,False,42,0.0,True
43,-0.15329166137471206,False,,-0.15329166137471206,False,42,0.0,True
44,-0.159877922436665,False,,-0.159877922436665,False,42,0.0,True
45,-0.15526501418266495,False,,-0.15526501418266495,False,42,0.0,True
46,-0.15604503674436432,False,,-0.15604503674436432,False,42,0.0,True
47,-0.15434285418054577,False,,-0.15434285418054577,False,42,0.0,True
48,-0.1565203206332153,False,,-0.1565203206332153,False,42,0.0,True
49,-0.15460208380422757,False,,-0.15460208380422757,False,42,0.0,True
50,-0.1559044143130019,False,,-0.1559044143130019,False,42,0.0,True
51,-0.1537938638148827,False,,-0.1537938638148827,False,42,0.0,True
52,-0.15331706975472476,False,,-0.15331706975472476,False,42,0.0,True
53,-0.15383474779025974,False,,-0.15383474779025974,False,42,0.0,True
54,-0.15601692465035955,False,,-0.15601692465035955,False,42,0.0,True
55,-0.15437297149072404,False,,-0.15437297149072404,False,42,0.0,True
56,-0.15744165511302605,False,,-0.15744165511302605,False,42,0.0,True
57,-0.15473904403584038,False,,-0.15473904403584038,False,42,0.0,True
58,-0.15281070754567183,False,,-0.15281070754567183,False,42,0.0,True
59,-0.15570742165888737,False,,-0.15570742165888737,False,42,0.0,True
60,-0.15792294574920773,False,,-0.15792294574920773,False,42,0.0,True
61,-0.15717001880202464,False,,-0.15717001880202464,False,42,0.0,True
62,-0.15663255502441153,False,,-0.15663255502441153,False,42,0.0,True
63,-0.15415722170014523,False,,-0.15415722170014523,False,42,0.0,True
0,-0.16451236959720833,True,,-0.16451236959720833,True,43,0.0,True
1,-0.1651020968726713,False,,-0.1651020968726713,False,43,0.0,True
2,-0.15180242582145595,False,,-0.15180242582145595,False,43,0.0,True
3,-0.15411260492013787,False,,-0.15411260492013787,False,43,0.0,True
4,-0.1576675167819821,False,,-0.1576675167819821,False,43,0.0,True
5,-0.15228421959212907,False,,-0.15228421959212907,False,43,0.0,True
6,-0.1530523048003933,False,,-0.1530523048003933,False,43,0.0,True
7,-0.15136847031039727,False,,-0.15136847031039727,False,43,0.0,True
8,-0.15431395045939464,False,,-0.15431395045939464,False,43,0.0,True
9,-0.1517679274501451,False,,-0.1517679274501451,False,43,0.0,True
10,-0.15402124057755268,False,,-0.15402124057755268,False,43,0.0,True
11,-0.15363385252860615,False,,-0.15363385252860615,False,43,0.0,True
12,-0.1530837866198313,False,,-0.1530837866198313,False,43,0.0,True
13,-0.15134346837755125,False,,-0.15134346837755125,False,43,0.0,True
14,-0.15037273450228533,False,,-0.15037273450228533,False,43,0.0,True
15,-0.15231797427287647,False,,-0.15231797427287647,False,43,0.0,True
16,-0.15343180724928912,False,,-0.15343180724928912,False,43,0.0,True
17,-0.1523000425291059,False,,-0.1523000425291059,False,43,0.0,True
18,-0.15654109237060732,False,,-0.15654109237060732,False,43,0.0,True
19,-0.15394659394060767,False,,-0.15394659394060767,False,43,0.0,True
20,-0.1520364109811035,False,,-0.1520364109811035,False,43,0.0,True
21,-0.15275550713551406,False,,-0.15275550713551406,False,43,0.0,True
22,-0.1556615628723926,False,,-0.1556615628723926,False,43,0.0,True
23,-0.1552588660195213,False,,-0.1552588660195213,False,43,0.0,True
24,-0.15713649882697409,False,,-0.15713649882697409,False,43,0.0,True
25,-0.1538843842584665,False,,-0.1538843842584665,False,43,0.0,True
26,-0.15355206273439534,False,,-0.15355206273439534,False,43,0.0,True
27,-0.15019494395137112,False,,-0.15019494395137112,False,43,0.0,True
28,-0.15529010683583025,False,,-0.15529010683583025,False,43,0.0,True
29,-0.1521426783539838,False,,-0.1521426783539838,False,43,0.0,True
30,-0.15513677364476644,False,,-0.15513677364476644,False,43,0.0,True
31,-0.15354177930229865,False,,-0.15354177930229865,False,43,0.0,True
32,-0.15534254273728562,False,,-0.15534254273728562,False,43,0.0,True
33,-0.15351629595028082,False,,-0.15351629595028082,False,43,0.0,True
34,-0.157109249192765,False,,-0.157109249192765,False,43,0.0,True
35,-0.15071967472559678,False,,-0.15071967472559678,False,43,0.0,True
36,-0.1550852971065655,False,,-0.1550852971065655,False,43,0.0,True
37,-0.15114200147359147,False,,-0.15114200147359147,False,43,0.0,True
38,-0.15432139151611,False,,-0.15432139151611,False,43,0.0,True
39,-0.15298788153600043,False,,-0.15298788153600043,False,43,0.0,True
40,-0.1525572231444627,False,,-0.1525572231444627,False,43,0.0,True
41,-0.1524523639583481,False,,-0.1524523639583481,False,43,0.0,True
42,-0.15492935831579213,False,,-0.15492935831579213,False,43,0.0,True
43,-0.1564234440925807,False,,-0.1564234440925807,False,43,0.0,True
44,-0.15560059832602663,False,,-0.15560059832602663,False,43,0.0,True
45,-0.15126428986025398,False,,-0.15126428986025398,False,43,0.0,True
46,-0.15352347876026287,False,,-0.15352347876026287,False,43,0.0,True
47,-0.1531108067193287,False,,-0.1531108067193287,False,43,0.0,True
48,-0.15674485843924674,False,,-0.15674485843924674,False,43,0.0,True
49,-0.15602034401562706,False,,-0.15602034401562706,False,43,0.0,True
50,-0.1545030421495264,False,,-0.1545030421495264,False,43,0.0,True
51,-0.15540626173733452,False,,-0.15540626173733452,False,43,0.0,True
52,-0.15068741838529975,False,,-0.15068741838529975,False,43,0.0,True
53,-0.15580782227835263,False,,-0.15580782227835263,False,43,0.0,True
54,-0.15316099700823899,False,,-0.15316099700823899,False,43,0.0,True
55,-0.15176818310059992,False,,-0.15176818310059992,False,43,0.0,True
56,-0.15188372747572748,False,,-0.15188372747572748,False,43,0.0,True
57,-0.15501910636507166,False,,-0.15501910636507166,False,43,0.0,True
58,-0.1510268809732152,False,,-0.1510268809732152,False,43,0.0,True
59,-0.1531819030146082,False,,-0.1531819030146082,False,43,0.0,True
60,-0.15161982890224857,False,,-0.15161982890224857,False,43,0.0,True
61,-0.15130940556901729,False,,-0.15130940556901729,False,43,0.0,True
62,-0.15498969715373537,False,,-0.15498969715373537,False,43,0.0,True
63,-0.15061618653096054,False,,-0.15061618653096054,False,43,0.0,True
0,-0.15377913652997108,True,,-0.15377913652997108,True,44,0.0,True
1,-0.15215110530608425,False,,-0.15215110530608425,False,44,0.0,True
2,-0.14274105228586248,False,,-0.14274105228586248,False,44,0.0,True
3,-0.1436623804014743,False,,-0.1436623804014743,False,44,0.0,True
4,-0.1404968656178018,False,,-0.1404968656178018,False,44,0.0,True
5,-0.1436309215322603,False,,-0.1436309215322603,False,44,0.0,True
6,-0.142634010094897,False,,-0.142634010094897,False,44,0.0,True
7,-0.1444442116139561,False,,-0.1444442116139561,False,44,0.0,True
8,-0.1409839663536293,False,,-0.1409839663536293,False,44,0.0,True
9,-0.14276832485845156,False,,-0.14276832485845156,False,44,0.0,True
10,-0.14555727300283255,False,,-0.14555727300283255,False,44,0.0,True
11,-0.14356387959424385,False,,-0.14356387959424385,False,44,0.0,True
12,-0.14258657868538363,False,,-0.14258657868538363,False,44,0.0,True
13,-0.1420868411315845,False,,-0.1420868411315845,False,44,0.0,True
14,-0.14480494078163142,False,,-0.14480494078163142,False,44,0.0,True
15,-0.14270411267780803,False,,-0.14270411267780803,False,44,0.0,True
16,-0.14202809487962043,False,,-0.14202809487962043,False,44,0.0,True
17,-0.14257476220487625,False,,-0.14257476220487625,False,44,0.0,True
18,-0.14545014631292807,False,,-0.14545014631292807,False,44,0.0,True
19,-0.14456942707124645,False,,-0.14456942707124645,False,44,0.0,True
20,-0.14320002246010702,False,,-0.14320002246010702,False,44,0.0,True
21,-0.14643984423413986,False,,-0.14643984423413986,False,44,0.0,True
22,-0.14597583591414692,False,,-0.14597583591414692,False,44,0.0,True
23,-0.14415023057236792,False,,-0.14415023057236792,False,44,0.0,True
24,-0.13942157141727324,False,,-0.13942157141727324,False,44,0.0,True
25,-0.14459560088890921,False,,-0.14459560088890921,False,44,0.0,True
26,-0.14562619599688634,False,,-0.14562619599688634,False,44,0.0,True
27,-0.14435910852908737,False,,-0.14435910852908737,False,44,0.0,True
28,-0.1507332053112902,False,,-0.1507332053112902,False,44,0.0,True
29,-0.14284279968962743,False,,-0.14284279968962743,False,44,0.0,True
30,-0.14327421835170745,False,,-0.14327421835170745,False,44,0.0,True
31,-0.14520603849007185,False,,-0.14520603849007185,False,44,0.0,True
32,-0.14739364747512257,False,,-0.14739364747512257,False,44,0.0,True
33,-0.14637454303618264,False,,-0.14637454303618264,False,44,0.0,True
34,-0.14254317550506615,False,,-0.14254317550506615,False,44,0.0,True
35,-0.14457851477633715,False,,-0.14457851477633715,False,44,0.0,True
36,-0.14480327629775624,False,,-0.14480327629775624,False,44,0.0,True
37,-0.14594678807234865,False,,-0.14594678807234865,False,44,0.0,True
38,-0.1436074837857843,False,,-0.1436074837857843,False,44,0.0,True
39,-0.1433238790860446,False,,-0.1433238790860446,False,44,0.0,True
40,-0.14428627312198072,False,,-0.14428627312198072,False,44,0.0,True
41,-0.14325567744735382,False,,-0.14325567744735382,False,44,0.0,True
42,-0.1433819575903197,False,,-0.1433819575903197,False,44,0.0,True
43,-0.1461811576832522,False,,-0.1461811576832522,False,44,0.0,True
44,-0.14233619181298235,False,,-0.14233619181298235,False,44,0.0,True
45,-0.14568946012139833,False,,-0.14568946012139833,False,44,0.0,True
46,-0.14408520151012505,False,,-0.14408520151012505,False,44,0.0,True
47,-0.1421127708144575,False,,-0.1421127708144575,False,44,0.0,True
48,-0.14392700646171966,False,,-0.14392700646171966,False,44,0.0,True
49,-0.1463439376669726,False,,-0.1463439376669726,False,44,0.0,True
50,-0.1426555628994038,False,,-0.1426555628994038,False,44,0.0,True
51,-0.14236437248903636,False,,-0.14236437248903636,False,44,0.0,True
52,-0.14782179640782428,False,,-0.14782179640782428,False,44,0.0,True
53,-0.1453907664360154,False,,-0.1453907664360154,False,44,0.0,True
54,-0.14620492315082131,False,,-0.14620492315082131,False,44,0.0,True
55,-0.14679078036720183,False,,-0.14679078036720183,False,44,0.0,True
56,-0.1436335637448805,False,,-0.1436335637448805,False,44,0.0,True
57,-0.1458792597774943,False,,-0.1458792597774943,False,44,0.0,True
58,-0.1428828695903817,False,,-0.1428828695903817,False,44,0.0,True
59,-0.14351946626459583,False,,-0.14351946626459583,False,44,0.0,True
60,-0.14421264145216658,False,,-0.14421264145216658,False,44,0.0,True
61,-0.143065641008928,False,,-0.143065641008928,False,44,0.0,True
62,-0.14354742063172882,False,,-0.14354742063172882,False,44,0.0,True
63,-0.14345507289489823,False,,-0.14345507289489823,False,44,0.0,True
0,-0.15291055304474999,True,,-0.15291055304474999,True,45,0.0,True
1,-0.14761781584453382,False,,-0.14761781584453382,False,45,0.0,True
2,-0.14193573275681642,False,,-0.14193573275681642,False,45,0.0,True
3,-0.14239297179979515,False,,-0.14239297179979515,False,45,0.0,True
4,-0.14638156844528324,False,,-0.14638156844528324,False,45,0.0,True
5,-0.14887697147289747,False,,-0.14887697147289747,False,45,0.0,True
6,-0.1435225542111429,False,,-0.1435225542111429,False,45,0.0,True
7,-0.1499407902743023,False,,-0.1499407902743023,False,45,0.0,True
8,-0.1457797116766264,False,,-0.1457797116766264,False,45,0.0,True
9,-0.14853836336649487,False,,-0.14853836336649487,False,45,0.0,True
10,-0.14392613442519397,False,,-0.14392613442519397,False,45,0.0,True
11,-0.1436627666411133,False,,-0.1436627666411133,False,45,0.0,True
12,-0.14359857533274484,False,,-0.14359857533274484,False,45,0.0,True
13,-0.14156794335128342,False,,-0.14156794335128342,False,45,0.0,True
14,-0.14172449711970106,False,,-0.14172449711970106,False,45,0.0,True
15,-0.1431759945994296,False,,-0.1431759945994296,False,45,0.0,True
16,-0.1419245445866505,False,,-0.1419245445866505,False,45,0.0,True
17,-0.14426668817513655,False,,-0.14426668817513655,False,45,0.0,True
18,-0.14219285980372906,False,,-0.14219285980372906,False,45,0.0,True
19,-0.1445050079227863,False,,-0.1445050079227863,False,45,0.0,True
20,-0.14713963141686254,False,,-0.14713963141686254,False,45,0.0,True
21,-0.14271189419454083,False,,-0.14271189419454083,False,45,0.0,True
22,-0.14146965481052803,False,,-0.14146965481052803,False,45,0.0,True
23,-0.14348369554157656,False,,-0.14348369554157656,False,45,0.0,True
24,-0.14431850878279356,False,,-0.14431850878279356,False,45,0.0,True
25,-0.146628874877056,False,,-0.146628874877056,False,45,0.0,True
26,-0.14385267792831746,False,,-0.14385267792831746,False,45,0.0,True
27,-0.14476691618829463,False,,-0.14476691618829463,False,45,0.0,True
28,-0.14320369270710612,False,,-0.14320369270710612,False,45,0.0,True
29,-0.14365263430396835,False,,-0.14365263430396835,False,45,0.0,True
30,-0.14750035510417514,False,,-0.14750035510417514,False,45,0.0,True
31,-0.1438381888763804,False,,-0.1438381888763804,False,45,0.0,True
32,-0.14210394483825245,False,,-0.14210394483825245,False,45,0.0,True
33,-0.1449103791717873,False,,-0.1449103791717873,False,45,0.0,True
34,-0.14556283531478237,False,,-0.14556283531478237,False,45,0.0,True
35,-0.144906346259424,False,,-0.144906346259424,False,45,0.0,True
36,-0.14306098646081084,False,,-0.14306098646081084,False,45,0.0,True
37,-0.14371142980423335,False,,-0.14371142980423335,False,45,0.0,True
38,-0.14305005573446192,False,,-0.14305005573446192,False,45,0.0,True
39,-0.14190910477889113,False,,-0.14190910477889113,False,45,0.0,True
40,-0.14643536573655727,False,,-0.14643536573655727,False,45,0.0,True
41,-0.14336680342101044,False,,-0.14336680342101044,False,45,0.0,True
42,-0.14356346098335476,False,,-0.14356346098335476,False,45,0.0,True
43,-0.1450848621053688,False,,-0.1450848621053688,False,45,0.0,True
44,-0.1427098200302042,False,,-0.1427098200302042,False,45,0.0,True
45,-0.14310610871520604,False,,-0.14310610871520604,False,45,0.0,True
46,-0.14546249064210431,False,,-0.14546249064210431,False,45,0.0,True
47,-0.14379404525573708,False,,-0.14379404525573708,False,45,0.0,True
48,-0.14498012538299881,False,,-0.14498012538299881,False,45,0.0,True
49,-0.1432340118178524,False,,-0.1432340118178524,False,45,0.0,True
50,-0.14542799523182656,False,,-0.14542799523182656,False,45,0.0,True
51,-0.14339315658138735,False,,-0.14339315658138735,False,45,0.0,True
52,-0.14338275705437178,False,,-0.14338275705437178,False,45,0.0,True
53,-0.14639476502044213,False,,-0.14639476502044213,False,45,0.0,True
54,-0.14367366978332496,False,,-0.14367366978332496,False,45,0.0,True
55,-0.14457893853279719,False,,-0.14457893853279719,False,45,0.0,True
56,-0.1421636088771629,False,,-0.1421636088771629,False,45,0.0,True
57,-0.14520665362530896,False,,-0.14520665362530896,False,45,0.0,True
58,-0.1462427010964137,False,,-0.1462427010964137,False,45,0.0,True
59,-0.14204893128266083,False,,-0.14204893128266083,False,45,0.0,True
60,-0.14991504070647732,False,,-0.14991504070647732,False,45,0.0,True
61,-0.14559650715349734,False,,-0.14559650715349734,False,45,0.0,True
62,-0.14055161085515125,False,,-0.14055161085515125,False,45,0.0,True
63,-0.14355577400523398,False,,-0.14355577400523398,False,45,0.0,True
0,-0.14474347116098896,True,,-0.14474347116098896,True,46,0.0,True
1,-0.1453150719669782,False,,-0.1453150719669782,False,46,0.0,True
2,-0.13291328503010957,False,,-0.13291328503010957,False,46,0.0,True
3,-0.13015413334779302,False,,-0.13015413334779302,False,46,0.0,True
4,-0.13227606709786133,False,,-0.13227606709786133,False,46,0.0,True
5,-0.13034656538759454,False,,-0.13034656538759454,False,46,0.0,True
6,-0.1297293021568612,False,,-0.1297293021568612,False,46,0.0,True
7,-0.13225029699499694,False,,-0.13225029699499694,False,46,0.0,True
8,-0.1321358947763917,False,,-0.1321358947763917,False,46,0.0,True
9,-0.13579113503596857,False,,-0.13579113503596857,False,46,0.0,True
10,-0.13388321931528915,False,,-0.13388321931528915,False,46,0.0,True
11,-0.1323254099012785,False,,-0.1323254099012785,False,46,0.0,True
12,-0.13053554000604667,False,,-0.13053554000604667,False,46,0.0,True
13,-0.1390281710817838,False,,-0.1390281710817838,False,46,0.0,True
14,-0.13003234623199034,False,,-0.13003234623199034,False,46,0.0,True
15,-0.13267649169430923,False,,-0.13267649169430923,False,46,0.0,True
16,-0.13252885706380718,False,,-0.13252885706380718,False,46,0.0,True
17,-0.1345138140020754,False,,-0.1345138140020754,False,46,0.0,True
18,-0.13146022704194857,False,,-0.13146022704194857,False,46,0.0,True
19,-0.13095204359279908,False,,-0.13095204359279908,False,46,0.0,True
20,-0.13339586840425519,False,,-0.13339586840425519,False,46,0.0,True
21,-0.13092064896343497,False,,-0.13092064896343497,False,46,0.0,True
22,-0.13355492970301122,False,,-0.13355492970301122,False,46,0.0,True
23,-0.1314644942331173,False,,-0.1314644942331173,False,46,0.0,True
24,-0.13767137082280123,False,,-0.13767137082280123,False,46,0.0,True
25,-0.13019115700594364,False,,-0.13019115700594364,False,46,0.0,True
26,-0.1340315754295367,False,,-0.1340315754295367,False,46,0.0,True
27,-0.1371184489770031,False,,-0.1371184489770031,False,46,0.0,True
28,-0.1318923518504358,False,,-0.1318923518504358,False,46,0.0,True
29,-0.1300068207434963,False,,-0.1300068207434963,False,46,0.0,True
30,-0.13190010408117253,False,,-0.13190010408117253,False,46,0.0,True
31,-0.1321250459683887,False,,-0.1321250459683887,False,46,0.0,True
32,-0.1314706059604115,False,,-0.1314706059604115,False,46,0.0,True
33,-0.12797307278409947,False,,-0.12797307278409947,False,46,0.0,True
34,-0.1324288931405657,False,,-0.1324288931405657,False,46,0.0,True
35,-0.12943958519392593,False,,-0.12943958519392593,False,46,0.0,True
36,-0.1333012226945916,False,,-0.1333012226945916,False,46,0.0,True
37,-0.13655570349320378,False,,-0.13655570349320378,False,46,0.0,True
38,-0.13199867003085736,False,,-0.13199867003085736,False,46,0.0,True
39,-0.1301776954326816,False,,-0.1301776954326816,False,46,0.0,True
40,-0.12970219066969782,False,,-0.12970219066969782,False,46,0.0,True
41,-0.1329942538121978,False,,-0.1329942538121978,False,46,0.0,True
42,-0.13173326435495825,False,,-0.13173326435495825,False,46,0.0,True
43,-0.13139532473208165,False,,-0.13139532473208165,False,46,0.0,True
44,-0.13539349693349362,False,,-0.13539349693349362,False,46,0.0,True
45,-0.13016967684494704,False,,-0.13016967684494704,False,46,0.0,True
46,-0.13248139696904526,False,,-0.13248139696904526,False,46,0.0,True
47,-0.1330130808342888,False,,-0.1330130808342888,False,46,0.0,True
48,-0.1339189872455848,False,,-0.1339189872455848,False,46,0.0,True
49,-0.13155989752061867,False,,-0.13155989752061867,False,46,0.0,True
50,-0.1344116217938452,False,,-0.1344116217938452,False,46,0.0,True
51,-0.13146875594258817,False,,-0.13146875594258817,False,46,0.0,True
52,-0.13143628362353466,False,,-0.13143628362353466,False,46,0.0,True
53,-0.1305826398473451,False,,-0.1305826398473451,False,46,0.0,True
54,-0.13060533193916546,False,,-0.13060533193916546,False,46,0.0,True
55,-0.12973588429503619,False,,-0.12973588429503619,False,46,0.0,True
56,-0.13100324508935338,False,,-0.13100324508935338,False,46,0.0,True
57,-0.13322067756574923,False,,-0.13322067756574923,False,46,0.0,True
58,-0.13350785410351232,False,,-0.13350785410351232,False,46,0.0,True
59,-0.13455068674257498,False,,-0.13455068674257498,False,46,0.0,True
60,-0.13478668842436192,False,,-0.13478668842436192,False,46,0.0,True
61,-0.1329090162640184,False,,-0.1329090162640184,False,46,0.0,True
62,-0.1329667286277691,False,,-0.1329667286277691,False,46,0.0,True
63,-0.13527142312607454,False,,-0.13527142312607454,False,46,0.0,True
0,-0.14615051702649162,True,,-0.14615051702649162,True,47,0.0,True
1,-0.14626583959002182,False,,-0.14626583959002182,False,47,0.0,True
2,-0.1291670221416726,False,,-0.1291670221416726,False,47,0.0,True
3,-0.1312213526032094,False,,-0.1312213526032094,False,47,0.0,True
4,-0.1305242357631294,False,,-0.1305242357631294,False,47,0.0,True
5,-0.1309012139347489,False,,-0.1309012139347489,False,47,0.0,True
6,-0.13208734333128397,False,,-0.13208734333128397,False,47,0.0,True
7,-0.1307244545430291,False,,-0.1307244545430291,False,47,0.0,True
8,-0.13165552133071223,False,,-0.13165552133071223,False,47,0.0,True
9,-0.12882209907151423,False,,-0.12882209907151423,False,47,0.0,True
10,-0.13132374913663453,False,,-0.13132374913663453,False,47,0.0,True
11,-0.1294767333090891,False,,-0.1294767333090891,False,47,0.0,True
12,-0.1299702614168316,False,,-0.1299702614168316,False,47,0.0,True
13,-0.12763238445862735,False,,-0.12763238445862735,False,47,0.0,True
14,-0.1275558724590019,False,,-0.1275558724590019,False,47,0.0,True
15,-0.13281285265180848,False,,-0.13281285265180848,False,47,0.0,True
16,-0.1275839559428623,False,,-0.1275839559428623,False,47,0.0,True
17,-0.13078250641408212,False,,-0.13078250641408212,False,47,0.0,True
18,-0.12940523281501942,False,,-0.12940523281501942,False,47,0.0,True
19,-0.12806040736249294,False,,-0.12806040736249294,False,47,0.0,True
20,-0.12977782587793268,False,,-0.12977782587793268,False,47,0.0,True
21,-0.13073638563143955,False,,-0.13073638563143955,False,47,0.0,True
22,-0.12990643151113968,False,,-0.12990643151113968,False,47,0.0,True
23,-0.1342503682998722,False,,-0.1342503682998722,False,47,0.0,True
24,-0.12705924163226176,False,,-0.12705924163226176,False,47,0.0,True
25,-0.130998189095449,False,,-0.130998189095449,False,47,0.0,True
26,-0.1253183699224804,False,,-0.1253183699224804,False,47,0.0,True
27,-0.12823647380861763,False,,-0.12823647380861763,False,47,0.0,True
28,-0.13056660275471607,False,,-0.13056660275471607,False,47,0.0,True
29,-0.13549435649914157,False,,-0.13549435649914157,False,47,0.0,True
30,-0.1330593459918303,False,,-0.1330593459918303,False,47,0.0,True
31,-0.12951575566103202,False,,-0.12951575566103202,False,47,0.0,True
32,-0.1255206471857238,False,,-0.1255206471857238,False,47,0.0,True
33,-0.13029351347632273,False,,-0.13029351347632273,False,47,0.0,True
34,-0.13433369333348974,False,,-0.13433369333348974,False,47,0.0,True
35,-0.12734107267732842,False,,-0.12734107267732842,False,47,0.0,True
36,-0.12901870054100747,False,,-0.12901870054100747,False,47,0.0,True
37,-0.12979912700604843,False,,-0.12979912700604843,False,47,0.0,True
38,-0.13294252351271124,False,,-0.13294252351271124,False,47,0.0,True
39,-0.12910031110913495,False,,-0.12910031110913495,False,47,0.0,True
40,-0.13285177112157187,False,,-0.13285177112157187,False,47,0.0,True
41,-0.1342811316778534,False,,-0.1342811316778534,False,47,0.0,True
42,-0.12817620868664442,False,,-0.12817620868664442,False,47,0.0,True
43,-0.1281224801731012,False,,-0.1281224801731012,False,47,0.0,True
44,-0.12973409452597806,False,,-0.12973409452597806,False,47,0.0,True
45,-0.13250283763391568,False,,-0.13250283763391568,False,47,0.0,True
46,-0.12771873787108348,False,,-0.12771873787108348,False,47,0.0,True
47,-0.13038818488695697,False,,-0.13038818488695697,False,47,0.0,True
48,-0.1336499307806433,False,,-0.1336499307806433,False,47,0.0,True
49,-0.12902933250126536,False,,-0.12902933250126536,False,47,0.0,True
50,-0.12944736875224255,False,,-0.12944736875224255,False,47,0.0,True
51,-0.1324135403082217,False,,-0.1324135403082217,False,47,0.0,True
52,-0.13181639122219946,False,,-0.13181639122219946,False,47,0.0,True
53,-0.13351578120801702,False,,-0.13351578120801702,False,47,0.0,True
54,-0.12925718338047423,False,,-0.12925718338047423,False,47,0.0,True
55,-0.12969548789516896,False,,-0.12969548789516896,False,47,0.0,True
56,-0.13095336564901092,False,,-0.13095336564901092,False,47,0.0,True
57,-0.12863965168318622,False,,-0.12863965168318622,False,47,0.0,True
58,-0.12854135678996761,False,,-0.12854135678996761,False,47,0.0,True
59,-0.12901239651288782,False,,-0.12901239651288782,False,47,0.0,True
60,-0.12939107928566457,False,,-0.12939107928566457,False,47,0.0,True
61,-0.1295168419479688,False,,-0.1295168419479688,False,47,0.0,True
62,-0.12932074862770476,False,,-0.12932074862770476,False,47,0.0,True
63,-0.1313232114054488,False,,-0.1313232114054488,False,47,0.0,True
0,-0.13598944487400633,True,,-0.13598944487400633,True,48,0.0,True
1,-0.13533780952966457,False,,-0.13533780952966457,False,48,0.0,True
2,-0.12391767376269222,False,,-0.12391767376269222,False,48,0.0,True
3,-0.1140319215363903,False,,-0.1140319215363903,False,48,0.0,True
4,-0.1187827373364082,False,,-0.1187827373364082,False,48,0.0,True
5,-0.11350040620760304,False,,-0.11350040620760304,False,48,0.0,True
6,-0.1153793463988991,False,,-0.1153793463988991,False,48,0.0,True
7,-0.11441127090286513,False,,-0.11441127090286513,False,48,0.0,True
8,-0.11329785267030505,False,,-0.11329785267030505,False,48,0.0,True
9,-0.11195184377039524,False,,-0.11195184377039524,False,48,0.0,True
10,-0.11175056943652659,False,,-0.11175056943652659,False,48,0.0,True
11,-0.11527613476229076,False,,-0.11527613476229076,False,48,0.0,True
12,-0.11479227641573655,False,,-0.11479227641573655,False,48,0.0,True
13,-0.11307755769555197,False,,-0.11307755769555197,False,48,0.0,True
14,-0.1138590474483606,False,,-0.1138590474483606,False,48,0.0,True
15,-0.11398202779530894,False,,-0.11398202779530894,False,48,0.0,True
16,-0.11062662519633733,False,,-0.11062662519633733,False,48,0.0,True
17,-0.11447924531867394,False,,-0.11447924531867394,False,48,0.0,True
18,-0.11218342744344775,False,,-0.11218342744344775,False,48,0.0,True
19,-0.11305145631789515,False,,-0.11305145631789515,False,48,0.0,True
20,-0.11439381924263389,False,,-0.11439381924263389,False,48,0.0,True
21,-0.11805769360862559,False,,-0.11805769360862559,False,48,0.0,True
22,-0.11564890615965097,False,,-0.11564890615965097,False,48,0.0,True
23,-0.11331030862427789,False,,-0.11331030862427789,False,48,0.0,True
24,-0.11575216594858925,False,,-0.11575216594858925,False,48,0.0,True
25,-0.11983227518272285,False,,-0.11983227518272285,False,48,0.0,True
26,-0.11336345104426308,False,,-0.11336345104426308,False,48,0.0,True
27,-0.11685171968991415,False,,-0.11685171968991415,False,48,0.0,True
28,-0.12303063131480525,False,,-0.12303063131480525,False,48,0.0,True
29,-0.12099347506921415,False,,-0.12099347506921415,False,48,0.0,True
30,-0.11341438891458731,False,,-0.11341438891458731,False,48,0.0,True
31,-0.11495984245048643,False,,-0.11495984245048643,False,48,0.0,True
32,-0.11546517262238218,False,,-0.11546517262238218,False,48,0.0,True
33,-0.11977421732535382,False,,-0.11977421732535382,False,48,0.0,True
34,-0.1144702716200478,False,,-0.1144702716200478,False,48,0.0,True
35,-0.11715848727404951,False,,-0.11715848727404951,False,48,0.0,True
36,-0.11317108990824598,False,,-0.11317108990824598,False,48,0.0,True
37,-0.11641609535090588,False,,-0.11641609535090588,False,48,0.0,True
38,-0.11201989483537553,False,,-0.11201989483537553,False,48,0.0,True
39,-0.1142887112766097,False,,-0.1142887112766097,False,48,0.0,True
40,-0.11154690715538867,False,,-0.11154690715538867,False,48,0.0,True
41,-0.11544948633622626,False,,-0.11544948633622626,False,48,0.0,True
42,-0.11580329178797308,False,,-0.11580329178797308,False,48,0.0,True
43,-0.11629471463252597,False,,-0.11629471463252597,False,48,0.0,True
44,-0.11619948443371358,False,,-0.11619948443371358,False,48,0.0,True
45,-0.11483302745359364,False,,-0.11483302745359364,False,48,0.0,True
46,-0.11226845454989637,False,,-0.11226845454989637,False,48,0.0,True
47,-0.11655505589693999,False,,-0.11655505589693999,False,48,0.0,True
48,-0.12353774072889544,False,,-0.12353774072889544,False,48,0.0,True
49,-0.11586387442454221,False,,-0.11586387442454221,False,48,0.0,True
50,-0.11366011564648006,False,,-0.11366011564648006,False,48,0.0,True
51,-0.11230755162219165,False,,-0.11230755162219165,False,48,0.0,True
52,-0.1152862967567437,False,,-0.1152862967567437,False,48,0.0,True
53,-0.11880352399916824,False,,-0.11880352399916824,False,48,0.0,True
54,-0.11585539952817439,False,,-0.11585539952817439,False,48,0.0,True
55,-0.11280974022491827,False,,-0.11280974022491827,False,48,0.0,True
56,-0.11385865818690719,False,,-0.11385865818690719,False,48,0.0,True
57,-0.11469457235005753,False,,-0.11469457235005753,False,48,0.0,True
58,-0.11425163800714754,False,,-0.11425163800714754,False,48,0.0,True
59,-0.12175228424856133,False,,-0.12175228424856133,False,48,0.0,True
60,-0.11501492804364821,False,,-0.11501492804364821,False,48,0.0,True
61,-0.11262318071379993,False,,-0.11262318071379993,False,48,0.0,True
62,-0.1153338753376799,False,,-0.1153338753376799,False,48,0.0,True
63,-0.11487473536291098,False,,-0.11487473536291098,False,48,0.0,True
0,-0.12576042556401712,True,,-0.12576042556401712,True,49,0.0,True
1,-0.12772436719849306,False,,-0.12772436719849306,False,49,0.0,True
2,-0.09771119839962111,False,,-0.09771119839962111,False,49,0.0,True
3,-0.09885944984485565,False,,-0.09885944984485565,False,49,0.0,True
4,-0.09833362347787794,False,,-0.09833362347787794,False,49,0.0,True
5,-0.0978886135391849,False,,-0.0978886135391849,False,49,0.0,True
6,-0.09877479180807869,False,,-0.09877479180807869,False,49,0.0,True
7,-0.09710272104228503,False,,-0.09710272104228503,False,49,0.0,True
8,-0.10245930899911308,False,,-0.10245930899911308,False,49,0.0,True
9,-0.10043107373073014,False,,-0.10043107373073014,False,49,0.0,True
10,-0.10060309281042767,False,,-0.10060309281042767,False,49,0.0,True
11,-0.10085106609422669,False,,-0.10085106609422669,False,49,0.0,True
12,-0.09768140932026942,False,,-0.09768140932026942,False,49,0.0,True
13,-0.09962652515666814,False,,-0.09962652515666814,False,49,0.0,True
14,-0.1005588975363282,False,,-0.1005588975363282,False,49,0.0,True
15,-0.0981598465405292,False,,-0.0981598465405292,False,49,0.0,True
16,-0.09870898876235315,False,,-0.09870898876235315,False,49,0.0,True
17,-0.09532400418190161,False,,-0.09532400418190161,False,49,0.0,True
18,-0.10041676804919147,False,,-0.10041676804919147,False,49,0.0,True
19,-0.10296260225678586,False,,-0.10296260225678586,False,49,0.0,True
20,-0.09992236986404326,False,,-0.09992236986404326,False,49,0.0,True
21,-0.10120619010797215,False,,-0.10120619010797215,False,49,0.0,True
22,-0.09618737339211357,False,,-0.09618737339211357,False,49,0.0,True
23,-0.09636108872972163,False,,-0.09636108872972163,False,49,0.0,True
24,-0.09923364136310135,False,,-0.09923364136310135,False,49,0.0,True
25,-0.10042680457440402,False,,-0.10042680457440402,False,49,0.0,True
26,-0.10079376570737722,False,,-0.10079376570737722,False,49,0.0,True
27,-0.10408020420975131,False,,-0.10408020420975131,False,49,0.0,True
28,-0.09991252151209246,False,,-0.09991252151209246,False,49,0.0,True
29,-0.10419760483498644,False,,-0.10419760483498644,False,49,0.0,True
30,-0.09874543366820955,False,,-0.09874543366820955,False,49,0.0,True
31,-0.10020171914460635,False,,-0.10020171914460635,False,49,0.0,True
32,-0.10398032055620707,False,,-0.10398032055620707,False,49,0.0,True
33,-0.09917420287014386,False,,-0.09917420287014386,False,49,0.0,True
34,-0.09658409704320045,False,,-0.09658409704320045,False,49,0.0,True
35,-0.09940241215873569,False,,-0.09940241215873569,False,49,0.0,True
36,-0.10084104016010893,False,,-0.10084104016010893,False,49,0.0,True
37,-0.09868791164044023,False,,-0.09868791164044023,False,49,0.0,True
38,-0.10184357985445981,False,,-0.10184357985445981,False,49,0.0,True
39,-0.09916525357377703,False,,-0.09916525357377703,False,49,0.0,True
40,-0.10064420697351437,False,,-0.10064420697351437,False,49,0.0,True
41,-0.09791119907257488,False,,-0.09791119907257488,False,49,0.0,True
42,-0.09774669756985732,False,,-0.09774669756985732,False,49,0.0,True
43,-0.09911022775526226,False,,-0.09911022775526226,False,49,0.0,True
44,-0.10352973901374304,False,,-0.10352973901374304,False,49,0.0,True
45,-0.10273276224925895,False,,-0.10273276224925895,False,49,0.0,True
46,-0.09935803759725756,False,,-0.09935803759725756,False,49,0.0,True
47,-0.09503901423234476,False,,-0.09503901423234476,False,49,0.0,True
48,-0.0990367312760039,False,,-0.0990367312760039,False,49,0.0,True
49,-0.09820606592204201,False,,-0.09820606592204201,False,49,0.0,True
50,-0.10266046827891383,False,,-0.10266046827891383,False,49,0.0,True
51,-0.09931295461424118,False,,-0.09931295461424118,False,49,0.0,True
52,-0.09496509402086506,False,,-0.09496509402086506,False,49,0.0,True
53,-0.09579405812408029,False,,-0.09579405812408029,False,49,0.0,True
54,-0.10027191135083768,False,,-0.10027191135083768,False,49,0.0,True
55,-0.09994896532870494,False,,-0.09994896532870494,False,49,0.0,True
56,-0.09984453149216545,False,,-0.09984453149216545,False,49,0.0,True
57,-0.09758511792795578,False,,-0.09758511792795578,False,49,0.0,True
58,-0.1012676750859241,False,,-0.1012676750859241,False,49,0.0,True
59,-0.09762616363224388,False,,-0.09762616363224388,False,49,0.0,True
60,-0.10060466626432883,False,,-0.10060466626432883,False,49,0.0,True
61,-0.09786125271801194,False,,-0.09786125271801194,False,49,0.0,True
62,-0.10033255550265172,False,,-0.10033255550265172,False,49,0.0,True
63,-0.0992920191823368,False,,-0.0992920191823368,False,49,0.0,True
0,-0.11619208363406075,True,,-0.11619208363406075,True,50,0.0,True
1,-0.12353524841842771,False,,-0.12353524841842771,False,50,0.0,True
2,-0.0921372957683332,False,,-0.0921372957683332,False,50,0.0,True
3,-0.08692834059020586,False,,-0.08692834059020586,False,50,0.0,True
4,-0.08745034325309718,False,,-0.08745034325309718,False,50,0.0,True
5,-0.09216356903295378,False,,-0.09216356903295378,False,50,0.0,True
6,-0.0960889659778372,False,,-0.0960889659778372,False,50,0.0,True
7,-0.0954935579331743,False,,-0.0954935579331743,False,50,0.0,True
8,-0.097566641895952,False,,-0.097566641895952,False,50,0.0,True
9,-0.0951159961825768,False,,-0.0951159961825768,False,50,0.0,True
10,-0.09468255464953348,False,,-0.09468255464953348,False,50,0.0,True
11,-0.09788462419799612,False,,-0.09788462419799612,False,50,0.0,True
12,-0.10362093456670773,False,,-0.10362093456670773,False,50,0.0,True
13,-0.08802422218978331,False,,-0.08802422218978331,False,50,0.0,True
14,-0.09078148564993227,False,,-0.09078148564993227,False,50,0.0,True
15,-0.09245534708794281,False,,-0.09245534708794281,False,50,0.0,True
16,-0.09387258986555405,False,,-0.09387258986555405,False,50,0.0,True
17,-0.08976089363176329,False,,-0.08976089363176329,False,50,0.0,True
18,-0.09613718954092816,False,,-0.09613718954092816,False,50,0.0,True
19,-0.10201206625708367,False,,-0.10201206625708367,False,50,0.0,True
20,-0.0956450658580245,False,,-0.0956450658580245,False,50,0.0,True
21,-0.10451631280513105,False,,-0.10451631280513105,False,50,0.0,True
22,-0.09312820440087305,False,,-0.09312820440087305,False,50,0.0,True
23,-0.10448968769518166,False,,-0.10448968769518166,False,50,0.0,True
24,-0.1088254171235952,False,,-0.1088254171235952,False,50,0.0,True
25,-0.10011354597903005,False,,-0.10011354597903005,False,50,0.0,True
26,-0.09936076238645608,False,,-0.09936076238645608,False,50,0.0,True
27,-0.09340774556927964,False,,-0.09340774556927964,False,50,0.0,True
28,-0.10427796884580628,False,,-0.10427796884580628,False,50,0.0,True
29,-0.08817814164476317,False,,-0.08817814164476317,False,50,0.0,True
30,-0.08887513375227041,False,,-0.08887513375227041,False,50,0.0,True
31,-0.09402445665078075,False,,-0.09402445665078075,False,50,0.0,True
32,-0.09022025785655582,False,,-0.09022025785655582,False,50,0.0,True
33,-0.09352782186782677,False,,-0.09352782186782677,False,50,0.0,True
34,-0.08982172969794985,False,,-0.08982172969794985,False,50,0.0,True
35,-0.09450072786637845,False,,-0.09450072786637845,False,50,0.0,True
36,-0.08656820004977209,False,,-0.08656820004977209,False,50,0.0,True
37,-0.10146000278672147,False,,-0.10146000278672147,False,50,0.0,True
38,-0.0880166898276663,False,,-0.0880166898276663,False,50,0.0,True
39,-0.08988598854214014,False,,-0.08988598854214014,False,50,0.0,True
40,-0.0916186355905732,False,,-0.0916186355905732,False,50,0.0,True
41,-0.09648551734840885,False,,-0.09648551734840885,False,50,0.0,True
42,-0.08978603391232776,False,,-0.08978603391232776,False,50,0.0,True
43,-0.09488180672473394,False,,-0.09488180672473394,False,50,0.0,True
44,-0.08987511737657067,False,,-0.08987511737657067,False,50,0.0,True
45,-0.09744771054887455,False,,-0.09744771054887455,False,50,0.0,True
46,-0.09471090421615885,False,,-0.09471090421615885,False,50,0.0,True
47,-0.0986096546562033,False,,-0.0986096546562033,False,50,0.0,True
48,-0.09274115272373164,False,,-0.09274115272373164,False,50,0.0,True
49,-0.09545756332201416,False,,-0.09545756332201416,False,50,0.0,True
50,-0.0888790720909958,False,,-0.0888790720909958,False,50,0.0,True
51,-0.09133352314828985,False,,-0.09133352314828985,False,50,0.0,True
52,-0.09627462526154476,False,,-0.09627462526154476,False,50,0.0,True
53,-0.0914453180663058,False,,-0.0914453180663058,False,50,0.0,True
54,-0.0924221276989082,False,,-0.0924221276989082,False,50,0.0,True
55,-0.09603643157487295,False,,-0.09603643157487295,False,50,0.0,True
56,-0.10063001005854083,False,,-0.10063001005854083,False,50,0.0,True
57,-0.09099251113990167,False,,-0.09099251113990167,False,50,0.0,True
58,-0.09072418702922339,False,,-0.09072418702922339,False,50,0.0,True
59,-0.08951675017090531,False,,-0.08951675017090531,False,50,0.0,True
60,-0.09608248265245112,False,,-0.09608248265245112,False,50,0.0,True
61,-0.08617691917918292,False,,-0.08617691917918292,False,50,0.0,True
62,-0.09461368748225102,False,,-0.09461368748225102,False,50,0.0,True
63,-0.09435197044986127,False,,-0.09435197044986127,False,50,0.0,True
0,-0.108545931046792,True,,-0.108545931046792,True,51,0.0,True
1,-0.10750823040822792,False,,-0.10750823040822792,False,51,0.0,True
2,-0.08528572695160135,False,,-0.08528572695160135,False,51,0.0,True
3,-0.08619230533956329,False,,-0.08619230533956329,False,51,0.0,True
4,-0.0883602040920976,False,,-0.0883602040920976,False,51,0.0,True
5,-0.07739286000568932,False,,-0.07739286000568932,False,51,0.0,True
6,-0.09204287481666043,False,,-0.09204287481666043,False,51,0.0,True
7,-0.08569302805039206,False,,-0.08569302805039206,False,51,0.0,True
8,-0.07914708464467805,False,,-0.07914708464467805,False,51,0.0,True
9,-0.0796984773149398,False,,-0.0796984773149398,False,51,0.0,True
10,-0.08264557958040568,False,,-0.08264557958040568,False,51,0.0,True
11,-0.08721674159938043,False,,-0.08721674159938043,False,51,0.0,True
12,-0.08306928172243994,False,,-0.08306928172243994,False,51,0.0,True
13,-0.08236287023485164,False,,-0.08236287023485164,False,51,0.0,True
14,-0.0852509854314166,False,,-0.0852509854314166,False,51,0.0,True
15,-0.07834269206294506,False,,-0.07834269206294506,False,51,0.0,True
16,-0.08329885559661783,False,,-0.08329885559661783,False,51,0.0,True
17,-0.0763869617218561,False,,-0.0763869617218561,False,51,0.0,True
18,-0.083673398585805,False,,-0.083673398585805,False,51,0.0,True
19,-0.08709645339667929,False,,-0.08709645339667929,False,51,0.0,True
20,-0.07481267173661615,False,,-0.07481267173661615,False,51,0.0,True
21,-0.0862632190251837,False,,-0.0862632190251837,False,51,0.0,True
22,-0.08350521597745933,False,,-0.08350521597745933,False,51,0.0,True
23,-0.08660411190999773,False,,-0.08660411190999773,False,51,0.0,True
24,-0.07906241981267945,False,,-0.07906241981267945,False,51,0.0,True
25,-0.08738664342975017,False,,-0.08738664342975017,False,51,0.0,True
26,-0.07815094344691517,False,,-0.07815094344691517,False,51,0.0,True
27,-0.07547052244515581,False,,-0.07547052244515581,False,51,0.0,True
28,-0.08582630013320797,False,,-0.08582630013320797,False,51,0.0,True
29,-0.09707900862278523,False,,-0.09707900862278523,False,51,0.0,True
30,-0.08922745997430055,False,,-0.08922745997430055,False,51,0.0,True
31,-0.08270728284927897,False,,-0.08270728284927897,False,51,0.0,True
32,-0.0902632777385394,False,,-0.0902632777385394,False,51,0.0,True
33,-0.07690798490090156,False,,-0.07690798490090156,False,51,0.0,True
34,-0.08064407222872944,False,,-0.08064407222872944,False,51,0.0,True
35,-0.07941583475556255,False,,-0.07941583475556255,False,51,0.0,True
36,-0.07979986329066036,False,,-0.07979986329066036,False,51,0.0,True
37,-0.09516679809140235,False,,-0.09516679809140235,False,51,0.0,True
38,-0.08219819453643779,False,,-0.08219819453643779,False,51,0.0,True
39,-0.08321805290335957,False,,-0.08321805290335957,False,51,0.0,True
40,-0.07841542504643034,False,,-0.07841542504643034,False,51,0.0,True
41,-0.08228513311740632,False,,-0.08228513311740632,False,51,0.0,True
42,-0.08145321014482462,False,,-0.08145321014482462,False,51,0.0,True
43,-0.0846743984104816,False,,-0.0846743984104816,False,51,0.0,True
44,-0.08396760825409144,False,,-0.08396760825409144,False,51,0.0,True
45,-0.09045231416057632,False,,-0.09045231416057632,False,51,0.0,True
46,-0.0854412766347507,False,,-0.0854412766347507,False,51,0.0,True
47,-0.09363107416026492,False,,-0.09363107416026492,False,51,0.0,True
48,-0.07968741928607737,False,,-0.07968741928607737,False,51,0.0,True
49,-0.07710820974397438,False,,-0.07710820974397438,False,51,0.0,True
50,-0.07993293763035167,False,,-0.07993293763035167,False,51,0.0,True
51,-0.0757289405246473,False,,-0.0757289405246473,False,51,0.0,True
52,-0.09013879024526114,False,,-0.09013879024526114,False,51,0.0,True
53,-0.08010019409469663,False,,-0.08010019409469663,False,51,0.0,True
54,-0.08426823973797368,False,,-0.08426823973797368,False,51,0.0,True
55,-0.07848826684201742,False,,-0.07848826684201742,False,51,0.0,True
56,-0.0839638947374039,False,,-0.0839638947374039,False,51,0.0,True
57,-0.0842295542575395,False,,-0.0842295542575395,False,51,0.0,True
58,-0.0898057630564973,False,,-0.0898057630564973,False,51,0.0,True
59,-0.08471601689320056,False,,-0.08471601689320056,False,51,0.0,True
60,-0.08738040582001089,False,,-0.08738040582001089,False,51,0.0,True
61,-0.08290413226714503,False,,-0.08290413226714503,False,51,0.0,True
62,-0.08874586737307245,False,,-0.08874586737307245,False,51,0.0,True
63,-0.08115679920532884,False,,-0.08115679920532884,False,51,0.0,True
0,-0.10570541701758177,True,,-0.10570541701758177,True,52,0.0,True
1,-0.10719633016222616,False,,-0.10719633016222616,False,52,0.0,True
2,-0.07926296225390035,False,,-0.07926296225390035,False,52,0.0,True
3,-0.07664712880190908,False,,-0.07664712880190908,False,52,0.0,True
4,-0.08258560407050736,False,,-0.08258560407050736,False,52,0.0,True
5,-0.0781771802749117,False,,-0.0781771802749117,False,52,0.0,True
6,-0.07827974193268583,False,,-0.07827974193268583,False,52,0.0,True
7,-0.07754193845943444,False,,-0.07754193845943444,False,52,0.0,True
8,-0.07358190287794364,False,,-0.07358190287794364,False,52,0.0,True
9,-0.07592352178794862,False,,-0.07592352178794862,False,52,0.0,True
10,-0.08352147759463756,False,,-0.08352147759463756,False,52,0.0,True
11,-0.07546616300190812,False,,-0.07546616300190812,False,52,0.0,True
12,-0.08745619691485426,False,,-0.08745619691485426,False,52,0.0,True
13,-0.0774044852796601,False,,-0.0774044852796601,False,52,0.0,True
14,-0.07886154083226316,False,,-0.07886154083226316,False,52,0.0,True
15,-0.07692832362551567,False,,-0.07692832362551567,False,52,0.0,True
16,-0.08916263407820214,False,,-0.08916263407820214,False,52,0.0,True
17,-0.07496183867696074,False,,-0.07496183867696074,False,52,0.0,True
18,-0.08187947695057904,False,,-0.08187947695057904,False,52,0.0,True
19,-0.07904831974841223,False,,-0.07904831974841223,False,52,0.0,True
20,-0.08953618674704959,False,,-0.08953618674704959,False,52,0.0,True
21,-0.087861703519543,False,,-0.087861703519543,False,52,0.0,True
22,-0.08562853534087969,False,,-0.08562853534087969,False,52,0.0,True
23,-0.072079463954278,False,,-0.072079463954278,False,52,0.0,True
24,-0.07709691422800014,False,,-0.07709691422800014,False,52,0.0,True
25,-0.09079862491380342,False,,-0.09079862491380342,False,52,0.0,True
26,-0.09376155126922263,False,,-0.09376155126922263,False,52,0.0,True
27,-0.08520532772514525,False,,-0.08520532772514525,False,52,0.0,True
28,-0.07793307333009986,False,,-0.07793307333009986,False,52,0.0,True
29,-0.07694379285094913,False,,-0.07694379285094913,False,52,0.0,True
30,-0.08770461533313019,False,,-0.08770461533313019,False,52,0.0,True
31,-0.08319297705728448,False,,-0.08319297705728448,False,52,0.0,True
32,-0.08473160354020187,False,,-0.08473160354020187,False,52,0.0,True
33,-0.09160885817198638,False,,-0.09160885817198638,False,52,0.0,True
34,-0.08746368772564816,False,,-0.08746368772564816,False,52,0.0,True
35,-0.0800329123625104,False,,-0.0800329123625104,False,52,0.0,True
36,-0.07403954440622033,False,,-0.07403954440622033,False,52,0.0,True
37,-0.07409428907569099,False,,-0.07409428907569099,False,52,0.0,True
38,-0.07763227879103428,False,,-0.07763227879103428,False,52,0.0,True
39,-0.08397241476111542,False,,-0.08397241476111542,False,52,0.0,True
40,-0.07868783098691401,False,,-0.07868783098691401,False,52,0.0,True
41,-0.08815538195239361,False,,-0.08815538195239361,False,52,0.0,True
42,-0.08519744906329016,False,,-0.08519744906329016,False,52,0.0,True
43,-0.08105525336479429,False,,-0.08105525336479429,False,52,0.0,True
44,-0.08149605237637675,False,,-0.08149605237637675,False,52,0.0,True
45,-0.08690873272414117,False,,-0.08690873272414117,False,52,0.0,True
46,-0.07954571338289283,False,,-0.07954571338289283,False,52,0.0,True
47,-0.07768750281818099,False,,-0.07768750281818099,False,52,0.0,True
48,-0.07870300272195337,False,,-0.07870300272195337,False,52,0.0,True
49,-0.08313496735377862,False,,-0.08313496735377862,False,52,0.0,True
50,-0.07539090886247236,False,,-0.07539090886247236,False,52,0.0,True
51,-0.07934103081260568,False,,-0.07934103081260568,False,52,0.0,True
52,-0.08990509418015341,False,,-0.08990509418015341,False,52,0.0,True
53,-0.07649009059206341,False,,-0.07649009059206341,False,52,0.0,True
54,-0.087027965897849,False,,-0.087027965897849,False,52,0.0,True
55,-0.08296198655906079,False,,-0.08296198655906079,False,52,0.0,True
56,-0.07457644829464098,False,,-0.07457644829464098,False,52,0.0,True
57,-0.09042164228487531,False,,-0.09042164228487531,False,52,0.0,True
58,-0.08724455954014204,False,,-0.08724455954014204,False,52,0.0,True
59,-0.07993871780961437,False,,-0.07993871780961437,False,52,0.0,True
60,-0.08203187950401422,False,,-0.08203187950401422,False,52,0.0,True
61,-0.08014069913641221,False,,-0.08014069913641221,False,52,0.0,True
62,-0.08037201445785466,False,,-0.08037201445785466,False,52,0.0,True
63,-0.08026007449282291,False,,-0.08026007449282291,False,52,0.0,True
0,-0.09782071227417369,True,,-0.09782071227417369,True,53,0.0,True
1,-0.09287144258426412,False,,-0.09287144258426412,False,53,0.0,True
2,-0.07105560392899568,False,,-0.07105560392899568,False,53,0.0,True
3,-0.08000862508874651,False,,-0.08000862508874651,False,53,0.0,True
4,-0.0721672596920242,False,,-0.0721672596920242,False,53,0.0,True
5,-0.06705942499013434,False,,-0.06705942499013434,False,53,0.0,True
6,-0.07987668633678868,False,,-0.07987668633678868,False,53,0.0,True
7,-0.07235240413458284,False,,-0.07235240413458284,False,53,0.0,True
8,-0.07749665093640239,False,,-0.07749665093640239,False,53,0.0,True
9,-0.07592293754410528,False,,-0.07592293754410528,False,53,0.0,True
10,-0.07441410504750694,False,,-0.07441410504750694,False,53,0.0,True
11,-0.07224116664696952,False,,-0.07224116664696952,False,53,0.0,True
12,-0.08067179822277042,False,,-0.08067179822277042,False,53,0.0,True
13,-0.0689697368641387,False,,-0.0689697368641387,False,53,0.0,True
14,-0.0747869765748545,False,,-0.0747869765748545,False,53,0.0,True
15,-0.07190215923487331,False,,-0.07190215923487331,False,53,0.0,True
16,-0.07045035352108348,False,,-0.07045035352108348,False,53,0.0,True
17,-0.07725974555279796,False,,-0.07725974555279796,False,53,0.0,True
18,-0.07615533989655292,False,,-0.07615533989655292,False,53,0.0,True
19,-0.07690242191604613,False,,-0.07690242191604613,False,53,0.0,True
20,-0.07476586588922249,False,,-0.07476586588922249,False,53,0.0,True
21,-0.07282510891188865,False,,-0.07282510891188865,False,53,0.0,True
22,-0.07346324424121653,False,,-0.07346324424121653,False,53,0.0,True
23,-0.07762284799903785,False,,-0.07762284799903785,False,53,0.0,True
24,-0.07286411028645705,False,,-0.07286411028645705,False,53,0.0,True
25,-0.07254121567267993,False,,-0.07254121567267993,False,53,0.0,True
26,-0.07331771415951424,False,,-0.07331771415951424,False,53,0.0,True
27,-0.07804796555762689,False,,-0.07804796555762689,False,53,0.0,True
28,-0.07166993577493183,False,,-0.07166993577493183,False,53,0.0,True
29,-0.07635282878229444,False,,-0.07635282878229444,False,53,0.0,True
30,-0.07149431100076033,False,,-0.07149431100076033,False,53,0.0,True
31,-0.07591782779353899,False,,-0.07591782779353899,False,53,0.0,True
32,-0.06674159829578483,False,,-0.06674159829578483,False,53,0.0,True
33,-0.07304529058223594,False,,-0.07304529058223594,False,53,0.0,True
34,-0.07118640010211438,False,,-0.07118640010211438,False,53,0.0,True
35,-0.06888271030766918,False,,-0.06888271030766918,False,53,0.0,True
36,-0.07854106057062187,False,,-0.07854106057062187,False,53,0.0,True
37,-0.07077265178818874,False,,-0.07077265178818874,False,53,0.0,True
38,-0.06706133805985698,False,,-0.06706133805985698,False,53,0.0,True
39,-0.06605807410947886,False,,-0.06605807410947886,False,53,0.0,True
40,-0.07451270993646027,False,,-0.07451270993646027,False,53,0.0,True
41,-0.07136258344775503,False,,-0.07136258344775503,False,53,0.0,True
42,-0.06282250891144286,False,,-0.06282250891144286,False,53,0.0,True
43,-0.08153788673240711,False,,-0.08153788673240711,False,53,0.0,True
44,-0.07062939040583324,False,,-0.07062939040583324,False,53,0.0,True
45,-0.08005460455984487,False,,-0.08005460455984487,False,53,0.0,True
46,-0.07492294066820143,False,,-0.07492294066820143,False,53,0.0,True
47,-0.07177710249705978,False,,-0.07177710249705978,False,53,0.0,True
48,-0.07477286764709817,False,,-0.07477286764709817,False,53,0.0,True
49,-0.06543035374583539,False,,-0.06543035374583539,False,53,0.0,True
50,-0.07531960713242555,False,,-0.07531960713242555,False,53,0.0,True
51,-0.07348704449130997,False,,-0.07348704449130997,False,53,0.0,True
52,-0.07492181410548027,False,,-0.07492181410548027,False,53,0.0,True
53,-0.07427256380870881,False,,-0.07427256380870881,False,53,0.0,True
54,-0.0698552491414576,False,,-0.0698552491414576,False,53,0.0,True
55,-0.07543508384589982,False,,-0.07543508384589982,False,53,0.0,True
56,-0.0721498010646617,False,,-0.0721498010646617,False,53,0.0,True
57,-0.08199968954074748,False,,-0.08199968954074748,False,53,0.0,True
58,-0.0773558224089047,False,,-0.0773558224089047,False,53,0.0,True
59,-0.07498611492177554,False,,-0.07498611492177554,False,53,0.0,True
60,-0.06836087801429969,False,,-0.06836087801429969,False,53,0.0,True
61,-0.07103248269158445,False,,-0.07103248269158445,False,53,0.0,True
62,-0.07130117815941808,False,,-0.07130117815941808,False,53,0.0,True
63,-0.08143049191365756,False,,-0.08143049191365756,False,53,0.0,True
0,-0.07029998105836846,True,,-0.07029998105836846,True,54,0.0,True
1,-0.08358777512626182,False,,-0.08358777512626182,False,54,0.0,True
2,-0.047419760431251255,False,,-0.047419760431251255,False,54,0.0,True
3,-0.04238777310527521,False,,-0.04238777310527521,False,54,0.0,True
4,-0.04355292652971073,False,,-0.04355292652971073,False,54,0.0,True
5,-0.0488993737298445,False,,-0.0488993737298445,False,54,0.0,True
6,-0.045787179504794676,False,,-0.045787179504794676,False,54,0.0,True
7,-0.05061642097197837,False,,-0.05061642097197837,False,54,0.0,True
8,-0.04423674194194452,False,,-0.04423674194194452,False,54,0.0,True
9,-0.03921741773809519,False,,-0.03921741773809519,False,54,0.0,True
10,-0.046066342992707385,False,,-0.046066342992707385,False,54,0.0,True
11,-0.0438382206201654,False,,-0.0438382206201654,False,54,0.0,True
12,-0.04835229660188943,False,,-0.04835229660188943,False,54,0.0,True
13,-0.05142271938815169,False,,-0.05142271938815169,False,54,0.0,True
14,-0.04692188985655864,False,,-0.04692188985655864,False,54,0.0,True
15,-0.04161251947507898,False,,-0.04161251947507898,False,54,0.0,True
16,-0.0416561337637438,False,,-0.0416561337637438,False,54,0.0,True
17,-0.048454445386371475,False,,-0.048454445386371475,False,54,0.0,True
18,-0.040589505472057016,False,,-0.040589505472057016,False,54,0.0,True
19,-0.043821281888840546,False,,-0.043821281888840546,False,54,0.0,True
20,-0.044052543759874475,False,,-0.044052543759874475,False,54,0.0,True
21,-0.04126650778103868,False,,-0.04126650778103868,False,54,0.0,True
22,-0.04284916815255118,False,,-0.04284916815255118,False,54,0.0,True
23,-0.03729947397034294,False,,-0.03729947397034294,False,54,0.0,True
24,-0.04083344147722398,False,,-0.04083344147722398,False,54,0.0,True
25,-0.04518663860085126,False,,-0.04518663860085126,False,54,0.0,True
26,-0.03770088727993148,False,,-0.03770088727993148,False,54,0.0,True
27,-0.04273641114753202,False,,-0.04273641114753202,False,54,0.0,True
28,-0.04014009929720992,False,,-0.04014009929720992,False,54,0.0,True
29,-0.04822940615178297,False,,-0.04822940615178297,False,54,0.0,True
30,-0.046023293295598594,False,,-0.046023293295598594,False,54,0.0,True
31,-0.047279429491926706,False,,-0.047279429491926706,False,54,0.0,True
32,-0.04733306844092146,False,,-0.04733306844092146,False,54,0.0,True
33,-0.04806606980494786,False,,-0.04806606980494786,False,54,0.0,True
34,-0.04993892143086145,False,,-0.04993892143086145,False,54,0.0,True
35,-0.0475098901534506,False,,-0.0475098901534506,False,54,0.0,True
36,-0.05016283483640911,False,,-0.05016283483640911,False,54,0.0,True
37,-0.04517211082985145,False,,-0.04517211082985145,False,54,0.0,True
38,-0.04402270726228226,False,,-0.04402270726228226,False,54,0.0,True
39,-0.05242830507730968,False,,-0.05242830507730968,False,54,0.0,True
40,-0.043972073723477924,False,,-0.043972073723477924,False,54,0.0,True
41,-0.04066693112436931,False,,-0.04066693112436931,False,54,0.0,True
42,-0.03885442051411536,False,,-0.03885442051411536,False,54,0.0,True
43,-0.04307040282210259,False,,-0.04307040282210259,False,54,0.0,True
44,-0.04366208216013963,False,,-0.04366208216013963,False,54,0.0,True
45,-0.04975704895412415,False,,-0.04975704895412415,False,54,0.0,True
46,-0.037414156338161864,False,,-0.037414156338161864,False,54,0.0,True
47,-0.038846677156361524,False,,-0.038846677156361524,False,54,0.0,True
48,-0.04607779924042711,False,,-0.04607779924042711,False,54,0.0,True
49,-0.042392962422408594,False,,-0.042392962422408594,False,54,0.0,True
50,-0.050319096116122466,False,,-0.050319096116122466,False,54,0.0,True
51,-0.0396495794491605,False,,-0.0396495794491605,False,54,0.0,True
52,-0.05378212873444767,False,,-0.05378212873444767,False,54,0.0,True
53,-0.04097663717378548,False,,-0.04097663717378548,False,54,0.0,True
54,-0.04516589448424482,False,,-0.04516589448424482,False,54,0.0,True
55,-0.04117571251166836,False,,-0.04117571251166836,False,54,0.0,True
56,-0.04900950497586861,False,,-0.04900950497586861,False,54,0.0,True
57,-0.0402906238571414,False,,-0.0402906238571414,False,54,0.0,True
58,-0.043815698391542715,False,,-0.043815698391542715,False,54,0.0,True
59,-0.04123962066140441,False,,-0.04123962066140441,False,54,0.0,True
60,-0.05015988042848702,False,,-0.05015988042848702,False,54,0.0,True
61,-0.05459548938088197,False,,-0.05459548938088197,False,54,0.0,True
62,-0.03890406945250788,False,,-0.03890406945250788,False,54,0.0,True
63,-0.03615494487778597,False,,-0.03615494487778597,False,54,0.0,True
0,-0.06223918810604144,True,,-0.06223918810604144,True,55,0.0,True
1,-0.061252106432299724,False,,-0.061252106432299724,False,55,0.0,True
2,-0.03687985601355556,False,,-0.03687985601355556,False,55,0.0,True
3,-0.0331694257590133,False,,-0.0331694257590133,False,55,0.0,True
4,-0.034788156879862406,False,,-0.034788156879862406,False,55,0.0,True
5,-0.04165569709285653,False,,-0.04165569709285653,False,55,0.0,True
6,-0.04765937847605838,False,,-0.04765937847605838,False,55,0.0,True
7,-0.03490906467340221,False,,-0.03490906467340221,False,55,0.0,True
8,-0.040245608528699794,False,,-0.040245608528699794,False,55,0.0,True
9,-0.035394895062949114,False,,-0.035394895062949114,False,55,0.0,True
10,-0.03361200900091871,False,,-0.03361200900091871,False,55,0.0,True
11,-0.04336771450936222,False,,-0.04336771450936222,False,55,0.0,True
12,-0.02963043508206637,False,,-0.02963043508206637,False,55,0.0,True
13,-0.04150417461949083,False,,-0.04150417461949083,False,55,0.0,True
14,-0.04040344120342683,False,,-0.04040344120342683,False,55,0.0,True
15,-0.039014539081376746,False,,-0.039014539081376746,False,55,0.0,True
16,-0.04043932088558441,False,,-0.04043932088558441,False,55,0.0,True
17,-0.029190828300600297,False,,-0.029190828300600297,False,55,0.0,True
18,-0.03984888955781835,False,,-0.03984888955781835,False,55,0.0,True
19,-0.03424828566243633,False,,-0.03424828566243633,False,55,0.0,True
20,-0.034315685024580427,False,,-0.034315685024580427,False,55,0.0,True
21,-0.03911458864287835,False,,-0.03911458864287835,False,55,0.0,True
22,-0.03182043883338832,False,,-0.03182043883338832,False,55,0.0,True
23,-0.04383739836551467,False,,-0.04383739836551467,False,55,0.0,True
24,-0.03799532758847112,False,,-0.03799532758847112,False,55,0.0,True
25,-0.051672907625185026,False,,-0.051672907625185026,False,55,0.0,True
26,-0.036033884321024987,False,,-0.036033884321024987,False,55,0.0,True
27,-0.04424030266731439,False,,-0.04424030266731439,False,55,0.0,True
28,-0.038472073146570744,False,,-0.038472073146570744,False,55,0.0,True
29,-0.04029822300634684,False,,-0.04029822300634684,False,55,0.0,True
30,-0.0395677352866876,False,,-0.0395677352866876,False,55,0.0,True
31,-0.05166540982582965,False,,-0.05166540982582965,False,55,0.0,True
32,-0.03465813194688848,False,,-0.03465813194688848,False,55,0.0,True
33,-0.028825801129168684,False,,-0.028825801129168684,False,55,0.0,True
34,-0.03810960083112985,False,,-0.03810960083112985,False,55,0.0,True
35,-0.038318587174059254,False,,-0.038318587174059254,False,55,0.0,True
36,-0.03674486176894249,False,,-0.03674486176894249,False,55,0.0,True
37,-0.03658184931615283,False,,-0.03658184931615283,False,55,0.0,True
38,-0.0332618920445734,False,,-0.0332618920445734,False,55,0.0,True
39,-0.04365343450201703,False,,-0.04365343450201703,False,55,0.0,True
40,-0.03688564309560745,False,,-0.03688564309560745,False,55,0.0,True
41,-0.037640594062994595,False,,-0.037640594062994595,False,55,0.0,True
42,-0.04401620483726232,False,,-0.04401620483726232,False,55,0.0,True
43,-0.03433721737427411,False,,-0.03433721737427411,False,55,0.0,True
44,-0.03443408202918317,False,,-0.03443408202918317,False,55,0.0,True
45,-0.03288738761712989,False,,-0.03288738761712989,False,55,0.0,True
46,-0.03829148982202453,False,,-0.03829148982202453,False,55,0.0,True
47,-0.04148110395115541,False,,-0.04148110395115541,False,55,0.0,True
48,-0.028983820888835693,False,,-0.028983820888835693,False,55,0.0,True
49,-0.03832273115840271,False,,-0.03832273115840271,False,55,0.0,True
50,-0.03559933157996312,False,,-0.03559933157996312,False,55,0.0,True
51,-0.03774642334255662,False,,-0.03774642334255662,False,55,0.0,True
52,-0.036806686410728554,False,,-0.036806686410728554,False,55,0.0,True
53,-0.03207543589124782,False,,-0.03207543589124782,False,55,0.0,True
54,-0.037818078426005555,False,,-0.037818078426005555,False,55,0.0,True
55,-0.03164497987249361,False,,-0.03164497987249361,False,55,0.0,True
56,-0.03808217699491253,False,,-0.03808217699491253,False,55,0.0,True
57,-0.035565896431836795,False,,-0.035565896431836795,False,55,0.0,True
58,-0.04575526401239909,False,,-0.04575526401239909,False,55,0.0,True
59,-0.029951831547611663,False,,-0.029951831547611663,False,55,0.0,True
60,-0.044152925444995245,False,,-0.044152925444995245,False,55,0.0,True
61,-0.039063950672818835,False,,-0.039063950672818835,False,55,0.0,True
62,-0.04155743295987441,False,,-0.04155743295987441,False,55,0.0,True
63,-0.03893638742152361,False,,-0.03893638742152361,False,55,0.0,True
0,-0.06026740975857268,True,,-0.06026740975857268,True,56,0.0,True
1,-0.05935654129742639,False,,-0.05935654129742639,False,56,0.0,True
2,-0.042321974763129114,False,,-0.042321974763129114,False,56,0.0,True
3,-0.04475193714959124,False,,-0.04475193714959124,False,56,0.0,True
4,-0.052772016302742336,False,,-0.052772016302742336,False,56,0.0,True
5,-0.043324172869763096,False,,-0.043324172869763096,False,56,0.0,True
6,-0.041701925971549196,False,,-0.041701925971549196,False,56,0.0,True
7,-0.05173992827104244,False,,-0.05173992827104244,False,56,0.0,True
8,-0.041926396205022226,False,,-0.041926396205022226,False,56,0.0,True
9,-0.044387933800524165,False,,-0.044387933800524165,False,56,0.0,True
10,-0.04721325345860922,False,,-0.04721325345860922,False,56,0.0,True
11,-0.05129865163226484,False,,-0.05129865163226484,False,56,0.0,True
12,-0.055737356386538164,False,,-0.055737356386538164,False,56,0.0,True
13,-0.04706382440456481,False,,-0.04706382440456481,False,56,0.0,True
14,-0.05123077507297785,False,,-0.05123077507297785,False,56,0.0,True
15,-0.04585347527776498,False,,-0.04585347527776498,False,56,0.0,True
16,-0.04422031290612592,False,,-0.04422031290612592,False,56,0.0,True
17,-0.04976131407222782,False,,-0.04976131407222782,False,56,0.0,True
18,-0.05446546683284196,False,,-0.05446546683284196,False,56,0.0,True
19,-0.04409076791149086,False,,-0.04409076791149086,False,56,0.0,True
20,-0.04883591747064518,False,,-0.04883591747064518,False,56,0.0,True
21,-0.04413992159366766,False,,-0.04413992159366766,False,56,0.0,True
22,-0.04853567878471088,False,,-0.04853567878471088,False,56,0.0,True
23,-0.04567126980291515,False,,-0.04567126980291515,False,56,0.0,True
24,-0.043043106212972956,False,,-0.043043106212972956,False,56,0.0,True
25,-0.048000494439911515,False,,-0.048000494439911515,False,56,0.0,True
26,-0.049214202153045214,False,,-0.049214202153045214,False,56,0.0,True
27,-0.041627565407072735,False,,-0.041627565407072735,False,56,0.0,True
28,-0.044506090155537636,False,,-0.044506090155537636,False,56,0.0,True
29,-0.046897367823737504,False,,-0.046897367823737504,False,56,0.0,True
30,-0.047437684483403776,False,,-0.047437684483403776,False,56,0.0,True
31,-0.05197229201527351,False,,-0.05197229201527351,False,56,0.0,True
32,-0.04143796048699944,False,,-0.04143796048699944,False,56,0.0,True
33,-0.04482805612578922,False,,-0.04482805612578922,False,56,0.0,True
34,-0.042636309092695994,False,,-0.042636309092695994,False,56,0.0,True
35,-0.05355109872106512,False,,-0.05355109872106512,False,56,0.0,True
36,-0.038947986382411766,False,,-0.038947986382411766,False,56,0.0,True
37,-0.05037290804046067,False,,-0.05037290804046067,False,56,0.0,True
38,-0.044296498612234364,False,,-0.044296498612234364,False,56,0.0,True
39,-0.05642160987768618,False,,-0.05642160987768618,False,56,0.0,True
40,-0.04239345312032962,False,,-0.04239345312032962,False,56,0.0,True
41,-0.04120590616283456,False,,-0.04120590616283456,False,56,0.0,True
42,-0.04502834174253492,False,,-0.04502834174253492,False,56,0.0,True
43,-0.04743818238920519,False,,-0.04743818238920519,False,56,0.0,True
44,-0.047147208669135,False,,-0.047147208669135,False,56,0.0,True
45,-0.04268980006244193,False,,-0.04268980006244193,False,56,0.0,True
46,-0.05189781273215836,False,,-0.05189781273215836,False,56,0.0,True
47,-0.043939228667276904,False,,-0.043939228667276904,False,56,0.0,True
48,-0.04421703898494174,False,,-0.04421703898494174,False,56,0.0,True
49,-0.045429754819251295,False,,-0.045429754819251295,False,56,0.0,True
50,-0.0448224074024694,False,,-0.0448224074024694,False,56,0.0,True
51,-0.04301638243104462,False,,-0.04301638243104462,False,56,0.0,True
52,-0.049127420010690884,False,,-0.049127420010690884,False,56,0.0,True
53,-0.05006756676524258,False,,-0.05006756676524258,False,56,0.0,True
54,-0.04353782765579569,False,,-0.04353782765579569,False,56,0.0,True
55,-0.04816858346058235,False,,-0.04816858346058235,False,56,0.0,True
56,-0.045488063147605326,False,,-0.045488063147605326,False,56,0.0,True
57,-0.04296664022005653,False,,-0.04296664022005653,False,56,0.0,True
58,-0.04723534142204866,False,,-0.04723534142204866,False,56,0.0,True
59,-0.041988959749952495,False,,-0.041988959749952495,False,56,0.0,True
60,-0.04756252249219814,False,,-0.04756252249219814,False,56,0.0,True
61,-0.048759618527421195,False,,-0.048759618527421195,False,56,0.0,True
62,-0.04202349778305567,False,,-0.04202349778305567,False,56,0.0,True
63,-0.03847207896309046,False,,-0.03847207896309046,False,56,0.0,True
0,-0.04925739787863534,True,,-0.04925739787863534,True,57,0.0,True
1,-0.04990415616583567,False,,-0.04990415616583567,False,57,0.0,True
2,-0.02141785424705365,False,,-0.02141785424705365,False,57,0.0,True
3,-0.027379367242968425,False,,-0.027379367242968425,False,57,0.0,True
4,-0.02222631905220395,False,,-0.02222631905220395,False,57,0.0,True
5,-0.0203291088623007,False,,-0.0203291088623007,False,57,0.0,True
6,-0.02653922914004795,False,,-0.02653922914004795,False,57,0.0,True
7,-0.023142610897710622,False,,-0.023142610897710622,False,57,0.0,True
8,-0.011047182070980592,False,,-0.011047182070980592,False,57,0.0,True
9,-0.028903282164107133,False,,-0.028903282164107133,False,57,0.0,True
10,-0.03762941597506872,False,,-0.03762941597506872,False,57,0.0,True
11,-0.023975850439267546,False,,-0.023975850439267546,False,57,0.0,True
12,-0.023738414158001857,False,,-0.023738414158001857,False,57,0.0,True
13,-0.023562000689358445,False,,-0.023562000689358445,False,57,0.0,True
14,-0.02898675460591936,False,,-0.02898675460591936,False,57,0.0,True
15,-0.029270064092707822,False,,-0.029270064092707822,False,57,0.0,True
16,-0.02391313634999788,False,,-0.02391313634999788,False,57,0.0,True
17,-0.028356916275716206,False,,-0.028356916275716206,False,57,0.0,True
18,-0.016464413953659763,False,,-0.016464413953659763,False,57,0.0,True
19,-0.030649498989542008,False,,-0.030649498989542008,False,57,0.0,True
20,-0.024004665969585004,False,,-0.024004665969585004,False,57,0.0,True
21,-0.03081419334318422,False,,-0.03081419334318422,False,57,0.0,True
22,-0.025843889806063,False,,-0.025843889806063,False,57,0.0,True
23,-0.027910167314999252,False,,-0.027910167314999252,False,57,0.0,True
24,-0.02939936611207717,False,,-0.02939936611207717,False,57,0.0,True
25,-0.019392432303888756,False,,-0.019392432303888756,False,57,0.0,True
26,-0.02237441664034291,False,,-0.02237441664034291,False,57,0.0,True
27,-0.04031527422969937,False,,-0.04031527422969937,False,57,0.0,True
28,-0.03386365699363247,False,,-0.03386365699363247,False,57,0.0,True
29,-0.01652014031431825,False,,-0.01652014031431825,False,57,0.0,True
30,-0.026741063335577103,False,,-0.026741063335577103,False,57,0.0,True
31,-0.011067020110600644,False,,-0.011067020110600644,False,57,0.0,True
32,-0.013688606751677695,False,,-0.013688606751677695,False,57,0.0,True
33,-0.028563273675409517,False,,-0.028563273675409517,False,57,0.0,True
34,-0.018551338321381197,False,,-0.018551338321381197,False,57,0.0,True
35,-0.037556485415003615,False,,-0.037556485415003615,False,57,0.0,True
36,-0.029500632321647513,False,,-0.029500632321647513,False,57,0.0,True
37,-0.024392933733730107,False,,-0.024392933733730107,False,57,0.0,True
38,-0.03401563223775372,False,,-0.03401563223775372,False,57,0.0,True
39,-0.02501756241216816,False,,-0.02501756241216816,False,57,0.0,True
40,-0.024419352317630955,False,,-0.024419352317630955,False,57,0.0,True
41,-0.02166363913883644,False,,-0.02166363913883644,False,57,0.0,True
42,-0.02022773374406756,False,,-0.02022773374406756,False,57,0.0,True
43,-0.03152248896057708,False,,-0.03152248896057708,False,57,0.0,True
44,-0.013127363436475172,False,,-0.013127363436475172,False,57,0.0,True
45,-0.03179056569007237,False,,-0.03179056569007237,False,57,0.0,True
46,-0.024128544094200045,False,,-0.024128544094200045,False,57,0.0,True
47,-0.02607213226332817,False,,-0.02607213226332817,False,57,0.0,True
48,-0.02745368055599743,False,,-0.02745368055599743,False,57,0.0,True
49,-0.017655257951240823,False,,-0.017655257951240823,False,57,0.0,True
50,-0.023321758519056802,False,,-0.023321758519056802,False,57,0.0,True
51,-0.02509911018540301,False,,-0.02509911018540301,False,57,0.0,True
52,-0.02498616662964497,False,,-0.02498616662964497,False,57,0.0,True
53,-0.01738615493022468,False,,-0.01738615493022468,False,57,0.0,True
54,-0.02781477836379636,False,,-0.02781477836379636,False,57,0.0,True
55,-0.022983648043365792,False,,-0.022983648043365792,False,57,0.0,True
56,-0.017210880067616008,False,,-0.017210880067616008,False,57,0.0,True
57,-0.02561249242409716,False,,-0.02561249242409716,False,57,0.0,True
58,-0.02356955156767422,False,,-0.02356955156767422,False,57,0.0,True
59,-0.019726367294230253,False,,-0.019726367294230253,False,57,0.0,True
60,-0.026459838371376602,False,,-0.026459838371376602,False,57,0.0,True
61,-0.028386412093161173,False,,-0.028386412093161173,False,57,0.0,True
62,-0.023845061913000405,False,,-0.023845061913000405,False,57,0.0,True
63,-0.02802168585359071,False,,-0.02802168585359071,False,57,0.0,True
0,-0.04517913535374723,True,,-0.04517913535374723,True,58,0.0,True
1,-0.0452960784539566,False,,-0.0452960784539566,False,58,0.0,True
2,-0.028664886112366793,False,,-0.028664886112366793,False,58,0.0,True
3,-0.01931097583005081,False,,-0.01931097583005081,False,58,0.0,True
4,-0.019863778572019847,False,,-0.019863778572019847,False,58,0.0,True
5,-0.012892092215706193,False,,-0.012892092215706193,False,58,0.0,True
6,-0.023683850178235342,False,,-0.023683850178235342,False,58,0.0,True
7,-0.03580776795729165,False,,-0.03580776795729165,False,58,0.0,True
8,-0.013644382006607631,False,,-0.013644382006607631,False,58,0.0,True
9,-0.01754865290294907,False,,-0.01754865290294907,False,58,0.0,True
10,-0.030557906790539928,False,,-0.030557906790539928,False,58,0.0,True
11,-0.032119015630161715,False,,-0.032119015630161715,False,58,0.0,True
12,-0.005392074118030237,False,,-0.005392074118030237,False,58,0.0,True
13,-0.015122816126066215,False,,-0.015122816126066215,False,58,0.0,True
14,-0.010730270278190861,False,,-0.010730270278190861,False,58,0.0,True
15,-0.030818813346406085,False,,-0.030818813346406085,False,58,0.0,True
16,-0.023328050300506012,False,,-0.023328050300506012,False,58,0.0,True
17,-0.02091890564206332,False,,-0.02091890564206332,False,58,0.0,True
18,-0.013899419561300808,False,,-0.013899419561300808,False,58,0.0,True
19,-0.02747967964902006,False,,-0.02747967964902006,False,58,0.0,True
20,-0.03199154933664808,False,,-0.03199154933664808,False,58,0.0,True
21,-0.01678015072079863,False,,-0.01678015072079863,False,58,0.0,True
22,-0.029388967171803837,False,,-0.029388967171803837,False,58,0.0,True
23,-0.021555655158454118,False,,-0.021555655158454118,False,58,0.0,True
24,-0.016472544025651133,False,,-0.016472544025651133,False,58,0.0,True
25,-0.02069077802953984,False,,-0.02069077802953984,False,58,0.0,True
26,-0.028578310748827274,False,,-0.028578310748827274,False,58,0.0,True
27,-0.024056535733001084,False,,-0.024056535733001084,False,58,0.0,True
28,-0.041383166400677844,False,,-0.041383166400677844,False,58,0.0,True
29,-0.02460156342309134,False,,-0.02460156342309134,False,58,0.0,True
30,-0.03194617187535746,False,,-0.03194617187535746,False,58,0.0,True
31,-0.023005428902574572,False,,-0.023005428902574572,False,58,0.0,True
32,-0.02023141990340627,False,,-0.02023141990340627,False,58,0.0,True
33,-0.021462050050238386,False,,-0.021462050050238386,False,58,0.0,True
34,-0.02915617721393167,False,,-0.02915617721393167,False,58,0.0,True
35,-0.016438505637309947,False,,-0.016438505637309947,False,58,0.0,True
36,-0.03204431719894293,False,,-0.03204431719894293,False,58,0.0,True
37,-0.02689548697278113,False,,-0.02689548697278113,False,58,0.0,True
38,-0.021952508743414596,False,,-0.021952508743414596,False,58,0.0,True
39,-0.01795716057396981,False,,-0.01795716057396981,False,58,0.0,True
40,-0.025229138561502884,False,,-0.025229138561502884,False,58,0.0,True
41,-0.030857195923678457,False,,-0.030857195923678457,False,58,0.0,True
42,-0.01882352303582239,False,,-0.01882352303582239,False,58,0.0,True
43,-0.011151476163660929,False,,-0.011151476163660929,False,58,0.0,True
44,-0.021268752037376673,False,,-0.021268752037376673,False,58,0.0,True
45,-0.026544335129072373,False,,-0.026544335129072373,False,58,0.0,True
46,-0.02452454522210261,False,,-0.02452454522210261,False,58,0.0,True
47,-0.026079817430995574,False,,-0.026079817430995574,False,58,0.0,True
48,-0.023751509788023935,False,,-0.023751509788023935,False,58,0.0,True
49,-0.01682545576536354,False,,-0.01682545576536354,False,58,0.0,True
50,-0.022958037596957012,False,,-0.022958037596957012,False,58,0.0,True
51,-0.019436637212793234,False,,-0.019436637212793234,False,58,0.0,True
52,-0.024271155196756898,False,,-0.024271155196756898,False,58,0.0,True
53,-0.03493740919511389,False,,-0.03493740919511389,False,58,0.0,True
54,-0.02327918920679032,False,,-0.02327918920679032,False,58,0.0,True
55,-0.014945985276917286,False,,-0.014945985276917286,False,58,0.0,True
56,-0.018689279722634754,False,,-0.018689279722634754,False,58,0.0,True
57,-0.022261882888869086,False,,-0.022261882888869086,False,58,0.0,True
58,-0.02790455145977921,False,,-0.02790455145977921,False,58,0.0,True
59,-0.02066175768465821,False,,-0.02066175768465821,False,58,0.0,True
60,-0.037789966197368574,False,,-0.037789966197368574,False,58,0.0,True
61,-0.02792465687564106,False,,-0.02792465687564106,False,58,0.0,True
62,-0.017134973527291562,False,,-0.017134973527291562,False,58,0.0,True
63,-0.03481848454520083,False,,-0.03481848454520083,False,58,0.0,True
0,-0.026879483528362277,True,,-0.026879483528362277,True,59,0.0,True
1,-0.02315285045907692,False,,-0.02315285045907692,False,59,0.0,True
2,0.016170954615053912,False,,0.016170954615053912,False,59,0.0,True
3,-0.003929971948593925,False,,-0.003929971948593925,False,59,0.0,True
4,0.005383699113886694,False,,0.005383699113886694,False,59,0.0,True
5,0.009067228787626891,False,,0.009067228787626891,False,59,0.0,True
6,0.014424719565780657,False,,0.014424719565780657,False,59,0.0,True
7,0.009837591386026587,False,,0.009837591386026587,False,59,0.0,True
8,0.004136414122572437,False,,0.004136414122572437,False,59,0.0,True
9,-0.005162063543546636,False,,-0.005162063543546636,False,59,0.0,True
10,-0.006214582039593405,False,,-0.006214582039593405,False,59,0.0,True
11,-0.0011478390122615855,False,,-0.0011478390122615855,False,59,0.0,True
12,0.02333526870048267,False,,0.02333526870048267,False,59,0.0,True
13,-0.004074588933802618,False,,-0.004074588933802618,False,59,0.0,True
14,0.008300808070708472,False,,0.008300808070708472,False,59,0.0,True
15,0.0008273469473219527,False,,0.0008273469473219527,False,59,0.0,True
16,0.009179993211184248,False,,0.009179993211184248,False,59,0.0,True
17,0.01576130093232677,False,,0.01576130093232677,False,59,0.0,True
18,-0.0013580620230376483,False,,-0.0013580620230376483,False,59,0.0,True
19,0.0024324308512286164,False,,0.0024324308512286164,False,59,0.0,True
20,0.0013843426015687863,False,,0.0013843426015687863,False,59,0.0,True
21,-0.0048421730699837445,False,,-0.0048421730699837445,False,59,0.0,True
22,0.007656725036409787,False,,0.007656725036409787,False,59,0.0,True
23,0.008599544942395667,False,,0.008599544942395667,False,59,0.0,True
24,0.01763035090644427,False,,0.01763035090644427,False,59,0.0,True
25,0.007844029558813685,False,,0.007844029558813685,False,59,0.0,True
26,0.0034361165769125285,False,,0.0034361165769125285,False,59,0.0,True
27,0.019961716904174188,False,,0.019961716904174188,False,59,0.0,True
28,0.0021204312365765993,False,,0.0021204312365765993,False,59,0.0,True
29,-0.0013989219785726023,False,,-0.0013989219785726023,False,59,0.0,True
30,-0.005285985582477383,False,,-0.005285985582477383,False,59,0.0,True
31,-0.002197485041151779,False,,-0.002197485041151779,False,59,0.0,True
32,0.006896698296626628,False,,0.006896698296626628,False,59,0.0,True
33,0.011174550999338527,False,,0.011174550999338527,False,59,0.0,True
34,0.008164441330320035,False,,0.008164441330320035,False,59,0.0,True
35,-0.0009560034754321923,False,,-0.0009560034754321923,False,59,0.0,True
36,-0.004827485585635259,False,,-0.004827485585635259,False,59,0.0,True
37,0.004621484540358508,False,,0.004621484540358508,False,59,0.0,True
38,0.009762185714222615,False,,0.009762185714222615,False,59,0.0,True
39,0.0009097216639675958,False,,0.0009097216639675958,False,59,0.0,True
40,0.003998246446420217,False,,0.003998246446420217,False,59,0.0,True
41,0.007757983808501718,False,,0.007757983808501718,False,59,0.0,True
42,0.011318151726920595,False,,0.011318151726920595,False,59,0.0,True
43,0.017336643579271543,False,,0.017336643579271543,False,59,0.0,True
44,0.003912661373973607,False,,0.003912661373973607,False,59,0.0,True
45,-0.010430787638964493,False,,-0.010430787638964493,False,59,0.0,True
46,0.017681489248594136,False,,0.017681489248594136,False,59,0.0,True
47,0.022074888066223552,False,,0.022074888066223552,False,59,0.0,True
48,0.012602957281401178,False,,0.012602957281401178,False,59,0.0,True
49,0.014626049024759199,False,,0.014626049024759199,False,59,0.0,True
50,-0.011029544548334456,False,,-0.011029544548334456,False,59,0.0,True
51,-0.0044864139346638575,False,,-0.0044864139346638575,False,59,0.0,True
52,0.00922595567590683,False,,0.00922595567590683,False,59,0.0,True
53,0.015142746209772686,False,,0.015142746209772686,False,59,0.0,True
54,-0.0025873370791522805,False,,-0.0025873370791522805,False,59,0.0,True
55,0.010981733945738537,False,,0.010981733945738537,False,59,0.0,True
56,0.010933169168991076,False,,0.010933169168991076,False,59,0.0,True
57,0.015841566331210297,False,,0.015841566331210297,False,59,0.0,True
58,-0.0020407030151202493,False,,-0.0020407030151202493,False,59,0.0,True
59,0.010398663330015892,False,,0.010398663330015892,False,59,0.0,True
60,0.0038232471269567542,False,,0.0038232471269567542,False,59,0.0,True
61,0.018882526529604274,False,,0.018882526529604274,False,59,0.0,True
62,0.014427897477836574,False,,0.014427897477836574,False,59,0.0,True
63,-0.009314994999808954,False,,-0.009314994999808954,False,59,0.0,True
0,-0.039147499432677896,True,,-0.039147499432677896,True,60,0.0,True
1,-0.03651454299463495,False,,-0.03651454299463495,False,60,0.0,True
2,-0.007045560663640916,False,,-0.007045560663640916,False,60,0.0,True
3,-0.0012228909462412701,False,,-0.0012228909462412701,False,60,0.0,True
4,0.006565808269569314,False,,0.006565808269569314,False,60,0.0,True
5,0.00017306774609967927,False,,0.00017306774609967927,False,60,0.0,True
6,-0.000754277583479783,False,,-0.000754277583479783,False,60,0.0,True
7,-0.009509689053980839,False,,-0.009509689053980839,False,60,0.0,True
8,-0.018168400841189366,False,,-0.018168400841189366,False,60,0.0,True
9,0.01748221212731934,False,,0.01748221212731934,False,60,0.0,True
10,-0.0027237870579909524,False,,-0.0027237870579909524,False,60,0.0,True
11,0.014279940093528207,False,,0.014279940093528207,False,60,0.0,True
12,-0.001978109675265736,False,,-0.001978109675265736,False,60,0.0,True
13,0.01325252741788606,False,,0.01325252741788606,False,60,0.0,True
14,-0.006423935978458455,False,,-0.006423935978458455,False,60,0.0,True
15,-0.008943971895174083,False,,-0.008943971895174083,False,60,0.0,True
16,-0.0016648048408551444,False,,-0.0016648048408551444,False,60,0.0,True
17,0.010509520969155514,False,,0.010509520969155514,False,60,0.0,True
18,-0.004047078324616362,False,,-0.004047078324616362,False,60,0.0,True
19,0.013332124796062954,False,,0.013332124796062954,False,60,0.0,True
20,0.004022148213491167,False,,0.004022148213491167,False,60,0.0,True
21,-0.015876252533725318,False,,-0.015876252533725318,False,60,0.0,True
22,0.012007538464085744,False,,0.012007538464085744,False,60,0.0,True
23,0.015458671646986633,False,,0.015458671646986633,False,60,0.0,True
24,-0.002199145120629834,False,,-0.002199145120629834,False,60,0.0,True
25,-0.0035879665864564925,False,,-0.0035879665864564925,False,60,0.0,True
26,0.016733197196008968,False,,0.016733197196008968,False,60,0.0,True
27,0.009152101472471131,False,,0.009152101472471131,False,60,0.0,True
28,-0.006278239804067791,False,,-0.006278239804067791,False,60,0.0,True
29,0.0019992594045491197,False,,0.0019992594045491197,False,60,0.0,True
30,-0.00879015662716074,False,,-0.00879015662716074,False,60,0.0,True
31,0.015458339505502091,False,,0.015458339505502091,False,60,0.0,True
32,-0.008812003882583186,False,,-0.008812003882583186,False,60,0.0,True
33,0.004506485347776483,False,,0.004506485347776483,False,60,0.0,True
34,-0.0029472998695855273,False,,-0.0029472998695855273,False,60,0.0,True
35,-0.011493478573277377,False,,-0.011493478573277377,False,60,0.0,True
36,-0.006418464964401063,False,,-0.006418464964401063,False,60,0.0,True
37,0.0011978297080376989,False,,0.0011978297080376989,False,60,0.0,True
38,0.013304891337442525,False,,0.013304891337442525,False,60,0.0,True
39,0.00026477390347315506,False,,0.00026477390347315506,False,60,0.0,True
40,0.00527761477964982,False,,0.00527761477964982,False,60,0.0,True
41,-0.01489838671353097,False,,-0.01489838671353097,False,60,0.0,True
42,0.007565370675853867,False,,0.007565370675853867,False,60,0.0,True
43,-0.009354418925155322,False,,-0.009354418925155322,False,60,0.0,True
44,-0.0003652723709837184,False,,-0.0003652723709837184,False,60,0.0,True
45,0.001346610253480185,False,,0.001346610253480185,False,60,0.0,True
46,0.0023161260955152693,False,,0.0023161260955152693,False,60,0.0,True
47,-0.002492781147659749,False,,-0.002492781147659749,False,60,0.0,True
48,0.004705918281642683,False,,0.004705918281642683,False,60,0.0,True
49,0.0066582372629810874,False,,0.0066582372629810874,False,60,0.0,True
50,0.011815327248780098,False,,0.011815327248780098,False,60,0.0,True
51,-0.0016536083226225242,False,,-0.0016536083226225242,False,60,0.0,True
52,-0.00999012736752062,False,,-0.00999012736752062,False,60,0.0,True
53,0.0005660713949710997,False,,0.0005660713949710997,False,60,0.0,True
54,0.0015638481110971363,False,,0.0015638481110971363,False,60,0.0,True
55,0.006717908633140108,False,,0.006717908633140108,False,60,0.0,True
56,0.010296996321426824,False,,0.010296996321426824,False,60,0.0,True
57,0.011785068123944245,False,,0.011785068123944245,False,60,0.0,True
58,0.010692235930456442,False,,0.010692235930456442,False,60,0.0,True
59,-0.004200146588165584,False,,-0.004200146588165584,False,60,0.0,True
60,0.011584959476583112,False,,0.011584959476583112,False,60,0.0,True
61,0.00494649422187129,False,,0.00494649422187129,False,60,0.0,True
62,-0.00992440806603704,False,,-0.00992440806603704,False,60,0.0,True
63,0.0013858250626289882,False,,0.0013858250626289882,False,60,0.0,True
0,-0.03311843179845826,True,,-0.03311843179845826,True,61,0.0,True
1,-0.02656284418725438,False,,-0.02656284418725438,False,61,0.0,True
2,0.006715445279268742,False,,0.006715445279268742,False,61,0.0,True
3,-0.008530090524317037,False,,-0.008530090524317037,False,61,0.0,True
4,-0.004151308280448373,False,,-0.004151308280448373,False,61,0.0,True
5,-0.00727482658811442,False,,-0.00727482658811442,False,61,0.0,True
6,0.005377882825096865,False,,0.005377882825096865,False,61,0.0,True
7,0.0004970207549872315,False,,0.0004970207549872315,False,61,0.0,True
8,-0.01036153529045208,False,,-0.01036153529045208,False,61,0.0,True
9,-0.006320630719051892,False,,-0.006320630719051892,False,61,0.0,True
10,-0.012515271490441154,False,,-0.012515271490441154,False,61,0.0,True
11,-0.009180954684855525,False,,-0.009180954684855525,False,61,0.0,True
12,-0.002339563565586498,False,,-0.002339563565586498,False,61,0.0,True
13,-0.0032774142258030752,False,,-0.0032774142258030752,False,61,0.0,True
14,-0.0017886997634271196,False,,-0.0017886997634271196,False,61,0.0,True
15,-0.00804272152283396,False,,-0.00804272152283396,False,61,0.0,True
16,-0.0032972745854175055,False,,-0.0032972745854175055,False,61,0.0,True
17,-0.008982606095592833,False,,-0.008982606095592833,False,61,0.0,True
18,-0.0005225920737315475,False,,-0.0005225920737315475,False,61,0.0,True
19,-0.008598801761327433,False,,-0.008598801761327433,False,61,0.0,True
20,-0.018873171600583008,False,,-0.018873171600583008,False,61,0.0,True
21,-0.0024014542344916877,False,,-0.0024014542344916877,False,61,0.0,True
22,-0.013352973436253846,False,,-0.013352973436253846,False,61,0.0,True
23,-0.015026966148687534,False,,-0.015026966148687534,False,61,0.0,True
24,-0.008979482373081202,False,,-0.008979482373081202,False,61,0.0,True
25,-0.001921969116408441,False,,-0.001921969116408441,False,61,0.0,True
26,-0.009860429911258729,False,,-0.009860429911258729,False,61,0.0,True
27,-0.001886396909728924,False,,-0.001886396909728924,False,61,0.0,True
28,-0.0056418853184927,False,,-0.0056418853184927,False,61,0.0,True
29,-0.001634660874253234,False,,-0.001634660874253234,False,61,0.0,True
30,-0.0012386825191313244,False,,-0.0012386825191313244,False,61,0.0,True
31,-0.0035330125308214782,False,,-0.0035330125308214782,False,61,0.0,True
32,-0.012971686987795187,False,,-0.012971686987795187,False,61,0.0,True
33,-0.004561560426296934,False,,-0.004561560426296934,False,61,0.0,True
34,-0.005816801007104493,False,,-0.005816801007104493,False,61,0.0,True
35,-0.004803905367395427,False,,-0.004803905367395427,False,61,0.0,True
36,-0.006560535696094523,False,,-0.006560535696094523,False,61,0.0,True
37,-0.0011969060963338395,False,,-0.0011969060963338395,False,61,0.0,True
38,-8.417922087924044e-05,False,,-8.417922087924044e-05,False,61,0.0,True
39,-0.00466832287151327,False,,-0.00466832287151327,False,61,0.0,True
40,-0.022071387339919583,False,,-0.022071387339919583,False,61,0.0,True
41,-0.0018078051120650153,False,,-0.0018078051120650153,False,61,0.0,True
42,-0.008516366396757947,False,,-0.008516366396757947,False,61,0.0,True
43,0.007427486328814263,False,,0.007427486328814263,False,61,0.0,True
44,-0.0009727621065837473,False,,-0.0009727621065837473,False,61,0.0,True
45,-0.002241731841664051,False,,-0.002241731841664051,False,61,0.0,True
46,0.0012878632143665265,False,,0.0012878632143665265,False,61,0.0,True
47,-0.0035895082130953486,False,,-0.0035895082130953486,False,61,0.0,True
48,0.0005166750300604836,False,,0.0005166750300604836,False,61,0.0,True
49,-0.00947141290603222,False,,-0.00947141290603222,False,61,0.0,True
50,0.003708266722843072,False,,0.003708266722843072,False,61,0.0,True
51,-0.009174599792717507,False,,-0.009174599792717507,False,61,0.0,True
52,-0.002011349619330225,False,,-0.002011349619330225,False,61,0.0,True
53,0.004408814978206187,False,,0.004408814978206187,False,61,0.0,True
54,-0.004761637911977135,False,,-0.004761637911977135,False,61,0.0,True
55,-0.002901883793875069,False,,-0.002901883793875069,False,61,0.0,True
56,-0.000893888081915113,False,,-0.000893888081915113,False,61,0.0,True
57,-0.005221394946455321,False,,-0.005221394946455321,False,61,0.0,True
58,-0.005731911167890196,False,,-0.005731911167890196,False,61,0.0,True
59,-0.001330614681770475,False,,-0.001330614681770475,False,61,0.0,True
60,-0.00208123996662647,False,,-0.00208123996662647,False,61,0.0,True
61,-0.0017152077642978514,False,,-0.0017152077642978514,False,61,0.0,True
62,-0.0039365836713830754,False,,-0.0039365836713830754,False,61,0.0,True
63,-0.0040551625085327855,False,,-0.0040551625085327855,False,61,0.0,True
0,-0.0463659731313319,True,,-0.0463659731313319,True,62,0.0,True
1,-0.029555686321603658,False,,-0.029555686321603658,False,62,0.0,True
2,-0.001191723418981232,False,,-0.001191723418981232,False,62,0.0,True
3,-0.0005482750245387109,False,,-0.0005482750245387109,False,62,0.0,True
4,0.0029903328747537834,False,,0.0029903328747537834,False,62,0.0,True
5,-0.008236797004454762,False,,-0.008236797004454762,False,62,0.0,True
6,0.0016152581433910673,False,,0.0016152581433910673,False,62,0.0,True
7,-0.0009177319402541278,False,,-0.0009177319402541278,False,62,0.0,True
8,0.001557203831509377,False,,0.001557203831509377,False,62,0.0,True
9,-0.009179260640966903,False,,-0.009179260640966903,False,62,0.0,True
10,0.0030282659533157827,False,,0.0030282659533157827,False,62,0.0,True
11,0.004232363090700257,False,,0.004232363090700257,False,62,0.0,True
12,0.0016860857118450676,False,,0.0016860857118450676,False,62,0.0,True
13,-0.006014751360563758,False,,-0.006014751360563758,False,62,0.0,True
14,0.01065401780363799,False,,0.01065401780363799,False,62,0.0,True
15,0.009315934739280819,False,,0.009315934739280819,False,62,0.0,True
16,0.001543138689580309,False,,0.001543138689580309,False,62,0.0,True
17,0.003317129323797306,False,,0.003317129323797306,False,62,0.0,True
18,-0.005118849176260255,False,,-0.005118849176260255,False,62,0.0,True
19,-0.011341185248212936,False,,-0.011341185248212936,False,62,0.0,True
20,-0.0013514269010033008,False,,-0.0013514269010033008,False,62,0.0,True
21,-0.010155639136333905,False,,-0.010155639136333905,False,62,0.0,True
22,0.007894466063732532,False,,0.007894466063732532,False,62,0.0,True
23,-0.0008383117309031592,False,,-0.0008383117309031592,False,62,0.0,True
24,0.0021080695637092223,False,,0.0021080695637092223,False,62,0.0,True
25,-0.0008462681838129656,False,,-0.0008462681838129656,False,62,0.0,True
26,-0.005418602927989453,False,,-0.005418602927989453,False,62,0.0,True
27,0.0019277322094567034,False,,0.0019277322094567034,False,62,0.0,True
28,0.0039593261486421515,False,,0.0039593261486421515,False,62,0.0,True
29,0.0058021869507342136,False,,0.0058021869507342136,False,62,0.0,True
30,-0.005419324614866346,False,,-0.005419324614866346,False,62,0.0,True
31,-0.008052711483792269,False,,-0.008052711483792269,False,62,0.0,True
32,-0.01500421462434726,False,,-0.01500421462434726,False,62,0.0,True
33,0.0006218584281178002,False,,0.0006218584281178002,False,62,0.0,True
34,0.004969218174939342,False,,0.004969218174939342,False,62,0.0,True
35,0.006699211873163588,False,,0.006699211873163588,False,62,0.0,True
36,0.00813330701564046,False,,0.00813330701564046,False,62,0.0,True
37,0.0028274902417553976,False,,0.0028274902417553976,False,62,0.0,True
38,-0.000939961074126458,False,,-0.000939961074126458,False,62,0.0,True
39,0.0007367790411416941,False,,0.0007367790411416941,False,62,0.0,True
40,-0.0021696548185928654,False,,-0.0021696548185928654,False,62,0.0,True
41,-0.006170917905695806,False,,-0.006170917905695806,False,62,0.0,True
42,0.0017113427997534,False,,0.0017113427997534,False,62,0.0,True
43,0.0028640119009664972,False,,0.0028640119009664972,False,62,0.0,True
44,-0.009273355962762977,False,,-0.009273355962762977,False,62,0.0,True
45,0.004646966248211133,False,,0.004646966248211133,False,62,0.0,True
46,-0.012458989406743733,False,,-0.012458989406743733,False,62,0.0,True
47,-0.0044317198643323286,False,,-0.0044317198643323286,False,62,0.0,True
48,0.00261353325491874,False,,0.00261353325491874,False,62,0.0,True
49,0.005335667352471192,False,,0.005335667352471192,False,62,0.0,True
50,-0.008871518505330904,False,,-0.008871518505330904,False,62,0.0,True
51,0.008178076918846748,False,,0.008178076918846748,False,62,0.0,True
52,0.0009284179970175492,False,,0.0009284179970175492,False,62,0.0,True
53,-0.003548950836595923,False,,-0.003548950836595923,False,62,0.0,True
54,0.014949630291237772,False,,0.014949630291237772,False,62,0.0,True
55,-0.01050800596354961,False,,-0.01050800596354961,False,62,0.0,True
56,0.002968761890008099,False,,0.002968761890008099,False,62,0.0,True
57,0.008342519940217088,False,,0.008342519940217088,False,62,0.0,True
58,0.011793471189754596,False,,0.011793471189754596,False,62,0.0,True
59,0.003012803003744992,False,,0.003012803003744992,False,62,0.0,True
60,0.002567931413353558,False,,0.002567931413353558,False,62,0.0,True
61,-0.003065791769387656,False,,-0.003065791769387656,False,62,0.0,True
62,-0.0076904871545537545,False,,-0.0076904871545537545,False,62,0.0,True
63,0.009452083626629307,False,,0.009452083626629307,False,62,0.0,True
0,-0.04371378533440433,True,,-0.04371378533440433,True,63,0.0,True
1,-0.04057394096454643,False,,-0.04057394096454643,False,63,0.0,True
2,0.008060181409438573,False,,0.008060181409438573,False,63,0.0,True
3,0.011797904570579814,False,,0.011797904570579814,False,63,0.0,True
4,-0.0014362894521793845,False,,-0.0014362894521793845,False,63,0.0,True
5,-0.007092468094402251,False,,-0.007092468094402251,False,63,0.0,True
6,-0.0016306442133060548,False,,-0.0016306442133060548,False,63,0.0,True
7,0.008464070611134947,False,,0.008464070611134947,False,63,0.0,True
8,0.0022813151543595866,False,,0.0022813151543595866,False,63,0.0,True
9,-0.003823465508646853,False,,-0.003823465508646853,False,63,0.0,True
10,-0.004036586016130945,False,,-0.004036586016130945,False,63,0.0,True
11,0.005192957269575331,False,,0.005192957269575331,False,63,0.0,True
12,-0.0037234634835873236,False,,-0.0037234634835873236,False,63,0.0,True
13,0.0015531278308049245,False,,0.0015531278308049245,False,63,0.0,True
14,-0.0037174819645284466,False,,-0.0037174819645284466,False,63,0.0,True
15,0.014487959829854624,False,,0.014487959829854624,False,63,0.0,True
16,0.0015412210692127542,False,,0.0015412210692127542,False,63,0.0,True
17,-0.0025839622204808007,False,,-0.0025839622204808007,False,63,0.0,True
18,-0.0028380500122780015,False,,-0.0028380500122780015,False,63,0.0,True
19,0.002478253355346884,False,,0.002478253355346884,False,63,0.0,True
20,-0.0008567376099426083,False,,-0.0008567376099426083,False,63,0.0,True
21,-0.00920126301034337,False,,-0.00920126301034337,False,63,0.0,True
22,0.004655746046713004,False,,0.004655746046713004,False,63,0.0,True
23,0.0013667199143175563,False,,0.0013667199143175563,False,63,0.0,True
24,0.002919643567314177,False,,0.002919643567314177,False,63,0.0,True
25,-0.007884954200572291,False,,-0.007884954200572291,False,63,0.0,True
26,-0.006893373024790979,False,,-0.006893373024790979,False,63,0.0,True
27,-0.0029244109886985246,False,,-0.0029244109886985246,False,63,0.0,True
28,0.0016994613599252174,False,,0.0016994613599252174,False,63,0.0,True
29,-0.004043512465323093,False,,-0.004043512465323093,False,63,0.0,True
30,-0.0002808346062548057,False,,-0.0002808346062548057,False,63,0.0,True
31,0.0014645083835944156,False,,0.0014645083835944156,False,63,0.0,True
32,0.0024662121062657,False,,0.0024662121062657,False,63,0.0,True
33,-0.009707717994003313,False,,-0.009707717994003313,False,63,0.0,True
34,-0.0032213807294020173,False,,-0.0032213807294020173,False,63,0.0,True
35,-0.005199176330143276,False,,-0.005199176330143276,False,63,0.0,True
36,-0.0028568150101281,False,,-0.0028568150101281,False,63,0.0,True
37,-0.000675742474919549,False,,-0.000675742474919549,False,63,0.0,True
38,0.006295381248054174,False,,0.006295381248054174,False,63,0.0,True
39,0.005246455311647915,False,,0.005246455311647915,False,63,0.0,True
40,0.00075345704683831,False,,0.00075345704683831,False,63,0.0,True
41,0.0008798862972070626,False,,0.0008798862972070626,False,63,0.0,True
42,-0.0009494233013105161,False,,-0.0009494233013105161,False,63,0.0,True
43,-0.0034074724853985616,False,,-0.0034074724853985616,False,63,0.0,True
44,0.005691872797338621,False,,0.005691872797338621,False,63,0.0,True
45,0.004140293398696615,False,,0.004140293398696615,False,63,0.0,True
46,0.0007174379607075461,False,,0.0007174379607075461,False,63,0.0,True
47,0.0040227447833491685,False,,0.0040227447833491685,False,63,0.0,True
48,-0.014667248959503203,False,,-0.014667248959503203,False,63,0.0,True
49,-0.0005340814516090354,False,,-0.0005340814516090354,False,63,0.0,True
50,0.003957080181660839,False,,0.003957080181660839,False,63,0.0,True
51,-0.01016594397947836,False,,-0.01016594397947836,False,63,0.0,True
52,0.009105717243143997,False,,0.009105717243143997,False,63,0.0,True
53,0.0013758281346383195,False,,0.0013758281346383195,False,63,0.0,True
54,-0.0028460964844863306,False,,-0.0028460964844863306,False,63,0.0,True
55,0.00019293130176036098,False,,0.00019293130176036098,False,63,0.0,True
56,0.004555785056280983,False,,0.004555785056280983,False,63,0.0,True
57,-0.009548551816822237,False,,-0.009548551816822237,False,63,0.0,True
58,0.0034241985689014327,False,,0.0034241985689014327,False,63,0.0,True
59,-0.0027041440931736462,False,,-0.0027041440931736462,False,63,0.0,True
60,-0.0020038922758746063,False,,-0.0020038922758746063,False,63,0.0,True
61,0.004646608668323433,False,,0.004646608668323433,False,63,0.0,True
62,0.005451239540382806,False,,0.005451239540382806,False,63,0.0,True
63,-0.0028266422280666965,False,,-0.0028266422280666965,False,63,0.0,True
0,-0.04875004800782719,True,,-0.04875004800782719,True,64,0.0,True
1,-0.0409588965795568,False,,-0.0409588965795568,False,64,0.0,True
2,-0.009423759166409792,False,,-0.009423759166409792,False,64,0.0,True
3,-0.016062699299789457,False,,-0.016062699299789457,False,64,0.0,True
4,-0.021269469868561614,False,,-0.021269469868561614,False,64,0.0,True
5,-0.02462244306409282,False,,-0.02462244306409282,False,64,0.0,True
6,-0.0170891521018991,False,,-0.0170891521018991,False,64,0.0,True
7,-0.013003891217911786,False,,-0.013003891217911786,False,64,0.0,True
8,-0.020702649191056154,False,,-0.020702649191056154,False,64,0.0,True
9,-0.01506903802950008,False,,-0.01506903802950008,False,64,0.0,True
10,-0.010954558220065518,False,,-0.010954558220065518,False,64,0.0,True
11,-0.010335649356460822,False,,-0.010335649356460822,False,64,0.0,True
12,-0.01596832488379896,False,,-0.01596832488379896,False,64,0.0,True
13,-0.03128632958808247,False,,-0.03128632958808247,False,64,0.0,True
14,-0.011420086406939381,False,,-0.011420086406939381,False,64,0.0,True
15,-0.009619083021783017,False,,-0.009619083021783017,False,64,0.0,True
16,-0.0192664536417324,False,,-0.0192664536417324,False,64,0.0,True
17,-0.015360380243331858,False,,-0.015360380243331858,False,64,0.0,True
18,-0.011441371398071276,False,,-0.011441371398071276,False,64,0.0,True
19,-0.014288498117312238,False,,-0.014288498117312238,False,64,0.0,True
20,-0.008751911062633795,False,,-0.008751911062633795,False,64,0.0,True
21,-0.017598668113208357,False,,-0.017598668113208357,False,64,0.0,True
22,-0.009664506684566171,False,,-0.009664506684566171,False,64,0.0,True
23,-0.016850683968299425,False,,-0.016850683968299425,False,64,0.0,True
24,-0.01697709077573304,False,,-0.01697709077573304,False,64,0.0,True
25,-0.018243005980544888,False,,-0.018243005980544888,False,64,0.0,True
26,-0.010843681215197345,False,,-0.010843681215197345,False,64,0.0,True
27,-0.018709836528906898,False,,-0.018709836528906898,False,64,0.0,True
28,-0.014428063433340384,False,,-0.014428063433340384,False,64,0.0,True
29,-0.0057430672843185124,False,,-0.0057430672843185124,False,64,0.0,True
30,-0.007293376551088193,False,,-0.007293376551088193,False,64,0.0,True
31,-0.011897510651760236,False,,-0.011897510651760236,False,64,0.0,True
32,-0.020506072484980164,False,,-0.020506072484980164,False,64,0.0,True
33,-0.012883067253327541,False,,-0.012883067253327541,False,64,0.0,True
34,-0.009881415756513356,False,,-0.009881415756513356,False,64,0.0,True
35,-0.01710086148836087,False,,-0.01710086148836087,False,64,0.0,True
36,-0.021302707008980938,False,,-0.021302707008980938,False,64,0.0,True
37,-0.003865333885697894,False,,-0.003865333885697894,False,64,0.0,True
38,-0.010556645401063249,False,,-0.010556645401063249,False,64,0.0,True
39,-0.007512711727301321,False,,-0.007512711727301321,False,64,0.0,True
40,-0.00520067846787051,False,,-0.00520067846787051,False,64,0.0,True
41,-0.01206348244382326,False,,-0.01206348244382326,False,64,0.0,True
42,-0.0019683586299754654,False,,-0.0019683586299754654,False,64,0.0,True
43,-0.02263034254659197,False,,-0.02263034254659197,False,64,0.0,True
44,-0.005157064379721068,False,,-0.005157064379721068,False,64,0.0,True
45,-0.0004069709480987137,False,,-0.0004069709480987137,False,64,0.0,True
46,-0.00927009445182116,False,,-0.00927009445182116,False,64,0.0,True
47,-0.004772423447748709,False,,-0.004772423447748709,False,64,0.0,True
48,-0.024999565131335347,False,,-0.024999565131335347,False,64,0.0,True
49,-0.020769745659570526,False,,-0.020769745659570526,False,64,0.0,True
50,-0.007072410493409752,False,,-0.007072410493409752,False,64,0.0,True
51,-0.012206653364905076,False,,-0.012206653364905076,False,64,0.0,True
52,-0.015621254931725146,False,,-0.015621254931725146,False,64,0.0,True
53,-0.004194031005237346,False,,-0.004194031005237346,False,64,0.0,True
54,-0.010894658391964804,False,,-0.010894658391964804,False,64,0.0,True
55,-0.013991108988434243,False,,-0.013991108988434243,False,64,0.0,True
56,-0.01581205329413881,False,,-0.01581205329413881,False,64,0.0,True
57,-0.010998386630436813,False,,-0.010998386630436813,False,64,0.0,True
58,-0.004038574912490808,False,,-0.004038574912490808,False,64,0.0,True
59,-0.016917017798576676,False,,-0.016917017798576676,False,64,0.0,True
60,-0.014929311260827326,False,,-0.014929311260827326,False,64,0.0,True
61,-0.023522490987381045,False,,-0.023522490987381045,False,64,0.0,True
62,-0.007095671518768344,False,,-0.007095671518768344,False,64,0.0,True
63,-0.012148682706789805,False,,-0.012148682706789805,False,64,0.0,True
0,-0.02793447104137785,True,,-0.02793447104137785,True,65,0.0,True
1,-0.036749795187034584,False,,-0.036749795187034584,False,65,0.0,True
2,-0.006335738586436306,False,,-0.006335738586436306,False,65,0.0,True
3,-0.0074714497888315815,False,,-0.0074714497888315815,False,65,0.0,True
4,-0.005847774285987244,False,,-0.005847774285987244,False,65,0.0,True
5,-0.005562708956498205,False,,-0.005562708956498205,False,65,0.0,True
6,-0.011747222730480131,False,,-0.011747222730480131,False,65,0.0,True
7,-0.004282628703536213,False,,-0.004282628703536213,False,65,0.0,True
8,-0.009585120554673952,False,,-0.009585120554673952,False,65,0.0,True
9,-0.004029707036584597,False,,-0.004029707036584597,False,65,0.0,True
10,-0.004217360766057516,False,,-0.004217360766057516,False,65,0.0,True
11,-0.011294007797514806,False,,-0.011294007797514806,False,65,0.0,True
12,-0.0011534540952389469,False,,-0.0011534540952389469,False,65,0.0,True
13,-0.009940697204952158,False,,-0.009940697204952158,False,65,0.0,True
14,-0.004674830928311283,False,,-0.004674830928311283,False,65,0.0,True
15,-0.010857369203807525,False,,-0.010857369203807525,False,65,0.0,True
16,-0.004911064604545049,False,,-0.004911064604545049,False,65,0.0,True
17,-0.007004467570496583,False,,-0.007004467570496583,False,65,0.0,True
18,-0.0026545688294475622,False,,-0.0026545688294475622,False,65,0.0,True
19,-0.011342936743862598,False,,-0.011342936743862598,False,65,0.0,True
20,-0.003505958731711955,False,,-0.003505958731711955,False,65,0.0,True
21,-0.007001882015264364,False,,-0.007001882015264364,False,65,0.0,True
22,-0.010020227703659425,False,,-0.010020227703659425,False,65,0.0,True
23,-0.0008062824351230957,False,,-0.0008062824351230957,False,65,0.0,True
24,-0.019388525832445526,False,,-0.019388525832445526,False,65,0.0,True
25,-0.015372094928846808,False,,-0.015372094928846808,False,65,0.0,True
26,-0.0060851599120298715,False,,-0.0060851599120298715,False,65,0.0,True
27,-0.005427711238544516,False,,-0.005427711238544516,False,65,0.0,True
28,-0.009929752914497922,False,,-0.009929752914497922,False,65,0.0,True
29,-0.00870538635538869,False,,-0.00870538635538869,False,65,0.0,True
30,-0.012567932841848851,False,,-0.012567932841848851,False,65,0.0,True
31,-0.004092019640668633,False,,-0.004092019640668633,False,65,0.0,True
32,-0.013999712084744514,False,,-0.013999712084744514,False,65,0.0,True
33,-0.009870239909524674,False,,-0.009870239909524674,False,65,0.0,True
34,-0.00686253524283182,False,,-0.00686253524283182,False,65,0.0,True
35,-0.013385773152245458,False,,-0.013385773152245458,False,65,0.0,True
36,-0.006859293252361582,False,,-0.006859293252361582,False,65,0.0,True
37,-0.0010305649486125716,False,,-0.0010305649486125716,False,65,0.0,True
38,-0.007306169916934767,False,,-0.007306169916934767,False,65,0.0,True
39,-0.014688988214378192,False,,-0.014688988214378192,False,65,0.0,True
40,-0.01093787068229516,False,,-0.01093787068229516,False,65,0.0,True
41,-0.017229661792692093,False,,-0.017229661792692093,False,65,0.0,True
42,-0.008186671295538517,False,,-0.008186671295538517,False,65,0.0,True
43,-0.005758135431049858,False,,-0.005758135431049858,False,65,0.0,True
44,-0.006809450075624134,False,,-0.006809450075624134,False,65,0.0,True
45,-0.012361867675853164,False,,-0.012361867675853164,False,65,0.0,True
46,-0.004537515358357813,False,,-0.004537515358357813,False,65,0.0,True
47,-0.01500402742234371,False,,-0.01500402742234371,False,65,0.0,True
48,-0.01034950616146708,False,,-0.01034950616146708,False,65,0.0,True
49,-0.013314102663500485,False,,-0.013314102663500485,False,65,0.0,True
50,-0.007566366053129842,False,,-0.007566366053129842,False,65,0.0,True
51,-0.012904384786766428,False,,-0.012904384786766428,False,65,0.0,True
52,-0.011480715319890734,False,,-0.011480715319890734,False,65,0.0,True
53,-0.006643077082906415,False,,-0.006643077082906415,False,65,0.0,True
54,-0.01140118103859737,False,,-0.01140118103859737,False,65,0.0,True
55,-0.014257391754323733,False,,-0.014257391754323733,False,65,0.0,True
56,-0.00860970810459685,False,,-0.00860970810459685,False,65,0.0,True
57,-0.000703764154103094,False,,-0.000703764154103094,False,65,0.0,True
58,-0.007934368284018532,False,,-0.007934368284018532,False,65,0.0,True
59,-0.009524438295660421,False,,-0.009524438295660421,False,65,0.0,True
60,-0.010003713522473805,False,,-0.010003713522473805,False,65,0.0,True
61,-0.009798800110650905,False,,-0.009798800110650905,False,65,0.0,True
62,-0.01496846061298386,False,,-0.01496846061298386,False,65,0.0,True
63,-0.004474778591022691,False,,-0.004474778591022691,False,65,0.0,True
0,-0.002636396682254986,True,,-0.002636396682254986,True,66,0.0,True
1,0.0025290713044447207,False,,0.0025290713044447207,False,66,0.0,True
2,0.009789655426544957,False,,0.009789655426544957,False,66,0.0,True
3,0.005056447036756298,False,,0.005056447036756298,False,66,0.0,True
4,0.01020818189391215,False,,0.01020818189391215,False,66,0.0,True
5,0.015194601460755002,False,,0.015194601460755002,False,66,0.0,True
6,0.006432389792242795,False,,0.006432389792242795,False,66,0.0,True
7,0.007647625652223183,False,,0.007647625652223183,False,66,0.0,True
8,0.012669804385920046,False,,0.012669804385920046,False,66,0.0,True
9,0.009964440282470916,False,,0.009964440282470916,False,66,0.0,True
10,0.010460786449742984,False,,0.010460786449742984,False,66,0.0,True
11,0.007626115113944234,False,,0.007626115113944234,False,66,0.0,True
12,0.013593920152074907,False,,0.013593920152074907,False,66,0.0,True
13,0.003987363285151295,False,,0.003987363285151295,False,66,0.0,True
14,0.00596388440294685,False,,0.00596388440294685,False,66,0.0,True
15,0.008173385744624576,False,,0.008173385744624576,False,66,0.0,True
16,0.008843670512241539,False,,0.008843670512241539,False,66,0.0,True
17,0.009383984544112173,False,,0.009383984544112173,False,66,0.0,True
18,0.005576076549829271,False,,0.005576076549829271,False,66,0.0,True
19,0.011834057698294712,False,,0.011834057698294712,False,66,0.0,True
20,0.008043174667004221,False,,0.008043174667004221,False,66,0.0,True
21,0.01579415679373291,False,,0.01579415679373291,False,66,0.0,True
22,0.009329219704351991,False,,0.009329219704351991,False,66,0.0,True
23,0.012673796829130338,False,,0.012673796829130338,False,66,0.0,True
24,0.009841310213397556,False,,0.009841310213397556,False,66,0.0,True
25,0.012325987130310499,False,,0.012325987130310499,False,66,0.0,True
26,0.0005327379069437572,False,,0.0005327379069437572,False,66,0.0,True
27,0.008704147754168532,False,,0.008704147754168532,False,66,0.0,True
28,0.014258985010722154,False,,0.014258985010722154,False,66,0.0,True
29,0.0144271705795602,False,,0.0144271705795602,False,66,0.0,True
30,0.012949321461390873,False,,0.012949321461390873,False,66,0.0,True
31,0.009495790701292035,False,,0.009495790701292035,False,66,0.0,True
32,0.01052586768159725,False,,0.01052586768159725,False,66,0.0,True
33,0.006488200816367632,False,,0.006488200816367632,False,66,0.0,True
34,0.014012161714035628,False,,0.014012161714035628,False,66,0.0,True
35,0.0098163822935232,False,,0.0098163822935232,False,66,0.0,True
36,0.008127032122447392,False,,0.008127032122447392,False,66,0.0,True
37,0.010321849589385094,False,,0.010321849589385094,False,66,0.0,True
38,0.007241760992166677,False,,0.007241760992166677,False,66,0.0,True
39,0.011053942269582683,False,,0.011053942269582683,False,66,0.0,True
40,0.009829883475107295,False,,0.009829883475107295,False,66,0.0,True
41,0.011956356704782262,False,,0.011956356704782262,False,66,0.0,True
42,0.007451879232642131,False,,0.007451879232642131,False,66,0.0,True
43,0.00970852291610752,False,,0.00970852291610752,False,66,0.0,True
44,0.015425719851438008,False,,0.015425719851438008,False,66,0.0,True
45,0.005903722108975317,False,,0.005903722108975317,False,66,0.0,True
46,0.012260224003866319,False,,0.012260224003866319,False,66,0.0,True
47,0.007568022702016702,False,,0.007568022702016702,False,66,0.0,True
48,0.00900726836193026,False,,0.00900726836193026,False,66,0.0,True
49,0.004095653119686396,False,,0.004095653119686396,False,66,0.0,True
50,0.00691984649808251,False,,0.00691984649808251,False,66,0.0,True
51,0.012147048460121872,False,,0.012147048460121872,False,66,0.0,True
52,0.00935153875297555,False,,0.00935153875297555,False,66,0.0,True
53,0.012091852182549335,False,,0.012091852182549335,False,66,0.0,True
54,0.012365404598636753,False,,0.012365404598636753,False,66,0.0,True
55,0.015878967201336285,False,,0.015878967201336285,False,66,0.0,True
56,0.008843003553295637,False,,0.008843003553295637,False,66,0.0,True
57,0.011957168508736982,False,,0.011957168508736982,False,66,0.0,True
58,0.0048823112604235224,False,,0.0048823112604235224,False,66,0.0,True
59,0.011544358865446601,False,,0.011544358865446601,False,66,0.0,True
60,0.013446563054468657,False,,0.013446563054468657,False,66,0.0,True
61,0.011263685384983149,False,,0.011263685384983149,False,66,0.0,True
62,0.015284712191427925,False,,0.015284712191427925,False,66,0.0,True
63,0.007732213482983034,False,,0.007732213482983034,False,66,0.0,True
0,-0.004232344503452081,True,,-0.004232344503452081,True,67,0.0,True
1,-0.009586179658994411,False,,-0.009586179658994411,False,67,0.0,True
2,0.011310599082555042,False,,0.011310599082555042,False,67,0.0,True
3,-0.0031923781445550095,False,,-0.0031923781445550095,False,67,0.0,True
4,0.006474546451682408,False,,0.006474546451682408,False,67,0.0,True
5,-0.00043554992362123887,False,,-0.00043554992362123887,False,67,0.0,True
6,0.00566817340211919,False,,0.00566817340211919,False,67,0.0,True
7,0.006353260635487457,False,,0.006353260635487457,False,67,0.0,True
8,0.010694733177720711,False,,0.010694733177720711,False,67,0.0,True
9,0.0049734191779080075,False,,0.0049734191779080075,False,67,0.0,True
10,0.006634380248007932,False,,0.006634380248007932,False,67,0.0,True
11,0.00961242296191405,False,,0.00961242296191405,False,67,0.0,True
12,0.0025310829040880965,False,,0.0025310829040880965,False,67,0.0,True
13,0.009328987923539938,False,,0.009328987923539938,False,67,0.0,True
14,0.0030372581611635106,False,,0.0030372581611635106,False,67,0.0,True
15,-0.002946733523227406,False,,-0.002946733523227406,False,67,0.0,True
16,0.007774626450314459,False,,0.007774626450314459,False,67,0.0,True
17,0.006387012956688368,False,,0.006387012956688368,False,67,0.0,True
18,0.001005469351229268,False,,0.001005469351229268,False,67,0.0,True
19,0.005475343703955044,False,,0.005475343703955044,False,67,0.0,True
20,0.007893081818556892,False,,0.007893081818556892,False,67,0.0,True
21,0.009040351554255237,False,,0.009040351554255237,False,67,0.0,True
22,0.0004197790371848094,False,,0.0004197790371848094,False,67,0.0,True
23,-0.002962521346933023,False,,-0.002962521346933023,False,67,0.0,True
24,0.0026759567329867895,False,,0.0026759567329867895,False,67,0.0,True
25,0.006183223484228149,False,,0.006183223484228149,False,67,0.0,True
26,0.0075297378673385516,False,,0.0075297378673385516,False,67,0.0,True
27,0.0029730720491683363,False,,0.0029730720491683363,False,67,0.0,True
28,0.006071755001624003,False,,0.006071755001624003,False,67,0.0,True
29,0.009626977609946916,False,,0.009626977609946916,False,67,0.0,True
30,0.010393689174226091,False,,0.010393689174226091,False,67,0.0,True
31,-0.0012430144025379567,False,,-0.0012430144025379567,False,67,0.0,True
32,-0.002221784043777996,False,,-0.002221784043777996,False,67,0.0,True
33,0.00817438569480209,False,,0.00817438569480209,False,67,0.0,True
34,0.011016410072355508,False,,0.011016410072355508,False,67,0.0,True
35,0.008254523289232641,False,,0.008254523289232641,False,67,0.0,True
36,0.009431266408803079,False,,0.009431266408803079,False,67,0.0,True
37,0.001963347009014259,False,,0.001963347009014259,False,67,0.0,True
38,0.0011513112673921973,False,,0.0011513112673921973,False,67,0.0,True
39,0.006632362466091807,False,,0.006632362466091807,False,67,0.0,True
40,0.005304585939793896,False,,0.005304585939793896,False,67,0.0,True
41,0.004292832492038292,False,,0.004292832492038292,False,67,0.0,True
42,0.0016800792107662908,False,,0.0016800792107662908,False,67,0.0,True
43,0.009289233897140375,False,,0.009289233897140375,False,67,0.0,True
44,-0.002901384241789125,False,,-0.002901384241789125,False,67,0.0,True
45,0.0038891980194601695,False,,0.0038891980194601695,False,67,0.0,True
46,0.010329247526134865,False,,0.010329247526134865,False,67,0.0,True
47,-0.014207259188219828,False,,-0.014207259188219828,False,67,0.0,True
48,0.004807750675828037,False,,0.004807750675828037,False,67,0.0,True
49,0.0076335520458445175,False,,0.0076335520458445175,False,67,0.0,True
50,0.004431372092303459,False,,0.004431372092303459,False,67,0.0,True
51,-0.0006677415421945301,False,,-0.0006677415421945301,False,67,0.0,True
52,0.007578031660180461,False,,0.007578031660180461,False,67,0.0,True
53,0.00412674642371515,False,,0.00412674642371515,False,67,0.0,True
54,0.007028010983041663,False,,0.007028010983041663,False,67,0.0,True
55,-0.010267783330299722,False,,-0.010267783330299722,False,67,0.0,True
56,0.002080239894200746,False,,0.002080239894200746,False,67,0.0,True
57,0.007849588506414835,False,,0.007849588506414835,False,67,0.0,True
58,0.008053710449476998,False,,0.008053710449476998,False,67,0.0,True
59,0.001633976755452,False,,0.001633976755452,False,67,0.0,True
60,-1.9354079811000763e-05,False,,-1.9354079811000763e-05,False,67,0.0,True
61,0.008867599109457626,False,,0.008867599109457626,False,67,0.0,True
62,0.005774935954453067,False,,0.005774935954453067,False,67,0.0,True
63,0.009900788241167873,False,,0.009900788241167873,False,67,0.0,True
0,0.0197325069434109,True,,0.0197325069434109,True,68,0.0,True
1,0.0166244911791847,False,,0.0166244911791847,False,68,0.0,True
2,0.035893799218507695,False,,0.035893799218507695,False,68,0.0,True
3,0.03389392783847388,False,,0.03389392783847388,False,68,0.0,True
4,0.033726562075172946,False,,0.033726562075172946,False,68,0.0,True
5,0.032284289586949774,False,,0.032284289586949774,False,68,0.0,True
6,0.032674921526008344,False,,0.032674921526008344,False,68,0.0,True
7,0.03230389532665426,False,,0.03230389532665426,False,68,0.0,True
8,0.030026812855306128,False,,0.030026812855306128,False,68,0.0,True
9,0.03181720614156415,False,,0.03181720614156415,False,68,0.0,True
10,0.03329009370506421,False,,0.03329009370506421,False,68,0.0,True
11,0.03708816716857092,False,,0.03708816716857092,False,68,0.0,True
12,0.039058665933012465,False,,0.039058665933012465,False,68,0.0,True
13,0.03180413094416933,False,,0.03180413094416933,False,68,0.0,True
14,0.02926783419051636,False,,0.02926783419051636,False,68,0.0,True
15,0.03420597356094411,False,,0.03420597356094411,False,68,0.0,True
16,0.028542669919451348,False,,0.028542669919451348,False,68,0.0,True
17,0.018497028328066017,False,,0.018497028328066017,False,68,0.0,True
18,0.013726934478947544,False,,0.013726934478947544,False,68,0.0,True
19,0.03485809386639633,False,,0.03485809386639633,False,68,0.0,True
20,0.03335903884438527,False,,0.03335903884438527,False,68,0.0,True
21,0.030661711584456495,False,,0.030661711584456495,False,68,0.0,True
22,0.02810279966163222,False,,0.02810279966163222,False,68,0.0,True
23,0.02161771300866377,False,,0.02161771300866377,False,68,0.0,True
24,0.0255633346590938,False,,0.0255633346590938,False,68,0.0,True
25,0.03110246649446286,False,,0.03110246649446286,False,68,0.0,True
26,0.03477836970847599,False,,0.03477836970847599,False,68,0.0,True
27,0.031830036323547355,False,,0.031830036323547355,False,68,0.0,True
28,0.03360579511470535,False,,0.03360579511470535,False,68,0.0,True
29,0.029482192062052243,False,,0.029482192062052243,False,68,0.0,True
30,0.027956219513578663,False,,0.027956219513578663,False,68,0.0,True
31,0.028996059186694147,False,,0.028996059186694147,False,68,0.0,True
32,0.033735111689972445,False,,0.033735111689972445,False,68,0.0,True
33,0.030416767750237415,False,,0.030416767750237415,False,68,0.0,True
34,0.03764960829472691,False,,0.03764960829472691,False,68,0.0,True
35,0.032423599380536156,False,,0.032423599380536156,False,68,0.0,True
36,0.031134703149226735,False,,0.031134703149226735,False,68,0.0,True
37,0.023554703216904525,False,,0.023554703216904525,False,68,0.0,True
38,0.031964199677238264,False,,0.031964199677238264,False,68,0.0,True
39,0.037447642104616236,False,,0.037447642104616236,False,68,0.0,True
40,0.03318886611056675,False,,0.03318886611056675,False,68,0.0,True
41,0.023175066922420162,False,,0.023175066922420162,False,68,0.0,True
42,0.029174665054875343,False,,0.029174665054875343,False,68,0.0,True
43,0.027232645983176172,False,,0.027232645983176172,False,68,0.0,True
44,0.026848230626616804,False,,0.026848230626616804,False,68,0.0,True
45,0.026472630065440393,False,,0.026472630065440393,False,68,0.0,True
46,0.034867624706146336,False,,0.034867624706146336,False,68,0.0,True
47,0.031015437586443734,False,,0.031015437586443734,False,68,0.0,True
48,0.027156347424897864,False,,0.027156347424897864,False,68,0.0,True
49,0.03031211212898502,False,,0.03031211212898502,False,68,0.0,True
50,0.029438620623671894,False,,0.029438620623671894,False,68,0.0,True
51,0.03147367921569062,False,,0.03147367921569062,False,68,0.0,True
52,0.03046856591997444,False,,0.03046856591997444,False,68,0.0,True
53,0.03294907414130263,False,,0.03294907414130263,False,68,0.0,True
54,0.031091959939299408,False,,0.031091959939299408,False,68,0.0,True
55,0.010488823391019848,False,,0.010488823391019848,False,68,0.0,True
56,0.03213896870735227,False,,0.03213896870735227,False,68,0.0,True
57,0.03412620239121816,False,,0.03412620239121816,False,68,0.0,True
58,0.031313347274437874,False,,0.031313347274437874,False,68,0.0,True
59,0.03010055678068624,False,,0.03010055678068624,False,68,0.0,True
60,0.035514842710186185,False,,0.035514842710186185,False,68,0.0,True
61,0.03791684981962344,False,,0.03791684981962344,False,68,0.0,True
62,0.03621814691789843,False,,0.03621814691789843,False,68,0.0,True
63,0.028208275489863245,False,,0.028208275489863245,False,68,0.0,True
0,0.029712614738302,True,,0.029712614738302,True,69,0.0,True
1,0.029543758998716876,False,,0.029543758998716876,False,69,0.0,True
2,0.035011085109804205,False,,0.035011085109804205,False,69,0.0,True
3,0.031842878503214336,False,,0.031842878503214336,False,69,0.0,True
4,0.032922680588152786,False,,0.032922680588152786,False,69,0.0,True
5,0.037088592292397214,False,,0.037088592292397214,False,69,0.0,True
6,0.03995903162172621,False,,0.03995903162172621,False,69,0.0,True
7,0.039507264975854245,False,,0.039507264975854245,False,69,0.0,True
8,0.035423162724636005,False,,0.035423162724636005,False,69,0.0,True
9,0.04237090073684881,False,,0.04237090073684881,False,69,0.0,True
10,0.03441062183808709,False,,0.03441062183808709,False,69,0.0,True
11,0.032033057310326185,False,,0.032033057310326185,False,69,0.0,True
12,0.03754338968578322,False,,0.03754338968578322,False,69,0.0,True
13,0.03722670835900317,False,,0.03722670835900317,False,69,0.0,True
14,0.03477156677695641,False,,0.03477156677695641,False,69,0.0,True
15,0.0343045505169139,False,,0.0343045505169139,False,69,0.0,True
16,0.03851015417489628,False,,0.03851015417489628,False,69,0.0,True
17,0.03836367896184001,False,,0.03836367896184001,False,69,0.0,True
18,0.03294203793657455,False,,0.03294203793657455,False,69,0.0,True
19,0.03587948378471624,False,,0.03587948378471624,False,69,0.0,True
20,0.03595436399032636,False,,0.03595436399032636,False,69,0.0,True
21,0.029937456218070025,False,,0.029937456218070025,False,69,0.0,True
22,0.034322458469325724,False,,0.034322458469325724,False,69,0.0,True
23,0.032958415512225094,False,,0.032958415512225094,False,69,0.0,True
24,0.035832996889507196,False,,0.035832996889507196,False,69,0.0,True
25,0.024995827804733417,False,,0.024995827804733417,False,69,0.0,True
26,0.04174310536296883,False,,0.04174310536296883,False,69,0.0,True
27,0.0364614495058229,False,,0.0364614495058229,False,69,0.0,True
28,0.031857215221991315,False,,0.031857215221991315,False,69,0.0,True
29,0.03639007393362487,False,,0.03639007393362487,False,69,0.0,True
30,0.03703786543490089,False,,0.03703786543490089,False,69,0.0,True
31,0.026463086259936673,False,,0.026463086259936673,False,69,0.0,True
32,0.03849112203857105,False,,0.03849112203857105,False,69,0.0,True
33,0.04043433901232921,False,,0.04043433901232921,False,69,0.0,True
34,0.03381611749952894,False,,0.03381611749952894,False,69,0.0,True
35,0.043088408815416174,False,,0.043088408815416174,False,69,0.0,True
36,0.034794984502677526,False,,0.034794984502677526,False,69,0.0,True
37,0.03657249493783497,False,,0.03657249493783497,False,69,0.0,True
38,0.03467543453848913,False,,0.03467543453848913,False,69,0.0,True
39,0.036971154989575705,False,,0.036971154989575705,False,69,0.0,True
40,0.03165554037531709,False,,0.03165554037531709,False,69,0.0,True
41,0.03792949727383218,False,,0.03792949727383218,False,69,0.0,True
42,0.0315542449592187,False,,0.0315542449592187,False,69,0.0,True
43,0.025988850866004956,False,,0.025988850866004956,False,69,0.0,True
44,0.036035422730754656,False,,0.036035422730754656,False,69,0.0,True
45,0.03594520123107864,False,,0.03594520123107864,False,69,0.0,True
46,0.0362512856601839,False,,0.0362512856601839,False,69,0.0,True
47,0.03114479523337254,False,,0.03114479523337254,False,69,0.0,True
48,0.03233684208015371,False,,0.03233684208015371,False,69,0.0,True
49,0.042170037397879306,False,,0.042170037397879306,False,69,0.0,True
50,0.03697762617799294,False,,0.03697762617799294,False,69,0.0,True
51,0.036224061475447114,False,,0.036224061475447114,False,69,0.0,True
52,0.03632669405335123,False,,0.03632669405335123,False,69,0.0,True
53,0.03917637320432422,False,,0.03917637320432422,False,69,0.0,True
54,0.025984999901260956,False,,0.025984999901260956,False,69,0.0,True
55,0.030840718067356245,False,,0.030840718067356245,False,69,0.0,True
56,0.038327151560118226,False,,0.038327151560118226,False,69,0.0,True
57,0.03899357332831459,False,,0.03899357332831459,False,69,0.0,True
58,0.036229892518378826,False,,0.036229892518378826,False,69,0.0,True
59,0.035146448655553275,False,,0.035146448655553275,False,69,0.0,True
60,0.038123780366467776,False,,0.038123780366467776,False,69,0.0,True
61,0.04100449823406259,False,,0.04100449823406259,False,69,0.0,True
62,0.036990936627410084,False,,0.036990936627410084,False,69,0.0,True
63,0.032547302358721664,False,,0.032547302358721664,False,69,0.0,True
0,0.033680700848819765,True,,0.033680700848819765,True,70,0.0,True
1,0.04712761278621226,False,,0.04712761278621226,False,70,0.0,True
2,0.057069440390198706,False,,0.057069440390198706,False,70,0.0,True
3,0.053987157911224,False,,0.053987157911224,False,70,0.0,True
4,0.06431529410098914,False,,0.06431529410098914,False,70,0.0,True
5,0.055874435777512624,False,,0.055874435777512624,False,70,0.0,True
6,0.05941154733250875,False,,0.05941154733250875,False,70,0.0,True
7,0.04790055131691382,False,,0.04790055131691382,False,70,0.0,True
8,0.06505628214465951,False,,0.06505628214465951,False,70,0.0,True
9,0.061548058644018896,False,,0.061548058644018896,False,70,0.0,True
10,0.0637984009649287,False,,0.0637984009649287,False,70,0.0,True
11,0.05691813306843167,False,,0.05691813306843167,False,70,0.0,True
12,0.05400328093872153,False,,0.05400328093872153,False,70,0.0,True
13,0.0656469938321881,False,,0.0656469938321881,False,70,0.0,True
14,0.06701162525887909,False,,0.06701162525887909,False,70,0.0,True
15,0.06941053282716787,False,,0.06941053282716787,False,70,0.0,True
16,0.06355785261678167,False,,0.06355785261678167,False,70,0.0,True
17,0.0635996202250481,False,,0.0635996202250481,False,70,0.0,True
18,0.06601591356910337,False,,0.06601591356910337,False,70,0.0,True
19,0.05679823017429361,False,,0.05679823017429361,False,70,0.0,True
20,0.06622802934174975,False,,0.06622802934174975,False,70,0.0,True
21,0.06954111956037828,False,,0.06954111956037828,False,70,0.0,True
22,0.05748465377318587,False,,0.05748465377318587,False,70,0.0,True
23,0.04314698418878288,False,,0.04314698418878288,False,70,0.0,True
24,0.06873852929378094,False,,0.06873852929378094,False,70,0.0,True
25,0.051789060415421244,False,,0.051789060415421244,False,70,0.0,True
26,0.0618170540627241,False,,0.0618170540627241,False,70,0.0,True
27,0.05559346078162856,False,,0.05559346078162856,False,70,0.0,True
28,0.06631543794097779,False,,0.06631543794097779,False,70,0.0,True
29,0.0655356983578493,False,,0.0655356983578493,False,70,0.0,True
30,0.06685764796870773,False,,0.06685764796870773,False,70,0.0,True
31,0.057763541315301,False,,0.057763541315301,False,70,0.0,True
32,0.06743596048543772,False,,0.06743596048543772,False,70,0.0,True
33,0.06874083724213079,False,,0.06874083724213079,False,70,0.0,True
34,0.06667902050430831,False,,0.06667902050430831,False,70,0.0,True
35,0.06116727208341716,False,,0.06116727208341716,False,70,0.0,True
36,0.06474872965365212,False,,0.06474872965365212,False,70,0.0,True
37,0.06163559036021288,False,,0.06163559036021288,False,70,0.0,True
38,0.07198552541614893,False,,0.07198552541614893,False,70,0.0,True
39,0.05786603614550082,False,,0.05786603614550082,False,70,0.0,True
40,0.04610175167863548,False,,0.04610175167863548,False,70,0.0,True
41,0.05887742161794465,False,,0.05887742161794465,False,70,0.0,True
42,0.06189861160537101,False,,0.06189861160537101,False,70,0.0,True
43,0.064527326803987,False,,0.064527326803987,False,70,0.0,True
44,0.06039040573773436,False,,0.06039040573773436,False,70,0.0,True
45,0.06726898498869026,False,,0.06726898498869026,False,70,0.0,True
46,0.06617315646056501,False,,0.06617315646056501,False,70,0.0,True
47,0.061710719548599975,False,,0.061710719548599975,False,70,0.0,True
48,0.06097742078709785,False,,0.06097742078709785,False,70,0.0,True
49,0.061640814725924836,False,,0.061640814725924836,False,70,0.0,True
50,0.05523455162205483,False,,0.05523455162205483,False,70,0.0,True
51,0.054953301298376396,False,,0.054953301298376396,False,70,0.0,True
52,0.06278450331833732,False,,0.06278450331833732,False,70,0.0,True
53,0.05418536504947922,False,,0.05418536504947922,False,70,0.0,True
54,0.06333470804012728,False,,0.06333470804012728,False,70,0.0,True
55,0.0626728645601153,False,,0.0626728645601153,False,70,0.0,True
56,0.06288893837551121,False,,0.06288893837551121,False,70,0.0,True
57,0.05700107530670588,False,,0.05700107530670588,False,70,0.0,True
58,0.06968750777726625,False,,0.06968750777726625,False,70,0.0,True
59,0.06701347392166444,False,,0.06701347392166444,False,70,0.0,True
60,0.05736214669716653,False,,0.05736214669716653,False,70,0.0,True
61,0.06592783112893938,False,,0.06592783112893938,False,70,0.0,True
62,0.056615292164252116,False,,0.056615292164252116,False,70,0.0,True
63,0.055644949083743296,False,,0.055644949083743296,False,70,0.0,True
0,0.05211057529646884,True,,0.05211057529646884,True,71,0.0,True
1,0.035691092940286134,False,,0.035691092940286134,False,71,0.0,True
2,0.06288981147654332,False,,0.06288981147654332,False,71,0.0,True
3,0.06872411619651517,False,,0.06872411619651517,False,71,0.0,True
4,0.07107814200727448,False,,0.07107814200727448,False,71,0.0,True
5,0.07621913004159248,False,,0.07621913004159248,False,71,0.0,True
6,0.07128821815594195,False,,0.07128821815594195,False,71,0.0,True
7,0.06886279110314317,False,,0.06886279110314317,False,71,0.0,True
8,0.06496017199250614,False,,0.06496017199250614,False,71,0.0,True
9,0.08173447212898918,False,,0.08173447212898918,False,71,0.0,True
10,0.07052848503523593,False,,0.07052848503523593,False,71,0.0,True
11,0.07470936475266733,False,,0.07470936475266733,False,71,0.0,True
12,0.07694850171582385,False,,0.07694850171582385,False,71,0.0,True
13,0.07457289580306213,False,,0.07457289580306213,False,71,0.0,True
14,0.0839192262448655,False,,0.0839192262448655,False,71,0.0,True
15,0.07817074283365355,False,,0.07817074283365355,False,71,0.0,True
16,0.07920551117942914,False,,0.07920551117942914,False,71,0.0,True
17,0.06440940105093268,False,,0.06440940105093268,False,71,0.0,True
18,0.08582094563576835,False,,0.08582094563576835,False,71,0.0,True
19,0.07218041820085119,False,,0.07218041820085119,False,71,0.0,True
20,0.07631742116377849,False,,0.07631742116377849,False,71,0.0,True
21,0.08406346629529443,False,,0.08406346629529443,False,71,0.0,True
22,0.078625633110647,False,,0.078625633110647,False,71,0.0,True
23,0.08300181608227823,False,,0.08300181608227823,False,71,0.0,True
24,0.08311261707787301,False,,0.08311261707787301,False,71,0.0,True
25,0.08198196196461777,False,,0.08198196196461777,False,71,0.0,True
26,0.07233503543293102,False,,0.07233503543293102,False,71,0.0,True
27,0.07223272310773268,False,,0.07223272310773268,False,71,0.0,True
28,0.06773956621769281,False,,0.06773956621769281,False,71,0.0,True
29,0.08791440755362738,False,,0.08791440755362738,False,71,0.0,True
30,0.06923920931304942,False,,0.06923920931304942,False,71,0.0,True
31,0.06731740718973586,False,,0.06731740718973586,False,71,0.0,True
32,0.0736258441233669,False,,0.0736258441233669,False,71,0.0,True
33,0.07407265835615001,False,,0.07407265835615001,False,71,0.0,True
34,0.07665598683507782,False,,0.07665598683507782,False,71,0.0,True
35,0.06967027123031441,False,,0.06967027123031441,False,71,0.0,True
36,0.0850963874524375,False,,0.0850963874524375,False,71,0.0,True
37,0.06770424625026895,False,,0.06770424625026895,False,71,0.0,True
38,0.07704731614177286,False,,0.07704731614177286,False,71,0.0,True
39,0.08031363967401112,False,,0.08031363967401112,False,71,0.0,True
40,0.06906183370299364,False,,0.06906183370299364,False,71,0.0,True
41,0.07634656104408016,False,,0.07634656104408016,False,71,0.0,True
42,0.06796959529607297,False,,0.06796959529607297,False,71,0.0,True
43,0.06454451591914194,False,,0.06454451591914194,False,71,0.0,True
44,0.07038931897979037,False,,0.07038931897979037,False,71,0.0,True
45,0.07753797052703151,False,,0.07753797052703151,False,71,0.0,True
46,0.08386005703491928,False,,0.08386005703491928,False,71,0.0,True
47,0.07053717275344097,False,,0.07053717275344097,False,71,0.0,True
48,0.07415157629742197,False,,0.07415157629742197,False,71,0.0,True
49,0.0684677172897383,False,,0.0684677172897383,False,71,0.0,True
50,0.0630020858314572,False,,0.0630020858314572,False,71,0.0,True
51,0.07841698382511501,False,,0.07841698382511501,False,71,0.0,True
52,0.06860239923060704,False,,0.06860239923060704,False,71,0.0,True
53,0.07553387430245043,False,,0.07553387430245043,False,71,0.0,True
54,0.07866018949592389,False,,0.07866018949592389,False,71,0.0,True
55,0.08192119602970006,False,,0.08192119602970006,False,71,0.0,True
56,0.0782092074285424,False,,0.0782092074285424,False,71,0.0,True
57,0.07648934613574376,False,,0.07648934613574376,False,71,0.0,True
58,0.07318515164962291,False,,0.07318515164962291,False,71,0.0,True
59,0.06686185267147945,False,,0.06686185267147945,False,71,0.0,True
60,0.08094037855631474,False,,0.08094037855631474,False,71,0.0,True
61,0.07757153491492638,False,,0.07757153491492638,False,71,0.0,True
62,0.07980044424094668,False,,0.07980044424094668,False,71,0.0,True
63,0.06599713031760548,False,,0.06599713031760548,False,71,0.0,True
0,0.02650778834874806,True,,0.02650778834874806,True,72,0.0,True
1,0.03581265167719498,False,,0.03581265167719498,False,72,0.0,True
2,0.07878813608948929,False,,0.07878813608948929,False,72,0.0,True
3,0.0752824877264168,False,,0.0752824877264168,False,72,0.0,True
4,0.07116076097525369,False,,0.07116076097525369,False,72,0.0,True
5,0.07854073217993414,False,,0.07854073217993414,False,72,0.0,True
6,0.06959432937863996,False,,0.06959432937863996,False,72,0.0,True
7,0.08193044333952765,False,,0.08193044333952765,False,72,0.0,True
8,0.05509887198634267,False,,0.05509887198634267,False,72,0.0,True
9,0.0702668157565858,False,,0.0702668157565858,False,72,0.0,True
10,0.07825127544472525,False,,0.07825127544472525,False,72,0.0,True
11,0.07398758168762888,False,,0.07398758168762888,False,72,0.0,True
12,0.060505899470656134,False,,0.060505899470656134,False,72,0.0,True
13,0.07817981564475945,False,,0.07817981564475945,False,72,0.0,True
14,0.06438460526777737,False,,0.06438460526777737,False,72,0.0,True
15,0.07040692391607542,False,,0.07040692391607542,False,72,0.0,True
16,0.05985340941244431,False,,0.05985340941244431,False,72,0.0,True
17,0.06730149990026073,False,,0.06730149990026073,False,72,0.0,True
18,0.0664806906306674,False,,0.0664806906306674,False,72,0.0,True
19,0.07554125752823149,False,,0.07554125752823149,False,72,0.0,True
20,0.06368565168289622,False,,0.06368565168289622,False,72,0.0,True
21,0.06657094040516912,False,,0.06657094040516912,False,72,0.0,True
22,0.07378665020027132,False,,0.07378665020027132,False,72,0.0,True
23,0.0627164079180327,False,,0.0627164079180327,False,72,0.0,True
24,0.062054338393557965,False,,0.062054338393557965,False,72,0.0,True
25,0.06746359655583029,False,,0.06746359655583029,False,72,0.0,True
26,0.07712795237012558,False,,0.07712795237012558,False,72,0.0,True
27,0.063557870681295,False,,0.063557870681295,False,72,0.0,True
28,0.07385850625236604,False,,0.07385850625236604,False,72,0.0,True
29,0.07318492228843287,False,,0.07318492228843287,False,72,0.0,True
30,0.06139778201441272,False,,0.06139778201441272,False,72,0.0,True
31,0.06009518634939924,False,,0.06009518634939924,False,72,0.0,True
32,0.07676086629074508,False,,0.07676086629074508,False,72,0.0,True
33,0.06675248089960574,False,,0.06675248089960574,False,72,0.0,True
34,0.08493159075757911,False,,0.08493159075757911,False,72,0.0,True
35,0.06005667489121813,False,,0.06005667489121813,False,72,0.0,True
36,0.07393134105466552,False,,0.07393134105466552,False,72,0.0,True
37,0.07440043962549447,False,,0.07440043962549447,False,72,0.0,True
38,0.06453695756727842,False,,0.06453695756727842,False,72,0.0,True
39,0.0732125035157856,False,,0.0732125035157856,False,72,0.0,True
40,0.0618499444890249,False,,0.0618499444890249,False,72,0.0,True
41,0.07336038599898387,False,,0.07336038599898387,False,72,0.0,True
42,0.06914544724317302,False,,0.06914544724317302,False,72,0.0,True
43,0.0712042840219442,False,,0.0712042840219442,False,72,0.0,True
44,0.07939228229792741,False,,0.07939228229792741,False,72,0.0,True
45,0.0731121670168442,False,,0.0731121670168442,False,72,0.0,True
46,0.06269973264413166,False,,0.06269973264413166,False,72,0.0,True
47,0.0775792906712604,False,,0.0775792906712604,False,72,0.0,True
48,0.06476514226057338,False,,0.06476514226057338,False,72,0.0,True
49,0.07608979139126076,False,,0.07608979139126076,False,72,0.0,True
50,0.0756156976226625,False,,0.0756156976226625,False,72,0.0,True
51,0.07480137191687321,False,,0.07480137191687321,False,72,0.0,True
52,0.07103208529459444,False,,0.07103208529459444,False,72,0.0,True
53,0.07367723453377739,False,,0.07367723453377739,False,72,0.0,True
54,0.07546088888179642,False,,0.07546088888179642,False,72,0.0,True
55,0.07071475233668692,False,,0.07071475233668692,False,72,0.0,True
56,0.07292243144092574,False,,0.07292243144092574,False,72,0.0,True
57,0.06740339285412775,False,,0.06740339285412775,False,72,0.0,True
58,0.0594085502223309,False,,0.0594085502223309,False,72,0.0,True
59,0.08126328591630386,False,,0.08126328591630386,False,72,0.0,True
60,0.077702993166041,False,,0.077702993166041,False,72,0.0,True
61,0.07269776469140488,False,,0.07269776469140488,False,72,0.0,True
62,0.0526384074615471,False,,0.0526384074615471,False,72,0.0,True
63,0.0724724811003154,False,,0.0724724811003154,False,72,0.0,True
0,0.029743957940904064,True,,0.029743957940904064,True,73,0.0,True
1,0.026850866651035143,False,,0.026850866651035143,False,73,0.0,True
2,0.0912601060483976,False,,0.0912601060483976,False,73,0.0,True
3,0.08865029187647296,False,,0.08865029187647296,False,73,0.0,True
4,0.08276525645529567,False,,0.08276525645529567,False,73,0.0,True
5,0.08199335791320056,False,,0.08199335791320056,False,73,0.0,True
6,0.09002354285059,False,,0.09002354285059,False,73,0.0,True
7,0.09249757501414196,False,,0.09249757501414196,False,73,0.0,True
8,0.09220439407228118,False,,0.09220439407228118,False,73,0.0,True
9,0.0816242962243002,False,,0.0816242962243002,False,73,0.0,True
10,0.07394010804367389,False,,0.07394010804367389,False,73,0.0,True
11,0.08350351898038624,False,,0.08350351898038624,False,73,0.0,True
12,0.07607067212043242,False,,0.07607067212043242,False,73,0.0,True
13,0.09011185444720862,False,,0.09011185444720862,False,73,0.0,True
14,0.08121574228433734,False,,0.08121574228433734,False,73,0.0,True
15,0.076600409969943,False,,0.076600409969943,False,73,0.0,True
16,0.07308571448715852,False,,0.07308571448715852,False,73,0.0,True
17,0.0914280690677753,False,,0.0914280690677753,False,73,0.0,True
18,0.08545768334043853,False,,0.08545768334043853,False,73,0.0,True
19,0.09506996204852969,False,,0.09506996204852969,False,73,0.0,True
20,0.08820596614389634,False,,0.08820596614389634,False,73,0.0,True
21,0.09155287779694704,False,,0.09155287779694704,False,73,0.0,True
22,0.0929167749601309,False,,0.0929167749601309,False,73,0.0,True
23,0.08885709198883525,False,,0.08885709198883525,False,73,0.0,True
24,0.08082319334078833,False,,0.08082319334078833,False,73,0.0,True
25,0.08872176859205812,False,,0.08872176859205812,False,73,0.0,True
26,0.08539090639021568,False,,0.08539090639021568,False,73,0.0,True
27,0.08508387681171517,False,,0.08508387681171517,False,73,0.0,True
28,0.09224149457654225,False,,0.09224149457654225,False,73,0.0,True
29,0.08283592654835933,False,,0.08283592654835933,False,73,0.0,True
30,0.08569144384949218,False,,0.08569144384949218,False,73,0.0,True
31,0.09477491277977962,False,,0.09477491277977962,False,73,0.0,True
32,0.07873006676449866,False,,0.07873006676449866,False,73,0.0,True
33,0.08804225227803217,False,,0.08804225227803217,False,73,0.0,True
34,0.08245689481190174,False,,0.08245689481190174,False,73,0.0,True
35,0.07470546121497793,False,,0.07470546121497793,False,73,0.0,True
36,0.0890264864324877,False,,0.0890264864324877,False,73,0.0,True
37,0.07397414547334115,False,,0.07397414547334115,False,73,0.0,True
38,0.08900088885844659,False,,0.08900088885844659,False,73,0.0,True
39,0.09434181425479032,False,,0.09434181425479032,False,73,0.0,True
40,0.09039405013148488,False,,0.09039405013148488,False,73,0.0,True
41,0.08845247427809497,False,,0.08845247427809497,False,73,0.0,True
42,0.08555799988067012,False,,0.08555799988067012,False,73,0.0,True
43,0.08578201398723306,False,,0.08578201398723306,False,73,0.0,True
44,0.0785091294362528,False,,0.0785091294362528,False,73,0.0,True
45,0.07586826924828943,False,,0.07586826924828943,False,73,0.0,True
46,0.09593280014602792,False,,0.09593280014602792,False,73,0.0,True
47,0.08605723091415884,False,,0.08605723091415884,False,73,0.0,True
48,0.08810384772799483,False,,0.08810384772799483,False,73,0.0,True
49,0.08208464788543085,False,,0.08208464788543085,False,73,0.0,True
50,0.06902717318055163,False,,0.06902717318055163,False,73,0.0,True
51,0.09302503856409365,False,,0.09302503856409365,False,73,0.0,True
52,0.08507697113512354,False,,0.08507697113512354,False,73,0.0,True
53,0.09218064135516116,False,,0.09218064135516116,False,73,0.0,True
54,0.09160992966901818,False,,0.09160992966901818,False,73,0.0,True
55,0.094535740775443,False,,0.094535740775443,False,73,0.0,True
56,0.09466887341245263,False,,0.09466887341245263,False,73,0.0,True
57,0.087444810913743,False,,0.087444810913743,False,73,0.0,True
58,0.09075660461571158,False,,0.09075660461571158,False,73,0.0,True
59,0.07801244520701495,False,,0.07801244520701495,False,73,0.0,True
60,0.08864087024965613,False,,0.08864087024965613,False,73,0.0,True
61,0.07212454000033584,False,,0.07212454000033584,False,73,0.0,True
62,0.08245224354732109,False,,0.08245224354732109,False,73,0.0,True
63,0.0944964850504007,False,,0.0944964850504007,False,73,0.0,True
0,0.001148127196305018,True,,0.001148127196305018,True,74,0.0,True
1,0.0014727082499081511,False,,0.0014727082499081511,False,74,0.0,True
2,0.06241613972809097,False,,0.06241613972809097,False,74,0.0,True
3,0.06403896784284918,False,,0.06403896784284918,False,74,0.0,True
4,0.06798649780515179,False,,0.06798649780515179,False,74,0.0,True
5,0.06240888224709548,False,,0.06240888224709548,False,74,0.0,True
6,0.05920053992366244,False,,0.05920053992366244,False,74,0.0,True
7,0.060797367108268406,False,,0.060797367108268406,False,74,0.0,True
8,0.05994313031651292,False,,0.05994313031651292,False,74,0.0,True
9,0.05494358037913035,False,,0.05494358037913035,False,74,0.0,True
10,0.060809794962236444,False,,0.060809794962236444,False,74,0.0,True
11,0.06651582557666795,False,,0.06651582557666795,False,74,0.0,True
12,0.05904538784287661,False,,0.05904538784287661,False,74,0.0,True
13,0.05959363081575002,False,,0.05959363081575002,False,74,0.0,True
14,0.061516836643437676,False,,0.061516836643437676,False,74,0.0,True
15,0.0653684963322737,False,,0.0653684963322737,False,74,0.0,True
16,0.058324989729675966,False,,0.058324989729675966,False,74,0.0,True
17,0.055438270806548264,False,,0.055438270806548264,False,74,0.0,True
18,0.07363105651437013,False,,0.07363105651437013,False,74,0.0,True
19,0.05745127936655194,False,,0.05745127936655194,False,74,0.0,True
20,0.06631499950327842,False,,0.06631499950327842,False,74,0.0,True
21,0.06559540718739197,False,,0.06559540718739197,False,74,0.0,True
22,0.05340460937236756,False,,0.05340460937236756,False,74,0.0,True
23,0.06484573393546846,False,,0.06484573393546846,False,74,0.0,True
24,0.06450323065176114,False,,0.06450323065176114,False,74,0.0,True
25,0.06555448466829672,False,,0.06555448466829672,False,74,0.0,True
26,0.06654161054963581,False,,0.06654161054963581,False,74,0.0,True
27,0.05891842470374446,False,,0.05891842470374446,False,74,0.0,True
28,0.06584454201122461,False,,0.06584454201122461,False,74,0.0,True
29,0.06760847489089422,False,,0.06760847489089422,False,74,0.0,True
30,0.05706012336290383,False,,0.05706012336290383,False,74,0.0,True
31,0.06117573656032,False,,0.06117573656032,False,74,0.0,True
32,0.06474926161143002,False,,0.06474926161143002,False,74,0.0,True
33,0.058234639555431664,False,,0.058234639555431664,False,74,0.0,True
34,0.06271438436187815,False,,0.06271438436187815,False,74,0.0,True
35,0.06024622869031296,False,,0.06024622869031296,False,74,0.0,True
36,0.03953108794685449,False,,0.03953108794685449,False,74,0.0,True
37,0.05803922651648491,False,,0.05803922651648491,False,74,0.0,True
38,0.06708632168553426,False,,0.06708632168553426,False,74,0.0,True
39,0.04445859333451781,False,,0.04445859333451781,False,74,0.0,True
40,0.061293761010980316,False,,0.061293761010980316,False,74,0.0,True
41,0.056484943176879965,False,,0.056484943176879965,False,74,0.0,True
42,0.0604857231610891,False,,0.0604857231610891,False,74,0.0,True
43,0.054230924806515486,False,,0.054230924806515486,False,74,0.0,True
44,0.06754292605197798,False,,0.06754292605197798,False,74,0.0,True
45,0.0532344156835107,False,,0.0532344156835107,False,74,0.0,True
46,0.07009721564426494,False,,0.07009721564426494,False,74,0.0,True
47,0.057581575830652425,False,,0.057581575830652425,False,74,0.0,True
48,0.05634379332320451,False,,0.05634379332320451,False,74,0.0,True
49,0.06217908605458074,False,,0.06217908605458074,False,74,0.0,True
50,0.061445156496287755,False,,0.061445156496287755,False,74,0.0,True
51,0.058551996966953554,False,,0.058551996966953554,False,74,0.0,True
52,0.05580086044390878,False,,0.05580086044390878,False,74,0.0,True
53,0.05508642338595973,False,,0.05508642338595973,False,74,0.0,True
54,0.05764967505433099,False,,0.05764967505433099,False,74,0.0,True
55,0.06728725710856831,False,,0.06728725710856831,False,74,0.0,True
56,0.06438956251758512,False,,0.06438956251758512,False,74,0.0,True
57,0.0647019576041103,False,,0.0647019576041103,False,74,0.0,True
58,0.056889184417552585,False,,0.056889184417552585,False,74,0.0,True
59,0.06461361761979645,False,,0.06461361761979645,False,74,0.0,True
60,0.07210065369911883,False,,0.07210065369911883,False,74,0.0,True
61,0.06538093234016293,False,,0.06538093234016293,False,74,0.0,True
62,0.06404132165937837,False,,0.06404132165937837,False,74,0.0,True
63,0.06078000943737572,False,,0.06078000943737572,False,74,0.0,True
0,-0.027029246752880744,True,,-0.027029246752880744,True,75,0.0,True
1,-0.01691001295998981,False,,-0.01691001295998981,False,75,0.0,True
2,0.0253001936891758,False,,0.0253001936891758,False,75,0.0,True
3,0.03214708942914988,False,,0.03214708942914988,False,75,0.0,True
4,0.005118540902182094,False,,0.005118540902182094,False,75,0.0,True
5,0.0192335643693496,False,,0.0192335643693496,False,75,0.0,True
6,0.024456986318007332,False,,0.024456986318007332,False,75,0.0,True
7,0.007927807572335825,False,,0.007927807572335825,False,75,0.0,True
8,0.01713971599216622,False,,0.01713971599216622,False,75,0.0,True
9,0.0174440247129823,False,,0.0174440247129823,False,75,0.0,True
10,0.02854805273581855,False,,0.02854805273581855,False,75,0.0,True
11,0.008063450999223485,False,,0.008063450999223485,False,75,0.0,True
12,0.0026423389771423117,False,,0.0026423389771423117,False,75,0.0,True
13,-0.0020754853155049956,False,,-0.0020754853155049956,False,75,0.0,True
14,0.02215975404478788,False,,0.02215975404478788,False,75,0.0,True
15,-0.0023970754792860703,False,,-0.0023970754792860703,False,75,0.0,True
16,0.004463840998306117,False,,0.004463840998306117,False,75,0.0,True
17,0.0247412221017331,False,,0.0247412221017331,False,75,0.0,True
18,-0.0006123598426337959,False,,-0.0006123598426337959,False,75,0.0,True
19,0.012690408245075018,False,,0.012690408245075018,False,75,0.0,True
20,0.0142586223110653,False,,0.0142586223110653,False,75,0.0,True
21,0.023610844241110235,False,,0.023610844241110235,False,75,0.0,True
22,0.0016694909056972945,False,,0.0016694909056972945,False,75,0.0,True
23,-0.006594684917436075,False,,-0.006594684917436075,False,75,0.0,True
24,0.014943547546015332,False,,0.014943547546015332,False,75,0.0,True
25,0.033730520156720956,False,,0.033730520156720956,False,75,0.0,True
26,0.005952943788941027,False,,0.005952943788941027,False,75,0.0,True
27,0.033194697639111245,False,,0.033194697639111245,False,75,0.0,True
28,0.010470391166557357,False,,0.010470391166557357,False,75,0.0,True
29,0.007184231302552817,False,,0.007184231302552817,False,75,0.0,True
30,0.01446636311449208,False,,0.01446636311449208,False,75,0.0,True
31,0.019392525781946928,False,,0.019392525781946928,False,75,0.0,True
32,0.016512711988180783,False,,0.016512711988180783,False,75,0.0,True
33,0.021311720235510444,False,,0.021311720235510444,False,75,0.0,True
34,0.024690656754628507,False,,0.024690656754628507,False,75,0.0,True
35,0.030221312171177874,False,,0.030221312171177874,False,75,0.0,True
36,0.008636639350075503,False,,0.008636639350075503,False,75,0.0,True
37,0.01417237991358111,False,,0.01417237991358111,False,75,0.0,True
38,0.026448293107768382,False,,0.026448293107768382,False,75,0.0,True
39,0.0245250641669446,False,,0.0245250641669446,False,75,0.0,True
40,0.004300461724594513,False,,0.004300461724594513,False,75,0.0,True
41,0.013273101506768447,False,,0.013273101506768447,False,75,0.0,True
42,0.026133538534645406,False,,0.026133538534645406,False,75,0.0,True
43,0.023070537359790463,False,,0.023070537359790463,False,75,0.0,True
44,0.010482314846694556,False,,0.010482314846694556,False,75,0.0,True
45,0.021549377808108876,False,,0.021549377808108876,False,75,0.0,True
46,0.008842962131062775,False,,0.008842962131062775,False,75,0.0,True
47,0.017401570665830358,False,,0.017401570665830358,False,75,0.0,True
48,0.01576532976186041,False,,0.01576532976186041,False,75,0.0,True
49,0.007718656396942006,False,,0.007718656396942006,False,75,0.0,True
50,0.025880493672257223,False,,0.025880493672257223,False,75,0.0,True
51,0.006029370833482976,False,,0.006029370833482976,False,75,0.0,True
52,0.005627763835436782,False,,0.005627763835436782,False,75,0.0,True
53,0.010791797824717094,False,,0.010791797824717094,False,75,0.0,True
54,0.010826883029666268,False,,0.010826883029666268,False,75,0.0,True
55,0.030024446410058157,False,,0.030024446410058157,False,75,0.0,True
56,0.01643485135623099,False,,0.01643485135623099,False,75,0.0,True
57,0.003931067635316449,False,,0.003931067635316449,False,75,0.0,True
58,0.020909770228495484,False,,0.020909770228495484,False,75,0.0,True
59,0.017893743720091455,False,,0.017893743720091455,False,75,0.0,True
60,0.02445429624830363,False,,0.02445429624830363,False,75,0.0,True
61,0.028397834649412153,False,,0.028397834649412153,False,75,0.0,True
62,0.010446690309408344,False,,0.010446690309408344,False,75,0.0,True
63,0.019326568660218698,False,,0.019326568660218698,False,75,0.0,True
0,-0.05565171982101634,True,,-0.05565171982101634,True,76,0.0,True
1,-0.06182479204337892,False,,-0.06182479204337892,False,76,0.0,True
2,-0.004921947972721335,False,,-0.004921947972721335,False,76,0.0,True
3,-0.007750158104311386,False,,-0.007750158104311386,False,76,0.0,True
4,-0.026791512314966258,False,,-0.026791512314966258,False,76,0.0,True
5,0.002877667701712737,False,,0.002877667701712737,False,76,0.0,True
6,-0.00589969700126544,False,,-0.00589969700126544,False,76,0.0,True
7,0.0004847830069295222,False,,0.0004847830069295222,False,76,0.0,True
8,-0.016413586055984305,False,,-0.016413586055984305,False,76,0.0,True
9,-0.01461256451496048,False,,-0.01461256451496048,False,76,0.0,True
10,0.002146009931878007,False,,0.002146009931878007,False,76,0.0,True
11,-0.010164463007426279,False,,-0.010164463007426279,False,76,0.0,True
12,-0.00021008625902130956,False,,-0.00021008625902130956,False,76,0.0,True
13,-0.007992639895836288,False,,-0.007992639895836288,False,76,0.0,True
14,-0.018323812307354508,False,,-0.018323812307354508,False,76,0.0,True
15,-0.0023646042442467593,False,,-0.0023646042442467593,False,76,0.0,True
16,-0.007831036331707507,False,,-0.007831036331707507,False,76,0.0,True
17,-0.0045877303331191815,False,,-0.0045877303331191815,False,76,0.0,True
18,-0.0209450230602099,False,,-0.0209450230602099,False,76,0.0,True
19,0.006871640433207465,False,,0.006871640433207465,False,76,0.0,True
20,-0.009175892544442791,False,,-0.009175892544442791,False,76,0.0,True
21,-0.008315469794869553,False,,-0.008315469794869553,False,76,0.0,True
22,-0.03684317442494745,False,,-0.03684317442494745,False,76,0.0,True
23,-0.008337349986397891,False,,-0.008337349986397891,False,76,0.0,True
24,0.001018063353110086,False,,0.001018063353110086,False,76,0.0,True
25,-0.008912938179376783,False,,-0.008912938179376783,False,76,0.0,True
26,-0.014876384863895593,False,,-0.014876384863895593,False,76,0.0,True
27,0.0005679300333833329,False,,0.0005679300333833329,False,76,0.0,True
28,-0.01609976217740304,False,,-0.01609976217740304,False,76,0.0,True
29,-0.0005103429020624096,False,,-0.0005103429020624096,False,76,0.0,True
30,-0.01985250065864807,False,,-0.01985250065864807,False,76,0.0,True
31,-0.024035068295359473,False,,-0.024035068295359473,False,76,0.0,True
32,0.0021671368032242944,False,,0.0021671368032242944,False,76,0.0,True
33,-0.016135031275799964,False,,-0.016135031275799964,False,76,0.0,True
34,-0.002748124167409465,False,,-0.002748124167409465,False,76,0.0,True
35,-0.014943147507803105,False,,-0.014943147507803105,False,76,0.0,True
36,-0.0018746379124899458,False,,-0.0018746379124899458,False,76,0.0,True
37,-0.008860641959610357,False,,-0.008860641959610357,False,76,0.0,True
38,-0.007191287998417136,False,,-0.007191287998417136,False,76,0.0,True
39,-0.016450811535567426,False,,-0.016450811535567426,False,76,0.0,True
40,0.0002261838609320362,False,,0.0002261838609320362,False,76,0.0,True
41,-0.004427386850110855,False,,-0.004427386850110855,False,76,0.0,True
42,-0.007867085510434968,False,,-0.007867085510434968,False,76,0.0,True
43,-0.014522446398804298,False,,-0.014522446398804298,False,76,0.0,True
44,-0.0016315683955539287,False,,-0.0016315683955539287,False,76,0.0,True
45,-0.0019511410443326296,False,,-0.0019511410443326296,False,76,0.0,True
46,0.005702864634683107,False,,0.005702864634683107,False,76,0.0,True
47,-0.012991354260907435,False,,-0.012991354260907435,False,76,0.0,True
48,0.00010696362753177032,False,,0.00010696362753177032,False,76,0.0,True
49,0.004622887530605322,False,,0.004622887530605322,False,76,0.0,True
50,-0.017770459966595306,False,,-0.017770459966595306,False,76,0.0,True
51,-0.0018508782936127403,False,,-0.0018508782936127403,False,76,0.0,True
52,-0.020917978153159177,False,,-0.020917978153159177,False,76,0.0,True
53,-0.009837405795610855,False,,-0.009837405795610855,False,76,0.0,True
54,0.00333535534134917,False,,0.00333535534134917,False,76,0.0,True
55,-0.007007233745570503,False,,-0.007007233745570503,False,76,0.0,True
56,-0.008846298596943887,False,,-0.008846298596943887,False,76,0.0,True
57,-0.004431003362103964,False,,-0.004431003362103964,False,76,0.0,True
58,-0.004423932108654478,False,,-0.004423932108654478,False,76,0.0,True
59,-0.0017710442282540659,False,,-0.0017710442282540659,False,76,0.0,True
60,-0.003959809790494665,False,,-0.003959809790494665,False,76,0.0,True
61,-0.007640132249543638,False,,-0.007640132249543638,False,76,0.0,True
62,0.000404744571070433,False,,0.000404744571070433,False,76,0.0,True
63,-0.0005151530750587656,False,,-0.0005151530750587656,False,76,0.0,True
0,-0.07572004424486425,True,,-0.07572004424486425,True,77,0.0,True
1,-0.0922704261425491,False,,-0.0922704261425491,False,77,0.0,True
2,-0.056978051174263904,False,,-0.056978051174263904,False,77,0.0,True
3,-0.05434864917526806,False,,-0.05434864917526806,False,77,0.0,True
4,-0.041957688523150044,False,,-0.041957688523150044,False,77,0.0,True
5,-0.05512242908546535,False,,-0.05512242908546535,False,77,0.0,True
6,-0.04863563816437833,False,,-0.04863563816437833,False,77,0.0,True
7,-0.05316043894032602,False,,-0.05316043894032602,False,77,0.0,True
8,-0.044459201983629494,False,,-0.044459201983629494,False,77,0.0,True
9,-0.0511421184255514,False,,-0.0511421184255514,False,77,0.0,True
10,-0.0400103338584772,False,,-0.0400103338584772,False,77,0.0,True
11,-0.037946764034493666,False,,-0.037946764034493666,False,77,0.0,True
12,-0.052561499491877425,False,,-0.052561499491877425,False,77,0.0,True
13,-0.04581760549679104,False,,-0.04581760549679104,False,77,0.0,True
14,-0.043546646036597456,False,,-0.043546646036597456,False,77,0.0,True
15,-0.06319876887069198,False,,-0.06319876887069198,False,77,0.0,True
16,-0.045179798299854815,False,,-0.045179798299854815,False,77,0.0,True
17,-0.04052726369620844,False,,-0.04052726369620844,False,77,0.0,True
18,-0.044352939298680685,False,,-0.044352939298680685,False,77,0.0,True
19,-0.04184426834025447,False,,-0.04184426834025447,False,77,0.0,True
20,-0.049666283440747284,False,,-0.049666283440747284,False,77,0.0,True
21,-0.04381090276649899,False,,-0.04381090276649899,False,77,0.0,True
22,-0.04498323774136921,False,,-0.04498323774136921,False,77,0.0,True
23,-0.045748549841460824,False,,-0.045748549841460824,False,77,0.0,True
24,-0.04464204138105683,False,,-0.04464204138105683,False,77,0.0,True
25,-0.04957818486116439,False,,-0.04957818486116439,False,77,0.0,True
26,-0.059390533298956466,False,,-0.059390533298956466,False,77,0.0,True
27,-0.050663051031562815,False,,-0.050663051031562815,False,77,0.0,True
28,-0.048584736110191,False,,-0.048584736110191,False,77,0.0,True
29,-0.03755532256829425,False,,-0.03755532256829425,False,77,0.0,True
30,-0.033265148117562864,False,,-0.033265148117562864,False,77,0.0,True
31,-0.050157831989225625,False,,-0.050157831989225625,False,77,0.0,True
32,-0.041941765687790504,False,,-0.041941765687790504,False,77,0.0,True
33,-0.032571781884465426,False,,-0.032571781884465426,False,77,0.0,True
34,-0.03744112990199729,False,,-0.03744112990199729,False,77,0.0,True
35,-0.05449836642916639,False,,-0.05449836642916639,False,77,0.0,True
36,-0.033877435094941136,False,,-0.033877435094941136,False,77,0.0,True
37,-0.04944229566215571,False,,-0.04944229566215571,False,77,0.0,True
38,-0.0520812766499605,False,,-0.0520812766499605,False,77,0.0,True
39,-0.04899429765555438,False,,-0.04899429765555438,False,77,0.0,True
40,-0.058361128578533046,False,,-0.058361128578533046,False,77,0.0,True
41,-0.053997926915906436,False,,-0.053997926915906436,False,77,0.0,True
42,-0.046258740462625764,False,,-0.046258740462625764,False,77,0.0,True
43,-0.045558573353870604,False,,-0.045558573353870604,False,77,0.0,True
44,-0.046768861779606256,False,,-0.046768861779606256,False,77,0.0,True
45,-0.039904921379511904,False,,-0.039904921379511904,False,77,0.0,True
46,-0.04638660883371367,False,,-0.04638660883371367,False,77,0.0,True
47,-0.04503760286561993,False,,-0.04503760286561993,False,77,0.0,True
48,-0.053156722782911184,False,,-0.053156722782911184,False,77,0.0,True
49,-0.052998627657380726,False,,-0.052998627657380726,False,77,0.0,True
50,-0.03659687852314659,False,,-0.03659687852314659,False,77,0.0,True
51,-0.05524825592348631,False,,-0.05524825592348631,False,77,0.0,True
52,-0.04475039269215643,False,,-0.04475039269215643,False,77,0.0,True
53,-0.05412714148144573,False,,-0.05412714148144573,False,77,0.0,True
54,-0.04761045316917293,False,,-0.04761045316917293,False,77,0.0,True
55,-0.04168904895960666,False,,-0.04168904895960666,False,77,0.0,True
56,-0.06303969603955305,False,,-0.06303969603955305,False,77,0.0,True
57,-0.03779038686951512,False,,-0.03779038686951512,False,77,0.0,True
58,-0.050897122757972355,False,,-0.050897122757972355,False,77,0.0,True
59,-0.041978737988409384,False,,-0.041978737988409384,False,77,0.0,True
60,-0.035070746409861873,False,,-0.035070746409861873,False,77,0.0,True
61,-0.04966402907121067,False,,-0.04966402907121067,False,77,0.0,True
62,-0.03594348579593543,False,,-0.03594348579593543,False,77,0.0,True
63,-0.04273185259858485,False,,-0.04273185259858485,False,77,0.0,True
0,-0.08803956957419082,True,,-0.08803956957419082,True,78,0.0,True
1,-0.07596023034487054,False,,-0.07596023034487054,False,78,0.0,True
2,-0.03769291182745664,False,,-0.03769291182745664,False,78,0.0,True
3,-0.04045632867433909,False,,-0.04045632867433909,False,78,0.0,True
4,-0.0482884451538286,False,,-0.0482884451538286,False,78,0.0,True
5,-0.037825032778863205,False,,-0.037825032778863205,False,78,0.0,True
6,-0.04834072006354212,False,,-0.04834072006354212,False,78,0.0,True
7,-0.04936069834255287,False,,-0.04936069834255287,False,78,0.0,True
8,-0.04579193369588401,False,,-0.04579193369588401,False,78,0.0,True
9,-0.0445502339209536,False,,-0.0445502339209536,False,78,0.0,True
10,-0.05615431575452834,False,,-0.05615431575452834,False,78,0.0,True
11,-0.054454860717462264,False,,-0.054454860717462264,False,78,0.0,True
12,-0.04199246049190227,False,,-0.04199246049190227,False,78,0.0,True
13,-0.04434943350167462,False,,-0.04434943350167462,False,78,0.0,True
14,-0.044844454961409236,False,,-0.044844454961409236,False,78,0.0,True
15,-1.4702921730435068,False,,-1.4702921730435068,False,78,0.0,True
16,-0.04165980549281664,False,,-0.04165980549281664,False,78,0.0,True
17,-0.05280987237742296,False,,-0.05280987237742296,False,78,0.0,True
18,-0.04957907471284885,False,,-0.04957907471284885,False,78,0.0,True
19,-0.045132303296570704,False,,-0.045132303296570704,False,78,0.0,True
20,-0.05477127483478404,False,,-0.05477127483478404,False,78,0.0,True
21,-0.04200806990762007,False,,-0.04200806990762007,False,78,0.0,True
22,-0.04229367886806014,False,,-0.04229367886806014,False,78,0.0,True
23,-0.041757612932049076,False,,-0.041757612932049076,False,78,0.0,True
24,-0.05583389629346111,False,,-0.05583389629346111,False,78,0.0,True
25,-0.04045623656527597,False,,-0.04045623656527597,False,78,0.0,True
26,-0.03906609905244922,False,,-0.03906609905244922,False,78,0.0,True
27,-0.059048007505064184,False,,-0.059048007505064184,False,78,0.0,True
28,-0.04818009645591286,False,,-0.04818009645591286,False,78,0.0,True
29,-0.042140007162627974,False,,-0.042140007162627974,False,78,0.0,True
30,-0.04886637378791144,False,,-0.04886637378791144,False,78,0.0,True
31,-0.042233396658736676,False,,-0.042233396658736676,False,78,0.0,True
32,-0.04634647000101537,False,,-0.04634647000101537,False,78,0.0,True
33,-0.04897030926187223,False,,-0.04897030926187223,False,78,0.0,True
34,-0.051996562817159406,False,,-0.051996562817159406,False,78,0.0,True
35,-0.038467126014050765,False,,-0.038467126014050765,False,78,0.0,True
36,-0.04532563857729177,False,,-0.04532563857729177,False,78,0.0,True
37,-0.054186167911750065,False,,-0.054186167911750065,False,78,0.0,True
38,-0.04401903737009742,False,,-0.04401903737009742,False,78,0.0,True
39,-0.051930691919200085,False,,-0.051930691919200085,False,78,0.0,True
40,-0.04890021614730254,False,,-0.04890021614730254,False,78,0.0,True
41,-0.05304135622355835,False,,-0.05304135622355835,False,78,0.0,True
42,-0.04108921968177356,False,,-0.04108921968177356,False,78,0.0,True
43,-0.06683309346988389,False,,-0.06683309346988389,False,78,0.0,True
44,-0.0368101028190109,False,,-0.0368101028190109,False,78,0.0,True
45,-0.040857616067434904,False,,-0.040857616067434904,False,78,0.0,True
46,-0.03249182979997405,False,,-0.03249182979997405,False,78,0.0,True
47,-0.04557795513339184,False,,-0.04557795513339184,False,78,0.0,True
48,-0.040875647919186006,False,,-0.040875647919186006,False,78,0.0,True
49,-0.05340139095543751,False,,-0.05340139095543751,False,78,0.0,True
50,-0.047267952783855136,False,,-0.047267952783855136,False,78,0.0,True
51,-0.0492272196271649,False,,-0.0492272196271649,False,78,0.0,True
52,-0.046115543705787715,False,,-0.046115543705787715,False,78,0.0,True
53,-0.03314938491722524,False,,-0.03314938491722524,False,78,0.0,True
54,-0.04900474134710169,False,,-0.04900474134710169,False,78,0.0,True
55,-0.0556771462221996,False,,-0.0556771462221996,False,78,0.0,True
56,-0.047770092698881716,False,,-0.047770092698881716,False,78,0.0,True
57,-0.049320997456981285,False,,-0.049320997456981285,False,78,0.0,True
58,-0.04624180290761212,False,,-0.04624180290761212,False,78,0.0,True
59,-0.05036324727672864,False,,-0.05036324727672864,False,78,0.0,True
60,-0.045682294122444886,False,,-0.045682294122444886,False,78,0.0,True
61,-0.03532357423855888,False,,-0.03532357423855888,False,78,0.0,True
62,-0.06659541193417597,False,,-0.06659541193417597,False,78,0.0,True
63,-0.06315249968457304,False,,-0.06315249968457304,False,78,0.0,True
0,-0.080724697428052,True,,-0.080724697428052,True,79,0.0,True
1,-0.09354842628542515,False,,-0.09354842628542515,False,79,0.0,True
2,-0.055842271749834076,False,,-0.055842271749834076,False,79,0.0,True
3,-0.05965478934013112,False,,-0.05965478934013112,False,79,0.0,True
4,-0.0531261804377218,False,,-0.0531261804377218,False,79,0.0,True
5,-0.05592883461474067,False,,-0.05592883461474067,False,79,0.0,True
6,-0.05555336310034953,False,,-0.05555336310034953,False,79,0.0,True
7,-0.06442002380680645,False,,-0.06442002380680645,False,79,0.0,True
8,-0.05934601116981836,False,,-0.05934601116981836,False,79,0.0,True
9,-0.06058007511362962,False,,-0.06058007511362962,False,79,0.0,True
10,-0.057727623044473875,False,,-0.057727623044473875,False,79,0.0,True
11,-0.05357775537555723,False,,-0.05357775537555723,False,79,0.0,True
12,-0.053267804279336556,False,,-0.053267804279336556,False,79,0.0,True
13,-0.05463554892914117,False,,-0.05463554892914117,False,79,0.0,True
14,-0.05263183133935228,False,,-0.05263183133935228,False,79,0.0,True
15,-0.0627523726112132,False,,-0.0627523726112132,False,79,0.0,True
16,-0.05845030932782927,False,,-0.05845030932782927,False,79,0.0,True
17,-0.05333199834046122,False,,-0.05333199834046122,False,79,0.0,True
18,-0.05639453519809464,False,,-0.05639453519809464,False,79,0.0,True
19,-0.05280713451949885,False,,-0.05280713451949885,False,79,0.0,True
20,-0.052767320045572455,False,,-0.052767320045572455,False,79,0.0,True
21,-0.05179406830464749,False,,-0.05179406830464749,False,79,0.0,True
22,-0.05123732855062536,False,,-0.05123732855062536,False,79,0.0,True
23,-0.05221899911364751,False,,-0.05221899911364751,False,79,0.0,True
24,-0.05074332214865861,False,,-0.05074332214865861,False,79,0.0,True
25,-0.054955710264363924,False,,-0.054955710264363924,False,79,0.0,True
26,-0.05081078081846936,False,,-0.05081078081846936,False,79,0.0,True
27,-0.05775858657338885,False,,-0.05775858657338885,False,79,0.0,True
28,-0.05354053066293664,False,,-0.05354053066293664,False,79,0.0,True
29,-0.05386929091836605,False,,-0.05386929091836605,False,79,0.0,True
30,-0.06019753043884174,False,,-0.06019753043884174,False,79,0.0,True
31,-0.05733559408812451,False,,-0.05733559408812451,False,79,0.0,True
32,-0.051755777242181125,False,,-0.051755777242181125,False,79,0.0,True
33,-0.05378878904363363,False,,-0.05378878904363363,False,79,0.0,True
34,-0.0541712980969913,False,,-0.0541712980969913,False,79,0.0,True
35,-0.05493043046226921,False,,-0.05493043046226921,False,79,0.0,True
36,-0.06002652851654222,False,,-0.06002652851654222,False,79,0.0,True
37,-0.0527152992158392,False,,-0.0527152992158392,False,79,0.0,True
38,-0.05653065105139,False,,-0.05653065105139,False,79,0.0,True
39,-0.056160716846393725,False,,-0.056160716846393725,False,79,0.0,True
40,-0.05325473761136712,False,,-0.05325473761136712,False,79,0.0,True
41,-0.05589671901601701,False,,-0.05589671901601701,False,79,0.0,True
42,-0.054181332428018154,False,,-0.054181332428018154,False,79,0.0,True
43,-0.05227076521290417,False,,-0.05227076521290417,False,79,0.0,True
44,-0.056808516570815204,False,,-0.056808516570815204,False,79,0.0,True
45,-0.05184678769629903,False,,-0.05184678769629903,False,79,0.0,True
46,-0.05424420703916616,False,,-0.05424420703916616,False,79,0.0,True
47,-0.05209767253450293,False,,-0.05209767253450293,False,79,0.0,True
48,-0.05132490643780214,False,,-0.05132490643780214,False,79,0.0,True
49,-0.05674742903696117,False,,-0.05674742903696117,False,79,0.0,True
50,-0.052447764023051846,False,,-0.052447764023051846,False,79,0.0,True
51,-0.048878979828615304,False,,-0.048878979828615304,False,79,0.0,True
52,-0.05418683427732954,False,,-0.05418683427732954,False,79,0.0,True
53,-0.06086457211943485,False,,-0.06086457211943485,False,79,0.0,True
54,-0.05288976161015491,False,,-0.05288976161015491,False,79,0.0,True
55,-0.05988081995656071,False,,-0.05988081995656071,False,79,0.0,True
56,-0.06368031844961997,False,,-0.06368031844961997,False,79,0.0,True
57,-0.05946360793231498,False,,-0.05946360793231498,False,79,0.0,True
58,-0.0512867556877839,False,,-0.0512867556877839,False,79,0.0,True
59,-0.05131538647514518,False,,-0.05131538647514518,False,79,0.0,True
60,-0.056611448318637556,False,,-0.056611448318637556,False,79,0.0,True
61,-0.05982159102971152,False,,-0.05982159102971152,False,79,0.0,True
62,-0.052808873706596496,False,,-0.052808873706596496,False,79,0.0,True
63,-0.05967898625875234,False,,-0.05967898625875234,False,79,0.0,True
0,-0.0950574446650947,True,,-0.0950574446650947,True,80,0.0,True
1,-0.10387187899665373,False,,-0.10387187899665373,False,80,0.0,True
2,-0.08300072907613253,False,,-0.08300072907613253,False,80,0.0,True
3,-0.07783430194414065,False,,-0.07783430194414065,False,80,0.0,True
4,-0.09449046108344383,False,,-0.09449046108344383,False,80,0.0,True
5,-0.07612919064273659,False,,-0.07612919064273659,False,80,0.0,True
6,-0.0794044227319266,False,,-0.0794044227319266,False,80,0.0,True
7,-0.0785358859623629,False,,-0.0785358859623629,False,80,0.0,True
8,-0.07228795694675343,False,,-0.07228795694675343,False,80,0.0,True
9,-0.08075143831436221,False,,-0.08075143831436221,False,80,0.0,True
10,-0.07977914577113454,False,,-0.07977914577113454,False,80,0.0,True
11,-0.08108840316910546,False,,-0.08108840316910546,False,80,0.0,True
12,-0.07715072565791196,False,,-0.07715072565791196,False,80,0.0,True
13,-0.08043921575087598,False,,-0.08043921575087598,False,80,0.0,True
14,-0.07648175724824438,False,,-0.07648175724824438,False,80,0.0,True
15,-0.08871512026402328,False,,-0.08871512026402328,False,80,0.0,True
16,-0.07478231102689104,False,,-0.07478231102689104,False,80,0.0,True
17,-0.0771956457172234,False,,-0.0771956457172234,False,80,0.0,True
18,-0.08477525129462811,False,,-0.08477525129462811,False,80,0.0,True
19,-0.0737672056321509,False,,-0.0737672056321509,False,80,0.0,True
20,-0.08210151116936373,False,,-0.08210151116936373,False,80,0.0,True
21,-0.09185947469570409,False,,-0.09185947469570409,False,80,0.0,True
22,-0.08186684748088048,False,,-0.08186684748088048,False,80,0.0,True
23,-0.07956133879189381,False,,-0.07956133879189381,False,80,0.0,True
24,-0.0763455543411716,False,,-0.0763455543411716,False,80,0.0,True
25,-0.0756651962113215,False,,-0.0756651962113215,False,80,0.0,True
26,-0.08051025197740347,False,,-0.08051025197740347,False,80,0.0,True
27,-0.08767631480057125,False,,-0.08767631480057125,False,80,0.0,True
28,-0.10660703788790338,False,,-0.10660703788790338,False,80,0.0,True
29,-0.08292266741205996,False,,-0.08292266741205996,False,80,0.0,True
30,-0.07827874867939687,False,,-0.07827874867939687,False,80,0.0,True
31,-0.07463857217637763,False,,-0.07463857217637763,False,80,0.0,True
32,-0.07873104450220779,False,,-0.07873104450220779,False,80,0.0,True
33,-0.08631143839231625,False,,-0.08631143839231625,False,80,0.0,True
34,-0.07646162822809299,False,,-0.07646162822809299,False,80,0.0,True
35,-0.07556812592961878,False,,-0.07556812592961878,False,80,0.0,True
36,-0.09623689977428085,False,,-0.09623689977428085,False,80,0.0,True
37,-0.07760138888059576,False,,-0.07760138888059576,False,80,0.0,True
38,-0.07966077496160984,False,,-0.07966077496160984,False,80,0.0,True
39,-0.08329835304764216,False,,-0.08329835304764216,False,80,0.0,True
40,-0.07663471781894016,False,,-0.07663471781894016,False,80,0.0,True
41,-0.07463224796948985,False,,-0.07463224796948985,False,80,0.0,True
42,-0.08610703418978383,False,,-0.08610703418978383,False,80,0.0,True
43,-0.0795745180998426,False,,-0.0795745180998426,False,80,0.0,True
44,-0.07741877162486298,False,,-0.07741877162486298,False,80,0.0,True
45,-0.08281870876543308,False,,-0.08281870876543308,False,80,0.0,True
46,-0.07644646550296955,False,,-0.07644646550296955,False,80,0.0,True
47,-0.07336232249751687,False,,-0.07336232249751687,False,80,0.0,True
48,-0.07491803798989595,False,,-0.07491803798989595,False,80,0.0,True
49,-0.07760975890855323,False,,-0.07760975890855323,False,80,0.0,True
50,-0.0788653859824056,False,,-0.0788653859824056,False,80,0.0,True
51,-0.07744006324568042,False,,-0.07744006324568042,False,80,0.0,True
52,-0.07934256035426412,False,,-0.07934256035426412,False,80,0.0,True
53,-0.07788293687905723,False,,-0.07788293687905723,False,80,0.0,True
54,-0.07731280374972356,False,,-0.07731280374972356,False,80,0.0,True
55,-0.0907219357133846,False,,-0.0907219357133846,False,80,0.0,True
56,-0.07681991581700423,False,,-0.07681991581700423,False,80,0.0,True
57,-0.08051258156670717,False,,-0.08051258156670717,False,80,0.0,True
58,-0.0741882187261161,False,,-0.0741882187261161,False,80,0.0,True
59,-0.07952809836624826,False,,-0.07952809836624826,False,80,0.0,True
60,-0.07921935918966017,False,,-0.07921935918966017,False,80,0.0,True
61,-0.0885916816973038,False,,-0.0885916816973038,False,80,0.0,True
62,-0.07792773967073069,False,,-0.07792773967073069,False,80,0.0,True
63,-0.08122326698164153,False,,-0.08122326698164153,False,80,0.0,True
0,-0.09368232828718794,True,,-0.09368232828718794,True,81,0.0,True
1,-0.09052400774916154,False,,-0.09052400774916154,False,81,0.0,True
2,-0.07829722460341176,False,,-0.07829722460341176,False,81,0.0,True
3,-0.07808473541663284,False,,-0.07808473541663284,False,81,0.0,True
4,-0.07657514325485068,False,,-0.07657514325485068,False,81,0.0,True
5,-0.07971009803266871,False,,-0.07971009803266871,False,81,0.0,True
6,-0.08222259588444492,False,,-0.08222259588444492,False,81,0.0,True
7,-0.07747312762733077,False,,-0.07747312762733077,False,81,0.0,True
8,-0.0791567979728285,False,,-0.0791567979728285,False,81,0.0,True
9,-0.08436436310223076,False,,-0.08436436310223076,False,81,0.0,True
10,-0.07920153011457289,False,,-0.07920153011457289,False,81,0.0,True
11,-0.07805764059621421,False,,-0.07805764059621421,False,81,0.0,True
12,-0.07802617122872559,False,,-0.07802617122872559,False,81,0.0,True
13,-0.08039365576441232,False,,-0.08039365576441232,False,81,0.0,True
14,-0.08057367366856887,False,,-0.08057367366856887,False,81,0.0,True
15,-0.07423043076894564,False,,-0.07423043076894564,False,81,0.0,True
16,-0.07973174021481283,False,,-0.07973174021481283,False,81,0.0,True
17,-0.07570690763791392,False,,-0.07570690763791392,False,81,0.0,True
18,-0.07473651206527616,False,,-0.07473651206527616,False,81,0.0,True
19,-0.08839776096743926,False,,-0.08839776096743926,False,81,0.0,True
20,-0.08178888313413177,False,,-0.08178888313413177,False,81,0.0,True
21,-0.0808933801931277,False,,-0.0808933801931277,False,81,0.0,True
22,-0.07592432009729624,False,,-0.07592432009729624,False,81,0.0,True
23,-0.07950929558249147,False,,-0.07950929558249147,False,81,0.0,True
24,-0.07658256687200318,False,,-0.07658256687200318,False,81,0.0,True
25,-0.0833801212392032,False,,-0.0833801212392032,False,81,0.0,True
26,-0.08119842496336391,False,,-0.08119842496336391,False,81,0.0,True
27,-0.08394925969181959,False,,-0.08394925969181959,False,81,0.0,True
28,-0.08181460538848721,False,,-0.08181460538848721,False,81,0.0,True
29,-0.07662282872168785,False,,-0.07662282872168785,False,81,0.0,True
30,-0.0761359560302704,False,,-0.0761359560302704,False,81,0.0,True
31,-0.07729859267523913,False,,-0.07729859267523913,False,81,0.0,True
32,-0.08069437336656166,False,,-0.08069437336656166,False,81,0.0,True
33,-0.09250535503199492,False,,-0.09250535503199492,False,81,0.0,True
34,-0.08601935207343146,False,,-0.08601935207343146,False,81,0.0,True
35,-0.07345400277235588,False,,-0.07345400277235588,False,81,0.0,True
36,-0.07574463741062865,False,,-0.07574463741062865,False,81,0.0,True
37,-0.0797216140088764,False,,-0.0797216140088764,False,81,0.0,True
38,-0.07476525530963686,False,,-0.07476525530963686,False,81,0.0,True
39,-0.08118346557183749,False,,-0.08118346557183749,False,81,0.0,True
40,-0.07561101470231951,False,,-0.07561101470231951,False,81,0.0,True
41,-0.08372397601253556,False,,-0.08372397601253556,False,81,0.0,True
42,-0.07720854352428967,False,,-0.07720854352428967,False,81,0.0,True
43,-0.08568001918181378,False,,-0.08568001918181378,False,81,0.0,True
44,-0.08399880728607707,False,,-0.08399880728607707,False,81,0.0,True
45,-0.0863269205664791,False,,-0.0863269205664791,False,81,0.0,True
46,-0.07996654035920803,False,,-0.07996654035920803,False,81,0.0,True
47,-0.07581341894915253,False,,-0.07581341894915253,False,81,0.0,True
48,-0.07516137977475057,False,,-0.07516137977475057,False,81,0.0,True
49,-0.08076440284644004,False,,-0.08076440284644004,False,81,0.0,True
50,-0.07235760412881471,False,,-0.07235760412881471,False,81,0.0,True
51,-0.077518601864009,False,,-0.077518601864009,False,81,0.0,True
52,-0.08005522889969234,False,,-0.08005522889969234,False,81,0.0,True
53,-0.08453436153230291,False,,-0.08453436153230291,False,81,0.0,True
54,-0.07302102946559419,False,,-0.07302102946559419,False,81,0.0,True
55,-0.07532578276824417,False,,-0.07532578276824417,False,81,0.0,True
56,-0.07620313806779241,False,,-0.07620313806779241,False,81,0.0,True
57,-0.07976447790768891,False,,-0.07976447790768891,False,81,0.0,True
58,-0.0757573432086055,False,,-0.0757573432086055,False,81,0.0,True
59,-0.07456893509518919,False,,-0.07456893509518919,False,81,0.0,True
60,-0.07803655856334052,False,,-0.07803655856334052,False,81,0.0,True
61,-0.08313068357589315,False,,-0.08313068357589315,False,81,0.0,True
62,-0.07871344780100276,False,,-0.07871344780100276,False,81,0.0,True
63,-0.07966066452466337,False,,-0.07966066452466337,False,81,0.0,True
0,-0.07721940507311881,True,,-0.07721940507311881,True,82,0.0,True
1,-0.08030621637495583,False,,-0.08030621637495583,False,82,0.0,True
2,-0.05859564449394353,False,,-0.05859564449394353,False,82,0.0,True
3,-0.0635966796796339,False,,-0.0635966796796339,False,82,0.0,True
4,-0.055525793269131984,False,,-0.055525793269131984,False,82,0.0,True
5,-0.0544977018972018,False,,-0.0544977018972018,False,82,0.0,True
6,-0.06460966754475539,False,,-0.06460966754475539,False,82,0.0,True
7,-0.05235609152239546,False,,-0.05235609152239546,False,82,0.0,True
8,-0.0563340442120579,False,,-0.0563340442120579,False,82,0.0,True
9,-0.055544781193026985,False,,-0.055544781193026985,False,82,0.0,True
10,-0.05983408284340419,False,,-0.05983408284340419,False,82,0.0,True
11,-0.05464516288092471,False,,-0.05464516288092471,False,82,0.0,True
12,-0.06588929827534624,False,,-0.06588929827534624,False,82,0.0,True
13,-0.05498734310557017,False,,-0.05498734310557017,False,82,0.0,True
14,-0.05849357924516833,False,,-0.05849357924516833,False,82,0.0,True
15,-0.07632802039356164,False,,-0.07632802039356164,False,82,0.0,True
16,-0.05080081547386885,False,,-0.05080081547386885,False,82,0.0,True
17,-0.06340483555063926,False,,-0.06340483555063926,False,82,0.0,True
18,-0.06799710718919358,False,,-0.06799710718919358,False,82,0.0,True
19,-0.05639101168498667,False,,-0.05639101168498667,False,82,0.0,True
20,-0.06637337134534307,False,,-0.06637337134534307,False,82,0.0,True
21,-0.0596309998697927,False,,-0.0596309998697927,False,82,0.0,True
22,-0.06234588884223864,False,,-0.06234588884223864,False,82,0.0,True
23,-0.05442786134191972,False,,-0.05442786134191972,False,82,0.0,True
24,-0.058286479380366574,False,,-0.058286479380366574,False,82,0.0,True
25,-0.06059123595755822,False,,-0.06059123595755822,False,82,0.0,True
26,-0.07221282248205563,False,,-0.07221282248205563,False,82,0.0,True
27,-0.05238537957723198,False,,-0.05238537957723198,False,82,0.0,True
28,-0.05756331283439464,False,,-0.05756331283439464,False,82,0.0,True
29,-0.06824569799727197,False,,-0.06824569799727197,False,82,0.0,True
30,-0.07527100593791494,False,,-0.07527100593791494,False,82,0.0,True
31,-0.05907013145796421,False,,-0.05907013145796421,False,82,0.0,True
32,-0.05570016495548452,False,,-0.05570016495548452,False,82,0.0,True
33,-0.06164825971919822,False,,-0.06164825971919822,False,82,0.0,True
34,-0.057937494950118795,False,,-0.057937494950118795,False,82,0.0,True
35,-0.05679568860138855,False,,-0.05679568860138855,False,82,0.0,True
36,-0.06195456549806644,False,,-0.06195456549806644,False,82,0.0,True
37,-0.0552619443177708,False,,-0.0552619443177708,False,82,0.0,True
38,-0.058769953794099404,False,,-0.058769953794099404,False,82,0.0,True
39,-0.05542437344342469,False,,-0.05542437344342469,False,82,0.0,True
40,-0.07227806295159638,False,,-0.07227806295159638,False,82,0.0,True
41,-0.061991590793544375,False,,-0.061991590793544375,False,82,0.0,True
42,-0.07469687830356887,False,,-0.07469687830356887,False,82,0.0,True
43,-0.05476046275057796,False,,-0.05476046275057796,False,82,0.0,True
44,-0.05473372062292607,False,,-0.05473372062292607,False,82,0.0,True
45,-0.06450077946614094,False,,-0.06450077946614094,False,82,0.0,True
46,-0.07451368301458375,False,,-0.07451368301458375,False,82,0.0,True
47,-0.0615773162915689,False,,-0.0615773162915689,False,82,0.0,True
48,-0.06638760906489094,False,,-0.06638760906489094,False,82,0.0,True
49,-0.06671113427646572,False,,-0.06671113427646572,False,82,0.0,True
50,-0.06517889916508503,False,,-0.06517889916508503,False,82,0.0,True
51,-0.06107805721280124,False,,-0.06107805721280124,False,82,0.0,True
52,-0.06980785294907661,False,,-0.06980785294907661,False,82,0.0,True
53,-0.06922515822492611,False,,-0.06922515822492611,False,82,0.0,True
54,-0.06780571721031689,False,,-0.06780571721031689,False,82,0.0,True
55,-0.05476091468811434,False,,-0.05476091468811434,False,82,0.0,True
56,-0.0677109792045367,False,,-0.0677109792045367,False,82,0.0,True
57,-0.06242798823769063,False,,-0.06242798823769063,False,82,0.0,True
58,-0.057651555683960964,False,,-0.057651555683960964,False,82,0.0,True
59,-0.05963467781460574,False,,-0.05963467781460574,False,82,0.0,True
60,-0.057339034161915055,False,,-0.057339034161915055,False,82,0.0,True
61,-0.055124105667972,False,,-0.055124105667972,False,82,0.0,True
62,-0.05487936106507121,False,,-0.05487936106507121,False,82,0.0,True
63,-0.061722784627096704,False,,-0.061722784627096704,False,82,0.0,True
0,-0.09803312083192028,True,,-0.09803312083192028,True,83,0.0,True
1,-0.1350078249706741,False,,-0.1350078249706741,False,83,0.0,True
2,-0.10357860401254171,False,,-0.10357860401254171,False,83,0.0,True
3,-0.10411964996717325,False,,-0.10411964996717325,False,83,0.0,True
4,-0.10303530584020715,False,,-0.10303530584020715,False,83,0.0,True
5,-0.09847343975786615,False,,-0.09847343975786615,False,83,0.0,True
6,-0.09906939073445842,False,,-0.09906939073445842,False,83,0.0,True
7,-0.10260054241709161,False,,-0.10260054241709161,False,83,0.0,True
8,-0.10212923767569504,False,,-0.10212923767569504,False,83,0.0,True
9,-0.1010657741203187,False,,-0.1010657741203187,False,83,0.0,True
10,-0.0999247731559818,False,,-0.0999247731559818,False,83,0.0,True
11,-0.10135196917656697,False,,-0.10135196917656697,False,83,0.0,True
12,-0.09974888100200241,False,,-0.09974888100200241,False,83,0.0,True
13,-0.10152836336937776,False,,-0.10152836336937776,False,83,0.0,True
14,-0.10187047247028946,False,,-0.10187047247028946,False,83,0.0,True
15,-0.0989855663450058,False,,-0.0989855663450058,False,83,0.0,True
16,-0.10134418533822376,False,,-0.10134418533822376,False,83,0.0,True
17,-0.10129188324842221,False,,-0.10129188324842221,False,83,0.0,True
18,-0.09902583850455104,False,,-0.09902583850455104,False,83,0.0,True
19,-0.10896381528939614,False,,-0.10896381528939614,False,83,0.0,True
20,-0.10096938645967596,False,,-0.10096938645967596,False,83,0.0,True
21,-0.10369818765325256,False,,-0.10369818765325256,False,83,0.0,True
22,-0.10100440933538812,False,,-0.10100440933538812,False,83,0.0,True
23,-0.10986683625574822,False,,-0.10986683625574822,False,83,0.0,True
24,-0.09882811765565963,False,,-0.09882811765565963,False,83,0.0,True
25,-0.10855416794746575,False,,-0.10855416794746575,False,83,0.0,True
26,-0.10324269055639723,False,,-0.10324269055639723,False,83,0.0,True
27,-0.10179590425933438,False,,-0.10179590425933438,False,83,0.0,True
28,-0.09893403068754414,False,,-0.09893403068754414,False,83,0.0,True
29,-0.10150709283287807,False,,-0.10150709283287807,False,83,0.0,True
30,-0.09945998106222421,False,,-0.09945998106222421,False,83,0.0,True
31,-0.10150539866824704,False,,-0.10150539866824704,False,83,0.0,True
32,-0.1023230096566693,False,,-0.1023230096566693,False,83,0.0,True
33,-0.10310549926457702,False,,-0.10310549926457702,False,83,0.0,True
34,-0.11172204122921814,False,,-0.11172204122921814,False,83,0.0,True
35,-0.09989930708932682,False,,-0.09989930708932682,False,83,0.0,True
36,-0.1010017960622529,False,,-0.1010017960622529,False,83,0.0,True
37,-0.10110193713753457,False,,-0.10110193713753457,False,83,0.0,True
38,-0.10185141786165082,False,,-0.10185141786165082,False,83,0.0,True
39,-0.0967184542789943,False,,-0.0967184542789943,False,83,0.0,True
40,-0.10906641799553823,False,,-0.10906641799553823,False,83,0.0,True
41,-0.10781668887267082,False,,-0.10781668887267082,False,83,0.0,True
42,-0.09953484809291391,False,,-0.09953484809291391,False,83,0.0,True
43,-0.09988510875617207,False,,-0.09988510875617207,False,83,0.0,True
44,-0.10091298885878658,False,,-0.10091298885878658,False,83,0.0,True
45,-0.09873393036164746,False,,-0.09873393036164746,False,83,0.0,True
46,-0.09880264651630469,False,,-0.09880264651630469,False,83,0.0,True
47,-0.10106414321841894,False,,-0.10106414321841894,False,83,0.0,True
48,-0.09872735468403045,False,,-0.09872735468403045,False,83,0.0,True
49,-0.10888493737905774,False,,-0.10888493737905774,False,83,0.0,True
50,-0.10264755692101613,False,,-0.10264755692101613,False,83,0.0,True
51,-0.09748803507007353,False,,-0.09748803507007353,False,83,0.0,True
52,-0.09742593815130252,False,,-0.09742593815130252,False,83,0.0,True
53,-0.10233994189356732,False,,-0.10233994189356732,False,83,0.0,True
54,-0.10506402256009229,False,,-0.10506402256009229,False,83,0.0,True
55,-0.09621898908207105,False,,-0.09621898908207105,False,83,0.0,True
56,-0.1017390330249468,False,,-0.1017390330249468,False,83,0.0,True
57,-0.09883387169515748,False,,-0.09883387169515748,False,83,0.0,True
58,-0.1084915869927057,False,,-0.1084915869927057,False,83,0.0,True
59,-0.09790793377908824,False,,-0.09790793377908824,False,83,0.0,True
60,-0.10749968124516185,False,,-0.10749968124516185,False,83,0.0,True
61,-0.10264548528986106,False,,-0.10264548528986106,False,83,0.0,True
62,-0.10235235955442956,False,,-0.10235235955442956,False,83,0.0,True
63,-0.09524369515852202,False,,-0.09524369515852202,False,83,0.0,True
0,-0.13418576034548446,True,,-0.13418576034548446,True,84,0.0,True
1,-0.11733516957698288,False,,-0.11733516957698288,False,84,0.0,True
2,-0.08859284453857819,False,,-0.08859284453857819,False,84,0.0,True
3,-0.09772488705978633,False,,-0.09772488705978633,False,84,0.0,True
4,-0.08879155843643205,False,,-0.08879155843643205,False,84,0.0,True
5,-0.09046819213440371,False,,-0.09046819213440371,False,84,0.0,True
6,-0.09048902071731157,False,,-0.09048902071731157,False,84,0.0,True
7,-0.08707309759795478,False,,-0.08707309759795478,False,84,0.0,True
8,-0.09781197049345554,False,,-0.09781197049345554,False,84,0.0,True
9,-0.08874360369961587,False,,-0.08874360369961587,False,84,0.0,True
10,-0.09660893575167706,False,,-0.09660893575167706,False,84,0.0,True
11,-0.08775560032201235,False,,-0.08775560032201235,False,84,0.0,True
12,-0.0992571113032197,False,,-0.0992571113032197,False,84,0.0,True
13,-0.10339474661487547,False,,-0.10339474661487547,False,84,0.0,True
14,-0.08116356076415876,False,,-0.08116356076415876,False,84,0.0,True
15,-0.09246909674285189,False,,-0.09246909674285189,False,84,0.0,True
16,-0.08715673923799616,False,,-0.08715673923799616,False,84,0.0,True
17,-0.09516911941217465,False,,-0.09516911941217465,False,84,0.0,True
18,-0.10384026029943816,False,,-0.10384026029943816,False,84,0.0,True
19,-0.09997998745128536,False,,-0.09997998745128536,False,84,0.0,True
20,-0.10854406851762279,False,,-0.10854406851762279,False,84,0.0,True
21,-0.0993737504548009,False,,-0.0993737504548009,False,84,0.0,True
22,-0.09858266273179606,False,,-0.09858266273179606,False,84,0.0,True
23,-0.09293743272668187,False,,-0.09293743272668187,False,84,0.0,True
24,-0.09923037859099892,False,,-0.09923037859099892,False,84,0.0,True
25,-0.10902805705098267,False,,-0.10902805705098267,False,84,0.0,True
26,-0.08862250549697004,False,,-0.08862250549697004,False,84,0.0,True
27,-0.11387171103622584,False,,-0.11387171103622584,False,84,0.0,True
28,-0.10722845086070465,False,,-0.10722845086070465,False,84,0.0,True
29,-0.08552678767974564,False,,-0.08552678767974564,False,84,0.0,True
30,-0.08897953840838335,False,,-0.08897953840838335,False,84,0.0,True
31,-0.10322476809972293,False,,-0.10322476809972293,False,84,0.0,True
32,-0.09253189497893732,False,,-0.09253189497893732,False,84,0.0,True
33,-0.09932799426326426,False,,-0.09932799426326426,False,84,0.0,True
34,-0.11654750785269201,False,,-0.11654750785269201,False,84,0.0,True
35,-0.08692712630502668,False,,-0.08692712630502668,False,84,0.0,True
36,-0.09573084446369906,False,,-0.09573084446369906,False,84,0.0,True
37,-0.10588095360519538,False,,-0.10588095360519538,False,84,0.0,True
38,-0.09640763191702706,False,,-0.09640763191702706,False,84,0.0,True
39,-0.1052103364043735,False,,-0.1052103364043735,False,84,0.0,True
40,-0.08850891339748124,False,,-0.08850891339748124,False,84,0.0,True
41,-0.0970491224325809,False,,-0.0970491224325809,False,84,0.0,True
42,-0.09193596044064704,False,,-0.09193596044064704,False,84,0.0,True
43,-0.08844422856957884,False,,-0.08844422856957884,False,84,0.0,True
44,-0.10511667669609315,False,,-0.10511667669609315,False,84,0.0,True
45,-0.09319325718509286,False,,-0.09319325718509286,False,84,0.0,True
46,-0.08547896615581418,False,,-0.08547896615581418,False,84,0.0,True
47,-0.08696914804098688,False,,-0.08696914804098688,False,84,0.0,True
48,-0.09527995461083694,False,,-0.09527995461083694,False,84,0.0,True
49,-0.0962219908031504,False,,-0.0962219908031504,False,84,0.0,True
50,-0.09300065590324702,False,,-0.09300065590324702,False,84,0.0,True
51,-0.08878784556165153,False,,-0.08878784556165153,False,84,0.0,True
52,-0.08499965983409295,False,,-0.08499965983409295,False,84,0.0,True
53,-0.09221093053574525,False,,-0.09221093053574525,False,84,0.0,True
54,-0.10211179431422462,False,,-0.10211179431422462,False,84,0.0,True
55,-0.10034367815139333,False,,-0.10034367815139333,False,84,0.0,True
56,-0.09743485804643326,False,,-0.09743485804643326,False,84,0.0,True
57,-0.10224460536995042,False,,-0.10224460536995042,False,84,0.0,True
58,-0.0845840144108716,False,,-0.0845840144108716,False,84,0.0,True
59,-0.09045165483283979,False,,-0.09045165483283979,False,84,0.0,True
60,-0.09610705678260165,False,,-0.09610705678260165,False,84,0.0,True
61,-0.12212492415888154,False,,-0.12212492415888154,False,84,0.0,True
62,-0.10127622806440728,False,,-0.10127622806440728,False,84,0.0,True
63,-0.14516621672277852,False,,-0.14516621672277852,False,84,0.0,True
0,-0.1660694628002948,True,,-0.1660694628002948,True,85,0.0,True
1,-0.175545484789078,False,,-0.175545484789078,False,85,0.0,True
2,-0.13576670177128713,False,,-0.13576670177128713,False,85,0.0,True
3,-0.13981966095154896,False,,-0.13981966095154896,False,85,0.0,True
4,-0.14012561801140144,False,,-0.14012561801140144,False,85,0.0,True
5,-0.14135667097510812,False,,-0.14135667097510812,False,85,0.0,True
6,-0.1441313068053811,False,,-0.1441313068053811,False,85,0.0,True
7,-0.1338626907004281,False,,-0.1338626907004281,False,85,0.0,True
8,-0.1284032812238527,False,,-0.1284032812238527,False,85,0.0,True
9,-0.13464404981480493,False,,-0.13464404981480493,False,85,0.0,True
10,-0.13270880241646385,False,,-0.13270880241646385,False,85,0.0,True
11,-0.1402676075866225,False,,-0.1402676075866225,False,85,0.0,True
12,-0.14009847962346295,False,,-0.14009847962346295,False,85,0.0,True
13,-0.13283916108536764,False,,-0.13283916108536764,False,85,0.0,True
14,-0.13246607953250922,False,,-0.13246607953250922,False,85,0.0,True
15,-0.13487694621666146,False,,-0.13487694621666146,False,85,0.0,True
16,-0.13376809083091779,False,,-0.13376809083091779,False,85,0.0,True
17,-0.13503519997020552,False,,-0.13503519997020552,False,85,0.0,True
18,-0.1325655557759322,False,,-0.1325655557759322,False,85,0.0,True
19,-0.15075538687412832,False,,-0.15075538687412832,False,85,0.0,True
20,-0.14352391124785124,False,,-0.14352391124785124,False,85,0.0,True
21,-0.1375891096832309,False,,-0.1375891096832309,False,85,0.0,True
22,-0.13493085618565237,False,,-0.13493085618565237,False,85,0.0,True
23,-0.13094603985832842,False,,-0.13094603985832842,False,85,0.0,True
24,-0.14003195362454246,False,,-0.14003195362454246,False,85,0.0,True
25,-0.1381252887317601,False,,-0.1381252887317601,False,85,0.0,True
26,-0.13761846492990348,False,,-0.13761846492990348,False,85,0.0,True
27,-0.13260076236200935,False,,-0.13260076236200935,False,85,0.0,True
28,-0.14412951624018744,False,,-0.14412951624018744,False,85,0.0,True
29,-0.1457466382981767,False,,-0.1457466382981767,False,85,0.0,True
30,-0.13297705861640874,False,,-0.13297705861640874,False,85,0.0,True
31,-0.129978629609093,False,,-0.129978629609093,False,85,0.0,True
32,-0.1349903211015382,False,,-0.1349903211015382,False,85,0.0,True
33,-0.14021303499759918,False,,-0.14021303499759918,False,85,0.0,True
34,-0.14358314150255214,False,,-0.14358314150255214,False,85,0.0,True
35,-0.1312033527268699,False,,-0.1312033527268699,False,85,0.0,True
36,-0.14450173708331637,False,,-0.14450173708331637,False,85,0.0,True
37,-0.1334529087297469,False,,-0.1334529087297469,False,85,0.0,True
38,-0.13575514203941674,False,,-0.13575514203941674,False,85,0.0,True
39,-0.1332781435603354,False,,-0.1332781435603354,False,85,0.0,True
40,-0.12944067823417993,False,,-0.12944067823417993,False,85,0.0,True
41,-0.14363944728910005,False,,-0.14363944728910005,False,85,0.0,True
42,-0.13262308327477323,False,,-0.13262308327477323,False,85,0.0,True
43,-0.1348191012945965,False,,-0.1348191012945965,False,85,0.0,True
44,-0.14139970767315502,False,,-0.14139970767315502,False,85,0.0,True
45,-0.1316470821855266,False,,-0.1316470821855266,False,85,0.0,True
46,-0.16204308060377026,False,,-0.16204308060377026,False,85,0.0,True
47,-0.13723459635702345,False,,-0.13723459635702345,False,85,0.0,True
48,-0.13009739191898118,False,,-0.13009739191898118,False,85,0.0,True
49,-0.13314536740728844,False,,-0.13314536740728844,False,85,0.0,True
50,-0.1382263847798837,False,,-0.1382263847798837,False,85,0.0,True
51,-0.15095243304592876,False,,-0.15095243304592876,False,85,0.0,True
52,-0.1358736630417896,False,,-0.1358736630417896,False,85,0.0,True
53,-0.1318946704535069,False,,-0.1318946704535069,False,85,0.0,True
54,-0.13585425726093336,False,,-0.13585425726093336,False,85,0.0,True
55,-0.1328996388107273,False,,-0.1328996388107273,False,85,0.0,True
56,-0.1327472352630592,False,,-0.1327472352630592,False,85,0.0,True
57,-0.13784227224550927,False,,-0.13784227224550927,False,85,0.0,True
58,-0.14556374977142772,False,,-0.14556374977142772,False,85,0.0,True
59,-0.13603910520937323,False,,-0.13603910520937323,False,85,0.0,True
60,-0.13741805909475424,False,,-0.13741805909475424,False,85,0.0,True
61,-0.1403677306853668,False,,-0.1403677306853668,False,85,0.0,True
62,-0.14605600611145775,False,,-0.14605600611145775,False,85,0.0,True
63,-0.1362207478123425,False,,-0.1362207478123425,False,85,0.0,True
0,1.3402605327264734,True,,1.3402605327264734,True,86,0.0,True
1,1.3261696856256666,False,,1.3261696856256666,False,86,0.0,True
2,1.3459641509064835,False,,1.3459641509064835,False,86,0.0,True
3,1.363940613509573,False,,1.363940613509573,False,86,0.0,True
4,1.3668229142039423,False,,1.3668229142039423,False,86,0.0,True
5,1.3653134322445235,False,,1.3653134322445235,False,86,0.0,True
6,1.362905917087608,False,,1.362905917087608,False,86,0.0,True
7,1.3688263806486354,False,,1.3688263806486354,False,86,0.0,True
8,1.3622737915037022,False,,1.3622737915037022,False,86,0.0,True
9,1.366597292886689,False,,1.366597292886689,False,86,0.0,True
10,1.3595171701019146,False,,1.3595171701019146,False,86,0.0,True
11,1.3656158382370676,False,,1.3656158382370676,False,86,0.0,True
12,1.357549463165221,False,,1.357549463165221,False,86,0.0,True
13,1.3646841689382379,False,,1.3646841689382379,False,86,0.0,True
14,1.3664962341419455,False,,1.3664962341419455,False,86,0.0,True
15,1.3626322766150567,False,,1.3626322766150567,False,86,0.0,True
16,1.3670365789859271,False,,1.3670365789859271,False,86,0.0,True
17,1.370241738763244,False,,1.370241738763244,False,86,0.0,True
18,1.3650145283287758,False,,1.3650145283287758,False,86,0.0,True
19,1.3685424407329645,False,,1.3685424407329645,False,86,0.0,True
20,1.3702909826840366,False,,1.3702909826840366,False,86,0.0,True
21,1.3496037113596728,False,,1.3496037113596728,False,86,0.0,True
22,1.3612724257405298,False,,1.3612724257405298,False,86,0.0,True
23,1.361436906182739,False,,1.361436906182739,False,86,0.0,True
24,1.3700983359674397,False,,1.3700983359674397,False,86,0.0,True
25,1.367971422035917,False,,1.367971422035917,False,86,0.0,True
26,1.3558714687349538,False,,1.3558714687349538,False,86,0.0,True
27,1.3586464090060406,False,,1.3586464090060406,False,86,0.0,True
28,1.363878159413158,False,,1.363878159413158,False,86,0.0,True
29,1.3650616480073148,False,,1.3650616480073148,False,86,0.0,True
30,1.369524232534145,False,,1.369524232534145,False,86,0.0,True
31,1.366534623411922,False,,1.366534623411922,False,86,0.0,True
32,1.3631366750609013,False,,1.3631366750609013,False,86,0.0,True
33,1.3698313946862748,False,,1.3698313946862748,False,86,0.0,True
34,1.3618853247354896,False,,1.3618853247354896,False,86,0.0,True
35,1.3688371157910282,False,,1.3688371157910282,False,86,0.0,True
36,1.3659201331781696,False,,1.3659201331781696,False,86,0.0,True
37,1.364169384402931,False,,1.364169384402931,False,86,0.0,True
38,1.3647943599950167,False,,1.3647943599950167,False,86,0.0,True
39,1.3586125910678972,False,,1.3586125910678972,False,86,0.0,True
40,1.37025930754834,False,,1.37025930754834,False,86,0.0,True
41,1.3665570254480732,False,,1.3665570254480732,False,86,0.0,True
42,1.3587619848479164,False,,1.3587619848479164,False,86,0.0,True
43,1.36794896205983,False,,1.36794896205983,False,86,0.0,True
44,1.3684760104098956,False,,1.3684760104098956,False,86,0.0,True
45,1.3598187205975074,False,,1.3598187205975074,False,86,0.0,True
46,1.364515478156584,False,,1.364515478156584,False,86,0.0,True
47,1.3696859315211607,False,,1.3696859315211607,False,86,0.0,True
48,1.3633942657616185,False,,1.3633942657616185,False,86,0.0,True
49,1.3646669375396223,False,,1.3646669375396223,False,86,0.0,True
50,1.3660951923739666,False,,1.3660951923739666,False,86,0.0,True
51,1.3677711360197713,False,,1.3677711360197713,False,86,0.0,True
52,1.3636079717965675,False,,1.3636079717965675,False,86,0.0,True
53,1.3706509031042344,False,,1.3706509031042344,False,86,0.0,True
54,1.3680845932560664,False,,1.3680845932560664,False,86,0.0,True
55,1.3640456601979545,False,,1.3640456601979545,False,86,0.0,True
56,1.3649792672786092,False,,1.3649792672786092,False,86,0.0,True
57,1.3568905516373848,False,,1.3568905516373848,False,86,0.0,True
58,1.346065929140723,False,,1.346065929140723,False,86,0.0,True
59,1.370782657899719,False,,1.370782657899719,False,86,0.0,True
60,1.3692410738680527,False,,1.3692410738680527,False,86,0.0,True
61,1.351744771557795,False,,1.351744771557795,False,86,0.0,True
62,1.365352360103691,False,,1.365352360103691,False,86,0.0,True
63,1.368806859711706,False,,1.368806859711706,False,86,0.0,True
0,-1.66061504128007,True,,-1.66061504128007,True,87,0.0,True
1,-1.6271819980174747,False,,-1.6271819980174747,False,87,0.0,True
2,-1.610612068561115,False,,-1.610612068561115,False,87,0.0,True
3,-1.6215639996223719,False,,-1.6215639996223719,False,87,0.0,True
4,-1.622898098966983,False,,-1.622898098966983,False,87,0.0,True
5,-1.6164802687626392,False,,-1.6164802687626392,False,87,0.0,True
6,-1.6233517406095845,False,,-1.6233517406095845,False,87,0.0,True
7,-1.6198720222991752,False,,-1.6198720222991752,False,87,0.0,True
8,-1.6169296290729736,False,,-1.6169296290729736,False,87,0.0,True
9,-1.6157159744634277,False,,-1.6157159744634277,False,87,0.0,True
10,-1.6185673878378737,False,,-1.6185673878378737,False,87,0.0,True
11,-1.6090153438056547,False,,-1.6090153438056547,False,87,0.0,True
12,-1.615321242783529,False,,-1.615321242783529,False,87,0.0,True
13,-1.61318248884124,False,,-1.61318248884124,False,87,0.0,True
14,-1.621160103465151,False,,-1.621160103465151,False,87,0.0,True
15,-1.630667984231527,False,,-1.630667984231527,False,87,0.0,True
16,-1.6231255643726086,False,,-1.6231255643726086,False,87,0.0,True
17,-1.6266741545696894,False,,-1.6266741545696894,False,87,0.0,True
18,-1.6142382338153214,False,,-1.6142382338153214,False,87,0.0,True
19,-1.632244204489385,False,,-1.632244204489385,False,87,0.0,True
20,-1.6183715371071072,False,,-1.6183715371071072,False,87,0.0,True
21,-1.6152563359333976,False,,-1.6152563359333976,False,87,0.0,True
22,-1.6163531418877282,False,,-1.6163531418877282,False,87,0.0,True
23,-1.614344808820821,False,,-1.614344808820821,False,87,0.0,True
24,-1.615252984612326,False,,-1.615252984612326,False,87,0.0,True
25,-1.622763480558916,False,,-1.622763480558916,False,87,0.0,True
26,-1.6145535114042158,False,,-1.6145535114042158,False,87,0.0,True
27,-1.6210233472746205,False,,-1.6210233472746205,False,87,0.0,True
28,-1.6192346485045683,False,,-1.6192346485045683,False,87,0.0,True
29,-1.6314038769215147,False,,-1.6314038769215147,False,87,0.0,True
30,-1.6281218302663842,False,,-1.6281218302663842,False,87,0.0,True
31,-1.6100896166058454,False,,-1.6100896166058454,False,87,0.0,True
32,-1.6302903043221884,False,,-1.6302903043221884,False,87,0.0,True
33,-1.632344949990393,False,,-1.632344949990393,False,87,0.0,True
34,-1.6205480702989932,False,,-1.6205480702989932,False,87,0.0,True
35,-1.6330268295104167,False,,-1.6330268295104167,False,87,0.0,True
36,-1.6121177090487968,False,,-1.6121177090487968,False,87,0.0,True
37,-1.6283146335813086,False,,-1.6283146335813086,False,87,0.0,True
38,-1.6085222630881206,False,,-1.6085222630881206,False,87,0.0,True
39,-1.6190577414563643,False,,-1.6190577414563643,False,87,0.0,True
40,-1.6219017647357403,False,,-1.6219017647357403,False,87,0.0,True
41,-1.6290061533953781,False,,-1.6290061533953781,False,87,0.0,True
42,-1.62108543194885,False,,-1.62108543194885,False,87,0.0,True
43,-1.6216866675888042,False,,-1.6216866675888042,False,87,0.0,True
44,-1.6210085760596225,False,,-1.6210085760596225,False,87,0.0,True
45,-1.6220345467865622,False,,-1.6220345467865622,False,87,0.0,True
46,-1.6239813046749147,False,,-1.6239813046749147,False,87,0.0,True
47,-1.6133995912373202,False,,-1.6133995912373202,False,87,0.0,True
48,-1.6152904458685793,False,,-1.6152904458685793,False,87,0.0,True
49,-1.617293796836923,False,,-1.617293796836923,False,87,0.0,True
50,-1.6307167183856306,False,,-1.6307167183856306,False,87,0.0,True
51,-1.6036279663177337,False,,-1.6036279663177337,False,87,0.0,True
52,-1.6155794637330267,False,,-1.6155794637330267,False,87,0.0,True
53,-1.6347189599320595,False,,-1.6347189599320595,False,87,0.0,True
54,-1.6199613235231614,False,,-1.6199613235231614,False,87,0.0,True
55,-1.6172558779879092,False,,-1.6172558779879092,False,87,0.0,True
56,-1.626935800588929,False,,-1.626935800588929,False,87,0.0,True
57,-1.6161118483466093,False,,-1.6161118483466093,False,87,0.0,True
58,-1.6250441112693894,False,,-1.6250441112693894,False,87,0.0,True
59,-1.6304428539911404,False,,-1.6304428539911404,False,87,0.0,True
60,-1.6321257871124522,False,,-1.6321257871124522,False,87,0.0,True
61,-1.61884763470762,False,,-1.61884763470762,False,87,0.0,True
62,-1.6262837034273638,False,,-1.6262837034273638,False,87,0.0,True
63,-1.6278505224469342,False,,-1.6278505224469342,False,87,0.0,True
0,-0.14208196303124487,True,,-0.14208196303124487,True,88,0.0,True
1,-0.14559469652275747,False,,-0.14559469652275747,False,88,0.0,True
2,-0.09126789544340208,False,,-0.09126789544340208,False,88,0.0,True
3,-0.08727929535943368,False,,-0.08727929535943368,False,88,0.0,True
4,-0.09470234293001956,False,,-0.09470234293001956,False,88,0.0,True
5,-0.0944866901222563,False,,-0.0944866901222563,False,88,0.0,True
6,-0.0905038599277328,False,,-0.0905038599277328,False,88,0.0,True
7,-0.09888856636169208,False,,-0.09888856636169208,False,88,0.0,True
8,-0.0942480174148943,False,,-0.0942480174148943,False,88,0.0,True
9,-0.08970273481018798,False,,-0.08970273481018798,False,88,0.0,True
10,-0.10611071848026055,False,,-0.10611071848026055,False,88,0.0,True
11,-0.09090212374311091,False,,-0.09090212374311091,False,88,0.0,True
12,-0.09517140349678033,False,,-0.09517140349678033,False,88,0.0,True
13,-0.09557934385625377,False,,-0.09557934385625377,False,88,0.0,True
14,-0.09009715308795685,False,,-0.09009715308795685,False,88,0.0,True
15,-0.08709504804924739,False,,-0.08709504804924739,False,88,0.0,True
16,-0.09111904128652326,False,,-0.09111904128652326,False,88,0.0,True
17,-0.09659207761161182,False,,-0.09659207761161182,False,88,0.0,True
18,-0.09999646167954968,False,,-0.09999646167954968,False,88,0.0,True
19,-0.0893264470235049,False,,-0.0893264470235049,False,88,0.0,True
20,-0.09073360253834828,False,,-0.09073360253834828,False,88,0.0,True
21,-0.09264496193609695,False,,-0.09264496193609695,False,88,0.0,True
22,-0.09513555798242623,False,,-0.09513555798242623,False,88,0.0,True
23,-0.08567690713110321,False,,-0.08567690713110321,False,88,0.0,True
24,-0.09929805549900128,False,,-0.09929805549900128,False,88,0.0,True
25,-0.09539633940289871,False,,-0.09539633940289871,False,88,0.0,True
26,-0.09757842096584102,False,,-0.09757842096584102,False,88,0.0,True
27,-0.09040062336185861,False,,-0.09040062336185861,False,88,0.0,True
28,-0.08849159383891636,False,,-0.08849159383891636,False,88,0.0,True
29,-0.09174348530767573,False,,-0.09174348530767573,False,88,0.0,True
30,-0.09621588231308498,False,,-0.09621588231308498,False,88,0.0,True
31,-0.10728234851881258,False,,-0.10728234851881258,False,88,0.0,True
32,-0.1011516072825902,False,,-0.1011516072825902,False,88,0.0,True
33,-0.09494706561188826,False,,-0.09494706561188826,False,88,0.0,True
34,-0.08996375376612731,False,,-0.08996375376612731,False,88,0.0,True
35,-0.09525557715350663,False,,-0.09525557715350663,False,88,0.0,True
36,-0.09691064474291577,False,,-0.09691064474291577,False,88,0.0,True
37,-0.10081866539967099,False,,-0.10081866539967099,False,88,0.0,True
38,-0.09077496522223227,False,,-0.09077496522223227,False,88,0.0,True
39,-0.08944405743065298,False,,-0.08944405743065298,False,88,0.0,True
40,-0.08965079809693566,False,,-0.08965079809693566,False,88,0.0,True
41,-0.0990460181898789,False,,-0.0990460181898789,False,88,0.0,True
42,-0.0864534452559842,False,,-0.0864534452559842,False,88,0.0,True
43,-0.08803624676578381,False,,-0.08803624676578381,False,88,0.0,True
44,-0.09325417488228371,False,,-0.09325417488228371,False,88,0.0,True
45,-0.09592857741884009,False,,-0.09592857741884009,False,88,0.0,True
46,-0.09392774701804396,False,,-0.09392774701804396,False,88,0.0,True
47,-0.09117751190857848,False,,-0.09117751190857848,False,88,0.0,True
48,-0.09079054548083021,False,,-0.09079054548083021,False,88,0.0,True
49,-0.10159313754250188,False,,-0.10159313754250188,False,88,0.0,True
50,-0.10201718823070016,False,,-0.10201718823070016,False,88,0.0,True
51,-0.090543231802245,False,,-0.090543231802245,False,88,0.0,True
52,-0.09161293320458608,False,,-0.09161293320458608,False,88,0.0,True
53,-0.09416903815764854,False,,-0.09416903815764854,False,88,0.0,True
54,-0.08702906389230791,False,,-0.08702906389230791,False,88,0.0,True
55,-0.09343460341020537,False,,-0.09343460341020537,False,88,0.0,True
56,-0.09282767763895095,False,,-0.09282767763895095,False,88,0.0,True
57,-0.09068819597849087,False,,-0.09068819597849087,False,88,0.0,True
58,-0.09861023281949222,False,,-0.09861023281949222,False,88,0.0,True
59,-0.09628733056478733,False,,-0.09628733056478733,False,88,0.0,True
60,-0.099629401322187,False,,-0.099629401322187,False,88,0.0,True
61,-0.08899544839456652,False,,-0.08899544839456652,False,88,0.0,True
62,-0.09490398571210812,False,,-0.09490398571210812,False,88,0.0,True
63,-0.09498257072077632,False,,-0.09498257072077632,False,88,0.0,True
0,-1.6708672645737082,True,,-1.6708672645737082,True,89,0.0,True
1,-1.6697968627231563,False,,-1.6697968627231563,False,89,0.0,True
2,-1.6387832457704596,False,,-1.6387832457704596,False,89,0.0,True
3,-1.6376197208223555,False,,-1.6376197208223555,False,89,0.0,True
4,-1.6435697917227572,False,,-1.6435697917227572,False,89,0.0,True
5,-1.6359718698654295,False,,-1.6359718698654295,False,89,0.0,True
6,-1.643811892695856,False,,-1.643811892695856,False,89,0.0,True
7,-1.6410720626527986,False,,-1.6410720626527986,False,89,0.0,True
8,-1.6336383350692627,False,,-1.6336383350692627,False,89,0.0,True
9,-1.6437962842493408,False,,-1.6437962842493408,False,89,0.0,True
10,-1.6337758814172185,False,,-1.6337758814172185,False,89,0.0,True
11,-1.639324028912877,False,,-1.639324028912877,False,89,0.0,True
12,-1.6372828591271027,False,,-1.6372828591271027,False,89,0.0,True
13,-1.6326892120097363,False,,-1.6326892120097363,False,89,0.0,True
14,-1.6349068661147237,False,,-1.6349068661147237,False,89,0.0,True
15,-1.6367454244694892,False,,-1.6367454244694892,False,89,0.0,True
16,-1.6382005755816513,False,,-1.6382005755816513,False,89,0.0,True
17,-1.6356247656479037,False,,-1.6356247656479037,False,89,0.0,True
18,-1.6380053140497128,False,,-1.6380053140497128,False,89,0.0,True
19,-1.6351721958601502,False,,-1.6351721958601502,False,89,0.0,True
20,-1.6420556216921718,False,,-1.6420556216921718,False,89,0.0,True
21,-1.6379271493528091,False,,-1.6379271493528091,False,89,0.0,True
22,-1.649850216669501,False,,-1.649850216669501,False,89,0.0,True
23,-1.644089606169865,False,,-1.644089606169865,False,89,0.0,True
24,-1.6496443202563655,False,,-1.6496443202563655,False,89,0.0,True
25,-1.6416936972281586,False,,-1.6416936972281586,False,89,0.0,True
26,-1.6350898969130845,False,,-1.6350898969130845,False,89,0.0,True
27,-1.645356641787775,False,,-1.645356641787775,False,89,0.0,True
28,-1.6431018457402216,False,,-1.6431018457402216,False,89,0.0,True
29,-1.6382547998077697,False,,-1.6382547998077697,False,89,0.0,True
30,-1.6359898761141796,False,,-1.6359898761141796,False,89,0.0,True
31,-1.6428094909157356,False,,-1.6428094909157356,False,89,0.0,True
32,-1.6418866365428404,False,,-1.6418866365428404,False,89,0.0,True
33,-1.640754831776968,False,,-1.640754831776968,False,89,0.0,True
34,-1.644471938978124,False,,-1.644471938978124,False,89,0.0,True
35,-1.6388400016732447,False,,-1.6388400016732447,False,89,0.0,True
36,-1.6330186092745549,False,,-1.6330186092745549,False,89,0.0,True
37,-1.6367506840662491,False,,-1.6367506840662491,False,89,0.0,True
38,-1.6450584983857006,False,,-1.6450584983857006,False,89,0.0,True
39,-1.6386450925460112,False,,-1.6386450925460112,False,89,0.0,True
40,-1.6351758202974178,False,,-1.6351758202974178,False,89,0.0,True
41,-1.6365228437907948,False,,-1.6365228437907948,False,89,0.0,True
42,-1.6452999794351417,False,,-1.6452999794351417,False,89,0.0,True
43,-1.6410177589323494,False,,-1.6410177589323494,False,89,0.0,True
44,-1.6447313097498586,False,,-1.6447313097498586,False,89,0.0,True
45,-1.6385768042969604,False,,-1.6385768042969604,False,89,0.0,True
46,-1.6390806791346337,False,,-1.6390806791346337,False,89,0.0,True
47,-1.635980111131655,False,,-1.635980111131655,False,89,0.0,True
48,-1.6396388316009494,False,,-1.6396388316009494,False,89,0.0,True
49,-1.64070003127156,False,,-1.64070003127156,False,89,0.0,True
50,-1.643020671097866,False,,-1.643020671097866,False,89,0.0,True
51,-1.6353641741064926,False,,-1.6353641741064926,False,89,0.0,True
52,-1.6353338642600845,False,,-1.6353338642600845,False,89,0.0,True
53,-1.6423283400204627,False,,-1.6423283400204627,False,89,0.0,True
54,-1.6365946974950725,False,,-1.6365946974950725,False,89,0.0,True
55,-1.6456043399361038,False,,-1.6456043399361038,False,89,0.0,True
56,-1.6431798596150806,False,,-1.6431798596150806,False,89,0.0,True
57,-1.640313430178976,False,,-1.640313430178976,False,89,0.0,True
58,-1.6471883876362907,False,,-1.6471883876362907,False,89,0.0,True
59,-1.6476751365146218,False,,-1.6476751365146218,False,89,0.0,True
60,-1.6428209164208771,False,,-1.6428209164208771,False,89,0.0,True
61,-1.6353450800946967,False,,-1.6353450800946967,False,89,0.0,True
62,-1.6408592266747268,False,,-1.6408592266747268,False,89,0.0,True
63,-1.6341696951136615,False,,-1.6341696951136615,False,89,0.0,True
0,-0.227027610441342,True,,-0.227027610441342,True,90,0.0,True
1,-0.21990803576282353,False,,-0.21990803576282353,False,90,0.0,True
2,-0.18096867576360554,False,,-0.18096867576360554,False,90,0.0,True
3,-0.18550990349058294,False,,-0.18550990349058294,False,90,0.0,True
4,-0.187201612326245,False,,-0.187201612326245,False,90,0.0,True
5,-0.18588443583344916,False,,-0.18588443583344916,False,90,0.0,True
6,-0.18171702102383747,False,,-0.18171702102383747,False,90,0.0,True
7,-0.18488353865102525,False,,-0.18488353865102525,False,90,0.0,True
8,-0.18873568837617616,False,,-0.18873568837617616,False,90,0.0,True
9,-0.19568918653021694,False,,-0.19568918653021694,False,90,0.0,True
10,-0.18073227554023363,False,,-0.18073227554023363,False,90,0.0,True
11,-0.18853866642232708,False,,-0.18853866642232708,False,90,0.0,True
12,-0.18657316862280404,False,,-0.18657316862280404,False,90,0.0,True
13,-0.1795921308757591,False,,-0.1795921308757591,False,90,0.0,True
14,-0.17671587897961893,False,,-0.17671587897961893,False,90,0.0,True
15,-0.1849511941318553,False,,-0.1849511941318553,False,90,0.0,True
16,-0.1831508388575638,False,,-0.1831508388575638,False,90,0.0,True
17,-0.17905854865188514,False,,-0.17905854865188514,False,90,0.0,True
18,-0.18191097624835373,False,,-0.18191097624835373,False,90,0.0,True
19,-0.18490214687632922,False,,-0.18490214687632922,False,90,0.0,True
20,-0.18959622303598267,False,,-0.18959622303598267,False,90,0.0,True
21,-0.1831488509566439,False,,-0.1831488509566439,False,90,0.0,True
22,-0.18846777905591977,False,,-0.18846777905591977,False,90,0.0,True
23,-0.19046166407231513,False,,-0.19046166407231513,False,90,0.0,True
24,-0.18418045347885093,False,,-0.18418045347885093,False,90,0.0,True
25,-0.18327337344397798,False,,-0.18327337344397798,False,90,0.0,True
26,-0.1833507639753429,False,,-0.1833507639753429,False,90,0.0,True
27,-0.19601728360001625,False,,-0.19601728360001625,False,90,0.0,True
28,-0.18989618444025735,False,,-0.18989618444025735,False,90,0.0,True
29,-0.1906357653037696,False,,-0.1906357653037696,False,90,0.0,True
30,-0.18538495299181257,False,,-0.18538495299181257,False,90,0.0,True
31,-0.18067610424225483,False,,-0.18067610424225483,False,90,0.0,True
32,-0.19431124084279827,False,,-0.19431124084279827,False,90,0.0,True
33,-0.18268274551070668,False,,-0.18268274551070668,False,90,0.0,True
34,-0.17499757675016103,False,,-0.17499757675016103,False,90,0.0,True
35,-0.18044754250713435,False,,-0.18044754250713435,False,90,0.0,True
36,-0.18750142352989535,False,,-0.18750142352989535,False,90,0.0,True
37,-0.18650253365680314,False,,-0.18650253365680314,False,90,0.0,True
38,-0.18958731903572645,False,,-0.18958731903572645,False,90,0.0,True
39,-0.18074359616186353,False,,-0.18074359616186353,False,90,0.0,True
40,-0.17663553587713793,False,,-0.17663553587713793,False,90,0.0,True
41,-0.2058484379122525,False,,-0.2058484379122525,False,90,0.0,True
42,-0.18533958641159276,False,,-0.18533958641159276,False,90,0.0,True
43,-0.18204427890030495,False,,-0.18204427890030495,False,90,0.0,True
44,-0.18146969820737874,False,,-0.18146969820737874,False,90,0.0,True
45,-0.18980386811390293,False,,-0.18980386811390293,False,90,0.0,True
46,-0.17857461704212207,False,,-0.17857461704212207,False,90,0.0,True
47,-0.18250484073679282,False,,-0.18250484073679282,False,90,0.0,True
48,-0.18269975041208886,False,,-0.18269975041208886,False,90,0.0,True
49,-0.17896933362530598,False,,-0.17896933362530598,False,90,0.0,True
50,-0.18489330363488787,False,,-0.18489330363488787,False,90,0.0,True
51,-0.18446993917220245,False,,-0.18446993917220245,False,90,0.0,True
52,-0.18381505679210752,False,,-0.18381505679210752,False,90,0.0,True
53,-0.18921677224094294,False,,-0.18921677224094294,False,90,0.0,True
54,-0.19557181187619654,False,,-0.19557181187619654,False,90,0.0,True
55,-0.1796465014813895,False,,-0.1796465014813895,False,90,0.0,True
56,-0.19748601177616498,False,,-0.19748601177616498,False,90,0.0,True
57,-0.18210611524933928,False,,-0.18210611524933928,False,90,0.0,True
58,-0.1907143697357916,False,,-0.1907143697357916,False,90,0.0,True
59,-0.19196871235979907,False,,-0.19196871235979907,False,90,0.0,True
60,-0.18555642795076233,False,,-0.18555642795076233,False,90,0.0,True
61,-0.183659697003818,False,,-0.183659697003818,False,90,0.0,True
62,-0.18098071568248655,False,,-0.18098071568248655,False,90,0.0,True
63,-0.1849074407264062,False,,-0.1849074407264062,False,90,0.0,True
0,1.2328858080821123,True,,1.2328858080821123,True,91,0.0,True
1,-0.1266226752691022,False,,-0.1266226752691022,False,91,0.0,True
2,-0.13324739032452193,False,,-0.13324739032452193,False,91,0.0,True
3,1.2364225367811337,False,,1.2364225367811337,False,91,0.0,True
4,1.235705662025199,False,,1.235705662025199,False,91,0.0,True
5,1.237032898597589,False,,1.237032898597589,False,91,0.0,True
6,-0.1218782383090323,False,,-0.1218782383090323,False,91,0.0,True
7,1.234612620051112,False,,1.234612620051112,False,91,0.0,True
8,1.232740952614775,False,,1.232740952614775,False,91,0.0,True
9,1.2366607941124454,False,,1.2366607941124454,False,91,0.0,True
10,1.2338801901083651,False,,1.2338801901083651,False,91,0.0,True
11,-0.12744040639233425,False,,-0.12744040639233425,False,91,0.0,True
12,1.2278872130167569,False,,1.2278872130167569,False,91,0.0,True
13,1.235194516902105,False,,1.235194516902105,False,91,0.0,True
14,-0.1310391016366319,False,,-0.1310391016366319,False,91,0.0,True
15,1.2392110076709766,False,,1.2392110076709766,False,91,0.0,True
16,1.2390406912383796,False,,1.2390406912383796,False,91,0.0,True
17,1.2372631794657005,False,,1.2372631794657005,False,91,0.0,True
18,1.2345031420668484,False,,1.2345031420668484,False,91,0.0,True
19,1.2302989561937807,False,,1.2302989561937807,False,91,0.0,True
20,-0.1303042526510438,False,,-0.1303042526510438,False,91,0.0,True
21,1.2392370055523247,False,,1.2392370055523247,False,91,0.0,True
22,1.236886845334489,False,,1.236886845334489,False,91,0.0,True
23,1.231189325745196,False,,1.231189325745196,False,91,0.0,True
24,1.2306106973468374,False,,1.2306106973468374,False,91,0.0,True
25,-0.1378285445246277,False,,-0.1378285445246277,False,91,0.0,True
26,1.223422922512666,False,,1.223422922512666,False,91,0.0,True
27,1.2317187545926547,False,,1.2317187545926547,False,91,0.0,True
28,-0.14109079008574527,False,,-0.14109079008574527,False,91,0.0,True
29,1.2306446263128779,False,,1.2306446263128779,False,91,0.0,True
30,1.2340512692249865,False,,1.2340512692249865,False,91,0.0,True
31,1.2350486900681712,False,,1.2350486900681712,False,91,0.0,True
32,1.23396385961546,False,,1.23396385961546,False,91,0.0,True
33,1.2352908083321368,False,,1.2352908083321368,False,91,0.0,True
34,1.235495383075358,False,,1.235495383075358,False,91,0.0,True
35,1.2308620088176996,False,,1.2308620088176996,False,91,0.0,True
36,1.2324756863073032,False,,1.2324756863073032,False,91,0.0,True
37,1.2396795164591063,False,,1.2396795164591063,False,91,0.0,True
38,1.2292440614318874,False,,1.2292440614318874,False,91,0.0,True
39,1.2279963383122414,False,,1.2279963383122414,False,91,0.0,True
40,1.23957993957774,False,,1.23957993957774,False,91,0.0,True
41,1.2337700035281491,False,,1.2337700035281491,False,91,0.0,True
42,1.2297277186194502,False,,1.2297277186194502,False,91,0.0,True
43,-0.12753609932456605,False,,-0.12753609932456605,False,91,0.0,True
44,1.2280786776556143,False,,1.2280786776556143,False,91,0.0,True
45,1.2380020850911315,False,,1.2380020850911315,False,91,0.0,True
46,1.2308057386031328,False,,1.2308057386031328,False,91,0.0,True
47,1.2300371633427942,False,,1.2300371633427942,False,91,0.0,True
48,1.235176277408606,False,,1.235176277408606,False,91,0.0,True
49,1.2310181147788024,False,,1.2310181147788024,False,91,0.0,True
50,1.241779196731754,False,,1.241779196731754,False,91,0.0,True
51,1.2268868873389878,False,,1.2268868873389878,False,91,0.0,True
52,1.2307507269089202,False,,1.2307507269089202,False,91,0.0,True
53,1.2341065311661987,False,,1.2341065311661987,False,91,0.0,True
54,-0.13204981825216666,False,,-0.13204981825216666,False,91,0.0,True
55,1.2391448683151525,False,,1.2391448683151525,False,91,0.0,True
56,1.235640015722962,False,,1.235640015722962,False,91,0.0,True
57,-0.12869323525444842,False,,-0.12869323525444842,False,91,0.0,True
58,1.2282210799395108,False,,1.2282210799395108,False,91,0.0,True
59,-0.15862258882630903,False,,-0.15862258882630903,False,91,0.0,True
60,1.2292130084825406,False,,1.2292130084825406,False,91,0.0,True
61,1.2361157374659455,False,,1.2361157374659455,False,91,0.0,True
62,-0.14181271302344706,False,,-0.14181271302344706,False,91,0.0,True
63,1.2314810389961712,False,,1.2314810389961712,False,91,0.0,True
0,-0.11827931444213785,False,,-0.11827931444213785,False,92,0.0,True
1,-0.11493851100949098,False,,-0.11493851100949098,False,92,0.0,True
2,-0.14159485203383784,False,,-0.14159485203383784,False,92,0.0,True
3,-0.1647880737667325,False,,-0.1647880737667325,False,92,0.0,True
4,-0.14006216968339846,False,,-0.14006216968339846,False,92,0.0,True
5,-0.14752679381116188,False,,-0.14752679381116188,False,92,0.0,True
6,-0.16683050553016382,False,,-0.16683050553016382,False,92,0.0,True
7,-0.1215694387828635,False,,-0.1215694387828635,False,92,0.0,True
8,1.2454119751451866,False,,1.2454119751451866,False,92,0.0,True
9,-0.1324736614281073,False,,-0.1324736614281073,False,92,0.0,True
10,-0.1394645586301379,False,,-0.1394645586301379,False,92,0.0,True
11,-0.13216729456241613,False,,-0.13216729456241613,False,92,0.0,True
12,-0.12151310302263152,False,,-0.12151310302263152,False,92,0.0,True
13,-0.1241704220464029,False,,-0.1241704220464029,False,92,0.0,True
14,-0.16547019641781469,False,,-0.16547019641781469,False,92,0.0,True
15,-0.12157630443417228,False,,-0.12157630443417228,False,92,0.0,True
16,-0.12918562945125206,False,,-0.12918562945125206,False,92,0.0,True
17,-0.1364847508140615,False,,-0.1364847508140615,False,92,0.0,True
18,-0.13219245052252857,False,,-0.13219245052252857,False,92,0.0,True
19,-0.129214019961367,False,,-0.129214019961367,False,92,0.0,True
20,-0.11325192102255593,False,,-0.11325192102255593,False,92,0.0,True
21,-0.11441319524477381,False,,-0.11441319524477381,False,92,0.0,True
22,-0.12149089142355388,False,,-0.12149089142355388,False,92,0.0,True
23,-0.1433568935894199,False,,-0.1433568935894199,False,92,0.0,True
24,-0.11527729051348584,False,,-0.11527729051348584,False,92,0.0,True
25,-0.12997185707394482,False,,-0.12997185707394482,False,92,0.0,True
26,-0.13024311348917947,False,,-0.13024311348917947,False,92,0.0,True
27,-0.10271552050531652,False,,-0.10271552050531652,False,92,0.0,True
28,-0.13923116726636026,False,,-0.13923116726636026,False,92,0.0,True
29,-0.13014471172237574,False,,-0.13014471172237574,False,92,0.0,True
30,1.256938293447522,True,,1.256938293447522,True,92,0.0,True
31,-0.10675669165447145,False,,-0.10675669165447145,False,92,0.0,True
32,-0.12428575201437637,False,,-0.12428575201437637,False,92,0.0,True
33,-0.12396695043769251,False,,-0.12396695043769251,False,92,0.0,True
34,-0.16556178570377145,False,,-0.16556178570377145,False,92,0.0,True
35,-0.1201646692146689,False,,-0.1201646692146689,False,92,0.0,True
36,-0.1218592953433383,False,,-0.1218592953433383,False,92,0.0,True
37,-0.12234919292451986,False,,-0.12234919292451986,False,92,0.0,True
38,-0.13292165724407382,False,,-0.13292165724407382,False,92,0.0,True
39,-0.12999412096554025,False,,-0.12999412096554025,False,92,0.0,True
40,-0.16591615718630542,False,,-0.16591615718630542,False,92,0.0,True
41,-0.10794577617604334,False,,-0.10794577617604334,False,92,0.0,True
42,-0.13307432674189096,False,,-0.13307432674189096,False,92,0.0,True
43,-0.15918245200984604,False,,-0.15918245200984604,False,92,0.0,True
44,-0.14606258316026038,False,,-0.14606258316026038,False,92,0.0,True
45,-0.12354517516526017,False,,-0.12354517516526017,False,92,0.0,True
46,-0.13832203594613912,False,,-0.13832203594613912,False,92,0.0,True
47,-0.12769706708873707,False,,-0.12769706708873707,False,92,0.0,True
48,-0.10576653708094799,False,,-0.10576653708094799,False,92,0.0,True
49,-0.12430846934539831,False,,-0.12430846934539831,False,92,0.0,True
50,-0.12013526686542392,False,,-0.12013526686542392,False,92,0.0,True
51,-0.15064338673169186,False,,-0.15064338673169186,False,92,0.0,True
52,-0.14079232915986317,False,,-0.14079232915986317,False,92,0.0,True
53,-0.1301334585463565,False,,-0.1301334585463565,False,92,0.0,True
54,-0.13962458117752924,False,,-0.13962458117752924,False,92,0.0,True
55,-0.15657786373362248,False,,-0.15657786373362248,False,92,0.0,True
56,-0.1145522093945397,False,,-0.1145522093945397,False,92,0.0,True
57,-0.12216971635580715,False,,-0.12216971635580715,False,92,0.0,True
58,-0.11403896502318536,False,,-0.11403896502318536,False,92,0.0,True
59,-0.15745277835890809,False,,-0.15745277835890809,False,92,0.0,True
60,-0.16771967327228643,False,,-0.16771967327228643,False,92,0.0,True
61,-0.13111457168815666,False,,-0.13111457168815666,False,92,0.0,True
62,-0.12879860041294883,False,,-0.12879860041294883,False,92,0.0,True
63,-0.1568487090330096,False,,-0.1568487090330096,False,92,0.0,True
0,-0.21715316976301624,True,,-0.21715316976301624,True,93,0.0,True
1,-0.2511559246697257,False,,-0.2511559246697257,False,93,0.0,True
2,-0.18888823824701953,False,,-0.18888823824701953,False,93,0.0,True
3,-0.1918879199531478,False,,-0.1918879199531478,False,93,0.0,True
4,-0.17845945527571372,False,,-0.17845945527571372,False,93,0.0,True
5,-0.18812736284124143,False,,-0.18812736284124143,False,93,0.0,True
6,-0.18403309182768934,False,,-0.18403309182768934,False,93,0.0,True
7,-0.1882503902338415,False,,-0.1882503902338415,False,93,0.0,True
8,-0.1911736049191074,False,,-0.1911736049191074,False,93,0.0,True
9,-0.18806127763843183,False,,-0.18806127763843183,False,93,0.0,True
10,-0.19739409465650004,False,,-0.19739409465650004,False,93,0.0,True
11,-0.1883256823022168,False,,-0.1883256823022168,False,93,0.0,True
12,-0.189854365153048,False,,-0.189854365153048,False,93,0.0,True
13,-0.18924525386790347,False,,-0.18924525386790347,False,93,0.0,True
14,-0.1903976620919467,False,,-0.1903976620919467,False,93,0.0,True
15,-0.1948095481354597,False,,-0.1948095481354597,False,93,0.0,True
16,-0.18089393818779143,False,,-0.18089393818779143,False,93,0.0,True
17,-0.18994370437795682,False,,-0.18994370437795682,False,93,0.0,True
18,-0.1919309570807266,False,,-0.1919309570807266,False,93,0.0,True
19,-0.1930937936959246,False,,-0.1930937936959246,False,93,0.0,True
20,-0.19238075210821393,False,,-0.19238075210821393,False,93,0.0,True
21,-0.18492346470706056,False,,-0.18492346470706056,False,93,0.0,True
22,-0.18324526145524445,False,,-0.18324526145524445,False,93,0.0,True
23,-0.18551145488536158,False,,-0.18551145488536158,False,93,0.0,True
24,-0.18602689620544166,False,,-0.18602689620544166,False,93,0.0,True
25,-0.18758507184353745,False,,-0.18758507184353745,False,93,0.0,True
26,-0.19055456261868642,False,,-0.19055456261868642,False,93,0.0,True
27,-0.1894139910370758,False,,-0.1894139910370758,False,93,0.0,True
28,-0.19314008955811543,False,,-0.19314008955811543,False,93,0.0,True
29,-0.18530438954795292,False,,-0.18530438954795292,False,93,0.0,True
30,-0.19175798444081193,False,,-0.19175798444081193,False,93,0.0,True
31,-0.19386274757496724,False,,-0.19386274757496724,False,93,0.0,True
32,-0.1925909087265274,False,,-0.1925909087265274,False,93,0.0,True
33,-0.19207202267211576,False,,-0.19207202267211576,False,93,0.0,True
34,-0.18754705825880902,False,,-0.18754705825880902,False,93,0.0,True
35,-0.19393420831114438,False,,-0.19393420831114438,False,93,0.0,True
36,-0.18521271606347,False,,-0.18521271606347,False,93,0.0,True
37,-0.18867370908250036,False,,-0.18867370908250036,False,93,0.0,True
38,-0.18636471884681938,False,,-0.18636471884681938,False,93,0.0,True
39,-0.1892983269778996,False,,-0.1892983269778996,False,93,0.0,True
40,-0.18441861426089812,False,,-0.18441861426089812,False,93,0.0,True
41,-0.1923624921920597,False,,-0.1923624921920597,False,93,0.0,True
42,-0.1878439860584069,False,,-0.1878439860584069,False,93,0.0,True
43,-0.19227610486999858,False,,-0.19227610486999858,False,93,0.0,True
44,-0.18947292483135536,False,,-0.18947292483135536,False,93,0.0,True
45,-0.18688416534467844,False,,-0.18688416534467844,False,93,0.0,True
46,-0.19325546155701656,False,,-0.19325546155701656,False,93,0.0,True
47,-0.18794130697828848,False,,-0.18794130697828848,False,93,0.0,True
48,-0.18711824046625547,False,,-0.18711824046625547,False,93,0.0,True
49,-0.1880557081134362,False,,-0.1880557081134362,False,93,0.0,True
50,-0.19980858647985622,False,,-0.19980858647985622,False,93,0.0,True
51,-0.19060877687697197,False,,-0.19060877687697197,False,93,0.0,True
52,-0.19243611627411883,False,,-0.19243611627411883,False,93,0.0,True
53,-0.18625593140876684,False,,-0.18625593140876684,False,93,0.0,True
54,-0.1849213760451363,False,,-0.1849213760451363,False,93,0.0,True
55,-0.18774179900004162,False,,-0.18774179900004162,False,93,0.0,True
56,-0.1955870215801434,False,,-0.1955870215801434,False,93,0.0,True
57,-0.1889908293867133,False,,-0.1889908293867133,False,93,0.0,True
58,-0.18288896215869,False,,-0.18288896215869,False,93,0.0,True
59,-0.19545141105624175,False,,-0.19545141105624175,False,93,0.0,True
60,-0.1917151876275751,False,,-0.1917151876275751,False,93,0.0,True
61,-0.1895810536144471,False,,-0.1895810536144471,False,93,0.0,True
62,-0.18507115020280107,False,,-0.18507115020280107,False,93,0.0,True
63,-0.18234991230181152,False,,-0.18234991230181152,False,93,0.0,True
0,-1.6856747838787702,True,,-1.6856747838787702,True,94,0.0,True
1,-1.6609055412727618,False,,-1.6609055412727618,False,94,0.0,True
2,-1.626093291002014,False,,-1.626093291002014,False,94,0.0,True
3,-1.639243087748528,False,,-1.639243087748528,False,94,0.0,True
4,-1.6342362574779905,False,,-1.6342362574779905,False,94,0.0,True
5,-1.6339973057857737,False,,-1.6339973057857737,False,94,0.0,True
6,-1.622641861511439,False,,-1.622641861511439,False,94,0.0,True
7,-1.625682198329214,False,,-1.625682198329214,False,94,0.0,True
8,-1.6223938770670758,False,,-1.6223938770670758,False,94,0.0,True
9,-1.6330591105132617,False,,-1.6330591105132617,False,94,0.0,True
10,-1.6319940617012485,False,,-1.6319940617012485,False,94,0.0,True
11,-1.6268401443324,False,,-1.6268401443324,False,94,0.0,True
12,-1.6336830307092975,False,,-1.6336830307092975,False,94,0.0,True
13,-1.627126021933501,False,,-1.627126021933501,False,94,0.0,True
14,-1.6275729759980118,False,,-1.6275729759980118,False,94,0.0,True
15,-1.6352359050484895,False,,-1.6352359050484895,False,94,0.0,True
16,-1.6264750762721183,False,,-1.6264750762721183,False,94,0.0,True
17,-1.6232269323556214,False,,-1.6232269323556214,False,94,0.0,True
18,-1.6350190666065962,False,,-1.6350190666065962,False,94,0.0,True
19,-1.6251608210977897,False,,-1.6251608210977897,False,94,0.0,True
20,-1.6300291553271578,False,,-1.6300291553271578,False,94,0.0,True
21,-1.6383052752978244,False,,-1.6383052752978244,False,94,0.0,True
22,-1.6318446256745878,False,,-1.6318446256745878,False,94,0.0,True
23,-1.624997767934424,False,,-1.624997767934424,False,94,0.0,True
24,-1.6317387659097888,False,,-1.6317387659097888,False,94,0.0,True
25,-1.6269016964670935,False,,-1.6269016964670935,False,94,0.0,True
26,-1.63239855524362,False,,-1.63239855524362,False,94,0.0,True
27,-1.622905960446369,False,,-1.622905960446369,False,94,0.0,True
28,-1.6333699721052655,False,,-1.6333699721052655,False,94,0.0,True
29,-1.6248857779305377,False,,-1.6248857779305377,False,94,0.0,True
30,-1.6322139069653085,False,,-1.6322139069653085,False,94,0.0,True
31,-1.6487180377526032,False,,-1.6487180377526032,False,94,0.0,True
32,-1.6257948168952392,False,,-1.6257948168952392,False,94,0.0,True
33,-1.6396132293296009,False,,-1.6396132293296009,False,94,0.0,True
34,-1.646939802725498,False,,-1.646939802725498,False,94,0.0,True
35,-1.636995877579681,False,,-1.636995877579681,False,94,0.0,True
36,-1.634007703119014,False,,-1.634007703119014,False,94,0.0,True
37,-1.6219216056431471,False,,-1.6219216056431471,False,94,0.0,True
38,-1.641250119575096,False,,-1.641250119575096,False,94,0.0,True
39,-1.6290812107134314,False,,-1.6290812107134314,False,94,0.0,True
40,-1.6226409123521126,False,,-1.6226409123521126,False,94,0.0,True
41,-1.621891913570492,False,,-1.621891913570492,False,94,0.0,True
42,-1.6362380015590436,False,,-1.6362380015590436,False,94,0.0,True
43,-1.6176870038412312,False,,-1.6176870038412312,False,94,0.0,True
44,-1.6225108295945396,False,,-1.6225108295945396,False,94,0.0,True
45,-1.6255486837178443,False,,-1.6255486837178443,False,94,0.0,True
46,-1.628195850068282,False,,-1.628195850068282,False,94,0.0,True
47,-1.6263222305883016,False,,-1.6263222305883016,False,94,0.0,True
48,-1.6268889265105904,False,,-1.6268889265105904,False,94,0.0,True
49,-1.6243176646673294,False,,-1.6243176646673294,False,94,0.0,True
50,-1.6257807745174446,False,,-1.6257807745174446,False,94,0.0,True
51,-1.6279773791488426,False,,-1.6279773791488426,False,94,0.0,True
52,-1.6350246587991517,False,,-1.6350246587991517,False,94,0.0,True
53,-1.6280401909405127,False,,-1.6280401909405127,False,94,0.0,True
54,-1.6164714024657345,False,,-1.6164714024657345,False,94,0.0,True
55,-1.6185234594245603,False,,-1.6185234594245603,False,94,0.0,True
56,-1.6336787465691296,False,,-1.6336787465691296,False,94,0.0,True
57,-1.6356574904355383,False,,-1.6356574904355383,False,94,0.0,True
58,-1.6325217199456534,False,,-1.6325217199456534,False,94,0.0,True
59,-1.6337995837637127,False,,-1.6337995837637127,False,94,0.0,True
60,-1.6251094029197257,False,,-1.6251094029197257,False,94,0.0,True
61,-1.6355971730324204,False,,-1.6355971730324204,False,94,0.0,True
62,-1.6391227299278464,False,,-1.6391227299278464,False,94,0.0,True
63,-1.6267197262658184,False,,-1.6267197262658184,False,94,0.0,True
0,-0.17831716249282292,True,,-0.17831716249282292,True,95,0.0,True
1,-0.14571706913435978,False,,-0.14571706913435978,False,95,0.0,True
2,-0.142475192368921,False,,-0.142475192368921,False,95,0.0,True
3,-0.10842539884768634,False,,-0.10842539884768634,False,95,0.0,True
4,-0.11136243848028848,False,,-0.11136243848028848,False,95,0.0,True
5,-0.09357147040917173,False,,-0.09357147040917173,False,95,0.0,True
6,-0.11687718674443212,False,,-0.11687718674443212,False,95,0.0,True
7,-0.11499760720396635,False,,-0.11499760720396635,False,95,0.0,True
8,-0.09484494963435564,False,,-0.09484494963435564,False,95,0.0,True
9,-0.11058747673901653,False,,-0.11058747673901653,False,95,0.0,True
10,-0.09642329220212559,False,,-0.09642329220212559,False,95,0.0,True
11,-0.09561511128318621,False,,-0.09561511128318621,False,95,0.0,True
12,-0.0911167306910193,False,,-0.0911167306910193,False,95,0.0,True
13,-0.11993291608255088,False,,-0.11993291608255088,False,95,0.0,True
14,-0.10553220086823492,False,,-0.10553220086823492,False,95,0.0,True
15,-0.10289401644856601,False,,-0.10289401644856601,False,95,0.0,True
16,-0.11711043423892975,False,,-0.11711043423892975,False,95,0.0,True
17,-0.10699265525341757,False,,-0.10699265525341757,False,95,0.0,True
18,-0.11193619481230219,False,,-0.11193619481230219,False,95,0.0,True
19,-0.10401842770157821,False,,-0.10401842770157821,False,95,0.0,True
20,-0.10372982564628644,False,,-0.10372982564628644,False,95,0.0,True
21,-0.10611069331957523,False,,-0.10611069331957523,False,95,0.0,True
22,-0.09706761194610711,False,,-0.09706761194610711,False,95,0.0,True
23,-0.09834858158670809,False,,-0.09834858158670809,False,95,0.0,True
24,-0.11164101815961044,False,,-0.11164101815961044,False,95,0.0,True
25,-0.10459270864692981,False,,-0.10459270864692981,False,95,0.0,True
26,-0.10321327709359449,False,,-0.10321327709359449,False,95,0.0,True
27,-0.1071981604433552,False,,-0.1071981604433552,False,95,0.0,True
28,-0.11395876875845257,False,,-0.11395876875845257,False,95,0.0,True
29,-0.10232369903670521,False,,-0.10232369903670521,False,95,0.0,True
30,-0.10376936466864631,False,,-0.10376936466864631,False,95,0.0,True
31,-0.1262000172295413,False,,-0.1262000172295413,False,95,0.0,True
32,-0.09710860269551227,False,,-0.09710860269551227,False,95,0.0,True
33,-0.11127818718459923,False,,-0.11127818718459923,False,95,0.0,True
34,-0.10602756203099928,False,,-0.10602756203099928,False,95,0.0,True
35,-0.10811677194818037,False,,-0.10811677194818037,False,95,0.0,True
36,-0.10852434198664326,False,,-0.10852434198664326,False,95,0.0,True
37,-0.10936964060743234,False,,-0.10936964060743234,False,95,0.0,True
38,-0.11636320516011625,False,,-0.11636320516011625,False,95,0.0,True
39,-0.10299174411198762,False,,-0.10299174411198762,False,95,0.0,True
40,-0.10105272108185978,False,,-0.10105272108185978,False,95,0.0,True
41,-0.1150005054783397,False,,-0.1150005054783397,False,95,0.0,True
42,-0.12450932485018645,False,,-0.12450932485018645,False,95,0.0,True
43,-0.10664297844198985,False,,-0.10664297844198985,False,95,0.0,True
44,-0.11165973276313787,False,,-0.11165973276313787,False,95,0.0,True
45,-0.09638422166005092,False,,-0.09638422166005092,False,95,0.0,True
46,-0.09532210332979332,False,,-0.09532210332979332,False,95,0.0,True
47,-0.09688400477860896,False,,-0.09688400477860896,False,95,0.0,True
48,-0.11326490181660778,False,,-0.11326490181660778,False,95,0.0,True
49,-0.10268467909376514,False,,-0.10268467909376514,False,95,0.0,True
50,-0.11494499592446634,False,,-0.11494499592446634,False,95,0.0,True
51,-0.1035107209419968,False,,-0.1035107209419968,False,95,0.0,True
52,-0.08934257574780345,False,,-0.08934257574780345,False,95,0.0,True
53,-0.10925669710431624,False,,-0.10925669710431624,False,95,0.0,True
54,-0.10599842259272746,False,,-0.10599842259272746,False,95,0.0,True
55,-0.11389404420906063,False,,-0.11389404420906063,False,95,0.0,True
56,-0.10357681580454943,False,,-0.10357681580454943,False,95,0.0,True
57,-0.10900693553810561,False,,-0.10900693553810561,False,95,0.0,True
58,-0.10996403402549543,False,,-0.10996403402549543,False,95,0.0,True
59,-0.10630342720598207,False,,-0.10630342720598207,False,95,0.0,True
60,-0.11090925330410717,False,,-0.11090925330410717,False,95,0.0,True
61,-0.11381390234335392,False,,-0.11381390234335392,False,95,0.0,True
62,-0.09639116449683877,False,,-0.09639116449683877,False,95,0.0,True
63,-0.11814737034513743,False,,-0.11814737034513743,False,95,0.0,True
0,-0.17568484346373536,True,,-0.17568484346373536,True,96,0.0,True
1,-0.16994631917520395,False,,-0.16994631917520395,False,96,0.0,True
2,-0.07935911154341903,False,,-0.07935911154341903,False,96,0.0,True
3,-0.08144273476632821,False,,-0.08144273476632821,False,96,0.0,True
4,-0.11323057098435907,False,,-0.11323057098435907,False,96,0.0,True
5,-0.10106089926997705,False,,-0.10106089926997705,False,96,0.0,True
6,-0.0861260846978092,False,,-0.0861260846978092,False,96,0.0,True
7,-0.10731769175112152,False,,-0.10731769175112152,False,96,0.0,True
8,-0.08797180184725684,False,,-0.08797180184725684,False,96,0.0,True
9,-0.08540372489675413,False,,-0.08540372489675413,False,96,0.0,True
10,-0.09893187437044779,False,,-0.09893187437044779,False,96,0.0,True
11,-0.09022655978425236,False,,-0.09022655978425236,False,96,0.0,True
12,-0.09062639397403185,False,,-0.09062639397403185,False,96,0.0,True
13,-0.1092913798797836,False,,-0.1092913798797836,False,96,0.0,True
14,-0.0791446208368509,False,,-0.0791446208368509,False,96,0.0,True
15,-0.0923206362200519,False,,-0.0923206362200519,False,96,0.0,True
16,-0.07696276981335065,False,,-0.07696276981335065,False,96,0.0,True
17,-0.08420330708607113,False,,-0.08420330708607113,False,96,0.0,True
18,-0.0694828628938711,False,,-0.0694828628938711,False,96,0.0,True
19,-0.08105382771458311,False,,-0.08105382771458311,False,96,0.0,True
20,-0.10071980563976679,False,,-0.10071980563976679,False,96,0.0,True
21,-0.07856361324674538,False,,-0.07856361324674538,False,96,0.0,True
22,-0.10890348737027346,False,,-0.10890348737027346,False,96,0.0,True
23,-0.06915083142661163,False,,-0.06915083142661163,False,96,0.0,True
24,-0.10226459052838438,False,,-0.10226459052838438,False,96,0.0,True
25,-0.09943861074822653,False,,-0.09943861074822653,False,96,0.0,True
26,-0.08146186698205521,False,,-0.08146186698205521,False,96,0.0,True
27,-0.06912317034916193,False,,-0.06912317034916193,False,96,0.0,True
28,-0.09264883056124965,False,,-0.09264883056124965,False,96,0.0,True
29,-0.08090455528490839,False,,-0.08090455528490839,False,96,0.0,True
30,-0.09513506153082256,False,,-0.09513506153082256,False,96,0.0,True
31,-0.09824760739598266,False,,-0.09824760739598266,False,96,0.0,True
32,-0.10462683010867689,False,,-0.10462683010867689,False,96,0.0,True
33,-0.08770935976619197,False,,-0.08770935976619197,False,96,0.0,True
34,-0.07982785185402547,False,,-0.07982785185402547,False,96,0.0,True
35,-0.0745572953382416,False,,-0.0745572953382416,False,96,0.0,True
36,-0.09770685131799692,False,,-0.09770685131799692,False,96,0.0,True
37,-0.0791890486238925,False,,-0.0791890486238925,False,96,0.0,True
38,-0.08125983363180897,False,,-0.08125983363180897,False,96,0.0,True
39,-0.07721372781122396,False,,-0.07721372781122396,False,96,0.0,True
40,-0.10488084940961984,False,,-0.10488084940961984,False,96,0.0,True
41,-0.08091907881070559,False,,-0.08091907881070559,False,96,0.0,True
42,-0.07113116346697324,False,,-0.07113116346697324,False,96,0.0,True
43,-0.08828527105232416,False,,-0.08828527105232416,False,96,0.0,True
44,-0.08698070659191828,False,,-0.08698070659191828,False,96,0.0,True
45,-0.08982876241726556,False,,-0.08982876241726556,False,96,0.0,True
46,-0.09895846354643403,False,,-0.09895846354643403,False,96,0.0,True
47,-0.07361871694193903,False,,-0.07361871694193903,False,96,0.0,True
48,-0.08750656517435258,False,,-0.08750656517435258,False,96,0.0,True
49,-0.07441463840828019,False,,-0.07441463840828019,False,96,0.0,True
50,-0.06790511951083582,False,,-0.06790511951083582,False,96,0.0,True
51,-0.07851204069785275,False,,-0.07851204069785275,False,96,0.0,True
52,-0.07393254976601157,False,,-0.07393254976601157,False,96,0.0,True
53,-0.08537087856649787,False,,-0.08537087856649787,False,96,0.0,True
54,-0.1046412264786101,False,,-0.1046412264786101,False,96,0.0,True
55,-0.08507616838194004,False,,-0.08507616838194004,False,96,0.0,True
56,-0.08867634676542396,False,,-0.08867634676542396,False,96,0.0,True
57,-0.06677707120473551,False,,-0.06677707120473551,False,96,0.0,True
58,-0.07363704467673872,False,,-0.07363704467673872,False,96,0.0,True
59,-0.09572860579047879,False,,-0.09572860579047879,False,96,0.0,True
60,-0.06388452722099433,False,,-0.06388452722099433,False,96,0.0,True
61,-0.07658725896032778,False,,-0.07658725896032778,False,96,0.0,True
62,-0.10807696199363848,False,,-0.10807696199363848,False,96,0.0,True
63,-0.09660000214519353,False,,-0.09660000214519353,False,96,0.0,True
0,-0.18001956887286555,True,,-0.18001956887286555,True,97,0.0,True
1,-0.17216871641664896,False,,-0.17216871641664896,False,97,0.0,True
2,-0.09850081845501288,False,,-0.09850081845501288,False,97,0.0,True
3,-0.11553126106600287,False,,-0.11553126106600287,False,97,0.0,True
4,-0.1057902507369174,False,,-0.1057902507369174,False,97,0.0,True
5,-0.12604078199567031,False,,-0.12604078199567031,False,97,0.0,True
6,-0.08193705208623436,False,,-0.08193705208623436,False,97,0.0,True
7,-0.10605990905458527,False,,-0.10605990905458527,False,97,0.0,True
8,-0.09585615583036931,False,,-0.09585615583036931,False,97,0.0,True
9,-0.07898213388949435,False,,-0.07898213388949435,False,97,0.0,True
10,-0.09302695704745584,False,,-0.09302695704745584,False,97,0.0,True
11,-0.11353469883092884,False,,-0.11353469883092884,False,97,0.0,True
12,-0.08861249872811797,False,,-0.08861249872811797,False,97,0.0,True
13,-0.10893540479707892,False,,-0.10893540479707892,False,97,0.0,True
14,-0.12371451444150652,False,,-0.12371451444150652,False,97,0.0,True
15,-0.09353926705840022,False,,-0.09353926705840022,False,97,0.0,True
16,-0.10277590721581802,False,,-0.10277590721581802,False,97,0.0,True
17,-0.11485498538393993,False,,-0.11485498538393993,False,97,0.0,True
18,-0.10393502788918602,False,,-0.10393502788918602,False,97,0.0,True
19,-0.11075300456290998,False,,-0.11075300456290998,False,97,0.0,True
20,-0.10433086582795499,False,,-0.10433086582795499,False,97,0.0,True
21,-0.10514707260400401,False,,-0.10514707260400401,False,97,0.0,True
22,-0.09452422215830142,False,,-0.09452422215830142,False,97,0.0,True
23,-0.0860273612869601,False,,-0.0860273612869601,False,97,0.0,True
24,-0.12700624233924815,False,,-0.12700624233924815,False,97,0.0,True
25,-0.10746596155184941,False,,-0.10746596155184941,False,97,0.0,True
26,-0.08414641724702372,False,,-0.08414641724702372,False,97,0.0,True
27,-0.0844744103711009,False,,-0.0844744103711009,False,97,0.0,True
28,-0.10397602880683414,False,,-0.10397602880683414,False,97,0.0,True
29,-0.10255299472450434,False,,-0.10255299472450434,False,97,0.0,True
30,-0.1499490078514868,False,,-0.1499490078514868,False,97,0.0,True
31,-0.10663364861127383,False,,-0.10663364861127383,False,97,0.0,True
32,-0.11210630293300529,False,,-0.11210630293300529,False,97,0.0,True
33,-0.10559880636033886,False,,-0.10559880636033886,False,97,0.0,True
34,-0.10363122360539588,False,,-0.10363122360539588,False,97,0.0,True
35,-0.12838236517515497,False,,-0.12838236517515497,False,97,0.0,True
36,-0.10647654638079197,False,,-0.10647654638079197,False,97,0.0,True
37,-0.11578777139072417,False,,-0.11578777139072417,False,97,0.0,True
38,-0.10953259092153773,False,,-0.10953259092153773,False,97,0.0,True
39,-0.1160007345157684,False,,-0.1160007345157684,False,97,0.0,True
40,-0.08295309048069846,False,,-0.08295309048069846,False,97,0.0,True
41,-0.12193929655167887,False,,-0.12193929655167887,False,97,0.0,True
42,-0.0992735882189973,False,,-0.0992735882189973,False,97,0.0,True
43,-0.12464472982598314,False,,-0.12464472982598314,False,97,0.0,True
44,-0.09581774309842324,False,,-0.09581774309842324,False,97,0.0,True
45,-0.1051782000138929,False,,-0.1051782000138929,False,97,0.0,True
46,-0.1214702936404797,False,,-0.1214702936404797,False,97,0.0,True
47,-0.10392612182853508,False,,-0.10392612182853508,False,97,0.0,True
48,-0.06986358876284327,False,,-0.06986358876284327,False,97,0.0,True
49,-0.11381902852157133,False,,-0.11381902852157133,False,97,0.0,True
50,-0.12882838870785682,False,,-0.12882838870785682,False,97,0.0,True
51,-0.10008441466449089,False,,-0.10008441466449089,False,97,0.0,True
52,-0.11652046547151523,False,,-0.11652046547151523,False,97,0.0,True
53,-0.11417536631344329,False,,-0.11417536631344329,False,97,0.0,True
54,-0.12811387237098087,False,,-0.12811387237098087,False,97,0.0,True
55,-0.08600357351785114,False,,-0.08600357351785114,False,97,0.0,True
56,-0.09795792075541725,False,,-0.09795792075541725,False,97,0.0,True
57,-0.12679678804406053,False,,-0.12679678804406053,False,97,0.0,True
58,-0.09711461459516385,False,,-0.09711461459516385,False,97,0.0,True
59,-0.09667735464761751,False,,-0.09667735464761751,False,97,0.0,True
60,-0.08704570370667607,False,,-0.08704570370667607,False,97,0.0,True
61,-0.10510029540028618,False,,-0.10510029540028618,False,97,0.0,True
62,-0.11383142522129264,False,,-0.11383142522129264,False,97,0.0,True
63,-0.10024525244677651,False,,-0.10024525244677651,False,97,0.0,True
0,-0.19637941152413746,True,,-0.19637941152413746,True,98,0.0,True
1,-0.1980059443747105,False,,-0.1980059443747105,False,98,0.0,True
2,-0.08110119044958689,False,,-0.08110119044958689,False,98,0.0,True
3,-0.0957274109672493,False,,-0.0957274109672493,False,98,0.0,True
4,-0.10000385127814088,False,,-0.10000385127814088,False,98,0.0,True
5,-0.10486329543234418,False,,-0.10486329543234418,False,98,0.0,True
6,-0.09622284498120956,False,,-0.09622284498120956,False,98,0.0,True
7,-0.08540130255344117,False,,-0.08540130255344117,False,98,0.0,True
8,-0.0849163286815201,False,,-0.0849163286815201,False,98,0.0,True
9,-0.09606490455809355,False,,-0.09606490455809355,False,98,0.0,True
10,-0.10775849386064651,False,,-0.10775849386064651,False,98,0.0,True
11,-0.09965946190318742,False,,-0.09965946190318742,False,98,0.0,True
12,-0.08832280271252282,False,,-0.08832280271252282,False,98,0.0,True
13,-0.08569068717625358,False,,-0.08569068717625358,False,98,0.0,True
14,-0.08418124496240934,False,,-0.08418124496240934,False,98,0.0,True
15,-0.10624074918280174,False,,-0.10624074918280174,False,98,0.0,True
16,-0.09666542314731214,False,,-0.09666542314731214,False,98,0.0,True
17,-0.09446400807490432,False,,-0.09446400807490432,False,98,0.0,True
18,-0.0845731483253802,False,,-0.0845731483253802,False,98,0.0,True
19,-0.12589915421720663,False,,-0.12589915421720663,False,98,0.0,True
20,-0.11800718490328443,False,,-0.11800718490328443,False,98,0.0,True
21,-0.10508229399644145,False,,-0.10508229399644145,False,98,0.0,True
22,-0.096869356226161,False,,-0.096869356226161,False,98,0.0,True
23,-0.12163230064376562,False,,-0.12163230064376562,False,98,0.0,True
24,-0.10178868757852831,False,,-0.10178868757852831,False,98,0.0,True
25,-0.07943220150403146,False,,-0.07943220150403146,False,98,0.0,True
26,-0.10863594602522264,False,,-0.10863594602522264,False,98,0.0,True
27,-0.08445740176318847,False,,-0.08445740176318847,False,98,0.0,True
28,-0.1398625041760963,False,,-0.1398625041760963,False,98,0.0,True
29,-0.10842824468674664,False,,-0.10842824468674664,False,98,0.0,True
30,-0.09223558279774519,False,,-0.09223558279774519,False,98,0.0,True
31,-0.09289975633540143,False,,-0.09289975633540143,False,98,0.0,True
32,-0.11386263110847596,False,,-0.11386263110847596,False,98,0.0,True
33,-0.10273117899349424,False,,-0.10273117899349424,False,98,0.0,True
34,-0.0984465891225273,False,,-0.0984465891225273,False,98,0.0,True
35,-0.09871465791286553,False,,-0.09871465791286553,False,98,0.0,True
36,-0.08653597284931161,False,,-0.08653597284931161,False,98,0.0,True
37,-0.09123036094465194,False,,-0.09123036094465194,False,98,0.0,True
38,-0.10627850032983746,False,,-0.10627850032983746,False,98,0.0,True
39,-0.09199680434648932,False,,-0.09199680434648932,False,98,0.0,True
40,-0.08964007973072863,False,,-0.08964007973072863,False,98,0.0,True
41,-0.11744359072786727,False,,-0.11744359072786727,False,98,0.0,True
42,-0.09197265863682222,False,,-0.09197265863682222,False,98,0.0,True
43,-0.07192516072833406,False,,-0.07192516072833406,False,98,0.0,True
44,-0.09580528498113061,False,,-0.09580528498113061,False,98,0.0,True
45,-0.09891248573895399,False,,-0.09891248573895399,False,98,0.0,True
46,-0.11145140467401277,False,,-0.11145140467401277,False,98,0.0,True
47,-0.08460313296884711,False,,-0.08460313296884711,False,98,0.0,True
48,-0.08046339009224032,False,,-0.08046339009224032,False,98,0.0,True
49,-0.08288706791774554,False,,-0.08288706791774554,False,98,0.0,True
50,-0.10512802502522442,False,,-0.10512802502522442,False,98,0.0,True
51,-0.09051950465367864,False,,-0.09051950465367864,False,98,0.0,True
52,-0.10460638891432136,False,,-0.10460638891432136,False,98,0.0,True
53,-0.09831116150135068,False,,-0.09831116150135068,False,98,0.0,True
54,-0.11726604076540585,False,,-0.11726604076540585,False,98,0.0,True
55,-0.08220016388762352,False,,-0.08220016388762352,False,98,0.0,True
56,-0.092140956009168,False,,-0.092140956009168,False,98,0.0,True
57,-0.07784258872303328,False,,-0.07784258872303328,False,98,0.0,True
58,-0.08988901670480315,False,,-0.08988901670480315,False,98,0.0,True
59,-0.10364390746192684,False,,-0.10364390746192684,False,98,0.0,True
60,-0.0984174452750617,False,,-0.0984174452750617,False,98,0.0,True
61,-0.11010410383013895,False,,-0.11010410383013895,False,98,0.0,True
62,-0.12011817271261772,False,,-0.12011817271261772,False,98,0.0,True
63,-0.1089149753704552,False,,-0.1089149753704552,False,98,0.0,True
0,-0.21935642806093883,True,,-0.21935642806093883,True,99,0.0,True
1,-0.22195326717129615,False,,-0.22195326717129615,False,99,0.0,True
2,-0.14239538295905757,False,,-0.14239538295905757,False,99,0.0,True
3,-0.14062599997301622,False,,-0.14062599997301622,False,99,0.0,True
4,-0.09924400266912975,False,,-0.09924400266912975,False,99,0.0,True
5,-0.11506591500547862,False,,-0.11506591500547862,False,99,0.0,True
6,-0.13290677249799926,False,,-0.13290677249799926,False,99,0.0,True
7,-0.11345052421374488,False,,-0.11345052421374488,False,99,0.0,True
8,-0.12553729714855394,False,,-0.12553729714855394,False,99,0.0,True
9,-0.14277356217299808,False,,-0.14277356217299808,False,99,0.0,True
10,-0.12173157580214437,False,,-0.12173157580214437,False,99,0.0,True
11,-0.1593861553714981,False,,-0.1593861553714981,False,99,0.0,True
12,-0.14564610298922673,False,,-0.14564610298922673,False,99,0.0,True
13,-0.11107711073943027,False,,-0.11107711073943027,False,99,0.0,True
14,-0.13801472541021848,False,,-0.13801472541021848,False,99,0.0,True
15,-0.13474048137881034,False,,-0.13474048137881034,False,99,0.0,True
16,-0.13053885413631783,False,,-0.13053885413631783,False,99,0.0,True
17,-0.13394392440318728,False,,-0.13394392440318728,False,99,0.0,True
18,-0.11616318724577555,False,,-0.11616318724577555,False,99,0.0,True
19,-0.13784821638968164,False,,-0.13784821638968164,False,99,0.0,True
20,-0.1510148611738111,False,,-0.1510148611738111,False,99,0.0,True
21,-0.13800427320786549,False,,-0.13800427320786549,False,99,0.0,True
22,-0.1490403852487146,False,,-0.1490403852487146,False,99,0.0,True
23,-0.13388848332419523,False,,-0.13388848332419523,False,99,0.0,True
24,-0.12564356636167723,False,,-0.12564356636167723,False,99,0.0,True
25,-0.11708044711212048,False,,-0.11708044711212048,False,99,0.0,True
26,-0.12061577011822562,False,,-0.12061577011822562,False,99,0.0,True
27,-0.1250838679528858,False,,-0.1250838679528858,False,99,0.0,True
28,-0.11875182425973393,False,,-0.11875182425973393,False,99,0.0,True
29,-0.11835853019306335,False,,-0.11835853019306335,False,99,0.0,True
30,-0.12989719054834106,False,,-0.12989719054834106,False,99,0.0,True
31,-0.10460288828707774,False,,-0.10460288828707774,False,99,0.0,True
32,-0.13850154083070468,False,,-0.13850154083070468,False,99,0.0,True
33,-0.13264156172571687,False,,-0.13264156172571687,False,99,0.0,True
34,-0.16107727414683243,False,,-0.16107727414683243,False,99,0.0,True
35,-0.1550247463976455,False,,-0.1550247463976455,False,99,0.0,True
36,-0.15219718062494159,False,,-0.15219718062494159,False,99,0.0,True
37,-0.10863601011453332,False,,-0.10863601011453332,False,99,0.0,True
38,-0.14311119318198956,False,,-0.14311119318198956,False,99,0.0,True
39,-0.1421298074141057,False,,-0.1421298074141057,False,99,0.0,True
40,-0.15588219748145818,False,,-0.15588219748145818,False,99,0.0,True
41,-0.13999997487904692,False,,-0.13999997487904692,False,99,0.0,True
42,-0.14579070105770736,False,,-0.14579070105770736,False,99,0.0,True
43,-0.1397407838855198,False,,-0.1397407838855198,False,99,0.0,True
44,-0.13527947496432663,False,,-0.13527947496432663,False,99,0.0,True
45,-0.14112257460534988,False,,-0.14112257460534988,False,99,0.0,True
46,-0.12166722010846939,False,,-0.12166722010846939,False,99,0.0,True
47,-0.10098928433758964,False,,-0.10098928433758964,False,99,0.0,True
48,-0.09634904291456296,False,,-0.09634904291456296,False,99,0.0,True
49,-0.11832761968769116,False,,-0.11832761968769116,False,99,0.0,True
50,-0.12143910485195017,False,,-0.12143910485195017,False,99,0.0,True
51,-0.14529928042096568,False,,-0.14529928042096568,False,99,0.0,True
52,-0.10938138711076435,False,,-0.10938138711076435,False,99,0.0,True
53,-0.1375253520469767,False,,-0.1375253520469767,False,99,0.0,True
54,-0.13694069182546306,False,,-0.13694069182546306,False,99,0.0,True
55,-0.10941183933339572,False,,-0.10941183933339572,False,99,0.0,True
56,-0.14053229982900114,False,,-0.14053229982900114,False,99,0.0,True
57,-0.12132246144064389,False,,-0.12132246144064389,False,99,0.0,True
58,-0.1251875318979955,False,,-0.1251875318979955,False,99,0.0,True
59,-0.13392438727358663,False,,-0.13392438727358663,False,99,0.0,True
60,-0.11863571011307526,False,,-0.11863571011307526,False,99,0.0,True
61,-0.1170490740543821,False,,-0.1170490740543821,False,99,0.0,True
62,-0.15594071576093102,False,,-0.15594071576093102,False,99,0.0,True
63,-0.11140578123824685,False,,-0.11140578123824685,False,99,0.0,True
0,-0.2368633300924534,True,,-0.2368633300924534,True,100,0.0,True
1,-0.2409214820647338,False,,-0.2409214820647338,False,100,0.0,True
2,-0.176238872384548,False,,-0.176238872384548,False,100,0.0,True
3,-0.16207373983669898,False,,-0.16207373983669898,False,100,0.0,True
4,-0.18131217066597255,False,,-0.18131217066597255,False,100,0.0,True
5,-0.1490971866710606,False,,-0.1490971866710606,False,100,0.0,True
6,-0.16887026511865355,False,,-0.16887026511865355,False,100,0.0,True
7,-0.14633518052996014,False,,-0.14633518052996014,False,100,0.0,True
8,-0.17923124429295934,False,,-0.17923124429295934,False,100,0.0,True
9,-0.1555731460729728,False,,-0.1555731460729728,False,100,0.0,True
10,-0.16958009863562773,False,,-0.16958009863562773,False,100,0.0,True
11,-0.14669174704755134,False,,-0.14669174704755134,False,100,0.0,True
12,-0.16469607464802127,False,,-0.16469607464802127,False,100,0.0,True
13,-0.134044258448763,False,,-0.134044258448763,False,100,0.0,True
14,-0.16482848663328736,False,,-0.16482848663328736,False,100,0.0,True
15,-0.1778765353178979,False,,-0.1778765353178979,False,100,0.0,True
16,-0.15850574152317556,False,,-0.15850574152317556,False,100,0.0,True
17,-0.17918221897173325,False,,-0.17918221897173325,False,100,0.0,True
18,-0.17365815470325074,False,,-0.17365815470325074,False,100,0.0,True
19,-0.18323590573834425,False,,-0.18323590573834425,False,100,0.0,True
20,-0.17298598418508554,False,,-0.17298598418508554,False,100,0.0,True
21,-0.14959032201595002,False,,-0.14959032201595002,False,100,0.0,True
22,-0.15173148184774565,False,,-0.15173148184774565,False,100,0.0,True
23,-0.18543415727809598,False,,-0.18543415727809598,False,100,0.0,True
24,-0.1990944534178437,False,,-0.1990944534178437,False,100,0.0,True
25,-0.18082723244288346,False,,-0.18082723244288346,False,100,0.0,True
26,-0.17676691444949338,False,,-0.17676691444949338,False,100,0.0,True
27,-0.16480746407316216,False,,-0.16480746407316216,False,100,0.0,True
28,-0.1668869779214549,False,,-0.1668869779214549,False,100,0.0,True
29,-0.1472760234384209,False,,-0.1472760234384209,False,100,0.0,True
30,-0.16129752363885558,False,,-0.16129752363885558,False,100,0.0,True
31,-0.18896157421238396,False,,-0.18896157421238396,False,100,0.0,True
32,-0.14075971885282343,False,,-0.14075971885282343,False,100,0.0,True
33,-0.172313501768184,False,,-0.172313501768184,False,100,0.0,True
34,-0.166743577503268,False,,-0.166743577503268,False,100,0.0,True
35,-0.17128505747580247,False,,-0.17128505747580247,False,100,0.0,True
36,-0.15721666260616063,False,,-0.15721666260616063,False,100,0.0,True
37,-0.15550638644550205,False,,-0.15550638644550205,False,100,0.0,True
38,-0.13105899652454334,False,,-0.13105899652454334,False,100,0.0,True
39,-0.15143098225946,False,,-0.15143098225946,False,100,0.0,True
40,-0.17754942698354698,False,,-0.17754942698354698,False,100,0.0,True
41,-0.1555853294969745,False,,-0.1555853294969745,False,100,0.0,True
42,-0.17559305933094754,False,,-0.17559305933094754,False,100,0.0,True
43,-0.18844827268335335,False,,-0.18844827268335335,False,100,0.0,True
44,-0.16719382812642908,False,,-0.16719382812642908,False,100,0.0,True
45,-0.13019041094895387,False,,-0.13019041094895387,False,100,0.0,True
46,-0.13708903624800906,False,,-0.13708903624800906,False,100,0.0,True
47,-0.17147802598177125,False,,-0.17147802598177125,False,100,0.0,True
48,-0.14154409302457283,False,,-0.14154409302457283,False,100,0.0,True
49,-0.13803862542602105,False,,-0.13803862542602105,False,100,0.0,True
50,-0.13093686544363797,False,,-0.13093686544363797,False,100,0.0,True
51,-0.17273216129470825,False,,-0.17273216129470825,False,100,0.0,True
52,-0.17266907120766686,False,,-0.17266907120766686,False,100,0.0,True
53,-0.11097069652921243,False,,-0.11097069652921243,False,100,0.0,True
54,-0.15475810248369298,False,,-0.15475810248369298,False,100,0.0,True
55,-0.13735590706141004,False,,-0.13735590706141004,False,100,0.0,True
56,-0.1432228253661779,False,,-0.1432228253661779,False,100,0.0,True
57,-0.16273976189262607,False,,-0.16273976189262607,False,100,0.0,True
58,-0.1699495501945151,False,,-0.1699495501945151,False,100,0.0,True
59,-0.15849482559327643,False,,-0.15849482559327643,False,100,0.0,True
60,-0.16989027152737912,False,,-0.16989027152737912,False,100,0.0,True
61,-0.16722300653117322,False,,-0.16722300653117322,False,100,0.0,True
62,-0.1334808456503526,False,,-0.1334808456503526,False,100,0.0,True
63,-0.171844813424139,False,,-0.171844813424139,False,100,0.0,True
